date,ticker,weight
2007-10-31,8686,0.00676328502415459
2007-10-31,AAPL*,0.030917874396135265
2007-10-31,ALD,0.001932367149758454
2007-10-31,AMZN,0.02318840579710145
2007-10-31,APD,0.03671497584541063
2007-10-31,APOL,0.01642512077294686
2007-10-31,AT.,0.01932367149758454
2007-10-31,CAT,0.00966183574879227
2007-10-31,CEG,0.000966183574879227
2007-10-31,CIEN,0.018357487922705314
2007-10-31,COP,0.014492753623188406
2007-10-31,CSCO,0.012560386473429951
2007-10-31,CVH,0.02705314009661836
2007-10-31,CVX,0.028019323671497585
2007-10-31,DE,0.03864734299516908
2007-10-31,EMC,0.04251207729468599
2007-10-31,ETN,0.02995169082125604
2007-10-31,FCX*,0.004830917874396135
2007-10-31,FLR,0.04154589371980676
2007-10-31,GR,0.04057971014492753
2007-10-31,GT,0.008695652173913044
2007-10-31,HES,0.02608695652173913
2007-10-31,HET,0.010628019323671498
2007-10-31,IR,0.015458937198067632
2007-10-31,JCI,0.034782608695652174
2007-10-31,JNPR,0.03285024154589372
2007-10-31,LLL,0.033816425120772944
2007-10-31,MHS,0.035748792270531404
2007-10-31,MON,0.03768115942028986
2007-10-31,MUR,0.002898550724637681
2007-10-31,NOV,0.043478260869565216
2007-10-31,NTH,0.011594202898550725
2007-10-31,PCAR,0.01352657004830918
2007-10-31,PEG,0.021256038647342997
2007-10-31,PKI,0.025120772946859903
2007-10-31,PPL,0.024154589371980676
2007-10-31,PX,0.022222222222222223
2007-10-31,RIG,0.028985507246376812
2007-10-31,RTN1,0.003864734299516908
2007-10-31,SII,0.03961352657004831
2007-10-31,SLBA,0.03188405797101449
2007-10-31,TAP,0.005797101449275362
2007-10-31,TIF,0.020289855072463767
2007-10-31,WFT,0.017391304347826087
2007-10-31,XOM,0.007729468599033816
2007-11-30,8686,0.03330249768732655
2007-11-30,AAPL*,0.036077705827937095
2007-11-30,AET,0.0027752081406105457
2007-11-30,ALD,0.01572617946345976
2007-11-30,AMZN,0.016651248843663275
2007-11-30,APD,0.03700277520814061
2007-11-30,APOL,0.032377428307123035
2007-11-30,AYE,0.011100832562442183
2007-11-30,BAX,0.022201665124884366
2007-11-30,BK,0.020351526364477335
2007-11-30,CCE,0.0009250693802035153
2007-11-30,CEG,0.009250693802035153
2007-11-30,CIEN,0.03145235892691952
2007-11-30,COST,0.01757631822386679
2007-11-30,CTXS,0.02127659574468085
2007-11-30,CVH,0.007400555041628124
2007-11-30,CVS,0.0064754856614246065
2007-11-30,DE,0.03515263644773358
2007-11-30,EMC,0.039777983348751156
2007-11-30,FCX*,0.028677150786308975
2007-11-30,FLR,0.04070305272895467
2007-11-30,GR,0.041628122109158186
2007-11-30,HES,0.014801110083256245
2007-11-30,HPQ,0.004625346901017576
2007-11-30,HUM,0.0018501387604070306
2007-11-30,JNPR,0.01017576318223867
2007-11-30,JNS,0.012950971322849213
2007-11-30,KO,0.02682701202590194
2007-11-30,LLL,0.037927844588344126
2007-11-30,MCD,0.027752081406105456
2007-11-30,MHS,0.0425531914893617
2007-11-30,MON,0.03885291396854764
2007-11-30,NTH,0.02960222016651249
2007-11-30,OXY,0.005550416281221091
2007-11-30,PBG,0.008325624421831638
2007-11-30,PEG,0.024051803885291396
2007-11-30,PPL,0.030527289546716005
2007-11-30,PX,0.025901942645698426
2007-11-30,RIG,0.034227567067530065
2007-11-30,RTN1,0.0037002775208140612
2007-11-30,SII,0.02497687326549491
2007-11-30,SYK,0.012025901942645698
2007-11-30,TIF,0.01942645698427382
2007-11-30,TMO,0.013876040703052728
2007-11-30,TROW,0.018501387604070305
2007-11-30,WAT,0.02312673450508788
2007-12-31,8686,0.03333333333333333
2007-12-31,AAPL*,0.046031746031746035
2007-12-31,AMZN,0.023809523809523808
2007-12-31,AON,0.025396825396825397
2007-12-31,APD,0.049206349206349205
2007-12-31,APOL,0.026984126984126985
2007-12-31,BAX,0.007936507936507936
2007-12-31,BIIB,0.01746031746031746
2007-12-31,CCE,0.0015873015873015873
2007-12-31,CEG,0.030158730158730163
2007-12-31,CNX,0.020634920634920634
2007-12-31,COST,0.015873015873015872
2007-12-31,DE,0.052380952380952375
2007-12-31,DHR,0.009523809523809525
2007-12-31,FLR,0.047619047619047616
2007-12-31,GR,0.05396825396825397
2007-12-31,HES,0.04126984126984127
2007-12-31,HSP,0.011111111111111112
2007-12-31,HUM,0.02857142857142857
2007-12-31,KO,0.01904761904761905
2007-12-31,LLL,0.050793650793650794
2007-12-31,MHS,0.05555555555555555
2007-12-31,MON,0.044444444444444446
2007-12-31,MUR,0.012698412698412698
2007-12-31,OXY,0.022222222222222223
2007-12-31,PBG,0.006349206349206349
2007-12-31,PEG,0.03492063492063492
2007-12-31,PPL,0.03650793650793651
2007-12-31,PX,0.03968253968253968
2007-12-31,RIG,0.04285714285714286
2007-12-31,SII,0.014285714285714285
2007-12-31,SLBA,0.0031746031746031746
2007-12-31,TROW,0.004761904761904762
2007-12-31,VRSN,0.0380952380952381
2007-12-31,WAT,0.031746031746031744
2008-01-31,8686,0.020833333333333332
2008-01-31,AAPL*,0.058712121212121215
2008-01-31,AAZ,0.003787878787878788
2008-01-31,AMZN,0.028409090909090908
2008-01-31,APD,0.03598484848484849
2008-01-31,AYE,0.007575757575757576
2008-01-31,CEG,0.022727272727272728
2008-01-31,CNX,0.03977272727272727
2008-01-31,DHR,0.005681818181818182
2008-01-31,FCX*,0.011363636363636364
2008-01-31,FLR,0.054924242424242424
2008-01-31,GR,0.04924242424242424
2008-01-31,HES,0.015151515151515152
2008-01-31,HUM,0.01893939393939394
2008-01-31,JNPR,0.02462121212121212
2008-01-31,KO,0.013257575757575758
2008-01-31,LLL,0.026515151515151512
2008-01-31,MHS,0.06060606060606061
2008-01-31,MON,0.05303030303030303
2008-01-31,MUR,0.041666666666666664
2008-01-31,OXY,0.05113636363636364
2008-01-31,PEG,0.03409090909090909
2008-01-31,PPL,0.03787878787878788
2008-01-31,PX,0.045454545454545456
2008-01-31,RIG,0.056818181818181816
2008-01-31,SIAL,0.04734848484848485
2008-01-31,SII,0.043560606060606064
2008-01-31,SLBA,0.030303030303030304
2008-01-31,VRSN,0.017045454545454544
2008-01-31,WFT,0.032196969696969696
2008-01-31,WMB,0.00946969696969697
2008-01-31,XOM,0.001893939393939394
2008-02-29,8686,0.06162985500094073
2008-02-29,AAZ,0.006162985500094074
2008-02-29,APOL,0.03081492750047037
2008-02-29,CNX,0.09244478250141111
2008-02-29,COST,0.036977913000564445
2008-02-29,HES,0.018488956500282223
2008-02-29,HUM,0.07395582600112889
2008-02-29,KO,0.0493038840007526
2008-02-29,LLL,0.08628179700131704
2008-02-29,MON,0.09860776800150518
2008-02-29,OXY,0.06779284050103482
2008-02-29,PEG,0.024651942000376296
2008-02-29,PPL,0.012325971000188146
2008-02-29,PX,0.04314089850065852
2008-02-29,RIG,0.08011881150122295
2008-02-29,WFT,0.055466869500846665
2008-03-31,8686,0.07797663125378965
2008-03-31,AAZ,0.05848247344034223
2008-03-31,APA,0.05198442083585976
2008-03-31,BDX,0.0649805260448247
2008-03-31,CHK,0.01949415781344741
2008-03-31,CNX,0.09747078906723705
2008-03-31,DVN,0.01299610520896494
2008-03-31,FLR,0.045486368231377285
2008-03-31,KO,0.006498052604482468
2008-03-31,LLL,0.025992210417929873
2008-03-31,MON,0.10396884167171952
2008-03-31,MUR,0.03249026302241235
2008-03-31,OXY,0.0844746838582721
2008-03-31,RIG,0.09097273646275457
2008-03-31,SIAL,0.03898831562689482
2008-03-31,WFT,0.07147857864930718
2008-04-30,8686,0.06759534734618446
2008-04-30,AAZ,0.004224709209136528
2008-04-30,APA,0.07604476576445751
2008-04-30,CHK,0.012674127627409585
2008-04-30,CNX,0.054921219718774866
2008-04-30,COST,0.016898836836546114
2008-04-30,DVN,0.03379767367309223
2008-04-30,EOG,0.038022382882228756
2008-04-30,FLR,0.04224709209136528
2008-04-30,HCBK,0.02112354604568264
2008-04-30,LLL,0.059145928927911394
2008-04-30,MON,0.08449418418273057
2008-04-30,MUR,0.05069651050963834
2008-04-30,NKE,0.008449418418273057
2008-04-30,OXY,0.04647180130050181
2008-04-30,PX,0.06337063813704792
2008-04-30,RIG,0.07182005655532098
2008-04-30,RTN1,0.029572964463955697
2008-04-30,SIAL,0.08026947497359403
2008-04-30,WFT,0.025348255254819166
2008-05-31,8686,0.053065175200396594
2008-05-31,AAZ,0.01591955256011898
2008-05-31,APA,0.05129633602705004
2008-05-31,APD,0.035376783466931065
2008-05-31,BDX,0.022994909253505193
2008-05-31,CHK,0.03891446181362417
2008-05-31,CNX,0.03360794429358451
2008-05-31,COST,0.024763748426851744
2008-05-31,CSX,0.021226070080158636
2008-05-31,CVX,0.0017688391733465532
2008-05-31,DVN,0.0300702659468914
2008-05-31,EOG,0.03183910512023796
2008-05-31,FCX*,0.008844195866732766
2008-05-31,FLR,0.026532587600198297
2008-05-31,HCBK,0.04598981850701039
2008-05-31,HES,0.040683300986970726
2008-05-31,JAVA,0.010613035040079318
2008-05-31,LLL,0.01945723090681209
2008-05-31,MON,0.05483401437374315
2008-05-31,MUR,0.044220979333663826
2008-05-31,OXY,0.04245214016031727
2008-05-31,PX,0.047758657680356933
2008-05-31,R,0.012381874213425872
2008-05-31,RIG,0.03714562264027761
2008-05-31,RTN1,0.007075356693386214
2008-05-31,SIAL,0.02830142677354485
2008-05-31,TJX,0.005306517520039659
2008-05-31,TYC,0.0035376783466931063
2008-05-31,WFT,0.04952749685370349
2008-05-31,WMT,0.017688391733465533
2008-05-31,WWY,0.014150713386772425
2008-06-30,8686,0.047435897435897434
2008-06-30,AAZ,0.02564102564102564
2008-06-30,APA,0.035897435897435895
2008-06-30,APD,0.03076923076923077
2008-06-30,BMC,0.01282051282051282
2008-06-30,BNI,0.026923076923076925
2008-06-30,BTU,0.010256410256410256
2008-06-30,CHK,0.04487179487179487
2008-06-30,CNX,0.04871794871794872
2008-06-30,COST,0.014102564102564103
2008-06-30,CSX,0.038461538461538464
2008-06-30,CVS,0.007692307692307693
2008-06-30,DVN,0.028205128205128206
2008-06-30,EMR,0.008974358974358974
2008-06-30,EOG,0.03205128205128205
2008-06-30,ESRX,0.029487179487179487
2008-06-30,EXC,0.001282051282051282
2008-06-30,FE,0.002564102564102564
2008-06-30,FLR,0.03974358974358974
2008-06-30,GD,0.00641025641025641
2008-06-30,GILD,0.04230769230769231
2008-06-30,HAL,0.019230769230769232
2008-06-30,HCBK,0.03333333333333333
2008-06-30,HES,0.046153846153846156
2008-06-30,IBM,0.021794871794871794
2008-06-30,MON,0.05
2008-06-30,MUR,0.041025641025641026
2008-06-30,NSC,0.016666666666666666
2008-06-30,OXY,0.04358974358974359
2008-06-30,PX,0.03461538461538462
2008-06-30,R,0.020512820512820513
2008-06-30,RIG,0.02435897435897436
2008-06-30,RTN1,0.015384615384615385
2008-06-30,SIAL,0.03717948717948718
2008-06-30,SNA,0.0038461538461538464
2008-06-30,STR,0.005128205128205128
2008-06-30,USX1,0.017948717948717947
2008-06-30,WMT,0.011538461538461539
2008-06-30,WWY,0.023076923076923078
2008-07-31,AAZ,0.02232535939484024
2008-07-31,APA,0.05953429171957397
2008-07-31,BTU,0.0706969714169941
2008-07-31,CHK,0.07441786464946748
2008-07-31,CNX,0.08185965111441422
2008-07-31,DVN,0.0558133984871006
2008-07-31,EOG,0.05209250525462723
2008-07-31,EXC,0.014883572929893493
2008-07-31,FE,0.03720893232473374
2008-07-31,FLR,0.01860446616236687
2008-07-31,GILD,0.048371612022153856
2008-07-31,HAL,0.01116267969742012
2008-07-31,HCBK,0.00372089323247337
2008-07-31,HES,0.06697607818452073
2008-07-31,MON,0.07813875788194086
2008-07-31,MUR,0.04465071878968048
2008-07-31,NBR,0.06325518495204735
2008-07-31,NUE,0.029767145859786986
2008-07-31,OXY,0.03348803909226036
2008-07-31,RIG,0.007441786464946747
2008-07-31,STR,0.026046252627313617
2008-07-31,USX1,0.04092982555720711
2008-08-31,BAX,0.05698005698005698
2008-08-31,BNI,0.03418803418803419
2008-08-31,BTU,0.02279202279202279
2008-08-31,BUD.2,0.05128205128205128
2008-08-31,CHK,0.03133903133903134
2008-08-31,COV,0.042735042735042736
2008-08-31,CSX,0.06552706552706553
2008-08-31,FE,0.0028490028490028504
2008-08-31,GILD,0.07122507122507123
2008-08-31,GIS,0.011396011396011397
2008-08-31,HAS,0.017094017094017096
2008-08-31,HCBK,0.008547008547008548
2008-08-31,HES,0.02564102564102564
2008-08-31,MCD,0.005698005698005698
2008-08-31,MON,0.07407407407407407
2008-08-31,NSC,0.05413105413105413
2008-08-31,OXY,0.019943019943019943
2008-08-31,PX,0.037037037037037035
2008-08-31,QCI,0.02849002849002849
2008-08-31,QLG,0.014245014245014245
2008-08-31,SIAL,0.045584045584045586
2008-08-31,USX1,0.04843304843304843
2008-08-31,VAR,0.05982905982905983
2008-08-31,WMT,0.06837606837606838
2008-08-31,WU,0.06267806267806268
2008-08-31,WWY,0.039886039886039885
2008-09-30,AZO,0.018447776833884953
2008-09-30,BAX,0.036895553667769906
2008-09-30,BNI,0.04115273293712797
2008-09-30,BUD.2,0.04257179269358066
2008-09-30,COV,0.04540991220648604
2008-09-30,CPWR,0.017028717077432264
2008-09-30,CSX,0.04824803171939142
2008-09-30,DTV,0.009933418295168821
2008-09-30,EL,0.02412401585969571
2008-09-30,ESRX,0.026962135372601084
2008-09-30,ESV,0.004257179269358066
2008-09-30,GENZ,0.02270495610324302
2008-09-30,GILD,0.0383146134242226
2008-09-30,GIS,0.025543075616148398
2008-09-30,HAS,0.02980025488550646
2008-09-30,HCBK,0.019866836590337642
2008-09-30,HES,0.03121931464195915
2008-09-30,HNZ,0.0014190597564526888
2008-09-30,HRB,0.015609657320979575
2008-09-30,MCD,0.01135247805162151
2008-09-30,MMC,0.03263837439841184
2008-09-30,NSC,0.046828971962938726
2008-09-30,NTRS,0.012771537808074199
2008-09-30,PSA,0.008514358538716132
2008-09-30,QCI,0.014190597564526888
2008-09-30,QLG,0.028381195129053776
2008-09-30,R,0.03405743415486453
2008-09-30,SIAL,0.007095298782263441
2008-09-30,SNA,0.0028381195129053775
2008-09-30,SPLS,0.005676239025810755
2008-09-30,THC,0.03547649391131722
2008-09-30,TJX,0.04399085245003335
2008-09-30,VAR,0.04966709147584411
2008-09-30,WMT,0.051086151232296796
2008-09-30,WU,0.039733673180675284
2008-09-30,WWY,0.02128589634679033
2008-10-31,BAX,0.03487854259490217
2008-10-31,BCR,0.04650472345986955
2008-10-31,BUD.2,0.06588169156814853
2008-10-31,COV,0.07363247881146012
2008-10-31,EL,0.03875393621655796
2008-10-31,ESRX,0.027127755351590573
2008-10-31,GIS,0.06975708518980434
2008-10-31,HAS,0.01162618086496739
2008-10-31,HCBK,0.042629329838213756
2008-10-31,HNZ,0.0038753936216557967
2008-10-31,JNJ,0.01937696810827898
2008-10-31,MMC,0.054255510703181145
2008-10-31,NSC,0.06200629794649275
2008-10-31,PCL,0.007750787243311593
2008-10-31,PSA,0.05813090432483694
2008-10-31,ROH,0.023252361729934775
2008-10-31,UST.1,0.05038011708152535
2008-10-31,VAR,0.031003148973246374
2008-10-31,WMT,0.07750787243311592
2008-10-31,WU,0.015501574486623187
2008-11-30,AZO,0.11504295657296841
2008-11-30,GIS,0.2300859131459368
2008-11-30,HCBK,0.287607391432421
2008-11-30,MMC,0.1725644348594526
2008-11-30,UST.1,0.057521478286484205
2008-12-31,AMGN,0.1299204680015275
2008-12-31,FDO,0.3897614040045826
2008-12-31,UST.1,0.259840936003055
2009-01-31,AMGN,0.17603716826116186
2009-01-31,FDO,0.2640557523917428
2009-01-31,HRB,0.08801858413058093
2009-01-31,MCD,0.3520743365223237
2009-02-28,APOL,0.31118228057607056
2009-02-28,AZO,0.15559114028803528
2009-02-28,FDO,0.46677342086410584
2009-03-31,APOL,0.16550955344183216
2009-03-31,FDO,0.3310191068836643
2009-04-30,APOL,0.09329170863894456
2009-04-30,AZO,0.0777430905324538
2009-04-30,FDO,0.10884032674543531
2009-04-30,INTU,0.01554861810649076
2009-04-30,MYL,0.06219447242596304
2009-04-30,NEM,0.04664585431947228
2009-04-30,WPI,0.03109723621298152
2009-05-31,AMZN,0.019061196962236526
2009-05-31,AN,0.025414929282982033
2009-05-31,AZO,0.028137957420444393
2009-05-31,BBBY,0.013615140687311802
2009-05-31,BIG,0.006353732320745508
2009-05-31,BMS,0.005446056274924721
2009-05-31,CCE,0.0027230281374623607
2009-05-31,CLX,0.01452281673313259
2009-05-31,DF,0.012707464641491016
2009-05-31,DGX,0.023599577191340457
2009-05-31,DHI,0.022691901145519673
2009-05-31,DRI,0.02450725323716125
2009-05-31,ESRX,0.0045383802291039345
2009-05-31,F,0.015430492778953378
2009-05-31,FDO,0.02904563346626518
2009-05-31,FHN,0.027230281374623605
2009-05-31,GWW,0.0018153520916415738
2009-05-31,HD,0.009984436504028655
2009-05-31,KBH,0.008169084412387081
2009-05-31,KSS,0.021784225099698885
2009-05-31,LOW,0.0009076760458207869
2009-05-31,MYL,0.01996887300805731
2009-05-31,PBG,0.016338168824774162
2009-05-31,PHM,0.010892112549849443
2009-05-31,QLG,0.007261408366566295
2009-05-31,RHI,0.017245844870594954
2009-05-31,RSHCQ,0.018153520916415738
2009-05-31,SHW,0.0208765490538781
2009-05-31,TLAB,0.011799788595670229
2009-05-31,WPI,0.02632260532880282
2009-05-31,WYE,0.009076760458207869
2009-05-31,WYND,0.0036307041832831476
2009-06-30,AMZN,0.01772511382558344
2009-06-30,AN,0.025188319646881726
2009-06-30,ANTM,0.011194808731947434
2009-06-30,AZO,0.024721869283050583
2009-06-30,BBBY,0.013060610187272007
2009-06-30,BIIB,0.003265152546818002
2009-06-30,BMS,0.021923167100063725
2009-06-30,BRCM,0.0037316029106491447
2009-06-30,CAG,0.008396106548960575
2009-06-30,CCE,0.010728358368116291
2009-06-30,COH,0.005597404365973717
2009-06-30,CTXS,0.019124464917076867
2009-06-30,DGX,0.023322518191557156
2009-06-30,DRI,0.020057365644739155
2009-06-30,ESRX,0.013993510914934294
2009-06-30,EXPE,0.009329007276622862
2009-06-30,F,0.017258663461752293
2009-06-30,FDO,0.026121220374544014
2009-06-30,FHN,0.025654770010712872
2009-06-30,FISV,0.0027987021829868584
2009-06-30,GPS,0.01819156418941458
2009-06-30,GR,0.014459961278765436
2009-06-30,GWW,0.006996755457467147
2009-06-30,ICE,0.00886255691279172
2009-06-30,INTU,0.012594159823440863
2009-06-30,JNPR,0.01959091528090801
2009-06-30,JPM,0.01679221309792115
2009-06-30,KBH,0.004198053274480288
2009-06-30,KSS,0.018658014553245724
2009-06-30,LO,0.010261908004285149
2009-06-30,MAR,0.0004664503638311431
2009-06-30,MBI,0.020523816008570298
2009-06-30,MCD,0.02099026637240144
2009-06-30,MDP,0.009795457640454005
2009-06-30,MHS,0.006530305093636004
2009-06-30,MYL,0.021456716736232583
2009-06-30,NEM,0.00606385472980486
2009-06-30,NKE,0.004664503638311431
2009-06-30,PBG,0.022389617463894868
2009-06-30,PTV,0.015392862006427723
2009-06-30,QCI,0.011661259095778578
2009-06-30,QLG,0.007929656185129433
2009-06-30,QWST,0.022856067827726013
2009-06-30,RSHCQ,0.016325762734090008
2009-06-30,SBUX,0.0023322518191557155
2009-06-30,SEE,0.014926411642596579
2009-06-30,SNDK,0.0013993510914934292
2009-06-30,STJ,0.0074632058212982895
2009-06-30,SWN,0.0018658014553245724
2009-06-30,TDC,0.005130954002142574
2009-06-30,TJX,0.0009329007276622862
2009-06-30,TLAB,0.02425541891921944
2009-06-30,UNH,0.01352706055110315
2009-06-30,WFC*,0.015859312370258866
2009-06-30,WPI,0.0237889685553883
2009-06-30,YUM,0.01212770945960972
2009-07-31,ADM*,0.005101443735233524
2009-07-31,AMD,0.00728777676461932
2009-07-31,AMZN,0.018583830749779266
2009-07-31,AN,0.023320885646781826
2009-07-31,ANTM,0.008016554441081252
2009-07-31,AZO,0.021863330293857963
2009-07-31,BBBY,0.018948219588010233
2009-07-31,BLL,0.013482387014545742
2009-07-31,BMC,0.017126275396855403
2009-07-31,BRCM,0.01457555352923864
2009-07-31,CCE,0.00910972095577415
2009-07-31,CHRW,0.02004138610270313
2009-07-31,CL,0.001457555352923864
2009-07-31,CLX,0.01749066423508637
2009-07-31,COH,0.016397497720393468
2009-07-31,CPPRQ,0.007652165602850286
2009-07-31,CSC,0.004737054897002558
2009-07-31,CTSH,0.005830221411695456
2009-07-31,CTXS,0.022227719132088927
2009-07-31,DF,0.000364388838230966
2009-07-31,DGX,0.020405774940934096
2009-07-31,DRI,0.012389220499852844
2009-07-31,ESRX,0.008380943279312218
2009-07-31,EXPD,0.00182194419115483
2009-07-31,F,0.0182194419115483
2009-07-31,FHN,0.022592107970319894
2009-07-31,FIS,0.016761886558624435
2009-07-31,FISV,0.006194610249926422
2009-07-31,GPS,0.013117998176314776
2009-07-31,GR,0.013846775852776709
2009-07-31,HD,0.008745332117543185
2009-07-31,HSP,0.012753609338083808
2009-07-31,HSY,0.0069233879263883545
2009-07-31,ICE,0.019676997264472165
2009-07-31,INTU,0.016033108882162504
2009-07-31,JAVA,0.0043726660587715925
2009-07-31,JNPR,0.0032794995440786935
2009-07-31,KSS,0.014939942367469605
2009-07-31,LH,0.011660442823390913
2009-07-31,LO,0.015304331205700572
2009-07-31,MCD,0.001093166514692899
2009-07-31,MDP,0.010931665146928981
2009-07-31,MIL.,0.010567276308698014
2009-07-31,MU,0.015668720043931536
2009-07-31,MX4A,0.000728777676461932
2009-07-31,MYL,0.012024831661621877
2009-07-31,NVDA,0.009474109794005117
2009-07-31,ORCL,0.009838498632236082
2009-07-31,PBG,0.021134552617396028
2009-07-31,PCG,0.010202887470467048
2009-07-31,PTV,0.003643888382309661
2009-07-31,QWST,0.019312608426241197
2009-07-31,RHI,0.005465832573464491
2009-07-31,RL,0.004008277220540626
2009-07-31,RSHCQ,0.002550721867616762
2009-07-31,SBUX,0.006558999088157388
2009-07-31,SNDK,0.014211164691007673
2009-07-31,SWN,0.017855053073317334
2009-07-31,TDC,0.011296053985159947
2009-07-31,TJX,0.0021863330293857963
2009-07-31,TLAB,0.02077016377916506
2009-07-31,WPI,0.022956496808550858
2009-07-31,WYE,0.021498941455626995
2009-07-31,WYND,0.002915110705847728
2009-08-31,AAPL*,0.005316652694240419
2009-08-31,ADI,0.005799984757353185
2009-08-31,ADM*,0.017883286335172322
2009-08-31,AG4,0.003141658410232975
2009-08-31,AIG*,0.0007249980946691481
2009-08-31,AMGN,0.007008314915135099
2009-08-31,AMZN,0.013049965704044665
2009-08-31,AN,0.019816614587623384
2009-08-31,ANTM,0.008216645072917013
2009-08-31,AZO,0.016674956177390406
2009-08-31,BBBY,0.01619162411427764
2009-08-31,BLL,0.013533297767157433
2009-08-31,BMC,0.01425829586182658
2009-08-31,BMY,0.011841635546262753
2009-08-31,BRCM,0.017399954272059554
2009-08-31,CB,0.002416660315563827
2009-08-31,CBG,0.001691662220894679
2009-08-31,CCE,0.014499961893382962
2009-08-31,CHRW,0.014016629830270197
2009-08-31,CLX,0.013291631735601047
2009-08-31,COH,0.010874971420037223
2009-08-31,CSC,0.01159996951470637
2009-08-31,CTSH,0.010149973325368074
2009-08-31,CTXS,0.018124952366728703
2009-08-31,DGX,0.011116637451593605
2009-08-31,DHI,0.005074986662684037
2009-08-31,DRI,0.013774963798713815
2009-08-31,EMC,0.006766648883578716
2009-08-31,ESRX,0.003866656504902123
2009-08-31,EXPE,0.015224959988052109
2009-08-31,F,0.01884995046139785
2009-08-31,FDO,0.019574948556067
2009-08-31,FHN,0.01715828824050317
2009-08-31,FIS,0.014983293956495726
2009-08-31,GOOGL,0.0019333282524510618
2009-08-31,GR,0.009424975230698926
2009-08-31,GS,0.00797497904136063
2009-08-31,GT,0.0028999923786765924
2009-08-31,GWW,0.008458311104473395
2009-08-31,HD,0.00048333206311276626
2009-08-31,HSP,0.004591654599571272
2009-08-31,HSY,0.018608284429841467
2009-08-31,IBM,0.004108322536458506
2009-08-31,ICE,0.012808299672488282
2009-08-31,IGT,0.0036249904733457405
2009-08-31,INTU,0.007249980946691481
2009-08-31,JAVA,0.009908307293811692
2009-08-31,JNPR,0.010391639356924456
2009-08-31,JPM,0.009666641262255308
2009-08-31,KSS,0.007491646978247862
2009-08-31,LEN,0.0014499961893382962
2009-08-31,LO,0.0125666336409319
2009-08-31,MDP,0.004833320631127654
2009-08-31,MHS,0.018366618398285087
2009-08-31,MMM,0.006524982852022332
2009-08-31,MU,0.019333282524510616
2009-08-31,MYL,0.012324967609375518
2009-08-31,NEM,0.0009666641262255309
2009-08-31,NVDA,0.011358303483149987
2009-08-31,ORCL,0.010633305388480839
2009-08-31,PA9,0.003383324441789358
2009-08-31,PBG,0.015708292051164877
2009-08-31,PTV,0.0043499885680148885
2009-08-31,QWST,0.012083301577819136
2009-08-31,RHI,0.0055583187257968025
2009-08-31,RRC,0.008941643167586161
2009-08-31,SBUX,0.015466626019608494
2009-08-31,SHW,0.00628331682046595
2009-08-31,SNDK,0.016433290145834025
2009-08-31,SWN,0.014741627924939344
2009-08-31,TAP,0.0026583263471202097
2009-08-31,TDC,0.009183309199142543
2009-08-31,TJX,0.008699977136029777
2009-08-31,TLAB,0.01691662220894679
2009-08-31,TXN,0.006041650788909568
2009-08-31,UNH,0.00024166603155638272
2009-08-31,WFM,0.017641620303615938
2009-08-31,WPI,0.019091616492954232
2009-08-31,WYE,0.01594995808272126
2009-08-31,WYND,0.0012083301577819135
2009-08-31,XEL,0.0021749942840074443
2009-08-31,YUM,0.007733313009804247
2009-09-30,AAPL*,0.018043449685456778
2009-09-30,AAZ,0.0038492692662307794
2009-09-30,ADI,0.0026463726205336606
2009-09-30,ADM*,0.015878235723201965
2009-09-30,AES,0.0064956418867644404
2009-09-30,AG4,0.005533324570206746
2009-09-30,AIG*,0.020449242976851016
2009-09-30,AMZN,0.006014483228485593
2009-09-30,AN,0.018284029014596203
2009-09-30,ANTM,0.009623173165576948
2009-09-30,APD,0.004330427924509626
2009-09-30,BBBY,0.008901435178158678
2009-09-30,BLL,0.015397077064923118
2009-09-30,BMC,0.017081132368899084
2009-09-30,BMY,0.003608689937091356
2009-09-30,BRCM,0.019727504989432744
2009-09-30,CA,0.010585490482134642
2009-09-30,CAG,0.002165213962254813
2009-09-30,CCE,0.009863752494716372
2009-09-30,CEG,0.012269545786110609
2009-09-30,CHRW,0.010344911152995219
2009-09-30,CIEN,0.010826069811274066
2009-09-30,CMS,0.006976800545043287
2009-09-30,COH,0.0033681106079519324
2009-09-30,CSC,0.013953601090086575
2009-09-30,CTSH,0.01996808431857217
2009-09-30,CTXS,0.01900576700201447
2009-09-30,CVS,0.012028966456971185
2009-09-30,DGX,0.004811586582788474
2009-09-30,DRI,0.005773903899346169
2009-09-30,EMC,0.017802870356317356
2009-09-30,EXPE,0.01491591840664427
2009-09-30,F,0.009142014507298101
2009-09-30,FCX*,0.0007217379874182711
2009-09-30,FDO,0.017321711698038506
2009-09-30,FHN,0.019246346331153897
2009-09-30,FIS,0.01756229102717793
2009-09-30,GOOGL,0.013472442431807728
2009-09-30,GPS,0.005052165911927898
2009-09-30,GR,0.01684055303975966
2009-09-30,GS,0.014434759748365422
2009-09-30,HD,0.004571007253649051
2009-09-30,ICE,0.008179697190740406
2009-09-30,IGT,0.00842027651987983
2009-09-30,INCO,0.005292745241067321
2009-09-30,JAVA,0.007457959203322135
2009-09-30,JBL,0.001684055303975966
2009-09-30,JNPR,0.0014434759748365427
2009-09-30,KG,0.0028869519496730845
2009-09-30,KSS,0.008660855849019253
2009-09-30,MA,0.010104331823855795
2009-09-30,MCK,0.0002405793291394237
2009-09-30,MHFI,0.0004811586582788474
2009-09-30,MHS,0.01635939438148081
2009-09-30,MMM,0.0012028966456971183
2009-09-30,MS,0.011307228469552915
2009-09-30,MU,0.01948692566029332
2009-09-30,MYL,0.01611881505234139
2009-09-30,NBL,0.007939117861600982
2009-09-30,NEE,0.013231863102668304
2009-09-30,NTAP,0.014194180419225998
2009-09-30,NUE,0.007698538532461559
2009-09-30,NVDA,0.016599973710620237
2009-09-30,ORCL,0.007217379874182711
2009-09-30,PA9,0.012510125115250032
2009-09-30,PBG,0.011066649140413491
2009-09-30,PCG,0.015156497735783694
2009-09-30,PCP,0.009382593836437525
2009-09-30,PX,0.003127531278812508
2009-09-30,QCI,0.006736221215903864
2009-09-30,ROK,0.0019246346331153897
2009-09-30,RRC,0.011547807798692338
2009-09-30,SBUX,0.013713021760947151
2009-09-30,SHW,0.002405793291394237
2009-09-30,SWN,0.012750704444389456
2009-09-30,TDC,0.01563765639406254
2009-09-30,TJX,0.012991283773528881
2009-09-30,TLAB,0.02020866364771159
2009-09-30,TXN,0.011788387127831762
2009-09-30,UNH,0.004089848595370203
2009-09-30,WAG,0.006255062557625016
2009-09-30,WFM,0.014675339077504845
2009-09-30,WPI,0.018524608343735625
2009-09-30,WYE,0.01876518767287505
2009-09-30,YUM,0.0009623173165576948
2009-10-31,AABA,0.0041311649512590564
2009-10-31,AAPL*,0.017901714788789245
2009-10-31,AAZ,0.01675416896899506
2009-10-31,ACS,0.0055082199350120755
2009-10-31,ADM*,0.008032820738559278
2009-10-31,AES,0.013311531509612515
2009-10-31,AG4,0.009639384886271132
2009-10-31,AIG*,0.020426315592336444
2009-10-31,AMP,0.0016065641477118553
2009-10-31,AMZN,0.012852513181694843
2009-10-31,AN,0.019049260608583425
2009-10-31,BBBY,0.0032131282954237107
2009-10-31,BEN,0.005967238262929748
2009-10-31,BLL,0.013770549837530188
2009-10-31,BMC,0.016983678132953896
2009-10-31,BRCM,0.019278769772542264
2009-10-31,CA,0.0009180366558353449
2009-10-31,CAM,0.005737729098970911
2009-10-31,CCE,0.017213187296912735
2009-10-31,CEG,0.006196747426888584
2009-10-31,CI,0.005049201607094402
2009-10-31,CIEN,0.002295091639588364
2009-10-31,CL,0.0020655824756295282
2009-10-31,CMI,0.009409875722312295
2009-10-31,CMS,0.008491839066476948
2009-10-31,COH,0.003442637459382547
2009-10-31,COL,0.002983619131464874
2009-10-31,CRM,0.01354104067357135
2009-10-31,CSC,0.016524659805036226
2009-10-31,CSCO,0.0011475458197941822
2009-10-31,CTSH,0.02019680642837761
2009-10-31,CTXS,0.014459077329406699
2009-10-31,EBAY,0.004590183279176729
2009-10-31,EMC,0.015606623149200879
2009-10-31,EXPE,0.01767220562483041
2009-10-31,F,0.014688586493365532
2009-10-31,FCX*,0.01744269646087157
2009-10-31,FIS,0.01859024228066575
2009-10-31,FISV,0.009868894050229967
2009-10-31,FLS,0.018360733116706916
2009-10-31,FRX,0.003672146623341383
2009-10-31,GLW,0.0013770549837530189
2009-10-31,GOOGL,0.012393494853777168
2009-10-31,GPS,0.012163985689818333
2009-10-31,GR,0.014000059001489025
2009-10-31,GS,0.018131223952748084
2009-10-31,HAR,0.006426256590847421
2009-10-31,HIG,0.0066557657548062575
2009-10-31,HSP,0.011475458197941822
2009-10-31,IBM,0.0052787107710532384
2009-10-31,IVZ,0.007573802410641603
2009-10-31,JAVA,0.010786930706065314
2009-10-31,JWN,0.002524600803547201
2009-10-31,KLAC,0.0004590183279176729
2009-10-31,KSS,0.014918095657324371
2009-10-31,LEN,0.008950857394394622
2009-10-31,LUMN,0.004360674115217893
2009-10-31,MA,0.010098403214188804
2009-10-31,MCK,0.013082022345653678
2009-10-31,MHS,0.015147604821283207
2009-10-31,MIL.,0.01032791237814764
2009-10-31,MOT,0.0078033115746004396
2009-10-31,MS,0.014229568165447862
2009-10-31,MU,0.007344293246682766
2009-10-31,MWV,0.0027541099675060378
2009-10-31,MYL,0.019967297264418774
2009-10-31,NBL,0.009180366558353458
2009-10-31,NEE,0.0006885274918765096
2009-10-31,NEM,0.011016439870024151
2009-10-31,NTAP,0.01881975144462459
2009-10-31,NVDA,0.016065641477118555
2009-10-31,OXY,0.010557421542106477
2009-10-31,PBG,0.004819692443135566
2009-10-31,PCG,0.011245949033982988
2009-10-31,PCP,0.012623004017736006
2009-10-31,PX,0.0018360733116706916
2009-10-31,QWST,0.007114784082723931
2009-10-31,RL,0.008721348230435785
2009-10-31,SBUX,0.006885274918765094
2009-10-31,SNDK,0.015377113985242042
2009-10-31,TDC,0.015836132313159716
2009-10-31,TER,0.011704967361900659
2009-10-31,TJX,0.008262329902518113
2009-10-31,TLAB,0.0195082789365011
2009-10-31,VFC,0.00022950916395883644
2009-10-31,WAG,0.011934476525859496
2009-10-31,WFM,0.019737788100459935
2009-10-31,WPI,0.016295150641077387
2009-10-31,XLNX,0.0039016557873002198
2009-11-30,AAPL*,0.020367876947180553
2009-11-30,AAZ,0.006055314768080706
2009-11-30,ADI,0.0035781405447749617
2009-11-30,AG4,0.009358213732488362
2009-11-30,AIG*,0.022845051170486293
2009-11-30,AKAM,0.0027524158036730476
2009-11-30,AMZN,0.021744084849017076
2009-11-30,AN,0.011284904795059494
2009-11-30,APD,0.008532488991386446
2009-11-30,APH,0.01623925324167098
2009-11-30,BBBY,0.004403865285876876
2009-11-30,BBY,0.005229590026978791
2009-11-30,BEN,0.008807730571753752
2009-11-30,BMC,0.015964011661303675
2009-11-30,BRCM,0.013762079018365238
2009-11-30,CAG,0.004128623705509571
2009-11-30,CAM,0.010459180053957582
2009-11-30,CCE,0.017064977982772893
2009-11-30,CI,0.017340219563140198
2009-11-30,CMI,0.0011009663214692194
2009-11-30,CMS,0.0024771742233057423
2009-11-30,CRM,0.014863045339834458
2009-11-30,CSC,0.018165944304242114
2009-11-30,CTSH,0.02146884326864977
2009-11-30,CVG,0.001926691062571133
2009-11-30,EBAY,0.0013762079018365238
2009-11-30,EMC,0.01458780375946715
2009-11-30,EXPE,0.01789070272387481
2009-11-30,FCX*,0.022569809590118988
2009-11-30,FISV,0.0016514494822038282
2009-11-30,FLS,0.019542152206078637
2009-11-30,GLW,0.009082972152121057
2009-11-30,GNW,0.019817393786445942
2009-11-30,GOOGL,0.020092635366813247
2009-11-30,GPS,0.006881039509182619
2009-11-30,GR,0.014312562179099847
2009-11-30,GS,0.020918360107915163
2009-11-30,HAL,0.007431522669917229
2009-11-30,HAR,0.015688770080936373
2009-11-30,HIG,0.0002752415803673044
2009-11-30,IBM,0.01678973640240559
2009-11-30,IVZ,0.007982005830651838
2009-11-30,JWN,0.018716427464976725
2009-11-30,KSS,0.018441185884609416
2009-11-30,LIFE,0.020643118527547855
2009-11-30,LO,0.005504831607346095
2009-11-30,LSI,0.010734421634324885
2009-11-30,LTD,0.010183938473590276
2009-11-30,M,0.0071562810895499235
2009-11-30,MA,0.013211595857630628
2009-11-30,MCK,0.015138286920201761
2009-11-30,MHS,0.0057800731877134005
2009-11-30,MIL.,0.0115601463754268
2009-11-30,MOT,0.012936354277263322
2009-11-30,MS,0.01899166904534403
2009-11-30,MU,0.012661112696896019
2009-11-30,MWV,0.01100966321469219
2009-11-30,MYL,0.02201932642938438
2009-11-30,NTAP,0.021193601688282465
2009-11-30,NVDA,0.0008257247411019158
2009-11-30,NVLS,0.002201932642938438
2009-11-30,OXY,0.0033028989644076565
2009-11-30,PBG,0.011835387955794105
2009-11-30,PXD,0.006605797928815314
2009-11-30,RL,0.006330556348448009
2009-11-30,SBUX,0.013486837437997933
2009-11-30,SNDK,0.017615461143507503
2009-11-30,SYMC,0.0049543484466114856
2009-11-30,TDC,0.01926691062571133
2009-11-30,TER,0.015413528500569065
2009-11-30,THC,0.016514494822038282
2009-11-30,TIF,0.008257247411019141
2009-11-30,TJX,0.012385871116528713
2009-11-30,TLAB,0.0005504831607346106
2009-11-30,TSN,0.009633455312855666
2009-11-30,TXN,0.004679106866244181
2009-11-30,VFC,0.003853382125142266
2009-11-30,VIAB,0.007706764250284532
2009-11-30,WAG,0.009908696893222971
2009-11-30,WFM,0.022294568009751686
2009-11-30,WPI,0.014037320598732542
2009-11-30,XL,0.01211062953616141
2009-11-30,XLNX,0.0030276573840403525
2009-12-31,A,0.005359835046817938
2009-12-31,AAPL*,0.022003533350094688
2009-12-31,AAZ,0.007052414535286759
2009-12-31,ADI,0.012694346163516166
2009-12-31,AG4,0.0005641931628229402
2009-12-31,AIG*,0.022849823094329102
2009-12-31,AMD,0.017207891466099693
2009-12-31,AMT,0.006770317953875289
2009-12-31,AMZN,0.022285629931506158
2009-12-31,APD,0.013540635907750578
2009-12-31,APH,0.019464664117391457
2009-12-31,BEN,0.004231448721172055
2009-12-31,BMC,0.011001766675047344
2009-12-31,BRCM,0.011848056419281756
2009-12-31,BTU,0.016361601721865283
2009-12-31,CAG,0.0014104829070573522
2009-12-31,CAM,0.012412249582104696
2009-12-31,CBG,0.002256772651291763
2009-12-31,CF,0.0076166076981097
2009-12-31,CI,0.011565959837870284
2009-12-31,CMS,0.008744994023755582
2009-12-31,CRM,0.012130153000693226
2009-12-31,CSC,0.010437573512224404
2009-12-31,CTSH,0.022567726512917632
2009-12-31,CTXS,0.0033851589769376446
2009-12-31,DPS,0.0019746760698802924
2009-12-31,EBAY,0.003103062395526174
2009-12-31,EMC,0.016079505140453813
2009-12-31,EXPE,0.019746760698802927
2009-12-31,F,0.013258539326339107
2009-12-31,FCX*,0.02313191967574057
2009-12-31,FHI,0.003949352139760585
2009-12-31,FLS,0.020028857280214394
2009-12-31,GLW,0.014386925651984989
2009-12-31,GOOGL,0.02341401625715204
2009-12-31,GR,0.012976442744927638
2009-12-31,GS,0.020310953861625868
2009-12-31,HAL,0.0008462897442344111
2009-12-31,HAR,0.009591283767989994
2009-12-31,HSP,0.00789870427952117
2009-12-31,IBM,0.020593050443037338
2009-12-31,IFF,0.004513545302583526
2009-12-31,ISRG,0.004795641883994997
2009-12-31,JWN,0.018618374373157043
2009-12-31,KSS,0.001692579488468824
2009-12-31,LIFE,0.021721436768683218
2009-12-31,LO,0.014951118814807929
2009-12-31,LSI,0.0002820965814114701
2009-12-31,LUMN,0.002820965814114704
2009-12-31,MA,0.01579740855904234
2009-12-31,MCK,0.009309187186578522
2009-12-31,MEE,0.010155476930812934
2009-12-31,MHS,0.014104829070573519
2009-12-31,MIL.,0.009027090605167052
2009-12-31,MOT,0.005077738465406467
2009-12-31,MS,0.01551531197763087
2009-12-31,MSFT,0.00846289744234411
2009-12-31,MU,0.019182567535979987
2009-12-31,MWV,0.018054181210334103
2009-12-31,MYL,0.02143934018727175
2009-12-31,NOV,0.006488221372463819
2009-12-31,NTAP,0.021157243605860278
2009-12-31,NVDA,0.0011283863256458815
2009-12-31,NVLS,0.006206124791052348
2009-12-31,PCP,0.00733451111669823
2009-12-31,PDCO,0.005924028209640878
2009-12-31,PXD,0.01692579488468822
2009-12-31,SBUX,0.018336277791745573
2009-12-31,SHLDQ,0.005641931628229408
2009-12-31,SNDK,0.0036672555583491147
2009-12-31,SNI,0.010719670093635876
2009-12-31,TDC,0.017772084628922633
2009-12-31,TER,0.01466902223339646
2009-12-31,THC,0.0152332153962194
2009-12-31,TIF,0.0025388692327032334
2009-12-31,TJX,0.018900470954568514
2009-12-31,TMO,0.013822732489162048
2009-12-31,TXN,0.016643698303276753
2009-12-31,WAG,0.008180800860932641
2009-12-31,WAT,0.009873380349401464
2009-12-31,WFM,0.017489988047511163
2009-12-31,WPI,0.011283863256458816
2009-12-31,XL,0.020875147024448808
2010-01-31,AAPL*,0.017381062603246667
2010-01-31,AAZ,0.006621357182189207
2010-01-31,ADBE,0.0010345870597170635
2010-01-31,ADI,0.004138348238868254
2010-01-31,AG4,0.005172935298585318
2010-01-31,AIG*,0.017794897427133492
2010-01-31,AMD,0.015932640719642777
2010-01-31,AMZN,0.015518805895755954
2010-01-31,APH,0.013242714364378414
2010-01-31,BEN,0.009725118361340396
2010-01-31,BMC,0.009104366125510159
2010-01-31,BRCM,0.011173540244944286
2010-01-31,BTU,0.004966017886641905
2010-01-31,CAM,0.0016553392955473024
2010-01-31,CBG,0.008897448713566746
2010-01-31,CCE,0.005793687534415556
2010-01-31,CF,0.006207522358302381
2010-01-31,CI,0.014898053659925714
2010-01-31,CMA,0.00020691741194341272
2010-01-31,COH,0.006000604946358968
2010-01-31,CRM,0.015104971071869127
2010-01-31,CSC,0.010552788009114049
2010-01-31,CSX,0.0024830089433209527
2010-01-31,CTSH,0.016967227779359842
2010-01-31,CTXS,0.011380457656887699
2010-01-31,EBAY,0.0018622567074907143
2010-01-31,EL,0.004552183062755079
2010-01-31,EMC,0.007449026829962856
2010-01-31,EXPE,0.010966622833000874
2010-01-31,F,0.013656549188265239
2010-01-31,FCX*,0.016760310367416428
2010-01-31,FISV,0.003931430826924842
2010-01-31,FITB,0.007035192006076032
2010-01-31,FLS,0.0072421094180194455
2010-01-31,GLW,0.008690531301623334
2010-01-31,GNW,0.004759100474698492
2010-01-31,GOOGL,0.01758798001519008
2010-01-31,GPS,0.0012415044716604763
2010-01-31,GR,0.0053798527105287305
2010-01-31,GS,0.014691136247982302
2010-01-31,HSP,0.010138953185227223
2010-01-31,IBM,0.011794292480774524
2010-01-31,IFF,0.002896843767207778
2010-01-31,INCO,0.0006207522358302382
2010-01-31,ISRG,0.010345870597170636
2010-01-31,IVZ,0.009311283537453571
2010-01-31,JBL,0.007862861653849683
2010-01-31,JWN,0.01531188848381254
2010-01-31,LEG,0.0008276696477736509
2010-01-31,LIFE,0.017174145191303256
2010-01-31,LO,0.00993203577328381
2010-01-31,LSI,0.0068282745941326195
2010-01-31,LTD,0.012621962128548176
2010-01-31,MA,0.014070384012152064
2010-01-31,MEE,0.0020691741194341275
2010-01-31,MSFT,0.01220812730466135
2010-01-31,MU,0.010759705421057461
2010-01-31,MWV,0.012415044716604762
2010-01-31,MYL,0.013449631776321826
2010-01-31,NCRA,0.001448421883603889
2010-01-31,NTAP,0.01613955813158619
2010-01-31,NVDA,0.006414439770245794
2010-01-31,PDCO,0.005586770122472143
2010-01-31,PKI,0.009518200949396984
2010-01-31,PXD,0.016346475543529602
2010-01-31,RL,0.0037245134149814286
2010-01-31,SBUX,0.013863466600208652
2010-01-31,SHLDQ,0.003517596003038016
2010-01-31,SLBA,0.0026899263552643653
2010-01-31,SNDK,0.0031037611791511904
2010-01-31,SNI,0.012828879540491589
2010-01-31,SPLS,0.0033106785910946034
2010-01-31,TDC,0.015725723307699366
2010-01-31,TER,0.00765594424190627
2010-01-31,THC,0.014277301424095477
2010-01-31,TIF,0.004345265650811667
2010-01-31,TJX,0.01448421883603889
2010-01-31,TMO,0.00041383482388682516
2010-01-31,TXN,0.013035796952435001
2010-01-31,VIAB,0.011587375068831111
2010-01-31,WAT,0.008483613889679921
2010-01-31,WFM,0.012001209892717937
2010-01-31,WPI,0.008069779065793096
2010-01-31,XL,0.016553392955473017
2010-01-31,XLNX,0.008276696477736508
2010-01-31,ZBH,0.0022760915313775397
2010-02-28,8686,0.008176338290180702
2010-02-28,AAPL*,0.01793519366878348
2010-02-28,AAZ,0.012132631011235883
2010-02-28,AIV,0.0031650341768441432
2010-02-28,AMD,0.007648832594040013
2010-02-28,AMZN,0.005802562657547595
2010-02-28,ANTM,0.001846269936492417
2010-02-28,BAC,0.010022608226673122
2010-02-28,BDK,0.005011304113336561
2010-02-28,BEN,0.01661642942843175
2010-02-28,CAG,0.0007912585442110358
2010-02-28,CBG,0.013978900947728301
2010-02-28,CI,0.016352676580361405
2010-02-28,CMA,0.016880182276502096
2010-02-28,CMI,0.001055011392281381
2010-02-28,COF,0.0063300683536882865
2010-02-28,COH,0.010286361074743466
2010-02-28,CRM,0.007912585442110358
2010-02-28,CTSH,0.019253957909135203
2010-02-28,CTXS,0.015297665188080026
2010-02-28,DC7,0.006593821201758631
2010-02-28,DOV,0.008703843986321395
2010-02-28,DOW,0.00448379841719587
2010-02-28,DPS,0.0013187642403517264
2010-02-28,EBAY,0.004747551265266215
2010-02-28,EL,0.018198946516853824
2010-02-28,EMN,0.003956292721055179
2010-02-28,F,0.015825170884220717
2010-02-28,FCX*,0.0015825170884220703
2010-02-28,FITB,0.01951771075720555
2010-02-28,GNW,0.019781463605275895
2010-02-28,GR,0.00949510253053243
2010-02-28,HAR,0.016088923732291063
2010-02-28,HIG,0.00896759683439174
2010-02-28,HSP,0.014770159491939336
2010-02-28,IP,0.011868878163165538
2010-02-28,ISRG,0.01846269936492417
2010-02-28,JBL,0.013451395251587608
2010-02-28,JWN,0.011605125315095192
2010-02-28,LEN,0.00026375284807034525
2010-02-28,LIFE,0.014242653795798647
2010-02-28,LTD,0.017143935124572445
2010-02-28,LTR,0.002110022784562762
2010-02-28,MEE,0.005275056961406906
2010-02-28,MMM,0.002637528480703453
2010-02-28,MSFT,0.013187642403517262
2010-02-28,MTZ,0.01450640664386899
2010-02-28,MU,0.00553880980947725
2010-02-28,MWV,0.009231349682462085
2010-02-28,MYL,0.006066315505617941
2010-02-28,NBL,0.006857574049828977
2010-02-28,NCRA,0.008440091138251048
2010-02-28,NTAP,0.010550113922813811
2010-02-28,NYT,0.0110776196189545
2010-02-28,ODP,0.012923889555446919
2010-02-28,PDCO,0.007385079745969668
2010-02-28,PKI,0.009758855378602774
2010-02-28,PRU*,0.003692539872984834
2010-02-28,PXD,0.01740768797264279
2010-02-28,RAI,0.002901281328773798
2010-02-28,RL,0.013715148099657954
2010-02-28,SBUX,0.010813866770884157
2010-02-28,SE,0.015033912340009682
2010-02-28,SHLDQ,0.012660136707376573
2010-02-28,SNI,0.017671440820713133
2010-02-28,TGNA,0.004220045569125524
2010-02-28,TGT,0.0005275056961406905
2010-02-28,THC,0.015561418036150371
2010-02-28,TJX,0.012396383859306227
2010-02-28,UNS1,0.007121326897899323
2010-02-28,UTX,0.0023737756326331076
2010-02-28,VIAB,0.018726452212994515
2010-02-28,WHR,0.011341372467024846
2010-02-28,WYND,0.0034287870249144884
2010-02-28,XL,0.01899020506106486
2010-03-31,8686,0.005572302432204333
2010-03-31,A,0.009361468086103279
2010-03-31,AAPL*,0.01203617325356136
2010-03-31,AAZ,0.010253036475255972
2010-03-31,AIV,0.013819310031866747
2010-03-31,BA,0.0017831367783053866
2010-03-31,BEN,0.009807252280679626
2010-03-31,CAG,0.01069882066983232
2010-03-31,CBS,0.00267470516745808
2010-03-31,CEG,0.0015602446810172132
2010-03-31,CF,0.00044578419457634664
2010-03-31,CI,0.012481957448137706
2010-03-31,CMA,0.010921712767120492
2010-03-31,CMI,0.0024518130701699065
2010-03-31,COF,0.008915683891526933
2010-03-31,COL,0.011590389058985013
2010-03-31,CSX,0.009138575988815106
2010-03-31,CTSH,0.01693979939390117
2010-03-31,CTXS,0.009584360183391453
2010-03-31,DIS,0.004903626140339813
2010-03-31,DOV,0.01471087842101944
2010-03-31,DTE,0.015602446810172133
2010-03-31,EL,0.017162691491189343
2010-03-31,EQR,0.006240978724068853
2010-03-31,ESRX,0.00066867629186452
2010-03-31,ETN,0.012259065350849533
2010-03-31,F,0.0028975972647462527
2010-03-31,FITB,0.01404220212915492
2010-03-31,GIS,0.011813281156273185
2010-03-31,GNW,0.016494015199324825
2010-03-31,GR,0.01136749696169684
2010-03-31,HAR,0.015825338907460306
2010-03-31,HIG,0.00534941033491616
2010-03-31,HNZ,0.014265094226443092
2010-03-31,HOT,0.006463870821357027
2010-03-31,HUM,0.016716907296612998
2010-03-31,IP,0.004234949848475293
2010-03-31,ISRG,0.01604823100474848
2010-03-31,JCI,0.002228920972881733
2010-03-31,LIFE,0.007132547113221546
2010-03-31,LNC,0.003566273556610773
2010-03-31,LTD,0.015379554712883957
2010-03-31,LTR,0.010030144377967799
2010-03-31,LUV,0.004457841945763466
2010-03-31,MAT,0.00869279179423876
2010-03-31,MEE,0.014933770518307613
2010-03-31,MHS,0.0037891656538989464
2010-03-31,MMM,0.0031204893620344265
2010-03-31,MSFT,0.001337352583729039
2010-03-31,MYL,0.005126518237627986
2010-03-31,NTAP,0.0066867629186452
2010-03-31,ODP,0.013596417934578572
2010-03-31,PDCO,0.00601808662678068
2010-03-31,PKI,0.0133735258372904
2010-03-31,PRU*,0.00401205775118712
2010-03-31,PXD,0.013150633740002226
2010-03-31,RAI,0.005795194529492506
2010-03-31,ROK,0.008247007599662412
2010-03-31,SE,0.016271123102036652
2010-03-31,SJM,0.0011144604864408666
2010-03-31,SLE,0.008469899696950585
2010-03-31,SNI,0.00022289209728817289
2010-03-31,SWK,0.0033433814593226
2010-03-31,SYK,0.010475928572544146
2010-03-31,TDC,0.004680734043051639
2010-03-31,TEG,0.014487986323731265
2010-03-31,TER,0.00200602887559356
2010-03-31,TGNA,0.015156662615595784
2010-03-31,THC,0.00802411550237424
2010-03-31,TJX,0.00735543921050972
2010-03-31,TWX*,0.0008915683891526933
2010-03-31,UNS1,0.012927741642714053
2010-03-31,UTX,0.012704849545425879
2010-03-31,VIAB,0.011144604864408667
2010-03-31,VTR,0.007801223405086067
2010-03-31,WHR,0.006909655015933373
2010-03-31,WMB,0.007578331307797893
2010-04-30,A,0.010963262999465352
2010-04-30,AAPL*,0.01818297277960107
2010-04-30,AAZ,0.014172022901747893
2010-04-30,AIG*,0.022728715974501337
2010-04-30,AIV,0.012567642950606623
2010-04-30,ALD,0.001604379951141271
2010-04-30,BA,0.012032849633559533
2010-04-30,BAC,0.0013369832926177258
2010-04-30,BEN,0.01711338614550689
2010-04-30,CAG,0.02032214604778943
2010-04-30,CI,0.017380782804030437
2010-04-30,CL,0.0165785928284598
2010-04-30,CMA,0.01764817946255398
2010-04-30,COF,0.0018717766096648164
2010-04-30,COL,0.013904626243224348
2010-04-30,CSX,0.011230659657988896
2010-04-30,CTSH,0.021124336023360068
2010-04-30,CTXS,0.005615329828994448
2010-04-30,D,0.008556693072753445
2010-04-30,DHR,0.006952313121612174
2010-04-30,DIS,0.0029413632437589967
2010-04-30,DOV,0.013637229584700802
2010-04-30,DPS,0.0045457431949002675
2010-04-30,DTE,0.020589542706312976
2010-04-30,EL,0.02219392265745425
2010-04-30,ES,0.004278346536376722
2010-04-30,ETN,0.016311196169936256
2010-04-30,FCX*,0.003476156560806087
2010-04-30,FITB,0.013369832926177258
2010-04-30,GIS,0.019787352730742343
2010-04-30,GNW,0.021926525998930704
2010-04-30,GR,0.01497421287731853
2010-04-30,HAR,0.018717766096648162
2010-04-30,HNZ,0.015776402852889164
2010-04-30,HRL,0.010428469682418262
2010-04-30,HRS,0.004010949877853177
2010-04-30,HSP,0.021391732681883612
2010-04-30,HUM,0.020054749389265887
2010-04-30,IFF,0.018985162755171706
2010-04-30,ISRG,0.008021899755706354
2010-04-30,LEG,0.0010695866340941806
2010-04-30,LIFE,0.0032087599022825423
2010-04-30,LTD,0.016845989486983345
2010-04-30,LTR,0.009626279706847625
2010-04-30,LUV,0.009358883048324081
2010-04-30,MCK,0.01925255941369525
2010-04-30,MEE,0.01604379951141271
2010-04-30,MHS,0.009091486389800535
2010-04-30,MKC,0.020856939364836524
2010-04-30,MO,0.00775450309718281
2010-04-30,MSFT,0.006684916463088629
2010-04-30,MTZ,0.00882408973127699
2010-04-30,MYL,0.018450369438124618
2010-04-30,NSC,0.005347933170470903
2010-04-30,NTAP,0.002406569926711906
2010-04-30,OXY,0.0037435532193296323
2010-04-30,PDCO,0.010161073023894716
2010-04-30,PEP,0.014439419560271439
2010-04-30,PKI,0.017915576121077526
2010-04-30,PNW,0.007487106438659265
2010-04-30,POM,0.01550900619436562
2010-04-30,PXD,0.012835039609130168
2010-04-30,RAI,0.009893676365371171
2010-04-30,SE,0.022461319315977793
2010-04-30,SJM,0.006417519804565084
2010-04-30,SLE,0.014706816218794983
2010-04-30,SLM,0.007219709780135719
2010-04-30,STR,0.0026739665852354515
2010-04-30,SYK,0.012300246292083077
2010-04-30,TDC,0.0002673966585235452
2010-04-30,TE,0.010695866340941806
2010-04-30,TEG,0.021659129340407157
2010-04-30,TGNA,0.0082892964142299
2010-04-30,TIE,0.004813139853423813
2010-04-30,TJX,0.013102436267653712
2010-04-30,TMO,0.011498056316512443
2010-04-30,TWX*,0.006150123146041539
2010-04-30,UNS1,0.011765452975035987
2010-04-30,USX1,0.005080536511947358
2010-04-30,UTX,0.015241609535842074
2010-04-30,VAR,0.0058827264875179934
2010-04-30,VIAB,0.019519956072218795
2010-04-30,VTR,0.0005347933170470904
2010-04-30,WM,0.002139173268188361
2010-04-30,WMB,0.0008021899755706356
2010-05-31,A,0.010947114650421407
2010-05-31,AAPL*,0.015669399401583583
2010-05-31,AIG*,0.017601243163422656
2010-05-31,AIV,0.005580881978646208
2010-05-31,BBBY,0.010517816036679391
2010-05-31,BEN,0.007942024354227296
2010-05-31,BXP,0.001931843761839072
2010-05-31,CAG,0.0034343889099361265
2010-05-31,CBG,0.011376413264163424
2010-05-31,CBS,0.012020361184776446
2010-05-31,CMA,0.015025451480970559
2010-05-31,CMI,0.013737555639744511
2010-05-31,CMS,0.002575791682452096
2010-05-31,COH,0.007727375047356288
2010-05-31,COL,0.00858597227484032
2010-05-31,CRM,0.012664309105389472
2010-05-31,CSX,0.008800621581711328
2010-05-31,CTSH,0.01695729524280963
2010-05-31,DHR,0.0027904409893231034
2010-05-31,DOV,0.016527996629067617
2010-05-31,DTE,0.016742645935938622
2010-05-31,EL,0.017386593856551648
2010-05-31,EMC,0.007298076433614273
2010-05-31,EMR,0.0053662326717752
2010-05-31,EQR,0.008371322967969311
2010-05-31,ES,0.0012878958412260479
2010-05-31,ESRX,0.012449659798518463
2010-05-31,ETN,0.014381503560357535
2010-05-31,F,0.009444569502324352
2010-05-31,GAS.2,0.005151583364904192
2010-05-31,GIS,0.012878958412260479
2010-05-31,GR,0.013093607719131489
2010-05-31,GWW,0.006010180592388223
2010-05-31,HNZ,0.002361142375581087
2010-05-31,HOT,0.006654128513001248
2010-05-31,HRS,0.0036490382168071363
2010-05-31,HSP,0.007512725740485279
2010-05-31,HUM,0.004292986137420161
2010-05-31,IFF,0.01395220494661552
2010-05-31,ISRG,0.013308257026002496
2010-05-31,ITW,0.003863687523678144
2010-05-31,JCI,0.004507635444291168
2010-05-31,JWN,0.006439479206130239
2010-05-31,K,0.0032197396030651197
2010-05-31,LEG,0.005795531285517216
2010-05-31,LEN,0.00021464930687100799
2010-05-31,LIFE,0.009659218809195359
2010-05-31,LTD,0.01588404870845459
2010-05-31,LUV,0.003005090296194111
2010-05-31,MAT,0.014810802174099552
2010-05-31,MKC,0.01631334732219661
2010-05-31,MMM,0.009229920195453344
2010-05-31,MSFT,0.00214649306871008
2010-05-31,MTZ,0.015454750094712576
2010-05-31,MYL,0.010303166729808385
2010-05-31,NTAP,0.000858597227484032
2010-05-31,PDCO,0.007083427126743264
2010-05-31,PH,0.015240100787841568
2010-05-31,PKI,0.01180571187790544
2010-05-31,PXD,0.011161763957292415
2010-05-31,RL,0.008156673661098304
2010-05-31,ROK,0.012235010491647456
2010-05-31,SE,0.0160986980153256
2010-05-31,SHLDQ,0.014596152867228545
2010-05-31,SLE,0.0006439479206130239
2010-05-31,SNDK,0.0015025451480970558
2010-05-31,SNI,0.006224829899259232
2010-05-31,SPG,0.0068687778198722555
2010-05-31,STZ,0.004722284751162176
2010-05-31,SWK,0.009873868116066368
2010-05-31,SYK,0.013522906332873503
2010-05-31,T3W1,0.011591062571034432
2010-05-31,TE,0.009015270888582337
2010-05-31,TEG,0.01717194454968064
2010-05-31,TGT,0.004078336830549152
2010-05-31,TJX,0.0107324653435504
2010-05-31,TWX*,0.0010732465343550402
2010-05-31,UNS1,0.0004292986137420154
2010-05-31,UTX,0.010088517422937376
2010-05-31,VIAB,0.004936934058033183
2010-05-31,VNO,0.0017171944549680639
2010-05-31,WHR,0.014166854253486528
2010-05-31,WYND,0.01781589247029366
2010-06-30,AAPL*,0.027180819430262914
2010-06-30,ABC,0.03300528073674782
2010-06-30,AIG*,0.03365244310413503
2010-06-30,AIV,0.021356358123778
2010-06-30,AKAM,0.018767708654229154
2010-06-30,AVB,0.003235811836936061
2010-06-30,BBBY,0.012296084980357032
2010-06-30,BXP,0.010354597878195395
2010-06-30,CBS,0.02006203338900358
2010-06-30,CMA,0.02394500759332685
2010-06-30,CMI,0.016179059184680305
2010-06-30,COH,0.009707435510808183
2010-06-30,CRM,0.0317109560019734
2010-06-30,CTSH,0.030416631267198974
2010-06-30,DPS,0.01488473444990588
2010-06-30,DTE,0.013590409715131457
2010-06-30,EL,0.024592169960714064
2010-06-30,EQR,0.027827981797650128
2010-06-30,ESRX,0.02070919575639079
2010-06-30,ETN,0.00582446130648491
2010-06-30,GIS,0.007118786041259334
2010-06-30,HAS,0.02329784522593964
2010-06-30,HRS,0.004530136571710485
2010-06-30,HUM,0.015531896817293092
2010-06-30,JWN,0.02265068285855243
2010-06-30,LTD,0.028475144165037335
2010-06-30,LUV,0.003882974204323273
2010-06-30,LXK,0.0265336570628757
2010-06-30,M,0.011001760245582607
2010-06-30,MCK,0.01812054628684194
2010-06-30,MTZ,0.01747338391945473
2010-06-30,NTAP,0.02588649469548849
2010-06-30,PXD,0.03106379363458619
2010-06-30,RL,0.016826221552067516
2010-06-30,SBUX,0.012943247347744245
2010-06-30,SHW,0.0019414871021616366
2010-06-30,SNDK,0.02976946889981176
2010-06-30,SNI,0.019414871021616365
2010-06-30,SPG,0.01164892261296982
2010-06-30,SWK,0.00906027314342097
2010-06-30,T3W1,0.025239332328101275
2010-06-30,TEG,0.0006471623673872107
2010-06-30,TGNA,0.022003520491165215
2010-06-30,TGT,0.006471623673872122
2010-06-30,TIF,0.007765948408646546
2010-06-30,TJX,0.0025886494695488496
2010-06-30,VIAB,0.0012943247347744244
2010-06-30,VNO,0.0051772989390976975
2010-06-30,VTR,0.014237572082518668
2010-06-30,WFM,0.008413110776033758
2010-06-30,WHR,0.02912230653242455
2010-06-30,WYND,0.03235811836936061
2010-07-31,AAPL*,0.023703001906337787
2010-07-31,ABC,0.05602527723316204
2010-07-31,AIV,0.02801263861658102
2010-07-31,AKAM,0.05387045887804042
2010-07-31,AVB,0.012928910130729703
2010-07-31,CMA,0.008619273420486469
2010-07-31,CRM,0.04956082216779719
2010-07-31,CTSH,0.04525118545755396
2010-07-31,DPS,0.004309636710243234
2010-07-31,DTE,0.015083728485851319
2010-07-31,EL,0.006464455065364853
2010-07-31,EQR,0.038786730392189106
2010-07-31,ETFC,0.05171564052291881
2010-07-31,HAS,0.04094154874731072
2010-07-31,HSP,0.036631912037067484
2010-07-31,HUM,0.03232227532682425
2010-07-31,LTD,0.017238546840972938
2010-07-31,LXK,0.04309636710243234
2010-07-31,MKC,0.034477093681945875
2010-07-31,MTZ,0.025857820261459406
2010-07-31,NTAP,0.02154818355121617
2010-07-31,PXD,0.047406003812675575
2010-07-31,SNDK,0.030167456971702637
2010-07-31,SPG,0.002154818355121617
2010-07-31,T3W1,0.019393365196094553
2010-07-31,TIE,0.010774091775608084
2010-08-31,AAPL*,0.025826886279803382
2010-08-31,ABC,0.029225160790303826
2010-08-31,AIV,0.0027186196084003564
2010-08-31,AKAM,0.03398274510500445
2010-08-31,ALTR,0.015632062748302047
2010-08-31,AMT,0.017671027454602316
2010-08-31,AVB,0.016311717650402135
2010-08-31,AZO,0.02242861176930294
2010-08-31,BFB,0.021748956867202848
2010-08-31,CAT,0.01359309804200178
2010-08-31,CMA,0.006116894118900801
2010-08-31,CMI,0.01903033725880249
2010-08-31,CRM,0.030584470594504004
2010-08-31,CTSH,0.026506541181903473
2010-08-31,DE,0.009515168629401246
2010-08-31,DTE,0.01970999216090258
2010-08-31,DTV,0.000679654902100089
2010-08-31,EL,0.029904815692403913
2010-08-31,EMC,0.00679654902100089
2010-08-31,EQR,0.02310826667140303
2010-08-31,ETFC,0.03330309020290436
2010-08-31,ETN,0.004077929412600534
2010-08-31,GR,0.001359309804200178
2010-08-31,GWW,0.002038964706300267
2010-08-31,HAS,0.024467576475603204
2010-08-31,HUM,0.014952407846201957
2010-08-31,INTU,0.02038964706300267
2010-08-31,ISRG,0.008155858825201067
2010-08-31,LTD,0.016991372552502226
2010-08-31,LXK,0.02106930196510276
2010-08-31,MCD,0.01427275294410187
2010-08-31,MKC,0.031943780398704186
2010-08-31,MO,0.004757584314700623
2010-08-31,MTZ,0.023787921573503113
2010-08-31,NTAP,0.031264125496604095
2010-08-31,NVLS,0.005437239216800712
2010-08-31,PSA,0.011554133335701515
2010-08-31,PXD,0.02854550588820374
2010-08-31,QWST,0.02514723137770329
2010-08-31,RAI,0.010194823531501335
2010-08-31,RSHCQ,0.008835513727301158
2010-08-31,SLE,0.02718619608400356
2010-08-31,SNDK,0.02786585098610365
2010-08-31,SWK,0.003398274510500445
2010-08-31,T3W1,0.018350682356702404
2010-08-31,TEG,0.010874478433601424
2010-08-31,TIE,0.03262343530080427
2010-08-31,VRSN,0.007476203923100978
2010-08-31,VTR,0.012913443139901691
2010-08-31,WYND,0.012233788237801602
2010-09-30,AKAM,0.05317464117686448
2010-09-30,AMT,0.0033234150735540306
2010-09-30,AZO,0.044866103492979405
2010-09-30,CMI,0.021602197978101194
2010-09-30,CMS,0.00997024522066209
2010-09-30,CRM,0.051512933640087466
2010-09-30,CTSH,0.04652781102975642
2010-09-30,D,0.001661707536777015
2010-09-30,DE,0.011631952757439105
2010-09-30,DTE,0.036557565809094326
2010-09-30,EQR,0.02326390551487821
2010-09-30,ETFC,0.04985122610331045
2010-09-30,FDO,0.038219273345871344
2010-09-30,HAS,0.0332341507355403
2010-09-30,HNZ,0.00664683014710806
2010-09-30,HRL,0.02824902812520925
2010-09-30,HUM,0.024925613051655224
2010-09-30,INTU,0.04818951856653343
2010-09-30,LXK,0.014955367830993133
2010-09-30,MCD,0.034895858272317316
2010-09-30,MKC,0.04320439595620239
2010-09-30,MO,0.02658732058843224
2010-09-30,MTZ,0.03157244319876329
2010-09-30,NTAP,0.018278782904547163
2010-09-30,PSA,0.008308537683885075
2010-09-30,PXD,0.013293660294216119
2010-09-30,QWST,0.03988098088264836
2010-09-30,SLE,0.01661707536777015
2010-09-30,SRCL,0.029910735661986265
2010-09-30,TEG,0.01994049044132418
2010-09-30,TIE,0.004985122610331044
2010-09-30,VTR,0.04154268841942537
2010-10-31,AAPL*,0.016371835990922217
2010-10-31,ABC,0.013786809255513446
2010-10-31,AIV,0.015079322623217832
2010-10-31,AIZ,0.004739215681582747
2010-10-31,AKAM,0.028004456300261688
2010-10-31,ALTR,0.002154188946173976
2010-10-31,AMT,0.021111051672504964
2010-10-31,AVB,0.008185917995461109
2010-10-31,AZO,0.027573618511026892
2010-10-31,CB,0.008616755784695904
2010-10-31,CBG,0.0064625668385219276
2010-10-31,CCE,0.014648484833983035
2010-10-31,CMI,0.02498859177561812
2010-10-31,CMS,0.01249429588780906
2010-10-31,CRM,0.026281105143322506
2010-10-31,CTSH,0.027142780721792093
2010-10-31,CTXS,0.02154188946173976
2010-10-31,D,0.009909269152400289
2010-10-31,DD,0.0004308377892347952
2010-10-31,DE,0.007755080206226312
2010-10-31,DRI,0.003877540103113156
2010-10-31,DTV,0.0176643493586266
2010-10-31,EL,0.0012925133677043855
2010-10-31,EQR,0.022834402829444142
2010-10-31,ES,0.01077094473086988
2010-10-31,ETFC,0.02843529408949648
2010-10-31,F,0.006031729049287132
2010-10-31,FAST,0.0090475935739307
2010-10-31,FDO,0.02412691619714853
2010-10-31,GR,0.0056008912600523375
2010-10-31,HAS,0.02585026735408771
2010-10-31,HNZ,0.005170053470817542
2010-10-31,HOT,0.011632620309339469
2010-10-31,HRL,0.021972727250974555
2010-10-31,HSY,0.0008616755784695904
2010-10-31,HUM,0.019387700515565785
2010-10-31,INTU,0.025419429564852915
2010-10-31,LXK,0.009478431363165493
2010-10-31,MCD,0.018956862726330986
2010-10-31,MKC,0.024557753986383324
2010-10-31,MO,0.023696078407913736
2010-10-31,NTAP,0.023265240618678937
2010-10-31,ORLY,0.015510160412452624
2010-10-31,PGR,0.0034467023138783615
2010-10-31,PNW,0.017233511569391808
2010-10-31,POM,0.006893404627756723
2010-10-31,PSA,0.001723351156939181
2010-10-31,PTV,0.01335597146627865
2010-10-31,PXD,0.012063458098574264
2010-10-31,QWST,0.0267119429325573
2010-10-31,RHT,0.0180951871478614
2010-10-31,ROK,0.002585026735408771
2010-10-31,SO,0.003015864524643566
2010-10-31,SPG,0.004308377892347952
2010-10-31,SRCL,0.016802673780157013
2010-10-31,TEG,0.02240356504020935
2010-10-31,TIE,0.020249376094035373
2010-10-31,UNH,0.010340106941635084
2010-10-31,UNP,0.01594099820168742
2010-10-31,UNS1,0.011201782520104675
2010-10-31,VAR,0.012925133677043855
2010-10-31,VRSN,0.019818538304800577
2010-10-31,VTR,0.020680213883270168
2010-10-31,WEC,0.018526024937096194
2010-10-31,XEL,0.007324242416991518
2010-10-31,YUM,0.01421764704474824
2010-11-30,AAPL*,0.01643192488262911
2010-11-30,ABC,0.008215962441314555
2010-11-30,AIV,0.02190923317683881
2010-11-30,AIZ,0.0019561815336463224
2010-11-30,AKAM,0.026604068857589983
2010-11-30,ALTR,0.006651017214397497
2010-11-30,AMT,0.00782472613458529
2010-11-30,AVB,0.01134585289514867
2010-11-30,AZO,0.027777777777777776
2010-11-30,BLL,0.010172143974960876
2010-11-30,CB,0.014084507042253521
2010-11-30,CBG,0.001173708920187793
2010-11-30,CMI,0.023082942097026604
2010-11-30,CMS,0.005086071987480438
2010-11-30,COH,0.006259780907668232
2010-11-30,CPWR,0.0027386541471048514
2010-11-30,CRM,0.025039123630672927
2010-11-30,CTSH,0.023865414710485134
2010-11-30,CTXS,0.01486697965571205
2010-11-30,DD,0.001564945226917058
2010-11-30,DPS,0.007042253521126761
2010-11-30,DRI,0.01917057902973396
2010-11-30,EL,0.012519561815336464
2010-11-30,EP,0.014475743348982786
2010-11-30,EQR,0.018388106416275432
2010-11-30,ES,0.015258215962441314
2010-11-30,ETFC,0.02699530516431925
2010-11-30,EXPD,0.009780907668231613
2010-11-30,FDO,0.022300469483568074
2010-11-30,GPC,0.020735524256651018
2010-11-30,GR,0.011737089201877934
2010-11-30,HAS,0.02464788732394366
2010-11-30,HNZ,0.002347417840375587
2010-11-30,HOT,0.01056338028169014
2010-11-30,HRL,0.02269170579029734
2010-11-30,HSY,0.023474178403755867
2010-11-30,HUM,0.017996870109546165
2010-11-30,INTU,0.02621283255086072
2010-11-30,IPG,0.000782472613458529
2010-11-30,KFT,0.016040688575899843
2010-11-30,KIM,0.005868544600938967
2010-11-30,LTD,0.01995305164319249
2010-11-30,MCD,0.013693270735524257
2010-11-30,MKC,0.02543035993740219
2010-11-30,MO,0.024256651017214397
2010-11-30,NOVL,0.010954616588419406
2010-11-30,NTAP,0.021517996870109544
2010-11-30,ORLY,0.02112676056338028
2010-11-30,PCS,0.003129890453834116
2010-11-30,PGR,0.0035211267605633804
2010-11-30,PH,0.0003912363067292645
2010-11-30,PXD,0.02034428794992175
2010-11-30,QWST,0.027386541471048513
2010-11-30,RAI,0.012910798122065728
2010-11-30,RHT,0.018779342723004695
2010-11-30,SO,0.007433489827856025
2010-11-30,SPG,0.003912363067292645
2010-11-30,SRCL,0.016823161189358372
2010-11-30,SUN,0.004694835680751174
2010-11-30,T3W1,0.012128325508607199
2010-11-30,TEG,0.017214397496087636
2010-11-30,TIE,0.013302034428794992
2010-11-30,TMK,0.005477308294209703
2010-11-30,UNP,0.009389671361502348
2010-11-30,VRSN,0.025821596244131457
2010-11-30,VTR,0.017605633802816902
2010-11-30,WEC,0.019561815336463225
2010-11-30,WIN,0.008998435054773083
2010-11-30,WPI,0.004303599374021909
2010-11-30,WYNN,0.008607198748043818
2010-11-30,YUM,0.01564945226917058
2010-12-31,AAPL*,0.016563146997929608
2010-12-31,AIV,0.012422360248447204
2010-12-31,AKAM,0.026915113871635612
2010-12-31,ALTR,0.013664596273291925
2010-12-31,AZO,0.02857142857142857
2010-12-31,BLL,0.009109730848861283
2010-12-31,CAT,0.006625258799171843
2010-12-31,CB,0.015320910973084885
2010-12-31,CMI,0.02650103519668737
2010-12-31,COH,0.015734989648033125
2010-12-31,CPWR,0.004554865424430642
2010-12-31,CRM,0.02608695652173913
2010-12-31,CTSH,0.024844720496894408
2010-12-31,CTXS,0.013250517598343685
2010-12-31,DD,0.011180124223602485
2010-12-31,DRI,0.01780538302277433
2010-12-31,DVA,0.004140786749482402
2010-12-31,EL,0.017391304347826087
2010-12-31,EP,0.016149068322981366
2010-12-31,EQR,0.019461697722567287
2010-12-31,ETFC,0.028157349896480333
2010-12-31,ETN,0.007453416149068323
2010-12-31,EXPD,0.011594202898550725
2010-12-31,F,0.008281573498964804
2010-12-31,FDO,0.02774327122153209
2010-12-31,FMC,0.014906832298136646
2010-12-31,GPC,0.014078674948240166
2010-12-31,GR,0.010766045548654244
2010-12-31,GWW,0.002484472049689441
2010-12-31,HAS,0.02318840579710145
2010-12-31,HOT,0.0004140786749482397
2010-12-31,HRL,0.02567287784679089
2010-12-31,HUM,0.003312629399585921
2010-12-31,INTU,0.02236024844720497
2010-12-31,LTD,0.02111801242236025
2010-12-31,M,0.007039337474120083
2010-12-31,MAR,0.0016563146997929607
2010-12-31,MAT,0.010351966873706004
2010-12-31,MCD,0.02194616977225673
2010-12-31,MJN,0.02360248447204969
2010-12-31,MKC,0.02525879917184265
2010-12-31,MO,0.004968944099378883
2010-12-31,NKE,0.002070393374741201
2010-12-31,NOVL,0.005797101449275362
2010-12-31,NTAP,0.005383022774327121
2010-12-31,ORLY,0.02401656314699793
2010-12-31,PCAR,0.0008281573498964803
2010-12-31,PCLN,0.007867494824016562
2010-12-31,PH,0.012836438923395446
2010-12-31,PPG,0.002898550724637681
2010-12-31,PXD,0.01904761904761905
2010-12-31,QWST,0.02732919254658385
2010-12-31,RHT,0.009523809523809525
2010-12-31,ROP,0.012008281573498964
2010-12-31,ROST,0.02443064182194617
2010-12-31,SBUX,0.009937888198757764
2010-12-31,SLE,0.006211180124223602
2010-12-31,SRCL,0.020703933747412008
2010-12-31,SUN,0.020289855072463767
2010-12-31,T3W1,0.021532091097308487
2010-12-31,TMK,0.008695652173913044
2010-12-31,UNP,0.018219461697722567
2010-12-31,VAR,0.014492753623188406
2010-12-31,VRSN,0.022774327122153208
2010-12-31,WEC,0.0037267080745341623
2010-12-31,WFM,0.018633540372670808
2010-12-31,WPI,0.0012422360248447208
2010-12-31,WYNN,0.016977225672877846
2010-12-31,YUM,0.01987577639751553
2011-01-31,AAPL*,0.017909649826249666
2011-01-31,AIG*,0.014434643143544507
2011-01-31,AIV,0.016305800588078054
2011-01-31,AKAM,0.01764234161988773
2011-01-31,ALTR,0.011761561079925154
2011-01-31,AMP,0.0008019246190858059
2011-01-31,AN,0.006148088746324512
2011-01-31,ANF,0.0010692328254477412
2011-01-31,AVB,0.0045442395081529
2011-01-31,AZO,0.022988505747126436
2011-01-31,BFB,0.004276931301790965
2011-01-31,BLL,0.00855386260358193
2011-01-31,CAT,0.01657310879443999
2011-01-31,CB,0.013900026730820636
2011-01-31,CBG,0.0018711574445335472
2011-01-31,CHRW,0.005346164127238706
2011-01-31,CMI,0.02218658112804063
2011-01-31,COH,0.009623095429029671
2011-01-31,CPWR,0.0029403902699812884
2011-01-31,CRM,0.021384656508954825
2011-01-31,CSX,0.007751937984496124
2011-01-31,CTSH,0.021919272921678695
2011-01-31,CTXS,0.005880780539962577
2011-01-31,DD,0.01309810211173483
2011-01-31,DE,0.0136327185244587
2011-01-31,EL,0.0048115477145148355
2011-01-31,EMC,0.011226944667201283
2011-01-31,EP,0.003475006682705159
2011-01-31,EQR,0.018978882651697407
2011-01-31,ES,0.0032076984763432237
2011-01-31,ETFC,0.0227211975407645
2011-01-31,ETN,0.009355787222667736
2011-01-31,EXPD,0.006415396952686447
2011-01-31,FCX*,0.0037423148890670943
2011-01-31,FDO,0.02165196471531676
2011-01-31,FMC,0.017375033413525795
2011-01-31,FTI,0.00801924619085806
2011-01-31,GPC,0.015503875968992248
2011-01-31,GR,0.010959636460839348
2011-01-31,GWW,0.00400962309542903
2011-01-31,HAS,0.01871157444533547
2011-01-31,HOT,0.011494252873563218
2011-01-31,HRL,0.020048115477145148
2011-01-31,HST,0.0090884790163058
2011-01-31,IFF,0.006950013365410318
2011-01-31,INTU,0.02058273188986902
2011-01-31,KIM,0.0005346164127238706
2011-01-31,LH,0.0024057738572574178
2011-01-31,LTD,0.0021384656508954825
2011-01-31,LUMN,0.014167334937182571
2011-01-31,MAR,0.006682705159048383
2011-01-31,MCD,0.010692328254477412
2011-01-31,MJN,0.018444266238973536
2011-01-31,MKC,0.020315423683507083
2011-01-31,MUR,0.0016038492381716118
2011-01-31,NTAP,0.019246190858059342
2011-01-31,NVLS,0.010425020048115477
2011-01-31,ORLY,0.0181769580326116
2011-01-31,PCAR,0.0013365410318096765
2011-01-31,PCLN,0.010157711841753542
2011-01-31,PCS,0.019780807270783213
2011-01-31,PH,0.008286554397219995
2011-01-31,PPG,0.005078855920876771
2011-01-31,PXD,0.02111734830259289
2011-01-31,QWST,0.022453889334402566
2011-01-31,RHT,0.019513499064421277
2011-01-31,ROP,0.015771184175354183
2011-01-31,ROST,0.007217321571772253
2011-01-31,SBUX,0.013365410318096765
2011-01-31,SLE,0.01256348569901096
2011-01-31,SNDK,0.012296177492649024
2011-01-31,SO,0.002673082063619353
2011-01-31,SPG,0.009890403635391606
2011-01-31,SRCL,0.020850040096230954
2011-01-31,SUN,0.016840417000801924
2011-01-31,T3W1,0.015236567762630313
2011-01-31,TDC,0.007484629778134189
2011-01-31,UNP,0.01710772520716386
2011-01-31,VAR,0.0002673082063619353
2011-01-31,VRSN,0.014969259556268377
2011-01-31,VTR,0.008821170809943865
2011-01-31,WFM,0.01603849238171612
2011-01-31,WIN,0.014701951349906442
2011-01-31,WPI,0.012830793905372895
2011-01-31,WYNN,0.0056134723336006415
2011-01-31,YUM,0.012028869286287089
2011-02-28,AAPL*,0.02115987460815047
2011-02-28,ADI,0.006530825496342737
2011-02-28,AIV,0.011755485893416929
2011-02-28,AKAM,0.019592476489028215
2011-02-28,ALTR,0.008359456635318705
2011-02-28,AMP,0.01018808777429467
2011-02-28,AN,0.016457680250783698
2011-02-28,AVB,0.008881922675026124
2011-02-28,AZO,0.02168234064785789
2011-02-28,BLL,0.009926854754440962
2011-02-28,BXP,0.011494252873563218
2011-02-28,CAT,0.018547544409613374
2011-02-28,CB,0.013061650992685475
2011-02-28,CBG,0.01123301985370951
2011-02-28,CBS,0.0013061650992685476
2011-02-28,CHRW,0.013584117032392894
2011-02-28,CMI,0.017241379310344827
2011-02-28,CMS,0.001567398119122257
2011-02-28,COH,0.0007836990595611291
2011-02-28,COP,0.0073145245559038665
2011-02-28,CRM,0.0219435736677116
2011-02-28,CSX,0.01619644723092999
2011-02-28,CTSH,0.020637408568443052
2011-02-28,DC7,0.014890282131661442
2011-02-28,DD,0.01671891327063741
2011-02-28,DE,0.01698014629049112
2011-02-28,EMC,0.019070010449320794
2011-02-28,EMN,0.008620689655172414
2011-02-28,EP,0.018025078369905956
2011-02-28,EQR,0.019331243469174503
2011-02-28,ES,0.014367816091954023
2011-02-28,ETFC,0.022727272727272728
2011-02-28,ETN,0.007836990595611285
2011-02-28,FIS,0.0036572622779519333
2011-02-28,FISV,0.00522466039707419
2011-02-28,FLR,0.004963427377220481
2011-02-28,FMC,0.0023510971786833857
2011-02-28,FTI,0.014629049111807733
2011-02-28,GPC,0.010710553814002089
2011-02-28,GR,0.012800417972831766
2011-02-28,HRL,0.004440961337513063
2011-02-28,HST,0.005747126436781609
2011-02-28,IBM,0.009404388714733543
2011-02-28,IFF,0.007053291536050157
2011-02-28,INTU,0.01541274817136886
2011-02-28,LH,0.012016718913270637
2011-02-28,LUMN,0.0026123301985370943
2011-02-28,MCHP,0.008098223615464995
2011-02-28,MKC,0.003918495297805642
2011-02-28,MRO,0.013322884012539185
2011-02-28,NOV,0.006792058516196447
2011-02-28,NTAP,0.021421107628004178
2011-02-28,NVLS,0.019853709508881923
2011-02-28,ORLY,0.0109717868338558
2011-02-28,PCAR,0.004702194357366771
2011-02-28,PCLN,0.007575757575757576
2011-02-28,PCS,0.02246603970741902
2011-02-28,PGN,0.006269592476489028
2011-02-28,PH,0.0033960292580982234
2011-02-28,PSA,0.0054858934169279
2011-02-28,PXD,0.022204806687565307
2011-02-28,QWST,0.02089864158829676
2011-02-28,RHT,0.01567398119122257
2011-02-28,ROK,0.00026123301985370953
2011-02-28,ROP,0.012539184952978056
2011-02-28,ROST,0.0041797283176593526
2011-02-28,SBUX,0.01044932079414838
2011-02-28,SEE,0.0060083594566353185
2011-02-28,SO,0.009143155694879833
2011-02-28,SPG,0.012277951933124347
2011-02-28,SRCL,0.02037617554858934
2011-02-28,SUN,0.020114942528735632
2011-02-28,T3W1,0.015151515151515152
2011-02-28,TDC,0.013845350052246604
2011-02-28,TER,0.0005224660397074191
2011-02-28,TMK,0.0028735632183908046
2011-02-28,TXN,0.0020898641588296763
2011-02-28,UNP,0.017763845350052248
2011-02-28,VAR,0.0018286311389759666
2011-02-28,VIAB,0.003134796238244514
2011-02-28,VRSN,0.017502612330198536
2011-02-28,VTR,0.01593521421107628
2011-02-28,WEC,0.014106583072100314
2011-02-28,WIN,0.0010449320794148377
2011-02-28,WPI,0.018808777429467086
2011-02-28,WYNN,0.018286311389759665
2011-02-28,YUM,0.009665621734587251
2011-03-31,AAPL*,0.01772784019975031
2011-03-31,ABC,0.0009987515605493133
2011-03-31,ADI,0.016729088639200997
2011-03-31,AIV,0.0004993757802746572
2011-03-31,ALTR,0.019225967540574283
2011-03-31,AMT,0.012484394506866416
2011-03-31,AN,0.020224719101123594
2011-03-31,AVB,0.009488139825218476
2011-03-31,AZO,0.021473158551810236
2011-03-31,BMC,0.005493133583021223
2011-03-31,BTU,0.0019975031210986267
2011-03-31,CAT,0.016978776529338328
2011-03-31,CB,0.014232209737827715
2011-03-31,CBG,0.00599250936329588
2011-03-31,CBS,0.015480649188514358
2011-03-31,CMI,0.010486891385767791
2011-03-31,CMS,0.0012484394506866417
2011-03-31,COP,0.012734082397003745
2011-03-31,CRM,0.020474406991260925
2011-03-31,CSX,0.016229712858926344
2011-03-31,CTSH,0.02072409488139825
2011-03-31,CVX,0.0044943820224719105
2011-03-31,DC7,0.012983770287141073
2011-03-31,DD,0.0149812734082397
2011-03-31,DE,0.01523096129837703
2011-03-31,DTV,0.010986267166042446
2011-03-31,DVN,0.01373283395755306
2011-03-31,EL,0.004244694132334582
2011-03-31,EMC,0.019975031210986267
2011-03-31,EMN,0.0029962546816479398
2011-03-31,EP,0.01972534332084894
2011-03-31,EQR,0.01647940074906367
2011-03-31,ES,0.008489388264669164
2011-03-31,ETFC,0.022222222222222223
2011-03-31,ETN,0.0007490636704119849
2011-03-31,FIS,0.01348314606741573
2011-03-31,FISV,0.006741573033707865
2011-03-31,FLR,0.0052434456928838954
2011-03-31,FMC,0.006242197253433208
2011-03-31,GPC,0.010237203495630462
2011-03-31,HAL,0.0022471910112359553
2011-03-31,HP,0.01947565543071161
2011-03-31,HUM,0.013982521847690388
2011-03-31,IBM,0.009737827715355805
2011-03-31,INTU,0.018726591760299626
2011-03-31,IPG,0.00024968789013732833
2011-03-31,KLAC,0.007240948813982522
2011-03-31,LH,0.007740324594257179
2011-03-31,MCHP,0.006991260923845194
2011-03-31,MKC,0.013233458177278402
2011-03-31,MMC,0.004993757802746567
2011-03-31,MRO,0.014731585518102372
2011-03-31,NOV,0.018976279650436953
2011-03-31,NTAP,0.015980024968789013
2011-03-31,NVLS,0.018476903870162296
2011-03-31,OKE,0.01198501872659176
2011-03-31,PCLN,0.005742821473158552
2011-03-31,PCS,0.021972534332084893
2011-03-31,PGN,0.009987515605493134
2011-03-31,PPG,0.004744069912609238
2011-03-31,PXD,0.02122347066167291
2011-03-31,QWST,0.003995006242197254
2011-03-31,RHT,0.011735330836454432
2011-03-31,RL,0.003745318352059925
2011-03-31,ROK,0.01223470661672909
2011-03-31,ROP,0.017478152309612985
2011-03-31,ROST,0.008988764044943821
2011-03-31,SBUX,0.011235955056179775
2011-03-31,SEE,0.010736579275905118
2011-03-31,SO,0.003495630461922597
2011-03-31,SPG,0.015730337078651686
2011-03-31,SRCL,0.021722846441947566
2011-03-31,SUN,0.009238451935081148
2011-03-31,T3W1,0.008239700374531835
2011-03-31,TDC,0.020973782771535582
2011-03-31,TER,0.006491885143570537
2011-03-31,TSO,0.007990012484394507
2011-03-31,TXN,0.014481897627965045
2011-03-31,UNH,0.0032459425717852684
2011-03-31,UNP,0.011485642946317104
2011-03-31,UNS1,0.0027465667915106116
2011-03-31,VLO,0.00149812734082397
2011-03-31,VRSN,0.01822721598002497
2011-03-31,WEC,0.00749063670411985
2011-03-31,WFM,0.017977528089887642
2011-03-31,WPI,0.017228464419475654
2011-03-31,WYNN,0.008739076154806492
2011-03-31,XOM,0.0017478152309612985
2011-03-31,YUM,0.0024968789013732834
2011-04-30,AAPL*,0.011226944667201283
2011-04-30,ADI,0.012296177492649024
2011-04-30,ALTR,0.020850040096230954
2011-04-30,AMT,0.012028869286287089
2011-04-30,AN,0.020048115477145148
2011-04-30,AZO,0.021919272921678695
2011-04-30,BIIB,0.00400962309542903
2011-04-30,BMC,0.0016038492381716118
2011-04-30,BTU,0.013365410318096765
2011-04-30,CAT,0.0181769580326116
2011-04-30,CB,0.016305800588078054
2011-04-30,CBG,0.009355787222667736
2011-04-30,CBS,0.007751937984496124
2011-04-30,CF,0.0021384656508954825
2011-04-30,CI,0.00855386260358193
2011-04-30,CLF,0.00801924619085806
2011-04-30,CMI,0.0032076984763432237
2011-04-30,COG,0.0037423148890670943
2011-04-30,CRM,0.01764234161988773
2011-04-30,CSX,0.014167334937182571
2011-04-30,CTSH,0.02218658112804063
2011-04-30,CTXS,0.006682705159048383
2011-04-30,DC7,0.01871157444533547
2011-04-30,DD,0.009623095429029671
2011-04-30,DE,0.019246190858059342
2011-04-30,DTV,0.003475006682705159
2011-04-30,DVA,0.015503875968992248
2011-04-30,DVN,0.013900026730820636
2011-04-30,EL,0.006148088746324512
2011-04-30,EMC,0.016840417000801924
2011-04-30,EMN,0.007217321571772253
2011-04-30,EP,0.01256348569901096
2011-04-30,ES,0.015236567762630313
2011-04-30,ETFC,0.022988505747126436
2011-04-30,FISV,0.0045442395081529
2011-04-30,FMC,0.01309810211173483
2011-04-30,GPC,0.012830793905372895
2011-04-30,HAL,0.010425020048115477
2011-04-30,HAS,0.007484629778134189
2011-04-30,HP,0.02111734830259289
2011-04-30,HUM,0.021384656508954825
2011-04-30,IBM,0.011761561079925154
2011-04-30,INTU,0.01710772520716386
2011-04-30,JNPR,0.0018711574445335472
2011-04-30,KO,0.011494252873563218
2011-04-30,LH,0.004276931301790965
2011-04-30,LUK,0.008821170809943865
2011-04-30,MCHP,0.006950013365410318
2011-04-30,MEE,0.005880780539962577
2011-04-30,MKC,0.009890403635391606
2011-04-30,MMC,0.0029403902699812884
2011-04-30,MRO,0.018978882651697407
2011-04-30,NOV,0.017375033413525795
2011-04-30,NVLS,0.008286554397219995
2011-04-30,OKE,0.010157711841753542
2011-04-30,PCLN,0.014701951349906442
2011-04-30,PCS,0.0227211975407645
2011-04-30,PGN,0.010692328254477412
2011-04-30,PLL,0.0048115477145148355
2011-04-30,PM,0.0090884790163058
2011-04-30,PNW,0.0013365410318096765
2011-04-30,PPG,0.005078855920876771
2011-04-30,PXD,0.02058273188986902
2011-04-30,QCI,0.0010692328254477412
2011-04-30,RHT,0.018444266238973536
2011-04-30,ROK,0.0136327185244587
2011-04-30,ROP,0.01657310879443999
2011-04-30,ROST,0.0005346164127238706
2011-04-30,SBUX,0.015771184175354183
2011-04-30,SRCL,0.02165196471531676
2011-04-30,SUN,0.010959636460839348
2011-04-30,T3W1,0.0024057738572574178
2011-04-30,TDC,0.022453889334402566
2011-04-30,TMK,0.005346164127238706
2011-04-30,TSO,0.019513499064421277
2011-04-30,TXN,0.002673082063619353
2011-04-30,UNH,0.019780807270783213
2011-04-30,UNP,0.014969259556268377
2011-04-30,VIAB,0.006415396952686447
2011-04-30,VLO,0.0056134723336006415
2011-04-30,VRSN,0.017909649826249666
2011-04-30,VTR,0.0002673082063619353
2011-04-30,VZ,0.014434643143544507
2011-04-30,WFM,0.020315423683507083
2011-04-30,WPI,0.01603849238171612
2011-04-30,XL,0.0008019246190858059
2011-05-31,ADI,0.0038304392236976504
2011-05-31,ADP,0.004851889683350358
2011-05-31,ALTR,0.021195097037793667
2011-05-31,AN,0.00689479060265577
2011-05-31,ANF,0.0030643513789581204
2011-05-31,ANTM,0.013278855975485188
2011-05-31,AZO,0.019662921348314606
2011-05-31,BCR,0.005873340143003065
2011-05-31,BHI,0.008937691521961185
2011-05-31,BIIB,0.018386108273748723
2011-05-31,BTU,0.007916241062308479
2011-05-31,CAT,0.01940755873340143
2011-05-31,CB,0.019152196118488254
2011-05-31,CBG,0.00025536261491317623
2011-05-31,CBS,0.005107252298263534
2011-05-31,CF,0.012002042900919305
2011-05-31,CI,0.001787538304392237
2011-05-31,CMI,0.005362614913176711
2011-05-31,CMS,0.0020429009193054137
2011-05-31,CNP,0.002553626149131767
2011-05-31,COP,0.0007660878447395301
2011-05-31,CRM,0.014300306435137897
2011-05-31,CSX,0.01251276813074566
2011-05-31,CTSH,0.022216547497446375
2011-05-31,CTXS,0.01481103166496425
2011-05-31,DC7,0.020684371807967315
2011-05-31,DD,0.015066394279877425
2011-05-31,DE,0.01634320735444331
2011-05-31,DVA,0.0010214504596527067
2011-05-31,DVN,0.003575076608784474
2011-05-31,ED,0.0040858018386108275
2011-05-31,EL,0.0056179775280898875
2011-05-31,EMC,0.01710929519918284
2011-05-31,EMN,0.013534218590398366
2011-05-31,EP,0.016853932584269662
2011-05-31,EQR,0.010214504596527068
2011-05-31,ES,0.0186414708886619
2011-05-31,ETFC,0.02247191011235955
2011-05-31,FMC,0.014044943820224719
2011-05-31,GPC,0.007660878447395302
2011-05-31,GWW,0.0012768130745658835
2011-05-31,HAL,0.017620020429009193
2011-05-31,HP,0.017364657814096015
2011-05-31,HUM,0.020429009193054137
2011-05-31,IBM,0.010980592441266599
2011-05-31,IFF,0.009703779366700716
2011-05-31,INTU,0.013789581205311542
2011-05-31,KO,0.010469867211440245
2011-05-31,LH,0.008682328907048007
2011-05-31,LUK,0.015321756894790603
2011-05-31,MCHP,0.011235955056179775
2011-05-31,MCO,0.014555669050051073
2011-05-31,MEE,0.009193054136874362
2011-05-31,MKC,0.004596527068437181
2011-05-31,MMC,0.01174668028600613
2011-05-31,MRO,0.015832482124616958
2011-05-31,NBL,0.007405515832482125
2011-05-31,NOV,0.01557711950970378
2011-05-31,OKE,0.016598569969356484
2011-05-31,PA9,0.008426966292134831
2011-05-31,PCLN,0.021450459652706845
2011-05-31,PCS,0.02017364657814096
2011-05-31,PGN,0.013023493360572012
2011-05-31,PLL,0.008171603677221655
2011-05-31,PM,0.018896833503575076
2011-05-31,PNW,0.007150153217568948
2011-05-31,PPG,0.0005107252298263533
2011-05-31,PX,0.0022982635342185904
2011-05-31,PXD,0.01787538304392237
2011-05-31,QCI,0.0015321756894790602
2011-05-31,RHT,0.016087844739530132
2011-05-31,ROP,0.012768130745658836
2011-05-31,SE,0.006639427987742594
2011-05-31,SO,0.0028089887640449437
2011-05-31,SPG,0.006128702757916241
2011-05-31,SRCL,0.02093973442288049
2011-05-31,T3W1,0.003319713993871297
2011-05-31,TDC,0.02170582226762002
2011-05-31,TSO,0.019918283963227784
2011-05-31,UNH,0.021961184882533197
2011-05-31,UNP,0.018130745658835545
2011-05-31,VIAB,0.012257405515832482
2011-05-31,VRSN,0.004341164453524005
2011-05-31,VZ,0.009959141981613892
2011-05-31,WMB,0.011491317671092951
2011-05-31,WPI,0.010725229826353423
2011-05-31,WYNN,0.006384065372829418
2011-05-31,XOM,0.009448416751787538
2011-06-30,ADI,0.006012658227848101
2011-06-30,ADP,0.007594936708860759
2011-06-30,ALTR,0.018354430379746836
2011-06-30,AMP,0.00949367088607595
2011-06-30,AMZN,0.002531645569620253
2011-06-30,AN,0.0003164556962025316
2011-06-30,ANF,0.019936708860759492
2011-06-30,ANTM,0.014873417721518987
2011-06-30,AVB,0.011075949367088608
2011-06-30,AZO,0.01708860759493671
2011-06-30,BCR,0.02088607594936709
2011-06-30,BIIB,0.008544303797468355
2011-06-30,BMC,0.014556962025316455
2011-06-30,BXP,0.0009493670886075949
2011-06-30,CAT,0.004746835443037976
2011-06-30,CB,0.024050632911392405
2011-06-30,CBG,0.010126582278481013
2011-06-30,CBS,0.021518987341772152
2011-06-30,CF,0.02120253164556962
2011-06-30,CI,0.012658227848101266
2011-06-30,CLF,0.008227848101265823
2011-06-30,CMS,0.010443037974683544
2011-06-30,CNP,0.009810126582278481
2011-06-30,COG,0.007278481012658228
2011-06-30,COST,0.0022151898734177216
2011-06-30,CRM,0.014240506329113924
2011-06-30,CSX,0.015189873417721518
2011-06-30,CTSH,0.002848101265822786
2011-06-30,CTXS,0.01170886075949367
2011-06-30,CVH,0.022151898734177215
2011-06-30,DC7,0.01930379746835443
2011-06-30,ED,0.012341772151898734
2011-06-30,EL,0.015822784810126583
2011-06-30,EMC,0.009177215189873418
2011-06-30,EMN,0.017721518987341773
2011-06-30,EP,0.019620253164556962
2011-06-30,EQR,0.0189873417721519
2011-06-30,ES,0.021835443037974682
2011-06-30,FISV,0.01139240506329114
2011-06-30,GPC,0.013924050632911392
2011-06-30,HAL,0.018670886075949366
2011-06-30,HUM,0.023101265822784812
2011-06-30,IFF,0.02341772151898734
2011-06-30,KO,0.004430379746835443
2011-06-30,LH,0.013291139240506329
2011-06-30,LUK,0.008860759493670886
2011-06-30,MCO,0.018037974683544303
2011-06-30,MKC,0.005063291139240506
2011-06-30,MMC,0.016772151898734176
2011-06-30,MRO,0.004113924050632911
2011-06-30,NBL,0.02278481012658228
2011-06-30,NI,0.0006329113924050633
2011-06-30,NOV,0.016455696202531647
2011-06-30,OKE,0.020569620253164556
2011-06-30,PCLN,0.025
2011-06-30,PCS,0.024683544303797468
2011-06-30,PFE,0.01550632911392405
2011-06-30,PGN,0.001582278481012658
2011-06-30,PM,0.022468354430379745
2011-06-30,PNW,0.01360759493670886
2011-06-30,QCI,0.010759493670886076
2011-06-30,ROST,0.00569620253164557
2011-06-30,SE,0.0037974683544303796
2011-06-30,SLM,0.003481012658227848
2011-06-30,SO,0.012025316455696202
2011-06-30,SPG,0.016139240506329113
2011-06-30,SYMC,0.0031645569620253164
2011-06-30,TDC,0.023734177215189875
2011-06-30,TIF,0.006329113924050633
2011-06-30,TSO,0.0018987341772151896
2011-06-30,UNH,0.024367088607594938
2011-06-30,UNP,0.020253164556962026
2011-06-30,VIAB,0.007911392405063292
2011-06-30,WMB,0.012974683544303797
2011-06-30,WPI,0.01740506329113924
2011-06-30,WYNN,0.005379746835443038
2011-06-30,XEL,0.006962025316455696
2011-06-30,XOM,0.006645569620253164
2011-06-30,YUM,0.0012658227848101266
2011-07-31,A,0.020673076923076922
2011-07-31,AET,0.009615384615384616
2011-07-31,ALTR,0.002403846153846154
2011-07-31,AMZN,0.01971153846153846
2011-07-31,ANTM,0.023076923076923078
2011-07-31,AZO,0.010576923076923078
2011-07-31,BCR,0.026923076923076925
2011-07-31,BIIB,0.015865384615384615
2011-07-31,BMC,0.022115384615384617
2011-07-31,CAH,0.004807692307692308
2011-07-31,CB,0.004326923076923075
2011-07-31,CBS,0.02548076923076923
2011-07-31,CI,0.02836538461538462
2011-07-31,CLF,0.014903846153846155
2011-07-31,CNP,0.008173076923076924
2011-07-31,COG,0.028846153846153848
2011-07-31,COH,0.011538461538461539
2011-07-31,COST,0.008653846153846154
2011-07-31,CVH,0.02980769230769231
2011-07-31,DC7,0.025
2011-07-31,DTV,0.006730769230769231
2011-07-31,DVA,0.0125
2011-07-31,EL,0.01730769230769231
2011-07-31,EMN,0.010096153846153847
2011-07-31,EP,0.011057692307692308
2011-07-31,EQR,0.01875
2011-07-31,ES,0.016826923076923076
2011-07-31,FMC,0.0019230769230769232
2011-07-31,FO,0.017788461538461538
2011-07-31,FRX,0.009134615384615385
2011-07-31,GPC,0.0033653846153846156
2011-07-31,HAL,0.007692307692307693
2011-07-31,HP,0.005288461538461539
2011-07-31,HUM,0.026442307692307692
2011-07-31,IBM,0.0028846153846153848
2011-07-31,IFF,0.027884615384615386
2011-07-31,LH,0.015384615384615385
2011-07-31,LSI,0.021153846153846155
2011-07-31,MA,0.0057692307692307696
2011-07-31,MMC,0.019230769230769232
2011-07-31,MYL,0.0004807692307692308
2011-07-31,NOV,0.023557692307692307
2011-07-31,OKE,0.025961538461538463
2011-07-31,PCLN,0.02451923076923077
2011-07-31,PCS,0.027403846153846154
2011-07-31,PFE,0.013461538461538462
2011-07-31,RL,0.01201923076923077
2011-07-31,ROST,0.012980769230769231
2011-07-31,SBUX,0.01826923076923077
2011-07-31,SE,0.0009615384615384616
2011-07-31,SPG,0.00625
2011-07-31,SRCL,0.016346153846153847
2011-07-31,SYMC,0.02403846153846154
2011-07-31,TDC,0.03028846153846154
2011-07-31,TIF,0.022596153846153846
2011-07-31,UNH,0.029326923076923077
2011-07-31,UNP,0.021634615384615384
2011-07-31,VIAB,0.020192307692307693
2011-07-31,WAT,0.0014423076923076924
2011-07-31,WFM,0.014423076923076924
2011-07-31,WMB,0.013942307692307693
2011-07-31,WPI,0.03076923076923077
2011-07-31,XOM,0.007211538461538462
2011-07-31,YUM,0.0038461538461538464
2011-08-31,AMZN,0.020905923344947737
2011-08-31,AN,0.015098722415795587
2011-08-31,ANF,0.013937282229965157
2011-08-31,AVB,0.010452961672473868
2011-08-31,BHI,0.012775842044134728
2011-08-31,CBS,0.03948896631823461
2011-08-31,CI,0.022067363530778164
2011-08-31,COG,0.047619047619047616
2011-08-31,COH,0.005807200929152149
2011-08-31,CVH,0.00813008130081301
2011-08-31,DC7,0.030197444831591175
2011-08-31,EL,0.03484320557491289
2011-08-31,EP,0.023228803716608595
2011-08-31,EQR,0.04645760743321719
2011-08-31,EQT,0.03716608594657375
2011-08-31,HAL,0.04065040650406504
2011-08-31,HP,0.027874564459930314
2011-08-31,IBM,0.024390243902439025
2011-08-31,IFF,0.00696864111498258
2011-08-31,LSI,0.04529616724738676
2011-08-31,MA,0.009291521486643438
2011-08-31,NBL,0.004645760743321719
2011-08-31,NOV,0.041811846689895474
2011-08-31,OKE,0.04413472706155633
2011-08-31,PCLN,0.0034843205574912883
2011-08-31,PCS,0.025551684088269456
2011-08-31,RL,0.011614401858304297
2011-08-31,RRC,0.032520325203252036
2011-08-31,SBUX,0.03832752613240418
2011-08-31,SLBA,0.0011614401858304297
2011-08-31,SPG,0.026713124274099883
2011-08-31,SYMC,0.019744483159117306
2011-08-31,TDC,0.018583042973286876
2011-08-31,TIF,0.036004645760743324
2011-08-31,TSO,0.0023228803716608595
2011-08-31,UNH,0.029036004645760744
2011-08-31,UNP,0.016260162601626018
2011-08-31,WFM,0.03368176538908246
2011-08-31,WMB,0.0313588850174216
2011-08-31,WPI,0.0429732868757259
2011-08-31,WYNN,0.017421602787456445
2011-09-30,AN,0.06552706552706553
2011-09-30,AVB,0.05698005698005698
2011-09-30,CF,0.039886039886039885
2011-09-30,COG,0.07407407407407407
2011-09-30,CVH,0.02564102564102564
2011-09-30,DC7,0.022792022792022793
2011-09-30,EL,0.02849002849002849
2011-09-30,EP,0.0028490028490028504
2011-09-30,EQR,0.06267806267806268
2011-09-30,EQT,0.04843304843304843
2011-09-30,GPC,0.014245014245014245
2011-09-30,HUM,0.03133903133903134
2011-09-30,KO,0.011396011396011397
2011-09-30,MA,0.045584045584045586
2011-09-30,MCD,0.03418803418803419
2011-09-30,NI,0.008547008547008548
2011-09-30,OKE,0.07122507122507123
2011-09-30,PCLN,0.037037037037037035
2011-09-30,PCP,0.005698005698005698
2011-09-30,PSA,0.017094017094017096
2011-09-30,RRC,0.05413105413105413
2011-09-30,SBUX,0.042735042735042736
2011-09-30,SPG,0.019943019943019943
2011-09-30,WFM,0.05982905982905983
2011-09-30,WPI,0.06837606837606838
2011-09-30,WYNN,0.05128205128205128
2011-10-31,AMZN,0.02803166170861116
2011-10-31,AZO,0.03604070791107149
2011-10-31,COG,0.05205880031599215
2011-10-31,COST,0.024027138607380993
2011-10-31,D,0.012013569303690496
2011-10-31,ED,0.004004523101230166
2011-10-31,MA,0.020022615506150827
2011-10-31,NI,0.04004523101230165
2011-10-31,RRC,0.03203618480984133
2011-10-31,SO,0.016018092404920664
2011-10-31,TDC,0.008009046202460332
2011-10-31,VFC,0.04404975411353182
2011-10-31,WFM,0.048054277214761985
2011-10-31,WPI,0.05606332341722232
2011-11-30,BBBY,0.008295673073798276
2011-11-30,BIIB,0.011060897431731035
2011-11-30,BMY,0.008986979163281466
2011-11-30,CAH,0.0013826121789663793
2011-11-30,CEG,0.010369591342247844
2011-11-30,CMS,0.003456530447415948
2011-11-30,CNP,0.01797395832656293
2011-11-30,COG,0.024195713131911635
2011-11-30,D,0.020739182684495688
2011-11-30,DUK,0.015900040058113362
2011-11-30,ED,0.0200478765950125
2011-11-30,EP,0.005530448715865517
2011-11-30,EQT,0.006913060894831896
2011-11-30,FE,0.004147836536899138
2011-11-30,GWW,0.0076043669843150865
2011-11-30,HUM,0.011752203521214224
2011-11-30,IBM,0.015208733968630173
2011-11-30,ISRG,0.013826121789663791
2011-11-30,MA,0.02143048877397888
2011-11-30,MCD,0.004839142626382327
2011-11-30,NI,0.02281310095294526
2011-11-30,OKE,0.01935657050552931
2011-11-30,PCP,0.0027652243579327587
2011-11-30,PGN,0.014517427879146982
2011-11-30,ROST,0.002073918268449569
2011-11-30,RRC,0.016591346147596553
2011-11-30,SBUX,0.009678285252764655
2011-11-30,SO,0.01728265223707974
2011-11-30,TDC,0.012443509610697413
2011-11-30,TJX,0.018665264416046122
2011-11-30,UNH,0.0006913060894831897
2011-11-30,VFC,0.023504407042428448
2011-11-30,VISA,0.0062217548053487065
2011-11-30,WFM,0.013134815700180602
2011-11-30,WPI,0.022121794863462066
2011-12-31,AEE,0.010712736158489788
2011-12-31,AET,0.002380608035219953
2011-12-31,AG4,0.0011903040176099765
2011-12-31,BIIB,0.009522432140879812
2011-12-31,BMY,0.023806080352199527
2011-12-31,CEG,0.008332128123269835
2011-12-31,CNP,0.015473952228929692
2011-12-31,COG,0.03928003258112922
2011-12-31,D,0.03689942454590927
2011-12-31,DTE,0.01309334419370974
2011-12-31,DUK,0.029757600440249412
2011-12-31,ED,0.030947904457859384
2011-12-31,EP,0.007141824105659859
2011-12-31,GWW,0.004761216070439906
2011-12-31,HUM,0.028567296422639436
2011-12-31,IBM,0.019044864281759624
2011-12-31,ISRG,0.02261577633458955
2011-12-31,MA,0.0404703365987392
2011-12-31,MCD,0.024996384369809506
2011-12-31,MHFI,0.005951520088049882
2011-12-31,NI,0.03808972856351925
2011-12-31,OKE,0.027376992405029457
2011-12-31,PCP,0.011903040176099763
2011-12-31,PGN,0.03451881651068932
2011-12-31,RAI,0.0035709120528299295
2011-12-31,ROST,0.021425472316979575
2011-12-31,RRC,0.0202351682993696
2011-12-31,SBUX,0.014283648211319718
2011-12-31,SO,0.02618668838741948
2011-12-31,TJX,0.03570912052829929
2011-12-31,UNH,0.01666425624653967
2011-12-31,VFC,0.03332851249307934
2011-12-31,VISA,0.03213820847546936
2011-12-31,XEL,0.017854560264149645
2012-01-31,ABT,0.021794064909683372
2012-01-31,AEP,0.010378126147468272
2012-01-31,AG4,0.011415938762215099
2012-01-31,ARG,0.0010378126147468272
2012-01-31,AZO,0.023869690139177023
2012-01-31,BFB,0.008302500917974617
2012-01-31,BIIB,0.005189063073734136
2012-01-31,BMY,0.03839906674563261
2012-01-31,CAG,0.017642814450696064
2012-01-31,CELG,0.009340313532721444
2012-01-31,CL,0.016605001835949235
2012-01-31,CNP,0.013491563991708753
2012-01-31,COG,0.022831877524430198
2012-01-31,D,0.03632344151613895
2012-01-31,DTE,0.019718439680189714
2012-01-31,DUK,0.03528562890139213
2012-01-31,ED,0.03736125413088578
2012-01-31,GWW,0.025945315368670677
2012-01-31,HSY,0.024907502753923852
2012-01-31,HUM,0.026983127983417506
2012-01-31,KFT,0.015567189221202406
2012-01-31,KMB,0.0031134378442404815
2012-01-31,LLY,0.007264688303227791
2012-01-31,LO,0.014529376606455582
2012-01-31,MA,0.04151250458987309
2012-01-31,MCD,0.04047469197512626
2012-01-31,MO,0.020756252294936543
2012-01-31,NI,0.03943687936037943
2012-01-31,OKE,0.029058753212911164
2012-01-31,ORLY,0.01868062706544289
2012-01-31,PGN,0.03321000367189847
2012-01-31,PM,0.006226875688480963
2012-01-31,PNW,0.0020756252294936543
2012-01-31,RAI,0.012453751376961926
2012-01-31,SBUX,0.030096565827657986
2012-01-31,SO,0.03217219105715164
2012-01-31,TJX,0.03424781628664529
2012-01-31,VFC,0.02802094059816433
2012-01-31,VISA,0.04255031720461991
2012-01-31,WFM,0.004151250458987309
2012-01-31,XEL,0.03113437844240481
2012-02-29,AAPL*,0.011603029659528872
2012-02-29,ABT,0.004351136122323327
2012-02-29,AEE,0.0019338382765881452
2012-02-29,AEP,0.0004834595691470371
2012-02-29,AG4,0.010636110521234797
2012-02-29,AMGN,0.021272221042469595
2012-02-29,AMT,0.011119570090381834
2012-02-29,ARG,0.018854923196734413
2012-02-29,AZO,0.02852411457967514
2012-02-29,BBBY,0.008702272244646652
2012-02-29,BFB,0.016437625350999234
2012-02-29,BIIB,0.020788761473322558
2012-02-29,BMY,0.021755680611616632
2012-02-29,CAG,0.01837146362758738
2012-02-29,CELG,0.028040655010528107
2012-02-29,CL,0.017888004058440342
2012-02-29,CMS,0.015954165781852197
2012-02-29,CTAS,0.013536867936117017
2012-02-29,CVS,0.017404544489293305
2012-02-29,DC7,0.002417297845735181
2012-02-29,DTE,0.012086489228675909
2012-02-29,DUK,0.02465643802649885
2012-02-29,ECL,0.005801514829764436
2012-02-29,ED,0.022722599749910706
2012-02-29,EXPE,0.020305301904175524
2012-02-29,GPC,0.010152650952087762
2012-02-29,GR,0.007735353106352581
2012-02-29,GWW,0.025623357164792925
2012-02-29,HD,0.004834595691470362
2012-02-29,HSY,0.00386767655317629
2012-02-29,HUM,0.016921084920146268
2012-02-29,IBM,0.01933838276588145
2012-02-29,ISRG,0.02223914018076367
2012-02-29,KFT,0.023206059319057743
2012-02-29,LLY,0.006284974398911472
2012-02-29,LTD,0.002900757414882218
2012-02-29,M,0.014987246643558124
2012-02-29,MA,0.02755719544138107
2012-02-29,MAT,0.013053408366969981
2012-02-29,MCD,0.029491033717969215
2012-02-29,MHFI,0.025139897595645888
2012-02-29,MJN,0.005318055260617399
2012-02-29,MRK,0.009669191382940725
2012-02-29,NI,0.02368951888820478
2012-02-29,OKE,0.012569948797822944
2012-02-29,ORLY,0.026106816733939962
2012-02-29,PCP,0.014020327505264054
2012-02-29,PGN,0.024172978457351817
2012-02-29,PNW,0.001450378707441109
2012-02-29,PSA,0.006768433968058508
2012-02-29,SBUX,0.026590276303086996
2012-02-29,SO,0.027073735872234033
2012-02-29,SPG,0.003384216984029254
2012-02-29,TJX,0.029007574148822178
2012-02-29,UNH,0.015470706212705162
2012-02-29,VFC,0.019821842335028487
2012-02-29,VISA,0.02997449328711625
2012-02-29,WFM,0.0072518935372055445
2012-02-29,WMT,0.008218812675499617
2012-02-29,WYND,0.0009669191382940726
2012-02-29,XEL,0.009185731813793691
2012-02-29,YUM,0.014503787074411089
2012-03-31,AAPL*,0.02245614035087719
2012-03-31,ABT,0.014035087719298248
2012-03-31,AEE,0.004210526315789474
2012-03-31,AET,0.0077192982456140355
2012-03-31,AG4,0.021403508771929824
2012-03-31,AMGN,0.017543859649122806
2012-03-31,AMT,0.016140350877192983
2012-03-31,ARG,0.014736842105263158
2012-03-31,AZO,0.025614035087719297
2012-03-31,BBBY,0.004561403508771929
2012-03-31,BFB,0.019649122807017545
2012-03-31,BIIB,0.011929824561403509
2012-03-31,BMY,0.015438596491228071
2012-03-31,CAG,0.003157894736842106
2012-03-31,CELG,0.02280701754385965
2012-03-31,CL,0.01649122807017544
2012-03-31,CMS,0.001754385964912281
2012-03-31,COH,0.00631578947368421
2012-03-31,COST,0.01087719298245614
2012-03-31,CTAS,0.009122807017543859
2012-03-31,CVS,0.021052631578947368
2012-03-31,D,0.01263157894736842
2012-03-31,DTE,0.002105263157894737
2012-03-31,DUK,0.018245614035087718
2012-03-31,ED,0.01368421052631579
2012-03-31,EIX,0.006666666666666667
2012-03-31,EP,0.007017543859649123
2012-03-31,EXPE,0.020701754385964912
2012-03-31,FE,0.008421052631578947
2012-03-31,GPC,0.0010526315789473675
2012-03-31,GR,0.011228070175438596
2012-03-31,GWW,0.024912280701754386
2012-03-31,HD,0.01719298245614035
2012-03-31,HSY,0.0014035087719298247
2012-03-31,HUM,0.0028070175438596485
2012-03-31,IBM,0.02
2012-03-31,INCO,0.009824561403508772
2012-03-31,ISRG,0.023508771929824562
2012-03-31,KFT,0.02175438596491228
2012-03-31,KMB,0.008771929824561403
2012-03-31,LO,0.004912280701754386
2012-03-31,LTD,0.013333333333333334
2012-03-31,M,0.022105263157894735
2012-03-31,MA,0.02526315789473684
2012-03-31,MAT,0.018947368421052633
2012-03-31,MCD,0.025964912280701753
2012-03-31,MHFI,0.023157894736842106
2012-03-31,MJN,0.016842105263157894
2012-03-31,MO,0.009473684210526316
2012-03-31,MRK,0.0059649122807017545
2012-03-31,MSFT,0.007368421052631579
2012-03-31,NI,0.024210526315789474
2012-03-31,NKE,0.01929824561403509
2012-03-31,OKE,0.005263157894736842
2012-03-31,ORLY,0.02456140350877193
2012-03-31,PCP,0.011578947368421053
2012-03-31,PGN,0.015087719298245613
2012-03-31,PM,0.0038596491228070177
2012-03-31,RL,0.010526315789473684
2012-03-31,SBUX,0.017894736842105262
2012-03-31,SCG,0.014385964912280702
2012-03-31,SHW,0.005614035087719298
2012-03-31,SO,0.020350877192982456
2012-03-31,SPG,0.010175438596491228
2012-03-31,SRE,0.0007017543859649122
2012-03-31,TSS,0.0003508771929824561
2012-03-31,UNH,0.015789473684210527
2012-03-31,VFC,0.023859649122807018
2012-03-31,VISA,0.02631578947368421
2012-03-31,WEC,0.012280701754385965
2012-03-31,WFM,0.0035087719298245615
2012-03-31,WMT,0.0024561403508771926
2012-03-31,WYND,0.012982456140350877
2012-03-31,XEL,0.008070175438596491
2012-03-31,YUM,0.018596491228070177
2012-04-30,AAPL*,0.022583559168925023
2012-04-30,ABT,0.015657934357121348
2012-04-30,AEE,0.0018066847335140015
2012-04-30,AET,0.006022282445046673
2012-04-30,AG4,0.016862390846130684
2012-04-30,AMGN,0.010538994278831678
2012-04-30,AMT,0.018066847335140017
2012-04-30,ARG,0.017765733212887685
2012-04-30,AZO,0.022282445046672688
2012-04-30,BFB,0.016260162601626018
2012-04-30,BMY,0.014453477868112014
2012-04-30,CBS,0.0027100271002710027
2012-04-30,CELG,0.023486901535682024
2012-04-30,CL,0.017163504968383016
2012-04-30,CMG,0.02408912978018669
2012-04-30,CMS,0.011743450767841012
2012-04-30,COST,0.0030111412225233367
2012-04-30,CSCO,0.0009033423667570009
2012-04-30,CTAS,0.011442336645588679
2012-04-30,CVS,0.014754591990364349
2012-04-30,D,0.010237880156579343
2012-04-30,DC7,0.015055706112616682
2012-04-30,DTE,0.0036133694670280035
2012-04-30,DUK,0.015356820234869015
2012-04-30,ED,0.009635651912074676
2012-04-30,EP,0.008732309545317675
2012-04-30,EXPE,0.012947907256850346
2012-04-30,FE,0.003914483589280337
2012-04-30,GILD,0.004516711833785004
2012-04-30,GPC,0.0057211683227943394
2012-04-30,GR,0.009033423667570008
2012-04-30,GWW,0.020174646190906354
2012-04-30,HD,0.01987353206865402
2012-04-30,HOG,0.005118940078289671
2012-04-30,HUM,0.004215597711532671
2012-04-30,IBM,0.018669075579644687
2012-04-30,INCO,0.000602228244504668
2012-04-30,ISRG,0.02168021680216802
2012-04-30,JBL,0.00030111412225233364
2012-04-30,KFT,0.012044564890093345
2012-04-30,KMB,0.01324902137910268
2012-04-30,KO,0.00331225534477567
2012-04-30,LEN,0.009334537789822343
2012-04-30,LOM,0.00662451068955134
2012-04-30,M,0.02077687443541102
2012-04-30,MA,0.021379102679915687
2012-04-30,MAT,0.01656127672387835
2012-04-30,MCD,0.022884673291177358
2012-04-30,MHFI,0.021077988557663355
2012-04-30,MJN,0.008130081300813009
2012-04-30,MKC,0.004817825956037338
2012-04-30,MO,0.01084010840108401
2012-04-30,MSFT,0.011141222523336344
2012-04-30,NI,0.021981330924420357
2012-04-30,NKE,0.019572417946401688
2012-04-30,NVLS,0.012345679012345678
2012-04-30,ORLY,0.023788015657934355
2012-04-30,PCLN,0.0021077988557663355
2012-04-30,PCP,0.008431195423065342
2012-04-30,PGN,0.00993676603432701
2012-04-30,PM,0.007828967178560674
2012-04-30,PNW,0.002408912978018669
2012-04-30,QCI,0.006925624811803674
2012-04-30,RL,0.007226738934056007
2012-04-30,SBUX,0.02318578741342969
2012-04-30,SCG,0.007527853056308341
2012-04-30,SHW,0.01746461909063535
2012-04-30,SO,0.018367961457392352
2012-04-30,SPG,0.013851249623607348
2012-04-30,TGT,0.0015055706112616681
2012-04-30,TSS,0.006323396567299007
2012-04-30,UNH,0.01415236374585968
2012-04-30,USB,0.013550135501355014
2012-04-30,VFC,0.020475760313158686
2012-04-30,VISA,0.024390243902439025
2012-04-30,WEC,0.015959048479373683
2012-04-30,WFM,0.018970189701897018
2012-04-30,WMT,0.0012044564890093346
2012-04-30,WYND,0.012646793134598013
2012-04-30,XEL,0.005420054200542005
2012-04-30,YUM,0.019271303824149353
2012-05-31,AAPL*,0.02323991797676008
2012-05-31,ABT,0.015379357484620642
2012-05-31,AG4,0.020164046479835954
2012-05-31,AMGN,0.0027341079972658926
2012-05-31,AMT,0.013328776486671223
2012-05-31,ARG,0.020847573479152427
2012-05-31,AZO,0.02460697197539303
2012-05-31,BBBY,0.0177717019822283
2012-05-31,BFB,0.01948051948051948
2012-05-31,BIIB,0.00888585099111415
2012-05-31,BMY,0.0030758714969241294
2012-05-31,CELG,0.010594668489405332
2012-05-31,CL,0.009227614490772385
2012-05-31,CMG,0.022898154477101845
2012-05-31,CMS,0.015037593984962405
2012-05-31,D,0.0034176349965823645
2012-05-31,DC7,0.017429938482570063
2012-05-31,DHI,0.000683526999316473
2012-05-31,DUK,0.01572112098427888
2012-05-31,EBAY,0.008544087491455913
2012-05-31,ED,0.006151742993848257
2012-05-31,EIX,0.0037593984962406013
2012-05-31,EXPE,0.012987012987012988
2012-05-31,FAST,0.01367053998632946
2012-05-31,FMC,0.00580997949419002
2012-05-31,GPC,0.0023923444976076554
2012-05-31,GPS,0.005126452494873548
2012-05-31,GR,0.006493506493506494
2012-05-31,GWW,0.021189336978810664
2012-05-31,HD,0.023581681476418318
2012-05-31,HOG,0.01161995898838004
2012-05-31,HSY,0.01469583048530417
2012-05-31,IBM,0.019822282980177717
2012-05-31,INCO,0.00683526999316473
2012-05-31,ISRG,0.024948735475051265
2012-05-31,KFT,0.012303485987696514
2012-05-31,KMB,0.011961722488038277
2012-05-31,KO,0.009569377990430622
2012-05-31,LEN,0.007518796992481203
2012-05-31,LOM,0.008202323991797676
2012-05-31,LOW,0.004442925495557075
2012-05-31,LTD,0.010936431989063569
2012-05-31,M,0.012645249487354751
2012-05-31,MA,0.024265208475734792
2012-05-31,MAT,0.016404647983595352
2012-05-31,MCD,0.0215311004784689
2012-05-31,MHFI,0.019138755980861243
2012-05-31,MJN,0.016062884483937116
2012-05-31,MKC,0.0017088174982911822
2012-05-31,MO,0.004784688995215311
2012-05-31,MSFT,0.011278195488721804
2012-05-31,NI,0.021872863978127138
2012-05-31,NKE,0.02221462747778537
2012-05-31,ORLY,0.025974025974025976
2012-05-31,PCLN,0.009911141490088858
2012-05-31,PCP,0.00786056049213944
2012-05-31,PGN,0.005468215994531784
2012-05-31,PM,0.0010252904989747095
2012-05-31,PSA,0.001367053998632946
2012-05-31,RL,0.004101161995898838
2012-05-31,SBUX,0.025290498974709502
2012-05-31,SCG,0.018113465481886533
2012-05-31,SHW,0.01845522898154477
2012-05-31,SO,0.017088174982911826
2012-05-31,SPG,0.014354066985645933
2012-05-31,SRE,0.010252904989747095
2012-05-31,TSS,0.007177033492822967
2012-05-31,UNH,0.0003417634996582368
2012-05-31,USB,0.014012303485987697
2012-05-31,VFC,0.023923444976076555
2012-05-31,VISA,0.02563226247436774
2012-05-31,WEC,0.02050580997949419
2012-05-31,WFM,0.022556390977443608
2012-05-31,WYND,0.01674641148325359
2012-05-31,XEL,0.002050580997949419
2012-05-31,YUM,0.018796992481203006
2012-06-30,AAPL*,0.04154589371980676
2012-06-30,ABT,0.017391304347826087
2012-06-30,AMT,0.03768115942028986
2012-06-30,ARG,0.007729468599033815
2012-06-30,AZO,0.03671497584541063
2012-06-30,BBBY,0.015458937198067632
2012-06-30,BFB,0.02318840579710145
2012-06-30,CINF,0.008695652173913044
2012-06-30,CL,0.004830917874396135
2012-06-30,CMG,0.03285024154589372
2012-06-30,CMS,0.033816425120772944
2012-06-30,DHI,0.005797101449275362
2012-06-30,DTE,0.018357487922705314
2012-06-30,DUK,0.030917874396135265
2012-06-30,ED,0.00966183574879227
2012-06-30,EFX,0.012560386473429951
2012-06-30,EIX,0.021256038647342997
2012-06-30,EXPE,0.025120772946859903
2012-06-30,GPS,0.003864734299516908
2012-06-30,GWW,0.0009661835748792265
2012-06-30,HD,0.035748792270531404
2012-06-30,HSY,0.01642512077294686
2012-06-30,ISRG,0.020289855072463767
2012-06-30,KMB,0.03188405797101449
2012-06-30,LEN,0.011594202898550725
2012-06-30,MA,0.010628019323671498
2012-06-30,MKC,0.001932367149758454
2012-06-30,MO,0.028019323671497585
2012-06-30,NI,0.03961352657004831
2012-06-30,ORLY,0.02705314009661836
2012-06-30,PGN,0.014492753623188406
2012-06-30,SBUX,0.02995169082125604
2012-06-30,SCG,0.043478260869565216
2012-06-30,SHW,0.04251207729468599
2012-06-30,SO,0.022222222222222223
2012-06-30,SRE,0.028985507246376815
2012-06-30,USB,0.002898550724637681
2012-06-30,VFC,0.006763285024154589
2012-06-30,VISA,0.034782608695652174
2012-06-30,WEC,0.03864734299516908
2012-06-30,WFM,0.04057971014492753
2012-06-30,WMT,0.01352657004830918
2012-06-30,WYND,0.02608695652173913
2012-06-30,XEL,0.024154589371980676
2012-06-30,YUM,0.01932367149758454
2012-07-31,AAPL*,0.015373864430468204
2012-07-31,ABT,0.023060796645702306
2012-07-31,AEE,0.001397624039133473
2012-07-31,AMGN,0.027253668763102725
2012-07-31,AMT,0.03563941299790356
2012-07-31,AZO,0.016771488469601678
2012-07-31,BFB,0.027952480782669462
2012-07-31,BIIB,0.0020964360587002098
2012-07-31,BMY,0.009084556254367574
2012-07-31,CINF,0.028651292802236196
2012-07-31,CL,0.02585604472396925
2012-07-31,CMS,0.03004891684136967
2012-07-31,COST,0.005590496156533892
2012-07-31,CVS,0.014675052410901468
2012-07-31,DC7,0.0069881201956673656
2012-07-31,DHI,0.009783368273934312
2012-07-31,DTE,0.025157232704402517
2012-07-31,DUK,0.030747728860936407
2012-07-31,ECL,0.010482180293501049
2012-07-31,ED,0.013976240391334731
2012-07-31,EFX,0.01607267645003494
2012-07-31,EIX,0.02445842068483578
2012-07-31,EXPE,0.004891684136967157
2012-07-31,HD,0.03284416491963662
2012-07-31,HSY,0.02236198462613557
2012-07-31,ISRG,0.002795248078266945
2012-07-31,KMB,0.03214535290006988
2012-07-31,LEN,0.02166317260656883
2012-07-31,MA,0.007686932215234102
2012-07-31,MKC,0.019566736547868623
2012-07-31,MO,0.033542976939203356
2012-07-31,MRK,0.0041928721174004195
2012-07-31,NCRA,0.0034940600978336828
2012-07-31,NEE,0.011180992313067784
2012-07-31,NI,0.026554856743535988
2012-07-31,PNW,0.01816911250873515
2012-07-31,PWR,0.012578616352201259
2012-07-31,RAI,0.011879804332634521
2012-07-31,SBUX,0.006289308176100631
2012-07-31,SCG,0.037037037037037035
2012-07-31,SHW,0.0363382250174703
2012-07-31,SO,0.020964360587002098
2012-07-31,SRE,0.03424178895877009
2012-07-31,T,0.013277428371767994
2012-07-31,USB,0.0006988120195667363
2012-07-31,VISA,0.029350104821802937
2012-07-31,VRSN,0.008385744234800839
2012-07-31,VZ,0.017470300489168415
2012-07-31,WEC,0.03494060097833683
2012-07-31,WFM,0.031446540880503145
2012-07-31,WMT,0.018867924528301886
2012-07-31,WYND,0.02026554856743536
2012-07-31,XEL,0.023759608665269043
2012-08-31,AAPL*,0.02564102564102564
2012-08-31,ABT,0.021870286576168928
2012-08-31,AMGN,0.033182503770739065
2012-08-31,AMT,0.03544494720965309
2012-08-31,BFB,0.015082956259426848
2012-08-31,BIIB,0.007541478129713423
2012-08-31,CINF,0.024886877828054297
2012-08-31,CL,0.014328808446455505
2012-08-31,CMCSA,0.013574660633484163
2012-08-31,CMS,0.03167420814479638
2012-08-31,COST,0.006033182503770739
2012-08-31,CVS,0.004524886877828054
2012-08-31,DC7,0.01282051282051282
2012-08-31,DHI,0.011312217194570135
2012-08-31,DIS,0.005279034690799397
2012-08-31,DTE,0.027149321266968326
2012-08-31,EBAY,0.00904977375565611
2012-08-31,EFX,0.023378582202111614
2012-08-31,EIX,0.02865761689291101
2012-08-31,EXPE,0.026395173453996983
2012-08-31,GPS,0.0196078431372549
2012-08-31,HD,0.03469079939668175
2012-08-31,HSY,0.0030165912518853692
2012-08-31,KMB,0.03092006033182504
2012-08-31,LEN,0.030165912518853696
2012-08-31,MAT,0.0015082956259426848
2012-08-31,MKC,0.021116138763197588
2012-08-31,MO,0.032428355957767725
2012-08-31,MRK,0.020361990950226245
2012-08-31,NEE,0.008295625942684766
2012-08-31,NI,0.010558069381598794
2012-08-31,PHM,0.02262443438914027
2012-08-31,PNW,0.01885369532428356
2012-08-31,RAI,0.0007541478129713432
2012-08-31,SCG,0.03770739064856712
2012-08-31,SHW,0.038461538461538464
2012-08-31,SO,0.012066365007541479
2012-08-31,SPG,0.003770739064856712
2012-08-31,SRE,0.03695324283559578
2012-08-31,T,0.033936651583710405
2012-08-31,TFC,0.006787330316742082
2012-08-31,TYC,0.0022624434389140274
2012-08-31,USB,0.029411764705882353
2012-08-31,VISA,0.02790346907993967
2012-08-31,VRSN,0.00980392156862745
2012-08-31,VZ,0.01583710407239819
2012-08-31,WEC,0.03619909502262444
2012-08-31,WFM,0.016591251885369532
2012-08-31,WMT,0.024132730015082957
2012-08-31,WYND,0.01809954751131222
2012-08-31,XEL,0.017345399698340876
2012-09-30,AAPL*,0.027469316189362946
2012-09-30,ABT,0.018118059614260665
2012-09-30,AKAM,0.006428988895382817
2012-09-30,ALL,0.026884862653419054
2012-09-30,AMGN,0.029807130333138514
2012-09-30,AMT,0.02162478082992402
2012-09-30,BIIB,0.008182349503214495
2012-09-30,CBS,0.011104617182933957
2012-09-30,CINF,0.028053769725306838
2012-09-30,CL,0.018702513150204558
2012-09-30,CMCSA,0.025131502045587374
2012-09-30,CTAS,0.0011689070718877848
2012-09-30,CVS,0.015780245470485097
2012-09-30,DC7,0.028638223261250734
2012-09-30,DHI,0.030391583869082403
2012-09-30,DIS,0.026300409117475162
2012-09-30,EBAY,0.02396259497369959
2012-09-30,EFX,0.023378141437755698
2012-09-30,EXPE,0.020455873758036237
2012-09-30,FITB,0.014611338398597311
2012-09-30,GILD,0.0035067212156633548
2012-09-30,GPS,0.030976037405026302
2012-09-30,HBAN,0.017533606078316773
2012-09-30,HD,0.032144944476914086
2012-09-30,KFT,0.012857977790765635
2012-09-30,LEN,0.03272939801285798
2012-09-30,M,0.0070134424313267095
2012-09-30,MAS,0.0017533606078316774
2012-09-30,MKC,0.024547048509643482
2012-09-30,MO,0.0023378141437755684
2012-09-30,MRK,0.012273524254821741
2012-09-30,NCRA,0.010520163646990065
2012-09-30,PAYX,0.0029222676797194622
2012-09-30,PFE,0.0058445353594389245
2012-09-30,PHM,0.03331385154880187
2012-09-30,PPG,0.009351256575102279
2012-09-30,RN7,0.019871420222092345
2012-09-30,ROP,0.008766803039158387
2012-09-30,RTN1,0.005260081823495032
2012-09-30,SCG,0.01694915254237288
2012-09-30,SHW,0.03389830508474576
2012-09-30,SNI,0.014026884862653419
2012-09-30,SPG,0.004675628287551139
2012-09-30,SRE,0.013442431326709525
2012-09-30,T,0.02104032729398013
2012-09-30,T3W1,0.0005844535359438924
2012-09-30,TFC,0.022209234365867914
2012-09-30,TMK,0.007597895967270602
2012-09-30,TT,0.009935710111046173
2012-09-30,TYC,0.011689070718877849
2012-09-30,USB,0.031560490940970194
2012-09-30,VISA,0.01928696668614845
2012-09-30,VRSN,0.02571595558153127
2012-09-30,WFC*,0.01636469900642899
2012-09-30,WFM,0.022793687901811806
2012-09-30,WMT,0.015195791934541203
2012-09-30,WY,0.004091174751607247
2012-09-30,WYND,0.029222676797194622
2012-10-31,AAPL*,0.023553507424475168
2012-10-31,ABT,0.019969278033794162
2012-10-31,ALL,0.02867383512544803
2012-10-31,AMGN,0.026113671274961597
2012-10-31,AMT,0.020993343573988736
2012-10-31,CINF,0.018433179723502304
2012-10-31,CL,0.01894521249359959
2012-10-31,CMCSA,0.022529441884280594
2012-10-31,COST,0.002560163850486431
2012-10-31,CTAS,0.01945724526369688
2012-10-31,CVS,0.02048131080389145
2012-10-31,DC7,0.029697900665642603
2012-10-31,DHI,0.029185867895545316
2012-10-31,DIS,0.027649769585253458
2012-10-31,DVA,0.008704557091653867
2012-10-31,EBAY,0.021505376344086023
2012-10-31,EFX,0.012800819252432157
2012-10-31,EXPE,0.02816180235535074
2012-10-31,GEC,0.00819252432155658
2012-10-31,GILD,0.015873015873015872
2012-10-31,GPS,0.02457757296466974
2012-10-31,HBAN,0.016897081413210446
2012-10-31,HD,0.030721966205837174
2012-10-31,HSY,0.0056323604710701485
2012-10-31,KMB,0.013824884792626729
2012-10-31,LEN,0.030209933435739886
2012-10-31,LLY,0.015360983102918587
2012-10-31,LOM,0.006144393241167435
2012-10-31,MDT,0.014336917562724014
2012-10-31,MHFI,0.00409626216077829
2012-10-31,MKC,0.025089605734767026
2012-10-31,MO,0.0010240655401945725
2012-10-31,MRK,0.013312852022529442
2012-10-31,MTZ,0.0015360983102918587
2012-10-31,NCRA,0.01228878648233487
2012-10-31,NEE,0.007168458781362007
2012-10-31,PFE,0.010752688172043012
2012-10-31,PHM,0.03123399897593446
2012-10-31,PKI,0.002048131080389145
2012-10-31,PNW,0.0030721966205837174
2012-10-31,RN7,0.02713773681515617
2012-10-31,ROP,0.009216589861751152
2012-10-31,RTN1,0.005120327700972862
2012-10-31,S,0.011776753712237584
2012-10-31,SCG,0.010240655401945725
2012-10-31,SHW,0.031746031746031744
2012-10-31,SNI,0.014848950332821301
2012-10-31,SRE,0.0005120327700972871
2012-10-31,STI,0.004608294930875576
2012-10-31,T,0.022017409114183307
2012-10-31,T3W1,0.017409114183307733
2012-10-31,TFC,0.02304147465437788
2012-10-31,TT,0.006656426011264721
2012-10-31,USB,0.026625704045058884
2012-10-31,VISA,0.017921146953405017
2012-10-31,VRSN,0.024065540194572452
2012-10-31,VZ,0.0035842293906810036
2012-10-31,WFC*,0.01638504864311316
2012-10-31,WFM,0.011264720942140297
2012-10-31,WMT,0.0076804915514592925
2012-10-31,WY,0.00972862263184844
2012-10-31,WYND,0.025601638504864313
2012-11-30,ALL,0.03195488721804511
2012-11-30,AMGN,0.02882205513784461
2012-11-30,AMT,0.016917293233082706
2012-11-30,CB,0.0043859649122807015
2012-11-30,CBE,0.011904761904761904
2012-11-30,CINF,0.02819548872180451
2012-11-30,CMCSA,0.03070175438596491
2012-11-30,CTAS,0.016290726817042606
2012-11-30,DC7,0.03258145363408521
2012-11-30,DHI,0.03446115288220551
2012-11-30,DIS,0.023809523809523808
2012-11-30,DISCA,0.002506265664160401
2012-11-30,DTE,0.008145363408521303
2012-11-30,DVA,0.006265664160401002
2012-11-30,EBAY,0.02944862155388471
2012-11-30,EFX,0.02756892230576441
2012-11-30,EIX,0.003132832080200501
2012-11-30,EXPE,0.03007518796992481
2012-11-30,FISV,0.017543859649122806
2012-11-30,GILD,0.021303258145363407
2012-11-30,GPS,0.02443609022556391
2012-11-30,HCBK,0.0018796992481203006
2012-11-30,HD,0.03132832080200501
2012-11-30,ITW,0.0012531328320802004
2012-11-30,LEN,0.03383458646616541
2012-11-30,LLY,0.015664160401002505
2012-11-30,MAS,0.0037593984962406013
2012-11-30,MKC,0.022556390977443608
2012-11-30,MPN,0.005639097744360902
2012-11-30,MRK,0.008771929824561403
2012-11-30,MTZ,0.021929824561403508
2012-11-30,NCRA,0.013784461152882205
2012-11-30,NEE,0.006892230576441102
2012-11-30,NWL,0.010025062656641603
2012-11-30,PA9,0.009398496240601503
2012-11-30,PFE,0.0006265664160401002
2012-11-30,PHM,0.03508771929824561
2012-11-30,PKI,0.018796992481203006
2012-11-30,PPG,0.020050125313283207
2012-11-30,PWR,0.013157894736842105
2012-11-30,ROP,0.015037593984962405
2012-11-30,S,0.011278195488721804
2012-11-30,SCG,0.007518796992481203
2012-11-30,SHW,0.03320802005012531
2012-11-30,SNA,0.02506265664160401
2012-11-30,SNI,0.02568922305764411
2012-11-30,SRE,0.014411027568922305
2012-11-30,STI,0.005012531328320802
2012-11-30,T3W1,0.02631578947368421
2012-11-30,USB,0.020676691729323307
2012-11-30,VISA,0.019423558897243107
2012-11-30,WFC*,0.012531328320802004
2012-11-30,WFM,0.018170426065162906
2012-11-30,WHR,0.010651629072681704
2012-11-30,WY,0.02694235588972431
2012-11-30,WYND,0.023182957393483708
2012-12-31,6COP,0.0022598870056497176
2012-12-31,ALL,0.030508474576271188
2012-12-31,AMGN,0.01977401129943503
2012-12-31,AMT,0.014689265536723164
2012-12-31,BAC,0.0062146892655367235
2012-12-31,BIIB,0.00903954802259887
2012-12-31,BLL,0.010734463276836158
2012-12-31,BRKB,0.003389830508474576
2012-12-31,CINF,0.02598870056497175
2012-12-31,CL,0.011864406779661017
2012-12-31,CLX,0.005084745762711864
2012-12-31,CMCSA,0.02768361581920904
2012-12-31,COF,0.004519774011299435
2012-12-31,COST,0.006779661016949152
2012-12-31,DC7,0.03220338983050847
2012-12-31,DHI,0.025423728813559324
2012-12-31,DIS,0.01807909604519774
2012-12-31,DISCA,0.015819209039548022
2012-12-31,EBAY,0.031073446327683617
2012-12-31,ECL,0.010169491525423728
2012-12-31,EFX,0.02655367231638418
2012-12-31,EMN,0.001694915254237288
2012-12-31,EXPE,0.02824858757062147
2012-12-31,FIS,0.00847457627118644
2012-12-31,FISV,0.023163841807909605
2012-12-31,FLS,0.005649717514124294
2012-12-31,GILD,0.02711864406779661
2012-12-31,GPS,0.023728813559322035
2012-12-31,HD,0.029943502824858758
2012-12-31,ITW,0.0096045197740113
2012-12-31,LEN,0.031638418079096044
2012-12-31,MAS,0.011299435028248588
2012-12-31,MAT,0.012994350282485875
2012-12-31,MCO,0.007909604519774011
2012-12-31,MKC,0.024293785310734464
2012-12-31,MPN,0.0192090395480226
2012-12-31,NCRA,0.015254237288135594
2012-12-31,NWL,0.012429378531073447
2012-12-31,PA9,0.0011299435028248594
2012-12-31,PHM,0.03333333333333333
2012-12-31,PKI,0.020903954802259886
2012-12-31,PPG,0.0288135593220339
2012-12-31,PWR,0.0005649717514124297
2012-12-31,ROP,0.01638418079096045
2012-12-31,S,0.024858757062146894
2012-12-31,SHW,0.0327683615819209
2012-12-31,SNA,0.02937853107344633
2012-12-31,SNI,0.020338983050847456
2012-12-31,SRE,0.002824858757062147
2012-12-31,STI,0.014124293785310736
2012-12-31,T3W1,0.01751412429378531
2012-12-31,TGT,0.0039548022598870055
2012-12-31,TMO,0.007344632768361582
2012-12-31,TT,0.021468926553672316
2012-12-31,VISA,0.022598870056497175
2012-12-31,WFM,0.01694915254237288
2012-12-31,WHR,0.01864406779661017
2012-12-31,WPI,0.013559322033898305
2012-12-31,WY,0.022033898305084745
2013-01-31,AABA,0.004522840343735866
2013-01-31,ABT,0.012663952962460425
2013-01-31,ALL,0.02668475802804161
2013-01-31,AMGN,0.016282225237449117
2013-01-31,AMT,0.017639077340569877
2013-01-31,BAC,0.002261420171867933
2013-01-31,BRKB,0.015377657168701944
2013-01-31,CBS,0.004070556309362279
2013-01-31,CCL,0.0027137042062415195
2013-01-31,CINF,0.010854816824966078
2013-01-31,CL,0.005427408412483039
2013-01-31,CMCSA,0.023066485753052916
2013-01-31,COF,0.0018091361374943465
2013-01-31,COG,0.010402532790592492
2013-01-31,CVH,0.009045680687471733
2013-01-31,DC7,0.020805065581184983
2013-01-31,DHI,0.022161917684305744
2013-01-31,DIS,0.019448213478064226
2013-01-31,DISCA,0.023518769787426504
2013-01-31,EBAY,0.027137042062415198
2013-01-31,ECL,0.003618272274988693
2013-01-31,EFX,0.027589326096788783
2013-01-31,EXPE,0.025780189959294438
2013-01-31,FISV,0.021709633649932156
2013-01-31,FLS,0.009950248756218905
2013-01-31,GILD,0.017186793306196293
2013-01-31,HD,0.024423337856173677
2013-01-31,HNZ,0.014020805065581185
2013-01-31,KMB,0.011307100859339666
2013-01-31,LEG,0.0067842605156037995
2013-01-31,LEN,0.028493894165535955
2013-01-31,LLY,0.024875621890547265
2013-01-31,MA,0.009497964721845319
2013-01-31,MCO,0.005879692446856626
2013-01-31,MKC,0.02397105382180009
2013-01-31,MPN,0.018995929443690638
2013-01-31,MSI,0.013116236996834011
2013-01-31,MTZ,0.0009045680687471732
2013-01-31,MYL,0.014473089099954772
2013-01-31,NCRA,0.0203527815468114
2013-01-31,NEE,0.003165988240615106
2013-01-31,NTRS,0.0004522840343735866
2013-01-31,PA9,0.01854364540931705
2013-01-31,PFE,0.004975124378109453
2013-01-31,PHM,0.029850746268656716
2013-01-31,PKI,0.0013568521031207606
2013-01-31,PPG,0.02939846223428313
2013-01-31,PWR,0.02125734961555857
2013-01-31,ROP,0.007236544549977386
2013-01-31,S,0.02804161013116237
2013-01-31,SHW,0.028946178199909543
2013-01-31,SNA,0.02532790592492085
2013-01-31,SNI,0.01990049751243781
2013-01-31,SRE,0.013568521031207599
2013-01-31,STI,0.011759384893713252
2013-01-31,STZ,0.007688828584350972
2013-01-31,T3W1,0.008593396653098146
2013-01-31,TSO,0.008141112618724558
2013-01-31,TT,0.014925373134328358
2013-01-31,TWX*,0.006331976481230212
2013-01-31,URBN,0.015829941203075532
2013-01-31,VISA,0.026232473993668022
2013-01-31,WHR,0.016734509271822705
2013-01-31,WY,0.022614201718679332
2013-01-31,WYND,0.018091361374943465
2013-01-31,XL,0.012211668928086838
2013-02-28,AABA,0.009033423667570008
2013-02-28,ABC,0.0015055706112616681
2013-02-28,AEP,0.009635651912074676
2013-02-28,ALL,0.022282445046672688
2013-02-28,AMGN,0.00993676603432701
2013-02-28,AMT,0.015055706112616682
2013-02-28,AMZN,0.01084010840108401
2013-02-28,AN,0.0012044564890093346
2013-02-28,AON,0.0006022282445046673
2013-02-28,BIIB,0.012646793134598013
2013-02-28,BRKB,0.018367961457392352
2013-02-28,CAG,0.0009033423667570009
2013-02-28,CB,0.012345679012345678
2013-02-28,CBS,0.007828967178560674
2013-02-28,CCL,0.016862390846130684
2013-02-28,CINF,0.005118940078289671
2013-02-28,CL,0.004215597711532671
2013-02-28,CMCSA,0.01415236374585968
2013-02-28,CMS,0.010237880156579343
2013-02-28,COG,0.009334537789822343
2013-02-28,DC7,0.004817825956037337
2013-02-28,DHI,0.02077687443541102
2013-02-28,DIS,0.01324902137910268
2013-02-28,DISCA,0.018669075579644687
2013-02-28,DPS,0.007226738934056007
2013-02-28,DTE,0.008732309545317675
2013-02-28,EBAY,0.021981330924420357
2013-02-28,ECL,0.00662451068955134
2013-02-28,EFX,0.022884673291177358
2013-02-28,EXPE,0.021379102679915687
2013-02-28,FISV,0.013851249623607348
2013-02-28,FLS,0.006022282445046673
2013-02-28,HD,0.019572417946401688
2013-02-28,HNZ,0.020174646190906354
2013-02-28,HRB,0.004516711833785004
2013-02-28,HSY,0.014453477868112014
2013-02-28,IFF,0.005420054200542005
2013-02-28,KMB,0.016260162601626018
2013-02-28,LEG,0.012044564890093345
2013-02-28,LEN,0.02318578741342969
2013-02-28,LLY,0.023486901535682024
2013-02-28,MAS,0.011141222523336344
2013-02-28,MCK,0.006925624811803674
2013-02-28,MCO,0.011442336645588679
2013-02-28,MKC,0.01656127672387835
2013-02-28,MMC,0.002408912978018669
2013-02-28,MON,0.013550135501355014
2013-02-28,MPN,0.019271303824149353
2013-02-28,MTZ,0.00331225534477567
2013-02-28,NCRA,0.017765733212887685
2013-02-28,NEE,0.012947907256850346
2013-02-28,NRG,0.003914483589280337
2013-02-28,NWL,0.018066847335140017
2013-02-28,PA9,0.021077988557663355
2013-02-28,PDCO,0.0018066847335140017
2013-02-28,PFE,0.017163504968383016
2013-02-28,PHM,0.024390243902439025
2013-02-28,PKI,0.008130081300813009
2013-02-28,PNW,0.00030111412225233364
2013-02-28,PPG,0.02408912978018669
2013-02-28,PWR,0.022583559168925023
2013-02-28,RN7,0.0030111412225233363
2013-02-28,ROP,0.018970189701897018
2013-02-28,S,0.02168021680216802
2013-02-28,SHW,0.023788015657934355
2013-02-28,SNA,0.020475760313158686
2013-02-28,SNI,0.01746461909063535
2013-02-28,SRE,0.010538994278831678
2013-02-28,TMO,0.0027100271002710027
2013-02-28,TSO,0.008431195423065342
2013-02-28,TT,0.005721168322794339
2013-02-28,TWX*,0.011743450767841012
2013-02-28,UNP,0.007527853056308341
2013-02-28,URBN,0.014754591990364349
2013-02-28,VIAB,0.0036133694670280035
2013-02-28,VISA,0.015657934357121348
2013-02-28,VLO,0.015959048479373683
2013-02-28,VTR,0.0021077988557663355
2013-02-28,WY,0.01987353206865402
2013-02-28,WYND,0.006323396567299007
2013-02-28,XL,0.015356820234869015
2013-03-31,AABA,0.015318015318015318
2013-03-31,AEP,0.017316017316017316
2013-03-31,ALL,0.024642024642024644
2013-03-31,AMGN,0.017982017982017984
2013-03-31,AMT,0.016983016983016984
2013-03-31,AVY,0.004662004662004662
2013-03-31,BIIB,0.00566100566100566
2013-03-31,BRKB,0.019647019647019648
2013-03-31,CAG,0.005994005994005994
2013-03-31,CB,0.014985014985014986
2013-03-31,CCE,0.001665001665001665
2013-03-31,CCI,0.019314019314019316
2013-03-31,CINF,0.01998001998001998
2013-03-31,CL,0.000666000666000666
2013-03-31,CLX,0.00666000666000666
2013-03-31,CMCSA,0.020313020313020312
2013-03-31,CMS,0.011655011655011656
2013-03-31,COG,0.023976023976023976
2013-03-31,DHI,0.007326007326007326
2013-03-31,DIS,0.007659007659007659
2013-03-31,DISCA,0.016317016317016316
2013-03-31,DTE,0.012654012654012654
2013-03-31,EBAY,0.021312021312021312
2013-03-31,ECL,0.007992007992007992
2013-03-31,EFX,0.004995004995004996
2013-03-31,EMN,0.000999000999000999
2013-03-31,EXPE,0.022311022311022312
2013-03-31,FISV,0.006993006993006993
2013-03-31,FLS,0.013653013653013654
2013-03-31,GIS,0.001332001332001332
2013-03-31,HD,0.016650016650016652
2013-03-31,HNZ,0.009324009324009324
2013-03-31,HRB,0.012987012987012988
2013-03-31,HRL,0.003663003663003663
2013-03-31,HSY,0.018315018315018316
2013-03-31,IFF,0.002997002997002997
2013-03-31,KMB,0.01898101898101898
2013-03-31,LEG,0.01431901431901432
2013-03-31,LEN,0.004329004329004328
2013-03-31,LLY,0.02564102564102564
2013-03-31,LUV,0.017649017649017648
2013-03-31,MKC,0.00999000999000999
2013-03-31,MON,0.010656010656010656
2013-03-31,MPN,0.022977022977022976
2013-03-31,MSI,0.008991008991008992
2013-03-31,MYL,0.009657009657009658
2013-03-31,NCRA,0.021645021645021644
2013-03-31,NEE,0.002664002664002664
2013-03-31,NRG,0.013986013986013984
2013-03-31,NWL,0.020646020646020648
2013-03-31,PA9,0.023310023310023312
2013-03-31,PEAK,0.008658008658008658
2013-03-31,PFE,0.001998001998001998
2013-03-31,PHM,0.025308025308025308
2013-03-31,PNW,0.003996003996003996
2013-03-31,PPG,0.024309024309024308
2013-03-31,PWR,0.023643023643023644
2013-03-31,ROP,0.015984015984015984
2013-03-31,S,0.018648018648018648
2013-03-31,SHW,0.024975024975024976
2013-03-31,SNA,0.022644022644022644
2013-03-31,SNI,0.006327006327006328
2013-03-31,SRCL,0.00333000333000333
2013-03-31,SRE,0.01332001332001332
2013-03-31,STZ,0.000333000333000333
2013-03-31,TMO,0.005328005328005328
2013-03-31,TSO,0.015651015651015652
2013-03-31,TT,0.011988011988011988
2013-03-31,TWX*,0.014652014652014652
2013-03-31,UNP,0.02097902097902098
2013-03-31,VISA,0.02197802197802198
2013-03-31,VLO,0.012321012321012322
2013-03-31,VTR,0.011322011322011324
2013-03-31,VZ,0.002331002331002331
2013-03-31,WY,0.008325008325008326
2013-03-31,WYND,0.010323010323010324
2013-03-31,XL,0.01098901098901099
2013-04-30,AABA,0.017086834733893556
2013-04-30,ABC,0.016526610644257703
2013-04-30,AEP,0.01680672268907563
2013-04-30,ALL,0.023249299719887956
2013-04-30,AMGN,0.016246498599439777
2013-04-30,AMP,0.0028011204481792717
2013-04-30,APH,0.0036414565826330533
2013-04-30,BIIB,0.008403361344537815
2013-04-30,BRKB,0.01876750700280112
2013-04-30,CAG,0.013165266106442577
2013-04-30,CB,0.00784313725490196
2013-04-30,CBS,0.0033613445378151263
2013-04-30,CCI,0.00196078431372549
2013-04-30,CELG,0.00392156862745098
2013-04-30,CFN,0.0011204481792717086
2013-04-30,CINF,0.017927170868347338
2013-04-30,CL,0.002240896358543417
2013-04-30,CLX,0.008683473389355743
2013-04-30,CMCSA,0.0196078431372549
2013-04-30,CMS,0.005322128851540616
2013-04-30,COG,0.021848739495798318
2013-04-30,CPB,0.0005602240896358543
2013-04-30,CSC,0.00028011204481792715
2013-04-30,CVH,0.004481792717086834
2013-04-30,CVS,0.0025210084033613447
2013-04-30,DHI,0.003081232492997199
2013-04-30,DIS,0.014285714285714285
2013-04-30,DISCA,0.012044817927170869
2013-04-30,DTE,0.007563025210084034
2013-04-30,ECL,0.0067226890756302525
2013-04-30,EFX,0.0016806722689075631
2013-04-30,FISV,0.012605042016806723
2013-04-30,FLS,0.01568627450980392
2013-04-30,GIS,0.012324929971988795
2013-04-30,HD,0.011484593837535015
2013-04-30,HNZ,0.004201680672268907
2013-04-30,HRB,0.022128851540616248
2013-04-30,HRL,0.014005602240896359
2013-04-30,HSY,0.007282913165266107
2013-04-30,IFF,0.0014005602240896359
2013-04-30,JNJ,0.006442577030812325
2013-04-30,K,0.008123249299719889
2013-04-30,KMB,0.00980392156862745
2013-04-30,KR,0.011764705882352941
2013-04-30,LEG,0.02100840336134454
2013-04-30,LEN,0.01288515406162465
2013-04-30,LLY,0.023529411764705882
2013-04-30,LUV,0.021568627450980392
2013-04-30,MAS,0.004761904761904762
2013-04-30,MAT,0.0058823529411764705
2013-04-30,MKC,0.014565826330532213
2013-04-30,MON,0.018207282913165267
2013-04-30,MPN,0.0226890756302521
2013-04-30,MSI,0.010084033613445379
2013-04-30,MYL,0.013445378151260505
2013-04-30,NCRA,0.021288515406162466
2013-04-30,NRG,0.013725490196078431
2013-04-30,NWL,0.020448179271708684
2013-04-30,PA9,0.015406162464985995
2013-04-30,PEP,0.0056022408963585435
2013-04-30,PFE,0.010644257703081233
2013-04-30,PHM,0.02296918767507003
2013-04-30,PNW,0.0061624649859943975
2013-04-30,PPG,0.008963585434173669
2013-04-30,PWR,0.01484593837535014
2013-04-30,ROP,0.015966386554621848
2013-04-30,S,0.022408963585434174
2013-04-30,SHW,0.020168067226890758
2013-04-30,SNA,0.019327731092436976
2013-04-30,SNI,0.0008403361344537811
2013-04-30,SRCL,0.005042016806722689
2013-04-30,STZ,0.010924369747899159
2013-04-30,TGNA,0.009523809523809525
2013-04-30,TMO,0.010364145658263305
2013-04-30,TSO,0.02072829131652661
2013-04-30,TT,0.009243697478991597
2013-04-30,TWX*,0.01764705882352941
2013-04-30,UNP,0.018487394957983194
2013-04-30,VISA,0.01904761904761905
2013-04-30,VLO,0.011204481792717087
2013-04-30,VTR,0.0070028011204481795
2013-04-30,WHR,0.017366946778711485
2013-04-30,WY,0.019887955182072828
2013-04-30,XL,0.015126050420168067
2013-05-31,AABA,0.016924842226047045
2013-05-31,ABC,0.022948938611589215
2013-05-31,ADBE,0.00831899024670109
2013-05-31,ADP,0.0034423407917383822
2013-05-31,AEP,0.0189328743545611
2013-05-31,ALD,0.00028686173264486515
2013-05-31,ALL,0.021514629948364887
2013-05-31,AMGN,0.011187607573149742
2013-05-31,AMP,0.01491681009753299
2013-05-31,AMT,0.0011474469305794606
2013-05-31,APH,0.012621916236374068
2013-05-31,BAC,0.002868617326448652
2013-05-31,BIIB,0.012335054503729202
2013-05-31,BLK,0.010327022375215147
2013-05-31,BRKB,0.019793459552495698
2013-05-31,C,0.002008032128514056
2013-05-31,CAG,0.0051635111876075735
2013-05-31,CCI,0.010613884107860011
2013-05-31,CELG,0.005450372920252439
2013-05-31,CI,0.005737234652897304
2013-05-31,CINF,0.013769363166953529
2013-05-31,CMCSA,0.014629948364888123
2013-05-31,CMS,0.003155479059093517
2013-05-31,COG,0.02323580034423408
2013-05-31,CPB,0.006024096385542169
2013-05-31,CTAS,0.0005737234652897303
2013-05-31,CVS,0.0008605851979345954
2013-05-31,DIS,0.00717154331612163
2013-05-31,DISCA,0.011761331038439472
2013-05-31,DTE,0.004016064257028112
2013-05-31,ECL,0.0068846815834767644
2013-05-31,EFX,0.004589787722317842
2013-05-31,EQT,0.00946643717728055
2013-05-31,FISV,0.01549053356282272
2013-05-31,FLS,0.008605851979345954
2013-05-31,FSLR,0.01663798049340218
2013-05-31,GIS,0.009753298909925417
2013-05-31,HCN,0.001434308663224326
2013-05-31,HD,0.014056224899598393
2013-05-31,HRB,0.015203671830177854
2013-05-31,HSY,0.0025817555938037863
2013-05-31,IFF,0.004876649454962708
2013-05-31,IP,0.011474469305794608
2013-05-31,JNJ,0.010900745840504877
2013-05-31,K,0.012908777969018933
2013-05-31,KMB,0.008032128514056224
2013-05-31,KR,0.015777395295467584
2013-05-31,LEG,0.016351118760757316
2013-05-31,LEN,0.002294893861158921
2013-05-31,LLY,0.020367183017785426
2013-05-31,LUV,0.010040160642570281
2013-05-31,MAT,0.01434308663224326
2013-05-31,MON,0.01606425702811245
2013-05-31,MPN,0.01721170395869191
2013-05-31,MYL,0.018072289156626505
2013-05-31,NCRA,0.021801491681009755
2013-05-31,NFLX,0.00774526678141136
2013-05-31,NRG,0.02094090648307516
2013-05-31,NWL,0.013482501434308663
2013-05-31,PA9,0.019506597819850834
2013-05-31,PEAK,0.0017211703958691911
2013-05-31,PFE,0.009179575444635685
2013-05-31,PFG,0.0037292025243832474
2013-05-31,PHM,0.023522662076878944
2013-05-31,PPG,0.01778542742398164
2013-05-31,PPL,0.004302925989672977
2013-05-31,PSX,0.022662076878944348
2013-05-31,S,0.023809523809523808
2013-05-31,SHW,0.01835915088927137
2013-05-31,SJM,0.006597819850831899
2013-05-31,SNA,0.02208835341365462
2013-05-31,STZ,0.012048192771084338
2013-05-31,SYMC,0.00889271371199082
2013-05-31,TMK,0.006310958118187034
2013-05-31,TMO,0.021227768215720023
2013-05-31,TSO,0.013195639701663799
2013-05-31,TWX*,0.022375215146299483
2013-05-31,UNP,0.020654044750430294
2013-05-31,VISA,0.019219736087205966
2013-05-31,VTR,0.007458405048766495
2013-05-31,WHR,0.020080321285140562
2013-05-31,WY,0.018646012621916237
2013-05-31,XL,0.017498565691336777
2013-06-30,8686,0.00392156862745098
2013-06-30,AABA,0.017927170868347338
2013-06-30,ABC,0.012324929971988795
2013-06-30,ADP,0.0036414565826330533
2013-06-30,AET,0.005042016806722689
2013-06-30,ALD,0.020448179271708684
2013-06-30,ALL,0.0058823529411764705
2013-06-30,AMP,0.023249299719887956
2013-06-30,AON,0.018207282913165267
2013-06-30,APH,0.022408963585434174
2013-06-30,AVY,0.01484593837535014
2013-06-30,BAC,0.0033613445378151263
2013-06-30,BAX,0.0005602240896358543
2013-06-30,BDX,0.0056022408963585435
2013-06-30,BEN,0.014565826330532213
2013-06-30,BIIB,0.007563025210084034
2013-06-30,BK,0.0025210084033613447
2013-06-30,BLK,0.02296918767507003
2013-06-30,BRKB,0.01876750700280112
2013-06-30,C,0.02100840336134454
2013-06-30,CCE,0.010924369747899159
2013-06-30,CELG,0.015406162464985995
2013-06-30,CI,0.008403361344537815
2013-06-30,COG,0.01680672268907563
2013-06-30,COL,0.0011204481792717086
2013-06-30,CTAS,0.009243697478991597
2013-06-30,DISCA,0.0070028011204481795
2013-06-30,EMN,0.007282913165266107
2013-06-30,EQT,0.000840336134453782
2013-06-30,ETN,0.015126050420168067
2013-06-30,F,0.0030812324929971988
2013-06-30,FLS,0.012605042016806723
2013-06-30,FSLR,0.01904761904761905
2013-06-30,GOOGL,0.004761904761904762
2013-06-30,GS,0.017366946778711485
2013-06-30,HD,0.01568627450980392
2013-06-30,HIG,0.016526610644257703
2013-06-30,HRB,0.011484593837535015
2013-06-30,IFF,0.020168067226890758
2013-06-30,IP,0.021288515406162466
2013-06-30,IVZ,0.018487394957983194
2013-06-30,JPM,0.019327731092436976
2013-06-30,KEY,0.002240896358543417
2013-06-30,KMX,0.010084033613445379
2013-06-30,KR,0.0067226890756302525
2013-06-30,LEG,0.013165266106442577
2013-06-30,LNC,0.00980392156862745
2013-06-30,LUK,0.013445378151260505
2013-06-30,LUV,0.009523809523809525
2013-06-30,MA,0.01288515406162465
2013-06-30,MAT,0.010364145658263305
2013-06-30,MCO,0.010644257703081233
2013-06-30,MMC,0.012044817927170869
2013-06-30,MPN,0.006442577030812325
2013-06-30,MRO,0.008963585434173669
2013-06-30,MS,0.004481792717086834
2013-06-30,MYL,0.021568627450980392
2013-06-30,NCRA,0.008123249299719889
2013-06-30,NFLX,0.005322128851540616
2013-06-30,NTRS,0.0061624649859943975
2013-06-30,NWL,0.016246498599439777
2013-06-30,OI,0.00028011204481792715
2013-06-30,PA9,0.008683473389355743
2013-06-30,PCAR,0.015966386554621848
2013-06-30,PFG,0.014285714285714285
2013-06-30,PHM,0.019887955182072828
2013-06-30,PPG,0.0196078431372549
2013-06-30,PSX,0.02072829131652661
2013-06-30,PXD,0.004201680672268907
2013-06-30,R,0.0028011204481792717
2013-06-30,S,0.014005602240896359
2013-06-30,SHW,0.01764705882352941
2013-06-30,SJM,0.001400560224089636
2013-06-30,SNA,0.0226890756302521
2013-06-30,TEL,0.00784313725490196
2013-06-30,TMO,0.023529411764705882
2013-06-30,TSO,0.011764705882352941
2013-06-30,TT,0.00196078431372549
2013-06-30,TWX*,0.011204481792717087
2013-06-30,UNP,0.013725490196078431
2013-06-30,UUM,0.0016806722689075631
2013-06-30,VISA,0.021848739495798318
2013-06-30,WHR,0.022128851540616248
2013-06-30,XL,0.017086834733893556
2013-07-31,8686,0.01263157894736842
2013-07-31,AABA,0.009824561403508772
2013-07-31,ABC,0.02280701754385965
2013-07-31,ADBE,0.014385964912280702
2013-07-31,ADP,0.009473684210526316
2013-07-31,AET,0.02526315789473684
2013-07-31,AIG*,0.0003508771929824561
2013-07-31,ALD,0.02245614035087719
2013-07-31,ALL,0.010175438596491228
2013-07-31,AMP,0.02631578947368421
2013-07-31,AON,0.01649122807017544
2013-07-31,APH,0.02175438596491228
2013-07-31,AVY,0.0010526315789473693
2013-07-31,BAC,0.008421052631578947
2013-07-31,BDX,0.002807017543859649
2013-07-31,BLK,0.011929824561403509
2013-07-31,BRKB,0.01087719298245614
2013-07-31,BWA,0.004210526315789474
2013-07-31,C,0.012982456140350877
2013-07-31,CELG,0.004912280701754385
2013-07-31,CFN,0.005263157894736842
2013-07-31,CI,0.025964912280701753
2013-07-31,CMCSA,0.008771929824561403
2013-07-31,COG,0.024210526315789474
2013-07-31,CTAS,0.007017543859649123
2013-07-31,DISCA,0.016842105263157894
2013-07-31,EA,0.0038596491228070177
2013-07-31,ECL,0.0014035087719298245
2013-07-31,EQT,0.0007017543859649122
2013-07-31,ETFC,0.0017543859649122807
2013-07-31,ETN,0.01719298245614035
2013-07-31,F,0.018596491228070177
2013-07-31,GME,0.023859649122807018
2013-07-31,GNW,0.02
2013-07-31,HD,0.020350877192982456
2013-07-31,HIG,0.024912280701754386
2013-07-31,HRB,0.0024561403508771926
2013-07-31,IVZ,0.00631578947368421
2013-07-31,JPM,0.013333333333333334
2013-07-31,K,0.010526315789473684
2013-07-31,KMX,0.008070175438596491
2013-07-31,KR,0.021403508771929824
2013-07-31,LNC,0.02456140350877193
2013-07-31,LOW,0.0059649122807017545
2013-07-31,MA,0.01929824561403509
2013-07-31,MMC,0.004561403508771929
2013-07-31,MRO,0.003157894736842105
2013-07-31,MS,0.0035087719298245615
2013-07-31,MU,0.020701754385964912
2013-07-31,MYL,0.023508771929824562
2013-07-31,NFLX,0.016140350877192983
2013-07-31,NTRS,0.015438596491228071
2013-07-31,NWL,0.018947368421052633
2013-07-31,OI,0.014736842105263158
2013-07-31,PBCT,0.0077192982456140355
2013-07-31,PCAR,0.015789473684210527
2013-07-31,PCP,0.014035087719298246
2013-07-31,PFG,0.021052631578947368
2013-07-31,PXD,0.023157894736842106
2013-07-31,SJM,0.007368421052631579
2013-07-31,SNA,0.011228070175438596
2013-07-31,STT,0.002105263157894737
2013-07-31,SWG,0.005614035087719298
2013-07-31,TEL,0.009122807017543859
2013-07-31,TGNA,0.011578947368421053
2013-07-31,TMK,0.015087719298245613
2013-07-31,TMO,0.022105263157894735
2013-07-31,TWX*,0.018245614035087718
2013-07-31,UNP,0.017894736842105262
2013-07-31,UUM,0.017543859649122806
2013-07-31,VIAB,0.006666666666666667
2013-07-31,VISA,0.025614035087719297
2013-07-31,WAT,0.019649122807017545
2013-07-31,XL,0.01368421052631579
2013-07-31,ZION,0.012280701754385965
2013-08-31,8686,0.004012345679012347
2013-08-31,AABA,0.021296296296296296
2013-08-31,ABC,0.023765432098765433
2013-08-31,ADBE,0.018518518518518517
2013-08-31,ADP,0.006172839506172839
2013-08-31,AET,0.022530864197530864
2013-08-31,AIZ,0.004320987654320987
2013-08-31,ALD,0.020061728395061727
2013-08-31,ALL,0.00030864197530864126
2013-08-31,AMP,0.024691358024691357
2013-08-31,AON,0.008333333333333333
2013-08-31,APH,0.01574074074074074
2013-08-31,AVY,0.015123456790123457
2013-08-31,BA,0.009567901234567902
2013-08-31,BAC,0.016049382716049384
2013-08-31,BDX,0.008024691358024692
2013-08-31,BLK,0.013271604938271606
2013-08-31,BMS,0.008641975308641974
2013-08-31,BRKB,0.014197530864197531
2013-08-31,BWA,0.0021604938271604936
2013-08-31,C,0.007407407407407408
2013-08-31,CAG,0.0030864197530864196
2013-08-31,CELG,0.009259259259259259
2013-08-31,CI,0.024382716049382715
2013-08-31,CMCSA,0.007716049382716049
2013-08-31,COG,0.024074074074074074
2013-08-31,COL,0.004629629629629629
2013-08-31,CTAS,0.0033950617283950617
2013-08-31,DISCA,0.012654320987654321
2013-08-31,ECL,0.019444444444444445
2013-08-31,EQT,0.016358024691358025
2013-08-31,ETN,0.018827160493827162
2013-08-31,F,0.020370370370370372
2013-08-31,FISV,0.0070987654320987656
2013-08-31,GME,0.020679012345679013
2013-08-31,GNW,0.020987654320987655
2013-08-31,HD,0.001851851851851851
2013-08-31,HIG,0.019135802469135803
2013-08-31,HOG,0.005246913580246914
2013-08-31,HRB,0.009876543209876543
2013-08-31,IGT,0.008950617283950617
2013-08-31,IP,0.005864197530864198
2013-08-31,IPG,0.006790123456790123
2013-08-31,JNJ,0.012345679012345678
2013-08-31,JPM,0.011728395061728396
2013-08-31,K,0.006481481481481481
2013-08-31,KR,0.022839506172839506
2013-08-31,LLL,0.011419753086419753
2013-08-31,LNC,0.022222222222222223
2013-08-31,LOW,0.010185185185185186
2013-08-31,MA,0.021604938271604937
2013-08-31,MCK,0.0012345679012345679
2013-08-31,MS,0.0015432098765432098
2013-08-31,MYL,0.021913580246913582
2013-08-31,NFLX,0.018209876543209876
2013-08-31,NTRS,0.010802469135802469
2013-08-31,NWL,0.01728395061728395
2013-08-31,OI,0.02345679012345679
2013-08-31,ORLY,0.002777777777777778
2013-08-31,PCAR,0.016975308641975308
2013-08-31,PCP,0.0006172839506172843
2013-08-31,PFG,0.014506172839506172
2013-08-31,PPG,0.003703703703703704
2013-08-31,PXD,0.015432098765432098
2013-08-31,SEE,0.011111111111111112
2013-08-31,SNA,0.017901234567901235
2013-08-31,STT,0.013580246913580247
2013-08-31,TEL,0.0009259259259259255
2013-08-31,TGNA,0.005555555555555556
2013-08-31,TMK,0.014814814814814815
2013-08-31,TMO,0.019753086419753086
2013-08-31,TRIP,0.0024691358024691358
2013-08-31,TSN,0.023148148148148147
2013-08-31,TWX*,0.012037037037037037
2013-08-31,UNP,0.017592592592592594
2013-08-31,UUM,0.016666666666666666
2013-08-31,VISA,0.012962962962962963
2013-08-31,WAT,0.013888888888888888
2013-08-31,WFC*,0.0049382716049382715
2013-08-31,ZION,0.010493827160493827
2013-09-30,AABA,0.023776223776223775
2013-09-30,ABC,0.027972027972027972
2013-09-30,ADBE,0.012121212121212121
2013-09-30,ADP,0.005594405594405594
2013-09-30,AET,0.026573426573426574
2013-09-30,AIG*,0.014918414918414918
2013-09-30,ALD,0.011188811188811189
2013-09-30,AMP,0.027505827505827505
2013-09-30,ANTM,0.0037296037296037296
2013-09-30,AON,0.009790209790209791
2013-09-30,APH,0.015850815850815853
2013-09-30,AVY,0.004195804195804197
2013-09-30,BA,0.022843822843822845
2013-09-30,BAC,0.005128205128205127
2013-09-30,BWA,0.016783216783216783
2013-09-30,CELG,0.002331002331002331
2013-09-30,CI,0.030303030303030304
2013-09-30,CTAS,0.006526806526806527
2013-09-30,EA,0.019114219114219115
2013-09-30,ECL,0.02703962703962704
2013-09-30,EOG,0.01818181818181818
2013-09-30,EQT,0.01724941724941725
2013-09-30,F,0.018648018648018648
2013-09-30,FIS,0.015384615384615385
2013-09-30,FISV,0.006993006993006993
2013-09-30,GHC,0.017715617715617717
2013-09-30,GME,0.02470862470862471
2013-09-30,GNW,0.022377622377622378
2013-09-30,HIG,0.007925407925407926
2013-09-30,HOG,0.02564102564102564
2013-09-30,HRL,0.0004662004662004662
2013-09-30,IGT,0.014452214452214453
2013-09-30,JCI,0.0013986013986013986
2013-09-30,KMX,0.013986013986013986
2013-09-30,KR,0.01351981351981352
2013-09-30,LLL,0.0018648018648018648
2013-09-30,LNC,0.028904428904428906
2013-09-30,LOW,0.02097902097902098
2013-09-30,MA,0.026107226107226107
2013-09-30,MCK,0.020046620046620046
2013-09-30,MMC,0.006060606060606061
2013-09-30,MU,0.020512820512820513
2013-09-30,MYL,0.02843822843822844
2013-09-30,NFLX,0.029836829836829837
2013-09-30,NTH,0.004662004662004662
2013-09-30,OI,0.023310023310023312
2013-09-30,ORLY,0.012587412587412588
2013-09-30,PCAR,0.008857808857808859
2013-09-30,PFG,0.010256410256410256
2013-09-30,PXD,0.025174825174825177
2013-09-30,SEE,0.024242424242424242
2013-09-30,SNA,0.016317016317016316
2013-09-30,SRE,0.0009324009324009324
2013-09-30,STT,0.011655011655011656
2013-09-30,SWG,0.002797202797202797
2013-09-30,TEL,0.007459207459207459
2013-09-30,TMK,0.010722610722610723
2013-09-30,TMO,0.021445221445221447
2013-09-30,TRIP,0.019580419580419582
2013-09-30,TSN,0.02937062937062937
2013-09-30,TXN,0.0032634032634032634
2013-09-30,UNP,0.02191142191142191
2013-09-30,UUM,0.009324009324009324
2013-09-30,VIAB,0.013053613053613054
2013-09-30,VISA,0.008391608391608392
2013-10-31,AABA,0.02374245472837022
2013-10-31,AAZ,0.0016096579476861167
2013-10-31,ABC,0.028169014084507043
2013-10-31,ADBE,0.008853118712273641
2013-10-31,ADP,0.007645875251509054
2013-10-31,AET,0.007243460764587525
2013-10-31,AIG*,0.014084507042253521
2013-10-31,ALD,0.006036217303822937
2013-10-31,AMAT,0.002012072434607646
2013-10-31,AMP,0.026156941649899398
2013-10-31,AON,0.0036217303822937627
2013-10-31,APH,0.020523138832997986
2013-10-31,BA,0.02535211267605634
2013-10-31,BBY,0.00040241448692152917
2013-10-31,BIIB,0.0028169014084507044
2013-10-31,BSX,0.016901408450704224
2013-10-31,BWA,0.02414486921529175
2013-10-31,CBS,0.01609657947686117
2013-10-31,CELG,0.01448692152917505
2013-10-31,CI,0.024949698189134808
2013-10-31,CTAS,0.0032193158953722333
2013-10-31,DISCA,0.011670020120724347
2013-10-31,DOV,0.005231388329979879
2013-10-31,EA,0.01006036217303823
2013-10-31,ECL,0.020925553319919517
2013-10-31,EOG,0.017706237424547282
2013-10-31,EQT,0.017303822937625755
2013-10-31,ETFC,0.015694164989939637
2013-10-31,FIS,0.006438631790744467
2013-10-31,FISV,0.005633802816901409
2013-10-31,GHC,0.026559356136820925
2013-10-31,GME,0.013279678068410463
2013-10-31,GNW,0.01488933601609658
2013-10-31,GT,0.011267605633802818
2013-10-31,HOG,0.01851106639839034
2013-10-31,IGT,0.010865191146881288
2013-10-31,IPG,0.0193158953722334
2013-10-31,JCI,0.0096579476861167
2013-10-31,KR,0.008048289738430584
2013-10-31,LNC,0.025754527162977867
2013-10-31,LOW,0.006841046277665996
2013-10-31,LUV,0.0008048289738430583
2013-10-31,MA,0.02454728370221328
2013-10-31,MCK,0.008450704225352112
2013-10-31,MMC,0.012072434607645875
2013-10-31,MU,0.027766599597585512
2013-10-31,MYL,0.027364185110663984
2013-10-31,NFLX,0.022937625754527163
2013-10-31,OI,0.022132796780684104
2013-10-31,ORLY,0.012474849094567404
2013-10-31,PCLN,0.013682092555331992
2013-10-31,PFG,0.010462776659959759
2013-10-31,PNR,0.018913480885311872
2013-10-31,PXD,0.026961770623742453
2013-10-31,SBUX,0.02012072434607646
2013-10-31,SEE,0.00402414486921529
2013-10-31,SNI,0.0012072434607645875
2013-10-31,SWY,0.004426559356136821
2013-10-31,TEL,0.021730382293762576
2013-10-31,TMK,0.01971830985915493
2013-10-31,TMO,0.016498993963782696
2013-10-31,TRIP,0.022535211267605635
2013-10-31,TSN,0.023340040241448694
2013-10-31,TWX*,0.015291750503018108
2013-10-31,TXN,0.012877263581488933
2013-10-31,UNP,0.018108651911468814
2013-10-31,VIAB,0.021327967806841045
2013-10-31,VISA,0.00482897384305835
2013-10-31,WAT,0.00925553319919517
2013-10-31,XRX,0.002414486921529175
2013-11-30,AABA,0.003663003663003664
2013-11-30,ABC,0.024309024309024308
2013-11-30,ADBE,0.010656010656010656
2013-11-30,ADM*,0.007326007326007326
2013-11-30,ADP,0.019314019314019316
2013-11-30,AEC1,0.01098901098901099
2013-11-30,AET,0.002331002331002331
2013-11-30,AIG*,0.022977022977022976
2013-11-30,AIZ,0.017982017982017984
2013-11-30,ALD,0.01332001332001332
2013-11-30,AMAT,0.002664002664002664
2013-11-30,AMP,0.023310023310023312
2013-11-30,APH,0.016317016317016316
2013-11-30,BA,0.023643023643023644
2013-11-30,BBY,0.022644022644022644
2013-11-30,BSX,0.00566100566100566
2013-11-30,BWA,0.025308025308025308
2013-11-30,CA,0.00333000333000333
2013-11-30,CBS,0.020646020646020648
2013-11-30,CI,0.019647019647019648
2013-11-30,CMG,0.022311022311022312
2013-11-30,COP,0.008325008325008326
2013-11-30,CTAS,0.014652014652014652
2013-11-30,DHR,0.012654012654012654
2013-11-30,DISCA,0.015318015318015318
2013-11-30,ECL,0.021645021645021644
2013-11-30,EOG,0.017316017316017316
2013-11-30,ETFC,0.015984015984015984
2013-11-30,FISV,0.005328005328005328
2013-11-30,GHC,0.02564102564102564
2013-11-30,GME,0.001332001332001332
2013-11-30,GNW,0.01898101898101898
2013-11-30,HAL,0.007992007992007992
2013-11-30,HAR,0.016650016650016652
2013-11-30,HIG,0.009324009324009324
2013-11-30,HOG,0.018648018648018648
2013-11-30,IPG,0.012321012321012322
2013-11-30,JCI,0.016983016983016984
2013-11-30,KR,0.008658008658008658
2013-11-30,LNC,0.024975024975024976
2013-11-30,LOM,0.000333000333000333
2013-11-30,LUV,0.003996003996003996
2013-11-30,MA,0.02097902097902098
2013-11-30,MCHP,0.008991008991008992
2013-11-30,MCK,0.00666000666000666
2013-11-30,MMC,0.011322011322011322
2013-11-30,MMM,0.011655011655011656
2013-11-30,MU,0.023976023976023976
2013-11-30,MYL,0.014985014985014986
2013-11-30,NFLX,0.02197802197802198
2013-11-30,NTH,0.01431901431901432
2013-11-30,OI,0.021312021312021312
2013-11-30,OMC,0.004995004995004995
2013-11-30,PFG,0.018315018315018316
2013-11-30,PXD,0.024642024642024644
2013-11-30,RN7,0.004662004662004662
2013-11-30,SBUX,0.020313020313020312
2013-11-30,SEE,0.010323010323010324
2013-11-30,SNA,0.007659007659007659
2013-11-30,SNI,0.015651015651015652
2013-11-30,SRE,0.001665001665001665
2013-11-30,STJ,0.004329004329004329
2013-11-30,SWG,0.002997002997002997
2013-11-30,SWY,0.006993006993006993
2013-11-30,TEL,0.012987012987012988
2013-11-30,TJX,0.005994005994005994
2013-11-30,TMK,0.013986013986013986
2013-11-30,TMO,0.013653013653013654
2013-11-30,TRIP,0.011988011988011988
2013-11-30,TWX*,0.00999000999000999
2013-11-30,TXN,0.006327006327006327
2013-11-30,UPS,0.009657009657009658
2013-11-30,UUM,0.001998001998001998
2013-11-30,VIAB,0.01998001998001998
2013-11-30,WAG,0.000666000666000666
2013-11-30,WDC,0.017649017649017648
2013-11-30,WM,0.000999000999000999
2013-12-31,AABA,0.006666666666666667
2013-12-31,ABC,0.024912280701754386
2013-12-31,ADP,0.024210526315789474
2013-12-31,AEC1,0.012982456140350877
2013-12-31,AET,0.002456140350877193
2013-12-31,AIG*,0.014035087719298246
2013-12-31,AIZ,0.02631578947368421
2013-12-31,ALD,0.004912280701754387
2013-12-31,AMP,0.023859649122807018
2013-12-31,ANTM,0.009824561403508772
2013-12-31,AON,0.008771929824561403
2013-12-31,APH,0.011578947368421053
2013-12-31,APTV,0.02456140350877193
2013-12-31,BA,0.02245614035087719
2013-12-31,BBY,0.023508771929824562
2013-12-31,BIIB,0.01263157894736842
2013-12-31,BWA,0.023157894736842106
2013-12-31,CA,0.014736842105263156
2013-12-31,CAH,0.0014035087719298245
2013-12-31,CBS,0.010175438596491228
2013-12-31,CELG,0.0010526315789473684
2013-12-31,CI,0.020350877192982456
2013-12-31,CMG,0.003508771929824562
2013-12-31,CTAS,0.021403508771929824
2013-12-31,DHR,0.007017543859649123
2013-12-31,DNB,0.01087719298245614
2013-12-31,ECL,0.020701754385964912
2013-12-31,ETFC,0.014385964912280702
2013-12-31,FIS,0.016140350877192983
2013-12-31,FISV,0.004210526315789474
2013-12-31,FRX,0.009473684210526316
2013-12-31,GHC,0.025964912280701753
2013-12-31,HBAN,0.002807017543859649
2013-12-31,HIG,0.00631578947368421
2013-12-31,HOG,0.018947368421052633
2013-12-31,ICE,0.017543859649122806
2013-12-31,IPG,0.012280701754385965
2013-12-31,JCI,0.009122807017543859
2013-12-31,LLL,0.0007017543859649122
2013-12-31,LNC,0.025614035087719297
2013-12-31,LOM,0.01368421052631579
2013-12-31,MA,0.02280701754385965
2013-12-31,MCK,0.008070175438596491
2013-12-31,MMC,0.018596491228070177
2013-12-31,MMM,0.015087719298245613
2013-12-31,MU,0.02526315789473684
2013-12-31,MYL,0.015789473684210527
2013-12-31,NFLX,0.02
2013-12-31,NTH,0.018245614035087718
2013-12-31,OI,0.01719298245614035
2013-12-31,OMC,0.011228070175438596
2013-12-31,PAYX,0.0077192982456140355
2013-12-31,PCLN,0.022105263157894735
2013-12-31,PFG,0.021052631578947368
2013-12-31,PNC,0.0017543859649122807
2013-12-31,PNR,0.019649122807017545
2013-12-31,PRU*,0.016842105263157894
2013-12-31,RTN1,0.005263157894736842
2013-12-31,SBUX,0.02175438596491228
2013-12-31,SEE,0.008421052631578947
2013-12-31,SNA,0.010526315789473684
2013-12-31,STJ,0.011929824561403509
2013-12-31,TEL,0.0059649122807017545
2013-12-31,TJX,0.01929824561403509
2013-12-31,TMK,0.017894736842105262
2013-12-31,TMO,0.015438596491228071
2013-12-31,TRIP,0.013333333333333334
2013-12-31,TSN,0.005614035087719298
2013-12-31,TT,0.0003508771929824561
2013-12-31,UPS,0.01649122807017544
2013-12-31,UUM,0.004561403508771929
2013-12-31,VFC,0.0038596491228070177
2013-12-31,VIAB,0.003157894736842106
2013-12-31,WM,0.002105263157894737
2013-12-31,XRX,0.007368421052631579
2014-01-31,AABA,0.019314019314019316
2014-01-31,ABC,0.022977022977022976
2014-01-31,ADBE,0.013653013653013654
2014-01-31,ADM*,0.004995004995004995
2014-01-31,ADP,0.022644022644022644
2014-01-31,AEC1,0.018315018315018316
2014-01-31,AIG*,0.00999000999000999
2014-01-31,AIZ,0.025308025308025308
2014-01-31,ALD,0.002997002997002997
2014-01-31,AMP,0.024309024309024308
2014-01-31,ANTM,0.002331002331002331
2014-01-31,AON,0.015318015318015318
2014-01-31,APH,0.01431901431901432
2014-01-31,APTV,0.02564102564102564
2014-01-31,BA,0.024642024642024644
2014-01-31,BBY,0.009657009657009658
2014-01-31,BIIB,0.00033300033300033387
2014-01-31,CAH,0.002664002664002664
2014-01-31,CBS,0.01098901098901099
2014-01-31,CI,0.010656010656010656
2014-01-31,CMG,0.008658008658008658
2014-01-31,CTAS,0.023310023310023312
2014-01-31,DHR,0.003996003996003996
2014-01-31,DIS,0.001665001665001665
2014-01-31,DNB,0.017316017316017316
2014-01-31,ECL,0.013986013986013986
2014-01-31,EQT,0.012987012987012988
2014-01-31,ETFC,0.007326007326007326
2014-01-31,FIS,0.019647019647019648
2014-01-31,FRX,0.016317016317016316
2014-01-31,GD,0.014985014985014986
2014-01-31,GHC,0.024975024975024976
2014-01-31,GILD,0.017649017649017648
2014-01-31,GME,0.000666000666000666
2014-01-31,HAR,0.007992007992007992
2014-01-31,HAS,0.008991008991008992
2014-01-31,HOG,0.014652014652014652
2014-01-31,ICE,0.01998001998001998
2014-01-31,IPG,0.001998001998001998
2014-01-31,ITW,0.003663003663003663
2014-01-31,JCI,0.015984015984015984
2014-01-31,LLL,0.016650016650016652
2014-01-31,LNC,0.021312021312021312
2014-01-31,LOM,0.023976023976023976
2014-01-31,MA,0.023643023643023644
2014-01-31,MCHP,0.006993006993006993
2014-01-31,MMC,0.021645021645021644
2014-01-31,MMM,0.011322011322011322
2014-01-31,MU,0.02197802197802198
2014-01-31,MYL,0.008325008325008326
2014-01-31,NTH,0.022311022311022312
2014-01-31,NVDA,0.005994005994005994
2014-01-31,OI,0.01332001332001332
2014-01-31,OMC,0.007659007659007659
2014-01-31,ORLY,0.00333000333000333
2014-01-31,PAYX,0.018648018648018648
2014-01-31,PCLN,0.017982017982017984
2014-01-31,PFG,0.006327006327006328
2014-01-31,PNR,0.020313020313020312
2014-01-31,PRU*,0.012654012654012654
2014-01-31,RTN1,0.02097902097902098
2014-01-31,SBUX,0.004329004329004328
2014-01-31,SEE,0.012321012321012322
2014-01-31,SLM,0.000999000999000999
2014-01-31,SNA,0.016983016983016984
2014-01-31,STJ,0.005328005328005328
2014-01-31,STZ,0.010323010323010324
2014-01-31,TEL,0.011988011988011988
2014-01-31,TJX,0.020646020646020648
2014-01-31,TMK,0.015651015651015652
2014-01-31,TMO,0.011655011655011656
2014-01-31,TSS,0.005661005661005661
2014-01-31,TYC,0.001332001332001332
2014-01-31,UPS,0.009324009324009324
2014-01-31,VISA,0.00666000666000666
2014-01-31,WDC,0.01898101898101898
2014-01-31,WFC*,0.004662004662004662
2014-02-28,4XS,0.007459207459207459
2014-02-28,AABA,0.0018648018648018648
2014-02-28,ABC,0.01724941724941725
2014-02-28,ADBE,0.016783216783216783
2014-02-28,ADP,0.0013986013986013977
2014-02-28,AET,0.011188811188811189
2014-02-28,AIZ,0.025174825174825177
2014-02-28,ALD,0.008857808857808859
2014-02-28,ALXN,0.005594405594405594
2014-02-28,AMP,0.014452214452214453
2014-02-28,APTV,0.028904428904428906
2014-02-28,AZO,0.01351981351981352
2014-02-28,BA,0.020046620046620046
2014-02-28,BIIB,0.017715617715617717
2014-02-28,BSX,0.014918414918414918
2014-02-28,CA,0.009790209790209791
2014-02-28,CAH,0.006060606060606061
2014-02-28,CI,0.01818181818181818
2014-02-28,CMCSA,0.006993006993006993
2014-02-28,CMG,0.019580419580419582
2014-02-28,CTAS,0.013053613053613054
2014-02-28,DOW,0.005128205128205128
2014-02-28,ECL,0.0009324009324009324
2014-02-28,EQT,0.020512820512820513
2014-02-28,ETFC,0.02191142191142191
2014-02-28,FIS,0.007925407925407926
2014-02-28,FITB,0.0032634032634032634
2014-02-28,FRX,0.02564102564102564
2014-02-28,GD,0.027972027972027972
2014-02-28,GHC,0.022377622377622378
2014-02-28,GILD,0.024242424242424242
2014-02-28,GNW,0.008391608391608392
2014-02-28,GOOGL,0.010256410256410256
2014-02-28,GT,0.009324009324009324
2014-02-28,HAR,0.02703962703962704
2014-02-28,HRS,0.004195804195804196
2014-02-28,LLL,0.026107226107226107
2014-02-28,LNC,0.019114219114219115
2014-02-28,LOM,0.029836829836829837
2014-02-28,LUV,0.015384615384615385
2014-02-28,MCK,0.016317016317016316
2014-02-28,MU,0.026573426573426574
2014-02-28,MYL,0.018648018648018648
2014-02-28,NFLX,0.02843822843822844
2014-02-28,NTH,0.02937062937062937
2014-02-28,NVDA,0.0004662004662004662
2014-02-28,PBI,0.021445221445221447
2014-02-28,PCLN,0.023310023310023312
2014-02-28,PNC,0.013986013986013986
2014-02-28,PNR,0.011655011655011656
2014-02-28,PRU*,0.0037296037296037296
2014-02-28,RN7,0.006526806526806527
2014-02-28,RTN1,0.030303030303030304
2014-02-28,STJ,0.015850815850815853
2014-02-28,SWG,0.002331002331002331
2014-02-28,TEL,0.02097902097902098
2014-02-28,TMK,0.012587412587412588
2014-02-28,TMO,0.02470862470862471
2014-02-28,TSN,0.023776223776223775
2014-02-28,UNP,0.010722610722610723
2014-02-28,VIAB,0.004662004662004662
2014-02-28,VISA,0.002797202797202797
2014-02-28,WDC,0.027505827505827505
2014-02-28,WFC*,0.012121212121212121
2014-02-28,WYNN,0.022843822843822845
2014-03-31,A,0.0008048289738430583
2014-03-31,ADBE,0.013682092555331992
2014-03-31,AET,0.010462776659959759
2014-03-31,AIZ,0.021327967806841045
2014-03-31,ALXN,0.01609657947686117
2014-03-31,AMP,0.007243460764587525
2014-03-31,ANTM,0.00040241448692152917
2014-03-31,AON,0.01006036217303823
2014-03-31,APTV,0.027766599597585512
2014-03-31,AZO,0.014084507042253521
2014-03-31,BA,0.008048289738430584
2014-03-31,BIIB,0.00925553319919517
2014-03-31,BSX,0.0016096579476861175
2014-03-31,CA,0.016498993963782696
2014-03-31,CAH,0.02374245472837022
2014-03-31,CMG,0.018108651911468814
2014-03-31,CTAS,0.02012072434607646
2014-03-31,DIS,0.0036217303822937627
2014-03-31,DOW,0.017706237424547282
2014-03-31,ECL,0.00482897384305835
2014-03-31,EOG,0.0012072434607645875
2014-03-31,EQT,0.0193158953722334
2014-03-31,ETFC,0.024949698189134808
2014-03-31,FIS,0.012474849094567404
2014-03-31,FITB,0.010865191146881288
2014-03-31,FRX,0.022132796780684104
2014-03-31,GD,0.027364185110663984
2014-03-31,GHC,0.01851106639839034
2014-03-31,GILD,0.01448692152917505
2014-03-31,GOOGL,0.016901408450704224
2014-03-31,GRMN,0.012877263581488933
2014-03-31,GT,0.023340040241448694
2014-03-31,HAR,0.026156941649899398
2014-03-31,HP,0.015694164989939637
2014-03-31,HRS,0.01971830985915493
2014-03-31,HUM,0.017303822937625755
2014-03-31,ITW,0.007645875251509054
2014-03-31,LLL,0.02454728370221328
2014-03-31,LNC,0.011267605633802818
2014-03-31,LUV,0.0044265593561368215
2014-03-31,LYB,0.008450704225352112
2014-03-31,MCHP,0.008853118712273641
2014-03-31,MCK,0.01488933601609658
2014-03-31,MHFI,0.005633802816901409
2014-03-31,MMC,0.004024144869215292
2014-03-31,MU,0.021730382293762576
2014-03-31,MYL,0.022937625754527163
2014-03-31,NFLX,0.028169014084507043
2014-03-31,NVDA,0.005231388329979879
2014-03-31,OMC,0.006841046277665996
2014-03-31,ORLY,0.013279678068410463
2014-03-31,PBI,0.015291750503018108
2014-03-31,PCLN,0.026559356136820925
2014-03-31,PKI,0.0032193158953722333
2014-03-31,PNC,0.002816901408450704
2014-03-31,PNR,0.020925553319919517
2014-03-31,PPG,0.0096579476861167
2014-03-31,PRGO,0.002012072434607646
2014-03-31,STJ,0.022535211267605635
2014-03-31,STZ,0.026961770623742453
2014-03-31,TEL,0.018913480885311872
2014-03-31,TMK,0.006438631790744467
2014-03-31,TMO,0.02535211267605634
2014-03-31,TSN,0.020523138832997986
2014-03-31,TYC,0.006036217303822937
2014-03-31,UNP,0.011670020120724347
2014-03-31,USB,0.002414486921529175
2014-03-31,VIAB,0.012072434607645875
2014-03-31,WDC,0.02414486921529175
2014-03-31,WYNN,0.025754527162977867
2014-04-30,A,0.00040241448692152917
2014-04-30,AA,0.01006036217303823
2014-04-30,ACT,0.026156941649899398
2014-04-30,ADBE,0.0024144869215291746
2014-04-30,AIZ,0.015291750503018108
2014-04-30,AMP,0.011670020120724347
2014-04-30,AON,0.013279678068410463
2014-04-30,APH,0.005633802816901409
2014-04-30,APTV,0.027364185110663984
2014-04-30,AZO,0.00925553319919517
2014-04-30,BCR,0.007645875251509054
2014-04-30,BSX,0.01448692152917505
2014-04-30,CAH,0.024949698189134808
2014-04-30,CCE,0.004024144869215292
2014-04-30,CMA,0.012474849094567404
2014-04-30,CMG,0.007243460764587525
2014-04-30,CTAS,0.015694164989939637
2014-04-30,DOW,0.010865191146881288
2014-04-30,DTV,0.0012072434607645875
2014-04-30,EOG,0.017303822937625755
2014-04-30,ETFC,0.027766599597585512
2014-04-30,FDX,0.0036217303822937627
2014-04-30,FITB,0.01609657947686117
2014-04-30,FRX,0.021730382293762576
2014-04-30,GD,0.02454728370221328
2014-04-30,GHC,0.018913480885311872
2014-04-30,GNW,0.020523138832997986
2014-04-30,GRMN,0.014084507042253521
2014-04-30,GT,0.023340040241448694
2014-04-30,HAR,0.025754527162977867
2014-04-30,HBAN,0.010462776659959759
2014-04-30,HP,0.026961770623742453
2014-04-30,HRS,0.022535211267605635
2014-04-30,HSP,0.0008048289738430583
2014-04-30,HUM,0.011267605633802818
2014-04-30,KEY,0.006841046277665996
2014-04-30,LLL,0.026559356136820925
2014-04-30,LLTC,0.0016096579476861167
2014-04-30,LNC,0.012072434607645875
2014-04-30,LUV,0.016498993963782696
2014-04-30,LYB,0.02012072434607646
2014-04-30,MCHP,0.022132796780684104
2014-04-30,MCK,0.01851106639839034
2014-04-30,MDT,0.0028169014084507044
2014-04-30,MMC,0.012877263581488933
2014-04-30,MU,0.02374245472837022
2014-04-30,MYL,0.006438631790744467
2014-04-30,ORLY,0.00442655935613682
2014-04-30,PBI,0.02414486921529175
2014-04-30,PCLN,0.013682092555331992
2014-04-30,PKI,0.020925553319919517
2014-04-30,PLL,0.002012072434607646
2014-04-30,PNC,0.016901408450704224
2014-04-30,PNR,0.017706237424547282
2014-04-30,ROK,0.008048289738430584
2014-04-30,SNDK,0.00482897384305835
2014-04-30,STI,0.0032193158953722333
2014-04-30,STJ,0.021327967806841045
2014-04-30,STZ,0.028169014084507043
2014-04-30,TEL,0.0193158953722334
2014-04-30,TFC,0.008853118712273641
2014-04-30,TMK,0.006036217303822937
2014-04-30,TMO,0.018108651911468814
2014-04-30,TSN,0.02535211267605634
2014-04-30,TYC,0.0096579476861167
2014-04-30,UNH,0.005231388329979879
2014-04-30,UNP,0.01488933601609658
2014-04-30,USB,0.01971830985915493
2014-04-30,WDC,0.022937625754527163
2014-04-30,WYNN,0.008450704225352112
2014-05-31,AA,0.023266022827041263
2014-05-31,ADBE,0.001755926251097454
2014-05-31,AIZ,0.021071115013169446
2014-05-31,AMP,0.0052677787532923615
2014-05-31,ANTM,0.0030728709394205445
2014-05-31,AON,0.013169446883230905
2014-05-31,APH,0.014486391571553996
2014-05-31,APTV,0.027216856892010536
2014-05-31,ATI,0.0004389815627743635
2014-05-31,AZO,0.015803336259877086
2014-05-31,BFB,0.003511852502194908
2014-05-31,BHI,0.02019315188762072
2014-05-31,BLL,0.010535557506584723
2014-05-31,CAH,0.02633889376646181
2014-05-31,CAT,0.015364354697102721
2014-05-31,CSC,0.0026338893766461808
2014-05-31,CTAS,0.014047410008779631
2014-05-31,D,0.012730465320456541
2014-05-31,DOW,0.019754170324846356
2014-05-31,EQT,0.006584723441615452
2014-05-31,ETFC,0.028533801580333626
2014-05-31,FDX,0.017120280948200176
2014-05-31,FRX,0.02370500438981563
2014-05-31,FTR,0.016681299385425813
2014-05-31,GAS,0.003950834064969272
2014-05-31,GD,0.0276558384547849
2014-05-31,GHC,0.01141352063213345
2014-05-31,GNW,0.021949078138718173
2014-05-31,GRMN,0.024143985952589993
2014-05-31,GT,0.011852502194907815
2014-05-31,HAL,0.018437225636523266
2014-05-31,HAR,0.028094820017559263
2014-05-31,HOG,0.006145741878841089
2014-05-31,HP,0.029411764705882353
2014-05-31,HRS,0.02151009657594381
2014-05-31,HSP,0.012291483757682178
2014-05-31,INTU,0.014925373134328358
2014-05-31,LLL,0.025899912203687446
2014-05-31,LO,0.010974539069359086
2014-05-31,LUV,0.022388059701492536
2014-05-31,LYB,0.024582967515364356
2014-05-31,MAR,0.020632133450395083
2014-05-31,MCHP,0.02502194907813872
2014-05-31,MCK,0.01009657594381036
2014-05-31,MMC,0.008340649692712906
2014-05-31,MU,0.025460930640913083
2014-05-31,MYL,0.013608428446005268
2014-05-31,NEE,0.000877963125548727
2014-05-31,NI,0.007901668129938543
2014-05-31,ORLY,0.009657594381035996
2014-05-31,PBI,0.02897278314310799
2014-05-31,PKI,0.019315188762071993
2014-05-31,SEE,0.004828797190517998
2014-05-31,SNDK,0.0021949078138718174
2014-05-31,SRE,0.005706760316066725
2014-05-31,STJ,0.01755926251097454
2014-05-31,STZ,0.0228270412642669
2014-05-31,SWN,0.004389815627743635
2014-05-31,TEL,0.017998244073748903
2014-05-31,TMK,0.009218612818261633
2014-05-31,TSN,0.026777875329236173
2014-05-31,TSS,0.007462686567164179
2014-05-31,TXT,0.01887620719929763
2014-05-31,UNP,0.01624231782265145
2014-05-31,VNO,0.00877963125548727
2014-05-31,WDC,0.0070237050043898165
2014-05-31,XRX,0.0013169446883230904
2014-06-30,AA,0.02600170502983802
2014-06-30,ADSK,0.0017050298380221654
2014-06-30,AIZ,0.014919011082693947
2014-06-30,ALXN,0.004688832054560955
2014-06-30,AON,0.017050298380221655
2014-06-30,APH,0.011508951406649617
2014-06-30,APTV,0.0247229326513214
2014-06-30,BFB,0.0123614663256607
2014-06-30,BHI,0.01577152600170503
2014-06-30,BLL,0.023017902813299233
2014-06-30,CAH,0.024296675191815855
2014-06-30,CAT,0.0034100596760443316
2014-06-30,CSC,0.016624040920716114
2014-06-30,CTAS,0.01918158567774936
2014-06-30,DOW,0.02557544757033248
2014-06-30,DPS,0.005967604433077579
2014-06-30,DVN,0.010230179028132993
2014-06-30,FDX,0.01619778346121057
2014-06-30,FRX,0.020034100596760442
2014-06-30,FTR,0.0076726342710997444
2014-06-30,GD,0.027280477408354646
2014-06-30,GRMN,0.021739130434782608
2014-06-30,GT,0.017902813299232736
2014-06-30,HAL,0.01875532821824382
2014-06-30,HAR,0.02216538789428815
2014-06-30,HES,0.0012787723785166241
2014-06-30,HP,0.028985507246376812
2014-06-30,HRL,0.008098891730605285
2014-06-30,HRS,0.023870417732310314
2014-06-30,IFF,0.005115089514066497
2014-06-30,INTU,0.013640238704177323
2014-06-30,LLL,0.026427962489343565
2014-06-30,LM,0.002131287297527707
2014-06-30,LO,0.00937766410912191
2014-06-30,LUV,0.027706734867860187
2014-06-30,LYB,0.028132992327365727
2014-06-30,MAR,0.026854219948849106
2014-06-30,MCHP,0.020886615515771527
2014-06-30,MCK,0.017476555839727195
2014-06-30,MHFI,0.007246376811594203
2014-06-30,MMC,0.010656436487638534
2014-06-30,MU,0.0196078431372549
2014-06-30,NFLX,0.0029838022165387893
2014-06-30,NI,0.021312872975277068
2014-06-30,NSC,0.011935208866155157
2014-06-30,ORCL,0.008951406649616368
2014-06-30,PBI,0.02855924978687127
2014-06-30,PKI,0.018329070758738276
2014-06-30,PPG,0.00042625745950554135
2014-06-30,R,0.005541346973572037
2014-06-30,ROK,0.0068201193520886615
2014-06-30,SNDK,0.01278772378516624
2014-06-30,SRE,0.0025575447570332483
2014-06-30,STZ,0.02514919011082694
2014-06-30,TAP,0.0038363171355498722
2014-06-30,TEL,0.008525149190110827
2014-06-30,TMO,0.004262574595055414
2014-06-30,TSN,0.023444160272804774
2014-06-30,TXN,0.0008525149190110827
2014-06-30,TXT,0.011082693947144074
2014-06-30,TYC,0.00639386189258312
2014-06-30,UNP,0.020460358056265986
2014-06-30,VNO,0.022591645353793693
2014-06-30,WAG,0.00980392156862745
2014-06-30,WDC,0.014066496163682864
2014-06-30,WMB,0.015345268542199489
2014-06-30,WYNN,0.013213981244671782
2014-06-30,ZBH,0.014492753623188406
2014-07-31,A,0.006293965198074787
2014-07-31,AA,0.02702702702702703
2014-07-31,ADBE,0.011106997408367271
2014-07-31,ADSK,0.021103295075897817
2014-07-31,AMP,0.0007404664938911515
2014-07-31,AMT,0.012217697149203998
2014-07-31,AON,0.01036653091447612
2014-07-31,APH,0.0136986301369863
2014-07-31,APTV,0.016660496112550906
2014-07-31,ATI,0.01295816364309515
2014-07-31,BFB,0.00518326545723806
2014-07-31,BHI,0.02073306182895224
2014-07-31,BLL,0.02332469455757127
2014-07-31,CAH,0.014068863383931877
2014-07-31,CAT,0.022954461310625694
2014-07-31,CBRE,0.008885597926693817
2014-07-31,CCE,0.004072565716401333
2014-07-31,CNX,0.01740096260644206
2014-07-31,COP,0.004442798963346909
2014-07-31,COV,0.00259163272861903
2014-07-31,CSC,0.005923731951129212
2014-07-31,CTAS,0.019252128841169936
2014-07-31,D,0.0033320992225101815
2014-07-31,DOW,0.023694927804516847
2014-07-31,DPS,0.009996297667530544
2014-07-31,DTV,0.00777489818585709
2014-07-31,DVN,0.022584228063680118
2014-07-31,FDX,0.014439096630877453
2014-07-31,FIS,0.0011106997408367272
2014-07-31,GD,0.01814142910033321
2014-07-31,GLW,0.004813032210292484
2014-07-31,GRMN,0.015920029618659754
2014-07-31,GT,0.00037023324694557616
2014-07-31,HAL,0.021473528322843393
2014-07-31,HAR,0.01629026286560533
2014-07-31,HP,0.026656793780081452
2014-07-31,HRS,0.0018511662347278773
2014-07-31,HSP,0.0037023324694557573
2014-07-31,IFF,0.015549796371714181
2014-07-31,INTU,0.0074046649389115145
2014-07-31,LLL,0.017771195853387635
2014-07-31,LM,0.012587930396149574
2014-07-31,LO,0.011477230655312847
2014-07-31,LUV,0.025546094039244724
2014-07-31,LYB,0.024065161051462423
2014-07-31,MAR,0.026286560533135876
2014-07-31,MCHP,0.014809329877823029
2014-07-31,MCK,0.006664198445020364
2014-07-31,MMC,0.008145131432802665
2014-07-31,MSFT,0.007034431691965938
2014-07-31,MU,0.0259163272861903
2014-07-31,NBR,0.01999259533506109
2014-07-31,NFX,0.015179563124768604
2014-07-31,NI,0.020362828582006665
2014-07-31,NLSN,0.009626064420584968
2014-07-31,NRG,0.011847463902258423
2014-07-31,NSC,0.022213994816734542
2014-07-31,ORCL,0.0022213994816734544
2014-07-31,PBI,0.024435394298407995
2014-07-31,PKI,0.019622362088115512
2014-07-31,PPG,0.002961865975564606
2014-07-31,R,0.013328396890040726
2014-07-31,SIAL,0.009255831173639394
2014-07-31,SNDK,0.02480562754535357
2014-07-31,STZ,0.025175860792299148
2014-07-31,TAP,0.017030729359496483
2014-07-31,TYC,0.010736764161421697
2014-07-31,VMC,0.008515364679748241
2014-07-31,VNO,0.01888189559422436
2014-07-31,WAG,0.001480932987782303
2014-07-31,WDC,0.018511662347278787
2014-07-31,WMB,0.021843761569788966
2014-07-31,WYNN,0.0055534987041836355
2014-08-31,AA,0.03636363636363636
2014-08-31,AMP,0.010101010101010102
2014-08-31,AMT,0.030976430976430977
2014-08-31,APH,0.02356902356902357
2014-08-31,BLL,0.027609427609427608
2014-08-31,BRCM,0.017508417508417508
2014-08-31,CAH,0.024915824915824916
2014-08-31,CBRE,0.008754208754208754
2014-08-31,CMG,0.00808080808080808
2014-08-31,CTAS,0.014814814814814815
2014-08-31,DIS,0.013468013468013467
2014-08-31,DOW,0.018855218855218854
2014-08-31,DPS,0.022895622895622896
2014-08-31,DTV,0.028282828282828285
2014-08-31,EFX,0.010774410774410775
2014-08-31,EXPE,0.01818181818181818
2014-08-31,FTR,0.019528619528619527
2014-08-31,GD,0.030303030303030304
2014-08-31,GILD,0.006060606060606061
2014-08-31,HAL,0.0020202020202020193
2014-08-31,HAR,0.009427609427609427
2014-08-31,HES,0.00404040404040404
2014-08-31,HP,0.03164983164983165
2014-08-31,HPQ,0.012794612794612794
2014-08-31,HSP,0.028956228956228958
2014-08-31,IFF,0.011447811447811448
2014-08-31,INTU,0.01616161616161616
2014-08-31,LO,0.012121212121212121
2014-08-31,LRCX,0.02154882154882155
2014-08-31,LUV,0.03569023569023569
2014-08-31,LYB,0.03367003367003367
2014-08-31,MAR,0.035016835016835016
2014-08-31,MCK,0.014141414141414142
2014-08-31,MCO,0.0047138047138047135
2014-08-31,MMC,0.0006734006734006731
2014-08-31,MSFT,0.022222222222222223
2014-08-31,MU,0.03434343434343434
2014-08-31,NBR,0.005387205387205388
2014-08-31,NI,0.020875420875420877
2014-08-31,NSC,0.02558922558922559
2014-08-31,ORCL,0.0013468013468013469
2014-08-31,PBI,0.03232323232323232
2014-08-31,R,0.026936026936026935
2014-08-31,RHI,0.016835016835016835
2014-08-31,SIAL,0.006734006734006734
2014-08-31,SNDK,0.020202020202020204
2014-08-31,STX,0.003367003367003367
2014-08-31,STZ,0.026262626262626262
2014-08-31,TEL,0.024242424242424242
2014-08-31,TMO,0.015488215488215488
2014-08-31,VNO,0.02962962962962963
2014-08-31,WDC,0.032996632996632996
2014-08-31,WMB,0.007407407407407408
2014-08-31,ZBH,0.0026936026936026937
2014-09-30,AA,0.02857142857142857
2014-09-30,AMP,0.010766045548654244
2014-09-30,AMT,0.02236024844720497
2014-09-30,ANTM,0.010351966873706004
2014-09-30,APH,0.024844720496894408
2014-09-30,AVB,0.004554865424430642
2014-09-30,AZO,0.012836438923395446
2014-09-30,BFB,0.012422360248447204
2014-09-30,BLL,0.02401656314699793
2014-09-30,BRCM,0.020703933747412008
2014-09-30,CAH,0.018633540372670808
2014-09-30,CAT,0.0033126293995859213
2014-09-30,CBRE,0.009937888198757764
2014-09-30,CFN,0.004140786749482402
2014-09-30,CMG,0.0024844720496894415
2014-09-30,CTAS,0.007453416149068323
2014-09-30,CVS,0.008695652173913044
2014-09-30,DAL,0.022774327122153208
2014-09-30,DIS,0.016149068322981366
2014-09-30,DOW,0.020289855072463767
2014-09-30,DPS,0.02567287784679089
2014-09-30,DTV,0.02525879917184265
2014-09-30,EFX,0.02360248447204969
2014-09-30,EQR,0.016563146997929608
2014-09-30,EW,0.014906832298136646
2014-09-30,EXPE,0.011180124223602485
2014-09-30,FFIV,0.0012422360248447205
2014-09-30,FTR,0.02194616977225673
2014-09-30,GD,0.02443064182194617
2014-09-30,GILD,0.017391304347826087
2014-09-30,HAR,0.012008281573498964
2014-09-30,HES,0.002070393374741201
2014-09-30,HP,0.013664596273291925
2014-09-30,HPQ,0.02732919254658385
2014-09-30,HSP,0.01780538302277433
2014-09-30,HST,0.011594202898550725
2014-09-30,IFF,0.0008281573498964811
2014-09-30,INTU,0.007039337474120083
2014-09-30,LLY,0.006211180124223602
2014-09-30,LM,0.008281573498964804
2014-09-30,LRCX,0.013250517598343685
2014-09-30,LUV,0.02774327122153209
2014-09-30,LYB,0.02650103519668737
2014-09-30,M,0.009109730848861283
2014-09-30,MAR,0.028157349896480333
2014-09-30,MCK,0.005797101449275362
2014-09-30,MCO,0.004968944099378882
2014-09-30,MSFT,0.02318840579710145
2014-09-30,MU,0.016977225672877846
2014-09-30,NDAQ,0.0037267080745341614
2014-09-30,NI,0.02111801242236025
2014-09-30,NSC,0.01904761904761905
2014-09-30,ORCL,0.0016563146997929607
2014-09-30,PBI,0.015734989648033125
2014-09-30,PSX,0.018219461697722567
2014-09-30,R,0.02608695652173913
2014-09-30,RHI,0.006625258799171842
2014-09-30,SIAL,0.009523809523809525
2014-09-30,SNDK,0.015320910973084885
2014-09-30,SRE,0.007867494824016562
2014-09-30,STZ,0.019461697722567287
2014-09-30,TAP,0.005383022774327122
2014-09-30,TEL,0.01987577639751553
2014-09-30,TMO,0.002898550724637681
2014-09-30,TYC,0.00041407867494824016
2014-09-30,VNO,0.021532091097308487
2014-09-30,WDC,0.026915113871635612
2014-09-30,WMB,0.014078674948240166
2014-09-30,WYND,0.014492753623188406
2014-10-31,AA,0.036284470246734396
2014-10-31,ADSK,0.008708272859216255
2014-10-31,AET,0.007982583454281567
2014-10-31,ANTM,0.026850507982583455
2014-10-31,APH,0.02104499274310595
2014-10-31,BLL,0.02177068214804064
2014-10-31,BRCM,0.030478955007256895
2014-10-31,CAH,0.011611030478955007
2014-10-31,CF,0.01741654571843251
2014-10-31,CSX,0.01088534107402032
2014-10-31,CTAS,0.023947750362844702
2014-10-31,CVS,0.0043541364296081275
2014-10-31,DIS,0.013788098693759071
2014-10-31,DOW,0.018867924528301886
2014-10-31,DPS,0.034107402031930335
2014-10-31,DTV,0.03193033381712627
2014-10-31,DVA,0.02902757619738752
2014-10-31,ETFC,0.010159651669085631
2014-10-31,EW,0.033381712626995644
2014-10-31,EXPE,0.009433962264150943
2014-10-31,FFIV,0.015965166908563134
2014-10-31,FTR,0.02467343976777939
2014-10-31,GD,0.03555878084179971
2014-10-31,GILD,0.012336719883889695
2014-10-31,HPQ,0.022496371552975326
2014-10-31,HSP,0.01451378809869376
2014-10-31,HUM,0.0021770682148040637
2014-10-31,INTU,0.013062409288824383
2014-10-31,LEG,0.000725689404934688
2014-10-31,LLY,0.027576197387518143
2014-10-31,LM,0.0014513788098693761
2014-10-31,LRCX,0.026124818577648767
2014-10-31,LUV,0.03773584905660377
2014-10-31,LYB,0.029753265602322207
2014-10-31,MAR,0.03701015965166909
2014-10-31,MCO,0.02539912917271408
2014-10-31,MRK,0.018142235123367198
2014-10-31,MSFT,0.031204644412191583
2014-10-31,MU,0.03483309143686502
2014-10-31,NI,0.03265602322206096
2014-10-31,NSC,0.019593613933236574
2014-10-31,R,0.02830188679245283
2014-10-31,RHI,0.023222060957910014
2014-10-31,SIAL,0.015239477503628448
2014-10-31,SNDK,0.0029027576197387522
2014-10-31,STZ,0.007256894049346881
2014-10-31,TAP,0.005805515239477504
2014-10-31,TMO,0.0050798258345428155
2014-10-31,TYC,0.00362844702467344
2014-10-31,WDC,0.020319303338171262
2014-10-31,WMB,0.016690856313497822
2014-10-31,WYND,0.006531204644412192
2014-11-30,AA,0.03383458646616541
2014-11-30,ABBV,0.0037593984962406013
2014-11-30,AIV,0.017543859649122806
2014-11-30,ALL,0.002506265664160401
2014-11-30,ALXN,0.0043859649122807015
2014-11-30,AMGN,0.016290726817042606
2014-11-30,AMT,0.022556390977443608
2014-11-30,AVB,0.009398496240601503
2014-11-30,BLL,0.02631578947368421
2014-11-30,BRCM,0.03070175438596491
2014-11-30,BXP,0.013784461152882205
2014-11-30,CAH,0.005639097744360902
2014-11-30,CSX,0.014411027568922305
2014-11-30,CTAS,0.02568922305764411
2014-11-30,CVS,0.0018796992481203006
2014-11-30,DIS,0.013157894736842105
2014-11-30,DPS,0.03195488721804511
2014-11-30,DTV,0.02756892230576441
2014-11-30,DVA,0.02819548872180451
2014-11-30,EA,0.021929824561403508
2014-11-30,EIX,0.0006265664160401002
2014-11-30,EQR,0.018796992481203006
2014-11-30,ETR,0.005012531328320802
2014-11-30,EW,0.03320802005012531
2014-11-30,FFIV,0.021303258145363407
2014-11-30,FTR,0.015037593984962405
2014-11-30,GD,0.03258145363408521
2014-11-30,GILD,0.011278195488721804
2014-11-30,HPQ,0.015664160401002505
2014-11-30,HSP,0.02694235588972431
2014-11-30,INTU,0.003132832080200501
2014-11-30,LEG,0.012531328320802004
2014-11-30,LLY,0.02944862155388471
2014-11-30,LM,0.006265664160401002
2014-11-30,LRCX,0.03007518796992481
2014-11-30,LUV,0.03508771929824561
2014-11-30,MAR,0.03446115288220551
2014-11-30,MCO,0.02506265664160401
2014-11-30,MNST,0.0012531328320802004
2014-11-30,MO,0.016917293233082706
2014-11-30,MSFT,0.023182957393483708
2014-11-30,MU,0.020676691729323307
2014-11-30,NI,0.03132832080200501
2014-11-30,NSC,0.02443609022556391
2014-11-30,ORLY,0.010651629072681704
2014-11-30,R,0.019423558897243107
2014-11-30,RHI,0.02882205513784461
2014-11-30,ROP,0.007518796992481203
2014-11-30,SHW,0.020050125313283207
2014-11-30,SIAL,0.011904761904761904
2014-11-30,SRE,0.023809523809523808
2014-11-30,STZ,0.008771929824561403
2014-11-30,TAP,0.006892230576441102
2014-11-30,VNO,0.010025062656641603
2014-11-30,WDC,0.008145363408521303
2014-11-30,WMB,0.018170426065162906
2014-12-31,AA,0.029265873015873016
2014-12-31,AET,0.006448412698412698
2014-12-31,AIV,0.023809523809523808
2014-12-31,ALL,0.012896825396825396
2014-12-31,AMGN,0.014384920634920634
2014-12-31,AMT,0.022817460317460316
2014-12-31,AVB,0.018849206349206348
2014-12-31,BLL,0.02132936507936508
2014-12-31,BRCM,0.022321428571428572
2014-12-31,BRKB,0.003968253968253968
2014-12-31,BXP,0.017361111111111112
2014-12-31,CAH,0.020337301587301588
2014-12-31,CFN,0.004464285714285714
2014-12-31,COV,0.009424603174603174
2014-12-31,CSX,0.001984126984126984
2014-12-31,DAL,0.023313492063492064
2014-12-31,DPS,0.02976190476190476
2014-12-31,DTV,0.01488095238095238
2014-12-31,DVA,0.00496031746031746
2014-12-31,EA,0.025297619047619048
2014-12-31,EIX,0.00744047619047619
2014-12-31,EQR,0.016865079365079364
2014-12-31,ETR,0.000992063492063492
2014-12-31,EW,0.030257936507936508
2014-12-31,FFIV,0.007936507936507936
2014-12-31,FTR,0.020833333333333332
2014-12-31,GD,0.028769841269841268
2014-12-31,GGP,0.015873015873015872
2014-12-31,HCN,0.008928571428571428
2014-12-31,HPQ,0.024305555555555556
2014-12-31,HSP,0.0248015873015873
2014-12-31,INTU,0.010912698412698412
2014-12-31,KR,0.019345238095238096
2014-12-31,LEG,0.015376984126984126
2014-12-31,LLY,0.027281746031746032
2014-12-31,LRCX,0.028273809523809524
2014-12-31,LUV,0.03125
2014-12-31,MAC,0.011904761904761904
2014-12-31,MAR,0.030753968253968252
2014-12-31,MCK,0.010416666666666666
2014-12-31,MCO,0.013392857142857142
2014-12-31,MDT,0.005952380952380952
2014-12-31,MJN,0.002976190476190476
2014-12-31,MO,0.01240079365079365
2014-12-31,MRK,0.003472222222222222
2014-12-31,MSFT,0.027777777777777776
2014-12-31,MU,0.026785714285714284
2014-12-31,NI,0.02628968253968254
2014-12-31,NSC,0.005456349206349204
2014-12-31,ORLY,0.00992063492063492
2014-12-31,PEP,0.017857142857142856
2014-12-31,R,0.01636904761904762
2014-12-31,RAI,0.013888888888888888
2014-12-31,REGN,0.006944444444444444
2014-12-31,RHI,0.01984126984126984
2014-12-31,SHW,0.025793650793650792
2014-12-31,SNDK,0.008432539682539682
2014-12-31,SRE,0.021825396825396824
2014-12-31,STZ,0.018353174603174604
2014-12-31,TAP,0.001488095238095238
2014-12-31,TXN,0.000496031746031746
2014-12-31,UNH,0.00248015873015873
2014-12-31,VNO,0.011408730158730158
2015-01-31,AA,0.002976190476190476
2015-01-31,ABT,0.000992063492063492
2015-01-31,AET,0.007936507936507936
2015-01-31,AIV,0.00496031746031746
2015-01-31,ALL,0.027777777777777776
2015-01-31,AMP,0.001488095238095238
2015-01-31,ANTM,0.02628968253968254
2015-01-31,APD,0.003968253968253968
2015-01-31,AVB,0.012896825396825396
2015-01-31,BLL,0.025793650793650792
2015-01-31,BRCM,0.026785714285714284
2015-01-31,BRKB,0.018353174603174604
2015-01-31,COST,0.006944444444444444
2015-01-31,CSX,0.014384920634920634
2015-01-31,CTAS,0.0248015873015873
2015-01-31,CVS,0.022817460317460316
2015-01-31,DAL,0.020337301587301588
2015-01-31,DGX,0.003472222222222222
2015-01-31,DIS,0.010416666666666666
2015-01-31,DPS,0.029265873015873016
2015-01-31,DTV,0.005456349206349206
2015-01-31,EA,0.019345238095238096
2015-01-31,ETR,0.00744047619047619
2015-01-31,EW,0.030753968253968252
2015-01-31,FDX,0.000496031746031746
2015-01-31,FISV,0.008928571428571428
2015-01-31,GD,0.015873015873015872
2015-01-31,GGP,0.024305555555555556
2015-01-31,HPQ,0.023809523809523808
2015-01-31,HSP,0.018849206349206348
2015-01-31,HUM,0.001984126984126984
2015-01-31,INTU,0.00992063492063492
2015-01-31,JWN,0.017361111111111112
2015-01-31,KR,0.02976190476190476
2015-01-31,LB,0.02132936507936508
2015-01-31,LEG,0.022321428571428572
2015-01-31,LLY,0.01984126984126984
2015-01-31,LOW,0.016865079365079364
2015-01-31,LRCX,0.028769841269841268
2015-01-31,LUV,0.03125
2015-01-31,MAC,0.025297619047619048
2015-01-31,MAR,0.030257936507936508
2015-01-31,MJN,0.010912698412698412
2015-01-31,MMC,0.01636904761904762
2015-01-31,MMM,0.004464285714285714
2015-01-31,MO,0.020833333333333332
2015-01-31,MS,0.01488095238095238
2015-01-31,MSFT,0.021825396825396824
2015-01-31,MU,0.015376984126984126
2015-01-31,NI,0.023313492063492064
2015-01-31,ORLY,0.01240079365079365
2015-01-31,R,0.013888888888888888
2015-01-31,RAI,0.011408730158730158
2015-01-31,RHI,0.027281746031746032
2015-01-31,RSG,0.017857142857142856
2015-01-31,SHW,0.028273809523809524
2015-01-31,SNA,0.008432539682539682
2015-01-31,SRE,0.009424603174603174
2015-01-31,SWK,0.00248015873015873
2015-01-31,UNH,0.013392857142857142
2015-01-31,VNO,0.011904761904761904
2015-01-31,WDC,0.005952380952380952
2015-01-31,WM,0.006448412698412698
2015-02-28,ABC,0.0203921568627451
2015-02-28,AET,0.0015686274509803923
2015-02-28,AIV,0.011764705882352941
2015-02-28,ALL,0.03372549019607843
2015-02-28,ANTM,0.03764705882352941
2015-02-28,AVB,0.01803921568627451
2015-02-28,BRCM,0.025098039215686273
2015-02-28,CLX,0.012549019607843137
2015-02-28,CMS,0.01019607843137255
2015-02-28,COST,0.01411764705882353
2015-02-28,CTAS,0.02431372549019608
2015-02-28,CVS,0.022745098039215685
2015-02-28,DGX,0.02196078431372549
2015-02-28,DPS,0.03529411764705882
2015-02-28,EA,0.02980392156862745
2015-02-28,EFX,0.00392156862745098
2015-02-28,EQR,0.009411764705882352
2015-02-28,ETR,0.00784313725490196
2015-02-28,EW,0.03686274509803922
2015-02-28,FDX,0.008627450980392156
2015-02-28,FISV,0.018823529411764704
2015-02-28,GGP,0.023529411764705882
2015-02-28,HCN,0.01647058823529412
2015-02-28,HSP,0.03058823529411765
2015-02-28,IRM,0.014901960784313726
2015-02-28,KR,0.038431372549019606
2015-02-28,LB,0.029019607843137254
2015-02-28,LEG,0.01568627450980392
2015-02-28,LLY,0.007058823529411765
2015-02-28,LO,0.021176470588235293
2015-02-28,LOW,0.0031372549019607846
2015-02-28,LRCX,0.034509803921568626
2015-02-28,LUV,0.0392156862745098
2015-02-28,MAC,0.027450980392156862
2015-02-28,MAR,0.02588235294117647
2015-02-28,MJN,0.005490196078431373
2015-02-28,MMM,0.010980392156862745
2015-02-28,MO,0.03607843137254902
2015-02-28,MWV,0.002352941176470588
2015-02-28,NI,0.02823529411764706
2015-02-28,PCG,0.000784313725490196
2015-02-28,RAI,0.0196078431372549
2015-02-28,RHI,0.03294117647058824
2015-02-28,SBUX,0.004705882352941176
2015-02-28,SHW,0.03137254901960784
2015-02-28,SRE,0.006274509803921568
2015-02-28,STZ,0.013333333333333334
2015-02-28,TSO,0.02666666666666667
2015-02-28,UNH,0.017254901960784313
2015-02-28,WM,0.03215686274509804
2015-03-31,ABC,0.023066485753052916
2015-03-31,ABT,0.017186793306196293
2015-03-31,AET,0.007688828584350972
2015-03-31,ALL,0.022161917684305744
2015-03-31,ANTM,0.02804161013116237
2015-03-31,APD,0.018995929443690638
2015-03-31,BRCM,0.017639077340569877
2015-03-31,CAH,0.015829941203075532
2015-03-31,CHRW,0.01854364540931705
2015-03-31,CI,0.009497964721845319
2015-03-31,CLX,0.009950248756218905
2015-03-31,COST,0.02125734961555857
2015-03-31,CTAS,0.02397105382180009
2015-03-31,CVS,0.020805065581184983
2015-03-31,DLTR,0.0203527815468114
2015-03-31,DPS,0.027589326096788783
2015-03-31,DTV,0.004522840343735866
2015-03-31,EA,0.021709633649932156
2015-03-31,EFX,0.019448213478064226
2015-03-31,EQR,0.0027137042062415195
2015-03-31,EW,0.028493894165535955
2015-03-31,FB,0.009045680687471733
2015-03-31,FDX,0.014020805065581185
2015-03-31,FIS,0.016734509271822705
2015-03-31,FISV,0.022614201718679332
2015-03-31,GGP,0.0067842605156037995
2015-03-31,HD,0.013116236996834011
2015-03-31,HSP,0.01990049751243781
2015-03-31,HUM,0.007236544549977386
2015-03-31,JWN,0.004070556309362279
2015-03-31,KR,0.029850746268656716
2015-03-31,LB,0.024423337856173677
2015-03-31,LEG,0.015377657168701944
2015-03-31,LLY,0.013568521031207599
2015-03-31,LMT,0.010854816824966078
2015-03-31,LO,0.000452284034373588
2015-03-31,LOW,0.018091361374943465
2015-03-31,LRCX,0.02532790592492085
2015-03-31,LUV,0.02668475802804161
2015-03-31,MAC,0.005427408412483039
2015-03-31,MAR,0.023518769787426504
2015-03-31,MCK,0.0018091361374943465
2015-03-31,MJN,0.012663952962460425
2015-03-31,MMM,0.014473089099954772
2015-03-31,MNST,0.011307100859339666
2015-03-31,MO,0.028946178199909543
2015-03-31,MWV,0.008141112618724558
2015-03-31,NDAQ,0.008593396653098146
2015-03-31,NI,0.01175938489371325
2015-03-31,NOC,0.026232473993668022
2015-03-31,ORLY,0.002261420171867933
2015-03-31,RAI,0.016282225237449117
2015-03-31,RHI,0.027137042062415198
2015-03-31,ROP,0.0009045680687471732
2015-03-31,RSG,0.010402532790592492
2015-03-31,SBUX,0.005879692446856626
2015-03-31,SHW,0.02939846223428313
2015-03-31,SNA,0.006331976481230212
2015-03-31,SRCL,0.003618272274988693
2015-03-31,STZ,0.004975124378109453
2015-03-31,SWK,0.0013568521031207597
2015-03-31,TRV,0.003165988240615106
2015-03-31,TSO,0.024875621890547265
2015-03-31,UNH,0.012211668928086838
2015-03-31,WM,0.025780189959294438
2015-03-31,ZTS,0.014925373134328358
2015-04-30,ABC,0.032667876588021776
2015-04-30,ABT,0.007864488808227465
2015-04-30,AET,0.024198427102238355
2015-04-30,ALL,0.02601330913490623
2015-04-30,ANTM,0.0338777979431337
2015-04-30,APD,0.008469449485783424
2015-04-30,BRCM,0.004234724742891712
2015-04-30,CAH,0.025408348457350273
2015-04-30,CERN,0.014519056261343012
2015-04-30,CI,0.021778584392014518
2015-04-30,CME,0.0024198427102238356
2015-04-30,COST,0.03145795523290986
2015-04-30,CTAS,0.02661826981246219
2015-04-30,CVS,0.022988505747126436
2015-04-30,DGX,0.015124016938898971
2015-04-30,DIS,0.0006049606775559589
2015-04-30,DLTR,0.029038112522686024
2015-04-30,DPS,0.028433151845130067
2015-04-30,DRI,0.006654567453115548
2015-04-30,EA,0.027828191167574106
2015-04-30,EFX,0.0102843315184513
2015-04-30,EW,0.030852994555353903
2015-04-30,EXPE,0.01693889897156685
2015-04-30,FB,0.019963702359346643
2015-04-30,FIS,0.024803387779794312
2015-04-30,FISV,0.0205686630369026
2015-04-30,HD,0.009679370840895343
2015-04-30,HSP,0.012099213551119177
2015-04-30,HUM,0.02117362371445856
2015-04-30,JWN,0.0018148820326678765
2015-04-30,KR,0.034482758620689655
2015-04-30,LB,0.03206291591046582
2015-04-30,LEG,0.018148820326678767
2015-04-30,LLY,0.02238354506957048
2015-04-30,LMT,0.012704174228675136
2015-04-30,LOW,0.02722323049001815
2015-04-30,LUV,0.030248033877797943
2015-04-30,MAR,0.007259528130671506
2015-04-30,MCK,0.003629764065335753
2015-04-30,MNST,0.010889292196007259
2015-04-30,NDAQ,0.016333938294010888
2015-04-30,NI,0.009074410163339383
2015-04-30,NKE,0.004839685420447671
2015-04-30,NOC,0.023593466424682397
2015-04-30,NWL,0.0012099213551119178
2015-04-30,ORLY,0.0054446460980036296
2015-04-30,REGN,0.01572897761645493
2015-04-30,RHI,0.013309134906231096
2015-04-30,RHT,0.006049606775559589
2015-04-30,SBUX,0.017543859649122806
2015-04-30,SHW,0.03327283726557774
2015-04-30,SRCL,0.0030248033877797943
2015-04-30,STZ,0.018753781004234724
2015-04-30,TSO,0.019358741681790685
2015-04-30,UNH,0.02964307320024199
2015-04-30,WM,0.013914095583787053
2015-04-30,ZTS,0.011494252873563218
2015-05-31,ABC,0.034482758620689655
2015-05-31,ABT,0.0102843315184513
2015-05-31,AET,0.03145795523290986
2015-05-31,ALL,0.0205686630369026
2015-05-31,AMGN,0.008469449485783424
2015-05-31,ANTM,0.03327283726557774
2015-05-31,AVGO,0.016333938294010888
2015-05-31,BMY,0.010889292196007259
2015-05-31,BRCM,0.02117362371445856
2015-05-31,BSX,0.006049606775559589
2015-05-31,CERN,0.028433151845130067
2015-05-31,CI,0.011494252873563218
2015-05-31,CME,0.0018148820326678765
2015-05-31,COL,0.003629764065335753
2015-05-31,COST,0.018753781004234724
2015-05-31,CTAS,0.024198427102238355
2015-05-31,CVS,0.009679370840895343
2015-05-31,DIS,0.013914095583787053
2015-05-31,DLTR,0.02661826981246219
2015-05-31,DPS,0.015124016938898971
2015-05-31,EA,0.018148820326678767
2015-05-31,EFX,0.03206291591046582
2015-05-31,ETFC,0.014519056261343012
2015-05-31,EW,0.021778584392014518
2015-05-31,EXPE,0.024803387779794312
2015-05-31,FISV,0.030248033877797943
2015-05-31,HD,0.0012099213551119183
2015-05-31,HSP,0.017543859649122806
2015-05-31,INTU,0.0024198427102238356
2015-05-31,KMI,0.006654567453115548
2015-05-31,KR,0.029643073200241985
2015-05-31,LB,0.032667876588021776
2015-05-31,LLY,0.027828191167574106
2015-05-31,LOW,0.02601330913490623
2015-05-31,LUV,0.01572897761645493
2015-05-31,MAR,0.007259528130671506
2015-05-31,MNST,0.02238354506957048
2015-05-31,NDAQ,0.00544464609800363
2015-05-31,NI,0.0006049606775559591
2015-05-31,NKE,0.0030248033877797943
2015-05-31,NOC,0.022988505747126436
2015-05-31,NTRS,0.007864488808227465
2015-05-31,NWL,0.01693889897156685
2015-05-31,ORLY,0.025408348457350273
2015-05-31,PRGO,0.004234724742891712
2015-05-31,REGN,0.02722323049001815
2015-05-31,RHT,0.023593466424682397
2015-05-31,SHW,0.0338777979431337
2015-05-31,SNA,0.012704174228675136
2015-05-31,STZ,0.029038112522686024
2015-05-31,TSO,0.019358741681790685
2015-05-31,TSS,0.019963702359346643
2015-05-31,UNH,0.030852994555353903
2015-05-31,VMC,0.009074410163339383
2015-05-31,VRTX,0.012099213551119177
2015-05-31,WAT,0.004839685420447671
2015-05-31,ZTS,0.013309134906231096
2015-06-30,AAPL,0.01883116883116883
2015-06-30,ABC,0.033766233766233764
2015-06-30,ABT,0.016883116883116882
2015-06-30,AET,0.032467532467532464
2015-06-30,ANTM,0.03571428571428571
2015-06-30,AVGO,0.02922077922077922
2015-06-30,BMY,0.02142857142857143
2015-06-30,BSX,0.007142857142857143
2015-06-30,CAG,0.008441558441558441
2015-06-30,CAH,0.02012987012987013
2015-06-30,CERN,0.00909090909090909
2015-06-30,CI,0.026623376623376622
2015-06-30,CME,0.012337662337662338
2015-06-30,COST,0.013636363636363636
2015-06-30,CTAS,0.02792207792207792
2015-06-30,CVS,0.028571428571428567
2015-06-30,DGX,0.0006493506493506494
2015-06-30,DIS,0.007792207792207792
2015-06-30,DLTR,0.00974025974025974
2015-06-30,DPS,0.015584415584415584
2015-06-30,DRI,0.014935064935064935
2015-06-30,EA,0.03051948051948052
2015-06-30,EFX,0.03116883116883117
2015-06-30,ETFC,0.02077922077922078
2015-06-30,EW,0.016233766233766232
2015-06-30,EXPE,0.01818181818181818
2015-06-30,FISV,0.033116883116883114
2015-06-30,HD,0.005844155844155844
2015-06-30,HSP,0.006493506493506494
2015-06-30,HUM,0.011688311688311689
2015-06-30,INTU,0.004545454545454545
2015-06-30,KR,0.02727272727272727
2015-06-30,LB,0.024675324675324677
2015-06-30,LEG,0.003246753246753247
2015-06-30,LLY,0.024025974025974027
2015-06-30,LOW,0.023376623376623377
2015-06-30,MCK,0.025974025974025976
2015-06-30,NDAQ,0.01103896103896104
2015-06-30,NKE,0.005194805194805195
2015-06-30,NOC,0.02987012987012987
2015-06-30,NWL,0.01038961038961039
2015-06-30,ORLY,0.022727272727272728
2015-06-30,REGN,0.03506493506493506
2015-06-30,RHT,0.0025974025974025983
2015-06-30,SHW,0.03441558441558441
2015-06-30,SNA,0.01753246753246753
2015-06-30,STZ,0.02207792207792208
2015-06-30,TGT,0.0012987012987012987
2015-06-30,TSCO,0.001948051948051948
2015-06-30,TSO,0.012987012987012988
2015-06-30,TSS,0.025324675324675326
2015-06-30,UNH,0.031818181818181815
2015-06-30,VMC,0.014285714285714285
2015-06-30,WAT,0.003896103896103896
2015-06-30,ZTS,0.01948051948051948
2015-07-31,ABC,0.011614401858304299
2015-07-31,ABT,0.0011614401858304306
2015-07-31,AET,0.047619047619047616
2015-07-31,AGN,0.006968641114982578
2015-07-31,ANTM,0.03948896631823461
2015-07-31,AVGO,0.013937282229965157
2015-07-31,BMY,0.017421602787456445
2015-07-31,CAG,0.036004645760743324
2015-07-31,CCL,0.005807200929152149
2015-07-31,CI,0.04529616724738676
2015-07-31,CTAS,0.030197444831591175
2015-07-31,CVS,0.04065040650406504
2015-07-31,DIS,0.012775842044134728
2015-07-31,DLTR,0.018583042973286876
2015-07-31,DRI,0.03716608594657375
2015-07-31,EA,0.04645760743321719
2015-07-31,EFX,0.00813008130081301
2015-07-31,ETFC,0.027874564459930314
2015-07-31,EW,0.016260162601626018
2015-07-31,EXPE,0.020905923344947737
2015-07-31,FISV,0.0429732868757259
2015-07-31,HAS,0.024390243902439025
2015-07-31,KR,0.03484320557491289
2015-07-31,LEG,0.019744483159117306
2015-07-31,LLY,0.03832752613240418
2015-07-31,MHK,0.004645760743321719
2015-07-31,MNST,0.023228803716608595
2015-07-31,NKE,0.022067363530778164
2015-07-31,NOC,0.029036004645760744
2015-07-31,NWL,0.009291521486643438
2015-07-31,ORLY,0.032520325203252036
2015-07-31,PLL,0.0023228803716608595
2015-07-31,REGN,0.04413472706155633
2015-07-31,SEE,0.026713124274099883
2015-07-31,SHW,0.0313588850174216
2015-07-31,SNA,0.015098722415795587
2015-07-31,STZ,0.03368176538908246
2015-07-31,SWK,0.003484320557491289
2015-07-31,TSCO,0.010452961672473868
2015-07-31,TSS,0.025551684088269456
2015-07-31,UNH,0.041811846689895474
2015-08-31,ABC,0.014801110083256245
2015-08-31,ABT,0.02682701202590194
2015-08-31,ACN,0.016651248843663275
2015-08-31,AET,0.011100832562442181
2015-08-31,AGN,0.013876040703052728
2015-08-31,AMZN,0.004625346901017576
2015-08-31,AZO,0.010175763182238668
2015-08-31,BMY,0.01757631822386679
2015-08-31,CAG,0.030527289546716005
2015-08-31,CCL,0.02497687326549491
2015-08-31,CERN,0.009250693802035153
2015-08-31,CI,0.012025901942645696
2015-08-31,CLX,0.02312673450508788
2015-08-31,CTAS,0.024051803885291396
2015-08-31,CVS,0.041628122109158186
2015-08-31,DIS,0.02775208140610546
2015-08-31,DLTR,0.028677150786308975
2015-08-31,DRI,0.03885291396854764
2015-08-31,EA,0.0425531914893617
2015-08-31,EFX,0.01572617946345976
2015-08-31,EW,0.01942645698427382
2015-08-31,EXPE,0.02960222016651249
2015-08-31,FISV,0.039777983348751156
2015-08-31,HAS,0.032377428307123035
2015-08-31,HSP,0.0009250693802035153
2015-08-31,LEG,0.0074005550416281225
2015-08-31,LLY,0.03700277520814061
2015-08-31,NKE,0.034227567067530065
2015-08-31,NOC,0.03330249768732655
2015-08-31,NWL,0.022201665124884366
2015-08-31,ORLY,0.03515263644773358
2015-08-31,PDCO,0.0064754856614246065
2015-08-31,PFE,0.0027752081406105457
2015-08-31,PGR,0.0018501387604070306
2015-08-31,RAI,0.020351526364477335
2015-08-31,REGN,0.04070305272895467
2015-08-31,SEE,0.018501387604070305
2015-08-31,SHW,0.02127659574468085
2015-08-31,SNA,0.025901942645698426
2015-08-31,STZ,0.036077705827937095
2015-08-31,TSO,0.0037002775208140612
2015-08-31,TSS,0.037927844588344126
2015-08-31,UNH,0.03145235892691952
2015-08-31,VMC,0.012950971322849213
2015-08-31,VRTX,0.008325624421831638
2015-08-31,WAT,0.005550416281221091
2015-09-30,AET,0.04
2015-09-30,AMZN,0.015384615384615385
2015-09-30,AVY,0.009230769230769232
2015-09-30,AZO,0.06153846153846154
2015-09-30,BSX,0.012307692307692308
2015-09-30,CI,0.02769230769230769
2015-09-30,DHI,0.03076923076923077
2015-09-30,EA,0.07384615384615385
2015-09-30,EFX,0.033846153846153845
2015-09-30,FISV,0.06461538461538462
2015-09-30,HAS,0.018461538461538463
2015-09-30,HD,0.021538461538461538
2015-09-30,LLY,0.052307692307692305
2015-09-30,MHK,0.055384615384615386
2015-09-30,ORLY,0.06769230769230769
2015-09-30,RAI,0.024615384615384615
2015-09-30,REGN,0.04923076923076923
2015-09-30,SEE,0.046153846153846156
2015-09-30,SNA,0.043076923076923075
2015-09-30,SRCL,0.006153846153846154
2015-09-30,STZ,0.07692307692307693
2015-09-30,TSO,0.003076923076923077
2015-09-30,TSS,0.07076923076923076
2015-09-30,UNH,0.036923076923076927
2015-09-30,VMC,0.05846153846153846
2015-10-31,ALTR,0.022191696799273523
2015-10-31,AMZN,0.0480820097317593
2015-10-31,AZO,0.0554792419981838
2015-10-31,CLX,0.018493080666061267
2015-10-31,CTAS,0.014794464532849013
2015-10-31,CVC,0.029588929065698027
2015-10-31,DRI,0.025890312932485775
2015-10-31,EA,0.07767093879745733
2015-10-31,EFX,0.036986161332122534
2015-10-31,EXPE,0.03328754519891028
2015-10-31,FISV,0.059177858131396054
2015-10-31,LLY,0.05178062586497155
2015-10-31,MKC,0.011095848399636761
2015-10-31,NDAQ,0.007397232266424507
2015-10-31,NKE,0.04068477746533479
2015-10-31,ORLY,0.06287647426460831
2015-10-31,PGR,0.0036986161332122534
2015-10-31,SIAL,0.06657509039782056
2015-10-31,STZ,0.07397232266424507
2015-10-31,TSS,0.07027370653103282
2015-10-31,VMC,0.044383393598547045
2015-11-30,ACN,0.012684989429175475
2015-11-30,AET,0.022198731501057084
2015-11-30,AGN,0.016913319238900635
2015-11-30,AIZ,0.005285412262156448
2015-11-30,ALTR,0.013742071881606765
2015-11-30,AMZN,0.03805496828752643
2015-11-30,AVY,0.02536997885835095
2015-11-30,AZO,0.040169133192389
2015-11-30,BSX,0.03276955602536998
2015-11-30,CLX,0.03171247357293869
2015-11-30,CTAS,0.03382663847780127
2015-11-30,CVC,0.0200845665961945
2015-11-30,EA,0.04334038054968287
2015-11-30,EFX,0.03699788583509514
2015-11-30,EXPE,0.039112050739957716
2015-11-30,FB,0.02959830866807611
2015-11-30,FISV,0.0412262156448203
2015-11-30,GOOGL,0.007399577167019027
2015-11-30,HAS,0.019027484143763214
2015-11-30,HD,0.02854122621564482
2015-11-30,HRL,0.021141649048625793
2015-11-30,JNPR,0.009513742071881607
2015-11-30,LLY,0.023255813953488372
2015-11-30,MHK,0.010570824524312896
2015-11-30,NDAQ,0.026427061310782242
2015-11-30,NFX,0.011627906976744186
2015-11-30,NKE,0.03488372093023256
2015-11-30,NOC,0.0306553911205074
2015-11-30,NVDA,0.004228329809725159
2015-11-30,ORLY,0.045454545454545456
2015-11-30,PGR,0.02748414376321353
2015-11-30,PSA,0.003171247357293869
2015-11-30,REGN,0.0010570824524312897
2015-11-30,SNA,0.014799154334038054
2015-11-30,STZ,0.042283298097251586
2015-11-30,TSCO,0.006342494714587738
2015-11-30,TSO,0.024312896405919663
2015-11-30,TSS,0.04439746300211417
2015-11-30,UA,0.008456659619450317
2015-11-30,UNH,0.015856236786469344
2015-11-30,VLO,0.017970401691331923
2015-11-30,VMC,0.035940803382663845
2015-11-30,VRSN,0.0021141649048625794
2015-12-31,ADBE,0.015510204081632653
2015-12-31,AGN,0.024489795918367346
2015-12-31,AIZ,0.017959183673469388
2015-12-31,ALLE,0.0016326530612244899
2015-12-31,AMZN,0.03918367346938775
2015-12-31,AVY,0.013877551020408163
2015-12-31,AZO,0.029387755102040815
2015-12-31,BSX,0.02857142857142857
2015-12-31,CLX,0.026122448979591838
2015-12-31,CPB,0.018775510204081632
2015-12-31,CRM,0.004897959183673469
2015-12-31,CTAS,0.0032653061224489806
2015-12-31,DHI,0.010612244897959184
2015-12-31,DPS,0.00816326530612245
2015-12-31,EA,0.03183673469387755
2015-12-31,EFX,0.035918367346938776
2015-12-31,ETFC,0.0024489795918367346
2015-12-31,EW,0.008979591836734694
2015-12-31,EXPE,0.025306122448979593
2015-12-31,FB,0.027755102040816326
2015-12-31,FISV,0.037551020408163265
2015-12-31,GOOG,0.02122448979591837
2015-12-31,GOOGL,0.022857142857142857
2015-12-31,HAS,0.0163265306122449
2015-12-31,HD,0.0236734693877551
2015-12-31,HRL,0.03346938775510204
2015-12-31,LLY,0.017142857142857144
2015-12-31,MCD,0.007346938775510204
2015-12-31,MKC,0.019591836734693877
2015-12-31,MNST,0.012244897959183673
2015-12-31,NDAQ,0.005714285714285713
2015-12-31,NFX,0.011428571428571429
2015-12-31,NKE,0.03510204081632653
2015-12-31,NOC,0.013061224489795919
2015-12-31,NVDA,0.030204081632653063
2015-12-31,ORLY,0.03428571428571429
2015-12-31,PSA,0.022040816326530613
2015-12-31,PSX,0.014693877551020407
2015-12-31,REGN,0.0008163265306122449
2015-12-31,SJM,0.004081632653061225
2015-12-31,SNA,0.02040816326530612
2015-12-31,STZ,0.03836734693877551
2015-12-31,TSN,0.009795918367346938
2015-12-31,TSO,0.0326530612244898
2015-12-31,TSS,0.04
2015-12-31,VLO,0.026938775510204082
2015-12-31,VMC,0.036734693877551024
2015-12-31,VRSN,0.031020408163265307
2015-12-31,XL,0.006530612244897959
2016-01-31,ACN,0.008130081300813009
2016-01-31,ADBE,0.036004645760743324
2016-01-31,AGN,0.019744483159117306
2016-01-31,AIZ,0.017421602787456445
2016-01-31,AMZN,0.047619047619047616
2016-01-31,AZO,0.023228803716608595
2016-01-31,CI,0.005807200929152149
2016-01-31,CLX,0.029036004645760744
2016-01-31,CRM,0.009291521486643438
2016-01-31,CVC,0.022067363530778164
2016-01-31,DHI,0.016260162601626018
2016-01-31,EFX,0.04065040650406504
2016-01-31,ETFC,0.003484320557491289
2016-01-31,EXPE,0.03368176538908246
2016-01-31,FB,0.03948896631823461
2016-01-31,FISV,0.030197444831591175
2016-01-31,GE,0.011614401858304297
2016-01-31,GOOG,0.025551684088269456
2016-01-31,GOOGL,0.032520325203252036
2016-01-31,HD,0.026713124274099883
2016-01-31,HRL,0.04645760743321719
2016-01-31,LLY,0.006968641114982578
2016-01-31,MCD,0.024390243902439025
2016-01-31,MDLZ,0.010452961672473868
2016-01-31,MKC,0.03716608594657375
2016-01-31,NDAQ,0.020905923344947737
2016-01-31,NVDA,0.04529616724738676
2016-01-31,NWL,0.004645760743321719
2016-01-31,ORLY,0.041811846689895474
2016-01-31,PGR,0.015098722415795587
2016-01-31,PSA,0.002322880371660861
2016-01-31,RHT,0.018583042973286876
2016-01-31,SNA,0.0313588850174216
2016-01-31,STZ,0.0429732868757259
2016-01-31,TSN,0.03832752613240418
2016-01-31,TSS,0.03484320557491289
2016-01-31,TWC,0.013937282229965157
2016-01-31,VLO,0.0011614401858304306
2016-01-31,VMC,0.012775842044134726
2016-01-31,VRSN,0.04413472706155633
2016-01-31,XL,0.027874564459930314
2016-02-29,ACN,0.012307692307692308
2016-02-29,AIZ,0.06769230769230769
2016-02-29,AMZN,0.043076923076923075
2016-02-29,AZO,0.033846153846153845
2016-02-29,CAG,0.018461538461538463
2016-02-29,CLX,0.05846153846153846
2016-02-29,CPB,0.052307692307692305
2016-02-29,CVC,0.055384615384615386
2016-02-29,FB,0.07384615384615385
2016-02-29,FISV,0.03076923076923077
2016-02-29,GOOG,0.021538461538461538
2016-02-29,GOOGL,0.027692307692307693
2016-02-29,HRL,0.07076923076923076
2016-02-29,K,0.024615384615384615
2016-02-29,KMB,0.003076923076923077
2016-02-29,MCD,0.04
2016-02-29,MKC,0.06461538461538462
2016-02-29,NDAQ,0.036923076923076927
2016-02-29,NVDA,0.00923076923076923
2016-02-29,ORLY,0.046153846153846156
2016-02-29,PGR,0.015384615384615385
2016-02-29,PSA,0.06153846153846154
2016-02-29,STZ,0.07692307692307693
2016-02-29,TE,0.006153846153846154
2016-02-29,TSN,0.04923076923076923
2016-03-31,AVY,0.010080645161290322
2016-03-31,AZO,0.016129032258064516
2016-03-31,CAM,0.018145161290322582
2016-03-31,CLX,0.034274193548387094
2016-03-31,CPB,0.05846774193548387
2016-03-31,CVC,0.056451612903225805
2016-03-31,EQIX,0.05443548387096774
2016-03-31,FB,0.046370967741935484
2016-03-31,FISV,0.04233870967741935
2016-03-31,GAS,0.02217741935483871
2016-03-31,GOOGL,0.012096774193548387
2016-03-31,K,0.028225806451612902
2016-03-31,KMB,0.036290322580645164
2016-03-31,MAT,0.006048387096774193
2016-03-31,MCD,0.02620967741935484
2016-03-31,MKC,0.06048387096774194
2016-03-31,MO,0.014112903225806451
2016-03-31,NDAQ,0.05040322580645161
2016-03-31,NOC,0.008064516129032258
2016-03-31,NVDA,0.05241935483870968
2016-03-31,ORLY,0.04032258064516129
2016-03-31,PGR,0.024193548387096774
2016-03-31,PSA,0.04838709677419355
2016-03-31,RSG,0.004032258064516129
2016-03-31,SCG,0.03225806451612903
2016-03-31,STZ,0.04435483870967742
2016-03-31,SYY,0.0020161290322580645
2016-03-31,T,0.020161290322580645
2016-03-31,TE,0.03024193548387097
2016-03-31,TSN,0.0625
2016-03-31,TWC,0.038306451612903226
2016-04-30,ACN,0.0035067212156633548
2016-04-30,ADBE,0.018702513150204558
2016-04-30,AEE,0.018118059614260665
2016-04-30,AEP,0.005260081823495032
2016-04-30,AMZN,0.0011689070718877848
2016-04-30,AVY,0.010520163646990065
2016-04-30,AZO,0.020455873758036237
2016-04-30,BCR,0.007597895967270602
2016-04-30,CAG,0.014611338398597311
2016-04-30,CINF,0.017533606078316773
2016-04-30,CLX,0.022209234365867914
2016-04-30,CMS,0.01694915254237288
2016-04-30,CPB,0.03272939801285798
2016-04-30,CVC,0.023378141437755698
2016-04-30,ED,0.012857977790765635
2016-04-30,EQIX,0.02396259497369959
2016-04-30,ES,0.0017533606078316774
2016-04-30,FB,0.030976037405026302
2016-04-30,FISV,0.030391583869082407
2016-04-30,GIS,0.011689070718877849
2016-04-30,GOOG,0.015780245470485097
2016-04-30,GOOGL,0.01636469900642899
2016-04-30,HD,0.019871420222092345
2016-04-30,HSIC,0.009935710111046173
2016-04-30,K,0.028053769725306838
2016-04-30,KMB,0.015195791934541202
2016-04-30,KO,0.006428988895382817
2016-04-30,LMT,0.0029222676797194622
2016-04-30,MCD,0.025131502045587374
2016-04-30,MKC,0.03389830508474576
2016-04-30,MO,0.01928696668614845
2016-04-30,MSI,0.013442431326709527
2016-04-30,NDAQ,0.031560490940970194
2016-04-30,NEE,0.0005844535359438924
2016-04-30,NLSN,0.0070134424313267095
2016-04-30,NOC,0.02162478082992402
2016-04-30,NVDA,0.029222676797194622
2016-04-30,O,0.027469316189362946
2016-04-30,ORLY,0.026300409117475162
2016-04-30,PGR,0.026884862653419054
2016-04-30,PNW,0.011104617182933957
2016-04-30,PSA,0.032144944476914086
2016-04-30,RSG,0.014026884862653419
2016-04-30,SBUX,0.008182349503214495
2016-04-30,SCG,0.029807130333138514
2016-04-30,SO,0.008766803039158387
2016-04-30,STZ,0.02863822326125073
2016-04-30,SYK,0.004091174751607247
2016-04-30,SYY,0.02104032729398013
2016-04-30,T,0.00467562828755114
2016-04-30,TAP,0.0023378141437755697
2016-04-30,TE,0.009351256575102277
2016-04-30,TJX,0.024547048509643482
2016-04-30,TSN,0.03331385154880187
2016-04-30,TWC,0.022793687901811806
2016-04-30,VRSN,0.012273524254821741
2016-04-30,WEC,0.0058445353594389245
2016-04-30,XEL,0.02571595558153127
2016-05-31,ADBE,0.01488095238095238
2016-05-31,AEE,0.016865079365079364
2016-05-31,AIZ,0.017361111111111112
2016-05-31,AMZN,0.023313492063492064
2016-05-31,AZO,0.00992063492063492
2016-05-31,BCR,0.021825396825396824
2016-05-31,BSX,0.000496031746031746
2016-05-31,CAG,0.004464285714285714
2016-05-31,CINF,0.025297619047619048
2016-05-31,CLX,0.023809523809523808
2016-05-31,CMS,0.009424603174603174
2016-05-31,CPB,0.028273809523809524
2016-05-31,CTXS,0.003968253968253968
2016-05-31,CVC,0.0024801587301587318
2016-05-31,DPS,0.00744047619047619
2016-05-31,DTE,0.001984126984126984
2016-05-31,ED,0.010912698412698412
2016-05-31,EFX,0.013888888888888888
2016-05-31,EIX,0.000992063492063492
2016-05-31,EQIX,0.02132936507936508
2016-05-31,FB,0.03125
2016-05-31,FISV,0.020337301587301588
2016-05-31,GAS,0.01240079365079365
2016-05-31,HAS,0.003472222222222222
2016-05-31,HD,0.020833333333333332
2016-05-31,HSIC,0.00496031746031746
2016-05-31,ISRG,0.022817460317460316
2016-05-31,JNJ,0.006944444444444444
2016-05-31,K,0.030753968253968252
2016-05-31,KIM,0.002976190476190476
2016-05-31,LMT,0.025793650793650792
2016-05-31,MCD,0.026785714285714284
2016-05-31,MKC,0.024305555555555556
2016-05-31,MO,0.018849206349206348
2016-05-31,MSI,0.027777777777777776
2016-05-31,NDAQ,0.014384920634920632
2016-05-31,NEE,0.005952380952380952
2016-05-31,NLSN,0.011904761904761904
2016-05-31,NOC,0.027281746031746032
2016-05-31,NVDA,0.029265873015873016
2016-05-31,O,0.0248015873015873
2016-05-31,ORLY,0.018353174603174604
2016-05-31,PGR,0.0064484126984127
2016-05-31,PM,0.008432539682539682
2016-05-31,PNW,0.012896825396825396
2016-05-31,PSA,0.015873015873015872
2016-05-31,RSG,0.019345238095238096
2016-05-31,RTN,0.010416666666666666
2016-05-31,SCG,0.028769841269841268
2016-05-31,SO,0.007936507936507936
2016-05-31,STZ,0.02976190476190476
2016-05-31,SYK,0.005456349206349206
2016-05-31,SYY,0.022321428571428572
2016-05-31,T,0.015376984126984128
2016-05-31,TAP,0.011408730158730158
2016-05-31,TE,0.01984126984126984
2016-05-31,TJX,0.02628968253968254
2016-05-31,TSN,0.030257936507936508
2016-05-31,VMC,0.001488095238095238
2016-05-31,VRSN,0.017857142857142856
2016-05-31,WEC,0.008928571428571428
2016-05-31,WM,0.013392857142857142
2016-05-31,XEL,0.01636904761904762
2016-06-30,ADBE,0.009657594381035996
2016-06-30,AEE,0.026777875329236173
2016-06-30,AEP,0.01141352063213345
2016-06-30,AIZ,0.0070237050043898165
2016-06-30,AMZN,0.021071115013169446
2016-06-30,BCR,0.017120280948200176
2016-06-30,BSX,0.003950834064969272
2016-06-30,CCI,0.003511852502194908
2016-06-30,CINF,0.025460930640913083
2016-06-30,CLX,0.028094820017559263
2016-06-30,CMS,0.02019315188762072
2016-06-30,CPB,0.02370500438981563
2016-06-30,DPS,0.009218612818261633
2016-06-30,DTE,0.012730465320456541
2016-06-30,ED,0.00877963125548727
2016-06-30,EFX,0.019315188762071993
2016-06-30,EIX,0.013169446883230905
2016-06-30,EQIX,0.028533801580333626
2016-06-30,ES,0.004389815627743635
2016-06-30,FB,0.025899912203687446
2016-06-30,FISV,0.015803336259877086
2016-06-30,GAS,0.013608428446005268
2016-06-30,GIS,0.0021949078138718174
2016-06-30,GOOG,0.010535557506584723
2016-06-30,GOOGL,0.007901668129938543
2016-06-30,HD,0.004828797190517998
2016-06-30,HSIC,0.0017559262510974541
2016-06-30,ICE,0.0004389815627743635
2016-06-30,ISRG,0.016681299385425813
2016-06-30,JNJ,0.006145741878841089
2016-06-30,K,0.02151009657594381
2016-06-30,KIM,0.0052677787532923615
2016-06-30,LMT,0.0228270412642669
2016-06-30,MCD,0.014486391571553995
2016-06-30,MKC,0.01755926251097454
2016-06-30,MO,0.019754170324846356
2016-06-30,NDAQ,0.0276558384547849
2016-06-30,NEE,0.011852502194907815
2016-06-30,NLSN,0.007462686567164179
2016-06-30,NOC,0.027216856892010536
2016-06-30,NVDA,0.029411764705882353
2016-06-30,O,0.024143985952589993
2016-06-30,ORLY,0.0008779631255487266
2016-06-30,PCG,0.01009657594381036
2016-06-30,PLD,0.0026338893766461808
2016-06-30,PM,0.008340649692712906
2016-06-30,PNW,0.01887620719929763
2016-06-30,PPL,0.010974539069359086
2016-06-30,PSA,0.017998244073748903
2016-06-30,RSG,0.021949078138718173
2016-06-30,RTN,0.018437225636523266
2016-06-30,SCG,0.02897278314310799
2016-06-30,SJM,0.012291483757682178
2016-06-30,SO,0.005706760316066725
2016-06-30,STZ,0.02502194907813872
2016-06-30,SYK,0.0030728709394205445
2016-06-30,SYY,0.024582967515364356
2016-06-30,TAP,0.014925373134328358
2016-06-30,TE,0.015364354697102721
2016-06-30,TJX,0.014047410008779631
2016-06-30,TSN,0.02633889376646181
2016-06-30,VMC,0.01624231782265145
2016-06-30,VRSN,0.006584723441615453
2016-06-30,WEC,0.020632133450395083
2016-06-30,WM,0.022388059701492536
2016-06-30,XEL,0.023266022827041263
2016-06-30,XYL,0.0013169446883230904
2016-07-31,ADP,0.004759386567953464
2016-07-31,AEE,0.02908514013749339
2016-07-31,AEP,0.01850872554204125
2016-07-31,AMAT,0.0005288207297726071
2016-07-31,BSX,0.01322051824431518
2016-07-31,CCI,0.015335801163405606
2016-07-31,CINF,0.022739291380222106
2016-07-31,CLX,0.028027498677948175
2016-07-31,CMS,0.02538339502908514
2016-07-31,CNP,0.004230565838180857
2016-07-31,COH,0.013749338974087784
2016-07-31,CPB,0.029613960867265997
2016-07-31,DPS,0.0037017451084082496
2016-07-31,DTE,0.016922263352723427
2016-07-31,ED,0.01110523532522475
2016-07-31,EFX,0.01639344262295082
2016-07-31,EIX,0.02009518773135907
2016-07-31,EQIX,0.030671602326811213
2016-07-31,ES,0.005288207297726071
2016-07-31,FISV,0.01269169751454257
2016-07-31,GIS,0.007932310946589107
2016-07-31,IRM,0.007403490216816499
2016-07-31,ISRG,0.006874669487043891
2016-07-31,JNJ,0.019037546271813855
2016-07-31,K,0.0222104706504495
2016-07-31,KIM,0.008461131676361713
2016-07-31,LMT,0.011634056054997356
2016-07-31,MAT,0.0010576414595452142
2016-07-31,MKC,0.026441036488630356
2016-07-31,MMC,0.0021152829190904283
2016-07-31,MO,0.015864621893178214
2016-07-31,NDAQ,0.02168164992067689
2016-07-31,NEE,0.014278159703860392
2016-07-31,NEM,0.028556319407720784
2016-07-31,NOC,0.020624008461131677
2016-07-31,NVDA,0.03225806451612903
2016-07-31,O,0.025912215758857746
2016-07-31,PAYX,0.009518773135906928
2016-07-31,PCG,0.017979904812268643
2016-07-31,PM,0.0031729243786356425
2016-07-31,PNW,0.023796932839767318
2016-07-31,PPL,0.010576414595452142
2016-07-31,PSA,0.0026441036488630346
2016-07-31,RSG,0.01956636700158646
2016-07-31,RTN,0.008989952406134321
2016-07-31,SCG,0.03172924378635643
2016-07-31,SJM,0.024854574299312534
2016-07-31,SO,0.010047593865679535
2016-07-31,STZ,0.030142781597038603
2016-07-31,SYK,0.0015864621893178213
2016-07-31,SYY,0.03120042305658382
2016-07-31,T,0.021152829190904283
2016-07-31,TAP,0.017451084082496033
2016-07-31,TSN,0.026969857218402962
2016-07-31,TXN,0.006345848757271285
2016-07-31,UNH,0.005817028027498678
2016-07-31,VMC,0.012162876784769964
2016-07-31,WEC,0.023268112109994712
2016-07-31,WM,0.024325753569539928
2016-07-31,XEL,0.02749867794817557
2016-07-31,XYL,0.014806980433632998
2016-08-31,AEE,0.02054794520547945
2016-08-31,AEP,0.014079147640791476
2016-08-31,AMAT,0.01445966514459665
2016-08-31,AMZN,0.001902587519025875
2016-08-31,ATVI,0.00228310502283105
2016-08-31,AVY,0.006468797564687975
2016-08-31,BSX,0.015220700152207
2016-08-31,CA,0.015601217656012176
2016-08-31,CINF,0.0228310502283105
2016-08-31,CLX,0.00076103500761035
2016-08-31,CMS,0.0197869101978691
2016-08-31,COH,0.02359208523592085
2016-08-31,CPB,0.007229832572298325
2016-08-31,CTAS,0.005707762557077625
2016-08-31,DPS,0.011796042617960426
2016-08-31,DTE,0.010273972602739725
2016-08-31,ED,0.003424657534246575
2016-08-31,EFX,0.019406392694063926
2016-08-31,EIX,0.014840182648401826
2016-08-31,EQIX,0.0213089802130898
2016-08-31,ES,0.0030441400304414
2016-08-31,FB,0.0167427701674277
2016-08-31,FISV,0.009512937595129375
2016-08-31,GIS,0.004946727549467275
2016-08-31,HSIC,0.004185692541856925
2016-08-31,IRM,0.01293759512937595
2016-08-31,ISRG,0.017884322678843226
2016-08-31,ITW,0.0136986301369863
2016-08-31,JNJ,0.0243531202435312
2016-08-31,K,0.016362252663622526
2016-08-31,KIM,0.0182648401826484
2016-08-31,LLL,0.00684931506849315
2016-08-31,LLTC,0.00380517503805175
2016-08-31,LMT,0.023972602739726026
2016-08-31,MAT,0.000380517503805175
2016-08-31,MCHP,0.007990867579908675
2016-08-31,MKC,0.01141552511415525
2016-08-31,MMM,0.0076103500761035
2016-08-31,MO,0.00989345509893455
2016-08-31,NDAQ,0.02207001522070015
2016-08-31,NEE,0.01598173515981735
2016-08-31,NEM,0.027016742770167426
2016-08-31,NI,0.025494672754946726
2016-08-31,NOC,0.01750380517503805
2016-08-31,NVDA,0.0273972602739726
2016-08-31,O,0.0258751902587519
2016-08-31,PAYX,0.0045662100456621
2016-08-31,PCG,0.021689497716894976
2016-08-31,PG,0.002663622526636225
2016-08-31,PLD,0.0121765601217656
2016-08-31,PM,0.0060882800608828
2016-08-31,PNW,0.017123287671232876
2016-08-31,PPL,0.0106544901065449
2016-08-31,ROST,0.0015220700152207
2016-08-31,RSG,0.022450532724505326
2016-08-31,RTN,0.024733637747336376
2016-08-31,SCG,0.02663622526636225
2016-08-31,SJM,0.00837138508371385
2016-08-31,SO,0.008751902587519025
2016-08-31,STZ,0.0091324200913242
2016-08-31,SYY,0.012557077625570776
2016-08-31,T,0.020928462709284626
2016-08-31,TAP,0.013318112633181126
2016-08-31,TJX,0.00532724505327245
2016-08-31,TSN,0.026255707762557076
2016-08-31,TXN,0.018645357686453576
2016-08-31,UNH,0.011035007610350075
2016-08-31,VMC,0.001141552511415525
2016-08-31,WEC,0.01902587519025875
2016-08-31,WM,0.023211567732115676
2016-08-31,XEL,0.020167427701674276
2016-08-31,XYL,0.02511415525114155
2016-09-30,A,0.0022213994816734544
2016-09-30,ADBE,0.0018511662347278786
2016-09-30,AFL,0.00777489818585709
2016-09-30,ALL,0.00518326545723806
2016-09-30,AMAT,0.026286560533135876
2016-09-30,AMZN,0.008885597926693817
2016-09-30,AON,0.004072565716401333
2016-09-30,AVGO,0.011106997408367271
2016-09-30,AVY,0.014439096630877453
2016-09-30,BAX,0.010736764161421697
2016-09-30,BDX,0.02332469455757127
2016-09-30,BSX,0.01814142910033321
2016-09-30,CA,0.019252128841169936
2016-09-30,CAG,0.009255831173639394
2016-09-30,CINF,0.025175860792299148
2016-09-30,CL,0.012217697149203998
2016-09-30,CTAS,0.020362828582006665
2016-09-30,DGX,0.009996297667530544
2016-09-30,EFX,0.023694927804516847
2016-09-30,EQIX,0.021473528322843393
2016-09-30,FB,0.021843761569788966
2016-09-30,GIS,0.007034431691965938
2016-09-30,GPC,0.00259163272861903
2016-09-30,HON,0.0055534987041836355
2016-09-30,HRS,0.0011106997408367272
2016-09-30,IFF,0.00037023324694557573
2016-09-30,INTU,0.012587930396149574
2016-09-30,ISRG,0.025546094039244724
2016-09-30,ITW,0.024065161051462423
2016-09-30,JEC,0.006293965198074787
2016-09-30,JNJ,0.022954461310625694
2016-09-30,K,0.01554979637171418
2016-09-30,KHC,0.005923731951129212
2016-09-30,L,0.015179563124768604
2016-09-30,LLL,0.011477230655312847
2016-09-30,LMT,0.008515364679748241
2016-09-30,LRCX,0.001480932987782303
2016-09-30,MAT,0.01740096260644206
2016-09-30,MCHP,0.021103295075897817
2016-09-30,MDT,0.0136986301369863
2016-09-30,MKC,0.006664198445020363
2016-09-30,MMC,0.01999259533506109
2016-09-30,MMM,0.018511662347278787
2016-09-30,MRK,0.0033320992225101815
2016-09-30,NDAQ,0.01888189559422436
2016-09-30,NEE,0.008145131432802665
2016-09-30,NEM,0.02480562754535357
2016-09-30,NI,0.0007404664938911523
2016-09-30,NLSN,0.013328396890040726
2016-09-30,NOC,0.01629026286560533
2016-09-30,NVDA,0.02702702702702703
2016-09-30,O,0.014809329877823029
2016-09-30,OMC,0.014068863383931877
2016-09-30,PCG,0.003702332469455758
2016-09-30,PG,0.02073306182895224
2016-09-30,PLD,0.009626064420584968
2016-09-30,PM,0.016660496112550906
2016-09-30,ROST,0.017030729359496483
2016-09-30,RSG,0.022584228063680118
2016-09-30,RTN,0.024435394298407995
2016-09-30,SCG,0.011847463902258423
2016-09-30,STZ,0.015920029618659754
2016-09-30,SYK,0.0074046649389115145
2016-09-30,SYY,0.022213994816734542
2016-09-30,T,0.01295816364309515
2016-09-30,TSN,0.0259163272861903
2016-09-30,TXN,0.017771195853387635
2016-09-30,VAR,0.002961865975564606
2016-09-30,VTR,0.004442798963346909
2016-09-30,WAT,0.004813032210292484
2016-09-30,WM,0.019622362088115512
2016-09-30,XYL,0.026656793780081452
2016-09-30,ZBH,0.01036653091447612
2016-10-31,ADBE,0.010854816824966078
2016-10-31,AMAT,0.028493894165535955
2016-10-31,AMZN,0.0004522840343735863
2016-10-31,AON,0.012211668928086838
2016-10-31,APH,0.004522840343735866
2016-10-31,AVGO,0.023518769787426504
2016-10-31,BAX,0.018995929443690638
2016-10-31,BCR,0.022614201718679332
2016-10-31,BDX,0.027589326096788783
2016-10-31,BSX,0.011307100859339666
2016-10-31,CA,0.020805065581184983
2016-10-31,CAG,0.02668475802804161
2016-10-31,CINF,0.017639077340569877
2016-10-31,CL,0.005427408412483039
2016-10-31,CNP,0.007688828584350972
2016-10-31,CTAS,0.0009045680687471726
2016-10-31,DGX,0.015829941203075532
2016-10-31,EFX,0.02532790592492085
2016-10-31,EIX,0.0027137042062415195
2016-10-31,EQIX,0.009950248756218905
2016-10-31,FB,0.016734509271822705
2016-10-31,GLW,0.0013568521031207597
2016-10-31,ISRG,0.029850746268656716
2016-10-31,ITW,0.025780189959294438
2016-10-31,JEC,0.005879692446856626
2016-10-31,JNJ,0.013568521031207599
2016-10-31,L,0.017186793306196293
2016-10-31,MCHP,0.015377657168701944
2016-10-31,MDT,0.008141112618724558
2016-10-31,MKC,0.0067842605156037995
2016-10-31,MMC,0.019448213478064226
2016-10-31,NEE,0.010402532790592492
2016-10-31,NEM,0.027137042062415198
2016-10-31,NI,0.012663952962460425
2016-10-31,NLSN,0.007236544549977386
2016-10-31,NVDA,0.02939846223428313
2016-10-31,O,0.024423337856173677
2016-10-31,OKE,0.003165988240615106
2016-10-31,PCG,0.013116236996834011
2016-10-31,PG,0.024875621890547265
2016-10-31,PLD,0.002261420171867933
2016-10-31,PNW,0.008593396653098146
2016-10-31,PWR,0.009045680687471733
2016-10-31,ROST,0.026232473993668022
2016-10-31,RSG,0.0203527815468114
2016-10-31,RTN,0.014020805065581185
2016-10-31,SCG,0.021709633649932156
2016-10-31,SE,0.022161917684305744
2016-10-31,STZ,0.01854364540931705
2016-10-31,SYK,0.02397105382180009
2016-10-31,SYY,0.004975124378109454
2016-10-31,T,0.01990049751243781
2016-10-31,TAP,0.016282225237449117
2016-10-31,TMO,0.006331976481230212
2016-10-31,TSN,0.02804161013116237
2016-10-31,TXN,0.0036182722749886938
2016-10-31,UNH,0.014925373134328358
2016-10-31,VAR,0.023066485753052916
2016-10-31,VTR,0.02125734961555857
2016-10-31,WAT,0.004070556309362279
2016-10-31,WM,0.011759384893713252
2016-10-31,WMT,0.018091361374943465
2016-10-31,XYL,0.028946178199909543
2016-10-31,YUM,0.014473089099954772
2016-10-31,ZBH,0.009497964721845319
2016-10-31,ZTS,0.0018091361374943465
2016-11-30,AMAT,0.034509803921568626
2016-11-30,AMT,0.00392156862745098
2016-11-30,APH,0.006274509803921568
2016-11-30,AVGO,0.01019607843137255
2016-11-30,BAX,0.03137254901960784
2016-11-30,BCR,0.002352941176470589
2016-11-30,CAG,0.03686274509803922
2016-11-30,CMI,0.003137254901960784
2016-11-30,CNP,0.025882352941176467
2016-11-30,DGX,0.004705882352941176
2016-11-30,DTE,0.01411764705882353
2016-11-30,EIX,0.02196078431372549
2016-11-30,EQIX,0.012549019607843137
2016-11-30,FB,0.03058823529411765
2016-11-30,FFIV,0.027450980392156862
2016-11-30,HPE,0.007058823529411765
2016-11-30,ISRG,0.03607843137254902
2016-11-30,ITW,0.013333333333333334
2016-11-30,JNJ,0.017254901960784313
2016-11-30,KHC,0.023529411764705882
2016-11-30,L,0.021176470588235293
2016-11-30,LMT,0.00784313725490196
2016-11-30,LRCX,0.000784313725490196
2016-11-30,MCHP,0.018823529411764704
2016-11-30,NEE,0.03372549019607843
2016-11-30,NEM,0.03529411764705882
2016-11-30,NOC,0.038431372549019606
2016-11-30,NVDA,0.0392156862745098
2016-11-30,OKE,0.0196078431372549
2016-11-30,PCG,0.02666666666666667
2016-11-30,PG,0.02431372549019608
2016-11-30,PNW,0.011764705882352941
2016-11-30,PWR,0.009411764705882352
2016-11-30,PYPL,0.01803921568627451
2016-11-30,QCOM,0.008627450980392156
2016-11-30,ROST,0.01568627450980392
2016-11-30,RSG,0.03764705882352941
2016-11-30,SCG,0.029019607843137254
2016-11-30,SE,0.03294117647058824
2016-11-30,STZ,0.010980392156862745
2016-11-30,SYK,0.022745098039215685
2016-11-30,TSN,0.025098039215686273
2016-11-30,TWX,0.005490196078431373
2016-11-30,TXN,0.014901960784313726
2016-11-30,UNH,0.03215686274509804
2016-11-30,VTR,0.01647058823529412
2016-11-30,WM,0.029803921568627455
2016-11-30,WYNN,0.0203921568627451
2016-11-30,XYL,0.02823529411764706
2016-11-30,YUM,0.0015686274509803914
2016-12-31,AMAT,0.033116883116883114
2016-12-31,AON,0.016233766233766232
2016-12-31,APH,0.024025974025974027
2016-12-31,BBY,0.01948051948051948
2016-12-31,BHI,0.0012987012987012987
2016-12-31,BRKB,0.004545454545454545
2016-12-31,CAT,0.006493506493506494
2016-12-31,CBS,0.00909090909090909
2016-12-31,CINF,0.02077922077922078
2016-12-31,CMI,0.032467532467532464
2016-12-31,CNP,0.02142857142857143
2016-12-31,CSX,0.0025974025974025974
2016-12-31,DE,0.014285714285714285
2016-12-31,EOG,0.0006493506493506494
2016-12-31,EXPD,0.012337662337662338
2016-12-31,FFIV,0.031818181818181815
2016-12-31,FIS,0.003246753246753247
2016-12-31,FLIR,0.001948051948051948
2016-12-31,FMC,0.014935064935064935
2016-12-31,HAL,0.023376623376623377
2016-12-31,HAS,0.011688311688311689
2016-12-31,HPE,0.005844155844155844
2016-12-31,INTU,0.003896103896103896
2016-12-31,IR,0.01753246753246753
2016-12-31,ITW,0.025324675324675326
2016-12-31,JEC,0.01818181818181818
2016-12-31,L,0.02207792207792208
2016-12-31,LLL,0.005194805194805195
2016-12-31,LLTC,0.012987012987012988
2016-12-31,LMT,0.024675324675324677
2016-12-31,LRCX,0.00974025974025974
2016-12-31,MCHP,0.02792207792207792
2016-12-31,MLM,0.022727272727272728
2016-12-31,MMC,0.01103896103896104
2016-12-31,NOC,0.033766233766233764
2016-12-31,NUE,0.01038961038961039
2016-12-31,NVDA,0.03571428571428571
2016-12-31,OKE,0.03506493506493506
2016-12-31,PH,0.025974025974025976
2016-12-31,PWR,0.031168831168831172
2016-12-31,PXD,0.016883116883116882
2016-12-31,QCOM,0.008441558441558441
2016-12-31,ROK,0.013636363636363636
2016-12-31,ROST,0.015584415584415584
2016-12-31,RSG,0.03441558441558441
2016-12-31,RTN,0.02012987012987013
2016-12-31,SE,0.03051948051948052
2016-12-31,SYY,0.01883116883116883
2016-12-31,TWX,0.026623376623376622
2016-12-31,TXN,0.02727272727272727
2016-12-31,UNH,0.02857142857142857
2016-12-31,WM,0.02922077922077922
2016-12-31,WYNN,0.007792207792207791
2016-12-31,XEC,0.007142857142857143
2016-12-31,XYL,0.02987012987012987
2017-07-31,ADM,0.005998453176963117
2017-07-31,ALL,0.006543767102141582
2017-07-31,AMAT,0.027811010184101724
2017-07-31,AON,0.003271883551070791
2017-07-31,APC,0.008179708877676979
2017-07-31,APH,0.02126724308196014
2017-07-31,BBT,0.007089081027320048
2017-07-31,BRKB,0.009815650653212373
2017-07-31,CAT,0.00218125570071386
2017-07-31,CBS,0.010906278503569304
2017-07-31,CINF,0.005453139251784651
2017-07-31,CMA,0.023448498782674004
2017-07-31,CMI,0.02617506840856633
2017-07-31,CNP,0.017995359530889352
2017-07-31,CSX,0.017450045605710885
2017-07-31,CVX,0.010360964578390839
2017-07-31,DFS,0.004362511401427721
2017-07-31,DGX,0.020176615231603214
2017-07-31,ETN,0.0016359417755353956
2017-07-31,EXPD,0.022357870932317073
2017-07-31,FCX,0.004907825326606187
2017-07-31,FFIV,0.028901638034458655
2017-07-31,FITB,0.0125422202791047
2017-07-31,FMC,0.019631301306424747
2017-07-31,HAL,0.02726569625892326
2017-07-31,IP,0.018540673456067816
2017-07-31,IR,0.020721929156781678
2017-07-31,ITW,0.01145159242874777
2017-07-31,JPM,0.008725022802855443
2017-07-31,L,0.025629754483387866
2017-07-31,LRCX,0.014178162054640096
2017-07-31,MCHP,0.01690473168053242
2017-07-31,MLM,0.0250844405582094
2017-07-31,MS,0.0005453139251784652
2017-07-31,MU,0.02290318485749554
2017-07-31,NSC,0.002726569625892326
2017-07-31,NVDA,0.030537579809994053
2017-07-31,OKE,0.029992265884815586
2017-07-31,PFG,0.011996906353926234
2017-07-31,PH,0.02181255700713861
2017-07-31,PWR,0.029446951959637122
2017-07-31,RF,0.0038171974762492566
2017-07-31,ROK,0.01581410383017549
2017-07-31,RSG,0.02835632410928019
2017-07-31,SYY,0.016359417755353958
2017-07-31,TMK,0.013087534204283165
2017-07-31,TWX,0.015268789904997027
2017-07-31,TXN,0.023993812707852467
2017-07-31,UNH,0.024539126633030935
2017-07-31,UNP,0.0010906278503569303
2017-07-31,URI,0.01363284812946163
2017-07-31,VMC,0.009270336728033908
2017-07-31,WM,0.026720382333744797
2017-07-31,XEC,0.007634394952498513
2017-07-31,XYL,0.014723475979818563
2017-07-31,ZION,0.019085987381246283
2017-08-31,ADSK,0.003834712556197916
2017-08-31,AMAT,0.023860433683009254
2017-08-31,AMZN,0.000852158345821759
2017-08-31,APH,0.011930216841504627
2017-08-31,AXP,0.011504137668593747
2017-08-31,BAC,0.010651979322771989
2017-08-31,BBT,0.01959964195390046
2017-08-31,BK,0.006817266766574072
2017-08-31,BRKB,0.002130395864554397
2017-08-31,C,0.017469246089346063
2017-08-31,CAT,0.0025564750374652773
2017-08-31,CFG,0.0012782375187326387
2017-08-31,CMA,0.02556475037465277
2017-08-31,CMI,0.013634533533148144
2017-08-31,CNP,0.013208454360237267
2017-08-31,CSX,0.016191008570613424
2017-08-31,CTAS,0.014486691878969905
2017-08-31,DGX,0.021730037818454857
2017-08-31,DOV,0.001704316691643518
2017-08-31,EXPD,0.007243345939484953
2017-08-31,FIS,0.0004260791729108795
2017-08-31,FITB,0.021303958645543977
2017-08-31,FMC,0.0166170877435243
2017-08-31,HPQ,0.003408633383287036
2017-08-31,IP,0.014060612706059026
2017-08-31,IR,0.015338850224791664
2017-08-31,ITW,0.005965108420752313
2017-08-31,JPM,0.022156116991365736
2017-08-31,L,0.02684298789338541
2017-08-31,LNC,0.00937374180403935
2017-08-31,LRCX,0.005539029247841434
2017-08-31,LUK,0.017895325262256942
2017-08-31,MCHP,0.01917356278098958
2017-08-31,MLM,0.002982554210376156
2017-08-31,MS,0.022582196164276615
2017-08-31,MTB,0.012782375187326386
2017-08-31,MU,0.02726906706629629
2017-08-31,NSC,0.008947662631128471
2017-08-31,NVDA,0.027695146239207172
2017-08-31,OKE,0.026416908720474534
2017-08-31,PFG,0.02599082954756365
2017-08-31,PH,0.014912771051880783
2017-08-31,PLD,0.00979982097695023
2017-08-31,PNC,0.008095504285306712
2017-08-31,PRU,0.0187474836080787
2017-08-31,PWR,0.020877879472633098
2017-08-31,RF,0.01022590014986111
2017-08-31,ROK,0.005112950074930555
2017-08-31,RSG,0.02045180029972222
2017-08-31,STI,0.020025721126811336
2017-08-31,TMK,0.024712592028831016
2017-08-31,TWX,0.023008275337187495
2017-08-31,TXN,0.024286512855920133
2017-08-31,TXT,0.007669425112395832
2017-08-31,UNH,0.01704316691643518
2017-08-31,UNM,0.011078058495682868
2017-08-31,URI,0.023434354510098374
2017-08-31,USB,0.004260791729108795
2017-08-31,WDC,0.004686870902019675
2017-08-31,WM,0.018321404435167818
2017-08-31,WMB,0.015764929397702545
2017-08-31,WRK,0.012356296014415508
2017-08-31,XYL,0.00852158345821759
2017-08-31,ZION,0.025138671201741892
2017-08-31,ZTS,0.006391187593663193
2017-09-30,A,0.003012473545777976
2017-09-30,ADSK,0.007029104940148611
2017-09-30,AMAT,0.0256060251391128
2017-09-30,AMZN,0.005522868167259623
2017-09-30,APH,0.018074841274667856
2017-09-30,AXP,0.00753118386444494
2017-09-30,BAC,0.01857692019896419
2017-09-30,BBT,0.01656860450177887
2017-09-30,BK,0.010543657410222918
2017-09-30,BRKB,0.00953949956163026
2017-09-30,C,0.02359770944192748
2017-09-30,CAT,0.0005020789242963291
2017-09-30,CMA,0.020585235896149506
2017-09-30,CNP,0.013054052031704564
2017-09-30,CSX,0.021087314820445836
2017-09-30,CTAS,0.0170706834260752
2017-09-30,DGX,0.022593551593334822
2017-09-30,DOV,0.0035145524700743056
2017-09-30,ETFC,0.00803326278874127
2017-09-30,FIS,0.004518710318666964
2017-09-30,FITB,0.01907899912326052
2017-09-30,FMC,0.02962265653348343
2017-09-30,GD,0.020083156971853176
2017-09-30,HRS,0.027614340836298115
2017-09-30,JPM,0.029120577609187105
2017-09-30,L,0.014058209880297223
2017-09-30,LLL,0.012551973107408234
2017-09-30,LMT,0.006024947091555952
2017-09-30,LNC,0.005020789242963294
2017-09-30,LRCX,0.010041578485926588
2017-09-30,LUK,0.0015062367728889865
2017-09-30,MCHP,0.028116419760594445
2017-09-30,MS,0.03012473545777976
2017-09-30,MU,0.03062681438207609
2017-09-30,NOC,0.011045736334519246
2017-09-30,NSC,0.012049894183111904
2017-09-30,NVDA,0.031128893306372418
2017-09-30,OKE,0.014560288804593553
2017-09-30,PFG,0.022091472669038492
2017-09-30,PH,0.0025103946214816465
2017-09-30,PLD,0.0085353417130376
2017-09-30,PNC,0.013556130956000894
2017-09-30,PWR,0.02610810406340913
2017-09-30,RF,0.015564446653186209
2017-09-30,ROK,0.0010041578485926591
2017-09-30,RSG,0.02460186729052014
2017-09-30,RTN,0.011547815258815576
2017-09-30,STI,0.017572762350371526
2017-09-30,TMK,0.028618498684890775
2017-09-30,TWX,0.02510394621481647
2017-09-30,TXN,0.02711226191200179
2017-09-30,TXT,0.006527026015852282
2017-09-30,UNH,0.021589393744742162
2017-09-30,UNM,0.004016631394370635
2017-09-30,URI,0.01506236772888988
2017-09-30,WDC,0.01606652557748254
2017-09-30,WM,0.023095630517631152
2017-09-30,WMB,0.02661018298770546
2017-09-30,WRK,0.0020083156971853165
2017-09-30,XYL,0.019581078047556846
2017-09-30,ZION,0.02409978836622381
2017-09-30,ZTS,0.009037420637333928
2017-10-31,ADI,0.017639077340569877
2017-10-31,AMAT,0.028946178199909543
2017-10-31,APH,0.02804161013116237
2017-10-31,AXP,0.006331976481230212
2017-10-31,BAC,0.016734509271822705
2017-10-31,BBT,0.005879692446856627
2017-10-31,BRKB,0.005427408412483039
2017-10-31,C,0.018091361374943465
2017-10-31,CAT,0.008593396653098146
2017-10-31,CMA,0.014925373134328358
2017-10-31,CME,0.020805065581184983
2017-10-31,CNP,0.007688828584350972
2017-10-31,CSCO,0.003165988240615106
2017-10-31,CSX,0.0203527815468114
2017-10-31,CTAS,0.022614201718679332
2017-10-31,DOV,0.013568521031207599
2017-10-31,ETFC,0.011307100859339666
2017-10-31,FDX,0.004975124378109453
2017-10-31,FITB,0.016282225237449117
2017-10-31,FLIR,0.0004522840343735866
2017-10-31,FMC,0.023518769787426504
2017-10-31,GD,0.015377657168701944
2017-10-31,GLW,0.014473089099954772
2017-10-31,HPQ,0.003618272274988693
2017-10-31,HRS,0.027589326096788783
2017-10-31,INTU,0.0067842605156037995
2017-10-31,IP,0.0018091361374943465
2017-10-31,ITW,0.004522840343735866
2017-10-31,JPM,0.024423337856173677
2017-10-31,KLAC,0.009950248756218905
2017-10-31,L,0.014020805065581185
2017-10-31,LRCX,0.024875621890547265
2017-10-31,LUK,0.008141112618724558
2017-10-31,MAR,0.002261420171867933
2017-10-31,MCHP,0.027137042062415198
2017-10-31,MPC,0.0009045680687471732
2017-10-31,MS,0.026232473993668022
2017-10-31,MSFT,0.012211668928086838
2017-10-31,MU,0.029850746268656716
2017-10-31,NOC,0.010854816824966078
2017-10-31,NSC,0.017186793306196293
2017-10-31,NTAP,0.0027137042062415195
2017-10-31,NVDA,0.02939846223428313
2017-10-31,PFG,0.013116236996834011
2017-10-31,PH,0.009497964721845319
2017-10-31,PLD,0.011759384893713252
2017-10-31,PNC,0.018995929443690638
2017-10-31,PWR,0.02397105382180009
2017-10-31,ROK,0.015829941203075532
2017-10-31,RSG,0.02668475802804161
2017-10-31,RTN,0.010402532790592492
2017-10-31,STI,0.004070556309362278
2017-10-31,SYMC,0.01990049751243781
2017-10-31,TEL,0.007236544549977386
2017-10-31,TMK,0.02125734961555857
2017-10-31,TWX,0.023066485753052916
2017-10-31,TXN,0.028493894165535955
2017-10-31,TXT,0.009045680687471733
2017-10-31,UNH,0.012663952962460425
2017-10-31,URI,0.021709633649932156
2017-10-31,WDC,0.02532790592492085
2017-10-31,WM,0.025780189959294438
2017-10-31,WMB,0.0013568521031207606
2017-10-31,XLNX,0.022161917684305744
2017-10-31,XYL,0.01854364540931705
2017-10-31,ZION,0.019448213478064226
2017-11-30,AAPL,0.008432539682539682
2017-11-30,ADI,0.021825396825396824
2017-11-30,ADSK,0.010416666666666666
2017-11-30,AMAT,0.028769841269841268
2017-11-30,APH,0.029265873015873016
2017-11-30,AXP,0.01240079365079365
2017-11-30,BAC,0.020833333333333332
2017-11-30,BBT,0.006448412698412698
2017-11-30,BRKB,0.016865079365079364
2017-11-30,C,0.01636904761904762
2017-11-30,CAT,0.0248015873015873
2017-11-30,CMA,0.007936507936507936
2017-11-30,CME,0.013888888888888888
2017-11-30,CMI,0.001984126984126984
2017-11-30,CSX,0.009424603174603174
2017-11-30,CTAS,0.02132936507936508
2017-11-30,DE,0.000992063492063492
2017-11-30,DOV,0.015873015873015872
2017-11-30,FITB,0.013392857142857142
2017-11-30,FLIR,0.012896825396825396
2017-11-30,FMC,0.017361111111111112
2017-11-30,GD,0.003472222222222222
2017-11-30,GLW,0.00744047619047619
2017-11-30,HRS,0.02976190476190476
2017-11-30,INTU,0.00496031746031746
2017-11-30,IP,0.005952380952380952
2017-11-30,ITW,0.008928571428571428
2017-11-30,JPM,0.02628968253968254
2017-11-30,KLAC,0.005456349206349206
2017-11-30,L,0.01488095238095238
2017-11-30,LRCX,0.028273809523809524
2017-11-30,MA,0.002976190476190476
2017-11-30,MAR,0.019345238095238096
2017-11-30,MCHP,0.027777777777777776
2017-11-30,MMM,0.006944444444444444
2017-11-30,MPC,0.025297619047619048
2017-11-30,MS,0.027281746031746032
2017-11-30,MSFT,0.023313492063492064
2017-11-30,MU,0.03125
2017-11-30,NOC,0.004464285714285714
2017-11-30,NSC,0.024305555555555556
2017-11-30,NVDA,0.030753968253968252
2017-11-30,PFG,0.003968253968253968
2017-11-30,PH,0.015376984126984126
2017-11-30,PNC,0.010912698412698412
2017-11-30,PWR,0.022817460317460316
2017-11-30,PX,0.001488095238095238
2017-11-30,ROK,0.023809523809523808
2017-11-30,RSG,0.018353174603174604
2017-11-30,SYMC,0.014384920634920634
2017-11-30,TEL,0.01984126984126984
2017-11-30,TMK,0.020337301587301588
2017-11-30,TWX,0.0024801587301587318
2017-11-30,TXN,0.030257936507936508
2017-11-30,TXT,0.000496031746031746
2017-11-30,UNH,0.017857142857142856
2017-11-30,URI,0.018849206349206348
2017-11-30,WDC,0.022321428571428572
2017-11-30,WM,0.026785714285714284
2017-11-30,WRK,0.011408730158730158
2017-11-30,XLNX,0.025793650793650792
2017-11-30,XYL,0.011904761904761904
2017-11-30,ZION,0.00992063492063492
2017-12-31,AAPL,0.0076103500761035
2017-12-31,ADI,0.00076103500761035
2017-12-31,AJG,0.0060882800608828
2017-12-31,AMAT,0.016362252663622526
2017-12-31,APH,0.02663622526636225
2017-12-31,AXP,0.019406392694063926
2017-12-31,BAC,0.023972602739726026
2017-12-31,BBT,0.003424657534246575
2017-12-31,BLK,0.0015220700152207
2017-12-31,BRKB,0.013318112633181126
2017-12-31,BWA,0.0197869101978691
2017-12-31,C,0.022450532724505326
2017-12-31,CAT,0.02054794520547945
2017-12-31,CFG,0.0136986301369863
2017-12-31,CMA,0.0228310502283105
2017-12-31,CME,0.017123287671232876
2017-12-31,CSCO,0.0045662100456621
2017-12-31,CSX,0.014840182648401826
2017-12-31,CTAS,0.015220700152207
2017-12-31,DE,0.0121765601217656
2017-12-31,DOV,0.001141552511415525
2017-12-31,ETFC,0.0167427701674277
2017-12-31,FDX,0.01445966514459665
2017-12-31,FITB,0.021689497716894976
2017-12-31,FLIR,0.001902587519025875
2017-12-31,FMC,0.01141552511415525
2017-12-31,GD,0.00380517503805175
2017-12-31,GLW,0.011796042617960426
2017-12-31,GM,0.00837138508371385
2017-12-31,GS,0.002663622526636225
2017-12-31,HRS,0.026255707762557076
2017-12-31,ITW,0.015601217656012176
2017-12-31,JPM,0.0258751902587519
2017-12-31,L,0.00532724505327245
2017-12-31,LNC,0.006468797564687975
2017-12-31,LRCX,0.007990867579908675
2017-12-31,MA,0.0091324200913242
2017-12-31,MAR,0.020167427701674276
2017-12-31,MCHP,0.004185692541856925
2017-12-31,MMM,0.00228310502283105
2017-12-31,MPC,0.024733637747336376
2017-12-31,MS,0.02511415525114155
2017-12-31,MSFT,0.01902587519025875
2017-12-31,MU,0.027016742770167426
2017-12-31,NSC,0.025494672754946726
2017-12-31,NTAP,0.01293759512937595
2017-12-31,NTRS,0.000380517503805175
2017-12-31,NVDA,0.0273972602739726
2017-12-31,PFG,0.0182648401826484
2017-12-31,PH,0.01750380517503805
2017-12-31,PNC,0.0213089802130898
2017-12-31,PRU,0.004946727549467275
2017-12-31,PWR,0.017884322678843226
2017-12-31,PX,0.0106544901065449
2017-12-31,RF,0.01598173515981735
2017-12-31,ROK,0.007229832572298325
2017-12-31,SCHW,0.010273972602739725
2017-12-31,STI,0.008751902587519025
2017-12-31,TEL,0.023211567732115676
2017-12-31,TMK,0.020928462709284626
2017-12-31,TXN,0.0243531202435312
2017-12-31,TXT,0.012557077625570776
2017-12-31,UNH,0.011035007610350075
2017-12-31,UNM,0.009512937595129375
2017-12-31,URI,0.02359208523592085
2017-12-31,USB,0.005707762557077625
2017-12-31,VLO,0.018645357686453576
2017-12-31,WRK,0.014079147640791476
2017-12-31,XLNX,0.00684931506849315
2017-12-31,XYL,0.00989345509893455
2017-12-31,ZION,0.02207001522070015
2017-12-31,ZTS,0.0030441400304414
2018-01-31,ACN,0.012972972972972972
2018-01-31,ALL,0.003243243243243243
2018-01-31,AMAT,0.0050450450450450456
2018-01-31,APH,0.01945945945945946
2018-01-31,AXP,0.022342342342342343
2018-01-31,BA,0.004324324324324324
2018-01-31,BAC,0.024504504504504504
2018-01-31,BBY,0.009009009009009009
2018-01-31,BLK,0.003963963963963964
2018-01-31,BRKB,0.016936936936936937
2018-01-31,BWA,0.0007207207207207203
2018-01-31,C,0.022702702702702703
2018-01-31,CAT,0.0190990990990991
2018-01-31,CF,0.002162162162162162
2018-01-31,CFG,0.014414414414414415
2018-01-31,CMA,0.024864864864864864
2018-01-31,CME,0.007927927927927928
2018-01-31,COF,0.010450450450450451
2018-01-31,COL,0.002882882882882883
2018-01-31,CSX,0.006846846846846847
2018-01-31,DAL,0.0075675675675675675
2018-01-31,DE,0.02018018018018018
2018-01-31,DOV,0.005765765765765766
2018-01-31,DRI,0.007207207207207207
2018-01-31,EMN,0.018378378378378378
2018-01-31,ETFC,0.023423423423423424
2018-01-31,FDX,0.023063063063063063
2018-01-31,FITB,0.014774774774774775
2018-01-31,FMC,0.011891891891891892
2018-01-31,GS,0.0046846846846846845
2018-01-31,HBAN,0.01009009009009009
2018-01-31,HRS,0.017657657657657658
2018-01-31,JPM,0.025945945945945945
2018-01-31,KEY,0.011531531531531532
2018-01-31,L,0.00036036036036036015
2018-01-31,LNC,0.005405405405405406
2018-01-31,LUV,0.015495495495495495
2018-01-31,LYB,0.013693693693693694
2018-01-31,MA,0.00972972972972973
2018-01-31,MAR,0.018018018018018018
2018-01-31,MPC,0.024144144144144144
2018-01-31,MS,0.021261261261261263
2018-01-31,MSFT,0.012252252252252252
2018-01-31,MU,0.02666666666666667
2018-01-31,NOC,0.0018018018018018018
2018-01-31,NSC,0.023783783783783784
2018-01-31,NTAP,0.008288288288288289
2018-01-31,NTRS,0.015855855855855857
2018-01-31,NVDA,0.026306306306306305
2018-01-31,PFG,0.010810810810810811
2018-01-31,PGR,0.001081081081081081
2018-01-31,PH,0.021981981981981983
2018-01-31,PNC,0.025585585585585584
2018-01-31,PRU,0.008648648648648649
2018-01-31,PSX,0.009369369369369369
2018-01-31,PWR,0.014054054054054054
2018-01-31,PX,0.006126126126126126
2018-01-31,RF,0.020900900900900903
2018-01-31,ROK,0.012612612612612612
2018-01-31,RSG,0.006486486486486486
2018-01-31,SCHW,0.017297297297297298
2018-01-31,STI,0.018738738738738738
2018-01-31,TEL,0.01981981981981982
2018-01-31,TMK,0.021621621621621623
2018-01-31,TROW,0.0014414414414414415
2018-01-31,TXN,0.016576576576576577
2018-01-31,TXT,0.011171171171171172
2018-01-31,UNH,0.0025225225225225228
2018-01-31,UNM,0.013333333333333334
2018-01-31,URI,0.015135135135135135
2018-01-31,VLO,0.025225225225225224
2018-01-31,WM,0.016216216216216217
2018-01-31,WRK,0.0036036036036036032
2018-01-31,ZION,0.02054054054054054
2018-02-28,ABBV,0.0059649122807017545
2018-02-28,ACN,0.01368421052631579
2018-02-28,ADI,0.0010526315789473684
2018-02-28,ANTM,0.009824561403508772
2018-02-28,APH,0.018596491228070177
2018-02-28,AXP,0.017543859649122806
2018-02-28,BA,0.015789473684210527
2018-02-28,BAC,0.02175438596491228
2018-02-28,BBT,0.0017543859649122807
2018-02-28,BLK,0.010175438596491228
2018-02-28,BRKB,0.018947368421052633
2018-02-28,BWA,0.008070175438596491
2018-02-28,C,0.017894736842105262
2018-02-28,CAT,0.021403508771929824
2018-02-28,CFG,0.011228070175438596
2018-02-28,CMA,0.02526315789473684
2018-02-28,COF,0.0007017543859649117
2018-02-28,COL,0.0035087719298245615
2018-02-28,CSCO,0.0038596491228070177
2018-02-28,CSX,0.004561403508771929
2018-02-28,DAL,0.011929824561403509
2018-02-28,DE,0.019649122807017545
2018-02-28,DOV,0.00631578947368421
2018-02-28,DRI,0.0014035087719298242
2018-02-28,EMN,0.023508771929824562
2018-02-28,ETFC,0.02245614035087719
2018-02-28,FDX,0.023157894736842106
2018-02-28,FITB,0.016140350877192983
2018-02-28,FLIR,0.01263157894736842
2018-02-28,FMC,0.003157894736842105
2018-02-28,GOOG,0.0003508771929824561
2018-02-28,HBAN,0.010526315789473684
2018-02-28,HD,0.0077192982456140355
2018-02-28,HIG,0.009122807017543859
2018-02-28,HRS,0.018245614035087718
2018-02-28,INTU,0.005614035087719298
2018-02-28,JPM,0.025964912280701753
2018-02-28,KEY,0.005263157894736842
2018-02-28,L,0.002807017543859649
2018-02-28,LUV,0.004210526315789474
2018-02-28,LYB,0.013333333333333334
2018-02-28,MA,0.014736842105263158
2018-02-28,MAR,0.02280701754385965
2018-02-28,MPC,0.020701754385964912
2018-02-28,MS,0.01649122807017544
2018-02-28,MSFT,0.01929824561403509
2018-02-28,MTB,0.006666666666666667
2018-02-28,MU,0.025614035087719297
2018-02-28,NFLX,0.012280701754385965
2018-02-28,NOC,0.015087719298245612
2018-02-28,NSC,0.022105263157894735
2018-02-28,NTRS,0.015438596491228071
2018-02-28,NVDA,0.02631578947368421
2018-02-28,PH,0.012982456140350877
2018-02-28,PNC,0.024912280701754386
2018-02-28,PSX,0.008421052631578947
2018-02-28,PWR,0.008771929824561403
2018-02-28,PYPL,0.007368421052631579
2018-02-28,RF,0.020350877192982456
2018-02-28,ROK,0.007017543859649123
2018-02-28,RSG,0.009473684210526316
2018-02-28,SCHW,0.01087719298245614
2018-02-28,STI,0.021052631578947368
2018-02-28,TEL,0.02
2018-02-28,TMK,0.014035087719298246
2018-02-28,TROW,0.011578947368421053
2018-02-28,TSS,0.002105263157894737
2018-02-28,TXN,0.02456140350877193
2018-02-28,TXT,0.004912280701754386
2018-02-28,UNH,0.014385964912280702
2018-02-28,URI,0.01719298245614035
2018-02-28,VLO,0.023859649122807018
2018-02-28,WDC,0.002456140350877193
2018-02-28,WM,0.024210526315789474
2018-02-28,ZION,0.016842105263157894
2018-03-31,ABBV,0.01694915254237288
2018-03-31,ACN,0.002259887005649717
2018-03-31,ANTM,0.004519774011299435
2018-03-31,APH,0.010734463276836158
2018-03-31,AXP,0.020903954802259886
2018-03-31,BA,0.023728813559322035
2018-03-31,BAC,0.02937853107344633
2018-03-31,BBT,0.001694915254237288
2018-03-31,BLK,0.011864406779661017
2018-03-31,BRKB,0.01864406779661017
2018-03-31,C,0.014689265536723164
2018-03-31,CAT,0.00847457627118644
2018-03-31,CFG,0.0033898305084745766
2018-03-31,CMA,0.031638418079096044
2018-03-31,CME,0.021468926553672316
2018-03-31,COL,0.002824858757062147
2018-03-31,CSCO,0.01638418079096045
2018-03-31,CTAS,0.005084745762711864
2018-03-31,DE,0.015819209039548022
2018-03-31,EMN,0.031073446327683617
2018-03-31,ETFC,0.014124293785310734
2018-03-31,FITB,0.01751412429378531
2018-03-31,FLIR,0.007344632768361582
2018-03-31,GS,0.0011299435028248588
2018-03-31,HBAN,0.006779661016949152
2018-03-31,HRS,0.0192090395480226
2018-03-31,INTU,0.0096045197740113
2018-03-31,JPM,0.0327683615819209
2018-03-31,KEY,0.00903954802259887
2018-03-31,KLAC,0.013559322033898305
2018-03-31,MA,0.01807909604519774
2018-03-31,MAR,0.02824858757062147
2018-03-31,MPC,0.012429378531073447
2018-03-31,MS,0.01977401129943503
2018-03-31,MSFT,0.020338983050847456
2018-03-31,MTB,0.011299435028248588
2018-03-31,MU,0.03333333333333333
2018-03-31,NFLX,0.022033898305084745
2018-03-31,NOC,0.02655367231638418
2018-03-31,NTRS,0.02711864406779661
2018-03-31,NVDA,0.03220338983050847
2018-03-31,PGR,0.0062146892655367235
2018-03-31,PNC,0.030508474576271188
2018-03-31,RF,0.02768361581920904
2018-03-31,RSG,0.0039548022598870055
2018-03-31,RTN,0.0005649717514124294
2018-03-31,SCHW,0.012994350282485875
2018-03-31,STI,0.025423728813559324
2018-03-31,TEL,0.02598870056497175
2018-03-31,TROW,0.024293785310734464
2018-03-31,TSS,0.010169491525423728
2018-03-31,TXN,0.0288135593220339
2018-03-31,TXT,0.015254237288135592
2018-03-31,UNH,0.007909604519774011
2018-03-31,URI,0.022598870056497175
2018-03-31,VLO,0.024858757062146894
2018-03-31,WM,0.029943502824858758
2018-03-31,ZION,0.023163841807909605
2018-03-31,ZTS,0.005649717514124294
2018-04-30,AJG,0.00816326530612245
2018-04-30,AME,0.013061224489795919
2018-04-30,BA,0.004897959183673469
2018-04-30,BAC,0.022857142857142857
2018-04-30,BLK,0.029387755102040815
2018-04-30,BRKB,0.017142857142857144
2018-04-30,CAT,0.010612244897959184
2018-04-30,CMA,0.03510204081632653
2018-04-30,CME,0.0326530612244898
2018-04-30,CSCO,0.013877551020408163
2018-04-30,CTAS,0.026938775510204082
2018-04-30,CTSH,0.0016326530612244899
2018-04-30,DE,0.009795918367346938
2018-04-30,DOV,0.0024489795918367346
2018-04-30,EMN,0.03918367346938775
2018-04-30,ETFC,0.036734693877551024
2018-04-30,FLIR,0.007346938775510204
2018-04-30,FTV,0.005714285714285714
2018-04-30,HRS,0.037551020408163265
2018-04-30,INTU,0.02857142857142857
2018-04-30,JPM,0.031020408163265307
2018-04-30,MA,0.015510204081632653
2018-04-30,MAR,0.03428571428571429
2018-04-30,MPC,0.030204081632653063
2018-04-30,MS,0.008979591836734694
2018-04-30,MSFT,0.011428571428571429
2018-04-30,MU,0.04
2018-04-30,NFLX,0.0008163265306122443
2018-04-30,NOC,0.02040816326530612
2018-04-30,NTRS,0.018775510204081632
2018-04-30,NVDA,0.03836734693877551
2018-04-30,PGR,0.024489795918367346
2018-04-30,PNC,0.026122448979591838
2018-04-30,RF,0.0163265306122449
2018-04-30,RTN,0.004081632653061225
2018-04-30,SCHW,0.014693877551020407
2018-04-30,STI,0.017959183673469388
2018-04-30,TEL,0.027755102040816326
2018-04-30,TROW,0.03346938775510204
2018-04-30,TSS,0.0032653061224489797
2018-04-30,TXN,0.0236734693877551
2018-04-30,TXT,0.019591836734693877
2018-04-30,UNP,0.006530612244897959
2018-04-30,URI,0.035918367346938776
2018-04-30,VLO,0.025306122448979593
2018-04-30,WM,0.02122448979591837
2018-04-30,XYL,0.022040816326530613
2018-04-30,ZION,0.012244897959183673
2018-04-30,ZTS,0.03183673469387755
2018-05-31,ACN,0.0010570824524312897
2018-05-31,ADBE,0.02959830866807611
2018-05-31,AJG,0.026427061310782242
2018-05-31,AMZN,0.03171247357293869
2018-05-31,AXP,0.008456659619450317
2018-05-31,BA,0.012684989429175475
2018-05-31,BLK,0.021141649048625793
2018-05-31,CME,0.0200845665961945
2018-05-31,CNC,0.004228329809725159
2018-05-31,CSCO,0.04334038054968287
2018-05-31,CTAS,0.03382663847780127
2018-05-31,DHR,0.017970401691331923
2018-05-31,EL,0.03276955602536998
2018-05-31,EMN,0.035940803382663845
2018-05-31,ETFC,0.039112050739957716
2018-05-31,EXR,0.005285412262156448
2018-05-31,FLIR,0.016913319238900635
2018-05-31,HD,0.015856236786469344
2018-05-31,HRS,0.023255813953488372
2018-05-31,ILMN,0.003171247357293869
2018-05-31,INTC,0.022198731501057084
2018-05-31,INTU,0.0412262156448203
2018-05-31,MA,0.040169133192389
2018-05-31,MAR,0.02854122621564482
2018-05-31,MPC,0.03488372093023256
2018-05-31,MSFT,0.0306553911205074
2018-05-31,MSI,0.0021141649048625794
2018-05-31,MU,0.04439746300211417
2018-05-31,NDAQ,0.019027484143763214
2018-05-31,NFLX,0.03699788583509514
2018-05-31,NTAP,0.010570824524312896
2018-05-31,NVDA,0.024312896405919663
2018-05-31,PGR,0.02748414376321353
2018-05-31,RHT,0.02536997885835095
2018-05-31,TROW,0.03805496828752643
2018-05-31,TSS,0.011627906976744186
2018-05-31,TXN,0.013742071881606765
2018-05-31,TXT,0.006342494714587737
2018-05-31,V,0.014799154334038054
2018-05-31,VFC,0.007399577167019027
2018-05-31,VLO,0.042283298097251586
2018-05-31,XYL,0.009513742071881607
2018-05-31,ZTS,0.045454545454545456
2018-06-30,ACN,0.016913319238900635
2018-06-30,ADBE,0.039112050739957716
2018-06-30,AMZN,0.03382663847780127
2018-06-30,BA,0.0031712473572938684
2018-06-30,BLK,0.010570824524312896
2018-06-30,CAT,0.009513742071881607
2018-06-30,CMA,0.0010570824524312897
2018-06-30,CME,0.026427061310782242
2018-06-30,CNC,0.021141649048625796
2018-06-30,CRM,0.023255813953488372
2018-06-30,CSCO,0.02748414376321353
2018-06-30,CTAS,0.035940803382663845
2018-06-30,EL,0.040169133192389
2018-06-30,EMN,0.03488372093023256
2018-06-30,ETFC,0.045454545454545456
2018-06-30,FLIR,0.004228329809725158
2018-06-30,HRS,0.012684989429175475
2018-06-30,ILMN,0.02536997885835095
2018-06-30,INTC,0.0200845665961945
2018-06-30,INTU,0.04334038054968287
2018-06-30,MA,0.0412262156448203
2018-06-30,MAR,0.007399577167019028
2018-06-30,MPC,0.024312896405919663
2018-06-30,MSFT,0.02959830866807611
2018-06-30,MU,0.042283298097251586
2018-06-30,NDAQ,0.002114164904862579
2018-06-30,NFLX,0.03805496828752643
2018-06-30,NSC,0.017970401691331923
2018-06-30,NTAP,0.014799154334038054
2018-06-30,NVDA,0.011627906976744186
2018-06-30,PGR,0.008456659619450316
2018-06-30,RHT,0.03171247357293869
2018-06-30,SCHW,0.013742071881606765
2018-06-30,TROW,0.04439746300211417
2018-06-30,TSS,0.005285412262156448
2018-06-30,TXN,0.02854122621564482
2018-06-30,TXT,0.03276955602536998
2018-06-30,UNP,0.022198731501057084
2018-06-30,V,0.019027484143763214
2018-06-30,VFC,0.006342494714587738
2018-06-30,VLO,0.03699788583509514
2018-06-30,WYNN,0.015856236786469344
2018-06-30,ZTS,0.0306553911205074
2018-07-31,ACN,0.026122448979591838
2018-07-31,ADBE,0.0016326530612244886
2018-07-31,AKAM,0.0008163265306122449
2018-07-31,ALGN,0.029387755102040815
2018-07-31,AMZN,0.018775510204081632
2018-07-31,ANSS,0.015510204081632653
2018-07-31,CF,0.011428571428571429
2018-07-31,CME,0.031020408163265307
2018-07-31,COP,0.025306122448979593
2018-07-31,COST,0.019591836734693877
2018-07-31,CRM,0.004897959183673469
2018-07-31,CSCO,0.037551020408163265
2018-07-31,CTAS,0.026938775510204082
2018-07-31,CTXS,0.008979591836734694
2018-07-31,DHR,0.00816326530612245
2018-07-31,ETFC,0.03346938775510204
2018-07-31,EXR,0.03510204081632653
2018-07-31,FFIV,0.005714285714285714
2018-07-31,FLIR,0.010612244897959184
2018-07-31,FOX,0.02040816326530612
2018-07-31,FOXA,0.02122448979591837
2018-07-31,GWW,0.02857142857142857
2018-07-31,HD,0.004081632653061225
2018-07-31,ILMN,0.0032653061224489806
2018-07-31,INTC,0.007346938775510204
2018-07-31,INTU,0.03918367346938775
2018-07-31,JBHT,0.006530612244897959
2018-07-31,KORS,0.022857142857142857
2018-07-31,KSS,0.022040816326530613
2018-07-31,MA,0.0326530612244898
2018-07-31,MSFT,0.009795918367346938
2018-07-31,MSI,0.0024489795918367346
2018-07-31,MU,0.017142857142857144
2018-07-31,NFLX,0.024489795918367346
2018-07-31,NSC,0.0236734693877551
2018-07-31,NTAP,0.027755102040816326
2018-07-31,NTRS,0.012244897959183673
2018-07-31,RHI,0.036734693877551024
2018-07-31,RL,0.013877551020408163
2018-07-31,ROST,0.013061224489795919
2018-07-31,STX,0.014693877551020407
2018-07-31,SYY,0.035918367346938776
2018-07-31,TJX,0.03183673469387755
2018-07-31,TROW,0.03428571428571429
2018-07-31,TXN,0.017959183673469388
2018-07-31,TXT,0.04
2018-07-31,UNP,0.03836734693877551
2018-07-31,VLO,0.030204081632653063
2018-07-31,ZTS,0.0163265306122449
2018-08-31,ABT,0.008461131676361713
2018-08-31,ACN,0.0021152829190904283
2018-08-31,ADBE,0.01639344262295082
2018-08-31,AKAM,0.030142781597038603
2018-08-31,ALGN,0.011105235325224751
2018-08-31,AMZN,0.026969857218402962
2018-08-31,APC,0.021152829190904283
2018-08-31,BA,0.0026441036488630354
2018-08-31,CF,0.0010576414595452142
2018-08-31,CMA,0.014806980433632998
2018-08-31,CNC,0.019037546271813855
2018-08-31,COP,0.028027498677948175
2018-08-31,COST,0.016922263352723427
2018-08-31,CRM,0.02644103648863036
2018-08-31,CSCO,0.0063458487572712885
2018-08-31,CSX,0.004230565838180857
2018-08-31,CTAS,0.030671602326811213
2018-08-31,CTXS,0.025912215758857746
2018-08-31,EOG,0.0037017451084082496
2018-08-31,ETFC,0.024854574299312534
2018-08-31,FFIV,0.015864621893178214
2018-08-31,FLIR,0.010576414595452142
2018-08-31,GWW,0.03225806451612903
2018-08-31,HCA,0.005288207297726071
2018-08-31,HES,0.004759386567953464
2018-08-31,IDXX,0.013749338974087784
2018-08-31,ILMN,0.01269169751454257
2018-08-31,INTU,0.03120042305658382
2018-08-31,KSS,0.02168164992067689
2018-08-31,M,0.017451084082496033
2018-08-31,MA,0.03172924378635643
2018-08-31,MCO,0.008989952406134321
2018-08-31,MPC,0.0031729243786356425
2018-08-31,MRO,0.012162876784769964
2018-08-31,MSFT,0.01956636700158646
2018-08-31,MSI,0.010047593865679535
2018-08-31,NFLX,0.005817028027498679
2018-08-31,NKE,0.007403490216816499
2018-08-31,NOV,0.017979904812268643
2018-08-31,NSC,0.007932310946589107
2018-08-31,NTAP,0.024325753569539928
2018-08-31,NTRS,0.011634056054997356
2018-08-31,ORLY,0.01850872554204125
2018-08-31,PGR,0.0015864621893178213
2018-08-31,PSX,0.0005288207297726071
2018-08-31,RHI,0.029613960867265997
2018-08-31,ROST,0.009518773135906928
2018-08-31,SPGI,0.02538339502908514
2018-08-31,SYY,0.02009518773135907
2018-08-31,TGT,0.013220518244315178
2018-08-31,TJX,0.022739291380222106
2018-08-31,TROW,0.020624008461131677
2018-08-31,TXN,0.006874669487043891
2018-08-31,TXT,0.028556319407720784
2018-08-31,UNP,0.023796932839767318
2018-08-31,V,0.02749867794817557
2018-08-31,VFC,0.014278159703860392
2018-08-31,VLO,0.0222104706504495
2018-08-31,VRSK,0.015335801163405606
2018-08-31,VRSN,0.02908514013749339
2018-08-31,ZTS,0.023268112109994712
2018-09-30,AAPL,0.001984126984126984
2018-09-30,ABT,0.003968253968253968
2018-09-30,ACN,0.008928571428571428
2018-09-30,ADBE,0.024305555555555556
2018-09-30,ADP,0.009424603174603174
2018-09-30,AET,0.00248015873015873
2018-09-30,AKAM,0.023809523809523808
2018-09-30,ALGN,0.013888888888888888
2018-09-30,AMZN,0.02976190476190476
2018-09-30,ANSS,0.017857142857142856
2018-09-30,CNC,0.019345238095238096
2018-09-30,COP,0.014384920634920634
2018-09-30,COST,0.018353174603174604
2018-09-30,CRM,0.029265873015873016
2018-09-30,CSCO,0.012896825396825396
2018-09-30,CSX,0.000992063492063492
2018-09-30,CTAS,0.028769841269841268
2018-09-30,CTXS,0.028273809523809524
2018-09-30,ETFC,0.00992063492063492
2018-09-30,FFIV,0.020833333333333332
2018-09-30,FLIR,0.016865079365079364
2018-09-30,FOX,0.005456349206349206
2018-09-30,FOXA,0.00496031746031746
2018-09-30,GPN,0.000496031746031746
2018-09-30,GWW,0.03125
2018-09-30,HCA,0.015873015873015872
2018-09-30,HUM,0.003472222222222222
2018-09-30,IDXX,0.01984126984126984
2018-09-30,ILMN,0.02628968253968254
2018-09-30,INFO,0.008432539682539682
2018-09-30,INTU,0.030753968253968252
2018-09-30,KSS,0.01636904761904762
2018-09-30,M,0.004464285714285714
2018-09-30,MA,0.030257936507936508
2018-09-30,MCO,0.010416666666666666
2018-09-30,MOS,0.015376984126984126
2018-09-30,MPC,0.002976190476190476
2018-09-30,MSFT,0.022321428571428572
2018-09-30,MSI,0.022817460317460316
2018-09-30,NFLX,0.013392857142857142
2018-09-30,NKE,0.027281746031746032
2018-09-30,NTAP,0.025297619047619048
2018-09-30,ORLY,0.018849206349206348
2018-09-30,PGR,0.011408730158730158
2018-09-30,RHI,0.02132936507936508
2018-09-30,RL,0.001488095238095238
2018-09-30,RMD,0.005952380952380952
2018-09-30,ROST,0.007936507936507936
2018-09-30,SPGI,0.0248015873015873
2018-09-30,SYY,0.020337301587301588
2018-09-30,TGT,0.01488095238095238
2018-09-30,TJX,0.021825396825396824
2018-09-30,TSS,0.017361111111111112
2018-09-30,TXT,0.012400793650793648
2018-09-30,UAL,0.011904761904761904
2018-09-30,UNH,0.006448412698412698
2018-09-30,UNP,0.007440476190476188
2018-09-30,V,0.026785714285714284
2018-09-30,VFC,0.010912698412698412
2018-09-30,VLO,0.006944444444444444
2018-09-30,VRSK,0.025793650793650792
2018-09-30,VRSN,0.027777777777777776
2018-09-30,ZTS,0.023313492063492064
2018-10-31,AAP,0.015419374549589018
2018-10-31,ABT,0.010408077820972588
2018-10-31,ADBE,0.011564530912191765
2018-10-31,ADP,0.0023129061824383526
2018-10-31,AES,0.008095171638534234
2018-10-31,AKAM,0.00770968727479451
2018-10-31,AMD,0.015033890185849295
2018-10-31,AMZN,0.017732280732027372
2018-10-31,ANSS,0.004625812364876705
2018-10-31,CF,0.0007709687274794509
2018-10-31,CMG,0.00038548436373972547
2018-10-31,CNC,0.017346796368287648
2018-10-31,COP,0.01888873382324655
2018-10-31,COST,0.016190343277068468
2018-10-31,CRM,0.022358093096904078
2018-10-31,CSCO,0.00925162472975341
2018-10-31,CSX,0.008866140366013686
2018-10-31,CTAS,0.004240328001136981
2018-10-31,CTXS,0.01272098400341094
2018-10-31,EL,0.0015419374549589019
2018-10-31,ESRX,0.010793562184712313
2018-10-31,EW,0.009637109093493136
2018-10-31,FFIV,0.020816155641945177
2018-10-31,FOX,0.005782265456095882
2018-10-31,FOXA,0.005396781092356156
2018-10-31,GWW,0.023900030551862978
2018-10-31,HCA,0.0181177650957671
2018-10-31,HES,0.014262921458369843
2018-10-31,HUM,0.0011564530912191763
2018-10-31,IDXX,0.0061677498198356075
2018-10-31,ILMN,0.022743577460643805
2018-10-31,INFO,0.014648405822109568
2018-10-31,INTU,0.024285514915602706
2018-10-31,ISRG,0.00848065600227396
2018-10-31,KSS,0.013877437094630117
2018-10-31,M,0.010022593457232862
2018-10-31,MA,0.023514546188123254
2018-10-31,MOS,0.013106468367150665
2018-10-31,MRO,0.002698390546178078
2018-10-31,MSFT,0.011179046548452039
2018-10-31,MSI,0.01696131200454792
2018-10-31,NFLX,0.005011296728616431
2018-10-31,NKE,0.0212016400056849
2018-10-31,NSC,0.006938718547315059
2018-10-31,NTAP,0.01850324945950682
2018-10-31,ORLY,0.019659702550726
2018-10-31,PFE,0.0038548436373972545
2018-10-31,PGR,0.013491952730890393
2018-10-31,RL,0.0030838749099178038
2018-10-31,ROST,0.012335499639671215
2018-10-31,SPGI,0.003469359273657529
2018-10-31,SYY,0.0065532341835753335
2018-10-31,TGT,0.011950015275931489
2018-10-31,TJX,0.02312906182438353
2018-10-31,TSCO,0.0019274218186986272
2018-10-31,TSS,0.007324202911054784
2018-10-31,TXT,0.021587124369424626
2018-10-31,UAL,0.015804858913328744
2018-10-31,UNP,0.016575827640808196
2018-10-31,V,0.020045186914465725
2018-10-31,VRSK,0.019274218186986273
2018-10-31,VRSN,0.021972608733164353
2018-10-31,ZTS,0.020430671278205453
2018-11-30,AAP,0.0318576775391948
2018-11-30,ADBE,0.017154134059566433
2018-11-30,ADP,0.013478248189659339
2018-11-30,AES,0.045335925728854136
2018-11-30,BSX,0.023280610509411583
2018-11-30,CHD,0.008577067029783217
2018-11-30,CMG,0.011027657609721277
2018-11-30,COP,0.025731201089349648
2018-11-30,COST,0.009802362319752246
2018-11-30,CRM,0.0012252952899690292
2018-11-30,DISCA,0.020830019929473524
2018-11-30,DISCK,0.004901181159876123
2018-11-30,ESRX,0.03920944927900898
2018-11-30,HCA,0.036758858699070925
2018-11-30,INFO,0.034308268119132866
2018-11-30,INTU,0.04288533514891608
2018-11-30,JWN,0.024505905799380615
2018-11-30,KSS,0.037984153989039954
2018-11-30,LLY,0.012252952899690308
2018-11-30,M,0.002450590579938062
2018-11-30,MA,0.018379429349535462
2018-11-30,MKC,0.04043474456897801
2018-11-30,MOS,0.003675885869907093
2018-11-30,MRK,0.04166003985894705
2018-11-30,MSFT,0.01960472463950449
2018-11-30,MSI,0.026956496379318677
2018-11-30,ORLY,0.0159288387695974
2018-11-30,PFE,0.007351771739814185
2018-11-30,PGR,0.022055315219442553
2018-11-30,SYY,0.014703543479628368
2018-11-30,TGT,0.030632382249225768
2018-11-30,TJX,0.046561221018823165
2018-11-30,UA,0.035533563409101895
2018-11-30,UAA,0.04411063043888511
2018-11-30,UAL,0.03308297282916383
2018-11-30,V,0.006126476449845153
2018-11-30,VRSK,0.02940708695925674
2018-11-30,ZTS,0.02818179166928771
2018-12-31,AAP,0.03317844883448186
2018-12-31,ABT,0.007899630674876633
2018-12-31,ADBE,0.022118965889654577
2018-12-31,ADP,0.005529741472413644
2018-12-31,AES,0.033968411901969524
2018-12-31,AJG,0.0015799261349753266
2018-12-31,AON,0.020539039754679248
2018-12-31,BLL,0.0031598522699506533
2018-12-31,BSX,0.0323884857669942
2018-12-31,CHD,0.00710966760738897
2018-12-31,CME,0.017379187484728595
2018-12-31,CMG,0.01895911361970392
2018-12-31,CNC,0.018169150552216257
2018-12-31,COST,0.027648707362068217
2018-12-31,CRM,0.013429372147290277
2018-12-31,CSX,0.011059482944827288
2018-12-31,ECL,0.0007899630674876633
2018-12-31,FE,0.00236988920246299
2018-12-31,HCA,0.029228633497043546
2018-12-31,HUM,0.008689593742364297
2018-12-31,ICE,0.010269519877339624
2018-12-31,ILMN,0.019749076687191582
2018-12-31,INFO,0.024488855092117564
2018-12-31,INTU,0.02843867042955588
2018-12-31,ISRG,0.012639409079802613
2018-12-31,LLY,0.0236988920246299
2018-12-31,MA,0.01184944601231495
2018-12-31,MKC,0.030018596564531208
2018-12-31,MOS,0.01421933521477794
2018-12-31,MRK,0.03159852269950653
2018-12-31,MSFT,0.015799261349753266
2018-12-31,MSI,0.030808559632018874
2018-12-31,NEE,0.006319704539901307
2018-12-31,ORLY,0.025278818159605226
2018-12-31,PFE,0.02132900282216691
2018-12-31,TRIP,0.01658922441724093
2018-12-31,UA,0.02290892895714224
2018-12-31,UAA,0.026858744294580555
2018-12-31,UAL,0.02606878122709289
2018-12-31,UNH,0.00473977840492598
2018-12-31,V,0.003949815337438317
2018-12-31,VRSK,0.03554833803694485
2018-12-31,VRSN,0.015009298282265604
2018-12-31,XLNX,0.00947955680985196
2018-12-31,ZTS,0.03475837496945719
2019-01-31,AAP,0.013558604487438883
2019-01-31,AEE,0.022597674145731477
2019-01-31,AES,0.05423441794975554
2019-01-31,BSX,0.031636743804024064
2019-01-31,CHD,0.06779302243719443
2019-01-31,CME,0.04971488312060924
2019-01-31,EXC,0.05875395277890184
2019-01-31,FE,0.040675813462316655
2019-01-31,HRL,0.01807813931658518
2019-01-31,LLY,0.07683209209548701
2019-01-31,MKC,0.02711720897487777
2019-01-31,MRK,0.06327348760804813
2019-01-31,NRG,0.07231255726634073
2019-01-31,ORLY,0.045195348291462954
2019-01-31,PFE,0.00903906965829259
2019-01-31,TRIP,0.004519534829146295
2019-01-31,VRSN,0.03615627863317036
2019-02-28,AAP,0.01298373048574723
2019-02-28,AEE,0.026778944126853662
2019-02-28,AEP,0.018664112573261643
2019-02-28,AES,0.031647843059008876
2019-02-28,AIV,0.00892631470895122
2019-02-28,AMD,0.0032459326214368074
2019-02-28,AMT,0.009737797864310423
2019-02-28,AWK,0.012172247330388028
2019-02-28,AZO,0.0016229663107184037
2019-02-28,BLL,0.007303348398232817
2019-02-28,BSX,0.02596746097149446
2019-02-28,CHD,0.017041146262543237
2019-02-28,CMG,0.02109856203933925
2019-02-28,CMS,0.020287078883980045
2019-02-28,CRM,0.0056803820875144136
2019-02-28,DUK,0.010549281019669624
2019-02-28,EQR,0.008114831553592019
2019-02-28,ESS,0.006491865242873615
2019-02-28,ETR,0.02191004519469845
2019-02-28,EXC,0.030836359903649673
2019-02-28,FE,0.028401910437572068
2019-02-28,HCA,0.0048688989321552115
2019-02-28,HCP,0.02515597781613526
2019-02-28,HRL,0.019475595728620846
2019-02-28,INTU,0.013795213641106432
2019-02-28,LLY,0.032459326214368076
2019-02-28,MRK,0.024344494660776053
2019-02-28,NEE,0.014606696796465634
2019-02-28,NRG,0.027590427282212865
2019-02-28,O,0.029213393592931267
2019-02-28,ORLY,0.023533011505416854
2019-02-28,PG,0.0008114831553592018
2019-02-28,TDG,0.0024344494660776058
2019-02-28,UDR,0.016229663107184038
2019-02-28,VRSN,0.022721528350057654
2019-02-28,VTR,0.0040574157767960094
2019-02-28,WEC,0.01785262941790244
2019-02-28,WELL,0.03002487674829047
2019-02-28,XEL,0.011360764175028827
2019-02-28,XLNX,0.015418179951824837
2019-03-31,AAP,0.008182349503214495
2019-03-31,ABT,0.02104032729398013
2019-03-31,ADP,0.018118059614260665
2019-03-31,AEE,0.029807130333138514
2019-03-31,AEP,0.018702513150204558
2019-03-31,AES,0.03272939801285798
2019-03-31,AMD,0.01928696668614845
2019-03-31,AMT,0.004675628287551139
2019-03-31,ANTM,0.012857977790765635
2019-03-31,AWK,0.022209234365867914
2019-03-31,AZO,0.029222676797194622
2019-03-31,BLL,0.017533606078316773
2019-03-31,BSX,0.031560490940970194
2019-03-31,CDNS,0.02863822326125073
2019-03-31,CHD,0.015195791934541203
2019-03-31,CMG,0.027469316189362946
2019-03-31,CMS,0.020455873758036237
2019-03-31,CRM,0.02162478082992402
2019-03-31,DG,0.0023378141437755697
2019-03-31,DHR,0.004091174751607247
2019-03-31,DUK,0.012273524254821741
2019-03-31,ECL,0.009351256575102279
2019-03-31,ES,0.0029222676797194622
2019-03-31,ETR,0.026300409117475162
2019-03-31,EXC,0.030976037405026302
2019-03-31,FE,0.028053769725306838
2019-03-31,GPC,0.006428988895382817
2019-03-31,GRMN,0.019871420222092345
2019-03-31,HCA,0.009935710111046173
2019-03-31,HCP,0.023378141437755698
2019-03-31,HRL,0.01694915254237288
2019-03-31,INTU,0.02396259497369959
2019-03-31,IQV,0.015780245470485097
2019-03-31,ISRG,0.011104617182933957
2019-03-31,LLY,0.03389830508474576
2019-03-31,MA,0.0017533606078316774
2019-03-31,MRK,0.03331385154880187
2019-03-31,NEE,0.008766803039158387
2019-03-31,NKE,0.005260081823495032
2019-03-31,NRG,0.011689070718877849
2019-03-31,O,0.030391583869082407
2019-03-31,ORLY,0.032144944476914086
2019-03-31,PFE,0.0058445353594389245
2019-03-31,PG,0.01636469900642899
2019-03-31,PNW,0.0070134424313267095
2019-03-31,PYPL,0.007597895967270602
2019-03-31,RSG,0.0035067212156633548
2019-03-31,TDG,0.014611338398597311
2019-03-31,TSCO,0.026884862653419054
2019-03-31,UDR,0.014026884862653419
2019-03-31,ULTA,0.010520163646990065
2019-03-31,V,0.0011689070718877848
2019-03-31,VRSN,0.02571595558153127
2019-03-31,VZ,0.0005844535359438924
2019-03-31,WEC,0.025131502045587374
2019-03-31,WELL,0.022793687901811806
2019-03-31,XEL,0.013442431326709527
2019-03-31,XLNX,0.024547048509643482
2019-04-30,AAP,0.016835016835016835
2019-04-30,ABT,0.02558922558922559
2019-04-30,ADP,0.012121212121212121
2019-04-30,AEE,0.028956228956228958
2019-04-30,AEP,0.01818181818181818
2019-04-30,AES,0.03367003367003367
2019-04-30,AMD,0.014141414141414142
2019-04-30,AMT,0.027609427609427604
2019-04-30,AWK,0.006734006734006735
2019-04-30,AZO,0.03569023569023569
2019-04-30,BLL,0.020875420875420877
2019-04-30,BSX,0.01616161616161616
2019-04-30,CCI,0.008754208754208754
2019-04-30,CDNS,0.028282828282828285
2019-04-30,CHD,0.030976430976430977
2019-04-30,CLX,0.0053872053872053875
2019-04-30,CMG,0.011447811447811448
2019-04-30,CMS,0.010774410774410775
2019-04-30,ESS,0.006060606060606061
2019-04-30,ETR,0.024242424242424242
2019-04-30,EW,0.0013468013468013469
2019-04-30,EXC,0.03434343434343434
2019-04-30,FE,0.030303030303030304
2019-04-30,FISV,0.00202020202020202
2019-04-30,GPC,0.013468013468013467
2019-04-30,GRMN,0.019528619528619527
2019-04-30,HCP,0.02356902356902357
2019-04-30,HRL,0.002693602693602694
2019-04-30,HSY,0.022895622895622896
2019-04-30,INTU,0.015488215488215488
2019-04-30,IQV,0.018855218855218854
2019-04-30,LLY,0.03636363636363636
2019-04-30,MA,0.00404040404040404
2019-04-30,MKC,0.009427609427609427
2019-04-30,MRK,0.032996632996632996
2019-04-30,MSFT,0.003367003367003367
2019-04-30,NEE,0.022222222222222223
2019-04-30,NRG,0.017508417508417508
2019-04-30,O,0.035016835016835016
2019-04-30,ORLY,0.03232323232323232
2019-04-30,PAYX,0.0006734006734006734
2019-04-30,PG,0.03164983164983165
2019-04-30,PNW,0.0047138047138047135
2019-04-30,PYPL,0.020202020202020204
2019-04-30,RSG,0.014814814814814815
2019-04-30,TDG,0.00808080808080808
2019-04-30,TSCO,0.02154882154882155
2019-04-30,UDR,0.010101010101010102
2019-04-30,VRSN,0.026262626262626262
2019-04-30,WEC,0.024915824915824916
2019-04-30,WELL,0.026936026936026935
2019-04-30,WM,0.012794612794612794
2019-04-30,XEL,0.007407407407407408
2019-04-30,XLNX,0.02962962962962963
2019-05-31,ABT,0.015320910973084885
2019-05-31,AEE,0.022774327122153208
2019-05-31,AEP,0.024844720496894408
2019-05-31,AES,0.01780538302277433
2019-05-31,AJG,0.008695652173913044
2019-05-31,AMT,0.02525879917184265
2019-05-31,AON,0.002484472049689441
2019-05-31,APD,0.009523809523809525
2019-05-31,AWK,0.024016563146997925
2019-05-31,AZO,0.02732919254658385
2019-05-31,BLL,0.02650103519668737
2019-05-31,CCI,0.0016563146997929604
2019-05-31,CDNS,0.02608695652173913
2019-05-31,CHD,0.028157349896480333
2019-05-31,CHTR,0.009937888198757764
2019-05-31,CINF,0.01987577639751553
2019-05-31,CLX,0.009109730848861283
2019-05-31,CMCSA,0.016149068322981366
2019-05-31,CMG,0.016977225672877846
2019-05-31,CMS,0.01904761904761905
2019-05-31,CNP,0.004554865424430642
2019-05-31,D,0.011594202898550725
2019-05-31,DG,0.02318840579710145
2019-05-31,DHR,0.004968944099378882
2019-05-31,DIS,0.0033126293995859213
2019-05-31,DLTR,0.0008281573498964803
2019-05-31,DTE,0.007867494824016562
2019-05-31,DUK,0.014492753623188406
2019-05-31,ECL,0.013250517598343685
2019-05-31,ES,0.017391304347826087
2019-05-31,ETR,0.02443064182194617
2019-05-31,EXC,0.02567287784679089
2019-05-31,FE,0.026915113871635612
2019-05-31,GRMN,0.012008281573498964
2019-05-31,HSY,0.02774327122153209
2019-05-31,IQV,0.004140786749482402
2019-05-31,IR,0.011180124223602485
2019-05-31,KMB,0.0037267080745341614
2019-05-31,LLY,0.012422360248447204
2019-05-31,MA,0.005383022774327122
2019-05-31,MCD,0.014078674948240166
2019-05-31,MKC,0.019461697722567287
2019-05-31,MRK,0.020703933747412008
2019-05-31,MSFT,0.010766045548654244
2019-05-31,NEE,0.018219461697722567
2019-05-31,O,0.02194616977225673
2019-05-31,ORLY,0.02111801242236025
2019-05-31,PEP,0.008281573498964804
2019-05-31,PG,0.02857142857142857
2019-05-31,PNW,0.007039337474120083
2019-05-31,PYPL,0.015734989648033125
2019-05-31,RSG,0.014906832298136646
2019-05-31,SBAC,0.005797101449275362
2019-05-31,SBUX,0.007453416149068323
2019-05-31,TDG,0.010351966873706004
2019-05-31,TMO,0.006211180124223602
2019-05-31,TSCO,0.012836438923395446
2019-05-31,UDR,0.002898550724637681
2019-05-31,V,0.002070393374741201
2019-05-31,VRSK,0.013664596273291925
2019-05-31,VRSN,0.021532091097308487
2019-05-31,WEC,0.02360248447204969
2019-05-31,WELL,0.0012422360248447208
2019-05-31,WM,0.020289855072463767
2019-05-31,WMT,0.006625258799171843
2019-05-31,XEL,0.016563146997929608
2019-05-31,XLNX,0.02236024844720497
2019-05-31,YUM,0.018633540372670808
2019-05-31,ZTS,0.00041407867494824016
2019-06-30,ABT,0.0053191489361702135
2019-06-30,AEE,0.023936170212765957
2019-06-30,AEP,0.03634751773049645
2019-06-30,AJG,0.024822695035460994
2019-06-30,AMT,0.038120567375886524
2019-06-30,AON,0.01152482269503546
2019-06-30,APD,0.018617021276595744
2019-06-30,AWK,0.03900709219858156
2019-06-30,AZO,0.0398936170212766
2019-06-30,BLL,0.040780141843971635
2019-06-30,CCI,0.0035460992907801418
2019-06-30,CDNS,0.015957446808510637
2019-06-30,CHD,0.031914893617021274
2019-06-30,CINF,0.03368794326241135
2019-06-30,CMG,0.010638297872340425
2019-06-30,CMS,0.022163120567375887
2019-06-30,DG,0.01950354609929078
2019-06-30,DHR,0.007978723404255319
2019-06-30,DTE,0.0070921985815602835
2019-06-30,ECL,0.02304964539007092
2019-06-30,ES,0.028368794326241134
2019-06-30,ESS,0.008865248226950355
2019-06-30,ETR,0.03546099290780142
2019-06-30,FE,0.015070921985815602
2019-06-30,GPN,0.0062056737588652485
2019-06-30,HSY,0.041666666666666664
2019-06-30,MCD,0.02925531914893617
2019-06-30,MKC,0.0008865248226950367
2019-06-30,MRK,0.020390070921985817
2019-06-30,NEE,0.025709219858156027
2019-06-30,O,0.026595744680851064
2019-06-30,ORLY,0.01773049645390071
2019-06-30,PG,0.03723404255319149
2019-06-30,PGR,0.0026595744680851063
2019-06-30,PYPL,0.00975177304964539
2019-06-30,RSG,0.02127659574468085
2019-06-30,SBAC,0.013297872340425532
2019-06-30,SBUX,0.03102836879432624
2019-06-30,TSCO,0.0044326241134751785
2019-06-30,TSS,0.014184397163120567
2019-06-30,VRSK,0.012411347517730497
2019-06-30,VRSN,0.016843971631205674
2019-06-30,WEC,0.03280141843971631
2019-06-30,WELL,0.0017730496453900709
2019-06-30,WM,0.030141843971631204
2019-06-30,XEL,0.0274822695035461
2019-06-30,YUM,0.034574468085106384
2019-07-31,ABT,0.009780907668231613
2019-07-31,AEE,0.017996870109546165
2019-07-31,AEP,0.023865414710485134
2019-07-31,AES,0.0003912363067292645
2019-07-31,AJG,0.013693270735524257
2019-07-31,ALLE,0.008215962441314555
2019-07-31,AMT,0.020735524256651018
2019-07-31,AON,0.01643192488262911
2019-07-31,APD,0.019561815336463225
2019-07-31,AWK,0.024256651017214397
2019-07-31,AZO,0.02621283255086072
2019-07-31,BLL,0.027777777777777776
2019-07-31,BSX,0.005868544600938967
2019-07-31,CCI,0.002347417840375587
2019-07-31,CDNS,0.02112676056338028
2019-07-31,CHD,0.01995305164319249
2019-07-31,CHTR,0.004303599374021909
2019-07-31,CINF,0.01917057902973396
2019-07-31,CMG,0.018779342723004695
2019-07-31,CMS,0.018388106416275432
2019-07-31,COO,0.001564945226917058
2019-07-31,CSCO,0.0019561815336463224
2019-07-31,DG,0.02543035993740219
2019-07-31,DHR,0.016040688575899843
2019-07-31,DTE,0.003912363067292645
2019-07-31,ECL,0.023474178403755867
2019-07-31,EL,0.006651017214397496
2019-07-31,ES,0.02034428794992175
2019-07-31,ESS,0.01056338028169014
2019-07-31,ETR,0.025821596244131457
2019-07-31,FE,0.02269170579029734
2019-07-31,FIS,0.013302034428794992
2019-07-31,GPN,0.014084507042253521
2019-07-31,HCP,0.004694835680751174
2019-07-31,HSY,0.027386541471048513
2019-07-31,ICE,0.000782472613458529
2019-07-31,LNT,0.0027386541471048514
2019-07-31,MA,0.010172143974960876
2019-07-31,MCD,0.02464788732394366
2019-07-31,MKC,0.007433489827856025
2019-07-31,MRK,0.01486697965571205
2019-07-31,MSCI,0.008607198748043818
2019-07-31,MSFT,0.0011737089201877935
2019-07-31,MSI,0.0035211267605633804
2019-07-31,MTD,0.006259780907668232
2019-07-31,NEE,0.022300469483568074
2019-07-31,O,0.012910798122065728
2019-07-31,PG,0.025039123630672927
2019-07-31,PGR,0.008998435054773083
2019-07-31,PNW,0.005477308294209703
2019-07-31,PYPL,0.017214397496087636
2019-07-31,RSG,0.012519561815336464
2019-07-31,SBAC,0.02190923317683881
2019-07-31,SBUX,0.02699530516431925
2019-07-31,SNPS,0.012128325508607199
2019-07-31,SRE,0.007042253521126761
2019-07-31,TSCO,0.01564945226917058
2019-07-31,TSN,0.003129890453834116
2019-07-31,TSS,0.009389671361502348
2019-07-31,ULTA,0.005086071987480438
2019-07-31,V,0.00782472613458529
2019-07-31,VRSK,0.015258215962441314
2019-07-31,VRSN,0.016823161189358372
2019-07-31,WEC,0.023082942097026604
2019-07-31,WELL,0.010954616588419404
2019-07-31,WM,0.017605633802816902
2019-07-31,WMT,0.01134585289514867
2019-07-31,XEL,0.021517996870109544
2019-07-31,XLNX,0.011737089201877934
2019-07-31,YUM,0.026604068857589983
2019-07-31,ZTS,0.014475743348982786
2019-08-31,ABT,0.01619778346121057
2019-08-31,AEE,0.018329070758738276
2019-08-31,AEP,0.022591645353793693
2019-08-31,AES,0.0038363171355498722
2019-08-31,AJG,0.020886615515771527
2019-08-31,AMT,0.023870417732310314
2019-08-31,AON,0.014066496163682864
2019-08-31,APD,0.020034100596760442
2019-08-31,AWK,0.0247229326513214
2019-08-31,AZO,0.02557544757033248
2019-08-31,BLL,0.02855924978687127
2019-08-31,CCI,0.004262574595055414
2019-08-31,CDNS,0.020460358056265986
2019-08-31,CHD,0.02216538789428815
2019-08-31,CINF,0.02600170502983802
2019-08-31,CMG,0.0196078431372549
2019-08-31,CMS,0.017902813299232736
2019-08-31,COO,0.011935208866155157
2019-08-31,DG,0.01875532821824382
2019-08-31,DHR,0.015345268542199489
2019-08-31,DIS,0.00042625745950554135
2019-08-31,DLTR,0.005115089514066497
2019-08-31,ECL,0.021312872975277068
2019-08-31,EL,0.008098891730605285
2019-08-31,ES,0.017476555839727195
2019-08-31,ESS,0.01577152600170503
2019-08-31,ETR,0.026854219948849106
2019-08-31,EW,0.008951406649616368
2019-08-31,EXR,0.008525149190110827
2019-08-31,FE,0.021739130434782608
2019-08-31,FIS,0.017050298380221655
2019-08-31,FISV,0.0123614663256607
2019-08-31,FLT,0.00980392156862745
2019-08-31,GPN,0.010656436487638534
2019-08-31,HLT,0.0017050298380221654
2019-08-31,HOLX,0.0034100596760443308
2019-08-31,HSY,0.028132992327365727
2019-08-31,ICE,0.0025575447570332483
2019-08-31,INTU,0.0008525149190110827
2019-08-31,KO,0.0076726342710997444
2019-08-31,LNT,0.011508951406649617
2019-08-31,MA,0.005541346973572037
2019-08-31,MCD,0.026427962489343565
2019-08-31,MDLZ,0.0029838022165387893
2019-08-31,MKC,0.004688832054560955
2019-08-31,MRK,0.010230179028132993
2019-08-31,NEE,0.023017902813299233
2019-08-31,O,0.005967604433077579
2019-08-31,PG,0.027706734867860187
2019-08-31,RSG,0.016624040920716114
2019-08-31,SBAC,0.027280477408354646
2019-08-31,SBUX,0.028985507246376812
2019-08-31,SO,0.014492753623188406
2019-08-31,SRE,0.00639386189258312
2019-08-31,TDG,0.00937766410912191
2019-08-31,TSS,0.013640238704177323
2019-08-31,V,0.0012787723785166244
2019-08-31,VMC,0.0068201193520886615
2019-08-31,VRSK,0.013213981244671782
2019-08-31,VRSN,0.011082693947144074
2019-08-31,WEC,0.02514919011082694
2019-08-31,WELL,0.007246376811594203
2019-08-31,WLTW,0.014919011082693947
2019-08-31,WM,0.023444160272804774
2019-08-31,XEL,0.01918158567774936
2019-08-31,XLNX,0.0021312872975277064
2019-08-31,YUM,0.024296675191815855
2019-08-31,ZTS,0.01278772378516624
2019-09-30,AEE,0.01816911250873515
2019-09-30,AEP,0.0286512928022362
2019-09-30,AJG,0.009084556254367574
2019-09-30,AMT,0.03284416491963662
2019-09-30,APD,0.012578616352201259
2019-09-30,AWK,0.030747728860936407
2019-09-30,AZO,0.02236198462613557
2019-09-30,BLL,0.037037037037037035
2019-09-30,CCI,0.011180992313067784
2019-09-30,CDNS,0.006988120195667365
2019-09-30,CHD,0.020964360587002098
2019-09-30,CINF,0.031446540880503145
2019-09-30,CMG,0.025157232704402517
2019-09-30,CMS,0.023060796645702306
2019-09-30,DG,0.023759608665269043
2019-09-30,ECL,0.017470300489168415
2019-09-30,EQR,0.0034940600978336828
2019-09-30,ES,0.02445842068483578
2019-09-30,ESS,0.016771488469601678
2019-09-30,ETR,0.0363382250174703
2019-09-30,EXR,0.02026554856743536
2019-09-30,FE,0.03214535290006988
2019-09-30,FIS,0.014675052410901468
2019-09-30,HCP,0.0041928721174004195
2019-09-30,HSY,0.03563941299790356
2019-09-30,ICE,0.007686932215234102
2019-09-30,LNT,0.013277428371767994
2019-09-30,MAA,0.006289308176100629
2019-09-30,MCD,0.027253668763102725
2019-09-30,NEE,0.03004891684136967
2019-09-30,O,0.011879804332634521
2019-09-30,PG,0.033542976939203356
2019-09-30,PHM,0.005590496156533892
2019-09-30,PNW,0.002795248078266946
2019-09-30,PSA,0.018867924528301886
2019-09-30,RSG,0.013976240391334731
2019-09-30,SBAC,0.03424178895877009
2019-09-30,SBUX,0.03494060097833683
2019-09-30,SNPS,0.004891684136967156
2019-09-30,SO,0.02166317260656883
2019-09-30,SPGI,0.001397624039133473
2019-09-30,SRE,0.008385744234800839
2019-09-30,TDG,0.0020964360587002098
2019-09-30,TSN,0.015373864430468204
2019-09-30,VRSK,0.009783368273934312
2019-09-30,WEC,0.029350104821802937
2019-09-30,WELL,0.01607267645003494
2019-09-30,WLTW,0.019566736547868623
2019-09-30,WM,0.026554856743535988
2019-09-30,WMT,0.0006988120195667365
2019-09-30,XEL,0.02585604472396925
2019-09-30,YUM,0.027952480782669462
2019-09-30,ZTS,0.010482180293501049
2019-10-31,AEE,0.018849206349206348
2019-10-31,AEP,0.028769841269841268
2019-10-31,AJG,0.000992063492063492
2019-10-31,AMT,0.01636904761904762
2019-10-31,APD,0.01984126984126984
2019-10-31,AWK,0.025297619047619048
2019-10-31,AZO,0.025793650793650792
2019-10-31,BFB,0.005952380952380952
2019-10-31,BLL,0.021825396825396824
2019-10-31,CB,0.020337301587301588
2019-10-31,CCI,0.001488095238095238
2019-10-31,CINF,0.02976190476190476
2019-10-31,CMG,0.023809523809523808
2019-10-31,CMS,0.024305555555555556
2019-10-31,CPRT,0.027777777777777776
2019-10-31,CTAS,0.011408730158730158
2019-10-31,DG,0.02132936507936508
2019-10-31,DHI,0.007936507936507936
2019-10-31,DHR,0.011904761904761904
2019-10-31,DLTR,0.004464285714285714
2019-10-31,ECL,0.00496031746031746
2019-10-31,ED,0.01240079365079365
2019-10-31,EL,0.005456349206349206
2019-10-31,EQIX,0.014384920634920634
2019-10-31,EQR,0.009424603174603174
2019-10-31,ES,0.027281746031746032
2019-10-31,ESS,0.013888888888888888
2019-10-31,ETR,0.03125
2019-10-31,EVRG,0.000496031746031746
2019-10-31,EXR,0.003968253968253968
2019-10-31,FE,0.030753968253968252
2019-10-31,FIS,0.013392857142857142
2019-10-31,FLT,0.001984126984126984
2019-10-31,HIG,0.017361111111111112
2019-10-31,HSY,0.028273809523809524
2019-10-31,KLAC,0.008432539682539682
2019-10-31,KMB,0.015873015873015872
2019-10-31,LNT,0.01488095238095238
2019-10-31,MA,0.003472222222222222
2019-10-31,MAA,0.017857142857142856
2019-10-31,MCD,0.006448412698412696
2019-10-31,MLM,0.022321428571428572
2019-10-31,NEE,0.030257936507936508
2019-10-31,O,0.006944444444444444
2019-10-31,PG,0.029265873015873016
2019-10-31,PHM,0.026785714285714284
2019-10-31,SBAC,0.018353174603174604
2019-10-31,SBUX,0.016865079365079364
2019-10-31,SNPS,0.012896825396825396
2019-10-31,SO,0.0248015873015873
2019-10-31,SRE,0.022817460317460316
2019-10-31,TDG,0.008928571428571428
2019-10-31,VMC,0.020833333333333332
2019-10-31,VRSK,0.002976190476190476
2019-10-31,WEC,0.02628968253968254
2019-10-31,WELL,0.010416666666666666
2019-10-31,WLTW,0.010912698412698412
2019-10-31,WM,0.015376984126984126
2019-10-31,WU,0.00248015873015873
2019-10-31,XEL,0.023313492063492064
2019-10-31,XRAY,0.00992063492063492
2019-10-31,YUM,0.019345238095238096
2019-10-31,ZTS,0.00744047619047619
2019-11-30,AEP,0.02451923076923077
2019-11-30,AMT,0.008173076923076924
2019-11-30,APD,0.01730769230769231
2019-11-30,ARE,0.0014423076923076924
2019-11-30,AWK,0.014903846153846155
2019-11-30,AZO,0.028365384615384615
2019-11-30,BFB,0.023557692307692307
2019-11-30,BLL,0.0033653846153846173
2019-11-30,CHTR,0.004326923076923077
2019-11-30,CINF,0.026442307692307692
2019-11-30,CMG,0.013942307692307693
2019-11-30,CMS,0.01826923076923077
2019-11-30,CPRT,0.029326923076923077
2019-11-30,CTAS,0.019230769230769232
2019-11-30,DG,0.027403846153846154
2019-11-30,DHI,0.022596153846153846
2019-11-30,EQIX,0.025961538461538463
2019-11-30,ES,0.00721153846153846
2019-11-30,ESS,0.0057692307692307696
2019-11-30,ETR,0.03076923076923077
2019-11-30,EW,0.009615384615384616
2019-11-30,FE,0.03028846153846154
2019-11-30,FIS,0.0125
2019-11-30,FISV,0.0004807692307692308
2019-11-30,FLT,0.026923076923076925
2019-11-30,GPN,0.02403846153846154
2019-11-30,HD,0.013461538461538462
2019-11-30,HIG,0.025
2019-11-30,HLT,0.004807692307692308
2019-11-30,HSY,0.020192307692307693
2019-11-30,IDXX,0.007692307692307693
2019-11-30,INFO,0.010096153846153847
2019-11-30,KEYS,0.015384615384615385
2019-11-30,KLAC,0.01875
2019-11-30,KMX,0.008653846153846154
2019-11-30,KSU,0.014423076923076924
2019-11-30,LIN,0.0038461538461538464
2019-11-30,LRCX,0.010576923076923078
2019-11-30,MA,0.022115384615384617
2019-11-30,MAA,0.02548076923076923
2019-11-30,MAS,0.00625
2019-11-30,MLM,0.0028846153846153848
2019-11-30,MSCI,0.016346153846153847
2019-11-30,MSFT,0.002403846153846154
2019-11-30,NEE,0.02980769230769231
2019-11-30,NOC,0.005288461538461539
2019-11-30,O,0.012980769230769231
2019-11-30,ORLY,0.01201923076923077
2019-11-30,PG,0.027884615384615386
2019-11-30,PHM,0.028846153846153848
2019-11-30,SBAC,0.015865384615384615
2019-11-30,SHW,0.006730769230769231
2019-11-30,SNPS,0.020673076923076922
2019-11-30,SO,0.023076923076923078
2019-11-30,SPGI,0.01971153846153846
2019-11-30,SRE,0.017788461538461538
2019-11-30,TDG,0.009134615384615385
2019-11-30,V,0.0019230769230769232
2019-11-30,VMC,0.016826923076923076
2019-11-30,WEC,0.021153846153846155
2019-11-30,WU,0.021634615384615384
2019-11-30,XEL,0.0009615384615384616
2019-11-30,XRAY,0.011538461538461539
2019-11-30,ZTS,0.011057692307692308
2019-12-31,AAPL,0.012910798122065728
2019-12-31,AEP,0.008998435054773084
2019-12-31,AIZ,0.013693270735524257
2019-12-31,AJG,0.0035211267605633804
2019-12-31,AMAT,0.006259780907668232
2019-12-31,AMD,0.018779342723004695
2019-12-31,ANSS,0.01643192488262911
2019-12-31,APD,0.015258215962441314
2019-12-31,ARE,0.009780907668231613
2019-12-31,ARNC,0.011737089201877934
2019-12-31,AWK,0.003912363067292646
2019-12-31,AZO,0.021517996870109544
2019-12-31,BFB,0.018388106416275432
2019-12-31,CHTR,0.014084507042253521
2019-12-31,CINF,0.002347417840375586
2019-12-31,CMG,0.016040688575899843
2019-12-31,COST,0.005868544600938967
2019-12-31,CPRT,0.027777777777777776
2019-12-31,CTAS,0.010172143974960876
2019-12-31,DG,0.01564945226917058
2019-12-31,DHI,0.025821596244131457
2019-12-31,DHR,0.000782472613458529
2019-12-31,EQIX,0.023474178403755867
2019-12-31,ES,0.005477308294209703
2019-12-31,ETR,0.02621283255086072
2019-12-31,EW,0.008607198748043818
2019-12-31,FE,0.025039123630672927
2019-12-31,FIS,0.02034428794992175
2019-12-31,FISV,0.014475743348982786
2019-12-31,FLT,0.026604068857589983
2019-12-31,GPN,0.027386541471048513
2019-12-31,HIG,0.023865414710485134
2019-12-31,HLT,0.016823161189358372
2019-12-31,HSY,0.004303599374021909
2019-12-31,INFO,0.02269170579029734
2019-12-31,KEYS,0.00782472613458529
2019-12-31,KLAC,0.006651017214397495
2019-12-31,KMX,0.013302034428794992
2019-12-31,KSU,0.023082942097026604
2019-12-31,LIN,0.008215962441314555
2019-12-31,LMT,0.0011737089201877935
2019-12-31,LNT,0.003129890453834116
2019-12-31,LRCX,0.010954616588419406
2019-12-31,MA,0.02464788732394366
2019-12-31,MAA,0.02112676056338028
2019-12-31,MAS,0.0027386541471048514
2019-12-31,MCO,0.01056338028169014
2019-12-31,MLM,0.01486697965571205
2019-12-31,MMC,0.001564945226917058
2019-12-31,MSCI,0.01995305164319249
2019-12-31,MSFT,0.017605633802816902
2019-12-31,NEE,0.02543035993740219
2019-12-31,ORLY,0.005086071987480438
2019-12-31,PG,0.017214397496087636
2019-12-31,PHM,0.024256651017214397
2019-12-31,PLD,0.007433489827856025
2019-12-31,ROST,0.01134585289514867
2019-12-31,SBAC,0.0003912363067292632
2019-12-31,SHW,0.012128325508607199
2019-12-31,SNPS,0.022300469483568074
2019-12-31,SO,0.020735524256651018
2019-12-31,SPGI,0.019561815336463225
2019-12-31,SRE,0.01917057902973396
2019-12-31,TDG,0.017996870109546165
2019-12-31,TGT,0.02190923317683881
2019-12-31,TSN,0.007042253521126761
2019-12-31,V,0.012519561815336464
2019-12-31,VMC,0.009389671361502348
2019-12-31,WMT,0.004694835680751174
2019-12-31,WU,0.02699530516431925
2019-12-31,XRAY,0.001956181533646323
2020-01-31,AAPL,0.022898154477101845
2020-01-31,ACN,0.012645249487354751
2020-01-31,AEP,0.01367053998632946
2020-01-31,AIZ,0.00683526999316473
2020-01-31,AJG,0.018113465481886533
2020-01-31,ALLE,0.000683526999316473
2020-01-31,AMD,0.010936431989063569
2020-01-31,ANSS,0.00888585099111415
2020-01-31,AON,0.015037593984962405
2020-01-31,APD,0.010252904989747095
2020-01-31,ARNC,0.018796992481203006
2020-01-31,AWK,0.00580997949419002
2020-01-31,AZO,0.01948051948051948
2020-01-31,BFB,0.017429938482570063
2020-01-31,CHTR,0.014012303485987697
2020-01-31,COST,0.011961722488038277
2020-01-31,CPB,0.01469583048530417
2020-01-31,CPRT,0.025974025974025976
2020-01-31,CTAS,0.014354066985645933
2020-01-31,DG,0.0027341079972658926
2020-01-31,DHI,0.008202323991797676
2020-01-31,DHR,0.006151742993848257
2020-01-31,EL,0.009911141490088858
2020-01-31,EQIX,0.022556390977443608
2020-01-31,ES,0.009227614490772385
2020-01-31,ETR,0.023923444976076555
2020-01-31,FE,0.021189336978810664
2020-01-31,FIS,0.02323991797676008
2020-01-31,FLT,0.0051264524948735485
2020-01-31,GPN,0.024265208475734792
2020-01-31,HIG,0.007177033492822966
2020-01-31,HLT,0.021872863978127138
2020-01-31,HSY,0.008544087491455913
2020-01-31,ICE,0.004442925495557075
2020-01-31,INFO,0.025290498974709502
2020-01-31,KLAC,0.0017088174982911822
2020-01-31,KMB,0.001367053998632946
2020-01-31,KMX,0.002050580997949419
2020-01-31,KSU,0.0177717019822283
2020-01-31,LIN,0.009569377990430622
2020-01-31,LMT,0.0034176349965823654
2020-01-31,LNT,0.020847573479152427
2020-01-31,LRCX,0.0030758714969241286
2020-01-31,MA,0.02050580997949419
2020-01-31,MAA,0.01572112098427888
2020-01-31,MAS,0.00034176349965823636
2020-01-31,MCO,0.012303485987696514
2020-01-31,MDT,0.020164046479835954
2020-01-31,MLM,0.023581681476418318
2020-01-31,MMC,0.012987012987012988
2020-01-31,MSCI,0.004101161995898838
2020-01-31,MSFT,0.02460697197539303
2020-01-31,NEE,0.02563226247436774
2020-01-31,ORLY,0.005468215994531784
2020-01-31,PEP,0.006493506493506494
2020-01-31,PG,0.017088174982911826
2020-01-31,PHM,0.011278195488721804
2020-01-31,QRVO,0.004784688995215311
2020-01-31,RMD,0.015379357484620642
2020-01-31,RSG,0.010594668489405332
2020-01-31,RTN,0.0023923444976076554
2020-01-31,SHW,0.00786056049213944
2020-01-31,SNPS,0.013328776486671223
2020-01-31,SO,0.0215311004784689
2020-01-31,SPGI,0.016062884483937116
2020-01-31,SRE,0.02221462747778537
2020-01-31,SYY,0.01674641148325359
2020-01-31,T,0.01161995898838004
2020-01-31,TGT,0.01845522898154477
2020-01-31,TMO,0.0037593984962406013
2020-01-31,TROW,0.0010252904989747095
2020-01-31,V,0.019822282980177717
2020-01-31,VMC,0.016404647983595352
2020-01-31,WMT,0.007518796992481203
2020-01-31,WU,0.024948735475051265
2020-01-31,ZTS,0.019138755980861243
2020-02-29,AAPL,0.02061031564478991
2020-02-29,AEP,0.014839427264248735
2020-02-29,AJG,0.011541776761082348
2020-02-29,AMD,0.023495759835060498
2020-02-29,ANSS,0.011129570448186552
2020-02-29,AON,0.006183094693436973
2020-02-29,ARE,0.013190602012665541
2020-02-29,ARNC,0.015251633577144534
2020-02-29,AWK,0.005358682067645376
2020-02-29,BFB,0.008244126257915964
2020-02-29,CBOE,0.0008244126257915963
2020-02-29,CHTR,0.0226713472092689
2020-02-29,CMS,0.0024732378773747892
2020-02-29,COST,0.014427220951352935
2020-02-29,CPB,0.003709856816062184
2020-02-29,CPRT,0.025968997712435285
2020-02-29,CTAS,0.0070075073192285686
2020-02-29,DGX,0.006595301006332771
2020-02-29,DHI,0.01854928408031092
2020-02-29,DRE,0.011953983073978148
2020-02-29,EFX,0.004122063128957982
2020-02-29,EQIX,0.01772487145451932
2020-02-29,ES,0.017312665141623523
2020-02-29,ETR,0.022259140896373104
2020-02-29,EVRG,0.0016488252515831927
2020-02-29,FE,0.019373696706102513
2020-02-29,FIS,0.021846934583477303
2020-02-29,FISV,0.005770888380541174
2020-02-29,GPN,0.016488252515831928
2020-02-29,HSY,0.009892951509499157
2020-02-29,ICE,0.013602808325561341
2020-02-29,INFO,0.02679341033822688
2020-02-29,KMB,0.00041220631289579817
2020-02-29,KMX,0.010305157822394953
2020-02-29,KO,0.012366189386873946
2020-02-29,KSU,0.021022521957685707
2020-02-29,LMT,0.008656332570811762
2020-02-29,LNT,0.018961490393206718
2020-02-29,LRCX,0.007419713632124366
2020-02-29,MA,0.023907966147956296
2020-02-29,MAA,0.01607604620293613
2020-02-29,MCO,0.014015014638457139
2020-02-29,MDT,0.021434728270581505
2020-02-29,MLM,0.0020610315644789892
2020-02-29,MMC,0.016900458828727725
2020-02-29,MSCI,0.009480745196603359
2020-02-29,MSFT,0.023083553522164697
2020-02-29,NDAQ,0.002885444190270587
2020-02-29,NEE,0.02432017246085209
2020-02-29,PEP,0.007831919945020166
2020-02-29,PG,0.00906853888370756
2020-02-29,PHM,0.019785903018998314
2020-02-29,PLD,0.015663839890040332
2020-02-29,RMD,0.02514458508664369
2020-02-29,RSG,0.01813707776741512
2020-02-29,SBAC,0.00453426944185378
2020-02-29,SNPS,0.010717364135290753
2020-02-29,SO,0.025556791399539487
2020-02-29,SPGI,0.02019810933189411
2020-02-29,SRE,0.02473237877374789
2020-02-29,TDG,0.0012366189386873946
2020-02-29,V,0.012778395699769744
2020-02-29,WU,0.026381204025331083
2020-02-29,XEL,0.0032976505031663854
2020-02-29,ZTS,0.004946475754749578
2020-03-31,AJG,0.02824801121709246
2020-03-31,AMAT,0.014124005608546228
2020-03-31,AMD,0.05649602243418491
2020-03-31,AON,0.008474403365127737
2020-03-31,ARNC,0.05084642019076642
2020-03-31,CHTR,0.05367122131247567
2020-03-31,CTAS,0.03389761346051095
2020-03-31,EQIX,0.02542321009538321
2020-03-31,ES,0.002824801121709245
2020-03-31,FIS,0.03672241458222019
2020-03-31,GPN,0.04802161906905718
2020-03-31,INFO,0.022598408973673965
2020-03-31,LRCX,0.0310728123388017
2020-03-31,MCO,0.00564960224341849
2020-03-31,MSCI,0.03954721570392944
2020-03-31,MSFT,0.04519681794734793
2020-03-31,NEE,0.04237201682563868
2020-03-31,PHM,0.016948806730255474
2020-03-31,RMD,0.05932082355589416
2020-03-31,SBAC,0.01977360785196472
2020-03-31,ZTS,0.011299204486836982
2020-04-30,AMD,0.07893475383845518
2020-04-30,ATVI,0.013155792306409196
2020-04-30,EQIX,0.10524633845127357
2020-04-30,NEE,0.03946737691922759
2020-04-30,NEM,0.052623169225636784
2020-04-30,RMD,0.09209054614486438
2020-04-30,SBAC,0.06577896153204599
2020-04-30,VRTX,0.026311584612818392
2020-05-31,AAPL,0.024140985897179206
2020-05-31,AKAM,0.0034487122710256004
2020-05-31,AMD,0.039660191116794405
2020-05-31,ANSS,0.008621780677564002
2020-05-31,ATVI,0.03448712271025601
2020-05-31,CLX,0.006897424542051201
2020-05-31,COST,0.010346136813076801
2020-05-31,CPB,0.020692273626153602
2020-05-31,DG,0.013794849084102402
2020-05-31,DVA,0.0189679174906408
2020-05-31,EQIX,0.03621147884576881
2020-05-31,GILD,0.015519205219615202
2020-05-31,HUM,0.0051730684065384005
2020-05-31,KLAC,0.012070492948589603
2020-05-31,LLY,0.0017243561355128002
2020-05-31,MSCI,0.029314054303717606
2020-05-31,MSFT,0.0327627665747432
2020-05-31,NEM,0.031038410439230404
2020-05-31,NVDA,0.0379358349812816
2020-05-31,REGN,0.017243561355128004
2020-05-31,RMD,0.025865342032692
2020-05-31,SBAC,0.027589698168204807
2020-05-31,VRTX,0.022416629761666404
2020-06-30,AAPL,0.03373572103639111
2020-06-30,ADBE,0.013058988788280431
2020-06-30,AKAM,0.025029728510870822
2020-06-30,AMD,0.040265215430531326
2020-06-30,AMT,0.0152354869196605
2020-06-30,ANSS,0.011970739722590395
2020-06-30,ATVI,0.04135346449622136
2020-06-30,BMY,0.008705992525520286
2020-06-30,CCI,0.026117977576560862
2020-06-30,CHTR,0.01632373598535054
2020-06-30,CLX,0.031559222905011036
2020-06-30,CPB,0.02067673224811068
2020-06-30,CTXS,0.0021764981313800716
2020-06-30,DG,0.027206226642250895
2020-06-30,DVA,0.0032647471970701086
2020-06-30,EQIX,0.03917696636484129
2020-06-30,FTNT,0.02938272477363097
2020-06-30,GOOGL,0.0010882490656900358
2020-06-30,HUM,0.019588483182420645
2020-06-30,INTC,0.0065294943941402155
2020-06-30,JKHY,0.038088717299151253
2020-06-30,KLAC,0.021764981313800717
2020-06-30,KR,0.034823970102081145
2020-06-30,LLY,0.02394147944518079
2020-06-30,LRCX,0.017411985051040572
2020-06-30,MCO,0.010882490656900359
2020-06-30,MSCI,0.022853230379490753
2020-06-30,MSFT,0.03264747197070108
2020-06-30,NEE,0.00761774345983025
2020-06-30,NEM,0.014147237853970464
2020-06-30,NVDA,0.0424417135619114
2020-06-30,QRVO,0.005441245328450179
2020-06-30,REGN,0.03591221916777119
2020-06-30,RMD,0.02829447570794093
2020-06-30,SBAC,0.03700046823346122
2020-06-30,SNPS,0.009794241591210322
2020-06-30,SPGI,0.01850023411673061
2020-06-30,SWKS,0.004352996262760143
2020-06-30,VRTX,0.030470973839321
2020-07-31,AAPL,0.03724217510081419
2020-07-31,ABBV,0.018621087550407096
2020-07-31,ABC,0.0012414058366938066
2020-07-31,ADBE,0.026069522570569936
2020-07-31,ADSK,0.004965623346775226
2020-07-31,AMD,0.03600076926412039
2020-07-31,AMT,0.0024828116733876127
2020-07-31,AMZN,0.01737968171371329
2020-07-31,ANSS,0.023586710897182325
2020-07-31,ATVI,0.04469061012097703
2020-07-31,CCI,0.012414058366938065
2020-07-31,CLX,0.02979374008065136
2020-07-31,CPB,0.00372421751008142
2020-07-31,CTXS,0.008689840856856645
2020-07-31,DG,0.02482811673387613
2020-07-31,DVA,0.006207029183469033
2020-07-31,EA,0.027310928407263742
2020-07-31,EQIX,0.03972498677420181
2020-07-31,FAST,0.013655464203631871
2020-07-31,FTNT,0.022345305060488516
2020-07-31,JKHY,0.033517957590732776
2020-07-31,KLAC,0.016138275877019485
2020-07-31,KR,0.04344920428428323
2020-07-31,LLY,0.03475936342742658
2020-07-31,LRCX,0.02110389922379471
2020-07-31,MSCI,0.031035145917345165
2020-07-31,MSFT,0.040966392610895616
2020-07-31,NEM,0.028552334243957547
2020-07-31,NFLX,0.01489687004032568
2020-07-31,NVDA,0.04593201595767084
2020-07-31,PYPL,0.011172652530244258
2020-07-31,REGN,0.038483580937508005
2020-07-31,RMD,0.03227655175403897
2020-07-31,SNPS,0.019862493387100905
2020-07-31,TMO,0.009931246693550453
2020-07-31,TMUS,0.00744843502016284
2020-07-31,VRTX,0.04220779844758942
2020-08-31,A,0.012084720626423557
2020-08-31,AAPL,0.034832430040867904
2020-08-31,ABBV,0.013506452464826329
2020-08-31,ABC,0.01706078206083326
2020-08-31,ADBE,0.027012904929652658
2020-08-31,ADSK,0.014928184303229099
2020-08-31,AKAM,0.011373854707222172
2020-08-31,AMD,0.032699832283263744
2020-08-31,AMZN,0.027723770848854044
2020-08-31,ANSS,0.022747709414444345
2020-08-31,ATVI,0.035543295960069284
2020-08-31,BLK,0.009241256949618014
2020-08-31,CDNS,0.0199042457376388
2020-08-31,CHTR,0.0099521228688194
2020-08-31,CLX,0.03412156412166652
2020-08-31,CTXS,0.005686927353611086
2020-08-31,DHR,0.014217318384027714
2020-08-31,DLR,0.006397793272812472
2020-08-31,DVA,0.02416944125284711
2020-08-31,EA,0.03127810044486097
2020-08-31,EQIX,0.029145502687256814
2020-08-31,FAST,0.023458575333645728
2020-08-31,FTNT,0.017771647980034642
2020-08-31,IPGP,0.0035543295960069284
2020-08-31,ISRG,0.0021325977576041573
2020-08-31,JKHY,0.012795586545624942
2020-08-31,KLAC,0.007819525111215243
2020-08-31,KR,0.028434636768055428
2020-08-31,LIN,0.0049760614344097
2020-08-31,LLY,0.007108659192013856
2020-08-31,LRCX,0.026302039010451275
2020-08-31,MSCI,0.030567234525659587
2020-08-31,MSFT,0.029856368606458197
2020-08-31,MTD,0.010662988788020786
2020-08-31,NDAQ,0.0014217318384027715
2020-08-31,NEM,0.0248803071720485
2020-08-31,NFLX,0.03198896636406236
2020-08-31,NVDA,0.03625416187927068
2020-08-31,PKI,0.0007108659192013858
2020-08-31,PLD,0.004265195515208315
2020-08-31,PYPL,0.020615111656840185
2020-08-31,QRVO,0.016349916141631872
2020-08-31,REGN,0.03341069820246513
2020-08-31,RMD,0.02132597757604157
2020-08-31,ROL,0.019193379818437415
2020-08-31,SNPS,0.00853039103041663
2020-08-31,SPGI,0.002843463676805543
2020-08-31,SWKS,0.025591173091249888
2020-08-31,TMO,0.01848251389923603
2020-08-31,TMUS,0.015639050222430485
2020-08-31,VRTX,0.022036843495242958
2020-09-30,A,0.005662745977109707
2020-09-30,ABC,0.010295901776563102
2020-09-30,ABMD,0.006692336154766017
2020-09-30,ABT,0.0015443852664844653
2020-09-30,ADBE,0.028828524974376685
2020-09-30,ADSK,0.015443852664844654
2020-09-30,AKAM,0.011840287043047567
2020-09-30,AMD,0.029858115152032995
2020-09-30,AMZN,0.027798934796720378
2020-09-30,ANSS,0.020591803553126203
2020-09-30,ATVI,0.029343320063204843
2020-09-30,BLK,0.009266311598906793
2020-09-30,CDNS,0.02419536917492329
2020-09-30,CHTR,0.014929057576016497
2020-09-30,CLX,0.02625454953023591
2020-09-30,CMG,0.0010295901776563102
2020-09-30,COST,0.006177541065937861
2020-09-30,CRM,0.01698823793132912
2020-09-30,DG,0.008236721421250481
2020-09-30,DHR,0.010810696865391257
2020-09-30,DVA,0.021621393730782514
2020-09-30,EA,0.023680574086095134
2020-09-30,EQIX,0.025224959352579603
2020-09-30,FAST,0.018017828108985428
2020-09-30,FB,0.017503033020157273
2020-09-30,FTNT,0.013384672309532034
2020-09-30,GOOG,0.004118360710625241
2020-09-30,GOOGL,0.0036035656217970856
2020-09-30,HUM,0.016473442842500963
2020-09-30,IDXX,0.005147950888281551
2020-09-30,ISRG,0.0025739754441407754
2020-09-30,KR,0.02213618881961067
2020-09-30,LIN,0.0005147950888281551
2020-09-30,LLY,0.004633155799453397
2020-09-30,MCO,0.013899467398360189
2020-09-30,MKC,0.007721926332422327
2020-09-30,MNST,0.012355082131875722
2020-09-30,MSCI,0.02728413970789222
2020-09-30,MSFT,0.02831372988554853
2020-09-30,MTD,0.012869877220703877
2020-09-30,NDAQ,0.007207131243594171
2020-09-30,NEM,0.02316577899726698
2020-09-30,NFLX,0.030372910240861146
2020-09-30,NVDA,0.03088770532968931
2020-09-30,PYPL,0.024710164263751444
2020-09-30,QCOM,0.014414262487188342
2020-09-30,QRVO,0.011325491954219414
2020-09-30,REGN,0.026769344619064068
2020-09-30,RMD,0.0020591803553126203
2020-09-30,ROL,0.019047418286641738
2020-09-30,SBAC,0.009781106687734947
2020-09-30,SNPS,0.02007700846429805
2020-09-30,SPGI,0.015958647753672808
2020-09-30,SWKS,0.021106598641954362
2020-09-30,TMO,0.019562213375469893
2020-09-30,TMUS,0.022650983908438827
2020-09-30,TSCO,0.018532623197813586
2020-09-30,TTWO,0.0030887705329689305
2020-09-30,UNH,0.008751516510078636
2020-09-30,VRTX,0.025739754441407754
2020-10-31,A,0.014242824155755198
2020-10-31,ABC,0.0017091388986906243
2020-10-31,ABT,0.004557703729841663
2020-10-31,ADBE,0.031903926108891645
2020-10-31,ADSK,0.013103398223294782
2020-10-31,AKAM,0.015382250088215615
2020-10-31,AMD,0.03133421314266144
2020-10-31,AMZN,0.029055361277740603
2020-10-31,ANSS,0.02221880568297811
2020-10-31,APD,0.011963972290834365
2020-10-31,ATVI,0.03076450017643123
2020-10-31,CCI,0.0022788518649208317
2020-10-31,CDNS,0.026776509412819772
2020-10-31,CHRW,0.0011394259324604159
2020-10-31,CLX,0.028485648311510396
2020-10-31,CMG,0.009685120425913536
2020-10-31,COST,0.010254833392143742
2020-10-31,CRM,0.0074062685609927025
2020-10-31,DG,0.01937024085182707
2020-10-31,DHR,0.026206796446589565
2020-10-31,DVA,0.022788518649208316
2020-10-31,EA,0.019939953818057278
2020-10-31,EQIX,0.02506737051412915
2020-10-31,EXPD,0.009115407459683327
2020-10-31,FDX,0.017661101953136443
2020-10-31,HUM,0.006836555594762494
2020-10-31,IDXX,0.0034182777973812473
2020-10-31,KR,0.025637083480359358
2020-10-31,LLY,0.003987990763611456
2020-10-31,LOW,0.0005697129662302079
2020-10-31,MCO,0.006266842628532288
2020-10-31,MNST,0.015951963054445822
2020-10-31,MSCI,0.03019478721020102
2020-10-31,MSFT,0.02734622237904998
2020-10-31,MTD,0.01880052788559686
2020-10-31,NEM,0.021079379750517695
2020-10-31,NFLX,0.03247363907512185
2020-10-31,NKE,0.01367311118952499
2020-10-31,NVDA,0.03304335204135206
2020-10-31,PGR,0.01652167602067603
2020-10-31,PKI,0.007975981527222911
2020-10-31,PYPL,0.02791593534528019
2020-10-31,QCOM,0.012533685257064575
2020-10-31,QRVO,0.008545694493453118
2020-10-31,REGN,0.02449765754789894
2020-10-31,ROL,0.010824546358373951
2020-10-31,SBAC,0.02962507424397081
2020-10-31,SNPS,0.023358231615438523
2020-10-31,SPGI,0.014812537121985405
2020-10-31,SWKS,0.017091388986906236
2020-10-31,TGT,0.005127416696071871
2020-10-31,TMO,0.02392794458166873
2020-10-31,TMUS,0.020509666784287485
2020-10-31,TSCO,0.021649092716747902
2020-10-31,TTWO,0.01139425932460416
2020-10-31,VRTX,0.018230814919366654
2020-10-31,WMT,0.0028485648311510395
2020-10-31,ZTS,0.005697129662302079
2020-11-30,A,0.014301787682497423
2020-11-30,ABC,0.0009863301849998222
2020-11-30,ABT,0.005917981109998934
2020-11-30,ADBE,0.019233438607496534
2020-11-30,ALB,0.006904311294998756
2020-11-30,ALGN,0.011342797127497957
2020-11-30,AMD,0.022192429162496002
2020-11-30,AMZN,0.026137749902495292
2020-11-30,ATVI,0.024658254624995556
2020-11-30,AWK,0.01282229240499769
2020-11-30,BLK,0.005424816017499023
2020-11-30,BLL,0.019726603699996445
2020-11-30,CDNS,0.02515141971749547
2020-11-30,CHD,0.003945320739999289
2020-11-30,CHTR,0.010849632034998046
2020-11-30,CL,0.012329127312497778
2020-11-30,CLX,0.027124080087495114
2020-11-30,CMG,0.011835962219997867
2020-11-30,COST,0.01726077823749689
2020-11-30,CRM,0.004931650924999111
2020-11-30,CTVA,0.006411146202498845
2020-11-30,DE,0.014794952774997336
2020-11-30,DG,0.023178759347495824
2020-11-30,DHR,0.028603575364994846
2020-11-30,DVA,0.0004931650924999108
2020-11-30,EQIX,0.020712933884996267
2020-11-30,EXPD,0.008383806572498488
2020-11-30,FB,0.002958990554999467
2020-11-30,FCX,0.0014794952774997334
2020-11-30,FDX,0.018740273514996623
2020-11-30,IDXX,0.027617245179995024
2020-11-30,IPGP,0.0024658254624995556
2020-11-30,LOW,0.0019726603699996444
2020-11-30,MNST,0.007890641479998578
2020-11-30,MSCI,0.02021976879249636
2020-11-30,MSFT,0.017753943329996802
2020-11-30,MTD,0.02169926406999609
2020-11-30,MXIM,0.0044384858324992005
2020-11-30,NEM,0.02416508953249565
2020-11-30,NFLX,0.029096740457494757
2020-11-30,NKE,0.009863301849998223
2020-11-30,NOW,0.028110410272494935
2020-11-30,NVDA,0.02958990554999467
2020-11-30,PGR,0.015781282959997155
2020-11-30,PKI,0.013315457497497601
2020-11-30,PWR,0.015288117867497245
2020-11-30,PYPL,0.022685594254995913
2020-11-30,QCOM,0.018247108422496713
2020-11-30,RMD,0.008876971664998401
2020-11-30,ROL,0.02564458480999538
2020-11-30,SNPS,0.023671924439995735
2020-11-30,SWKS,0.013808622589997512
2020-11-30,TMO,0.026630914994995203
2020-11-30,TMUS,0.02120609897749618
2020-11-30,TSCO,0.01627444805249707
2020-11-30,TTWO,0.007397476387498668
2020-11-30,VRSK,0.003452155647499378
2020-11-30,WMT,0.010356466942498133
2020-11-30,XLNX,0.009370136757498312
2020-11-30,ZTS,0.016767613144996977
2020-12-31,A,0.014629049111807733
2020-12-31,ABC,0.01671891327063741
2020-12-31,ABMD,0.01044932079414838
2020-12-31,ABT,0.0060083594566353185
2020-12-31,ADBE,0.016457680250783698
2020-12-31,ADSK,0.013322884012539185
2020-12-31,ALB,0.013584117032392894
2020-12-31,ALGN,0.013845350052246604
2020-12-31,AMD,0.018547544409613374
2020-12-31,AMZN,0.019331243469174503
2020-12-31,ANSS,0.011494252873563218
2020-12-31,ATVI,0.017502612330198536
2020-12-31,AVGO,0.0018286311389759666
2020-12-31,AWK,0.010710553814002089
2020-12-31,BLK,0.014106583072100314
2020-12-31,BLL,0.02089864158829676
2020-12-31,CAT,0.0013061650992685476
2020-12-31,CCI,0.00522466039707419
2020-12-31,CDNS,0.020637408568443052
2020-12-31,CHD,0.001567398119122257
2020-12-31,CHTR,0.012800417972831766
2020-12-31,CL,0.015151515151515152
2020-12-31,CMG,0.012016718913270637
2020-12-31,CMI,0.004702194357366771
2020-12-31,COST,0.019070010449320794
2020-12-31,CRM,0.007575757575757576
2020-12-31,CTVA,0.004440961337513062
2020-12-31,DE,0.01698014629049112
2020-12-31,DG,0.020114942528735632
2020-12-31,DHR,0.017763845350052248
2020-12-31,DVA,0.01619644723092999
2020-12-31,EA,0.0007836990595611285
2020-12-31,EBAY,0.0028735632183908046
2020-12-31,ETN,0.008098223615464995
2020-12-31,EXPD,0.0002612330198537103
2020-12-31,FAST,0.008359456635318705
2020-12-31,FB,0.004963427377220481
2020-12-31,FCX,0.01018808777429467
2020-12-31,FDX,0.019853709508881923
2020-12-31,GLW,0.0005224660397074191
2020-12-31,GOOG,0.007053291536050157
2020-12-31,GOOGL,0.006530825496342737
2020-12-31,HD,0.003134796238244514
2020-12-31,IDXX,0.02246603970741902
2020-12-31,INFO,0.0041797283176593526
2020-12-31,INTU,0.008881922675026124
2020-12-31,IPGP,0.009404388714733543
2020-12-31,J,0.0023510971786833857
2020-12-31,KLAC,0.0109717868338558
2020-12-31,LB,0.012277951933124347
2020-12-31,LRCX,0.011755485893416929
2020-12-31,MCK,0.008620689655172414
2020-12-31,MKTX,0.005747126436781609
2020-12-31,MNST,0.009143155694879833
2020-12-31,MSCI,0.02115987460815047
2020-12-31,MSFT,0.01541274817136886
2020-12-31,MTD,0.018286311389759665
2020-12-31,MXIM,0.009926854754440962
2020-12-31,NFLX,0.022204806687565307
2020-12-31,NKE,0.009665621734587251
2020-12-31,NOW,0.0219435736677116
2020-12-31,NVDA,0.022727272727272728
2020-12-31,PGR,0.0036572622779519337
2020-12-31,PKI,0.007836990595611285
2020-12-31,PWR,0.017241379310344827
2020-12-31,PYPL,0.02037617554858934
2020-12-31,QCOM,0.018808777429467086
2020-12-31,QRVO,0.0010449320794148381
2020-12-31,RMD,0.012539184952978056
2020-12-31,ROL,0.021421107628004178
2020-12-31,SHW,0.0054858934169279
2020-12-31,SNPS,0.019592476489028215
2020-12-31,SPGI,0.003918495297805642
2020-12-31,STE,0.006269592476489028
2020-12-31,TGT,0.006792058516196447
2020-12-31,TMO,0.018025078369905956
2020-12-31,TMUS,0.02168234064785789
2020-12-31,TSCO,0.01593521421107628
2020-12-31,TTWO,0.014890282131661442
2020-12-31,TWTR,0.0073145245559038665
2020-12-31,TXN,0.002612330198537095
2020-12-31,UPS,0.01123301985370951
2020-12-31,VRSK,0.013061650992685475
2020-12-31,WMT,0.01567398119122257
2020-12-31,XLNX,0.014367816091954023
2020-12-31,ZBRA,0.0020898641588296763
2020-12-31,ZTS,0.0033960292580982234
2021-01-31,A,0.01657310879443999
2021-01-31,ABC,0.0024057738572574178
2021-01-31,ABMD,0.012028869286287089
2021-01-31,ABT,0.0018711574445335472
2021-01-31,ADBE,0.0136327185244587
2021-01-31,ADSK,0.012296177492649024
2021-01-31,ALB,0.010692328254477412
2021-01-31,ALGN,0.019780807270783213
2021-01-31,ALXN,0.011494252873563218
2021-01-31,AMAT,0.0013365410318096765
2021-01-31,AMD,0.016305800588078054
2021-01-31,AMZN,0.01710772520716386
2021-01-31,ANSS,0.006148088746324512
2021-01-31,AOS,0.00400962309542903
2021-01-31,ATVI,0.021919272921678695
2021-01-31,AVGO,0.010157711841753542
2021-01-31,BLK,0.009890403635391606
2021-01-31,BLL,0.010959636460839348
2021-01-31,CAT,0.016840417000801924
2021-01-31,CDNS,0.02218658112804063
2021-01-31,CHTR,0.0016038492381716118
2021-01-31,CL,0.0005346164127238706
2021-01-31,CMG,0.0090884790163058
2021-01-31,CMI,0.010425020048115477
2021-01-31,COST,0.009623095429029671
2021-01-31,CTVA,0.0048115477145148355
2021-01-31,DE,0.020850040096230954
2021-01-31,DG,0.01764234161988773
2021-01-31,DHR,0.011761561079925154
2021-01-31,DVA,0.015503875968992248
2021-01-31,EA,0.007217321571772253
2021-01-31,EBAY,0.005078855920876771
2021-01-31,EL,0.006415396952686447
2021-01-31,ETN,0.0021384656508954825
2021-01-31,EXPD,0.014701951349906442
2021-01-31,FAST,0.00801924619085806
2021-01-31,FCX,0.0181769580326116
2021-01-31,FDX,0.017375033413525795
2021-01-31,FFIV,0.0010692328254477412
2021-01-31,GWW,0.002673082063619353
2021-01-31,IDXX,0.0227211975407645
2021-01-31,INTU,0.0045442395081529
2021-01-31,IPGP,0.01871157444533547
2021-01-31,ISRG,0.012830793905372895
2021-01-31,KEYS,0.008821170809943865
2021-01-31,KLAC,0.014434643143544507
2021-01-31,LIN,0.0008019246190858059
2021-01-31,LRCX,0.006950013365410318
2021-01-31,MKTX,0.01256348569901096
2021-01-31,MNST,0.007751937984496124
2021-01-31,MSCI,0.02058273188986902
2021-01-31,MSFT,0.00855386260358193
2021-01-31,MTD,0.019513499064421277
2021-01-31,MU,0.0002673082063619353
2021-01-31,MXIM,0.013900026730820636
2021-01-31,NFLX,0.022453889334402566
2021-01-31,NKE,0.01603849238171612
2021-01-31,NOW,0.017909649826249666
2021-01-31,NVDA,0.022988505747126436
2021-01-31,ORCL,0.006682705159048383
2021-01-31,PKG,0.015236567762630313
2021-01-31,PKI,0.014167334937182571
2021-01-31,PWR,0.020048115477145148
2021-01-31,PYPL,0.021384656508954825
2021-01-31,QCOM,0.020315423683507083
2021-01-31,QRVO,0.009355787222667736
2021-01-31,RMD,0.005346164127238706
2021-01-31,SHW,0.0037423148890670943
2021-01-31,SIVB,0.004276931301790965
2021-01-31,SNPS,0.02111734830259289
2021-01-31,SWKS,0.0032076984763432237
2021-01-31,TGT,0.013365410318096765
2021-01-31,TMO,0.018444266238973536
2021-01-31,TMUS,0.02165196471531676
2021-01-31,TSCO,0.015771184175354183
2021-01-31,TTWO,0.019246190858059342
2021-01-31,TWTR,0.01309810211173483
2021-01-31,TXN,0.007484629778134189
2021-01-31,UNH,0.005880780539962577
2021-01-31,UPS,0.014969259556268377
2021-01-31,URI,0.011226944667201283
2021-01-31,VRSK,0.0029403902699812884
2021-01-31,WMT,0.008286554397219995
2021-01-31,XLNX,0.018978882651697407
2021-01-31,ZBRA,0.0056134723336006415
2021-01-31,ZTS,0.003475006682705159
2021-02-28,A,0.019620253164556962
2021-02-28,ABC,0.008544303797468355
2021-02-28,ABMD,0.02120253164556962
2021-02-28,ABT,0.018987341772151896
2021-02-28,ADM,0.0037974683544303796
2021-02-28,ALB,0.009177215189873418
2021-02-28,ALGN,0.02341772151898734
2021-02-28,ALXN,0.008860759493670886
2021-02-28,AMAT,0.0031645569620253164
2021-02-28,AMD,0.006645569620253165
2021-02-28,AMZN,0.01550632911392405
2021-02-28,ANET,0.0006329113924050633
2021-02-28,ANSS,0.01139240506329114
2021-02-28,AOS,0.00949367088607595
2021-02-28,ATVI,0.020253164556962026
2021-02-28,AVGO,0.016772151898734176
2021-02-28,AWK,0.004746835443037975
2021-02-28,BLK,0.013291139240506329
2021-02-28,CAT,0.02278481012658228
2021-02-28,CDNS,0.024050632911392405
2021-02-28,CMG,0.015822784810126583
2021-02-28,CMI,0.015189873417721518
2021-02-28,COST,0.002215189873417721
2021-02-28,CTVA,0.007911392405063292
2021-02-28,DD,0.010443037974683544
2021-02-28,DE,0.024683544303797468
2021-02-28,DHR,0.019936708860759492
2021-02-28,DVA,0.012658227848101266
2021-02-28,EA,0.007594936708860759
2021-02-28,EBAY,0.00569620253164557
2021-02-28,EQIX,0.006962025316455696
2021-02-28,EXPD,0.004430379746835444
2021-02-28,FCX,0.021518987341772152
2021-02-28,FDX,0.006329113924050632
2021-02-28,FFIV,0.006012658227848101
2021-02-28,GLW,0.004113924050632912
2021-02-28,IDXX,0.024367088607594938
2021-02-28,ILMN,0.010126582278481013
2021-02-28,IP,0.00031645569620253165
2021-02-28,IPGP,0.018037974683544303
2021-02-28,JBHT,0.0009493670886075949
2021-02-28,KEYS,0.011075949367088608
2021-02-28,KLAC,0.020569620253164556
2021-02-28,KR,0.005379746835443038
2021-02-28,LLY,0.012025316455696202
2021-02-28,LOW,0.002848101265822785
2021-02-28,LRCX,0.0034810126582278476
2021-02-28,MKTX,0.008227848101265823
2021-02-28,MSFT,0.014556962025316455
2021-02-28,MTD,0.023101265822784812
2021-02-28,MXIM,0.014240506329113924
2021-02-28,NFLX,0.018354430379746836
2021-02-28,NKE,0.01170886075949367
2021-02-28,NOW,0.01930379746835443
2021-02-28,NVDA,0.021835443037974682
2021-02-28,NWL,0.0012658227848101266
2021-02-28,PCAR,0.005063291139240506
2021-02-28,PKG,0.018670886075949366
2021-02-28,PKI,0.016139240506329113
2021-02-28,PWR,0.01740506329113924
2021-02-28,PYPL,0.022151898734177215
2021-02-28,QCOM,0.023734177215189875
2021-02-28,QRVO,0.012341772151898734
2021-02-28,SIVB,0.016455696202531647
2021-02-28,SNPS,0.022468354430379745
2021-02-28,SWKS,0.01708860759493671
2021-02-28,TGT,0.017721518987341773
2021-02-28,TMO,0.025
2021-02-28,TMUS,0.0015822784810126597
2021-02-28,TSCO,0.014873417721518987
2021-02-28,TTWO,0.02088607594936709
2021-02-28,TXN,0.010759493670886076
2021-02-28,UNH,0.002531645569620253
2021-02-28,UPS,0.01360759493670886
2021-02-28,URI,0.013924050632911392
2021-02-28,VIAC,0.0018987341772151898
2021-02-28,WMT,0.007278481012658228
2021-02-28,XLNX,0.012974683544303797
2021-02-28,ZBRA,0.009810126582278481
2021-03-31,A,0.0190990990990991
2021-03-31,ABMD,0.006846846846846846
2021-03-31,ADM,0.021261261261261263
2021-03-31,AES,0.01009009009009009
2021-03-31,ALB,0.012972972972972972
2021-03-31,ALGN,0.025945945945945945
2021-03-31,AMAT,0.017297297297297298
2021-03-31,AMP,0.010810810810810811
2021-03-31,AOS,0.009369369369369369
2021-03-31,APTV,0.02054054054054054
2021-03-31,ATVI,0.006486486486486486
2021-03-31,AVGO,0.021981981981981983
2021-03-31,AVY,0.014054054054054054
2021-03-31,BLK,0.0025225225225225228
2021-03-31,CAT,0.024504504504504504
2021-03-31,CDNS,0.022702702702702703
2021-03-31,CE,0.0018018018018018018
2021-03-31,CMG,0.011171171171171172
2021-03-31,CMI,0.020900900900900903
2021-03-31,CTVA,0.018378378378378378
2021-03-31,DE,0.025585585585585584
2021-03-31,DFS,0.007207207207207207
2021-03-31,DISCA,0.010450450450450451
2021-03-31,DISCK,0.001081081081081081
2021-03-31,EMN,0.015135135135135135
2021-03-31,ETN,0.004324324324324324
2021-03-31,EXPE,0.005765765765765766
2021-03-31,F,0.016936936936936937
2021-03-31,FCX,0.02666666666666667
2021-03-31,FDX,0.0036036036036036037
2021-03-31,FITB,0.002882882882882883
2021-03-31,FRC,0.005045045045045045
2021-03-31,GLW,0.0075675675675675675
2021-03-31,GM,0.007927927927927928
2021-03-31,GOOG,0.003963963963963964
2021-03-31,GOOGL,0.003243243243243243
2021-03-31,GPS,0.01945945945945946
2021-03-31,GS,0.002162162162162162
2021-03-31,IDXX,0.024864864864864864
2021-03-31,IPGP,0.017657657657657658
2021-03-31,IR,0.0007207207207207207
2021-03-31,JCI,0.016216216216216217
2021-03-31,KLAC,0.022342342342342343
2021-03-31,LB,0.023063063063063063
2021-03-31,LRCX,0.013333333333333336
2021-03-31,MCHP,0.0014414414414414415
2021-03-31,MOS,0.016576576576576577
2021-03-31,MS,0.009009009009009009
2021-03-31,MTD,0.00972972972972973
2021-03-31,MU,0.008288288288288289
2021-03-31,MXIM,0.01981981981981982
2021-03-31,NOW,0.015495495495495495
2021-03-31,NVDA,0.018018018018018018
2021-03-31,NWS,0.006126126126126126
2021-03-31,NWSA,0.012252252252252252
2021-03-31,PKG,0.004684684684684685
2021-03-31,PNR,0.00036036036036036037
2021-03-31,PWR,0.023783783783783784
2021-03-31,PYPL,0.024144144144144144
2021-03-31,QCOM,0.008648648648648649
2021-03-31,QRVO,0.015855855855855857
2021-03-31,RF,0.005405405405405406
2021-03-31,SIVB,0.025225225225225224
2021-03-31,SNPS,0.014414414414414415
2021-03-31,SWKS,0.021621621621621623
2021-03-31,TEL,0.011531531531531532
2021-03-31,TGT,0.014774774774774775
2021-03-31,TPR,0.013693693693693694
2021-03-31,TSCO,0.011891891891891892
2021-03-31,TWTR,0.018738738738738738
2021-03-31,TXN,0.012612612612612612
2021-03-31,URI,0.023423423423423424
2021-03-31,VIAC,0.026306306306306305
2021-03-31,ZBRA,0.02018018018018018
2021-04-30,A,0.01541274817136886
2021-04-30,ADM,0.01698014629049112
2021-04-30,AES,0.018547544409613374
2021-04-30,ALB,0.0054858934169279006
2021-04-30,ALGN,0.019592476489028215
2021-04-30,AMAT,0.018025078369905956
2021-04-30,AMP,0.019331243469174503
2021-04-30,AOS,0.004963427377220481
2021-04-30,AVGO,0.013845350052246604
2021-04-30,AVY,0.015151515151515152
2021-04-30,CARR,0.020637408568443052
2021-04-30,CAT,0.0219435736677116
2021-04-30,CBRE,0.0041797283176593526
2021-04-30,CE,0.013061650992685475
2021-04-30,CFG,0.014890282131661442
2021-04-30,CMA,0.017502612330198536
2021-04-30,CMI,0.007314524555903867
2021-04-30,COF,0.008881922675026124
2021-04-30,CTVA,0.01593521421107628
2021-04-30,DE,0.02246603970741902
2021-04-30,DFS,0.018286311389759665
2021-04-30,DOW,0.00026123301985370953
2021-04-30,EMN,0.001306165099268548
2021-04-30,ETN,0.013584117032392894
2021-04-30,EXPE,0.009404388714733543
2021-04-30,F,0.02115987460815047
2021-04-30,FBHS,0.008620689655172414
2021-04-30,FCX,0.022204806687565307
2021-04-30,FDX,0.0109717868338558
2021-04-30,FITB,0.017241379310344827
2021-04-30,GLW,0.01619644723092999
2021-04-30,GM,0.018808777429467086
2021-04-30,GPS,0.021421107628004178
2021-04-30,GRMN,0.007575757575757576
2021-04-30,GS,0.0010449320794148381
2021-04-30,HBAN,0.007836990595611285
2021-04-30,HBI,0.0020898641588296763
2021-04-30,HPQ,0.007053291536050157
2021-04-30,HWM,0.005747126436781609
2021-04-30,IDXX,0.00626959247648903
2021-04-30,IP,0.01018808777429467
2021-04-30,IPG,0.004702194357366771
2021-04-30,IVZ,0.019070010449320794
2021-04-30,J,0.0018286311389759666
2021-04-30,JCI,0.022727272727272728
2021-04-30,JPM,0.0007836990595611285
2021-04-30,KEY,0.0033960292580982234
2021-04-30,KLAC,0.014629049111807733
2021-04-30,KSU,0.01567398119122257
2021-04-30,LB,0.02168234064785789
2021-04-30,LRCX,0.013322884012539185
2021-04-30,MHK,0.009926854754440962
2021-04-30,MLM,0.010710553814002089
2021-04-30,MOS,0.02089864158829676
2021-04-30,MS,0.006530825496342737
2021-04-30,MTD,0.004440961337513062
2021-04-30,MXIM,0.008098223615464995
2021-04-30,NSC,0.0023510971786833857
2021-04-30,NWL,0.008359456635318705
2021-04-30,NWS,0.0060083594566353185
2021-04-30,NWSA,0.014367816091954023
2021-04-30,PH,0.006792058516196447
2021-04-30,PNR,0.017763845350052248
2021-04-30,PPG,0.009143155694879833
2021-04-30,PWR,0.020114942528735632
2021-04-30,PYPL,0.0005224660397074206
2021-04-30,QRVO,0.009665621734587251
2021-04-30,RF,0.01044932079414838
2021-04-30,RJF,0.01671891327063741
2021-04-30,SIVB,0.019853709508881923
2021-04-30,SNA,0.011755485893416929
2021-04-30,SWK,0.016457680250783698
2021-04-30,SWKS,0.012800417972831766
2021-04-30,SYF,0.012539184952978056
2021-04-30,TEL,0.012016718913270637
2021-04-30,TGT,0.00522466039707419
2021-04-30,TPR,0.01123301985370951
2021-04-30,TRV,0.0036572622779519333
2021-04-30,TSCO,0.0015673981191222566
2021-04-30,TT,0.014106583072100314
2021-04-30,TXN,0.012277951933124347
2021-04-30,TXT,0.011494252873563218
2021-04-30,UAA,0.003134796238244514
2021-04-30,URI,0.02037617554858934
2021-04-30,VIAC,0.003918495297805642
2021-04-30,VMC,0.0028735632183908046
2021-04-30,WHR,0.002612330198537095
2021-05-31,A,0.003105590062111802
2021-05-31,ADM,0.015527950310559006
2021-05-31,AES,0.019827998088867656
2021-05-31,ALGN,0.018872431915910176
2021-05-31,AMAT,0.009077878643096034
2021-05-31,AMP,0.01433349259436216
2021-05-31,APTV,0.012422360248447204
2021-05-31,AVGO,0.004777830864787388
2021-05-31,AVY,0.01743908265647396
2021-05-31,BLK,0.0016722408026755853
2021-05-31,CARR,0.016483516483516484
2021-05-31,CAT,0.019350215002388916
2021-05-31,CBRE,0.008361204013377926
2021-05-31,CDW,0.007405637840420449
2021-05-31,CE,0.011466794075489728
2021-05-31,CFG,0.014811275680840898
2021-05-31,CMA,0.0179168657429527
2021-05-31,CMI,0.013139034878165312
2021-05-31,COF,0.01839464882943144
2021-05-31,CTVA,0.015050167224080268
2021-05-31,DE,0.0210224558050645
2021-05-31,DFS,0.019111323459149548
2021-05-31,DOV,0.002866698518872432
2021-05-31,DRI,0.005972288580984233
2021-05-31,DXC,0.001433349259436216
2021-05-31,EMN,0.00692785475394171
2021-05-31,ETN,0.013616817964644052
2021-05-31,EXPE,0.0009555661729574779
2021-05-31,F,0.012661251791686574
2021-05-31,FCX,0.021739130434782608
2021-05-31,FDX,0.007644529383659818
2021-05-31,FITB,0.021261347348303872
2021-05-31,FRC,0.006450071667462972
2021-05-31,GLW,0.011944577161968466
2021-05-31,GM,0.007883420926899188
2021-05-31,GOOG,0.0023889154323936935
2021-05-31,GOOGL,0.002150023889154324
2021-05-31,GPS,0.020783564261825132
2021-05-31,HBAN,0.005494505494505495
2021-05-31,HBI,0.012900143334925944
2021-05-31,HPQ,0.016005733397037744
2021-05-31,HWM,0.0033444816053511705
2021-05-31,IDXX,0.005016722408026756
2021-05-31,IP,0.016244624940277116
2021-05-31,IPG,0.010272336359292882
2021-05-31,IVZ,0.020544672718585764
2021-05-31,J,0.0011944577161968467
2021-05-31,JCI,0.02150023889154324
2021-05-31,KEY,0.009794553272814142
2021-05-31,KSU,0.011227902532250358
2021-05-31,L,0.003822264691829909
2021-05-31,LB,0.018155757286192068
2021-05-31,LRCX,0.009555661729574774
2021-05-31,MAA,0.00023889154323936931
2021-05-31,MET,0.004061156235069279
2021-05-31,MHK,0.00716674629718108
2021-05-31,MLM,0.013377926421404682
2021-05-31,MOS,0.020305781175346392
2021-05-31,MTD,0.0019111323459149545
2021-05-31,MXIM,0.005255613951266125
2021-05-31,NSC,0.009316770186335404
2021-05-31,NWL,0.010033444816053512
2021-05-31,PNR,0.014572384137601528
2021-05-31,PPG,0.004538939321548017
2021-05-31,PRU,0.0026278069756330625
2021-05-31,PVH,0.011705685618729096
2021-05-31,PWR,0.019589106545628284
2021-05-31,QRVO,0.01051122790253225
2021-05-31,RF,0.01385570950788342
2021-05-31,RJF,0.015766841853798376
2021-05-31,SCHW,0.008838987099856666
2021-05-31,SIVB,0.020066889632107024
2021-05-31,SNA,0.017677974199713332
2021-05-31,SWK,0.005733397037744864
2021-05-31,SYF,0.017200191113234592
2021-05-31,TEL,0.01075011944577162
2021-05-31,TFC,0.004300047778308648
2021-05-31,TPR,0.018633540372670808
2021-05-31,TT,0.01409460105112279
2021-05-31,TXN,0.006211180124223602
2021-05-31,TXT,0.008122312470138558
2021-05-31,UA,0.015289058767319636
2021-05-31,UAA,0.016961299569995224
2021-05-31,UPS,0.00358337314859054
2021-05-31,URI,0.016722408026755852
2021-05-31,USB,0.00047778308647873863
2021-05-31,VMC,0.012183468705207836
2021-05-31,WHR,0.01098901098901099
2021-05-31,WRK,0.006688963210702341
2021-05-31,WY,0.000716674629718108
2021-05-31,XYL,0.008600095556617296
2021-06-30,A,0.014407814407814409
2021-06-30,ADM,0.01684981684981685
2021-06-30,AES,0.003907203907203907
2021-06-30,ALGN,0.013186813186813187
2021-06-30,AMAT,0.003418803418803419
2021-06-30,AMP,0.01611721611721612
2021-06-30,APTV,0.012942612942612943
2021-06-30,AVY,0.017826617826617826
2021-06-30,BAC,0.002197802197802198
2021-06-30,BLK,0.004395604395604396
2021-06-30,BRKB,0.0014652014652014652
2021-06-30,CARR,0.014896214896214897
2021-06-30,CAT,0.02026862026862027
2021-06-30,CBRE,0.007081807081807082
2021-06-30,CE,0.015873015873015872
2021-06-30,CFG,0.014652014652014652
2021-06-30,CINF,0.002686202686202686
2021-06-30,CMA,0.017582417582417582
2021-06-30,CMI,0.011477411477411478
2021-06-30,COF,0.021245421245421246
2021-06-30,CTVA,0.0017094017094017103
2021-06-30,DE,0.01978021978021978
2021-06-30,DFS,0.01855921855921856
2021-06-30,DOV,0.0019536019536019536
2021-06-30,DXC,0.010500610500610501
2021-06-30,EMN,0.013675213675213675
2021-06-30,ETN,0.011233211233211233
2021-06-30,EXR,0.005372405372405372
2021-06-30,F,0.015384615384615385
2021-06-30,FCX,0.021733821733821733
2021-06-30,FDX,0.00757020757020757
2021-06-30,FITB,0.02148962148962149
2021-06-30,FRC,0.011965811965811967
2021-06-30,GM,0.012454212454212455
2021-06-30,GOOG,0.0002442002442002442
2021-06-30,GOOGL,0.0004884004884004884
2021-06-30,GPS,0.010256410256410256
2021-06-30,GS,0.00463980463980464
2021-06-30,HBAN,0.009523809523809525
2021-06-30,HCA,0.006349206349206349
2021-06-30,IP,0.01904761904761905
2021-06-30,IPG,0.01391941391941392
2021-06-30,IRM,0.0029304029304029304
2021-06-30,IVZ,0.018315018315018316
2021-06-30,J,0.006593406593406593
2021-06-30,JCI,0.02197802197802198
2021-06-30,JPM,0.005860805860805861
2021-06-30,KEY,0.01221001221001221
2021-06-30,KSU,0.013431013431013432
2021-06-30,L,0.007814407814407814
2021-06-30,LB,0.020512820512820513
2021-06-30,LKQ,0.008302808302808303
2021-06-30,MAA,0.004884004884004884
2021-06-30,MET,0.003663003663003663
2021-06-30,MLM,0.00805860805860806
2021-06-30,MOS,0.021001221001221003
2021-06-30,MSI,0.006105006105006105
2021-06-30,MXIM,0.006837606837606838
2021-06-30,NSC,0.008791208791208791
2021-06-30,NUE,0.008547008547008548
2021-06-30,NWSA,0.004151404151404151
2021-06-30,PNC,0.001221001221001221
2021-06-30,PNR,0.020024420024420026
2021-06-30,PPG,0.005128205128205128
2021-06-30,PRU,0.010744810744810745
2021-06-30,PVH,0.009768009768009768
2021-06-30,PWR,0.018803418803418803
2021-06-30,RF,0.017094017094017096
2021-06-30,RJF,0.01514041514041514
2021-06-30,SCHW,0.016361416361416362
2021-06-30,SEE,0.005616605616605617
2021-06-30,SIVB,0.020757020757020756
2021-06-30,SNA,0.019291819291819293
2021-06-30,STX,0.002442002442002442
2021-06-30,SYF,0.016605616605616606
2021-06-30,TEL,0.010012210012210013
2021-06-30,TFC,0.007326007326007326
2021-06-30,TGT,0.01098901098901099
2021-06-30,TPR,0.018070818070818073
2021-06-30,TT,0.01733821733821734
2021-06-30,TXN,0.0009768009768009768
2021-06-30,TXT,0.009035409035409036
2021-06-30,UA,0.00927960927960928
2021-06-30,UAA,0.012698412698412698
2021-06-30,UNM,0.0031746031746031746
2021-06-30,URI,0.014163614163614164
2021-06-30,VMC,0.011721611721611722
2021-06-30,WHR,0.0007326007326007317
2021-06-30,WRK,0.01562881562881563
2021-06-30,XYL,0.019536019536019536
2021-07-31,A,0.018386108273748723
2021-07-31,ADI,0.0002553626149131767
2021-07-31,AES,0.013789581205311542
2021-07-31,ALGN,0.015832482124616958
2021-07-31,AMAT,0.008171603677221655
2021-07-31,AMP,0.014044943820224719
2021-07-31,AOS,0.006639427987742594
2021-07-31,APTV,0.019152196118488254
2021-07-31,AVGO,0.0056179775280898875
2021-07-31,AVY,0.01710929519918284
2021-07-31,BLK,0.001787538304392237
2021-07-31,CARR,0.010980592441266599
2021-07-31,CAT,0.007150153217568948
2021-07-31,CBRE,0.013534218590398366
2021-07-31,CFG,0.012002042900919305
2021-07-31,CMA,0.011235955056179775
2021-07-31,COF,0.02247191011235955
2021-07-31,DE,0.016598569969356484
2021-07-31,DFS,0.021450459652706845
2021-07-31,DOV,0.00076608784473953
2021-07-31,DRI,0.01251276813074566
2021-07-31,DVN,0.006894790602655771
2021-07-31,DXC,0.014300306435137897
2021-07-31,ETN,0.013278855975485188
2021-07-31,EXR,0.014555669050051075
2021-07-31,F,0.016853932584269662
2021-07-31,FCX,0.020429009193054137
2021-07-31,FITB,0.01940755873340143
2021-07-31,FOXA,0.003319713993871297
2021-07-31,FRC,0.010214504596527068
2021-07-31,GE,0.006384065372829418
2021-07-31,GM,0.017620020429009193
2021-07-31,GOOG,0.009703779366700716
2021-07-31,GOOGL,0.009448416751787538
2021-07-31,GPS,0.019918283963227784
2021-07-31,GS,0.01481103166496425
2021-07-31,HWM,0.005873340143003065
2021-07-31,INTU,0.0028089887640449437
2021-07-31,IP,0.019662921348314606
2021-07-31,IPG,0.012257405515832482
2021-07-31,IT,0.007405515832482125
2021-07-31,IVZ,0.021961184882533197
2021-07-31,JCI,0.022216547497446375
2021-07-31,JPM,0.0012768130745658838
2021-07-31,KEYS,0.01174668028600613
2021-07-31,LB,0.013023493360572012
2021-07-31,LKQ,0.0040858018386108275
2021-07-31,MAA,0.01557711950970378
2021-07-31,MGM,0.006128702757916241
2021-07-31,MHK,0.015321756894790603
2021-07-31,MLM,0.009193054136874362
2021-07-31,MOS,0.016087844739530132
2021-07-31,MS,0.004851889683350358
2021-07-31,MSI,0.017364657814096015
2021-07-31,MXIM,0.0020429009193054133
2021-07-31,NTAP,0.0005107252298263534
2021-07-31,NUE,0.007916241062308479
2021-07-31,NVDA,0.0015321756894790602
2021-07-31,NWL,0.0010214504596527069
2021-07-31,OKE,0.008426966292134831
2021-07-31,PAYX,0.003575076608784474
2021-07-31,PNC,0.010469867211440245
2021-07-31,PNR,0.018896833503575076
2021-07-31,PRU,0.004341164453524004
2021-07-31,PSA,0.01634320735444331
2021-07-31,PVH,0.007660878447395302
2021-07-31,PWR,0.018130745658835545
2021-07-31,RF,0.005362614913176711
2021-07-31,RJF,0.01787538304392237
2021-07-31,SCHW,0.02170582226762002
2021-07-31,SEE,0.008937691521961185
2021-07-31,SIVB,0.021195097037793667
2021-07-31,SPG,0.008682328907048007
2021-07-31,STX,0.009959141981613892
2021-07-31,SYF,0.02093973442288049
2021-07-31,TEL,0.0038304392236976504
2021-07-31,TGT,0.0186414708886619
2021-07-31,TPR,0.020684371807967315
2021-07-31,TT,0.0030643513789581217
2021-07-31,TXN,0.011491317671092951
2021-07-31,TXT,0.010725229826353423
2021-07-31,UA,0.004596527068437181
2021-07-31,UAA,0.0022982635342185895
2021-07-31,URI,0.012768130745658836
2021-07-31,VMC,0.0025536261491317675
2021-07-31,WAT,0.005107252298263534
2021-07-31,WRK,0.015066394279877425
2021-07-31,XYL,0.02017364657814096
2021-08-31,A,0.021981330924420357
2021-08-31,ADI,0.0018066847335140017
2021-08-31,ADP,0.011141222523336344
2021-08-31,ALB,0.0057211683227943394
2021-08-31,ALGN,0.022282445046672688
2021-08-31,AMAT,0.012947907256850346
2021-08-31,AMP,0.017163504968383016
2021-08-31,AOS,0.0021077988557663355
2021-08-31,APTV,0.020174646190906354
2021-08-31,AVY,0.018669075579644687
2021-08-31,CARR,0.021077988557663355
2021-08-31,CBRE,0.018970189701897018
2021-08-31,CDW,0.010538994278831678
2021-08-31,CE,0.0027100271002710027
2021-08-31,CMA,0.004516711833785004
2021-08-31,COF,0.02408912978018669
2021-08-31,DE,0.00662451068955134
2021-08-31,DFS,0.02318578741342969
2021-08-31,DHR,0.0009033423667570009
2021-08-31,DOV,0.007527853056308341
2021-08-31,DXC,0.008130081300813009
2021-08-31,ETN,0.012646793134598013
2021-08-31,EXR,0.01987353206865402
2021-08-31,F,0.01084010840108401
2021-08-31,FCX,0.015657934357121348
2021-08-31,FITB,0.013550135501355014
2021-08-31,FRC,0.015959048479373683
2021-08-31,FTNT,0.015055706112616682
2021-08-31,GE,0.005118940078289672
2021-08-31,GM,0.00331225534477567
2021-08-31,GOOG,0.009635651912074676
2021-08-31,GOOGL,0.011743450767841012
2021-08-31,GRMN,0.006323396567299007
2021-08-31,GS,0.012345679012345678
2021-08-31,HCA,0.010237880156579343
2021-08-31,IDXX,0.017765733212887685
2021-08-31,INTU,0.0015055706112616681
2021-08-31,IP,0.011442336645588679
2021-08-31,IPG,0.019572417946401688
2021-08-31,IT,0.014754591990364349
2021-08-31,IVZ,0.022884673291177358
2021-08-31,JCI,0.024390243902439025
2021-08-31,KEYS,0.020475760313158686
2021-08-31,KLAC,0.002408912978018669
2021-08-31,LH,0.02077687443541102
2021-08-31,LRCX,0.0036133694670280035
2021-08-31,MAA,0.021379102679915687
2021-08-31,MHK,0.019271303824149353
2021-08-31,MLM,0.01746461909063535
2021-08-31,MS,0.006925624811803674
2021-08-31,MSI,0.015356820234869015
2021-08-31,MTD,0.006022282445046673
2021-08-31,NDAQ,0.004215597711532671
2021-08-31,NUE,0.012044564890093345
2021-08-31,OKE,0.013851249623607348
2021-08-31,ORCL,0.004817825956037338
2021-08-31,PAYX,0.01324902137910268
2021-08-31,PNC,0.00030111412225233315
2021-08-31,PNR,0.023788015657934355
2021-08-31,PSA,0.01656127672387835
2021-08-31,PWR,0.001204456489009336
2021-08-31,RHI,0.00993676603432701
2021-08-31,RJF,0.01415236374585968
2021-08-31,SCHW,0.016862390846130684
2021-08-31,SIVB,0.018066847335140017
2021-08-31,SPG,0.0030111412225233367
2021-08-31,STX,0.009334537789822343
2021-08-31,SYF,0.016260162601626018
2021-08-31,TEL,0.008732309545317675
2021-08-31,TGT,0.014453477868112014
2021-08-31,TPR,0.018367961457392352
2021-08-31,TROW,0.009033423667570008
2021-08-31,TT,0.023486901535682024
2021-08-31,TXT,0.000602228244504668
2021-08-31,UA,0.007226738934056007
2021-08-31,UAA,0.007828967178560674
2021-08-31,URI,0.005420054200542005
2021-08-31,VMC,0.008431195423065342
2021-08-31,WAT,0.02168021680216802
2021-08-31,WFC,0.003914483589280337
2021-08-31,XYL,0.022583559168925023
2021-09-30,A,0.022556390977443608
2021-09-30,AIG,0.003417634996582365
2021-09-30,ALB,0.010936431989063569
2021-09-30,ALGN,0.016062884483937116
2021-09-30,AMAT,0.005468215994531784
2021-09-30,AMP,0.018796992481203006
2021-09-30,AVY,0.011961722488038277
2021-09-30,BLK,0.008544087491455913
2021-09-30,CARR,0.019822282980177717
2021-09-30,CBRE,0.01367053998632946
2021-09-30,CDW,0.009227614490772385
2021-09-30,CMA,0.00888585099111415
2021-09-30,COF,0.024948735475051265
2021-09-30,DE,0.005126452494873548
2021-09-30,DFS,0.021189336978810664
2021-09-30,DOV,0.00786056049213944
2021-09-30,DRE,0.0030758714969241286
2021-09-30,DVN,0.009911141490088858
2021-09-30,EMR,0.004784688995215311
2021-09-30,ETN,0.01469583048530417
2021-09-30,EXR,0.02221462747778537
2021-09-30,FCX,0.004101161995898838
2021-09-30,FITB,0.010252904989747095
2021-09-30,FRC,0.016404647983595352
2021-09-30,FTNT,0.023923444976076555
2021-09-30,GE,0.025974025974025976
2021-09-30,GOOG,0.02050580997949419
2021-09-30,GOOGL,0.021872863978127138
2021-09-30,GRMN,0.019138755980861243
2021-09-30,GS,0.01674641148325359
2021-09-30,HCA,0.012987012987012988
2021-09-30,IDXX,0.010594668489405332
2021-09-30,INTU,0.01161995898838004
2021-09-30,IPG,0.023581681476418318
2021-09-30,IQV,0.002050580997949419
2021-09-30,IRM,0.012645249487354751
2021-09-30,IT,0.0215311004784689
2021-09-30,IVZ,0.0177717019822283
2021-09-30,JCI,0.02563226247436774
2021-09-30,KEYS,0.02323991797676008
2021-09-30,LH,0.024265208475734792
2021-09-30,LKQ,0.012303485987696514
2021-09-30,MAA,0.01948051948051948
2021-09-30,MHK,0.013328776486671223
2021-09-30,MLM,0.0003417634996582368
2021-09-30,MS,0.015379357484620642
2021-09-30,MSFT,0.0017088174982911825
2021-09-30,MSI,0.020164046479835954
2021-09-30,MTD,0.00683526999316473
2021-09-30,NDAQ,0.017088174982911826
2021-09-30,NTAP,0.0037593984962406013
2021-09-30,NUE,0.015037593984962405
2021-09-30,OKE,0.014354066985645933
2021-09-30,PNR,0.02460697197539303
2021-09-30,PRU,0.0023923444976076554
2021-09-30,PSA,0.009569377990430622
2021-09-30,PWR,0.014012303485987697
2021-09-30,RHI,0.008202323991797676
2021-09-30,RJF,0.018113465481886533
2021-09-30,ROK,0.001367053998632946
2021-09-30,SCHW,0.01572112098427888
2021-09-30,SIVB,0.01845522898154477
2021-09-30,SPG,0.006151742993848257
2021-09-30,SYF,0.011278195488721804
2021-09-30,TEL,0.0027341079972658926
2021-09-30,TROW,0.020847573479152427
2021-09-30,TT,0.017429938482570063
2021-09-30,TXT,0.007518796992481203
2021-09-30,UA,0.004442925495557075
2021-09-30,UAA,0.0010252904989747095
2021-09-30,URI,0.007177033492822967
2021-09-30,WAT,0.025290498974709502
2021-09-30,WST,0.000683526999316473
2021-09-30,XYL,0.022898154477101845
2021-09-30,ZBRA,0.006493506493506494
2021-09-30,ZION,0.00580997949419002
2021-10-31,ALB,0.0011273050481685372
2021-10-31,AMP,0.021418795915202193
2021-10-31,BAC,0.011273050481685363
2021-10-31,CBOE,0.007891135337179755
2021-10-31,CBRE,0.016345923198443777
2021-10-31,CMA,0.005072872716758414
2021-10-31,COF,0.029309931252381946
2021-10-31,DFS,0.010145745433516828
2021-10-31,DVN,0.029873583776466213
2021-10-31,EOG,0.006763830289011219
2021-10-31,EQR,0.002818262620421341
2021-10-31,FANG,0.027618973680129142
2021-10-31,FITB,0.02198244843928646
2021-10-31,FOXA,0.01803688077069658
2021-10-31,FTNT,0.030437236300550483
2021-10-31,GE,0.03156454134871902
2021-10-31,GOOG,0.011836703005769632
2021-10-31,GOOGL,0.017473228246612314
2021-10-31,GS,0.01972783834294939
2021-10-31,HCA,0.023673406011539264
2021-10-31,HES,0.0005636525240842682
2021-10-31,INTU,0.022546100963370726
2021-10-31,IPG,0.02818262620421341
2021-10-31,IRM,0.014654965626190973
2021-10-31,IT,0.02874627872829768
2021-10-31,JCI,0.0248007110597078
2021-10-31,JPM,0.00901844038534829
2021-10-31,KEYS,0.0022546100963370744
2021-10-31,MAA,0.025928016107876338
2021-10-31,MOS,0.023109753487454997
2021-10-31,MPC,0.00620017776492695
2021-10-31,MRO,0.025364363583792068
2021-10-31,MS,0.020855143391117922
2021-10-31,MSI,0.012964008053938169
2021-10-31,NDAQ,0.03100088882463475
2021-10-31,NTAP,0.01916418581886512
2021-10-31,ODFL,0.004509220192674145
2021-10-31,OKE,0.026491668631960605
2021-10-31,OXY,0.0073274828130954865
2021-10-31,PNC,0.0033819151445056094
2021-10-31,PNR,0.00958209290943256
2021-10-31,PRU,0.013527660578022438
2021-10-31,PWR,0.015218618150275242
2021-10-31,PXD,0.010709397957601096
2021-10-31,REG,0.008454787861264024
2021-10-31,RHI,0.016909575722528047
2021-10-31,SCHW,0.0056365252408426825
2021-10-31,SIVB,0.027055321156044875
2021-10-31,SPG,0.014091313102106704
2021-10-31,SYF,0.024237058535623534
2021-10-31,TXT,0.01578227067435951
2021-10-31,UDR,0.0039455676685898776
2021-10-31,URI,0.0124003555298539
2021-10-31,WFC,0.020291490867033656
2021-10-31,XOM,0.0016909575722528047
2021-10-31,ZION,0.01860053329478085
2021-11-30,AAP,0.00901476102717895
2021-11-30,AMP,0.0180295220543579
2021-11-30,AON,0.010302584031061657
2021-11-30,AZO,0.004722017680903259
2021-11-30,BAC,0.011161132700316795
2021-11-30,CBOE,0.018458796388985465
2021-11-30,CBRE,0.0060098406847859664
2021-11-30,CINF,0.006868389354041104
2021-11-30,CMA,0.019746619392868175
2021-11-30,COF,0.01287823003882707
2021-11-30,DVN,0.023180814069888728
2021-11-30,DXCM,0.02103444239675088
2021-11-30,EXR,0.018888070723613037
2021-11-30,F,0.0030049203423929832
2021-11-30,FANG,0.016312424715847623
2021-11-30,FITB,0.01717097338510276
2021-11-30,FOXA,0.011590407034944364
2021-11-30,FRC,0.02232226540063359
2021-11-30,FTNT,0.027473557416164415
2021-11-30,GE,0.026615008746909277
2021-11-30,GOOG,0.02017589372749574
2021-11-30,GOOGL,0.024039362739143866
2021-11-30,GS,0.015453876046592483
2021-11-30,HCA,0.008156212357923812
2021-11-30,INTU,0.024897911408399004
2021-11-30,IPG,0.012448955704199502
2021-11-30,IQV,0.002575646007765414
2021-11-30,IRM,0.021892991066006017
2021-11-30,IT,0.02575646007765414
2021-11-30,JCI,0.02446863707377143
2021-11-30,KEYS,0.005151292015530828
2021-11-30,KSU,0.003863469011648121
2021-11-30,LH,0.013736778708082207
2021-11-30,LKQ,0.017600247719730327
2021-11-30,LLY,0.001287823003882707
2021-11-30,MAA,0.02532718574302657
2021-11-30,MMC,0.009873309696434088
2021-11-30,MOS,0.020605168062123314
2021-11-30,MRO,0.012019681369571933
2021-11-30,MS,0.0008585486692551381
2021-11-30,MSFT,0.015024601711964914
2021-11-30,MSI,0.01588315038122005
2021-11-30,NDAQ,0.027044283081536846
2021-11-30,ODFL,0.01674169905047519
2021-11-30,OKE,0.019317345058240603
2021-11-30,ORCL,0.023610088404516293
2021-11-30,ORLY,0.003434194677020552
2021-11-30,PLD,0.001717097338510276
2021-11-30,PNR,0.014166053042709776
2021-11-30,PRU,0.00042927433462756903
2021-11-30,PSA,0.006439115019413535
2021-11-30,PWR,0.022751539735261155
2021-11-30,PXD,0.007297663688668673
2021-11-30,RHI,0.010731858365689226
2021-11-30,SCHW,0.009444035361806519
2021-11-30,SIVB,0.026185734412281707
2021-11-30,SPG,0.00429274334627569
2021-11-30,TROW,0.007726938023296242
2021-11-30,TSCO,0.02146371673137845
2021-11-30,WAT,0.014595327377337345
2021-11-30,WFC,0.013307504373454638
2021-11-30,WST,0.005580566350158397
2021-11-30,XOM,0.00858548669255138
2021-11-30,ZION,0.002146371673137845
2021-12-31,ALB,0.012549019607843137
2021-12-31,AMAT,0.01803921568627451
2021-12-31,AMP,0.007058823529411765
2021-12-31,AVB,0.03137254901960784
2021-12-31,AZO,0.0015686274509803923
2021-12-31,CBOE,0.0203921568627451
2021-12-31,COST,0.000784313725490196
2021-12-31,DVN,0.0392156862745098
2021-12-31,EQR,0.02666666666666667
2021-12-31,ESS,0.02431372549019608
2021-12-31,EXR,0.023529411764705882
2021-12-31,F,0.02588235294117647
2021-12-31,FANG,0.022745098039215685
2021-12-31,FRT,0.011764705882352941
2021-12-31,FTNT,0.038431372549019606
2021-12-31,GE,0.03686274509803922
2021-12-31,GOOG,0.017254901960784313
2021-12-31,GOOGL,0.0196078431372549
2021-12-31,HD,0.002352941176470588
2021-12-31,INTU,0.029019607843137254
2021-12-31,IRM,0.01647058823529412
2021-12-31,IT,0.02980392156862745
2021-12-31,JCI,0.03529411764705882
2021-12-31,JNPR,0.01568627450980392
2021-12-31,KEYS,0.010980392156862745
2021-12-31,KIM,0.018823529411764704
2021-12-31,KLAC,0.027450980392156862
2021-12-31,LH,0.013333333333333334
2021-12-31,LKQ,0.025098039215686273
2021-12-31,LOW,0.004705882352941176
2021-12-31,MAA,0.03607843137254902
2021-12-31,MMC,0.00392156862745098
2021-12-31,MRO,0.006274509803921568
2021-12-31,MSFT,0.009411764705882352
2021-12-31,MSI,0.02823529411764706
2021-12-31,NDAQ,0.03764705882352941
2021-12-31,ODFL,0.03294117647058824
2021-12-31,OKE,0.014901960784313726
2021-12-31,ORLY,0.005490196078431373
2021-12-31,PLD,0.01411764705882353
2021-12-31,PNR,0.01019607843137255
2021-12-31,PWR,0.003137254901960783
2021-12-31,REG,0.021176470588235293
2021-12-31,RHI,0.03372549019607843
2021-12-31,SIVB,0.02196078431372549
2021-12-31,SPG,0.03215686274509804
2021-12-31,STX,0.00784313725490196
2021-12-31,TSCO,0.034509803921568626
2021-12-31,UDR,0.03058823529411765
2021-12-31,WST,0.008627450980392156
2022-01-31,AAP,0.013053850637355651
2022-01-31,ACN,0.017685862153836687
2022-01-31,ADP,0.013474942593399382
2022-01-31,AMAT,0.004210919560437308
2022-01-31,AMP,0.008842931076918343
2022-01-31,AVB,0.027370977142842493
2022-01-31,AVGO,0.0021054597802186536
2022-01-31,AZO,0.020212413890099073
2022-01-31,CBOE,0.01894913802196788
2022-01-31,CBRE,0.011369482813180728
2022-01-31,CF,0.0033687356483498455
2022-01-31,COST,0.020633505846142805
2022-01-31,DRE,0.01389603454944311
2022-01-31,DVN,0.028213161054929957
2022-01-31,EQR,0.021475689758230262
2022-01-31,ESS,0.023160057582405188
2022-01-31,ETN,0.001263275868131192
2022-01-31,EXR,0.02442333345053638
2022-01-31,F,0.01221166672526819
2022-01-31,FRT,0.017264770197792958
2022-01-31,FTNT,0.028634253010973686
2022-01-31,GE,0.02484442540658011
2022-01-31,GOOG,0.008000747164830882
2022-01-31,GOOGL,0.01263275868131192
2022-01-31,GPC,0.0008421839120874614
2022-01-31,HD,0.006737471296699691
2022-01-31,INFO,0.016001494329661765
2022-01-31,INTU,0.022317873670317727
2022-01-31,IPG,0.007579655208787152
2022-01-31,IQV,0.0029476436923061146
2022-01-31,IR,0.00631637934065596
2022-01-31,IRM,0.003789827604393576
2022-01-31,IT,0.026949885186798764
2022-01-31,JCI,0.022738965626361456
2022-01-31,JNPR,0.007158563252743421
2022-01-31,KEYS,0.008421839120874615
2022-01-31,KIM,0.010527298901093267
2022-01-31,KLAC,0.015580402373618034
2022-01-31,LKQ,0.023581149538448917
2022-01-31,LOW,0.004632011516481038
2022-01-31,MAA,0.026107701274711303
2022-01-31,MMC,0.021054597802186534
2022-01-31,MSI,0.02652879323075503
2022-01-31,NDAQ,0.02779206909888622
2022-01-31,NUE,0.011790574769224458
2022-01-31,ODFL,0.024002241494492645
2022-01-31,ORLY,0.021896781714273995
2022-01-31,PAYX,0.014738218461530573
2022-01-31,PFE,0.002526551736262384
2022-01-31,PFG,0.010948390857136997
2022-01-31,PLD,0.01684367824174923
2022-01-31,PSA,0.015159310417574304
2022-01-31,PWR,0.005053103472524768
2022-01-31,REG,0.01979132193405534
2022-01-31,RHI,0.01810695410988042
2022-01-31,RSG,0.014317126505486843
2022-01-31,SCHW,0.005474195428568499
2022-01-31,SEE,0.0016843678241749227
2022-01-31,SPG,0.019370229978011612
2022-01-31,SPGI,0.010106206945049536
2022-01-31,STX,0.009264023032962075
2022-01-31,TSCO,0.02568660931866757
2022-01-31,TXT,0.01852804606592415
2022-01-31,UDR,0.02526551736262384
2022-01-31,WFC,0.0004210919560437307
2022-01-31,WM,0.009685114989005806
2022-01-31,WST,0.005895287384612229
2022-01-31,ZTS,0.016422586285705497
2022-02-28,AAP,0.021258503401360544
2022-02-28,AAPL,0.017857142857142856
2022-02-28,AFL,0.013605442176870748
2022-02-28,AMP,0.007653061224489796
2022-02-28,AVB,0.03826530612244898
2022-02-28,AZO,0.036564625850340135
2022-02-28,BK,0.011054421768707483
2022-02-28,BRKB,0.017006802721088437
2022-02-28,CF,0.002551020408163265
2022-02-28,CNP,0.02465986394557823
2022-02-28,COP,0.004251700680272109
2022-02-28,COST,0.03231292517006803
2022-02-28,CVS,0.034013605442176874
2022-02-28,DVN,0.04081632653061224
2022-02-28,EOG,0.0017006802721088435
2022-02-28,EQR,0.02891156462585034
2022-02-28,ESS,0.01870748299319728
2022-02-28,EXC,0.03486394557823129
2022-02-28,EXR,0.016156462585034014
2022-02-28,F,0.022108843537414966
2022-02-28,FANG,0.02040816326530612
2022-02-28,FTNT,0.026360544217687076
2022-02-28,GE,0.039965986394557826
2022-02-28,HSY,0.0391156462585034
2022-02-28,IT,0.0195578231292517
2022-02-28,JNPR,0.03571428571428571
2022-02-28,KIM,0.0034013605442176874
2022-02-28,LKQ,0.006802721088435375
2022-02-28,LOW,0.01445578231292517
2022-02-28,MAA,0.02976190476190476
2022-02-28,MCD,0.00935374149659864
2022-02-28,MCK,0.03316326530612245
2022-02-28,NI,0.011904761904761904
2022-02-28,NTAP,0.00510204081632653
2022-02-28,ORLY,0.027210884353741496
2022-02-28,PEP,0.023809523809523808
2022-02-28,PFE,0.012755102040816327
2022-02-28,PG,0.005952380952380952
2022-02-28,PLD,0.031462585034013606
2022-02-28,PSA,0.02806122448979592
2022-02-28,RHI,0.025510204081632654
2022-02-28,RSG,0.02295918367346939
2022-02-28,SCHW,0.0008503401360544218
2022-02-28,SEE,0.03741496598639456
2022-02-28,TSCO,0.01020408163265306
2022-02-28,TSN,0.015306122448979591
2022-02-28,UDR,0.030612244897959183
2022-02-28,WFC,0.008503401360544218
2022-03-31,AAPL,0.017718715393133997
2022-03-31,ABBV,0.016611295681063124
2022-03-31,ADM,0.028792912513842746
2022-03-31,AMP,0.005537098560354375
2022-03-31,APA,0.042081949058693245
2022-03-31,AVB,0.03211517165005537
2022-03-31,AXP,0.02768549280177187
2022-03-31,BRKB,0.018826135105204873
2022-03-31,CF,0.03875968992248062
2022-03-31,CMA,0.02547065337763012
2022-03-31,COP,0.03765227021040975
2022-03-31,COST,0.03986710963455149
2022-03-31,CVS,0.021040974529346623
2022-03-31,CVX,0.029900332225913623
2022-03-31,DVN,0.046511627906976744
2022-03-31,EOG,0.009966777408637873
2022-03-31,FANG,0.036544850498338874
2022-03-31,FITB,0.0011074197120708748
2022-03-31,FTNT,0.04097452934662237
2022-03-31,GD,0.012181616832779624
2022-03-31,GE,0.04540420819490587
2022-03-31,HSY,0.035437430786267994
2022-03-31,JNPR,0.024363233665559248
2022-03-31,KIM,0.0022148394241417496
2022-03-31,LYV,0.01107419712070875
2022-03-31,MAA,0.023255813953488372
2022-03-31,MCK,0.03433001107419712
2022-03-31,MOS,0.008859357696566999
2022-03-31,MPC,0.031007751937984496
2022-03-31,MRO,0.044296788482835
2022-03-31,NOC,0.006644518272425249
2022-03-31,PKI,0.004429678848283499
2022-03-31,PLD,0.007751937984496124
2022-03-31,PSA,0.026578073089700997
2022-03-31,PXD,0.0221483942414175
2022-03-31,RHI,0.04318936877076412
2022-03-31,RTX,0.014396456256921373
2022-03-31,SCHW,0.0033222591362126247
2022-03-31,SEE,0.03322259136212625
2022-03-31,WFC,0.015503875968992248
2022-03-31,WMB,0.013289036544850499
2022-03-31,ZION,0.019933554817275746
2022-04-30,AAPL,0.012244897959183673
2022-04-30,ABBV,0.026122448979591838
2022-04-30,ABC,0.004081632653061225
2022-04-30,ADM,0.022857142857142857
2022-04-30,APA,0.037551020408163265
2022-04-30,AVB,0.026938775510204082
2022-04-30,AVGO,0.004897959183673469
2022-04-30,AZO,0.0163265306122449
2022-04-30,BKR,0.029387755102040815
2022-04-30,BRKB,0.017959183673469388
2022-04-30,CF,0.035918367346938776
2022-04-30,CNP,0.007346938775510204
2022-04-30,COP,0.03510204081632653
2022-04-30,COST,0.03428571428571429
2022-04-30,CVS,0.010612244897959184
2022-04-30,CVX,0.03346938775510204
2022-04-30,DVN,0.04
2022-04-30,EOG,0.015510204081632653
2022-04-30,EQR,0.0016326530612244899
2022-04-30,FANG,0.018775510204081632
2022-04-30,FTNT,0.024489795918367346
2022-04-30,GD,0.014693877551020407
2022-04-30,GE,0.036734693877551024
2022-04-30,HAL,0.027755102040816326
2022-04-30,HSY,0.0326530612244898
2022-04-30,JNPR,0.03183673469387755
2022-04-30,KR,0.025306122448979593
2022-04-30,LLY,0.0236734693877551
2022-04-30,LYV,0.013877551020408163
2022-04-30,MAA,0.0032653061224489806
2022-04-30,MCK,0.03836734693877551
2022-04-30,MOS,0.022040816326530613
2022-04-30,MPC,0.030204081632653063
2022-04-30,MRO,0.03918367346938775
2022-04-30,NUE,0.017142857142857144
2022-04-30,OKE,0.02122448979591837
2022-04-30,OXY,0.031020408163265307
2022-04-30,PAYX,0.00816326530612245
2022-04-30,PLD,0.006530612244897959
2022-04-30,PSA,0.013061224489795919
2022-04-30,PXD,0.02857142857142857
2022-04-30,REGN,0.019591836734693877
2022-04-30,RHI,0.009795918367346938
2022-04-30,SEE,0.011428571428571427
2022-04-30,SLB,0.0008163265306122449
2022-04-30,UDR,0.0024489795918367346
2022-04-30,WAB,0.005714285714285714
2022-04-30,WMB,0.02040816326530612
2022-04-30,XOM,0.008979591836734694
2022-05-31,ABBV,0.002691301571507737
2022-05-31,ABC,0.029604317286585108
2022-05-31,ADM,0.02287606335781577
2022-05-31,APA,0.0430608251441238
2022-05-31,AZO,0.028258666500831243
2022-05-31,CF,0.03633257121535446
2022-05-31,CNP,0.01076520628603095
2022-05-31,COP,0.037678222001108326
2022-05-31,COST,0.03094996807233898
2022-05-31,CTVA,0.024221714143569634
2022-05-31,CVX,0.040369523572616056
2022-05-31,DLTR,0.03498692042960058
2022-05-31,DVN,0.0470977775013854
2022-05-31,ED,0.005382603143015475
2022-05-31,EOG,0.006728253928769343
2022-05-31,FANG,0.016147809429046426
2022-05-31,GD,0.018839111000554163
2022-05-31,HAL,0.012110857071784817
2022-05-31,HSY,0.041715174358369925
2022-05-31,KIM,0.008073904714523213
2022-05-31,KR,0.0215304125720619
2022-05-31,LLY,0.02691301571507737
2022-05-31,MCK,0.04575212671563154
2022-05-31,MOS,0.01749346021480029
2022-05-31,MPC,0.03229561885809285
2022-05-31,MRO,0.04440647592987767
2022-05-31,OXY,0.039023872786862195
2022-05-31,PG,0.009419555500277082
2022-05-31,PLD,0.014802158643292557
2022-05-31,PSA,0.013456507857538685
2022-05-31,PXD,0.033641269643846713
2022-05-31,REGN,0.004036952357261606
2022-05-31,VRTX,0.0013456507857538688
2022-05-31,WMB,0.020184761786308028
2022-05-31,XOM,0.025567364929323502
2022-06-30,ABC,0.018126804914357284
2022-06-30,ADM,0.02416907321914305
2022-06-30,APA,0.032225430958857396
2022-06-30,AZO,0.012084536609571525
2022-06-30,BKR,0.01107749189210723
2022-06-30,CB,0.008056357739714349
2022-06-30,CF,0.026183162654071633
2022-06-30,CNP,0.017119760196892993
2022-06-30,COP,0.027190207371535928
2022-06-30,CTVA,0.028197252089000223
2022-06-30,CVX,0.03021134152392881
2022-06-30,DLTR,0.021147939066750165
2022-06-30,DVN,0.03323247567632169
2022-06-30,ED,0.023162028501678755
2022-06-30,EOG,0.013091581327035817
2022-06-30,FANG,0.009063402457178642
2022-06-30,HAL,0.014098626044500111
2022-06-30,HSY,0.010070447174642935
2022-06-30,KR,0.0020140894349285864
2022-06-30,L,0.0060422683047857625
2022-06-30,LLY,0.004028178869857173
2022-06-30,MCK,0.034239520393785985
2022-06-30,MOS,0.01913384963182158
2022-06-30,MPC,0.029204296806464518
2022-06-30,MRO,0.031218386241393104
2022-06-30,NI,0.007049313022250056
2022-06-30,NOC,0.0030211341523928813
2022-06-30,OXY,0.025176117936607345
2022-06-30,PXD,0.02215498378421446
2022-06-30,SO,0.0010070447174642936
2022-06-30,VLO,0.016112715479428698
2022-06-30,VRTX,0.005035223587321468
2022-06-30,WMB,0.02014089434928587
2022-06-30,XOM,0.015105670761964405
2022-07-31,APA,0.0396354457313799
2022-07-31,AZO,0.006097760881750754
2022-07-31,CF,0.042684326172255274
2022-07-31,COP,0.01219552176350151
2022-07-31,CVX,0.003048880440875378
2022-07-31,DLTR,0.03658656529050452
2022-07-31,DVN,0.051830967494881405
2022-07-31,ED,0.03353768484962914
2022-07-31,GIS,0.04573320661313065
2022-07-31,HSY,0.01829328264525226
2022-07-31,MCK,0.05487984793575678
2022-07-31,MPC,0.021342163086127637
2022-07-31,MRO,0.030488804408753768
2022-07-31,NOC,0.015244402204376884
2022-07-31,OXY,0.04878208705400603
2022-07-31,VLO,0.00914664132262613
2022-07-31,VRTX,0.02743992396787839
2022-07-31,XOM,0.024391043527003015
2022-08-31,ADM,0.006724709023150561
2022-08-31,APA,0.024657266418218728
2022-08-31,AZO,0.014570202883492884
2022-08-31,CF,0.03138197544136929
2022-08-31,CNC,0.021294911906643444
2022-08-31,CNP,0.0033623545115752805
2022-08-31,COP,0.020174127069451687
2022-08-31,CPB,0.008966278697534082
2022-08-31,CTVA,0.005603924185958801
2022-08-31,CVX,0.025778051255410488
2022-08-31,DLTR,0.03250276027856105
2022-08-31,DVN,0.029140405766985768
2022-08-31,ED,0.023536481581026964
2022-08-31,EOG,0.007845493860342322
2022-08-31,FANG,0.013449418046301122
2022-08-31,GIS,0.028019620929794004
2022-08-31,HES,0.012328633209109364
2022-08-31,HSY,0.022415696743835204
2022-08-31,K,0.019053342232259924
2022-08-31,MCK,0.03474432995294457
2022-08-31,MPC,0.016811772557876404
2022-08-31,MRO,0.026898836092602244
2022-08-31,NOC,0.00224156967438352
2022-08-31,OXY,0.03362354511575281
2022-08-31,PXD,0.010087063534725844
2022-08-31,TAP,0.015690987720684644
2022-08-31,UNH,0.0011207848371917602
2022-08-31,VLO,0.017932557395068164
2022-08-31,VRTX,0.0112078483719176
2022-08-31,WMB,0.004483139348767041
2022-08-31,XOM,0.030261190604177528
2022-09-30,ADM,0.02455911217320992
2022-09-30,APA,0.030016692656145455
2022-09-30,CAH,0.008186370724403307
2022-09-30,CF,0.04911822434641984
2022-09-30,CI,0.010915160965871076
2022-09-30,CNC,0.027287902414677687
2022-09-30,CNP,0.005457580482935538
2022-09-30,COP,0.0027287902414677677
2022-09-30,CPB,0.035474273139081
2022-09-30,CTVA,0.043660643863484304
2022-09-30,CVX,0.01910153169027438
2022-09-30,DVN,0.04638943410495207
2022-09-30,ED,0.04093185362201653
2022-09-30,GIS,0.057304595070823146
2022-09-30,HSY,0.05457580482935538
2022-09-30,MCK,0.06276217555375868
2022-09-30,MPC,0.032745482897613226
2022-09-30,MRO,0.021830321931742152
2022-09-30,OXY,0.06003338531229091
2022-09-30,PGR,0.013643951207338844
2022-09-30,VLO,0.016372741448806613
2022-09-30,VRTX,0.051847014587887603
2022-09-30,XOM,0.03820306338054876
2022-10-31,CAH,0.027368083930115757
2022-10-31,CF,0.054736167860231506
2022-10-31,CTVA,0.018245389286743834
2022-10-31,GIS,0.07298155714697534
2022-10-31,HSY,0.06385886250360343
2022-10-31,MCK,0.09122694643371919
2022-10-31,MPC,0.045613473216859594
2022-10-31,NOC,0.009122694643371917
2022-10-31,OXY,0.03649077857348767
2022-10-31,VRTX,0.08210425179034726
2022-11-30,ABC,0.0023522059474719334
2022-11-30,ADM,0.010192892439045044
2022-11-30,APA,0.003920343245786555
2022-11-30,AZO,0.004704411894943867
2022-11-30,BMY,0.014897304333988911
2022-11-30,CAH,0.02195392217640471
2022-11-30,CF,0.016465441632303533
2022-11-30,CI,0.02430612812387664
2022-11-30,COP,0.01332916703567429
2022-11-30,CPB,0.018033578930618157
2022-11-30,CTVA,0.012545098386516977
2022-11-30,CVX,0.005488480544101178
2022-11-30,DVN,0.0070566178424158
2022-11-30,EOG,0.0007840686491573111
2022-11-30,GIS,0.02509019677303395
2022-11-30,GL,0.009408823789887734
2022-11-30,GPC,0.0031362745966292444
2022-11-30,HES,0.017249510281460843
2022-11-30,HII,0.0141132356848316
2022-11-30,HSY,0.022737990825562028
2022-11-30,K,0.01568137298314622
2022-11-30,LLY,0.010976961088202355
2022-11-30,LMT,0.006272549193258489
2022-11-30,LW,0.0211698535272474
2022-11-30,MCK,0.027442402720505882
2022-11-30,MPC,0.02352205947471933
2022-11-30,MRO,0.008624755140730422
2022-11-30,NOC,0.020385784878090087
2022-11-30,OXY,0.025874265422191265
2022-11-30,PGR,0.011761029737359666
2022-11-30,SLB,0.0015681372983146222
2022-11-30,TMUS,0.00784068649157311
2022-11-30,VLO,0.018817647579775467
2022-11-30,VRTX,0.02665833407134858
2022-11-30,XOM,0.019601716228932777
2022-12-31,ABC,0.008974943768284397
2022-12-31,ADM,0.013836371642771779
2022-12-31,AFL,0.003739559903451832
2022-12-31,AJG,0.001495823961380733
2022-12-31,AMGN,0.008600987777939214
2022-12-31,APA,0.015706151594497696
2022-12-31,AZO,0.004861427874487382
2022-12-31,BMY,0.01271450367173623
2022-12-31,CAH,0.017949887536568794
2022-12-31,CF,0.012340547681391046
2022-12-31,CI,0.016828019565533245
2022-12-31,COP,0.017201975555878428
2022-12-31,CPB,0.014210327633116962
2022-12-31,CTVA,0.01608010758484288
2022-12-31,CVX,0.014958239613807328
2022-12-31,DE,0.0007479119806903665
2022-12-31,DVN,0.006731207826213298
2022-12-31,ENPH,0.007853075797248848
2022-12-31,EOG,0.01533219560415251
2022-12-31,FANG,0.001869779951725916
2022-12-31,GD,0.005983295845522932
2022-12-31,GIS,0.01757593154622361
2022-12-31,GL,0.013462415652426596
2022-12-31,GPC,0.00934889975862958
2022-12-31,HAL,0.007105163816558481
2022-12-31,HES,0.019445711497949526
2022-12-31,HII,0.007479119806903664
2022-12-31,HSY,0.009722855748974763
2022-12-31,K,0.0044874718841421985
2022-12-31,KMI,0.00037395599034518323
2022-12-31,LDOS,0.0026176919324162823
2022-12-31,LLY,0.011592635700700678
2022-12-31,LMT,0.010844723720010312
2022-12-31,LW,0.011966591691045863
2022-12-31,MCK,0.020193623478639892
2022-12-31,MET,0.006357251835868115
2022-12-31,MPC,0.02094153545933026
2022-12-31,MRK,0.018323843526913977
2022-12-31,MRO,0.016454063575188062
2022-12-31,NOC,0.014584283623462145
2022-12-31,OXY,0.020567579468985075
2022-12-31,PCAR,0.0011218679710355496
2022-12-31,PFG,0.005609339855177748
2022-12-31,PGR,0.013088459662081412
2022-12-31,PSX,0.011218679710355495
2022-12-31,PWR,0.003365603913106649
2022-12-31,RE,0.0041135158937970154
2022-12-31,SLB,0.010096811739319946
2022-12-31,SRE,0.005235383864832565
2022-12-31,TAP,0.002991647922761466
2022-12-31,TMUS,0.01047076772966513
2022-12-31,TRV,0.0022437359420710993
2022-12-31,VLO,0.01981966748829471
2022-12-31,VRTX,0.01869779951725916
2022-12-31,WMB,0.008227031787594031
2022-12-31,XOM,0.019071755507604343
2023-01-31,ABBV,0.013527134845278213
2023-01-31,ABC,0.015459582680317954
2023-01-31,ADM,0.009018089896852141
2023-01-31,AES,0.007729791340158977
2023-01-31,AJG,0.01674788123701112
2023-01-31,ALL,0.0006441492783465815
2023-01-31,AMGN,0.0019324478350397443
2023-01-31,APA,0.00837394061850556
2023-01-31,AZO,0.018680329072050864
2023-01-31,CAG,0.0045090449484260706
2023-01-31,CAH,0.02963086680394275
2023-01-31,CI,0.03220746391732907
2023-01-31,COP,0.006441492783465815
2023-01-31,CPB,0.027054269690556427
2023-01-31,CVX,0.014815433401971376
2023-01-31,DG,0.009662239175198723
2023-01-31,ENPH,0.02576597113386326
2023-01-31,GD,0.010950537731891887
2023-01-31,GILD,0.005797343505119234
2023-01-31,GIS,0.03091916536063591
2023-01-31,GL,0.016103731958664536
2023-01-31,GPC,0.02125692618543719
2023-01-31,HES,0.022545224742130353
2023-01-31,HII,0.0173920305153577
2023-01-31,HSY,0.023833523298823517
2023-01-31,HUM,0.023189374020476935
2023-01-31,HWM,0.010306388453545303
2023-01-31,LDOS,0.002576597113386326
2023-01-31,LLY,0.030275016082289333
2023-01-31,LMT,0.01288298556693163
2023-01-31,LW,0.02898671752559617
2023-01-31,MCK,0.031563314638982494
2023-01-31,MNST,0.011594687010238467
2023-01-31,MPC,0.027698418968903002
2023-01-31,MRK,0.02641012041220984
2023-01-31,MRO,0.0032207463917329066
2023-01-31,NOC,0.028342568247249584
2023-01-31,ORLY,0.019324478350397446
2023-01-31,PGR,0.018036179793704282
2023-01-31,PWR,0.021901075463783774
2023-01-31,RE,0.005153194226772652
2023-01-31,REGN,0.0038648956700794886
2023-01-31,SJM,0.01223883628858505
2023-01-31,SLB,0.0012882985566931623
2023-01-31,TMUS,0.020612776907090607
2023-01-31,ULTA,0.0244776725771701
2023-01-31,UNH,0.007085642061812396
2023-01-31,VLO,0.02512182185551668
2023-01-31,VRTX,0.014171284123624792
2023-01-31,XOM,0.01996862762874403
2023-02-28,A,0.0037555906693301794
2023-02-28,ABC,0.00918033274725155
2023-02-28,AES,0.0025037271128867866
2023-02-28,AFL,0.01293592341658173
2023-02-28,AJG,0.02044710475524209
2023-02-28,ALB,0.0070938934865125616
2023-02-28,APD,0.017526089790207505
2023-02-28,AZO,0.021698968311685482
2023-02-28,BIIB,0.01627422623376411
2023-02-28,CAH,0.022950831868128872
2023-02-28,CAT,0.015439650529468517
2023-02-28,CB,0.0008345757042955954
2023-02-28,CDNS,0.002921014965034584
2023-02-28,CEG,0.026706422537459053
2023-02-28,CI,0.02336811972027667
2023-02-28,CMI,0.008345757042955954
2023-02-28,COP,0.007928469190808158
2023-02-28,CPB,0.013353211268729527
2023-02-28,CTAS,0.0054247420779213705
2023-02-28,CTVA,0.008763044895103753
2023-02-28,CVX,0.001669151408591191
2023-02-28,ED,0.0004172878521477977
2023-02-28,GILD,0.019195241198798698
2023-02-28,GIS,0.01961252905094649
2023-02-28,GL,0.0187779533466509
2023-02-28,GPC,0.02211625616383328
2023-02-28,GWW,0.005842029930069168
2023-02-28,HES,0.020864392607389887
2023-02-28,HOLX,0.012101347712286135
2023-02-28,IEX,0.016691514085911907
2023-02-28,INCY,0.015856938381616316
2023-02-28,IT,0.012518635564433932
2023-02-28,LKQ,0.010849484155842741
2023-02-28,LLY,0.02378540757242447
2023-02-28,LVS,0.017108801938059706
2023-02-28,LW,0.027123710389606853
2023-02-28,MCK,0.025037271128867864
2023-02-28,MMC,0.0033383028171823817
2023-02-28,MNST,0.0183606654945031
2023-02-28,MPC,0.02587184683316346
2023-02-28,MRK,0.02420269542457227
2023-02-28,MSI,0.0020864392607389884
2023-02-28,ORLY,0.014187786973025123
2023-02-28,PCAR,0.010014908451547145
2023-02-28,PFG,0.0179433776423553
2023-02-28,PGR,0.022533544015981077
2023-02-28,PSX,0.006676605634364763
2023-02-28,PTC,0.009597620599399349
2023-02-28,PWR,0.02002981690309429
2023-02-28,RE,0.004172878521477977
2023-02-28,REGN,0.010432196303694944
2023-02-28,ROST,0.011684059860138336
2023-02-28,SBUX,0.006259317782216966
2023-02-28,SJM,0.011266772007990538
2023-02-28,SLB,0.013770499120877326
2023-02-28,SNA,0.005007454225773572
2023-02-28,TJX,0.015022362677320718
2023-02-28,TMUS,0.014605074825172919
2023-02-28,TT,0.001251863556443393
2023-02-28,ULTA,0.026289134685311254
2023-02-28,URI,0.007511181338660359
2023-02-28,VLO,0.024619983276720065
2023-02-28,VRTX,0.02545455898101566
2023-02-28,WTW,0.004590166373625775
2023-02-28,XOM,0.021281680459537683
2023-03-31,APD,0.004926972710421425
2023-03-31,AZO,0.02627718778891426
2023-03-31,BIIB,0.015875800955802367
2023-03-31,BWA,0.015328359543533319
2023-03-31,CAG,0.005474414122690471
2023-03-31,CAH,0.028466953437990453
2023-03-31,CBOE,0.01916044942941665
2023-03-31,CDNS,0.006021855534959519
2023-03-31,CDW,0.0032846484736142826
2023-03-31,CLX,0.006569296947228565
2023-03-31,CMI,0.012043711069919038
2023-03-31,CPB,0.02518230496437617
2023-03-31,DHI,0.012591152482188084
2023-03-31,ETN,0.004379531298152378
2023-03-31,FISV,0.002189765649076189
2023-03-31,GILD,0.025729746376645213
2023-03-31,GIS,0.029561836262528545
2023-03-31,GL,0.02682462920118331
2023-03-31,GPC,0.031204160499335686
2023-03-31,GWW,0.02080277366622379
2023-03-31,HES,0.016423242368071415
2023-03-31,HSY,0.01149626965764999
2023-03-31,HUM,0.022445097903030932
2023-03-31,HWM,0.007664179771766659
2023-03-31,IEX,0.019707890841685696
2023-03-31,IR,0.0027372070613452355
2023-03-31,LEN,0.007116738359497613
2023-03-31,LKQ,0.02299253931529998
2023-03-31,LVS,0.027919512025721405
2023-03-31,LW,0.03229904332387378
2023-03-31,MNST,0.030109277674797593
2023-03-31,MPC,0.0290143948502595
2023-03-31,MRK,0.030656719087066638
2023-03-31,NVR,0.013686035306726178
2023-03-31,ODFL,0.0010948828245380944
2023-03-31,ORLY,0.021897656490761884
2023-03-31,PFG,0.014233476718995226
2023-03-31,PGR,0.027372070613452357
2023-03-31,PH,0.014780918131264273
2023-03-31,PHM,0.020255332253954744
2023-03-31,PSX,0.0038320898858833297
2023-03-31,PTC,0.010948828245380942
2023-03-31,PWR,0.01751812519260951
2023-03-31,RE,0.023539980727569028
2023-03-31,ROST,0.008211621184035707
2023-03-31,SBUX,0.0005474414122690471
2023-03-31,SJM,0.008759062596304755
2023-03-31,SLB,0.009306504008573802
2023-03-31,SNA,0.018065566604878555
2023-03-31,TDG,0.0016423242368071413
2023-03-31,TJX,0.024634863552107124
2023-03-31,TMUS,0.009853945420842848
2023-03-31,TT,0.02135021507849284
2023-03-31,ULTA,0.031751601911604733
2023-03-31,URI,0.010401386833111896
2023-03-31,VLO,0.018613008017147603
2023-03-31,WYNN,0.016970683780340463
2023-03-31,XOM,0.024087422139838076
2023-03-31,XYL,0.01313859389445713
2023-04-30,ADI,0.004081632653061225
2023-04-30,ANET,0.017142857142857144
2023-04-30,ATVI,0.009795918367346938
2023-04-30,AZO,0.022857142857142857
2023-04-30,BA,0.00816326530612245
2023-04-30,BIIB,0.008979591836734694
2023-04-30,BSX,0.010612244897959184
2023-04-30,BWA,0.0008163265306122443
2023-04-30,CAH,0.0236734693877551
2023-04-30,CBOE,0.031020408163265307
2023-04-30,CDNS,0.026122448979591838
2023-04-30,CMI,0.005714285714285714
2023-04-30,CPB,0.006530612244897961
2023-04-30,CTAS,0.004897959183673469
2023-04-30,DHI,0.026938775510204082
2023-04-30,DRI,0.0016326530612244899
2023-04-30,GILD,0.02857142857142857
2023-04-30,GIS,0.03510204081632653
2023-04-30,GWW,0.017959183673469388
2023-04-30,IEX,0.018775510204081632
2023-04-30,IR,0.013877551020408163
2023-04-30,LEN,0.024489795918367346
2023-04-30,LLY,0.0024489795918367346
2023-04-30,LVS,0.036734693877551024
2023-04-30,LW,0.04
2023-04-30,MKTX,0.02040816326530612
2023-04-30,MPC,0.035918367346938776
2023-04-30,MRK,0.014693877551020407
2023-04-30,MSCI,0.019591836734693877
2023-04-30,MSI,0.029387755102040815
2023-04-30,NFLX,0.025306122448979593
2023-04-30,NVR,0.027755102040816326
2023-04-30,ORLY,0.03428571428571429
2023-04-30,PGR,0.03836734693877551
2023-04-30,PHM,0.0326530612244898
2023-04-30,PWR,0.037551020408163265
2023-04-30,RE,0.022040816326530613
2023-04-30,REGN,0.015510204081632653
2023-04-30,SBUX,0.030204081632653063
2023-04-30,SJM,0.012244897959183673
2023-04-30,SNPS,0.013061224489795919
2023-04-30,TDG,0.0032653061224489797
2023-04-30,TJX,0.02122448979591837
2023-04-30,TMUS,0.011428571428571429
2023-04-30,TT,0.03183673469387755
2023-04-30,ULTA,0.03918367346938775
2023-04-30,WYNN,0.03346938775510204
2023-04-30,XOM,0.0073469387755102054
2023-04-30,XYL,0.0163265306122449
2023-05-31,AJG,0.02823529411764706
2023-05-31,ANET,0.02588235294117647
2023-05-31,AON,0.018823529411764704
2023-05-31,AZO,0.02196078431372549
2023-05-31,BA,0.0203921568627451
2023-05-31,BIIB,0.01647058823529412
2023-05-31,BSX,0.02431372549019608
2023-05-31,CAG,0.008627450980392156
2023-05-31,CAH,0.03058823529411765
2023-05-31,CBOE,0.03372549019607843
2023-05-31,CDNS,0.01411764705882353
2023-05-31,CMG,0.01803921568627451
2023-05-31,CPB,0.00392156862745098
2023-05-31,DHI,0.025098039215686273
2023-05-31,DRI,0.009411764705882352
2023-05-31,GILD,0.01019607843137255
2023-05-31,GIS,0.03607843137254902
2023-05-31,GWW,0.0196078431372549
2023-05-31,HCA,0.006274509803921568
2023-05-31,HSY,0.03215686274509804
2023-05-31,HUM,0.003137254901960784
2023-05-31,LEN,0.021176470588235293
2023-05-31,LLY,0.011764705882352941
2023-05-31,LVS,0.038431372549019606
2023-05-31,LW,0.0392156862745098
2023-05-31,MRK,0.014901960784313726
2023-05-31,MSI,0.02980392156862745
2023-05-31,NFLX,0.027450980392156862
2023-05-31,NVDA,0.000784313725490196
2023-05-31,NVR,0.02666666666666667
2023-05-31,ORCL,0.00784313725490196
2023-05-31,ORLY,0.03529411764705882
2023-05-31,PEP,0.002352941176470588
2023-05-31,PHM,0.029019607843137254
2023-05-31,PWR,0.03764705882352941
2023-05-31,RE,0.017254901960784313
2023-05-31,REGN,0.0015686274509803914
2023-05-31,ROK,0.004705882352941176
2023-05-31,SBUX,0.03686274509803922
2023-05-31,SJM,0.022745098039215685
2023-05-31,SYK,0.013333333333333334
2023-05-31,TDG,0.007058823529411765
2023-05-31,TJX,0.010980392156862745
2023-05-31,TSCO,0.023529411764705882
2023-05-31,TT,0.03137254901960784
2023-05-31,ULTA,0.03294117647058824
2023-05-31,VRSN,0.012549019607843137
2023-05-31,VRTX,0.01568627450980392
2023-05-31,WYNN,0.034509803921568626
2023-05-31,XYL,0.005490196078431372
2023-06-30,AJG,0.00813008130081301
2023-06-30,AME,0.017421602787456445
2023-06-30,ANET,0.04529616724738676
2023-06-30,AVGO,0.026713124274099883
2023-06-30,BSX,0.032520325203252036
2023-06-30,CAH,0.03948896631823461
2023-06-30,CDNS,0.0313588850174216
2023-06-30,CMG,0.024390243902439025
2023-06-30,DHI,0.03832752613240418
2023-06-30,DRI,0.03716608594657375
2023-06-30,ETN,0.023228803716608595
2023-06-30,GE,0.018583042973286876
2023-06-30,GWW,0.0058072009291521495
2023-06-30,HCA,0.011614401858304297
2023-06-30,HWM,0.004645760743321719
2023-06-30,IPG,0.0011614401858304297
2023-06-30,IR,0.006968641114982578
2023-06-30,IT,0.027874564459930314
2023-06-30,LEN,0.029036004645760744
2023-06-30,LLY,0.00348432055749129
2023-06-30,LVS,0.03368176538908246
2023-06-30,LW,0.047619047619047616
2023-06-30,MLM,0.0023228803716608595
2023-06-30,MSI,0.025551684088269456
2023-06-30,NFLX,0.04645760743321719
2023-06-30,NVDA,0.04413472706155633
2023-06-30,NVR,0.03484320557491289
2023-06-30,OMC,0.020905923344947737
2023-06-30,ON,0.012775842044134728
2023-06-30,ORCL,0.013937282229965157
2023-06-30,ORLY,0.04065040650406504
2023-06-30,PHM,0.0429732868757259
2023-06-30,PWR,0.041811846689895474
2023-06-30,RCL,0.030197444831591175
2023-06-30,SNPS,0.015098722415795587
2023-06-30,SYK,0.009291521486643438
2023-06-30,TDG,0.022067363530778164
2023-06-30,TJX,0.019744483159117306
2023-06-30,VMC,0.010452961672473868
2023-06-30,VRSN,0.016260162601626018
2023-06-30,WYNN,0.036004645760743324
2023-07-31,ABC,0.01616161616161616
2023-07-31,AJG,0.00404040404040404
2023-07-31,AME,0.019528619528619527
2023-07-31,ANET,0.0026936026936026924
2023-07-31,AVGO,0.027609427609427608
2023-07-31,BKNG,0.014814814814814815
2023-07-31,BSX,0.028282828282828285
2023-07-31,CAH,0.032996632996632996
2023-07-31,CCL,0.011447811447811448
2023-07-31,CEG,0.010101010101010102
2023-07-31,CMG,0.0006734006734006731
2023-07-31,DAL,0.007407407407407408
2023-07-31,DHI,0.030303030303030304
2023-07-31,DRI,0.02962962962962963
2023-07-31,DXCM,0.0047138047138047135
2023-07-31,ETN,0.018855218855218854
2023-07-31,GE,0.017508417508417508
2023-07-31,GWW,0.012794612794612794
2023-07-31,HCA,0.012121212121212121
2023-07-31,HWM,0.006734006734006734
2023-07-31,IPG,0.00202020202020202
2023-07-31,IR,0.0053872053872053875
2023-07-31,ISRG,0.00808080808080808
2023-07-31,IT,0.016835016835016835
2023-07-31,LEN,0.024915824915824916
2023-07-31,LIN,0.01818181818181818
2023-07-31,LLY,0.02356902356902357
2023-07-31,LOW,0.0013468013468013469
2023-07-31,LVS,0.02558922558922559
2023-07-31,LW,0.035016835016835016
2023-07-31,MCK,0.006060606060606061
2023-07-31,META,0.022222222222222223
2023-07-31,MLM,0.010774410774410773
2023-07-31,MRK,0.013468013468013467
2023-07-31,NFLX,0.03367003367003367
2023-07-31,NVDA,0.030976430976430977
2023-07-31,NVR,0.03434343434343434
2023-07-31,OMC,0.026262626262626262
2023-07-31,ORCL,0.020202020202020204
2023-07-31,ORLY,0.022895622895622896
2023-07-31,PHM,0.03636363636363636
2023-07-31,PNR,0.015488215488215488
2023-07-31,PWR,0.03232323232323232
2023-07-31,RCL,0.03569023569023569
2023-07-31,ROST,0.008754208754208754
2023-07-31,SNA,0.014141414141414142
2023-07-31,SYK,0.028956228956228958
2023-07-31,TDG,0.024242424242424242
2023-07-31,TJX,0.026936026936026935
2023-07-31,TT,0.009427609427609427
2023-07-31,VMC,0.02154882154882155
2023-07-31,VRTX,0.003367003367003367
2023-07-31,WYNN,0.03164983164983165
2023-07-31,ZBH,0.020875420875420877
2023-08-31,ALGN,0.0034100596760443308
2023-08-31,AMAT,0.017902813299232736
2023-08-31,AME,0.01619778346121057
2023-08-31,ANSS,0.00980392156862745
2023-08-31,AVGO,0.02557544757033248
2023-08-31,BA,0.0008525149190110827
2023-08-31,BKNG,0.023444160272804774
2023-08-31,BRKB,0.010656436487638534
2023-08-31,BSX,0.0196078431372549
2023-08-31,CARR,0.01577152600170503
2023-08-31,CBOE,0.013640238704177323
2023-08-31,CCL,0.0025575447570332487
2023-08-31,CDNS,0.011935208866155157
2023-08-31,COO,0.0123614663256607
2023-08-31,CTAS,0.00937766410912191
2023-08-31,DD,0.004262574595055414
2023-08-31,DHI,0.028132992327365727
2023-08-31,DRI,0.023870417732310314
2023-08-31,ETN,0.0247229326513214
2023-08-31,FCX,0.004688832054560955
2023-08-31,FTNT,0.017050298380221655
2023-08-31,FTV,0.0012787723785166241
2023-08-31,GE,0.018329070758738276
2023-08-31,HCA,0.0029838022165387893
2023-08-31,HWM,0.01918158567774936
2023-08-31,IDXX,0.021739130434782608
2023-08-31,IR,0.014919011082693947
2023-08-31,ISRG,0.010230179028132993
2023-08-31,ITW,0.005115089514066497
2023-08-31,JPM,0.008525149190110827
2023-08-31,KLAC,0.01278772378516624
2023-08-31,LEN,0.027280477408354646
2023-08-31,LIN,0.02216538789428815
2023-08-31,LLY,0.023017902813299233
2023-08-31,LOW,0.011508951406649617
2023-08-31,LRCX,0.01875532821824382
2023-08-31,LVS,0.020034100596760442
2023-08-31,LW,0.007246376811594204
2023-08-31,MCHP,0.0076726342710997444
2023-08-31,META,0.020886615515771527
2023-08-31,MGM,0.015345268542199489
2023-08-31,MLM,0.005541346973572037
2023-08-31,MSFT,0.00639386189258312
2023-08-31,NFLX,0.026427962489343565
2023-08-31,NVDA,0.02855924978687127
2023-08-31,NVR,0.027706734867860187
2023-08-31,ODFL,0.020460358056265986
2023-08-31,ON,0.008098891730605285
2023-08-31,ORCL,0.014492753623188406
2023-08-31,ORLY,0.013213981244671782
2023-08-31,PH,0.017476555839727195
2023-08-31,PHM,0.028985507246376812
2023-08-31,PNR,0.02514919011082694
2023-08-31,PTC,0.00042625745950554135
2023-08-31,PWR,0.024296675191815855
2023-08-31,RCL,0.026854219948849106
2023-08-31,ROK,0.014066496163682864
2023-08-31,SYK,0.016624040920716114
2023-08-31,TAP,0.005967604433077579
2023-08-31,TDG,0.022591645353793693
2023-08-31,TJX,0.021312872975277068
2023-08-31,TT,0.0021312872975277064
2023-08-31,URI,0.0017050298380221654
2023-08-31,VMC,0.011082693947144074
2023-08-31,WAB,0.008951406649616368
2023-08-31,WMT,0.0038363171355498722
2023-08-31,WYNN,0.02600170502983802
2023-08-31,ZBH,0.0068201193520886615
2023-09-30,ADBE,0.01816911250873515
2023-09-30,AJG,0.005590496156533892
2023-09-30,ALGN,0.0034940600978336828
2023-09-30,AMAT,0.02166317260656883
2023-09-30,AME,0.015373864430468204
2023-09-30,AOS,0.006289308176100629
2023-09-30,AVGO,0.03214535290006988
2023-09-30,BA,0.014675052410901468
2023-09-30,BKNG,0.030747728860936407
2023-09-30,BRKB,0.02026554856743536
2023-09-30,BSX,0.027952480782669462
2023-09-30,CARR,0.0041928721174004195
2023-09-30,CBOE,0.018867924528301886
2023-09-30,CDNS,0.013976240391334731
2023-09-30,CMCSA,0.011879804332634521
2023-09-30,COO,0.01607267645003494
2023-09-30,CTAS,0.0069881201956673656
2023-09-30,DD,0.0020964360587002098
2023-09-30,DHI,0.03284416491963662
2023-09-30,ETN,0.03494060097833683
2023-09-30,FDX,0.012578616352201259
2023-09-30,FLT,0.016771488469601678
2023-09-30,FTV,0.011180992313067784
2023-09-30,GE,0.02585604472396925
2023-09-30,GRMN,0.002795248078266946
2023-09-30,HWM,0.026554856743535988
2023-09-30,IDXX,0.009084556254367574
2023-09-30,IR,0.029350104821802937
2023-09-30,KLAC,0.017470300489168415
2023-09-30,LEN,0.0286512928022362
2023-09-30,LIN,0.023759608665269043
2023-09-30,LLY,0.02236198462613557
2023-09-30,LRCX,0.023060796645702306
2023-09-30,MA,0.010482180293501049
2023-09-30,META,0.013277428371767994
2023-09-30,MSFT,0.009783368273934312
2023-09-30,NFLX,0.020964360587002098
2023-09-30,NVDA,0.037037037037037035
2023-09-30,NVR,0.03563941299790356
2023-09-30,ODFL,0.027253668763102725
2023-09-30,ORCL,0.03004891684136967
2023-09-30,PH,0.02445842068483578
2023-09-30,PHM,0.0363382250174703
2023-09-30,PNR,0.033542976939203356
2023-09-30,PTC,0.0006988120195667365
2023-09-30,PWR,0.03424178895877009
2023-09-30,RCL,0.025157232704402517
2023-09-30,ROP,0.008385744234800839
2023-09-30,SYK,0.0013976240391334726
2023-09-30,TDG,0.031446540880503145
2023-09-30,TJX,0.019566736547868623
2023-09-30,VRSK,0.007686932215234102
2023-09-30,WST,0.004891684136967156
2023-10-31,ACGL,0.04694167852062589
2023-10-31,ADBE,0.02702702702702703
2023-10-31,AMAT,0.01849217638691323
2023-10-31,ATVI,0.008534850640113799
2023-10-31,AVGO,0.03982930298719772
2023-10-31,BKNG,0.04551920341394026
2023-10-31,BRKB,0.004267425320056899
2023-10-31,BSX,0.01422475106685633
2023-10-31,CBOE,0.034139402560455195
2023-10-31,CDNS,0.044096728307254626
2023-10-31,CMCSA,0.02844950213371266
2023-10-31,DHI,0.00995732574679943
2023-10-31,ETN,0.031294452347083924
2023-10-31,FDX,0.049786628733997154
2023-10-31,FLT,0.03698435277382646
2023-10-31,GE,0.015647226173541962
2023-10-31,GOOG,0.002844950213371266
2023-10-31,GOOGL,0.001422475106685633
2023-10-31,GRMN,0.005689900426742532
2023-10-31,HWM,0.007112375533428163
2023-10-31,KLAC,0.012802275960170697
2023-10-31,LEN,0.025604551920341393
2023-10-31,LLY,0.01991465149359886
2023-10-31,LRCX,0.02275960170697013
2023-10-31,META,0.05263157894736842
2023-10-31,MSFT,0.032716927453769556
2023-10-31,NVDA,0.051209103840682786
2023-10-31,NVR,0.04267425320056899
2023-10-31,ODFL,0.02418207681365576
2023-10-31,PHM,0.04836415362731152
2023-10-31,PNR,0.041251778093883355
2023-10-31,PWR,0.021337126600284494
2023-10-31,SNPS,0.029871977240398292
2023-10-31,STE,0.011379800853485065
2023-10-31,TDG,0.03840682788051209
2023-10-31,VRSK,0.017069701280227598
2023-10-31,WST,0.03556187766714083
2023-11-30,ACGL,0.042005702633020954
2023-11-30,ADBE,0.03150427697476572
2023-11-30,AJG,0.008751188048546032
2023-11-30,AMZN,0.01575213848738286
2023-11-30,AVGO,0.0280038017553473
2023-11-30,BKNG,0.014001900877673654
2023-11-30,BRO,0.0035004752194184125
2023-11-30,CBOE,0.040255465023311746
2023-11-30,CDNS,0.036754989803893336
2023-11-30,CME,0.024503326535928887
2023-11-30,FAST,0.010501425658255239
2023-11-30,GE,0.021002851316510477
2023-11-30,GOOG,0.0017502376097092063
2023-11-30,LLY,0.029754039365056505
2023-11-30,MCK,0.005250712829127619
2023-11-30,META,0.04375594024273016
2023-11-30,MSFT,0.03325451458447492
2023-11-30,NFLX,0.007000950438836825
2023-11-30,NOW,0.022753088926219682
2023-11-30,NVDA,0.03850522741360254
2023-11-30,PHM,0.03500475219418413
2023-11-30,ROP,0.01925261370680127
2023-11-30,SNPS,0.017502376097092064
2023-11-30,TDG,0.026253564145638095
2023-11-30,VRSK,0.012251663267964443
2023-12-31,AAPL,0.016081872018234706
2023-12-31,ACGL,0.017422028019754263
2023-12-31,ADBE,0.02144249602431294
2023-12-31,AIZ,0.011614685346502842
2023-12-31,AJG,0.014741716016715147
2023-12-31,AMAT,0.00714749867477098
2023-12-31,AMD,0.001786874668692745
2023-12-31,AMZN,0.021889214691486122
2023-12-31,ANET,0.01429499734954196
2023-12-31,AOS,0.006700780007597794
2023-12-31,AVGO,0.018315465354100634
2023-12-31,BKNG,0.01563515335106152
2023-12-31,BR,0.007594217341944166
2023-12-31,BRO,0.00357374933738549
2023-12-31,CAH,0.0026803120030391174
2023-12-31,CBOE,0.02367608936017887
2023-12-31,CDNS,0.023229370693005683
2023-12-31,CEG,0.011167966679329655
2023-12-31,CME,0.01786874668692745
2023-12-31,CMG,0.005360624006078235
2023-12-31,CRM,0.0129548413480224
2023-12-31,ETN,0.008934373343463725
2023-12-31,FAST,0.016975309352581076
2023-12-31,FDX,0.016528590685407893
2023-12-31,GE,0.020549058689966565
2023-12-31,GOOG,0.013848278682368773
2023-12-31,GOOGL,0.013401560015195588
2023-12-31,INTC,0.006254061340424607
2023-12-31,INTU,0.010274529344983283
2023-12-31,KLAC,0.004913905338905049
2023-12-31,LIN,0.012508122680849214
2023-12-31,LLY,0.019655621355620195
2023-12-31,LRCX,0.012061404013676027
2023-12-31,MAR,0.004467186671731863
2023-12-31,MCK,0.0008934373343463722
2023-12-31,META,0.02456952669452524
2023-12-31,MSFT,0.022782652025832496
2023-12-31,NFLX,0.00938109201063691
2023-12-31,NOW,0.020995777357139752
2023-12-31,NRG,0.0022335933358659313
2023-12-31,NVDA,0.024122808027352054
2023-12-31,ORCL,0.008487654676290538
2023-12-31,PH,0.008040936009117353
2023-12-31,PHM,0.02233593335865931
2023-12-31,PNR,0.005807342673251421
2023-12-31,PTC,0.0013401560015195587
2023-12-31,RCL,0.015188434683888332
2023-12-31,ROP,0.01072124801215647
2023-12-31,RSG,0.0031270306702123035
2023-12-31,SNPS,0.019208902688447008
2023-12-31,STX,0.00044671866717318625
2023-12-31,TDG,0.01876218402127382
2023-12-31,TTWO,0.02010234002279338
2023-12-31,VRSK,0.009827810677810097
2023-12-31,WELL,0.0040204680045586765
2024-01-31,AAPL,0.014430819143855259
2024-01-31,ACN,0.004123091183958645
2024-01-31,ADBE,0.017866728463820796
2024-01-31,AIZ,0.017179546599827688
2024-01-31,AKAM,0.003092318387968984
2024-01-31,AMAT,0.00996413702790006
2024-01-31,AMD,0.014774410075851813
2024-01-31,AMZN,0.02027186498779667
2024-01-31,ANET,0.021646228715782888
2024-01-31,ANSS,0.0013743637279862151
2024-01-31,AOS,0.019584683123803567
2024-01-31,APH,0.0010307727959896612
2024-01-31,AVGO,0.023020592443769104
2024-01-31,BKNG,0.008933364231910398
2024-01-31,BR,0.010651318891893167
2024-01-31,BRKB,0.0027487274559724302
2024-01-31,BRO,0.0024051365239758766
2024-01-31,BSX,0.004810273047951753
2024-01-31,CBOE,0.02473854710375187
2024-01-31,CDNS,0.021302637783786334
2024-01-31,CEG,0.020615455919793226
2024-01-31,CME,0.012369273551875936
2024-01-31,CMG,0.0020615455919793225
2024-01-31,COST,0.01614877380383803
2024-01-31,CRM,0.013056455415869044
2024-01-31,CTAS,0.02095904685178978
2024-01-31,DHI,0.011338500755886275
2024-01-31,ECL,0.003435909319965538
2024-01-31,ETN,0.019241092191807013
2024-01-31,EXPD,0.0003435909319965538
2024-01-31,FAST,0.02336418337576566
2024-01-31,FDX,0.013743637279862152
2024-01-31,FLT,0.005153863979948306
2024-01-31,GE,0.02542572896774498
2024-01-31,GOOG,0.013400046347865598
2024-01-31,GOOGL,0.014087228211858704
2024-01-31,GRMN,0.008589773299913844
2024-01-31,GWW,0.009276955163906952
2024-01-31,HLT,0.0037795002519620917
2024-01-31,HWM,0.006528227707934522
2024-01-31,IBM,0.0054974549119448605
2024-01-31,INTC,0.018210319395817354
2024-01-31,INTU,0.017523137531824242
2024-01-31,IR,0.01271286448387249
2024-01-31,IRM,0.007902591435920737
2024-01-31,KLAC,0.01649236473583458
2024-01-31,LEN,0.007215409571927629
2024-01-31,LIN,0.01889750125981046
2024-01-31,LLY,0.022333410579775996
2024-01-31,LRCX,0.01546159193984492
2024-01-31,MAR,0.004466682115955199
2024-01-31,MCK,0.006871818639931077
2024-01-31,META,0.025769319899741534
2024-01-31,MLM,0.015805182871841475
2024-01-31,MSFT,0.023707774307762212
2024-01-31,MSI,0.0006871818639931076
2024-01-31,NOW,0.01992827405580012
2024-01-31,NRG,0.02508213803574843
2024-01-31,NVDA,0.024051365239758767
2024-01-31,NVR,0.00824618236791729
2024-01-31,ORLY,0.001717954659982769
2024-01-31,PH,0.01168209168788283
2024-01-31,PHM,0.024394956171755317
2024-01-31,PNR,0.010307727959896613
2024-01-31,PTC,0.007559000503924183
2024-01-31,PWR,0.009620546095903506
2024-01-31,RCL,0.018553910327813904
2024-01-31,ROP,0.02267700151177255
2024-01-31,RSG,0.021989819647779442
2024-01-31,SNPS,0.006184636775937967
2024-01-31,TDG,0.016835955667831134
2024-01-31,TT,0.005841045843941415
2024-01-31,TTWO,0.015118001007848367
2024-01-31,TYL,0.012025682619879383
2024-01-31,VRSK,0.010994909823889721
2024-02-29,ACN,0.010172143974960876
2024-02-29,ADBE,0.02190923317683881
2024-02-29,AIZ,0.01486697965571205
2024-02-29,AKAM,0.01995305164319249
2024-02-29,AMAT,0.002738654147104851
2024-02-29,AMD,0.011737089201877934
2024-02-29,AMGN,0.005477308294209703
2024-02-29,AMZN,0.025821596244131457
2024-02-29,ANET,0.018388106416275432
2024-02-29,APH,0.003129890453834116
2024-02-29,AVGO,0.02464788732394366
2024-02-29,BKNG,0.005868544600938967
2024-02-29,BR,0.01564945226917058
2024-02-29,BRKB,0.01134585289514867
2024-02-29,BRO,0.012910798122065728
2024-02-29,BSX,0.008215962441314555
2024-02-29,CAH,0.0035211267605633804
2024-02-29,CBOE,0.02621283255086072
2024-02-29,CDNS,0.018779342723004695
2024-02-29,CEG,0.02543035993740219
2024-02-29,CMG,0.012128325508607199
2024-02-29,COST,0.02112676056338028
2024-02-29,CRM,0.01917057902973396
2024-02-29,CTAS,0.02034428794992175
2024-02-29,DHI,0.0007824726134585298
2024-02-29,ETN,0.00782472613458529
2024-02-29,FAST,0.022300469483568074
2024-02-29,GE,0.027386541471048513
2024-02-29,GOOG,0.021517996870109544
2024-02-29,GOOGL,0.020735524256651018
2024-02-29,HLT,0.010954616588419406
2024-02-29,IBM,0.017996870109546165
2024-02-29,INTC,0.002347417840375586
2024-02-29,INTU,0.014084507042253521
2024-02-29,IR,0.004303599374021909
2024-02-29,IRM,0.001564945226917058
2024-02-29,ISRG,0.008607198748043818
2024-02-29,KLAC,0.012519561815336464
2024-02-29,L,0.004694835680751174
2024-02-29,LEN,0.006259780907668232
2024-02-29,LLY,0.02699530516431925
2024-02-29,LRCX,0.013693270735524257
2024-02-29,MA,0.0019561815336463224
2024-02-29,MAR,0.016823161189358372
2024-02-29,MCK,0.019561815336463225
2024-02-29,META,0.027777777777777776
2024-02-29,MLM,0.009389671361502348
2024-02-29,MSFT,0.025039123630672927
2024-02-29,MU,0.003912363067292645
2024-02-29,NFLX,0.015258215962441314
2024-02-29,NOW,0.023474178403755867
2024-02-29,NRG,0.026604068857589983
2024-02-29,NVDA,0.023865414710485134
2024-02-29,NWS,0.01056338028169014
2024-02-29,NWSA,0.007433489827856025
2024-02-29,ORLY,0.0003912363067292645
2024-02-29,PCAR,0.014475743348982786
2024-02-29,PHM,0.02269170579029734
2024-02-29,PSX,0.0011737089201877935
2024-02-29,PTC,0.017605633802816902
2024-02-29,ROP,0.024256651017214397
2024-02-29,RSG,0.023082942097026604
2024-02-29,TDG,0.013302034428794992
2024-02-29,TJX,0.007042253521126761
2024-02-29,TTWO,0.01643192488262911
2024-02-29,TYL,0.008998435054773083
2024-02-29,V,0.006651017214397496
2024-02-29,VRSK,0.016040688575899843
2024-02-29,VRTX,0.017214397496087636
2024-02-29,WM,0.009780907668231613
2024-02-29,WMT,0.005086071987480438
2024-03-31,AIG,0.007246376811594203
2024-03-31,AIZ,0.02600170502983802
2024-03-31,ALL,0.0034100596760443308
2024-03-31,AMAT,0.0012787723785166241
2024-03-31,AMZN,0.028132992327365727
2024-03-31,AVGO,0.022591645353793693
2024-03-31,BR,0.0029838022165387893
2024-03-31,BRKB,0.017476555839727195
2024-03-31,BRO,0.01875532821824382
2024-03-31,BSX,0.004262574595055414
2024-03-31,CAH,0.0068201193520886615
2024-03-31,CBOE,0.027280477408354646
2024-03-31,CDNS,0.011508951406649617
2024-03-31,CEG,0.024296675191815855
2024-03-31,CMG,0.00980392156862745
2024-03-31,COST,0.02557544757033248
2024-03-31,CTAS,0.015345268542199489
2024-03-31,DLR,0.00639386189258312
2024-03-31,ETN,0.01918158567774936
2024-03-31,FAST,0.023870417732310314
2024-03-31,FICO,0.023017902813299233
2024-03-31,GE,0.026427962489343565
2024-03-31,GWW,0.0008525149190110827
2024-03-31,HIG,0.010656436487638534
2024-03-31,HLT,0.020886615515771527
2024-03-31,HWM,0.008525149190110827
2024-03-31,IBM,0.01619778346121057
2024-03-31,ICE,0.002131287297527707
2024-03-31,INTU,0.004688832054560955
2024-03-31,IR,0.014066496163682864
2024-03-31,IRM,0.013640238704177323
2024-03-31,JPM,0.0025575447570332483
2024-03-31,KLAC,0.017050298380221655
2024-03-31,L,0.014919011082693948
2024-03-31,LIN,0.005541346973572037
2024-03-31,LLY,0.028985507246376812
2024-03-31,LRCX,0.010230179028132993
2024-03-31,MA,0.008951406649616368
2024-03-31,MAR,0.021739130434782608
2024-03-31,MAS,0.005115089514066497
2024-03-31,MCK,0.026854219948849106
2024-03-31,META,0.02855924978687127
2024-03-31,MLM,0.017902813299232736
2024-03-31,MMC,0.00042625745950554135
2024-03-31,MOH,0.013213981244671782
2024-03-31,MSFT,0.011935208866155157
2024-03-31,NFLX,0.01577152600170503
2024-03-31,NOW,0.020034100596760442
2024-03-31,NRG,0.027706734867860187
2024-03-31,NVDA,0.0247229326513214
2024-03-31,NWS,0.02514919011082694
2024-03-31,NWSA,0.02216538789428815
2024-03-31,ORLY,0.0076726342710997444
2024-03-31,PCAR,0.021312872975277068
2024-03-31,PH,0.0123614663256607
2024-03-31,PHM,0.0196078431372549
2024-03-31,PTC,0.018329070758738276
2024-03-31,ROP,0.01278772378516624
2024-03-31,ROST,0.014492753623188406
2024-03-31,RSG,0.023444160272804774
2024-03-31,SHW,0.0017050298380221654
2024-03-31,TDG,0.020460358056265986
2024-03-31,TJX,0.016624040920716114
2024-03-31,TT,0.005967604433077579
2024-03-31,V,0.008098891730605285
2024-03-31,VMC,0.00937766410912191
2024-03-31,WM,0.0038363171355498722
2024-03-31,WRK,0.011082693947144074
2024-04-30,AIG,0.02408912978018669
2024-04-30,AIZ,0.024390243902439025
2024-04-30,ALL,0.015356820234869015
2024-04-30,AMAT,0.011743450767841012
2024-04-30,AMP,0.014754591990364349
2024-04-30,AMZN,0.022884673291177358
2024-04-30,ANET,0.006323396567299007
2024-04-30,APH,0.012646793134598013
2024-04-30,AVGO,0.020174646190906354
2024-04-30,BR,0.0003011141222523336
2024-04-30,BRKB,0.0015055706112616675
2024-04-30,CAT,0.008732309545317675
2024-04-30,CB,0.004817825956037338
2024-04-30,CBOE,0.003011141222523335
2024-04-30,CDNS,0.009635651912074676
2024-04-30,CDW,0.012044564890093345
2024-04-30,CE,0.004516711833785004
2024-04-30,CEG,0.022282445046672688
2024-04-30,COF,0.002408912978018669
2024-04-30,COST,0.01656127672387835
2024-04-30,CRM,0.0018066847335140017
2024-04-30,CTAS,0.020475760313158686
2024-04-30,ETN,0.01987353206865402
2024-04-30,FANG,0.0036133694670280035
2024-04-30,FAST,0.02077687443541102
2024-04-30,FICO,0.012947907256850346
2024-04-30,GD,0.009334537789822343
2024-04-30,GE,0.023788015657934355
2024-04-30,GRMN,0.00331225534477567
2024-04-30,HIG,0.02168021680216802
2024-04-30,HII,0.0006022282445046673
2024-04-30,HLT,0.019271303824149353
2024-04-30,IBM,0.016260162601626018
2024-04-30,IR,0.013851249623607348
2024-04-30,IRM,0.008431195423065342
2024-04-30,J,0.009033423667570008
2024-04-30,JPM,0.007226738934056007
2024-04-30,KLAC,0.015657934357121348
2024-04-30,L,0.021077988557663355
2024-04-30,LLY,0.022583559168925023
2024-04-30,LRCX,0.011442336645588679
2024-04-30,MAR,0.018367961457392352
2024-04-30,MCK,0.021981330924420357
2024-04-30,META,0.021379102679915687
2024-04-30,MLM,0.018066847335140017
2024-04-30,MSFT,0.0021077988557663355
2024-04-30,MU,0.008130081300813009
2024-04-30,NFLX,0.01415236374585968
2024-04-30,NOW,0.01084010840108401
2024-04-30,NRG,0.02318578741342969
2024-04-30,NTAP,0.0009033423667570009
2024-04-30,NVDA,0.023486901535682024
2024-04-30,NWS,0.018669075579644687
2024-04-30,NWSA,0.01746461909063535
2024-04-30,PCAR,0.019572417946401688
2024-04-30,PGR,0.00993676603432701
2024-04-30,PH,0.014453477868112014
2024-04-30,PHM,0.010538994278831678
2024-04-30,PKG,0.005118940078289671
2024-04-30,PRU,0.0027100271002710027
2024-04-30,PSX,0.012345679012345678
2024-04-30,PTC,0.016862390846130684
2024-04-30,RCL,0.011141222523336344
2024-04-30,RJF,0.007828967178560674
2024-04-30,ROP,0.0012044564890093343
2024-04-30,ROST,0.004215597711532671
2024-04-30,RSG,0.018970189701897018
2024-04-30,STX,0.013550135501355014
2024-04-30,TDG,0.015959048479373683
2024-04-30,TJX,0.00662451068955134
2024-04-30,TRGP,0.006925624811803674
2024-04-30,TT,0.006022282445046673
2024-04-30,TXT,0.007527853056308341
2024-04-30,URI,0.01324902137910268
2024-04-30,VMC,0.010237880156579343
2024-04-30,WAB,0.0057211683227943394
2024-04-30,WDC,0.017163504968383016
2024-04-30,WFC,0.003914483589280337
2024-04-30,WM,0.005420054200542005
2024-04-30,WRB,0.015055706112616682
2024-04-30,WRK,0.017765733212887685
2024-05-31,AFL,0.005707762557077625
2024-05-31,AIG,0.025494672754946726
2024-05-31,AIZ,0.018645357686453576
2024-05-31,ALL,0.02207001522070015
2024-05-31,AMP,0.004946727549467275
2024-05-31,AMZN,0.0243531202435312
2024-05-31,APH,0.026255707762557076
2024-05-31,AVGO,0.00684931506849315
2024-05-31,AVY,0.0015220700152207
2024-05-31,AXON,0.004185692541856925
2024-05-31,AXP,0.008751902587519025
2024-05-31,BK,0.01293759512937595
2024-05-31,BSX,0.01445966514459665
2024-05-31,CAT,0.011796042617960426
2024-05-31,CB,0.00837138508371385
2024-05-31,CBOE,0.0136986301369863
2024-05-31,CDW,0.0167427701674277
2024-05-31,CEG,0.02663622526636225
2024-05-31,CL,0.00076103500761035
2024-05-31,CMG,0.015220700152207
2024-05-31,COST,0.017123287671232876
2024-05-31,CTAS,0.0182648401826484
2024-05-31,DLR,0.001902587519025875
2024-05-31,DPZ,0.016362252663622526
2024-05-31,ELV,0.00228310502283105
2024-05-31,ETN,0.0258751902587519
2024-05-31,FANG,0.021689497716894976
2024-05-31,GD,0.027016742770167426
2024-05-31,GE,0.020167427701674276
2024-05-31,HIG,0.01750380517503805
2024-05-31,HII,0.000380517503805175
2024-05-31,HLT,0.01902587519025875
2024-05-31,HWM,0.002663622526636225
2024-05-31,INTU,0.01141552511415525
2024-05-31,IR,0.015601217656012176
2024-05-31,IRM,0.013318112633181126
2024-05-31,J,0.001141552511415525
2024-05-31,JPM,0.0030441400304414
2024-05-31,KLAC,0.007229832572298325
2024-05-31,L,0.02054794520547945
2024-05-31,LDOS,0.014840182648401826
2024-05-31,LLY,0.0197869101978691
2024-05-31,MAR,0.012557077625570776
2024-05-31,MCK,0.023972602739726026
2024-05-31,META,0.0076103500761035
2024-05-31,MLM,0.0091324200913242
2024-05-31,MPC,0.019406392694063926
2024-05-31,NRG,0.0273972602739726
2024-05-31,NVDA,0.011035007610350075
2024-05-31,OKE,0.00989345509893455
2024-05-31,PCAR,0.01598173515981735
2024-05-31,PGR,0.023211567732115676
2024-05-31,PH,0.017884322678843226
2024-05-31,PHM,0.009512937595129375
2024-05-31,PKG,0.0045662100456621
2024-05-31,PRU,0.006468797564687975
2024-05-31,PSX,0.0121765601217656
2024-05-31,PTC,0.003424657534246575
2024-05-31,PXD,0.00532724505327245
2024-05-31,RSG,0.0228310502283105
2024-05-31,STX,0.007990867579908675
2024-05-31,TDG,0.020928462709284626
2024-05-31,TRGP,0.024733637747336376
2024-05-31,TT,0.0213089802130898
2024-05-31,URI,0.022450532724505326
2024-05-31,WAB,0.02511415525114155
2024-05-31,WDC,0.014079147640791476
2024-05-31,WELL,0.00380517503805175
2024-05-31,WFC,0.0106544901065449
2024-05-31,WM,0.010273972602739725
2024-05-31,WMB,0.0060882800608828
2024-05-31,WRK,0.02359208523592085
2024-06-30,ACGL,0.008432539682539682
2024-06-30,AFL,0.013888888888888888
2024-06-30,AIG,0.027777777777777776
2024-06-30,AIZ,0.015376984126984126
2024-06-30,ALL,0.024305555555555556
2024-06-30,AMAT,0.007936507936507936
2024-06-30,AMP,0.000496031746031746
2024-06-30,AMZN,0.021825396825396824
2024-06-30,ANET,0.014384920634920634
2024-06-30,APH,0.028273809523809524
2024-06-30,AVGO,0.019345238095238096
2024-06-30,AVY,0.00744047619047619
2024-06-30,BK,0.004464285714285714
2024-06-30,BKNG,0.001984126984126984
2024-06-30,BSX,0.01636904761904762
2024-06-30,CB,0.024801587301587297
2024-06-30,CEG,0.02976190476190476
2024-06-30,CL,0.006448412698412698
2024-06-30,CMG,0.009424603174603174
2024-06-30,COST,0.025297619047619048
2024-06-30,CTAS,0.017857142857142856
2024-06-30,DPZ,0.00248015873015873
2024-06-30,ETN,0.022321428571428572
2024-06-30,FANG,0.02132936507936508
2024-06-30,FICO,0.010416666666666666
2024-06-30,GD,0.030753968253968252
2024-06-30,GE,0.017361111111111112
2024-06-30,GOOG,0.005952380952380952
2024-06-30,GOOGL,0.00496031746031746
2024-06-30,GRMN,0.013392857142857142
2024-06-30,HIG,0.023313492063492064
2024-06-30,HLT,0.01240079365079365
2024-06-30,HWM,0.010912698412698412
2024-06-30,IR,0.001488095238095238
2024-06-30,IRM,0.011904761904761904
2024-06-30,JPM,0.003968253968253968
2024-06-30,KLAC,0.020337301587301588
2024-06-30,L,0.016865079365079364
2024-06-30,LDOS,0.027281746031746032
2024-06-30,LLY,0.023809523809523808
2024-06-30,MCK,0.01984126984126984
2024-06-30,META,0.011408730158730158
2024-06-30,MU,0.018353174603174604
2024-06-30,NRG,0.03125
2024-06-30,NVDA,0.029265873015873016
2024-06-30,NWS,0.005456349206349206
2024-06-30,NWSA,0.002976190476190476
2024-06-30,OKE,0.012896825396825396
2024-06-30,PGR,0.026785714285714284
2024-06-30,PKG,0.008928571428571428
2024-06-30,PRU,0.00992063492063492
2024-06-30,QCOM,0.01488095238095238
2024-06-30,REGN,0.000992063492063492
2024-06-30,STX,0.018849206349206348
2024-06-30,TDG,0.015873015873015872
2024-06-30,TMUS,0.025793650793650792
2024-06-30,TRGP,0.022817460317460316
2024-06-30,TT,0.02628968253968254
2024-06-30,WAB,0.020833333333333332
2024-06-30,WDC,0.028769841269841268
2024-06-30,WELL,0.006944444444444444
2024-06-30,WFC,0.003472222222222222
2024-06-30,WRK,0.030257936507936508
2024-07-31,ACGL,0.002048131080389145
2024-07-31,AFL,0.011776753712237584
2024-07-31,AIG,0.0076804915514592925
2024-07-31,ALL,0.019969278033794162
2024-07-31,AMAT,0.01638504864311316
2024-07-31,AMGN,0.0005120327700972862
2024-07-31,AMZN,0.026625704045058884
2024-07-31,ANET,0.029185867895545316
2024-07-31,AVGO,0.02713773681515617
2024-07-31,AXON,0.009216589861751152
2024-07-31,BK,0.013312852022529442
2024-07-31,BSX,0.02457757296466974
2024-07-31,CB,0.01228878648233487
2024-07-31,CEG,0.02304147465437788
2024-07-31,CL,0.021505376344086023
2024-07-31,COST,0.024065540194572452
2024-07-31,CTAS,0.022529441884280594
2024-07-31,ETN,0.015873015873015872
2024-07-31,FANG,0.010752688172043012
2024-07-31,FICO,0.020993343573988736
2024-07-31,GD,0.029697900665642603
2024-07-31,GE,0.005120327700972862
2024-07-31,GOOG,0.004608294930875576
2024-07-31,GOOGL,0.00409626216077829
2024-07-31,GRMN,0.017409114183307733
2024-07-31,HIG,0.025089605734767026
2024-07-31,HLT,0.017921146953405017
2024-07-31,HWM,0.0030721966205837174
2024-07-31,IR,0.0035842293906810036
2024-07-31,IRM,0.018433179723502304
2024-07-31,KLAC,0.022017409114183307
2024-07-31,L,0.006656426011264722
2024-07-31,LDOS,0.023553507424475168
2024-07-31,LLY,0.030209933435739886
2024-07-31,MCK,0.031746031746031744
2024-07-31,META,0.008704557091653867
2024-07-31,MSFT,0.006144393241167435
2024-07-31,MSI,0.0056323604710701485
2024-07-31,MU,0.02048131080389145
2024-07-31,NFLX,0.013824884792626729
2024-07-31,NRG,0.03123399897593446
2024-07-31,NTAP,0.014336917562724014
2024-07-31,NWS,0.016897081413210446
2024-07-31,NWSA,0.014848950332821301
2024-07-31,OKE,0.0010240655401945725
2024-07-31,PGR,0.030721966205837174
2024-07-31,REGN,0.010240655401945725
2024-07-31,RSG,0.011264720942140297
2024-07-31,STX,0.025601638504864313
2024-07-31,T,0.00972862263184844
2024-07-31,TDG,0.01894521249359959
2024-07-31,TJX,0.007168458781362007
2024-07-31,TMUS,0.027649769585253458
2024-07-31,TRGP,0.026113671274961597
2024-07-31,TT,0.02816180235535074
2024-07-31,TYL,0.0015360983102918587
2024-07-31,WAB,0.002560163850486432
2024-07-31,WDC,0.02867383512544803
2024-07-31,WELL,0.01945724526369688
2024-07-31,WM,0.015360983102918587
2024-07-31,WMB,0.00819252432155658
2024-07-31,WRK,0.012800819252432157
2024-08-31,AFL,0.016563146997929608
2024-08-31,AIG,0.021532091097308487
2024-08-31,AIZ,0.004140786749482402
2024-08-31,ALL,0.02567287784679089
2024-08-31,AMP,0.002070393374741201
2024-08-31,AMZN,0.0062111801242236
2024-08-31,ANET,0.004554865424430642
2024-08-31,AXP,0.01780538302277433
2024-08-31,BAC,0.002484472049689441
2024-08-31,BK,0.02360248447204969
2024-08-31,BRO,0.006625258799171843
2024-08-31,BSX,0.014492753623188406
2024-08-31,C,0.010766045548654244
2024-08-31,CB,0.024844720496894408
2024-08-31,CL,0.02650103519668737
2024-08-31,COF,0.0033126293995859213
2024-08-31,COST,0.020703933747412008
2024-08-31,CTAS,0.026915113871635612
2024-08-31,DFS,0.0016563146997929607
2024-08-31,ELV,0.0008281573498964803
2024-08-31,FANG,0.008695652173913044
2024-08-31,FICO,0.01987577639751553
2024-08-31,FITB,0.002898550724637681
2024-08-31,GD,0.02732919254658385
2024-08-31,GE,0.013664596273291925
2024-08-31,GRMN,0.022774327122153208
2024-08-31,GS,0.016977225672877846
2024-08-31,GWW,0.009109730848861283
2024-08-31,HIG,0.02774327122153209
2024-08-31,HLT,0.02111801242236025
2024-08-31,HWM,0.018219461697722567
2024-08-31,IR,0.004968944099378882
2024-08-31,IRM,0.02194616977225673
2024-08-31,JPM,0.015734989648033125
2024-08-31,KLAC,0.012836438923395446
2024-08-31,KMI,0.0037267080745341614
2024-08-31,L,0.019461697722567287
2024-08-31,LDOS,0.018633540372670808
2024-08-31,LHX,0.007039337474120083
2024-08-31,MCK,0.02857142857142857
2024-08-31,META,0.005383022774327122
2024-08-31,MSI,0.016149068322981366
2024-08-31,NRG,0.02608695652173913
2024-08-31,NTAP,0.007453416149068323
2024-08-31,OKE,0.020289855072463767
2024-08-31,PGR,0.028157349896480333
2024-08-31,PHM,0.007867494824016562
2024-08-31,PKG,0.017391304347826087
2024-08-31,PRU,0.014078674948240166
2024-08-31,RCL,0.0012422360248447205
2024-08-31,RSG,0.014906832298136646
2024-08-31,STX,0.011594202898550725
2024-08-31,SYF,0.009937888198757764
2024-08-31,T,0.02401656314699793
2024-08-31,TDG,0.011180124223602485
2024-08-31,TMUS,0.02525879917184265
2024-08-31,TRGP,0.02443064182194617
2024-08-31,TRV,0.009523809523809525
2024-08-31,TT,0.02236024844720497
2024-08-31,TYL,0.015320910973084885
2024-08-31,UHS,0.01904761904761905
2024-08-31,URI,0.00041407867494824016
2024-08-31,VRTX,0.010351966873706004
2024-08-31,WAB,0.012008281573498964
2024-08-31,WELL,0.02318840579710145
2024-08-31,WFC,0.012422360248447204
2024-08-31,WM,0.005797101449275362
2024-08-31,WMB,0.008281573498964804
2024-08-31,WTW,0.013250517598343685
2024-09-30,AEP,0.007039337474120083
2024-09-30,AFL,0.009109730848861283
2024-09-30,ALL,0.02608695652173913
2024-09-30,ANET,0.011180124223602485
2024-09-30,AXON,0.014906832298136646
2024-09-30,AXP,0.021532091097308487
2024-09-30,BK,0.02401656314699793
2024-09-30,BRO,0.009937888198757764
2024-09-30,BSX,0.01780538302277433
2024-09-30,CB,0.017391304347826087
2024-09-30,CL,0.02857142857142857
2024-09-30,CMS,0.00041407867494824016
2024-09-30,COST,0.018219461697722567
2024-09-30,CTAS,0.028157349896480333
2024-09-30,ELV,0.006625258799171843
2024-09-30,ETR,0.013664596273291925
2024-09-30,FE,0.005797101449275362
2024-09-30,FI,0.012836438923395446
2024-09-30,FICO,0.020289855072463767
2024-09-30,GD,0.02650103519668737
2024-09-30,GE,0.012008281573498964
2024-09-30,GRMN,0.016977225672877846
2024-09-30,GS,0.015734989648033125
2024-09-30,GWW,0.0016563146997929604
2024-09-30,HCA,0.002484472049689441
2024-09-30,HIG,0.02732919254658385
2024-09-30,HLT,0.012422360248447204
2024-09-30,HWM,0.01904761904761905
2024-09-30,ICE,0.0033126293995859213
2024-09-30,IRM,0.02567287784679089
2024-09-30,JPM,0.016149068322981366
2024-09-30,KLAC,0.02111801242236025
2024-09-30,KO,0.011594202898550725
2024-09-30,L,0.007453416149068323
2024-09-30,LDOS,0.02360248447204969
2024-09-30,LHX,0.016563146997929608
2024-09-30,LLY,0.007867494824016562
2024-09-30,MCO,0.004140786749482402
2024-09-30,META,0.005383022774327122
2024-09-30,MPWR,0.004968944099378882
2024-09-30,MSI,0.02194616977225673
2024-09-30,NFLX,0.014078674948240166
2024-09-30,NI,0.008695652173913044
2024-09-30,NRG,0.026915113871635612
2024-09-30,OKE,0.02318840579710145
2024-09-30,PEG,0.008281573498964804
2024-09-30,PGR,0.02774327122153209
2024-09-30,PKG,0.014492753623188406
2024-09-30,PPL,0.006211180124223602
2024-09-30,RCL,0.004554865424430642
2024-09-30,RSG,0.019461697722567287
2024-09-30,RTX,0.015320910973084885
2024-09-30,SO,0.009523809523809525
2024-09-30,STX,0.0008281573498964811
2024-09-30,SYF,0.0012422360248447208
2024-09-30,T,0.020703933747412008
2024-09-30,TDG,0.018633540372670808
2024-09-30,TJX,0.002898550724637681
2024-09-30,TMUS,0.02236024844720497
2024-09-30,TRGP,0.02443064182194617
2024-09-30,TT,0.022774327122153208
2024-09-30,TYL,0.013250517598343685
2024-09-30,UHS,0.024844720496894408
2024-09-30,WAB,0.01987577639751553
2024-09-30,WELL,0.02525879917184265
2024-09-30,WFC,0.002070393374741202
2024-09-30,WM,0.010351966873706004
2024-09-30,WMB,0.010766045548654244
2024-09-30,WTW,0.0037267080745341605
2024-10-31,AEP,0.010450450450450451
2024-10-31,ALL,0.005405405405405406
2024-10-31,AMP,0.012252252252252252
2024-10-31,ANET,0.018018018018018018
2024-10-31,AXON,0.015495495495495495
2024-10-31,AXP,0.024864864864864864
2024-10-31,BK,0.025945945945945945
2024-10-31,BRO,0.0010810810810810804
2024-10-31,BSX,0.022342342342342343
2024-10-31,CARR,0.005045045045045045
2024-10-31,CB,0.012972972972972972
2024-10-31,CL,0.025225225225225224
2024-10-31,CMI,0.007927927927927928
2024-10-31,CMS,0.008288288288288289
2024-10-31,COST,0.012612612612612612
2024-10-31,DOV,0.0046846846846846845
2024-10-31,DVA,0.005765765765765766
2024-10-31,EBAY,0.009009009009009009
2024-10-31,ETR,0.017657657657657658
2024-10-31,FE,0.00036036036036036015
2024-10-31,FI,0.016216216216216217
2024-10-31,FICO,0.023783783783783784
2024-10-31,FIS,0.003243243243243243
2024-10-31,GD,0.0190990990990991
2024-10-31,GE,0.016936936936936937
2024-10-31,GLW,0.0075675675675675675
2024-10-31,GRMN,0.003963963963963965
2024-10-31,GS,0.011171171171171172
2024-10-31,HCA,0.02018018018018018
2024-10-31,HIG,0.024144144144144144
2024-10-31,HLT,0.015135135135135135
2024-10-31,HUBB,0.0036036036036036037
2024-10-31,HWM,0.02054054054054054
2024-10-31,ICE,0.002162162162162162
2024-10-31,IRM,0.02666666666666667
2024-10-31,ISRG,0.006486486486486486
2024-10-31,JCI,0.0007207207207207207
2024-10-31,JPM,0.0025225225225225228
2024-10-31,KLAC,0.016576576576576577
2024-10-31,KMI,0.0018018018018018018
2024-10-31,KO,0.021261261261261263
2024-10-31,LDOS,0.023063063063063063
2024-10-31,LHX,0.01009009009009009
2024-10-31,META,0.006126126126126126
2024-10-31,MPWR,0.010810810810810811
2024-10-31,MSI,0.01981981981981982
2024-10-31,NFLX,0.002882882882882883
2024-10-31,NI,0.020900900900900903
2024-10-31,NRG,0.023423423423423424
2024-10-31,NVR,0.013693693693693694
2024-10-31,OKE,0.018738738738738738
2024-10-31,PEG,0.011891891891891892
2024-10-31,PGR,0.015855855855855857
2024-10-31,PH,0.014414414414414415
2024-10-31,PHM,0.009369369369369369
2024-10-31,PKG,0.013333333333333334
2024-10-31,PPL,0.006846846846846847
2024-10-31,RCL,0.017297297297297298
2024-10-31,RTX,0.00972972972972973
2024-10-31,SO,0.014054054054054054
2024-10-31,SYF,0.004324324324324324
2024-10-31,T,0.018378378378378378
2024-10-31,TDG,0.022702702702702703
2024-10-31,TMUS,0.01945945945945946
2024-10-31,TRGP,0.021981981981981983
2024-10-31,TSCO,0.011531531531531532
2024-10-31,TT,0.026306306306306305
2024-10-31,TYL,0.007207207207207207
2024-10-31,UHS,0.021621621621621623
2024-10-31,URI,0.008648648648648649
2024-10-31,VLTO,0.014774774774774775
2024-10-31,WAB,0.024504504504504504
2024-10-31,WELL,0.025585585585585584
2024-10-31,XYL,0.0014414414414414415
2024-11-30,ALL,0.004195804195804196
2024-11-30,AMP,0.023310023310023312
2024-11-30,ANET,0.005594405594405594
2024-11-30,AXON,0.022377622377622378
2024-11-30,AXP,0.024242424242424242
2024-11-30,BK,0.028904428904428906
2024-11-30,BRO,0.009790209790209791
2024-11-30,BSX,0.025174825174825177
2024-11-30,CINF,0.006526806526806527
2024-11-30,CMI,0.023776223776223775
2024-11-30,COST,0.01351981351981352
2024-11-30,DFS,0.0013986013986013986
2024-11-30,DOV,0.010722610722610723
2024-11-30,EBAY,0.02097902097902098
2024-11-30,ETN,0.002797202797202797
2024-11-30,ETR,0.016783216783216783
2024-11-30,FI,0.01818181818181818
2024-11-30,FICO,0.020512820512820513
2024-11-30,FIS,0.015384615384615385
2024-11-30,GD,0.027505827505827505
2024-11-30,GLW,0.027972027972027972
2024-11-30,GM,0.011655011655011656
2024-11-30,GRMN,0.008857808857808859
2024-11-30,GS,0.019114219114219115
2024-11-30,GWW,0.004662004662004662
2024-11-30,HIG,0.018648018648018648
2024-11-30,HLT,0.013053613053613054
2024-11-30,HUBB,0.009324009324009324
2024-11-30,HWM,0.020046620046620046
2024-11-30,ICE,0.016317016317016316
2024-11-30,IRM,0.030303030303030304
2024-11-30,ISRG,0.014452214452214451
2024-11-30,JCI,0.0004662004662004662
2024-11-30,JPM,0.012587412587412588
2024-11-30,KMI,0.015850815850815853
2024-11-30,LDOS,0.026573426573426574
2024-11-30,LHX,0.010256410256410256
2024-11-30,MET,0.002331002331002331
2024-11-30,META,0.011188811188811189
2024-11-30,MSI,0.007459207459207459
2024-11-30,MTB,0.006993006993006993
2024-11-30,NI,0.02564102564102564
2024-11-30,NRG,0.019580419580419582
2024-11-30,OKE,0.02703962703962704
2024-11-30,PEG,0.012121212121212121
2024-11-30,PGR,0.007925407925407926
2024-11-30,PKG,0.022843822843822845
2024-11-30,PM,0.014918414918414918
2024-11-30,PNR,0.0018648018648018648
2024-11-30,PWR,0.0032634032634032634
2024-11-30,RCL,0.02191142191142191
2024-11-30,RTX,0.01724941724941725
2024-11-30,SO,0.0037296037296037296
2024-11-30,SYF,0.021445221445221447
2024-11-30,T,0.013986013986013986
2024-11-30,TMUS,0.02470862470862471
2024-11-30,TRGP,0.029836829836829837
2024-11-30,TRV,0.005128205128205128
2024-11-30,TT,0.026107226107226107
2024-11-30,TYL,0.017715617715617717
2024-11-30,URI,0.0009324009324009324
2024-11-30,WAB,0.02843822843822844
2024-11-30,WELL,0.02937062937062937
2024-11-30,WMB,0.006060606060606061
2024-11-30,ZBRA,0.008391608391608392
2024-12-31,ADP,0.008507432757009546
2024-12-31,AFL,0.0021268581892523865
2024-12-31,ALL,0.011343243676012728
2024-12-31,AMP,0.01772381824376989
2024-12-31,ANET,0.005671621838006364
2024-12-31,AXON,0.0155969600545175
2024-12-31,AXP,0.02233201098715006
2024-12-31,BAC,0.001772381824376989
2024-12-31,BK,0.02410439281152705
2024-12-31,BRKB,0.006026098202881762
2024-12-31,BRO,0.018432770973520685
2024-12-31,BSX,0.02374991644665165
2024-12-31,CB,0.006735050932632557
2024-12-31,CINF,0.013470101865265115
2024-12-31,CMI,0.01701486551401909
2024-12-31,COST,0.002835810919003182
2024-12-31,DLR,0.011697720040888126
2024-12-31,DOV,0.007089527297507956
2024-12-31,EBAY,0.010279814581386536
2024-12-31,ETN,0.008861909121884944
2024-12-31,ETR,0.016660389149143695
2024-12-31,FI,0.021268581892523866
2024-12-31,FICO,0.023395440081776252
2024-12-31,FIS,0.004253716378504774
2024-12-31,FOX,0.012052196405763525
2024-12-31,FOXA,0.012406672770638921
2024-12-31,GLW,0.0159514364193929
2024-12-31,GM,0.0031902872838785803
2024-12-31,GRMN,0.00957086185163574
2024-12-31,GS,0.01276114913551432
2024-12-31,GWW,0.007444003662383352
2024-12-31,HIG,0.016305912784268295
2024-12-31,HLT,0.00638057456775716
2024-12-31,HUBB,0.0003544763648753984
2024-12-31,HWM,0.020205152797897672
2024-12-31,IRM,0.020559629162773072
2024-12-31,ISRG,0.014533530959891308
2024-12-31,JCI,0.0010634290946261932
2024-12-31,JPM,0.010634290946261933
2024-12-31,KMI,0.017369341878894492
2024-12-31,LDOS,0.0007089527297507968
2024-12-31,MET,0.004608192743380171
2024-12-31,MO,0.003899240013629375
2024-12-31,MSI,0.023040963716900856
2024-12-31,MTB,0.01098876731113733
2024-12-31,NFLX,0.013115625500389718
2024-12-31,NI,0.02197753462227466
2024-12-31,NRG,0.013824578230140511
2024-12-31,OKE,0.018787247338396082
2024-12-31,ORCL,0.0024813345541277844
2024-12-31,PEG,0.019496200068146875
2024-12-31,PGR,0.018078294608645285
2024-12-31,PH,0.009925338216511138
2024-12-31,PKG,0.021623058257399262
2024-12-31,PM,0.008152956392134147
2024-12-31,RCL,0.015242483689642103
2024-12-31,RTX,0.003544763648753977
2024-12-31,SO,0.005317145473130966
2024-12-31,SYF,0.009216385486760343
2024-12-31,T,0.014179054595015912
2024-12-31,TMUS,0.019850676433022275
2024-12-31,TRGP,0.024813345541277843
2024-12-31,TRV,0.004962669108255569
2024-12-31,TT,0.024458869176402446
2024-12-31,TYL,0.014888007324766705
2024-12-31,UAL,0.00779848002725875
2024-12-31,WAB,0.02091410552764847
2024-12-31,WELL,0.022686487352025456
2024-12-31,WFC,0.001417905459501591
2024-12-31,WMB,0.01914172370327148
2025-01-31,AAPL,0.004757638190304586
2025-01-31,AMP,0.006796625986149409
2025-01-31,AMZN,0.009515276380609172
2025-01-31,AXON,0.027866166543212577
2025-01-31,AXP,0.02922549174044246
2025-01-31,BK,0.025147516148752817
2025-01-31,BKNG,0.0020389877958448227
2025-01-31,BLK,0.005437300788919528
2025-01-31,BSX,0.03126447953628728
2025-01-31,CMI,0.017671227563988465
2025-01-31,DFS,0.00815595118337929
2025-01-31,EBAY,0.02174920315567811
2025-01-31,FI,0.01427291457091376
2025-01-31,FICO,0.01631190236675858
2025-01-31,FOX,0.023788190951522934
2025-01-31,FOXA,0.023108528352907994
2025-01-31,GLW,0.016991564965373525
2025-01-31,GM,0.002718650394459764
2025-01-31,GRMN,0.027186503944597644
2025-01-31,GS,0.02038987795844823
2025-01-31,HLT,0.004077975591689645
2025-01-31,HWM,0.02854582914182752
2025-01-31,IRM,0.0006796625986149399
2025-01-31,ISRG,0.006116963387534469
2025-01-31,JCI,0.012913589373683879
2025-01-31,JPM,0.010194938979224116
2025-01-31,KMI,0.030584816937672343
2025-01-31,MS,0.008835613781994232
2025-01-31,MSI,0.02106954055706317
2025-01-31,NFLX,0.01563223976814364
2025-01-31,NI,0.029905154339057403
2025-01-31,NRG,0.014952577169528702
2025-01-31,OKE,0.007476288584764351
2025-01-31,PEG,0.018350890162603408
2025-01-31,PKG,0.0033983129930747064
2025-01-31,PWR,0.012233926775068937
2025-01-31,RCL,0.03194414213490223
2025-01-31,RL,0.001359325197229882
2025-01-31,SYF,0.02242886575429305
2025-01-31,T,0.010874601577839055
2025-01-31,TRGP,0.03262380473351716
2025-01-31,TSLA,0.01359325197229882
2025-01-31,TT,0.011554264176453997
2025-01-31,UAL,0.024467853550137877
2025-01-31,WAB,0.0265068413459827
2025-01-31,WELL,0.019030552761218344
2025-01-31,WMB,0.025827178747367757
2025-01-31,ZBRA,0.019710215359833288
2025-02-28,AEE,0.003934149979185813
2025-02-28,AMP,0.0022480857023918933
2025-02-28,AXON,0.01573659991674325
2025-02-28,AXP,0.02472894272631082
2025-02-28,BK,0.02753904985430069
2025-02-28,BKR,0.007868299958371626
2025-02-28,BLK,0.01236447136315541
2025-02-28,BSX,0.026977028428702716
2025-02-28,C,0.011240428511959465
2025-02-28,CBRE,0.006182235681577705
2025-02-28,CCL,0.01742266419353717
2025-02-28,DAL,0.0050581928303817586
2025-02-28,DFS,0.010678407086361492
2025-02-28,DGX,0.0016860642767939197
2025-02-28,EBAY,0.012926492788753383
2025-02-28,EVRG,0.005620214255979732
2025-02-28,FFIV,0.016298621342341224
2025-02-28,FI,0.01405053563994933
2025-02-28,FOX,0.030349156982290553
2025-02-28,FOXA,0.02978713555669258
2025-02-28,GLW,0.02641500700310474
2025-02-28,GOOG,0.002810107127989866
2025-02-28,GOOGL,0.0033721285535878395
2025-02-28,GRMN,0.018546707044733116
2025-02-28,GS,0.025852985577506767
2025-02-28,HLT,0.0005620214255979733
2025-02-28,HWM,0.020232771321527034
2025-02-28,ISRG,0.01967074989592906
2025-02-28,JPM,0.014612557065547304
2025-02-28,KMI,0.02810107127989866
2025-02-28,MMM,0.006744257107175679
2025-02-28,MS,0.024166921300712844
2025-02-28,MSI,0.01910872847033109
2025-02-28,NDAQ,0.008992342809567571
2025-02-28,NFLX,0.017984685619135143
2025-02-28,NI,0.028663092705496634
2025-02-28,NRG,0.021356814172722983
2025-02-28,PEG,0.0011240428511959458
2025-02-28,PM,0.013488514214351358
2025-02-28,PODD,0.015174578491145277
2025-02-28,PYPL,0.007306278532773652
2025-02-28,RCL,0.0314731998334865
2025-02-28,RTX,0.008430321383969598
2025-02-28,STT,0.011802449937557438
2025-02-28,SYF,0.021918835598320956
2025-02-28,T,0.023604899875114875
2025-02-28,TMUS,0.010116385660763517
2025-02-28,TRGP,0.029225114131094607
2025-02-28,TSLA,0.009554364235165544
2025-02-28,UAL,0.02248085702391893
2025-02-28,VTR,0.004496171404783786
2025-02-28,WAB,0.023042878449516902
2025-02-28,WELL,0.020794792747125007
2025-02-28,WMB,0.025290964151908794
2025-02-28,WMT,0.030911178407888526
2025-02-28,ZBRA,0.016860642767939197
2025-03-31,AAPL,0.021133886984239233
2025-03-31,ADP,0.010566943492119616
2025-03-31,AEE,0.01706967794880861
2025-03-31,AXP,0.0008128418070861253
2025-03-31,BK,0.03495219770470334
2025-03-31,BRO,0.0016256836141722486
2025-03-31,BSX,0.0300751468621866
2025-03-31,COST,0.020321045177153104
2025-03-31,CSCO,0.02926230505510047
2025-03-31,DGX,0.01137978529920574
2025-03-31,EVRG,0.012192627106291863
2025-03-31,FFIV,0.015443994334636361
2025-03-31,FI,0.025198096019669852
2025-03-31,FOX,0.039829248547220086
2025-03-31,FOXA,0.039016406740133965
2025-03-31,GILD,0.027636621440928225
2025-03-31,GLW,0.030887988669272722
2025-03-31,GRMN,0.0268237796338421
2025-03-31,GS,0.013818310720464112
2025-03-31,HWM,0.03413935589761722
2025-03-31,ISRG,0.016256836141722488
2025-03-31,KMI,0.019508203370066982
2025-03-31,LNT,0.008128418070861244
2025-03-31,MS,0.0024385254212583723
2025-03-31,NFLX,0.024385254212583727
2025-03-31,NI,0.037390723125961714
2025-03-31,NRG,0.004064209035430623
2025-03-31,PAYX,0.008941259877947368
2025-03-31,PM,0.03332651409053109
2025-03-31,PODD,0.02275957059841148
2025-03-31,PPL,0.004877050842516746
2025-03-31,RCL,0.026010937826755978
2025-03-31,REG,0.013005468913377989
2025-03-31,RL,0.009754101685033491
2025-03-31,RTX,0.0032513672283444976
2025-03-31,SO,0.006502734456688994
2025-03-31,T,0.03657788131887559
2025-03-31,TMUS,0.03170083047635885
2025-03-31,TPR,0.021946728791325355
2025-03-31,TRGP,0.028449463248014346
2025-03-31,TTWO,0.014631152527550236
2025-03-31,TYL,0.018695361562980857
2025-03-31,UAL,0.00568989264960287
2025-03-31,V,0.017882519755894735
2025-03-31,VTR,0.032513672283444976
2025-03-31,WEC,0.007315576263775118
2025-03-31,WELL,0.03576503951178947
2025-03-31,WMB,0.0235724124054976
2025-03-31,WMT,0.03820356493304784
2025-04-30,AEE,0.015873015873015872
2025-04-30,AJG,0.022222222222222223
2025-04-30,BK,0.03650793650793651
2025-04-30,BRKB,0.01746031746031746
2025-04-30,BRO,0.03333333333333333
2025-04-30,BSX,0.023809523809523808
2025-04-30,CME,0.006349206349206349
2025-04-30,CSCO,0.025396825396825397
2025-04-30,EVRG,0.009523809523809525
2025-04-30,FI,0.0031746031746031737
2025-04-30,FOX,0.05238095238095238
2025-04-30,FOXA,0.05555555555555555
2025-04-30,GEV,0.014285714285714285
2025-04-30,GILD,0.047619047619047616
2025-04-30,GRMN,0.01904761904761905
2025-04-30,HWM,0.046031746031746035
2025-04-30,ICE,0.007936507936507936
2025-04-30,KMI,0.0380952380952381
2025-04-30,NFLX,0.03492063492063492
2025-04-30,NI,0.050793650793650794
2025-04-30,PAYX,0.020634920634920634
2025-04-30,PM,0.04126984126984127
2025-04-30,PODD,0.012698412698412698
2025-04-30,PPL,0.011111111111111112
2025-04-30,T,0.05396825396825397
2025-04-30,TMUS,0.044444444444444446
2025-04-30,TRGP,0.031746031746031744
2025-04-30,TTWO,0.03015873015873016
2025-04-30,V,0.004761904761904762
2025-04-30,VRSN,0.02857142857142857
2025-04-30,VTR,0.03968253968253968
2025-04-30,WEC,0.0015873015873015869
2025-04-30,WELL,0.049206349206349205
2025-04-30,WMB,0.04285714285714286
2025-04-30,WTW,0.026984126984126985
2025-05-31,AEE,0.034482758620689655
2025-05-31,ATO,0.04827586206896552
2025-05-31,AXON,0.03218390804597701
2025-05-31,AZO,0.006896551724137931
2025-05-31,BK,0.004597701149425287
2025-05-31,BRKB,0.029885057471264367
2025-05-31,BSX,0.020689655172413793
2025-05-31,CAH,0.022988505747126436
2025-05-31,CME,0.052873563218390804
2025-05-31,DRI,0.02528735632183908
2025-05-31,EVRG,0.011494252873563218
2025-05-31,FOX,0.009195402298850575
2025-05-31,FOXA,0.01839080459770115
2025-05-31,FTNT,0.016091954022988506
2025-05-31,GEV,0.03908045977011494
2025-05-31,GILD,0.059770114942528735
2025-05-31,GL,0.05517241379310345
2025-05-31,KR,0.0022988505747126436
2025-05-31,NFLX,0.05057471264367816
2025-05-31,NI,0.06206896551724138
2025-05-31,ORLY,0.04597701149425287
2025-05-31,PM,0.05747126436781609
2025-05-31,T,0.06666666666666667
2025-05-31,TTWO,0.027586206896551724
2025-05-31,VRSN,0.06436781609195402
2025-05-31,WEC,0.0367816091954023
2025-05-31,WELL,0.041379310344827586
2025-05-31,WMB,0.04367816091954023
2025-05-31,WMT,0.013793103448275862
2025-06-30,ADP,0.022198731501057084
2025-06-30,AEE,0.014799154334038056
2025-06-30,ATO,0.010570824524312898
2025-06-30,AXON,0.039112050739957716
2025-06-30,AZO,0.0010570824524312895
2025-06-30,BK,0.02854122621564482
2025-06-30,BSX,0.011627906976744186
2025-06-30,CAH,0.035940803382663845
2025-06-30,CME,0.045454545454545456
2025-06-30,CSCO,0.019027484143763214
2025-06-30,DRI,0.03382663847780127
2025-06-30,EBAY,0.021141649048625793
2025-06-30,FFIV,0.02536997885835095
2025-06-30,FOX,0.0306553911205074
2025-06-30,FOXA,0.03699788583509514
2025-06-30,FTNT,0.009513742071881607
2025-06-30,GEV,0.04334038054968287
2025-06-30,GILD,0.0412262156448203
2025-06-30,GL,0.02431289640591966
2025-06-30,HWM,0.04439746300211417
2025-06-30,IBM,0.013742071881606765
2025-06-30,JBL,0.008456659619450317
2025-06-30,JCI,0.004228329809725159
2025-06-30,KMI,0.005285412262156448
2025-06-30,KR,0.007399577167019027
2025-06-30,LYV,0.0021141649048625794
2025-06-30,MA,0.02748414376321353
2025-06-30,NFLX,0.03488372093023256
2025-06-30,NI,0.03171247357293869
2025-06-30,NRG,0.012684989429175475
2025-06-30,PAYC,0.006342494714587738
2025-06-30,PAYX,0.02959830866807611
2025-06-30,PM,0.042283298097251586
2025-06-30,T,0.040169133192389
2025-06-30,TPR,0.023255813953488372
2025-06-30,TRV,0.015856236786469344
2025-06-30,TTWO,0.016913319238900635
2025-06-30,V,0.03276955602536998
2025-06-30,VRSN,0.03805496828752643
2025-06-30,WEC,0.0200845665961945
2025-06-30,WELL,0.026427061310782242
2025-06-30,WMB,0.017970401691331923
2025-06-30,WMT,0.0031712473572938684
2025-07-31,ABT,0.004897959183673469
2025-07-31,APH,0.018775510204081632
2025-07-31,AXON,0.035918367346938776
2025-07-31,BK,0.013877551020408163
2025-07-31,BKNG,0.02040816326530612
2025-07-31,BSX,0.027755102040816326
2025-07-31,CAH,0.036734693877551024
2025-07-31,CME,0.03836734693877551
2025-07-31,CRWD,0.022040816326530613
2025-07-31,CSCO,0.029387755102040815
2025-07-31,DE,0.0032653061224489797
2025-07-31,DRI,0.0326530612244898
2025-07-31,EBAY,0.015510204081632653
2025-07-31,EQT,0.026938775510204082
2025-07-31,FFIV,0.012244897959183673
2025-07-31,FOX,0.017959183673469388
2025-07-31,FOXA,0.022857142857142857
2025-07-31,FTNT,0.02122448979591837
2025-07-31,GE,0.006530612244897959
2025-07-31,GEV,0.04
2025-07-31,GILD,0.017142857142857144
2025-07-31,GL,0.002448979591836733
2025-07-31,GLW,0.008979591836734694
2025-07-31,HWM,0.037551020408163265
2025-07-31,IBM,0.013061224489795919
2025-07-31,JBL,0.03102040816326531
2025-07-31,JCI,0.014693877551020407
2025-07-31,KMI,0.0008163265306122451
2025-07-31,KR,0.009795918367346938
2025-07-31,LYV,0.019591836734693877
2025-07-31,MA,0.004081632653061225
2025-07-31,META,0.00816326530612245
2025-07-31,NFLX,0.03918367346938775
2025-07-31,NI,0.0163265306122449
2025-07-31,NRG,0.02857142857142857
2025-07-31,PM,0.025306122448979593
2025-07-31,PODD,0.011428571428571429
2025-07-31,PWR,0.0016326530612244899
2025-07-31,RCL,0.026122448979591838
2025-07-31,RL,0.005714285714285714
2025-07-31,T,0.03346938775510204
2025-07-31,TPR,0.03510204081632653
2025-07-31,TTWO,0.03428571428571429
2025-07-31,V,0.0236734693877551
2025-07-31,VRSN,0.03183673469387755
2025-07-31,VST,0.030204081632653063
2025-07-31,WELL,0.010612244897959186
2025-07-31,WMB,0.024489795918367346
2025-07-31,WMT,0.007346938775510204
2025-08-31,APH,0.02694235588972431
2025-08-31,AVGO,0.0043859649122807015
2025-08-31,AXON,0.020050125313283207
2025-08-31,BK,0.02944862155388471
2025-08-31,BKNG,0.016290726817042606
2025-08-31,BSX,0.016917293233082706
2025-08-31,C,0.018170426065162906
2025-08-31,CAH,0.012531328320802004
2025-08-31,CCL,0.011278195488721804
2025-08-31,CME,0.03258145363408521
2025-08-31,CNP,0.03007518796992481
2025-08-31,COF,0.005639097744360902
2025-08-31,CRWD,0.02819548872180451
2025-08-31,CSCO,0.023809523809523808
2025-08-31,DRI,0.009398496240601503
2025-08-31,EBAY,0.017543859649122806
2025-08-31,EQT,0.022556390977443608
2025-08-31,FFIV,0.021303258145363407
2025-08-31,FOX,0.0018796992481203006
2025-08-31,FOXA,0.006892230576441102
2025-08-31,GE,0.013784461152882205
2025-08-31,GEV,0.03508771929824561
2025-08-31,GILD,0.03070175438596491
2025-08-31,GL,0.008771929824561403
2025-08-31,GLW,0.020676691729323307
2025-08-31,HWM,0.03383458646616541
2025-08-31,JBL,0.03320802005012531
2025-08-31,JCI,0.007518796992481203
2025-08-31,JPM,0.0037593984962406013
2025-08-31,KR,0.015664160401002505
2025-08-31,LYV,0.021929824561403508
2025-08-31,MS,0.0006265664160401002
2025-08-31,NDAQ,0.011904761904761904
2025-08-31,NFLX,0.03132832080200501
2025-08-31,NI,0.02756892230576441
2025-08-31,NRG,0.02568922305764411
2025-08-31,NTRS,0.005012531328320802
2025-08-31,ORCL,0.015037593984962405
2025-08-31,PARA,0.023182957393483708
2025-08-31,PWR,0.003132832080200501
2025-08-31,RCL,0.03195488721804511
2025-08-31,RL,0.02506265664160401
2025-08-31,RTX,0.006265664160401002
2025-08-31,SCHW,0.018796992481203006
2025-08-31,STT,0.008145363408521303
2025-08-31,T,0.02882205513784461
2025-08-31,TDY,0.002506265664160401
2025-08-31,TPR,0.03446115288220551
2025-08-31,TRMB,0.010025062656641603
2025-08-31,TTWO,0.014411027568922305
2025-08-31,UAL,0.010651629072681704
2025-08-31,V,0.019423558897243107
2025-08-31,VRSN,0.02443609022556391
2025-08-31,VST,0.02631578947368421
2025-08-31,WBD,0.0012531328320802004
2025-08-31,WELL,0.013157894736842105
2025-09-30,APH,0.030257936507936508
2025-09-30,AXON,0.015873015873015872
2025-09-30,AZO,0.023809523809523808
2025-09-30,BA,0.026785714285714284
2025-09-30,BK,0.027281746031746032
2025-09-30,BKNG,0.001984126984126984
2025-09-30,BR,0.00992063492063492
2025-09-30,BSX,0.011904761904761904
2025-09-30,C,0.02628968253968254
2025-09-30,CAH,0.009424603174603174
2025-09-30,CCL,0.012896825396825396
2025-09-30,CME,0.019345238095238096
2025-09-30,CNP,0.01488095238095238
2025-09-30,COF,0.016865079365079364
2025-09-30,CRWD,0.015376984126984126
2025-09-30,CSCO,0.017857142857142856
2025-09-30,DLTR,0.010416666666666666
2025-09-30,DRI,0.00496031746031746
2025-09-30,EBAY,0.023313492063492064
2025-09-30,EQT,0.005952380952380952
2025-09-30,EW,0.02132936507936508
2025-09-30,EXPE,0.000992063492063492
2025-09-30,FFIV,0.020337301587301588
2025-09-30,FOX,0.017361111111111112
2025-09-30,FOXA,0.0248015873015873
2025-09-30,GE,0.00744047619047619
2025-09-30,GEV,0.030753968253968252
2025-09-30,GILD,0.01636904761904762
2025-09-30,GL,0.021825396825396824
2025-09-30,GLW,0.025793650793650792
2025-09-30,GRMN,0.013888888888888888
2025-09-30,GS,0.014384920634920634
2025-09-30,HWM,0.027777777777777776
2025-09-30,JBL,0.022817460317460316
2025-09-30,JCI,0.005456349206349206
2025-09-30,JPM,0.024305555555555552
2025-09-30,L,0.010912698412698412
2025-09-30,LH,0.002976190476190476
2025-09-30,LYV,0.018849206349206348
2025-09-30,MA,0.004464285714285714
2025-09-30,MO,0.003968253968253968
2025-09-30,MS,0.011408730158730158
2025-09-30,NDAQ,0.008432539682539682
2025-09-30,NFLX,0.028769841269841268
2025-09-30,NI,0.013392857142857142
2025-09-30,NTRS,0.006448412698412698
2025-09-30,NWS,0.00248015873015873
2025-09-30,PLTR,0.03125
2025-09-30,PM,0.000496031746031746
2025-09-30,RCL,0.029265873015873016
2025-09-30,RL,0.0034722222222222203
2025-09-30,RTX,0.018353174603174604
2025-09-30,SCHW,0.020833333333333332
2025-09-30,STT,0.01240079365079365
2025-09-30,SYF,0.007936507936507936
2025-09-30,T,0.022321428571428572
2025-09-30,TEL,0.001488095238095238
2025-09-30,TPR,0.02976190476190476
2025-09-30,TTWO,0.028273809523809524
2025-09-30,V,0.01984126984126984
2025-09-30,VRSN,0.025297619047619048
2025-09-30,WELL,0.006944444444444444
2025-09-30,WFC,0.008928571428571428
2025-10-31,AEE,0.0021152829190904283
2025-10-31,APH,0.03120042305658382
2025-10-31,ATO,0.005817028027498678
2025-10-31,AVGO,0.007403490216816499
2025-10-31,AZO,0.02908514013749339
2025-10-31,BA,0.015335801163405606
2025-10-31,BK,0.024325753569539928
2025-10-31,C,0.02749867794817557
2025-10-31,CAH,0.021152829190904283
2025-10-31,CME,0.013220518244315178
2025-10-31,CNP,0.026969857218402962
2025-10-31,COR,0.010047593865679535
2025-10-31,CRWD,0.01956636700158646
2025-10-31,DLTR,0.005288207297726071
2025-10-31,EBAY,0.02009518773135907
2025-10-31,EQT,0.007932310946589107
2025-10-31,EVRG,0.014806980433632998
2025-10-31,FFIV,0.008989952406134321
2025-10-31,FOX,0.025912215758857746
2025-10-31,FOXA,0.028027498677948175
2025-10-31,GE,0.02644103648863036
2025-10-31,GEV,0.02538339502908514
2025-10-31,GILD,0.008461131676361713
2025-10-31,GL,0.01850872554204125
2025-10-31,GLW,0.028556319407720784
2025-10-31,GS,0.017979904812268643
2025-10-31,HWM,0.030142781597038603
2025-10-31,IDXX,0.0031729243786356425
2025-10-31,JBL,0.0222104706504495
2025-10-31,JCI,0.012162876784769964
2025-10-31,JPM,0.02168164992067689
2025-10-31,KLAC,0.011634056054997356
2025-10-31,L,0.017451084082496033
2025-10-31,LH,0.0037017451084082496
2025-10-31,LRCX,0.019037546271813855
2025-10-31,LYV,0.006345848757271285
2025-10-31,MCK,0.015864621893178214
2025-10-31,MNST,0.010576414595452142
2025-10-31,MO,0.009518773135906928
2025-10-31,MS,0.0010576414595452142
2025-10-31,NEM,0.022739291380222106
2025-10-31,NFLX,0.023268112109994712
2025-10-31,NI,0.016922263352723427
2025-10-31,NRG,0.01639344262295082
2025-10-31,ORCL,0.006874669487043892
2025-10-31,PLTR,0.03225806451612903
2025-10-31,RL,0.01110523532522475
2025-10-31,ROL,0.0015864621893178213
2025-10-31,RTX,0.020624008461131677
2025-10-31,SCHW,0.0005288207297726062
2025-10-31,STT,0.004759386567953464
2025-10-31,STX,0.023796932839767318
2025-10-31,T,0.014278159703860392
2025-10-31,TEL,0.01269169751454257
2025-10-31,TJX,0.004230565838180857
2025-10-31,TPR,0.03172924378635643
2025-10-31,TTWO,0.030671602326811213
2025-10-31,ULTA,0.013749338974087784
2025-10-31,VRSN,0.029613960867265997
2025-10-31,WBD,0.024854574299312534
2025-10-31,WRB,0.0026441036488630354
2025-11-30,AMD,0.000725689404934688
2025-11-30,APH,0.03701015965166909
2025-11-30,APTV,0.007982583454281567
2025-11-30,AVGO,0.030478955007256895
2025-11-30,BK,0.013788098693759071
2025-11-30,C,0.018867924528301886
2025-11-30,CAH,0.02467343976777939
2025-11-30,CAT,0.005805515239477504
2025-11-30,CHRW,0.001451378809869376
2025-11-30,CNP,0.0029027576197387522
2025-11-30,COR,0.016690856313497822
2025-11-30,CRWD,0.023222060957910014
2025-11-30,CSCO,0.00725689404934688
2025-11-30,DLTR,0.006531204644412192
2025-11-30,EVRG,0.013062409288824383
2025-11-30,FOX,0.018142235123367198
2025-11-30,FOXA,0.02539912917271408
2025-11-30,GD,0.011611030478955007
2025-11-30,GE,0.03193033381712627
2025-11-30,GEV,0.01451378809869376
2025-11-30,GILD,0.015239477503628448
2025-11-30,GLW,0.03555878084179971
2025-11-30,GOOG,0.026850507982583455
2025-11-30,GOOGL,0.02902757619738752
2025-11-30,HCA,0.015965166908563134
2025-11-30,HII,0.020319303338171262
2025-11-30,HWM,0.031204644412191583
2025-11-30,IDXX,0.026124818577648767
2025-11-30,INTC,0.009433962264150943
2025-11-30,JBL,0.023947750362844702
2025-11-30,JCI,0.010159651669085631
2025-11-30,JNJ,0.0021770682148040637
2025-11-30,KLAC,0.034107402031930335
2025-11-30,LRCX,0.036284470246734396
2025-11-30,MPWR,0.022496371552975326
2025-11-30,MSFT,0.00362844702467344
2025-11-30,MU,0.027576197387518143
2025-11-30,NEM,0.033381712626995644
2025-11-30,NRG,0.019593613933236574
2025-11-30,NVDA,0.01088534107402032
2025-11-30,PLTR,0.03773584905660377
2025-11-30,RL,0.008708272859216255
2025-11-30,RTX,0.03265602322206096
2025-11-30,STX,0.03483309143686502
2025-11-30,TEL,0.029753265602322207
2025-11-30,TER,0.0043541364296081275
2025-11-30,TPR,0.02830188679245283
2025-11-30,TTWO,0.02177068214804064
2025-11-30,ULTA,0.005079825834542816
2025-11-30,WBD,0.02104499274310595
2025-11-30,WDC,0.012336719883889695
2025-11-30,WELL,0.01741654571843251
2025-12-31,AEP,0.0043859649122807015
2025-12-31,APH,0.03446115288220551
2025-12-31,ATO,0.015664160401002505
2025-12-31,BK,0.020676691729323307
2025-12-31,C,0.005012531328320802
2025-12-31,CAH,0.03070175438596491
2025-12-31,CAT,0.0037593984962406013
2025-12-31,CBOE,0.008771929824561403
2025-12-31,CNP,0.016290726817042606
2025-12-31,COR,0.02694235588972431
2025-12-31,CSCO,0.002506265664160401
2025-12-31,CVS,0.011278195488721804
2025-12-31,ETR,0.021929824561403508
2025-12-31,EVRG,0.018170426065162906
2025-12-31,F,0.006265664160401002
2025-12-31,FOXA,0.006892230576441102
2025-12-31,GD,0.016917293233082706
2025-12-31,GE,0.02568922305764411
2025-12-31,GEV,0.003132832080200501
2025-12-31,GILD,0.015037593984962405
2025-12-31,GLW,0.02443609022556391
2025-12-31,GM,0.009398496240601503
2025-12-31,GOOG,0.018796992481203006
2025-12-31,GOOGL,0.021303258145363407
2025-12-31,GS,0.0018796992481203006
2025-12-31,HAS,0.013157894736842105
2025-12-31,HCA,0.02819548872180451
2025-12-31,HII,0.023182957393483708
2025-12-31,HWM,0.03132832080200501
2025-12-31,IDXX,0.03320802005012531
2025-12-31,INCY,0.010025062656641603
2025-12-31,JCI,0.012531328320802004
2025-12-31,JNJ,0.023809523809523808
2025-12-31,KLAC,0.02631578947368421
2025-12-31,L,0.022556390977443608
2025-12-31,LRCX,0.03258145363408521
2025-12-31,MCK,0.02882205513784461
2025-12-31,MNST,0.017543859649122806
2025-12-31,MPC,0.0006265664160401002
2025-12-31,MU,0.03007518796992481
2025-12-31,NEM,0.03508771929824561
2025-12-31,NI,0.008145363408521303
2025-12-31,NRG,0.010651629072681704
2025-12-31,PLTR,0.02944862155388471
2025-12-31,RL,0.005639097744360902
2025-12-31,ROL,0.020050125313283207
2025-12-31,RTX,0.02756892230576441
2025-12-31,STX,0.03383458646616541
2025-12-31,TEL,0.014411027568922305
2025-12-31,TPR,0.013784461152882205
2025-12-31,TTWO,0.0012531328320802004
2025-12-31,VTR,0.007518796992481203
2025-12-31,WBD,0.019423558897243107
2025-12-31,WDC,0.02506265664160401
2025-12-31,WELL,0.03195488721804511
2025-12-31,WYNN,0.011904761904761904
2026-01-31,APH,0.03327283726557774
2026-01-31,ATO,0.012099213551119177
2026-01-31,BK,0.014519056261343012
2026-01-31,C,0.0012099213551119178
2026-01-31,CAH,0.022988505747126436
2026-01-31,CAT,0.009074410163339383
2026-01-31,CBOE,0.007864488808227465
2026-01-31,CHRW,0.006049606775559589
2026-01-31,CMI,0.0054446460980036296
2026-01-31,CSCO,0.006654567453115548
2026-01-31,DG,0.02601330913490623
2026-01-31,DLTR,0.02117362371445856
2026-01-31,EA,0.024803387779794312
2026-01-31,EXPE,0.018753781004234724
2026-01-31,F,0.0205686630369026
2026-01-31,FOX,0.008469449485783424
2026-01-31,FOXA,0.019963702359346643
2026-01-31,FSLR,0.004234724742891712
2026-01-31,GD,0.029643073200241985
2026-01-31,GE,0.013914095583787053
2026-01-31,GEV,0.003629764065335753
2026-01-31,GLW,0.02722323049001815
2026-01-31,GM,0.030852994555353903
2026-01-31,GOOG,0.011494252873563218
2026-01-31,GOOGL,0.012704174228675136
2026-01-31,GS,0.0006049606775559589
2026-01-31,HAS,0.016333938294010888
2026-01-31,HCA,0.0048396854204476696
2026-01-31,HII,0.029038112522686024
2026-01-31,HWM,0.025408348457350273
2026-01-31,IDXX,0.019358741681790685
2026-01-31,INTC,0.0102843315184513
2026-01-31,JCI,0.023593466424682397
2026-01-31,JNJ,0.024198427102238355
2026-01-31,KLAC,0.021778584392014518
2026-01-31,L,0.015124016938898971
2026-01-31,LDOS,0.0024198427102238356
2026-01-31,LHX,0.02238354506957048
2026-01-31,LRCX,0.03206291591046582
2026-01-31,MCK,0.018148820326678767
2026-01-31,MNST,0.030248033877797943
2026-01-31,MU,0.0338777979431337
2026-01-31,NEM,0.034482758620689655
2026-01-31,PLTR,0.03145795523290986
2026-01-31,ROL,0.01693889897156685
2026-01-31,RTX,0.02661826981246219
2026-01-31,STX,0.032667876588021776
2026-01-31,TEL,0.017543859649122806
2026-01-31,TJX,0.0030248033877797943
2026-01-31,TPR,0.01572897761645493
2026-01-31,TRV,0.0018148820326678765
2026-01-31,TTWO,0.013309134906231094
2026-01-31,ULTA,0.007259528130671506
2026-01-31,VTR,0.009679370840895343
2026-01-31,WBD,0.028433151845130067
2026-01-31,WDC,0.027828191167574106
2026-01-31,WELL,0.010889292196007257
2026-02-28,ADM,0.004371584699453552
2026-02-28,ALB,0.020218579234972677
2026-02-28,AMAT,0.021311475409836064
2026-02-28,AMD,0.011475409836065573
2026-02-28,APH,0.03114754098360656
2026-02-28,BG,0.002185792349726776
2026-02-28,BK,0.015300546448087432
2026-02-28,CAH,0.017486338797814208
2026-02-28,CAT,0.023497267759562842
2026-02-28,CBOE,0.007650273224043716
2026-02-28,CHRW,0.018579234972677595
2026-02-28,CMI,0.012568306010928962
2026-02-28,COR,0.012021857923497269
2026-02-28,DG,0.022404371584699455
2026-02-28,DLTR,0.006010928961748634
2026-02-28,EA,0.020765027322404372
2026-02-28,EBAY,0.007103825136612022
2026-02-28,F,0.02622950819672131
2026-02-28,FCX,0.003825136612021858
2026-02-28,GD,0.02841530054644809
2026-02-28,GE,0.010382513661202186
2026-02-28,GEV,0.02185792349726776
2026-02-28,GLW,0.0273224043715847
2026-02-28,GM,0.02896174863387978
2026-02-28,GOOG,0.02459016393442623
2026-02-28,GOOGL,0.025136612021857924
2026-02-28,GS,0.016939890710382512
2026-02-28,HAS,0.0027322404371584695
2026-02-28,HCA,0.00819672131147541
2026-02-28,HII,0.029508196721311476
2026-02-28,HWM,0.013661202185792351
2026-02-28,INTC,0.009289617486338797
2026-02-28,JCI,0.003278688524590165
2026-02-28,JNJ,0.015846994535519125
2026-02-28,KEYS,0.009836065573770493
2026-02-28,KLAC,0.027868852459016394
2026-02-28,LDOS,0.01639344262295082
2026-02-28,LHX,0.024043715846994537
2026-02-28,LRCX,0.030054644808743168
2026-02-28,MCK,0.0005464480874316953
2026-02-28,MLM,0.01092896174863388
2026-02-28,MNST,0.025683060109289616
2026-02-28,MPWR,0.014754098360655738
2026-02-28,MS,0.006557377049180328
2026-02-28,MU,0.03169398907103825
2026-02-28,NEE,0.001639344262295082
2026-02-28,NEM,0.03278688524590164
2026-02-28,NOC,0.004918032786885246
2026-02-28,PH,0.014207650273224045
2026-02-28,PWR,0.019672131147540985
2026-02-28,ROL,0.013114754098360656
2026-02-28,RTX,0.026775956284153007
2026-02-28,SCHW,0.00546448087431694
2026-02-28,STLD,0.008743169398907104
2026-02-28,STT,0.001092896174863388
2026-02-28,STX,0.030601092896174863
2026-02-28,TER,0.01912568306010929
2026-02-28,ULTA,0.022950819672131147
2026-02-28,WBD,0.018032786885245903
2026-02-28,WDC,0.03224043715846994
2026-03-31,ADI,0.005495195072763238
2026-03-31,ALB,0.010490826957093455
2026-03-31,AMAT,0.011989516522392519
2026-03-31,AME,0.0017484711595155758
2026-03-31,APH,0.01523667724720716
2026-03-31,BK,0.006494321449629281
2026-03-31,C,0.004496068695897195
2026-03-31,CAH,0.003746723913247662
2026-03-31,CAT,0.012489079710825541
2026-03-31,CFG,0.0034969423190311516
2026-03-31,CMI,0.009241918986010901
2026-03-31,DG,0.002997379130598131
2026-03-31,DLTR,0.0032471607248146404
2026-03-31,EL,0.0002497815942165108
2026-03-31,F,0.014487332464557627
2026-03-31,FDX,0.0004995631884330216
2026-03-31,GD,0.010241045362876944
2026-03-31,GE,0.006744103043845792
2026-03-31,GEV,0.013238424493475074
2026-03-31,GLW,0.013987769276124606
2026-03-31,GM,0.011489953333959496
2026-03-31,GOOG,0.010990390145526475
2026-03-31,GOOGL,0.011240171739742988
2026-03-31,GS,0.010740608551309965
2026-03-31,HAS,0.009741482174443922
2026-03-31,HCA,0.0014986895652990646
2026-03-31,HII,0.012738861305042053
2026-03-31,HUBB,0.002747597536381619
2026-03-31,HWM,0.009991263768660432
2026-03-31,INCY,0.001248907971082554
2026-03-31,JBL,0.005994758261196259
2026-03-31,JCI,0.0072436662322788135
2026-03-31,JNJ,0.007743229420711834
2026-03-31,KEYS,0.0062445398554127705
2026-03-31,KLAC,0.008242792609144858
2026-03-31,LHX,0.008492574203361369
2026-03-31,LRCX,0.013737987681908096
2026-03-31,MLM,0.01223929811660903
2026-03-31,MNST,0.007993011014928348
2026-03-31,MPWR,0.003996505507464172
2026-03-31,MS,0.006993884638062303
2026-03-31,MU,0.01473711405877414
2026-03-31,NDSN,0.004995631884330216
2026-03-31,NEM,0.01548645884142367
2026-03-31,PH,0.01173973492817601
2026-03-31,PWR,0.012988642899258562
2026-03-31,RL,0.0007493447826495324
2026-03-31,ROST,0.005744976666979749
2026-03-31,RTX,0.00949170058022741
2026-03-31,STLD,0.008742355797577879
2026-03-31,STT,0.005245413478546727
2026-03-31,STX,0.014237550870341117
2026-03-31,TEL,0.002497815942165108
2026-03-31,TER,0.01498689565299065
2026-03-31,TPR,0.00899213739179439
2026-03-31,ULTA,0.013488206087691584
2026-03-31,VLO,0.0009991263768660433
2026-03-31,VMC,0.0022480343479485973
2026-03-31,VTRS,0.0042462871016806835
2026-03-31,WAB,0.004745850290113706
2026-03-31,WBD,0.007493447826495324
2026-03-31,WDC,0.015736240435640182
2026-03-31,WMT,0.0019982527537320866
2026-04-30,ADM,0.0065914299226539005
2026-04-30,ALB,0.01867571811418605
2026-04-30,AMAT,0.010985716537756499
2026-04-30,APA,0.014281431499083449
2026-04-30,BK,0.009337859057093025
2026-04-30,C,0.0038450007882147746
2026-04-30,CAT,0.016478574806634748
2026-04-30,CFG,0.0016478574806634751
2026-04-30,CMI,0.012084288191532148
2026-04-30,CSCO,0.000549285826887825
2026-04-30,ETR,0.0049435724419904245
2026-04-30,GD,0.009887144883980849
2026-04-30,GEV,0.013182859845307801
2026-04-30,GLW,0.017027860633522574
2026-04-30,GM,0.005492858268878249
2026-04-30,HAL,0.013732145672195625
2026-04-30,HOLX,0.0027464291344391246
2026-04-30,JNJ,0.014830717325971274
2026-04-30,KLAC,0.0032957149613269503
2026-04-30,LHX,0.0010985716537756495
2026-04-30,LRCX,0.015929288979746922
2026-04-30,MPC,0.006042144095766074
2026-04-30,MU,0.018126432287298225
2026-04-30,NEE,0.007690001576429549
2026-04-30,NEM,0.0087885732302052
2026-04-30,PSX,0.010436430710868675
2026-04-30,PWR,0.012633574018419974
2026-04-30,ROST,0.008239287403317374
2026-04-30,RTX,0.011535002364644324
2026-04-30,STT,0.0021971433075513
2026-04-30,STX,0.019225003941073873
2026-04-30,TER,0.019774289767961698
2026-04-30,TPR,0.0043942866151026
2026-04-30,VLO,0.0175771464604104
2026-04-30,WBD,0.0153800031528591
2026-04-30,WDC,0.020323575594849524
2026-04-30,XOM,0.007140715749541724
2026-05-31,ADI,0.0019447086883952315
2026-05-31,ADM,0.006389757119012903
2026-05-31,ALB,0.013890776345680223
2026-05-31,AMAT,0.011112621076544179
2026-05-31,AMD,0.0013890776345680223
2026-05-31,APA,0.006667572645926508
2026-05-31,BK,0.005000679484444881
2026-05-31,BKR,0.005278495011358485
2026-05-31,C,0.005834126065185694
2026-05-31,CAT,0.012223883184198597
2026-05-31,CBOE,0.001111262107654418
2026-05-31,CFG,0.0069453881728401105
2026-05-31,CHRW,0.003333786322963254
2026-05-31,CMI,0.010834805549630575
2026-05-31,CSCO,0.0027781552691360446
2026-05-31,DVN,0.003889417376790463
2026-05-31,ETR,0.010001358968889762
2026-05-31,FANG,0.004167232903704067
2026-05-31,FDX,0.008890096861235344
2026-05-31,GEV,0.007778834753580926
2026-05-31,GLW,0.0125016987111122
2026-05-31,GM,0.0047228639575312755
2026-05-31,GOOG,0.009167912388148947
2026-05-31,GOOGL,0.009723543441976156
2026-05-31,HAL,0.013335145291853015
2026-05-31,INTC,0.009445727915062551
2026-05-31,JBHT,0.0030559707960496492
2026-05-31,JBL,0.002222524215308836
2026-05-31,JNJ,0.007501019226667321
2026-05-31,KEYS,0.0061119415920992985
2026-05-31,KLAC,0.007223203699753716
2026-05-31,L,0.000555631053827209
2026-05-31,LRCX,0.011668252130371388
2026-05-31,MU,0.01305732976493941
2026-05-31,NEE,0.008612281334321738
2026-05-31,NEM,0.008056650280494529
2026-05-31,NI,0.0002778155269136045
2026-05-31,NUE,0.004445048430617672
2026-05-31,PSX,0.0016668931614816276
2026-05-31,PWR,0.008334465807408134
2026-05-31,ROST,0.011390436603457784
2026-05-31,SLB,0.005556310538272089
2026-05-31,STLD,0.003611601849876858
2026-05-31,STT,0.0025003397422224405
2026-05-31,STX,0.012779514238025806
2026-05-31,TER,0.013612960818766619
2026-05-31,VLO,0.011946067657284993
2026-05-31,VTRS,0.0008334465807408135
2026-05-31,WBD,0.010279174495803366
2026-05-31,WDC,0.014168591872593828
2026-05-31,WMT,0.01055699002271697
2026-06-30,AAPL,0.00984587767320198
2026-06-30,ADI,0.004430644952940891
2026-06-30,ADM,0.015261110393463069
2026-06-30,ALB,0.023137812532024654
2026-06-30,AMAT,0.021168636997384256
2026-06-30,AMD,0.014276522626142872
2026-06-30,BIIB,0.012799640975162573
2026-06-30,BKR,0.0009845877673201981
2026-06-30,CAT,0.021660930881044357
2026-06-30,CBOE,0.014768816509802971
2026-06-30,CHRW,0.005907526603921189
2026-06-30,CMI,0.02018404923006406
2026-06-30,CSCO,0.007876702138561583
2026-06-30,DAL,0.005415232720261089
2026-06-30,DELL,0.008861289905881782
2026-06-30,ETR,0.007384408254901486
2026-06-30,FDX,0.018214873695423663
2026-06-30,GD,0.002461469418300495
2026-06-30,GEV,0.0019691755346403963
2026-06-30,GLW,0.024122400299344853
2026-06-30,GM,0.016737992044443366
2026-06-30,GOOG,0.01919946146274386
2026-06-30,GOOGL,0.01969175534640396
2026-06-30,GS,0.0014768816509802972
2026-06-30,HAL,0.022153224764704455
2026-06-30,HPE,0.011322759324182278
2026-06-30,HST,0.008368996022221683
2026-06-30,INTC,0.02067634311372416
2026-06-30,IVZ,0.006892114371241386
2026-06-30,JBHT,0.015753404277123167
2026-06-30,JNJ,0.016245698160783268
2026-06-30,KEYS,0.013291934858822673
2026-06-30,KLAC,0.010830465440522179
2026-06-30,LRCX,0.022645518648364556
2026-06-30,MRK,0.00492293883660099
2026-06-30,MS,0.003938351069280792
2026-06-30,MU,0.02510698806666505
2026-06-30,NEM,0.013784228742482772
2026-06-30,NUE,0.00935358378954188
2026-06-30,PLD,0.006399820487581287
2026-06-30,PSX,0.003446057185620693
2026-06-30,PWR,0.017722579811763565
2026-06-30,ROST,0.023630106415684755
2026-06-30,SLB,0.01033817155686208
2026-06-30,STLD,0.017230285928103467
2026-06-30,STT,0.0029537633019605944
2026-06-30,STX,0.024614694183004954
2026-06-30,TER,0.025599281950325146
2026-06-30,TRGP,0.000492293883660099
2026-06-30,VLO,0.01870716757908376
2026-06-30,VTRS,0.012307347091502477
2026-06-30,WBD,0.011815053207842378
2026-06-30,WDC,0.026091575833985248
