date,ticker,weight
2023-11-10,ACGL,0.02702702702702703
2023-11-10,ADBE,0.02702702702702703
2023-11-10,AJG,0.02702702702702703
2023-11-10,AMD,0.02702702702702703
2023-11-10,ANET,0.02702702702702703
2023-11-10,AVGO,0.02702702702702703
2023-11-10,BKNG,0.02702702702702703
2023-11-10,BR,0.02702702702702703
2023-11-10,CBOE,0.02702702702702703
2023-11-10,CDNS,0.02702702702702703
2023-11-10,CMCSA,0.02702702702702703
2023-11-10,CME,0.02702702702702703
2023-11-10,ETN,0.02702702702702703
2023-11-10,FDX,0.02702702702702703
2023-11-10,GOOG,0.02702702702702703
2023-11-10,GOOGL,0.02702702702702703
2023-11-10,KLAC,0.02702702702702703
2023-11-10,LLY,0.02702702702702703
2023-11-10,MA,0.02702702702702703
2023-11-10,META,0.02702702702702703
2023-11-10,MSFT,0.02702702702702703
2023-11-10,NOW,0.02702702702702703
2023-11-10,NVDA,0.02702702702702703
2023-11-10,NVR,0.02702702702702703
2023-11-10,ODFL,0.02702702702702703
2023-11-10,ORCL,0.02702702702702703
2023-11-10,PH,0.02702702702702703
2023-11-10,PHM,0.02702702702702703
2023-11-10,PNR,0.02702702702702703
2023-11-10,RCL,0.02702702702702703
2023-11-10,ROP,0.02702702702702703
2023-11-10,SNPS,0.02702702702702703
2023-11-10,TDG,0.02702702702702703
2023-11-10,TJX,0.02702702702702703
2023-11-10,TTWO,0.02702702702702703
2023-11-10,VRSK,0.02702702702702703
2023-11-10,WST,0.02702702702702703
2023-11-17,ACGL,0.03125
2023-11-17,ADBE,0.03125
2023-11-17,AJG,0.03125
2023-11-17,ANET,0.03125
2023-11-17,AVGO,0.03125
2023-11-17,BKNG,0.03125
2023-11-17,BRO,0.03125
2023-11-17,CBOE,0.03125
2023-11-17,CDNS,0.03125
2023-11-17,CMCSA,0.03125
2023-11-17,CME,0.03125
2023-11-17,CRM,0.03125
2023-11-17,FDX,0.03125
2023-11-17,GOOG,0.03125
2023-11-17,GOOGL,0.03125
2023-11-17,INTU,0.03125
2023-11-17,LLY,0.03125
2023-11-17,MCK,0.03125
2023-11-17,META,0.03125
2023-11-17,MMC,0.03125
2023-11-17,MSFT,0.03125
2023-11-17,NOW,0.03125
2023-11-17,NVDA,0.03125
2023-11-17,ORCL,0.03125
2023-11-17,PHM,0.03125
2023-11-17,PNR,0.03125
2023-11-17,SNPS,0.03125
2023-11-17,STE,0.03125
2023-11-17,TDG,0.03125
2023-11-17,TTWO,0.03125
2023-11-17,VRSK,0.03125
2023-11-17,WST,0.03125
2023-11-24,ACGL,0.04
2023-11-24,ADBE,0.04
2023-11-24,AJG,0.04
2023-11-24,AVGO,0.04
2023-11-24,BRO,0.04
2023-11-24,CAH,0.04
2023-11-24,CBOE,0.04
2023-11-24,CDNS,0.04
2023-11-24,CHD,0.04
2023-11-24,CME,0.04
2023-11-24,GE,0.04
2023-11-24,LLY,0.04
2023-11-24,MCK,0.04
2023-11-24,META,0.04
2023-11-24,MSFT,0.04
2023-11-24,NFLX,0.04
2023-11-24,NOW,0.04
2023-11-24,NVDA,0.04
2023-11-24,PHM,0.04
2023-11-24,ROP,0.04
2023-11-24,SNPS,0.04
2023-11-24,TDG,0.04
2023-11-24,TTWO,0.04
2023-11-24,VRSK,0.04
2023-11-24,WELL,0.04
2023-12-01,ACGL,0.03333333333333333
2023-12-01,ADBE,0.03333333333333333
2023-12-01,AIZ,0.03333333333333333
2023-12-01,AJG,0.03333333333333333
2023-12-01,AMZN,0.03333333333333333
2023-12-01,ANET,0.03333333333333333
2023-12-01,AVGO,0.03333333333333333
2023-12-01,BKNG,0.03333333333333333
2023-12-01,BRO,0.03333333333333333
2023-12-01,CAH,0.03333333333333333
2023-12-01,CBOE,0.03333333333333333
2023-12-01,CDNS,0.03333333333333333
2023-12-01,CME,0.03333333333333333
2023-12-01,CRM,0.03333333333333333
2023-12-01,DHI,0.03333333333333333
2023-12-01,ETN,0.03333333333333333
2023-12-01,FDX,0.03333333333333333
2023-12-01,GE,0.03333333333333333
2023-12-01,LLY,0.03333333333333333
2023-12-01,MCK,0.03333333333333333
2023-12-01,META,0.03333333333333333
2023-12-01,MSFT,0.03333333333333333
2023-12-01,NOW,0.03333333333333333
2023-12-01,NVDA,0.03333333333333333
2023-12-01,PHM,0.03333333333333333
2023-12-01,RCL,0.03333333333333333
2023-12-01,SNPS,0.03333333333333333
2023-12-01,TDG,0.03333333333333333
2023-12-01,TTWO,0.03333333333333333
2023-12-01,VRSK,0.03333333333333333
2023-12-08,AAPL,0.02857142857142857
2023-12-08,ACGL,0.02857142857142857
2023-12-08,ADBE,0.02857142857142857
2023-12-08,AJG,0.02857142857142857
2023-12-08,AMD,0.02857142857142857
2023-12-08,AMZN,0.02857142857142857
2023-12-08,ANET,0.02857142857142857
2023-12-08,AVGO,0.02857142857142857
2023-12-08,BKNG,0.02857142857142857
2023-12-08,BRO,0.02857142857142857
2023-12-08,CAH,0.02857142857142857
2023-12-08,CBOE,0.02857142857142857
2023-12-08,CDNS,0.02857142857142857
2023-12-08,CEG,0.02857142857142857
2023-12-08,CRM,0.02857142857142857
2023-12-08,DHI,0.02857142857142857
2023-12-08,ETN,0.02857142857142857
2023-12-08,FDX,0.02857142857142857
2023-12-08,GE,0.02857142857142857
2023-12-08,HWM,0.02857142857142857
2023-12-08,LEN,0.02857142857142857
2023-12-08,LLY,0.02857142857142857
2023-12-08,META,0.02857142857142857
2023-12-08,MSFT,0.02857142857142857
2023-12-08,NOW,0.02857142857142857
2023-12-08,NVDA,0.02857142857142857
2023-12-08,ORCL,0.02857142857142857
2023-12-08,PH,0.02857142857142857
2023-12-08,PHM,0.02857142857142857
2023-12-08,RCL,0.02857142857142857
2023-12-08,ROP,0.02857142857142857
2023-12-08,SNPS,0.02857142857142857
2023-12-08,TDG,0.02857142857142857
2023-12-08,TTWO,0.02857142857142857
2023-12-08,VRSK,0.02857142857142857
2023-12-15,AAPL,0.02127659574468085
2023-12-15,ACGL,0.02127659574468085
2023-12-15,ADBE,0.02127659574468085
2023-12-15,AJG,0.02127659574468085
2023-12-15,AMAT,0.02127659574468085
2023-12-15,AMD,0.02127659574468085
2023-12-15,AMZN,0.02127659574468085
2023-12-15,ANET,0.02127659574468085
2023-12-15,AVGO,0.02127659574468085
2023-12-15,BKNG,0.02127659574468085
2023-12-15,BR,0.02127659574468085
2023-12-15,BRKB,0.02127659574468085
2023-12-15,BRO,0.02127659574468085
2023-12-15,CAH,0.02127659574468085
2023-12-15,CBOE,0.02127659574468085
2023-12-15,CDNS,0.02127659574468085
2023-12-15,CEG,0.02127659574468085
2023-12-15,CMG,0.02127659574468085
2023-12-15,CRM,0.02127659574468085
2023-12-15,DHI,0.02127659574468085
2023-12-15,ETN,0.02127659574468085
2023-12-15,FDX,0.02127659574468085
2023-12-15,GE,0.02127659574468085
2023-12-15,GOOG,0.02127659574468085
2023-12-15,GOOGL,0.02127659574468085
2023-12-15,GWW,0.02127659574468085
2023-12-15,HWM,0.02127659574468085
2023-12-15,KLAC,0.02127659574468085
2023-12-15,LLY,0.02127659574468085
2023-12-15,LRCX,0.02127659574468085
2023-12-15,MAR,0.02127659574468085
2023-12-15,META,0.02127659574468085
2023-12-15,MSFT,0.02127659574468085
2023-12-15,NFLX,0.02127659574468085
2023-12-15,NOW,0.02127659574468085
2023-12-15,NRG,0.02127659574468085
2023-12-15,NVDA,0.02127659574468085
2023-12-15,ORCL,0.02127659574468085
2023-12-15,PH,0.02127659574468085
2023-12-15,PHM,0.02127659574468085
2023-12-15,RCL,0.02127659574468085
2023-12-15,ROP,0.02127659574468085
2023-12-15,SNPS,0.02127659574468085
2023-12-15,TDG,0.02127659574468085
2023-12-15,TTWO,0.02127659574468085
2023-12-15,V,0.02127659574468085
2023-12-15,VRSK,0.02127659574468085
2023-12-22,AAPL,0.018867924528301886
2023-12-22,ACGL,0.018867924528301886
2023-12-22,ADBE,0.018867924528301886
2023-12-22,AJG,0.018867924528301886
2023-12-22,AMAT,0.018867924528301886
2023-12-22,AMD,0.018867924528301886
2023-12-22,AMZN,0.018867924528301886
2023-12-22,ANET,0.018867924528301886
2023-12-22,AVGO,0.018867924528301886
2023-12-22,BKNG,0.018867924528301886
2023-12-22,BR,0.018867924528301886
2023-12-22,BRKB,0.018867924528301886
2023-12-22,BRO,0.018867924528301886
2023-12-22,CAH,0.018867924528301886
2023-12-22,CBOE,0.018867924528301886
2023-12-22,CCL,0.018867924528301886
2023-12-22,CDNS,0.018867924528301886
2023-12-22,CEG,0.018867924528301886
2023-12-22,CMG,0.018867924528301886
2023-12-22,COST,0.018867924528301886
2023-12-22,CRM,0.018867924528301886
2023-12-22,ETN,0.018867924528301886
2023-12-22,FDX,0.018867924528301886
2023-12-22,GE,0.018867924528301886
2023-12-22,GOOG,0.018867924528301886
2023-12-22,GOOGL,0.018867924528301886
2023-12-22,GRMN,0.018867924528301886
2023-12-22,HLT,0.018867924528301886
2023-12-22,HWM,0.018867924528301886
2023-12-22,INTU,0.018867924528301886
2023-12-22,KLAC,0.018867924528301886
2023-12-22,LLY,0.018867924528301886
2023-12-22,LRCX,0.018867924528301886
2023-12-22,MAR,0.018867924528301886
2023-12-22,META,0.018867924528301886
2023-12-22,MLM,0.018867924528301886
2023-12-22,MMC,0.018867924528301886
2023-12-22,MSFT,0.018867924528301886
2023-12-22,MU,0.018867924528301886
2023-12-22,NFLX,0.018867924528301886
2023-12-22,NOW,0.018867924528301886
2023-12-22,NVDA,0.018867924528301886
2023-12-22,ORCL,0.018867924528301886
2023-12-22,PH,0.018867924528301886
2023-12-22,PHM,0.018867924528301886
2023-12-22,RCL,0.018867924528301886
2023-12-22,ROP,0.018867924528301886
2023-12-22,SNPS,0.018867924528301886
2023-12-22,TDG,0.018867924528301886
2023-12-22,TTWO,0.018867924528301886
2023-12-22,V,0.018867924528301886
2023-12-22,VRSK,0.018867924528301886
2023-12-22,WELL,0.018867924528301886
2023-12-29,AAPL,0.017543859649122806
2023-12-29,ACGL,0.017543859649122806
2023-12-29,ADBE,0.017543859649122806
2023-12-29,AJG,0.017543859649122806
2023-12-29,AMAT,0.017543859649122806
2023-12-29,AMD,0.017543859649122806
2023-12-29,AMZN,0.017543859649122806
2023-12-29,ANET,0.017543859649122806
2023-12-29,AVGO,0.017543859649122806
2023-12-29,BKNG,0.017543859649122806
2023-12-29,BR,0.017543859649122806
2023-12-29,BRO,0.017543859649122806
2023-12-29,CAH,0.017543859649122806
2023-12-29,CBOE,0.017543859649122806
2023-12-29,CCL,0.017543859649122806
2023-12-29,CDNS,0.017543859649122806
2023-12-29,CEG,0.017543859649122806
2023-12-29,CME,0.017543859649122806
2023-12-29,CMG,0.017543859649122806
2023-12-29,COST,0.017543859649122806
2023-12-29,CRM,0.017543859649122806
2023-12-29,DHI,0.017543859649122806
2023-12-29,ETN,0.017543859649122806
2023-12-29,FDX,0.017543859649122806
2023-12-29,GE,0.017543859649122806
2023-12-29,GOOG,0.017543859649122806
2023-12-29,GOOGL,0.017543859649122806
2023-12-29,GRMN,0.017543859649122806
2023-12-29,HLT,0.017543859649122806
2023-12-29,HWM,0.017543859649122806
2023-12-29,INTC,0.017543859649122806
2023-12-29,INTU,0.017543859649122806
2023-12-29,LEN,0.017543859649122806
2023-12-29,LLY,0.017543859649122806
2023-12-29,LRCX,0.017543859649122806
2023-12-29,MAR,0.017543859649122806
2023-12-29,META,0.017543859649122806
2023-12-29,MMC,0.017543859649122806
2023-12-29,MSFT,0.017543859649122806
2023-12-29,MU,0.017543859649122806
2023-12-29,NFLX,0.017543859649122806
2023-12-29,NOW,0.017543859649122806
2023-12-29,NTAP,0.017543859649122806
2023-12-29,NVDA,0.017543859649122806
2023-12-29,ORCL,0.017543859649122806
2023-12-29,PH,0.017543859649122806
2023-12-29,PHM,0.017543859649122806
2023-12-29,RCL,0.017543859649122806
2023-12-29,ROP,0.017543859649122806
2023-12-29,RSG,0.017543859649122806
2023-12-29,SNPS,0.017543859649122806
2023-12-29,TDG,0.017543859649122806
2023-12-29,TSLA,0.017543859649122806
2023-12-29,TTWO,0.017543859649122806
2023-12-29,V,0.017543859649122806
2023-12-29,VRSK,0.017543859649122806
2023-12-29,WELL,0.017543859649122806
2024-01-05,AAPL,0.016666666666666666
2024-01-05,ADBE,0.016666666666666666
2024-01-05,AJG,0.016666666666666666
2024-01-05,AMAT,0.016666666666666666
2024-01-05,AMD,0.016666666666666666
2024-01-05,AMZN,0.016666666666666666
2024-01-05,ANET,0.016666666666666666
2024-01-05,AVGO,0.016666666666666666
2024-01-05,BKNG,0.016666666666666666
2024-01-05,BR,0.016666666666666666
2024-01-05,BRO,0.016666666666666666
2024-01-05,CAH,0.016666666666666666
2024-01-05,CBOE,0.016666666666666666
2024-01-05,CCL,0.016666666666666666
2024-01-05,CDNS,0.016666666666666666
2024-01-05,CMG,0.016666666666666666
2024-01-05,COST,0.016666666666666666
2024-01-05,CRM,0.016666666666666666
2024-01-05,CTAS,0.016666666666666666
2024-01-05,DHI,0.016666666666666666
2024-01-05,ETN,0.016666666666666666
2024-01-05,FAST,0.016666666666666666
2024-01-05,FDX,0.016666666666666666
2024-01-05,FLT,0.016666666666666666
2024-01-05,GE,0.016666666666666666
2024-01-05,GOOG,0.016666666666666666
2024-01-05,GOOGL,0.016666666666666666
2024-01-05,GWW,0.016666666666666666
2024-01-05,HLT,0.016666666666666666
2024-01-05,HWM,0.016666666666666666
2024-01-05,INTU,0.016666666666666666
2024-01-05,IRM,0.016666666666666666
2024-01-05,KLAC,0.016666666666666666
2024-01-05,LEN,0.016666666666666666
2024-01-05,LIN,0.016666666666666666
2024-01-05,LLY,0.016666666666666666
2024-01-05,LRCX,0.016666666666666666
2024-01-05,MAR,0.016666666666666666
2024-01-05,META,0.016666666666666666
2024-01-05,MLM,0.016666666666666666
2024-01-05,MSFT,0.016666666666666666
2024-01-05,MSI,0.016666666666666666
2024-01-05,NOW,0.016666666666666666
2024-01-05,NRG,0.016666666666666666
2024-01-05,NTAP,0.016666666666666666
2024-01-05,NVDA,0.016666666666666666
2024-01-05,NVR,0.016666666666666666
2024-01-05,PH,0.016666666666666666
2024-01-05,PHM,0.016666666666666666
2024-01-05,PTC,0.016666666666666666
2024-01-05,PWR,0.016666666666666666
2024-01-05,RCL,0.016666666666666666
2024-01-05,ROP,0.016666666666666666
2024-01-05,RSG,0.016666666666666666
2024-01-05,SNPS,0.016666666666666666
2024-01-05,TDG,0.016666666666666666
2024-01-05,TSLA,0.016666666666666666
2024-01-05,TTWO,0.016666666666666666
2024-01-05,V,0.016666666666666666
2024-01-05,VRSK,0.016666666666666666
2024-01-12,AAPL,0.0136986301369863
2024-01-12,ADBE,0.0136986301369863
2024-01-12,AIZ,0.0136986301369863
2024-01-12,AKAM,0.0136986301369863
2024-01-12,AMAT,0.0136986301369863
2024-01-12,AMD,0.0136986301369863
2024-01-12,AMZN,0.0136986301369863
2024-01-12,ANET,0.0136986301369863
2024-01-12,AVGO,0.0136986301369863
2024-01-12,BKNG,0.0136986301369863
2024-01-12,BR,0.0136986301369863
2024-01-12,CAH,0.0136986301369863
2024-01-12,CBOE,0.0136986301369863
2024-01-12,CCL,0.0136986301369863
2024-01-12,CDNS,0.0136986301369863
2024-01-12,CEG,0.0136986301369863
2024-01-12,CMG,0.0136986301369863
2024-01-12,COST,0.0136986301369863
2024-01-12,CRM,0.0136986301369863
2024-01-12,CTAS,0.0136986301369863
2024-01-12,DHI,0.0136986301369863
2024-01-12,ECL,0.0136986301369863
2024-01-12,ETN,0.0136986301369863
2024-01-12,FAST,0.0136986301369863
2024-01-12,FDX,0.0136986301369863
2024-01-12,FLT,0.0136986301369863
2024-01-12,GE,0.0136986301369863
2024-01-12,GOOG,0.0136986301369863
2024-01-12,GOOGL,0.0136986301369863
2024-01-12,GRMN,0.0136986301369863
2024-01-12,GWW,0.0136986301369863
2024-01-12,HLT,0.0136986301369863
2024-01-12,HWM,0.0136986301369863
2024-01-12,INTU,0.0136986301369863
2024-01-12,IR,0.0136986301369863
2024-01-12,IRM,0.0136986301369863
2024-01-12,IT,0.0136986301369863
2024-01-12,KLAC,0.0136986301369863
2024-01-12,LEN,0.0136986301369863
2024-01-12,LIN,0.0136986301369863
2024-01-12,LLY,0.0136986301369863
2024-01-12,LRCX,0.0136986301369863
2024-01-12,MAR,0.0136986301369863
2024-01-12,META,0.0136986301369863
2024-01-12,MLM,0.0136986301369863
2024-01-12,MPWR,0.0136986301369863
2024-01-12,MSFT,0.0136986301369863
2024-01-12,MU,0.0136986301369863
2024-01-12,NOW,0.0136986301369863
2024-01-12,NRG,0.0136986301369863
2024-01-12,NTAP,0.0136986301369863
2024-01-12,NVDA,0.0136986301369863
2024-01-12,NVR,0.0136986301369863
2024-01-12,ORLY,0.0136986301369863
2024-01-12,PH,0.0136986301369863
2024-01-12,PHM,0.0136986301369863
2024-01-12,PNR,0.0136986301369863
2024-01-12,PTC,0.0136986301369863
2024-01-12,PWR,0.0136986301369863
2024-01-12,RCL,0.0136986301369863
2024-01-12,REGN,0.0136986301369863
2024-01-12,ROP,0.0136986301369863
2024-01-12,RSG,0.0136986301369863
2024-01-12,SNPS,0.0136986301369863
2024-01-12,STX,0.0136986301369863
2024-01-12,TDG,0.0136986301369863
2024-01-12,TSLA,0.0136986301369863
2024-01-12,TT,0.0136986301369863
2024-01-12,TTWO,0.0136986301369863
2024-01-12,TYL,0.0136986301369863
2024-01-12,VRSK,0.0136986301369863
2024-01-12,VRTX,0.0136986301369863
2024-01-12,WELL,0.0136986301369863
2024-01-19,AAPL,0.014492753623188406
2024-01-19,ADBE,0.014492753623188406
2024-01-19,AKAM,0.014492753623188406
2024-01-19,AMAT,0.014492753623188406
2024-01-19,AMD,0.014492753623188406
2024-01-19,AMZN,0.014492753623188406
2024-01-19,ANET,0.014492753623188406
2024-01-19,AOS,0.014492753623188406
2024-01-19,APH,0.014492753623188406
2024-01-19,AVGO,0.014492753623188406
2024-01-19,BKNG,0.014492753623188406
2024-01-19,BR,0.014492753623188406
2024-01-19,CAH,0.014492753623188406
2024-01-19,CBOE,0.014492753623188406
2024-01-19,CCL,0.014492753623188406
2024-01-19,CDNS,0.014492753623188406
2024-01-19,CEG,0.014492753623188406
2024-01-19,CMG,0.014492753623188406
2024-01-19,COST,0.014492753623188406
2024-01-19,CRM,0.014492753623188406
2024-01-19,CTAS,0.014492753623188406
2024-01-19,DHI,0.014492753623188406
2024-01-19,ECL,0.014492753623188406
2024-01-19,ETN,0.014492753623188406
2024-01-19,FAST,0.014492753623188406
2024-01-19,FLT,0.014492753623188406
2024-01-19,GE,0.014492753623188406
2024-01-19,GOOG,0.014492753623188406
2024-01-19,GOOGL,0.014492753623188406
2024-01-19,GRMN,0.014492753623188406
2024-01-19,GWW,0.014492753623188406
2024-01-19,HLT,0.014492753623188406
2024-01-19,HWM,0.014492753623188406
2024-01-19,INTC,0.014492753623188406
2024-01-19,INTU,0.014492753623188406
2024-01-19,IR,0.014492753623188406
2024-01-19,IRM,0.014492753623188406
2024-01-19,KLAC,0.014492753623188406
2024-01-19,LEN,0.014492753623188406
2024-01-19,LIN,0.014492753623188406
2024-01-19,LLY,0.014492753623188406
2024-01-19,LRCX,0.014492753623188406
2024-01-19,MAR,0.014492753623188406
2024-01-19,META,0.014492753623188406
2024-01-19,MLM,0.014492753623188406
2024-01-19,MSFT,0.014492753623188406
2024-01-19,MU,0.014492753623188406
2024-01-19,NFLX,0.014492753623188406
2024-01-19,NOW,0.014492753623188406
2024-01-19,NRG,0.014492753623188406
2024-01-19,NTAP,0.014492753623188406
2024-01-19,NVDA,0.014492753623188406
2024-01-19,NVR,0.014492753623188406
2024-01-19,ORLY,0.014492753623188406
2024-01-19,PH,0.014492753623188406
2024-01-19,PHM,0.014492753623188406
2024-01-19,PNR,0.014492753623188406
2024-01-19,PTC,0.014492753623188406
2024-01-19,PWR,0.014492753623188406
2024-01-19,RCL,0.014492753623188406
2024-01-19,ROP,0.014492753623188406
2024-01-19,RSG,0.014492753623188406
2024-01-19,SNPS,0.014492753623188406
2024-01-19,TDG,0.014492753623188406
2024-01-19,TSLA,0.014492753623188406
2024-01-19,TT,0.014492753623188406
2024-01-19,TTWO,0.014492753623188406
2024-01-19,TYL,0.014492753623188406
2024-01-19,VRSK,0.014492753623188406
2024-01-26,AAPL,0.013513513513513514
2024-01-26,ACN,0.013513513513513514
2024-01-26,ADBE,0.013513513513513514
2024-01-26,AIZ,0.013513513513513514
2024-01-26,AKAM,0.013513513513513514
2024-01-26,AMAT,0.013513513513513514
2024-01-26,AMD,0.013513513513513514
2024-01-26,AMZN,0.013513513513513514
2024-01-26,ANET,0.013513513513513514
2024-01-26,AOS,0.013513513513513514
2024-01-26,APH,0.013513513513513514
2024-01-26,AVGO,0.013513513513513514
2024-01-26,BKNG,0.013513513513513514
2024-01-26,BR,0.013513513513513514
2024-01-26,BRKB,0.013513513513513514
2024-01-26,BRO,0.013513513513513514
2024-01-26,CAH,0.013513513513513514
2024-01-26,CBOE,0.013513513513513514
2024-01-26,CCL,0.013513513513513514
2024-01-26,CDNS,0.013513513513513514
2024-01-26,CEG,0.013513513513513514
2024-01-26,CMG,0.013513513513513514
2024-01-26,COST,0.013513513513513514
2024-01-26,CRM,0.013513513513513514
2024-01-26,CTAS,0.013513513513513514
2024-01-26,DHI,0.013513513513513514
2024-01-26,ECL,0.013513513513513514
2024-01-26,ETN,0.013513513513513514
2024-01-26,FAST,0.013513513513513514
2024-01-26,FDX,0.013513513513513514
2024-01-26,FLT,0.013513513513513514
2024-01-26,GE,0.013513513513513514
2024-01-26,GOOG,0.013513513513513514
2024-01-26,GOOGL,0.013513513513513514
2024-01-26,GRMN,0.013513513513513514
2024-01-26,GWW,0.013513513513513514
2024-01-26,HLT,0.013513513513513514
2024-01-26,HWM,0.013513513513513514
2024-01-26,IBM,0.013513513513513514
2024-01-26,INTC,0.013513513513513514
2024-01-26,INTU,0.013513513513513514
2024-01-26,IR,0.013513513513513514
2024-01-26,IRM,0.013513513513513514
2024-01-26,IT,0.013513513513513514
2024-01-26,LEN,0.013513513513513514
2024-01-26,LIN,0.013513513513513514
2024-01-26,LLY,0.013513513513513514
2024-01-26,LRCX,0.013513513513513514
2024-01-26,MAR,0.013513513513513514
2024-01-26,META,0.013513513513513514
2024-01-26,MLM,0.013513513513513514
2024-01-26,MSFT,0.013513513513513514
2024-01-26,NOW,0.013513513513513514
2024-01-26,NRG,0.013513513513513514
2024-01-26,NTAP,0.013513513513513514
2024-01-26,NVDA,0.013513513513513514
2024-01-26,NVR,0.013513513513513514
2024-01-26,PH,0.013513513513513514
2024-01-26,PHM,0.013513513513513514
2024-01-26,PNR,0.013513513513513514
2024-01-26,PTC,0.013513513513513514
2024-01-26,PWR,0.013513513513513514
2024-01-26,RCL,0.013513513513513514
2024-01-26,ROP,0.013513513513513514
2024-01-26,RSG,0.013513513513513514
2024-01-26,SHW,0.013513513513513514
2024-01-26,SNPS,0.013513513513513514
2024-01-26,TDG,0.013513513513513514
2024-01-26,TT,0.013513513513513514
2024-01-26,TTWO,0.013513513513513514
2024-01-26,TYL,0.013513513513513514
2024-01-26,VMC,0.013513513513513514
2024-01-26,VRSK,0.013513513513513514
2024-01-26,VRTX,0.013513513513513514
2024-02-02,ACGL,0.013888888888888888
2024-02-02,ADBE,0.013888888888888888
2024-02-02,AFL,0.013888888888888888
2024-02-02,AIZ,0.013888888888888888
2024-02-02,AJG,0.013888888888888888
2024-02-02,AMD,0.013888888888888888
2024-02-02,AMGN,0.013888888888888888
2024-02-02,ANET,0.013888888888888888
2024-02-02,AVGO,0.013888888888888888
2024-02-02,BKNG,0.013888888888888888
2024-02-02,BR,0.013888888888888888
2024-02-02,BRKB,0.013888888888888888
2024-02-02,BRO,0.013888888888888888
2024-02-02,BSX,0.013888888888888888
2024-02-02,CAH,0.013888888888888888
2024-02-02,CBOE,0.013888888888888888
2024-02-02,CDNS,0.013888888888888888
2024-02-02,CEG,0.013888888888888888
2024-02-02,CHD,0.013888888888888888
2024-02-02,CMG,0.013888888888888888
2024-02-02,COST,0.013888888888888888
2024-02-02,CRM,0.013888888888888888
2024-02-02,CTAS,0.013888888888888888
2024-02-02,DHI,0.013888888888888888
2024-02-02,ECL,0.013888888888888888
2024-02-02,ETN,0.013888888888888888
2024-02-02,FLT,0.013888888888888888
2024-02-02,GE,0.013888888888888888
2024-02-02,GRMN,0.013888888888888888
2024-02-02,HLT,0.013888888888888888
2024-02-02,HWM,0.013888888888888888
2024-02-02,IBM,0.013888888888888888
2024-02-02,INTC,0.013888888888888888
2024-02-02,INTU,0.013888888888888888
2024-02-02,IR,0.013888888888888888
2024-02-02,JPM,0.013888888888888888
2024-02-02,KLAC,0.013888888888888888
2024-02-02,L,0.013888888888888888
2024-02-02,LEN,0.013888888888888888
2024-02-02,LIN,0.013888888888888888
2024-02-02,LLY,0.013888888888888888
2024-02-02,LRCX,0.013888888888888888
2024-02-02,MAR,0.013888888888888888
2024-02-02,MCK,0.013888888888888888
2024-02-02,META,0.013888888888888888
2024-02-02,MLM,0.013888888888888888
2024-02-02,MOH,0.013888888888888888
2024-02-02,MSFT,0.013888888888888888
2024-02-02,MSI,0.013888888888888888
2024-02-02,NOW,0.013888888888888888
2024-02-02,NRG,0.013888888888888888
2024-02-02,NTAP,0.013888888888888888
2024-02-02,NVDA,0.013888888888888888
2024-02-02,NVR,0.013888888888888888
2024-02-02,PH,0.013888888888888888
2024-02-02,PHM,0.013888888888888888
2024-02-02,PSX,0.013888888888888888
2024-02-02,PTC,0.013888888888888888
2024-02-02,PWR,0.013888888888888888
2024-02-02,RCL,0.013888888888888888
2024-02-02,REGN,0.013888888888888888
2024-02-02,ROP,0.013888888888888888
2024-02-02,RSG,0.013888888888888888
2024-02-02,SNPS,0.013888888888888888
2024-02-02,TDG,0.013888888888888888
2024-02-02,TJX,0.013888888888888888
2024-02-02,TT,0.013888888888888888
2024-02-02,TTWO,0.013888888888888888
2024-02-02,V,0.013888888888888888
2024-02-02,VRSK,0.013888888888888888
2024-02-02,VRTX,0.013888888888888888
2024-02-02,WM,0.013888888888888888
2024-02-09,ADBE,0.013888888888888888
2024-02-09,AIZ,0.013888888888888888
2024-02-09,AJG,0.013888888888888888
2024-02-09,AKAM,0.013888888888888888
2024-02-09,AMD,0.013888888888888888
2024-02-09,AMZN,0.013888888888888888
2024-02-09,ANET,0.013888888888888888
2024-02-09,AVGO,0.013888888888888888
2024-02-09,BKNG,0.013888888888888888
2024-02-09,BR,0.013888888888888888
2024-02-09,BRKB,0.013888888888888888
2024-02-09,BRO,0.013888888888888888
2024-02-09,BSX,0.013888888888888888
2024-02-09,CAH,0.013888888888888888
2024-02-09,CBOE,0.013888888888888888
2024-02-09,CDNS,0.013888888888888888
2024-02-09,CEG,0.013888888888888888
2024-02-09,CMG,0.013888888888888888
2024-02-09,COST,0.013888888888888888
2024-02-09,CRM,0.013888888888888888
2024-02-09,CTAS,0.013888888888888888
2024-02-09,DHI,0.013888888888888888
2024-02-09,ECL,0.013888888888888888
2024-02-09,ETN,0.013888888888888888
2024-02-09,FLT,0.013888888888888888
2024-02-09,GE,0.013888888888888888
2024-02-09,GOOG,0.013888888888888888
2024-02-09,GOOGL,0.013888888888888888
2024-02-09,GRMN,0.013888888888888888
2024-02-09,HWM,0.013888888888888888
2024-02-09,IBM,0.013888888888888888
2024-02-09,INTC,0.013888888888888888
2024-02-09,INTU,0.013888888888888888
2024-02-09,IR,0.013888888888888888
2024-02-09,IRM,0.013888888888888888
2024-02-09,ISRG,0.013888888888888888
2024-02-09,KLAC,0.013888888888888888
2024-02-09,LEN,0.013888888888888888
2024-02-09,LIN,0.013888888888888888
2024-02-09,LLY,0.013888888888888888
2024-02-09,LRCX,0.013888888888888888
2024-02-09,MAR,0.013888888888888888
2024-02-09,MCK,0.013888888888888888
2024-02-09,META,0.013888888888888888
2024-02-09,MLM,0.013888888888888888
2024-02-09,MSFT,0.013888888888888888
2024-02-09,MSI,0.013888888888888888
2024-02-09,NOW,0.013888888888888888
2024-02-09,NRG,0.013888888888888888
2024-02-09,NTAP,0.013888888888888888
2024-02-09,NVDA,0.013888888888888888
2024-02-09,NVR,0.013888888888888888
2024-02-09,PCAR,0.013888888888888888
2024-02-09,PHM,0.013888888888888888
2024-02-09,PTC,0.013888888888888888
2024-02-09,PWR,0.013888888888888888
2024-02-09,RCL,0.013888888888888888
2024-02-09,REGN,0.013888888888888888
2024-02-09,ROP,0.013888888888888888
2024-02-09,RSG,0.013888888888888888
2024-02-09,SHW,0.013888888888888888
2024-02-09,SNPS,0.013888888888888888
2024-02-09,TDG,0.013888888888888888
2024-02-09,TJX,0.013888888888888888
2024-02-09,TT,0.013888888888888888
2024-02-09,TTWO,0.013888888888888888
2024-02-09,TYL,0.013888888888888888
2024-02-09,V,0.013888888888888888
2024-02-09,VRSK,0.013888888888888888
2024-02-09,VRTX,0.013888888888888888
2024-02-09,WAB,0.013888888888888888
2024-02-09,WM,0.013888888888888888
2024-02-16,ACN,0.015384615384615385
2024-02-16,ADBE,0.015384615384615385
2024-02-16,AJG,0.015384615384615385
2024-02-16,AKAM,0.015384615384615385
2024-02-16,AMD,0.015384615384615385
2024-02-16,AMGN,0.015384615384615385
2024-02-16,AMZN,0.015384615384615385
2024-02-16,ANET,0.015384615384615385
2024-02-16,AVGO,0.015384615384615385
2024-02-16,BKNG,0.015384615384615385
2024-02-16,BR,0.015384615384615385
2024-02-16,BRKB,0.015384615384615385
2024-02-16,BRO,0.015384615384615385
2024-02-16,BSX,0.015384615384615385
2024-02-16,CAH,0.015384615384615385
2024-02-16,CBOE,0.015384615384615385
2024-02-16,CDNS,0.015384615384615385
2024-02-16,CMG,0.015384615384615385
2024-02-16,COST,0.015384615384615385
2024-02-16,CRM,0.015384615384615385
2024-02-16,CTAS,0.015384615384615385
2024-02-16,DHI,0.015384615384615385
2024-02-16,ETN,0.015384615384615385
2024-02-16,GE,0.015384615384615385
2024-02-16,GOOG,0.015384615384615385
2024-02-16,GOOGL,0.015384615384615385
2024-02-16,GRMN,0.015384615384615385
2024-02-16,HLT,0.015384615384615385
2024-02-16,HWM,0.015384615384615385
2024-02-16,IBM,0.015384615384615385
2024-02-16,INTC,0.015384615384615385
2024-02-16,INTU,0.015384615384615385
2024-02-16,IR,0.015384615384615385
2024-02-16,ISRG,0.015384615384615385
2024-02-16,KLAC,0.015384615384615385
2024-02-16,LEN,0.015384615384615385
2024-02-16,LIN,0.015384615384615385
2024-02-16,LLY,0.015384615384615385
2024-02-16,LRCX,0.015384615384615385
2024-02-16,MAR,0.015384615384615385
2024-02-16,MCK,0.015384615384615385
2024-02-16,META,0.015384615384615385
2024-02-16,MLM,0.015384615384615385
2024-02-16,MMC,0.015384615384615385
2024-02-16,MSFT,0.015384615384615385
2024-02-16,NOW,0.015384615384615385
2024-02-16,NRG,0.015384615384615385
2024-02-16,NVDA,0.015384615384615385
2024-02-16,NVR,0.015384615384615385
2024-02-16,PHM,0.015384615384615385
2024-02-16,PTC,0.015384615384615385
2024-02-16,RCL,0.015384615384615385
2024-02-16,REGN,0.015384615384615385
2024-02-16,ROP,0.015384615384615385
2024-02-16,RSG,0.015384615384615385
2024-02-16,SHW,0.015384615384615385
2024-02-16,SNPS,0.015384615384615385
2024-02-16,TDG,0.015384615384615385
2024-02-16,TJX,0.015384615384615385
2024-02-16,TT,0.015384615384615385
2024-02-16,TTWO,0.015384615384615385
2024-02-16,V,0.015384615384615385
2024-02-16,VRSK,0.015384615384615385
2024-02-16,VRTX,0.015384615384615385
2024-02-16,WM,0.015384615384615385
2024-02-23,ACN,0.014492753623188406
2024-02-23,ADBE,0.014492753623188406
2024-02-23,AJG,0.014492753623188406
2024-02-23,AKAM,0.014492753623188406
2024-02-23,AMAT,0.014492753623188406
2024-02-23,AMD,0.014492753623188406
2024-02-23,AMZN,0.014492753623188406
2024-02-23,ANET,0.014492753623188406
2024-02-23,APH,0.014492753623188406
2024-02-23,AVGO,0.014492753623188406
2024-02-23,BKNG,0.014492753623188406
2024-02-23,BR,0.014492753623188406
2024-02-23,BRKB,0.014492753623188406
2024-02-23,BRO,0.014492753623188406
2024-02-23,BSX,0.014492753623188406
2024-02-23,CAH,0.014492753623188406
2024-02-23,CBOE,0.014492753623188406
2024-02-23,CDNS,0.014492753623188406
2024-02-23,CEG,0.014492753623188406
2024-02-23,CMG,0.014492753623188406
2024-02-23,COST,0.014492753623188406
2024-02-23,CRM,0.014492753623188406
2024-02-23,CTAS,0.014492753623188406
2024-02-23,DHI,0.014492753623188406
2024-02-23,ETN,0.014492753623188406
2024-02-23,FAST,0.014492753623188406
2024-02-23,GE,0.014492753623188406
2024-02-23,GOOG,0.014492753623188406
2024-02-23,GOOGL,0.014492753623188406
2024-02-23,HLT,0.014492753623188406
2024-02-23,IBM,0.014492753623188406
2024-02-23,INTC,0.014492753623188406
2024-02-23,INTU,0.014492753623188406
2024-02-23,IR,0.014492753623188406
2024-02-23,ISRG,0.014492753623188406
2024-02-23,KLAC,0.014492753623188406
2024-02-23,LEN,0.014492753623188406
2024-02-23,LLY,0.014492753623188406
2024-02-23,LRCX,0.014492753623188406
2024-02-23,MA,0.014492753623188406
2024-02-23,MAR,0.014492753623188406
2024-02-23,MCK,0.014492753623188406
2024-02-23,META,0.014492753623188406
2024-02-23,MLM,0.014492753623188406
2024-02-23,MSFT,0.014492753623188406
2024-02-23,MU,0.014492753623188406
2024-02-23,NFLX,0.014492753623188406
2024-02-23,NOW,0.014492753623188406
2024-02-23,NRG,0.014492753623188406
2024-02-23,NVDA,0.014492753623188406
2024-02-23,NVR,0.014492753623188406
2024-02-23,NWS,0.014492753623188406
2024-02-23,NWSA,0.014492753623188406
2024-02-23,PCAR,0.014492753623188406
2024-02-23,PHM,0.014492753623188406
2024-02-23,PTC,0.014492753623188406
2024-02-23,RCL,0.014492753623188406
2024-02-23,ROP,0.014492753623188406
2024-02-23,RSG,0.014492753623188406
2024-02-23,SHW,0.014492753623188406
2024-02-23,SNPS,0.014492753623188406
2024-02-23,TDG,0.014492753623188406
2024-02-23,TJX,0.014492753623188406
2024-02-23,TT,0.014492753623188406
2024-02-23,TTWO,0.014492753623188406
2024-02-23,V,0.014492753623188406
2024-02-23,VRSK,0.014492753623188406
2024-02-23,VRTX,0.014492753623188406
2024-02-23,WM,0.014492753623188406
2024-03-01,ACN,0.013888888888888888
2024-03-01,ADBE,0.013888888888888888
2024-03-01,AJG,0.013888888888888888
2024-03-01,AKAM,0.013888888888888888
2024-03-01,AMD,0.013888888888888888
2024-03-01,AMGN,0.013888888888888888
2024-03-01,AMZN,0.013888888888888888
2024-03-01,ANET,0.013888888888888888
2024-03-01,APH,0.013888888888888888
2024-03-01,AVGO,0.013888888888888888
2024-03-01,BR,0.013888888888888888
2024-03-01,BRKB,0.013888888888888888
2024-03-01,BRO,0.013888888888888888
2024-03-01,BSX,0.013888888888888888
2024-03-01,CAH,0.013888888888888888
2024-03-01,CBOE,0.013888888888888888
2024-03-01,CDNS,0.013888888888888888
2024-03-01,CEG,0.013888888888888888
2024-03-01,CMG,0.013888888888888888
2024-03-01,COST,0.013888888888888888
2024-03-01,CRM,0.013888888888888888
2024-03-01,CTAS,0.013888888888888888
2024-03-01,DHI,0.013888888888888888
2024-03-01,ETN,0.013888888888888888
2024-03-01,FAST,0.013888888888888888
2024-03-01,FLT,0.013888888888888888
2024-03-01,GE,0.013888888888888888
2024-03-01,GOOG,0.013888888888888888
2024-03-01,GOOGL,0.013888888888888888
2024-03-01,GWW,0.013888888888888888
2024-03-01,HLT,0.013888888888888888
2024-03-01,HWM,0.013888888888888888
2024-03-01,IBM,0.013888888888888888
2024-03-01,INTU,0.013888888888888888
2024-03-01,IR,0.013888888888888888
2024-03-01,ISRG,0.013888888888888888
2024-03-01,KLAC,0.013888888888888888
2024-03-01,LEN,0.013888888888888888
2024-03-01,LLY,0.013888888888888888
2024-03-01,LRCX,0.013888888888888888
2024-03-01,MA,0.013888888888888888
2024-03-01,MAR,0.013888888888888888
2024-03-01,MCK,0.013888888888888888
2024-03-01,MCO,0.013888888888888888
2024-03-01,META,0.013888888888888888
2024-03-01,MLM,0.013888888888888888
2024-03-01,MSFT,0.013888888888888888
2024-03-01,NFLX,0.013888888888888888
2024-03-01,NOW,0.013888888888888888
2024-03-01,NRG,0.013888888888888888
2024-03-01,NVDA,0.013888888888888888
2024-03-01,NVR,0.013888888888888888
2024-03-01,NWS,0.013888888888888888
2024-03-01,NWSA,0.013888888888888888
2024-03-01,PCAR,0.013888888888888888
2024-03-01,PHM,0.013888888888888888
2024-03-01,PTC,0.013888888888888888
2024-03-01,RCL,0.013888888888888888
2024-03-01,ROP,0.013888888888888888
2024-03-01,ROST,0.013888888888888888
2024-03-01,RSG,0.013888888888888888
2024-03-01,SHW,0.013888888888888888
2024-03-01,SNPS,0.013888888888888888
2024-03-01,SPGI,0.013888888888888888
2024-03-01,TDG,0.013888888888888888
2024-03-01,TJX,0.013888888888888888
2024-03-01,TT,0.013888888888888888
2024-03-01,TTWO,0.013888888888888888
2024-03-01,V,0.013888888888888888
2024-03-01,VRSK,0.013888888888888888
2024-03-01,VRTX,0.013888888888888888
2024-03-01,WM,0.013888888888888888
2024-03-08,ACN,0.014925373134328358
2024-03-08,ADBE,0.014925373134328358
2024-03-08,AIZ,0.014925373134328358
2024-03-08,AJG,0.014925373134328358
2024-03-08,AKAM,0.014925373134328358
2024-03-08,AMD,0.014925373134328358
2024-03-08,AMZN,0.014925373134328358
2024-03-08,ANET,0.014925373134328358
2024-03-08,APH,0.014925373134328358
2024-03-08,AVGO,0.014925373134328358
2024-03-08,BKNG,0.014925373134328358
2024-03-08,BR,0.014925373134328358
2024-03-08,BRKB,0.014925373134328358
2024-03-08,BRO,0.014925373134328358
2024-03-08,BSX,0.014925373134328358
2024-03-08,CAH,0.014925373134328358
2024-03-08,CBOE,0.014925373134328358
2024-03-08,CDNS,0.014925373134328358
2024-03-08,CEG,0.014925373134328358
2024-03-08,CMG,0.014925373134328358
2024-03-08,COST,0.014925373134328358
2024-03-08,CRM,0.014925373134328358
2024-03-08,CTAS,0.014925373134328358
2024-03-08,ETN,0.014925373134328358
2024-03-08,GE,0.014925373134328358
2024-03-08,GOOG,0.014925373134328358
2024-03-08,GOOGL,0.014925373134328358
2024-03-08,HLT,0.014925373134328358
2024-03-08,HWM,0.014925373134328358
2024-03-08,IBM,0.014925373134328358
2024-03-08,ICE,0.014925373134328358
2024-03-08,INTU,0.014925373134328358
2024-03-08,IR,0.014925373134328358
2024-03-08,ISRG,0.014925373134328358
2024-03-08,KLAC,0.014925373134328358
2024-03-08,LEN,0.014925373134328358
2024-03-08,LLY,0.014925373134328358
2024-03-08,LRCX,0.014925373134328358
2024-03-08,MA,0.014925373134328358
2024-03-08,MAR,0.014925373134328358
2024-03-08,MCK,0.014925373134328358
2024-03-08,META,0.014925373134328358
2024-03-08,MLM,0.014925373134328358
2024-03-08,MMC,0.014925373134328358
2024-03-08,MSFT,0.014925373134328358
2024-03-08,NFLX,0.014925373134328358
2024-03-08,NOW,0.014925373134328358
2024-03-08,NRG,0.014925373134328358
2024-03-08,NVDA,0.014925373134328358
2024-03-08,NVR,0.014925373134328358
2024-03-08,NWS,0.014925373134328358
2024-03-08,NWSA,0.014925373134328358
2024-03-08,PCAR,0.014925373134328358
2024-03-08,PHM,0.014925373134328358
2024-03-08,PTC,0.014925373134328358
2024-03-08,RCL,0.014925373134328358
2024-03-08,ROP,0.014925373134328358
2024-03-08,ROST,0.014925373134328358
2024-03-08,RSG,0.014925373134328358
2024-03-08,SHW,0.014925373134328358
2024-03-08,SNPS,0.014925373134328358
2024-03-08,TDG,0.014925373134328358
2024-03-08,TJX,0.014925373134328358
2024-03-08,TTWO,0.014925373134328358
2024-03-08,V,0.014925373134328358
2024-03-08,VRSK,0.014925373134328358
2024-03-08,VRTX,0.014925373134328358
2024-03-15,ACN,0.014705882352941176
2024-03-15,ADBE,0.014705882352941176
2024-03-15,AIG,0.014705882352941176
2024-03-15,AIZ,0.014705882352941176
2024-03-15,AJG,0.014705882352941176
2024-03-15,AKAM,0.014705882352941176
2024-03-15,AMD,0.014705882352941176
2024-03-15,AMZN,0.014705882352941176
2024-03-15,APH,0.014705882352941176
2024-03-15,AVGO,0.014705882352941176
2024-03-15,BKNG,0.014705882352941176
2024-03-15,BR,0.014705882352941176
2024-03-15,BRKB,0.014705882352941176
2024-03-15,BRO,0.014705882352941176
2024-03-15,BSX,0.014705882352941176
2024-03-15,CAH,0.014705882352941176
2024-03-15,CBOE,0.014705882352941176
2024-03-15,CEG,0.014705882352941176
2024-03-15,CMG,0.014705882352941176
2024-03-15,COST,0.014705882352941176
2024-03-15,CRM,0.014705882352941176
2024-03-15,CTAS,0.014705882352941176
2024-03-15,ECL,0.014705882352941176
2024-03-15,ETN,0.014705882352941176
2024-03-15,GE,0.014705882352941176
2024-03-15,HIG,0.014705882352941176
2024-03-15,HLT,0.014705882352941176
2024-03-15,HWM,0.014705882352941176
2024-03-15,IBM,0.014705882352941176
2024-03-15,ICE,0.014705882352941176
2024-03-15,INTU,0.014705882352941176
2024-03-15,IR,0.014705882352941176
2024-03-15,JPM,0.014705882352941176
2024-03-15,KLAC,0.014705882352941176
2024-03-15,L,0.014705882352941176
2024-03-15,LLY,0.014705882352941176
2024-03-15,LRCX,0.014705882352941176
2024-03-15,MA,0.014705882352941176
2024-03-15,MAR,0.014705882352941176
2024-03-15,MCK,0.014705882352941176
2024-03-15,META,0.014705882352941176
2024-03-15,MLM,0.014705882352941176
2024-03-15,MMC,0.014705882352941176
2024-03-15,MSFT,0.014705882352941176
2024-03-15,NFLX,0.014705882352941176
2024-03-15,NOW,0.014705882352941176
2024-03-15,NRG,0.014705882352941176
2024-03-15,NVDA,0.014705882352941176
2024-03-15,NWS,0.014705882352941176
2024-03-15,NWSA,0.014705882352941176
2024-03-15,PCAR,0.014705882352941176
2024-03-15,PH,0.014705882352941176
2024-03-15,PHM,0.014705882352941176
2024-03-15,PTC,0.014705882352941176
2024-03-15,RCL,0.014705882352941176
2024-03-15,RL,0.014705882352941176
2024-03-15,ROP,0.014705882352941176
2024-03-15,ROST,0.014705882352941176
2024-03-15,RSG,0.014705882352941176
2024-03-15,SHW,0.014705882352941176
2024-03-15,TDG,0.014705882352941176
2024-03-15,TJX,0.014705882352941176
2024-03-15,TT,0.014705882352941176
2024-03-15,V,0.014705882352941176
2024-03-15,VMC,0.014705882352941176
2024-03-15,VRSK,0.014705882352941176
2024-03-15,VRTX,0.014705882352941176
2024-03-15,WAB,0.014705882352941176
2024-03-22,AIG,0.014492753623188406
2024-03-22,AIZ,0.014492753623188406
2024-03-22,AJG,0.014492753623188406
2024-03-22,ALL,0.014492753623188406
2024-03-22,AMZN,0.014492753623188406
2024-03-22,AVGO,0.014492753623188406
2024-03-22,BR,0.014492753623188406
2024-03-22,BRKB,0.014492753623188406
2024-03-22,BRO,0.014492753623188406
2024-03-22,BSX,0.014492753623188406
2024-03-22,CAH,0.014492753623188406
2024-03-22,CB,0.014492753623188406
2024-03-22,CBOE,0.014492753623188406
2024-03-22,CEG,0.014492753623188406
2024-03-22,CMG,0.014492753623188406
2024-03-22,COST,0.014492753623188406
2024-03-22,CTAS,0.014492753623188406
2024-03-22,ECL,0.014492753623188406
2024-03-22,ETN,0.014492753623188406
2024-03-22,FAST,0.014492753623188406
2024-03-22,FICO,0.014492753623188406
2024-03-22,GE,0.014492753623188406
2024-03-22,GWW,0.014492753623188406
2024-03-22,HIG,0.014492753623188406
2024-03-22,HII,0.014492753623188406
2024-03-22,HLT,0.014492753623188406
2024-03-22,HWM,0.014492753623188406
2024-03-22,IBM,0.014492753623188406
2024-03-22,ICE,0.014492753623188406
2024-03-22,IR,0.014492753623188406
2024-03-22,IRM,0.014492753623188406
2024-03-22,JPM,0.014492753623188406
2024-03-22,KLAC,0.014492753623188406
2024-03-22,L,0.014492753623188406
2024-03-22,LLY,0.014492753623188406
2024-03-22,LRCX,0.014492753623188406
2024-03-22,MA,0.014492753623188406
2024-03-22,MAR,0.014492753623188406
2024-03-22,MCK,0.014492753623188406
2024-03-22,META,0.014492753623188406
2024-03-22,MLM,0.014492753623188406
2024-03-22,MMC,0.014492753623188406
2024-03-22,MSFT,0.014492753623188406
2024-03-22,NFLX,0.014492753623188406
2024-03-22,NOW,0.014492753623188406
2024-03-22,NRG,0.014492753623188406
2024-03-22,NVDA,0.014492753623188406
2024-03-22,NWS,0.014492753623188406
2024-03-22,NWSA,0.014492753623188406
2024-03-22,ORLY,0.014492753623188406
2024-03-22,PCAR,0.014492753623188406
2024-03-22,PH,0.014492753623188406
2024-03-22,PHM,0.014492753623188406
2024-03-22,PTC,0.014492753623188406
2024-03-22,RCL,0.014492753623188406
2024-03-22,RL,0.014492753623188406
2024-03-22,ROP,0.014492753623188406
2024-03-22,ROST,0.014492753623188406
2024-03-22,RSG,0.014492753623188406
2024-03-22,SHW,0.014492753623188406
2024-03-22,TDG,0.014492753623188406
2024-03-22,TJX,0.014492753623188406
2024-03-22,TRV,0.014492753623188406
2024-03-22,TT,0.014492753623188406
2024-03-22,V,0.014492753623188406
2024-03-22,VMC,0.014492753623188406
2024-03-22,WAB,0.014492753623188406
2024-03-22,WELL,0.014492753623188406
2024-03-22,WM,0.014492753623188406
2024-03-29,AIG,0.014285714285714285
2024-03-29,AIZ,0.014285714285714285
2024-03-29,AJG,0.014285714285714285
2024-03-29,ALL,0.014285714285714285
2024-03-29,AMAT,0.014285714285714285
2024-03-29,AMD,0.014285714285714285
2024-03-29,AMZN,0.014285714285714285
2024-03-29,APH,0.014285714285714285
2024-03-29,AVGO,0.014285714285714285
2024-03-29,BR,0.014285714285714285
2024-03-29,BRKB,0.014285714285714285
2024-03-29,BRO,0.014285714285714285
2024-03-29,CAH,0.014285714285714285
2024-03-29,CBOE,0.014285714285714285
2024-03-29,CEG,0.014285714285714285
2024-03-29,CMG,0.014285714285714285
2024-03-29,COST,0.014285714285714285
2024-03-29,CRM,0.014285714285714285
2024-03-29,CTAS,0.014285714285714285
2024-03-29,DLR,0.014285714285714285
2024-03-29,ECL,0.014285714285714285
2024-03-29,ETN,0.014285714285714285
2024-03-29,FAST,0.014285714285714285
2024-03-29,FICO,0.014285714285714285
2024-03-29,GE,0.014285714285714285
2024-03-29,GRMN,0.014285714285714285
2024-03-29,GWW,0.014285714285714285
2024-03-29,HIG,0.014285714285714285
2024-03-29,HLT,0.014285714285714285
2024-03-29,HWM,0.014285714285714285
2024-03-29,IBM,0.014285714285714285
2024-03-29,ICE,0.014285714285714285
2024-03-29,IR,0.014285714285714285
2024-03-29,IRM,0.014285714285714285
2024-03-29,JPM,0.014285714285714285
2024-03-29,KLAC,0.014285714285714285
2024-03-29,L,0.014285714285714285
2024-03-29,LEN,0.014285714285714285
2024-03-29,LLY,0.014285714285714285
2024-03-29,LRCX,0.014285714285714285
2024-03-29,MA,0.014285714285714285
2024-03-29,MAR,0.014285714285714285
2024-03-29,MAS,0.014285714285714285
2024-03-29,MCK,0.014285714285714285
2024-03-29,META,0.014285714285714285
2024-03-29,MLM,0.014285714285714285
2024-03-29,MSFT,0.014285714285714285
2024-03-29,NFLX,0.014285714285714285
2024-03-29,NOW,0.014285714285714285
2024-03-29,NRG,0.014285714285714285
2024-03-29,NVDA,0.014285714285714285
2024-03-29,NWS,0.014285714285714285
2024-03-29,NWSA,0.014285714285714285
2024-03-29,PCAR,0.014285714285714285
2024-03-29,PH,0.014285714285714285
2024-03-29,PHM,0.014285714285714285
2024-03-29,PTC,0.014285714285714285
2024-03-29,RCL,0.014285714285714285
2024-03-29,RL,0.014285714285714285
2024-03-29,ROP,0.014285714285714285
2024-03-29,ROST,0.014285714285714285
2024-03-29,RSG,0.014285714285714285
2024-03-29,SHW,0.014285714285714285
2024-03-29,SNPS,0.014285714285714285
2024-03-29,TDG,0.014285714285714285
2024-03-29,TJX,0.014285714285714285
2024-03-29,TT,0.014285714285714285
2024-03-29,V,0.014285714285714285
2024-03-29,VMC,0.014285714285714285
2024-03-29,WAB,0.014285714285714285
2024-04-05,AIG,0.0136986301369863
2024-04-05,AIZ,0.0136986301369863
2024-04-05,AMAT,0.0136986301369863
2024-04-05,AMD,0.0136986301369863
2024-04-05,AME,0.0136986301369863
2024-04-05,AMZN,0.0136986301369863
2024-04-05,APH,0.0136986301369863
2024-04-05,AVGO,0.0136986301369863
2024-04-05,BR,0.0136986301369863
2024-04-05,BRKB,0.0136986301369863
2024-04-05,BRO,0.0136986301369863
2024-04-05,CAH,0.0136986301369863
2024-04-05,CAT,0.0136986301369863
2024-04-05,CBOE,0.0136986301369863
2024-04-05,CDNS,0.0136986301369863
2024-04-05,CEG,0.0136986301369863
2024-04-05,CMG,0.0136986301369863
2024-04-05,COST,0.0136986301369863
2024-04-05,CRM,0.0136986301369863
2024-04-05,CTAS,0.0136986301369863
2024-04-05,DHI,0.0136986301369863
2024-04-05,DLR,0.0136986301369863
2024-04-05,ECL,0.0136986301369863
2024-04-05,ETN,0.0136986301369863
2024-04-05,FAST,0.0136986301369863
2024-04-05,FICO,0.0136986301369863
2024-04-05,GE,0.0136986301369863
2024-04-05,GRMN,0.0136986301369863
2024-04-05,GWW,0.0136986301369863
2024-04-05,HIG,0.0136986301369863
2024-04-05,HLT,0.0136986301369863
2024-04-05,HWM,0.0136986301369863
2024-04-05,IBM,0.0136986301369863
2024-04-05,IR,0.0136986301369863
2024-04-05,IRM,0.0136986301369863
2024-04-05,JPM,0.0136986301369863
2024-04-05,KLAC,0.0136986301369863
2024-04-05,L,0.0136986301369863
2024-04-05,LEN,0.0136986301369863
2024-04-05,LIN,0.0136986301369863
2024-04-05,LLY,0.0136986301369863
2024-04-05,LRCX,0.0136986301369863
2024-04-05,MAR,0.0136986301369863
2024-04-05,MAS,0.0136986301369863
2024-04-05,MCK,0.0136986301369863
2024-04-05,META,0.0136986301369863
2024-04-05,MLM,0.0136986301369863
2024-04-05,MSFT,0.0136986301369863
2024-04-05,MU,0.0136986301369863
2024-04-05,NFLX,0.0136986301369863
2024-04-05,NOW,0.0136986301369863
2024-04-05,NRG,0.0136986301369863
2024-04-05,NTAP,0.0136986301369863
2024-04-05,NVDA,0.0136986301369863
2024-04-05,NWS,0.0136986301369863
2024-04-05,NWSA,0.0136986301369863
2024-04-05,PCAR,0.0136986301369863
2024-04-05,PH,0.0136986301369863
2024-04-05,PHM,0.0136986301369863
2024-04-05,PNR,0.0136986301369863
2024-04-05,PTC,0.0136986301369863
2024-04-05,RCL,0.0136986301369863
2024-04-05,ROP,0.0136986301369863
2024-04-05,ROST,0.0136986301369863
2024-04-05,RSG,0.0136986301369863
2024-04-05,SHW,0.0136986301369863
2024-04-05,SNPS,0.0136986301369863
2024-04-05,TDG,0.0136986301369863
2024-04-05,TT,0.0136986301369863
2024-04-05,URI,0.0136986301369863
2024-04-05,VMC,0.0136986301369863
2024-04-05,WAB,0.0136986301369863
2024-04-05,WDC,0.0136986301369863
2024-04-12,AIG,0.0136986301369863
2024-04-12,AIZ,0.0136986301369863
2024-04-12,AJG,0.0136986301369863
2024-04-12,ALL,0.0136986301369863
2024-04-12,AMAT,0.0136986301369863
2024-04-12,AMD,0.0136986301369863
2024-04-12,AME,0.0136986301369863
2024-04-12,AMZN,0.0136986301369863
2024-04-12,APH,0.0136986301369863
2024-04-12,AVGO,0.0136986301369863
2024-04-12,BR,0.0136986301369863
2024-04-12,BRKB,0.0136986301369863
2024-04-12,BRO,0.0136986301369863
2024-04-12,CAT,0.0136986301369863
2024-04-12,CBOE,0.0136986301369863
2024-04-12,CEG,0.0136986301369863
2024-04-12,CMG,0.0136986301369863
2024-04-12,COST,0.0136986301369863
2024-04-12,CRM,0.0136986301369863
2024-04-12,CTAS,0.0136986301369863
2024-04-12,DLR,0.0136986301369863
2024-04-12,ECL,0.0136986301369863
2024-04-12,ETN,0.0136986301369863
2024-04-12,FAST,0.0136986301369863
2024-04-12,FICO,0.0136986301369863
2024-04-12,GE,0.0136986301369863
2024-04-12,GRMN,0.0136986301369863
2024-04-12,GWW,0.0136986301369863
2024-04-12,HIG,0.0136986301369863
2024-04-12,HLT,0.0136986301369863
2024-04-12,HWM,0.0136986301369863
2024-04-12,IBM,0.0136986301369863
2024-04-12,IR,0.0136986301369863
2024-04-12,IRM,0.0136986301369863
2024-04-12,JPM,0.0136986301369863
2024-04-12,KLAC,0.0136986301369863
2024-04-12,L,0.0136986301369863
2024-04-12,LIN,0.0136986301369863
2024-04-12,LLY,0.0136986301369863
2024-04-12,LRCX,0.0136986301369863
2024-04-12,MA,0.0136986301369863
2024-04-12,MAR,0.0136986301369863
2024-04-12,MAS,0.0136986301369863
2024-04-12,MCK,0.0136986301369863
2024-04-12,META,0.0136986301369863
2024-04-12,MLM,0.0136986301369863
2024-04-12,MSFT,0.0136986301369863
2024-04-12,NFLX,0.0136986301369863
2024-04-12,NOW,0.0136986301369863
2024-04-12,NRG,0.0136986301369863
2024-04-12,NTAP,0.0136986301369863
2024-04-12,NVDA,0.0136986301369863
2024-04-12,NWS,0.0136986301369863
2024-04-12,NWSA,0.0136986301369863
2024-04-12,PCAR,0.0136986301369863
2024-04-12,PH,0.0136986301369863
2024-04-12,PHM,0.0136986301369863
2024-04-12,PNR,0.0136986301369863
2024-04-12,PTC,0.0136986301369863
2024-04-12,RCL,0.0136986301369863
2024-04-12,ROP,0.0136986301369863
2024-04-12,ROST,0.0136986301369863
2024-04-12,RSG,0.0136986301369863
2024-04-12,SHW,0.0136986301369863
2024-04-12,TDG,0.0136986301369863
2024-04-12,TJX,0.0136986301369863
2024-04-12,TRV,0.0136986301369863
2024-04-12,TT,0.0136986301369863
2024-04-12,URI,0.0136986301369863
2024-04-12,V,0.0136986301369863
2024-04-12,VMC,0.0136986301369863
2024-04-12,WAB,0.0136986301369863
2024-04-12,WRK,0.0136986301369863
2024-04-19,AIG,0.01282051282051282
2024-04-19,AIZ,0.01282051282051282
2024-04-19,AMAT,0.01282051282051282
2024-04-19,AMD,0.01282051282051282
2024-04-19,AME,0.01282051282051282
2024-04-19,AMZN,0.01282051282051282
2024-04-19,ANET,0.01282051282051282
2024-04-19,APH,0.01282051282051282
2024-04-19,AVGO,0.01282051282051282
2024-04-19,BR,0.01282051282051282
2024-04-19,BRKB,0.01282051282051282
2024-04-19,BRO,0.01282051282051282
2024-04-19,CAH,0.01282051282051282
2024-04-19,CAT,0.01282051282051282
2024-04-19,CBOE,0.01282051282051282
2024-04-19,CDNS,0.01282051282051282
2024-04-19,CDW,0.01282051282051282
2024-04-19,CE,0.01282051282051282
2024-04-19,CEG,0.01282051282051282
2024-04-19,CMG,0.01282051282051282
2024-04-19,COST,0.01282051282051282
2024-04-19,CRM,0.01282051282051282
2024-04-19,CTAS,0.01282051282051282
2024-04-19,ECL,0.01282051282051282
2024-04-19,ETN,0.01282051282051282
2024-04-19,FAST,0.01282051282051282
2024-04-19,FFIV,0.01282051282051282
2024-04-19,FICO,0.01282051282051282
2024-04-19,GE,0.01282051282051282
2024-04-19,GRMN,0.01282051282051282
2024-04-19,GWW,0.01282051282051282
2024-04-19,HIG,0.01282051282051282
2024-04-19,HLT,0.01282051282051282
2024-04-19,HWM,0.01282051282051282
2024-04-19,IBM,0.01282051282051282
2024-04-19,IR,0.01282051282051282
2024-04-19,IRM,0.01282051282051282
2024-04-19,IT,0.01282051282051282
2024-04-19,JPM,0.01282051282051282
2024-04-19,KLAC,0.01282051282051282
2024-04-19,L,0.01282051282051282
2024-04-19,LLY,0.01282051282051282
2024-04-19,LRCX,0.01282051282051282
2024-04-19,MA,0.01282051282051282
2024-04-19,MAR,0.01282051282051282
2024-04-19,MCK,0.01282051282051282
2024-04-19,META,0.01282051282051282
2024-04-19,MLM,0.01282051282051282
2024-04-19,MSFT,0.01282051282051282
2024-04-19,MU,0.01282051282051282
2024-04-19,NFLX,0.01282051282051282
2024-04-19,NOW,0.01282051282051282
2024-04-19,NRG,0.01282051282051282
2024-04-19,NTAP,0.01282051282051282
2024-04-19,NVDA,0.01282051282051282
2024-04-19,NWS,0.01282051282051282
2024-04-19,NWSA,0.01282051282051282
2024-04-19,PCAR,0.01282051282051282
2024-04-19,PH,0.01282051282051282
2024-04-19,PHM,0.01282051282051282
2024-04-19,PNR,0.01282051282051282
2024-04-19,PSX,0.01282051282051282
2024-04-19,PTC,0.01282051282051282
2024-04-19,RCL,0.01282051282051282
2024-04-19,RL,0.01282051282051282
2024-04-19,ROP,0.01282051282051282
2024-04-19,ROST,0.01282051282051282
2024-04-19,RSG,0.01282051282051282
2024-04-19,SHW,0.01282051282051282
2024-04-19,SNPS,0.01282051282051282
2024-04-19,TDG,0.01282051282051282
2024-04-19,TRGP,0.01282051282051282
2024-04-19,TT,0.01282051282051282
2024-04-19,URI,0.01282051282051282
2024-04-19,V,0.01282051282051282
2024-04-19,VMC,0.01282051282051282
2024-04-19,WAB,0.01282051282051282
2024-04-19,WDC,0.01282051282051282
2024-04-26,AIG,0.012345679012345678
2024-04-26,AIZ,0.012345679012345678
2024-04-26,ALL,0.012345679012345678
2024-04-26,AMAT,0.012345679012345678
2024-04-26,AMD,0.012345679012345678
2024-04-26,AME,0.012345679012345678
2024-04-26,AMP,0.012345679012345678
2024-04-26,AMZN,0.012345679012345678
2024-04-26,ANET,0.012345679012345678
2024-04-26,APH,0.012345679012345678
2024-04-26,AVGO,0.012345679012345678
2024-04-26,BR,0.012345679012345678
2024-04-26,BRKB,0.012345679012345678
2024-04-26,BRO,0.012345679012345678
2024-04-26,CAT,0.012345679012345678
2024-04-26,CBOE,0.012345679012345678
2024-04-26,CDW,0.012345679012345678
2024-04-26,CE,0.012345679012345678
2024-04-26,CEG,0.012345679012345678
2024-04-26,COST,0.012345679012345678
2024-04-26,CRM,0.012345679012345678
2024-04-26,CTAS,0.012345679012345678
2024-04-26,DPZ,0.012345679012345678
2024-04-26,ECL,0.012345679012345678
2024-04-26,ETN,0.012345679012345678
2024-04-26,FAST,0.012345679012345678
2024-04-26,FFIV,0.012345679012345678
2024-04-26,FICO,0.012345679012345678
2024-04-26,GE,0.012345679012345678
2024-04-26,GRMN,0.012345679012345678
2024-04-26,GWW,0.012345679012345678
2024-04-26,HIG,0.012345679012345678
2024-04-26,HII,0.012345679012345678
2024-04-26,HLT,0.012345679012345678
2024-04-26,HWM,0.012345679012345678
2024-04-26,IBM,0.012345679012345678
2024-04-26,IR,0.012345679012345678
2024-04-26,IRM,0.012345679012345678
2024-04-26,IT,0.012345679012345678
2024-04-26,JPM,0.012345679012345678
2024-04-26,KLAC,0.012345679012345678
2024-04-26,L,0.012345679012345678
2024-04-26,LLY,0.012345679012345678
2024-04-26,LRCX,0.012345679012345678
2024-04-26,MAR,0.012345679012345678
2024-04-26,MCK,0.012345679012345678
2024-04-26,META,0.012345679012345678
2024-04-26,MLM,0.012345679012345678
2024-04-26,MPC,0.012345679012345678
2024-04-26,MSFT,0.012345679012345678
2024-04-26,MU,0.012345679012345678
2024-04-26,NFLX,0.012345679012345678
2024-04-26,NOW,0.012345679012345678
2024-04-26,NRG,0.012345679012345678
2024-04-26,NTAP,0.012345679012345678
2024-04-26,NVDA,0.012345679012345678
2024-04-26,NWS,0.012345679012345678
2024-04-26,NWSA,0.012345679012345678
2024-04-26,PCAR,0.012345679012345678
2024-04-26,PGR,0.012345679012345678
2024-04-26,PH,0.012345679012345678
2024-04-26,PHM,0.012345679012345678
2024-04-26,PSX,0.012345679012345678
2024-04-26,PTC,0.012345679012345678
2024-04-26,RCL,0.012345679012345678
2024-04-26,RL,0.012345679012345678
2024-04-26,ROP,0.012345679012345678
2024-04-26,ROST,0.012345679012345678
2024-04-26,RSG,0.012345679012345678
2024-04-26,SHW,0.012345679012345678
2024-04-26,TDG,0.012345679012345678
2024-04-26,TRGP,0.012345679012345678
2024-04-26,TT,0.012345679012345678
2024-04-26,TXT,0.012345679012345678
2024-04-26,URI,0.012345679012345678
2024-04-26,VMC,0.012345679012345678
2024-04-26,WAB,0.012345679012345678
2024-04-26,WDC,0.012345679012345678
2024-04-26,WM,0.012345679012345678
2024-04-26,WRB,0.012345679012345678
2024-04-26,WRK,0.012345679012345678
2024-05-03,AIG,0.0136986301369863
2024-05-03,ALL,0.0136986301369863
2024-05-03,AMAT,0.0136986301369863
2024-05-03,AMP,0.0136986301369863
2024-05-03,AMZN,0.0136986301369863
2024-05-03,ANET,0.0136986301369863
2024-05-03,APH,0.0136986301369863
2024-05-03,AVGO,0.0136986301369863
2024-05-03,BK,0.0136986301369863
2024-05-03,BRKB,0.0136986301369863
2024-05-03,BRO,0.0136986301369863
2024-05-03,CAT,0.0136986301369863
2024-05-03,CBOE,0.0136986301369863
2024-05-03,CDW,0.0136986301369863
2024-05-03,CE,0.0136986301369863
2024-05-03,CEG,0.0136986301369863
2024-05-03,COF,0.0136986301369863
2024-05-03,COST,0.0136986301369863
2024-05-03,CTAS,0.0136986301369863
2024-05-03,DPZ,0.0136986301369863
2024-05-03,ETN,0.0136986301369863
2024-05-03,FAST,0.0136986301369863
2024-05-03,FFIV,0.0136986301369863
2024-05-03,FICO,0.0136986301369863
2024-05-03,GD,0.0136986301369863
2024-05-03,GRMN,0.0136986301369863
2024-05-03,GWW,0.0136986301369863
2024-05-03,HIG,0.0136986301369863
2024-05-03,HII,0.0136986301369863
2024-05-03,HLT,0.0136986301369863
2024-05-03,HWM,0.0136986301369863
2024-05-03,IBM,0.0136986301369863
2024-05-03,IR,0.0136986301369863
2024-05-03,JPM,0.0136986301369863
2024-05-03,KLAC,0.0136986301369863
2024-05-03,L,0.0136986301369863
2024-05-03,LDOS,0.0136986301369863
2024-05-03,LLY,0.0136986301369863
2024-05-03,LRCX,0.0136986301369863
2024-05-03,MCK,0.0136986301369863
2024-05-03,META,0.0136986301369863
2024-05-03,MLM,0.0136986301369863
2024-05-03,MPC,0.0136986301369863
2024-05-03,MU,0.0136986301369863
2024-05-03,NFLX,0.0136986301369863
2024-05-03,NOW,0.0136986301369863
2024-05-03,NRG,0.0136986301369863
2024-05-03,NTAP,0.0136986301369863
2024-05-03,NVDA,0.0136986301369863
2024-05-03,NWS,0.0136986301369863
2024-05-03,NWSA,0.0136986301369863
2024-05-03,PCAR,0.0136986301369863
2024-05-03,PGR,0.0136986301369863
2024-05-03,PH,0.0136986301369863
2024-05-03,PHM,0.0136986301369863
2024-05-03,PRU,0.0136986301369863
2024-05-03,PSX,0.0136986301369863
2024-05-03,PTC,0.0136986301369863
2024-05-03,RCL,0.0136986301369863
2024-05-03,RJF,0.0136986301369863
2024-05-03,ROST,0.0136986301369863
2024-05-03,RSG,0.0136986301369863
2024-05-03,SHW,0.0136986301369863
2024-05-03,TDG,0.0136986301369863
2024-05-03,TRGP,0.0136986301369863
2024-05-03,TT,0.0136986301369863
2024-05-03,TXT,0.0136986301369863
2024-05-03,URI,0.0136986301369863
2024-05-03,VLO,0.0136986301369863
2024-05-03,WAB,0.0136986301369863
2024-05-03,WDC,0.0136986301369863
2024-05-03,WRB,0.0136986301369863
2024-05-03,WRK,0.0136986301369863
2024-05-10,AIG,0.014084507042253521
2024-05-10,AMAT,0.014084507042253521
2024-05-10,AMP,0.014084507042253521
2024-05-10,AMZN,0.014084507042253521
2024-05-10,ANET,0.014084507042253521
2024-05-10,APH,0.014084507042253521
2024-05-10,AVGO,0.014084507042253521
2024-05-10,AXP,0.014084507042253521
2024-05-10,BRKB,0.014084507042253521
2024-05-10,CAT,0.014084507042253521
2024-05-10,CDNS,0.014084507042253521
2024-05-10,CDW,0.014084507042253521
2024-05-10,CE,0.014084507042253521
2024-05-10,CEG,0.014084507042253521
2024-05-10,COST,0.014084507042253521
2024-05-10,CTAS,0.014084507042253521
2024-05-10,DPZ,0.014084507042253521
2024-05-10,ETN,0.014084507042253521
2024-05-10,FANG,0.014084507042253521
2024-05-10,FFIV,0.014084507042253521
2024-05-10,FICO,0.014084507042253521
2024-05-10,GD,0.014084507042253521
2024-05-10,GE,0.014084507042253521
2024-05-10,GRMN,0.014084507042253521
2024-05-10,GWW,0.014084507042253521
2024-05-10,HIG,0.014084507042253521
2024-05-10,HII,0.014084507042253521
2024-05-10,HLT,0.014084507042253521
2024-05-10,HWM,0.014084507042253521
2024-05-10,IBM,0.014084507042253521
2024-05-10,IR,0.014084507042253521
2024-05-10,IT,0.014084507042253521
2024-05-10,JPM,0.014084507042253521
2024-05-10,KLAC,0.014084507042253521
2024-05-10,L,0.014084507042253521
2024-05-10,LDOS,0.014084507042253521
2024-05-10,LLY,0.014084507042253521
2024-05-10,LRCX,0.014084507042253521
2024-05-10,MAR,0.014084507042253521
2024-05-10,META,0.014084507042253521
2024-05-10,MLM,0.014084507042253521
2024-05-10,MPC,0.014084507042253521
2024-05-10,MSFT,0.014084507042253521
2024-05-10,MU,0.014084507042253521
2024-05-10,NFLX,0.014084507042253521
2024-05-10,NOW,0.014084507042253521
2024-05-10,NRG,0.014084507042253521
2024-05-10,NTAP,0.014084507042253521
2024-05-10,NVDA,0.014084507042253521
2024-05-10,NWS,0.014084507042253521
2024-05-10,NWSA,0.014084507042253521
2024-05-10,PCAR,0.014084507042253521
2024-05-10,PGR,0.014084507042253521
2024-05-10,PH,0.014084507042253521
2024-05-10,PHM,0.014084507042253521
2024-05-10,PRU,0.014084507042253521
2024-05-10,PSX,0.014084507042253521
2024-05-10,PTC,0.014084507042253521
2024-05-10,QCOM,0.014084507042253521
2024-05-10,RCL,0.014084507042253521
2024-05-10,RJF,0.014084507042253521
2024-05-10,ROST,0.014084507042253521
2024-05-10,RSG,0.014084507042253521
2024-05-10,TDG,0.014084507042253521
2024-05-10,TRGP,0.014084507042253521
2024-05-10,TT,0.014084507042253521
2024-05-10,TXT,0.014084507042253521
2024-05-10,URI,0.014084507042253521
2024-05-10,WAB,0.014084507042253521
2024-05-10,WDC,0.014084507042253521
2024-05-10,WRK,0.014084507042253521
2024-05-17,AIG,0.015625
2024-05-17,ALL,0.015625
2024-05-17,AMP,0.015625
2024-05-17,AMZN,0.015625
2024-05-17,ANET,0.015625
2024-05-17,APH,0.015625
2024-05-17,AVGO,0.015625
2024-05-17,AXP,0.015625
2024-05-17,BK,0.015625
2024-05-17,BRKB,0.015625
2024-05-17,CAT,0.015625
2024-05-17,CBOE,0.015625
2024-05-17,CDW,0.015625
2024-05-17,CEG,0.015625
2024-05-17,COST,0.015625
2024-05-17,CTAS,0.015625
2024-05-17,DPZ,0.015625
2024-05-17,ETN,0.015625
2024-05-17,FANG,0.015625
2024-05-17,FICO,0.015625
2024-05-17,GD,0.015625
2024-05-17,GE,0.015625
2024-05-17,GRMN,0.015625
2024-05-17,GWW,0.015625
2024-05-17,HIG,0.015625
2024-05-17,HLT,0.015625
2024-05-17,HWM,0.015625
2024-05-17,IBM,0.015625
2024-05-17,IR,0.015625
2024-05-17,JPM,0.015625
2024-05-17,L,0.015625
2024-05-17,LDOS,0.015625
2024-05-17,LLY,0.015625
2024-05-17,MCK,0.015625
2024-05-17,META,0.015625
2024-05-17,MLM,0.015625
2024-05-17,MPC,0.015625
2024-05-17,NFLX,0.015625
2024-05-17,NOW,0.015625
2024-05-17,NRG,0.015625
2024-05-17,NTAP,0.015625
2024-05-17,NVDA,0.015625
2024-05-17,PCAR,0.015625
2024-05-17,PGR,0.015625
2024-05-17,PH,0.015625
2024-05-17,PHM,0.015625
2024-05-17,PKG,0.015625
2024-05-17,PRU,0.015625
2024-05-17,PSX,0.015625
2024-05-17,PTC,0.015625
2024-05-17,RCL,0.015625
2024-05-17,RJF,0.015625
2024-05-17,RSG,0.015625
2024-05-17,TDG,0.015625
2024-05-17,TRGP,0.015625
2024-05-17,TT,0.015625
2024-05-17,TXT,0.015625
2024-05-17,URI,0.015625
2024-05-17,WAB,0.015625
2024-05-17,WDC,0.015625
2024-05-17,WFC,0.015625
2024-05-17,WM,0.015625
2024-05-17,WRB,0.015625
2024-05-17,WRK,0.015625
2024-05-24,AIG,0.014084507042253521
2024-05-24,AIZ,0.014084507042253521
2024-05-24,ALL,0.014084507042253521
2024-05-24,AMP,0.014084507042253521
2024-05-24,APH,0.014084507042253521
2024-05-24,AVGO,0.014084507042253521
2024-05-24,AVY,0.014084507042253521
2024-05-24,AXP,0.014084507042253521
2024-05-24,BK,0.014084507042253521
2024-05-24,BRKB,0.014084507042253521
2024-05-24,BRO,0.014084507042253521
2024-05-24,BSX,0.014084507042253521
2024-05-24,CAT,0.014084507042253521
2024-05-24,CB,0.014084507042253521
2024-05-24,CBOE,0.014084507042253521
2024-05-24,CDW,0.014084507042253521
2024-05-24,CEG,0.014084507042253521
2024-05-24,CMG,0.014084507042253521
2024-05-24,COST,0.014084507042253521
2024-05-24,CTAS,0.014084507042253521
2024-05-24,DLR,0.014084507042253521
2024-05-24,DPZ,0.014084507042253521
2024-05-24,ECL,0.014084507042253521
2024-05-24,EMR,0.014084507042253521
2024-05-24,ETN,0.014084507042253521
2024-05-24,FANG,0.014084507042253521
2024-05-24,FICO,0.014084507042253521
2024-05-24,GD,0.014084507042253521
2024-05-24,GE,0.014084507042253521
2024-05-24,GRMN,0.014084507042253521
2024-05-24,GWW,0.014084507042253521
2024-05-24,HIG,0.014084507042253521
2024-05-24,HII,0.014084507042253521
2024-05-24,HLT,0.014084507042253521
2024-05-24,HWM,0.014084507042253521
2024-05-24,INTU,0.014084507042253521
2024-05-24,IR,0.014084507042253521
2024-05-24,IRM,0.014084507042253521
2024-05-24,JPM,0.014084507042253521
2024-05-24,L,0.014084507042253521
2024-05-24,LDOS,0.014084507042253521
2024-05-24,LLY,0.014084507042253521
2024-05-24,MAR,0.014084507042253521
2024-05-24,MCK,0.014084507042253521
2024-05-24,META,0.014084507042253521
2024-05-24,MLM,0.014084507042253521
2024-05-24,MPC,0.014084507042253521
2024-05-24,NRG,0.014084507042253521
2024-05-24,NVDA,0.014084507042253521
2024-05-24,OKE,0.014084507042253521
2024-05-24,PCAR,0.014084507042253521
2024-05-24,PGR,0.014084507042253521
2024-05-24,PH,0.014084507042253521
2024-05-24,PHM,0.014084507042253521
2024-05-24,PRU,0.014084507042253521
2024-05-24,PSX,0.014084507042253521
2024-05-24,PTC,0.014084507042253521
2024-05-24,RCL,0.014084507042253521
2024-05-24,RSG,0.014084507042253521
2024-05-24,TDG,0.014084507042253521
2024-05-24,TRGP,0.014084507042253521
2024-05-24,TT,0.014084507042253521
2024-05-24,URI,0.014084507042253521
2024-05-24,V,0.014084507042253521
2024-05-24,WAB,0.014084507042253521
2024-05-24,WDC,0.014084507042253521
2024-05-24,WFC,0.014084507042253521
2024-05-24,WM,0.014084507042253521
2024-05-24,WMB,0.014084507042253521
2024-05-24,WRB,0.014084507042253521
2024-05-24,WRK,0.014084507042253521
2024-05-31,AIG,0.014705882352941176
2024-05-31,AIZ,0.014705882352941176
2024-05-31,ALL,0.014705882352941176
2024-05-31,AMP,0.014705882352941176
2024-05-31,APH,0.014705882352941176
2024-05-31,AVY,0.014705882352941176
2024-05-31,AXON,0.014705882352941176
2024-05-31,AXP,0.014705882352941176
2024-05-31,BK,0.014705882352941176
2024-05-31,BR,0.014705882352941176
2024-05-31,BRKB,0.014705882352941176
2024-05-31,BRO,0.014705882352941176
2024-05-31,BSX,0.014705882352941176
2024-05-31,CAT,0.014705882352941176
2024-05-31,CB,0.014705882352941176
2024-05-31,CBOE,0.014705882352941176
2024-05-31,CEG,0.014705882352941176
2024-05-31,CMG,0.014705882352941176
2024-05-31,COST,0.014705882352941176
2024-05-31,CTAS,0.014705882352941176
2024-05-31,DPZ,0.014705882352941176
2024-05-31,ECL,0.014705882352941176
2024-05-31,ETN,0.014705882352941176
2024-05-31,FANG,0.014705882352941176
2024-05-31,GD,0.014705882352941176
2024-05-31,GE,0.014705882352941176
2024-05-31,GRMN,0.014705882352941176
2024-05-31,GWW,0.014705882352941176
2024-05-31,HIG,0.014705882352941176
2024-05-31,HLT,0.014705882352941176
2024-05-31,HWM,0.014705882352941176
2024-05-31,IR,0.014705882352941176
2024-05-31,IRM,0.014705882352941176
2024-05-31,J,0.014705882352941176
2024-05-31,JPM,0.014705882352941176
2024-05-31,L,0.014705882352941176
2024-05-31,LDOS,0.014705882352941176
2024-05-31,LLY,0.014705882352941176
2024-05-31,MAR,0.014705882352941176
2024-05-31,MCK,0.014705882352941176
2024-05-31,MET,0.014705882352941176
2024-05-31,META,0.014705882352941176
2024-05-31,MLM,0.014705882352941176
2024-05-31,MPC,0.014705882352941176
2024-05-31,NRG,0.014705882352941176
2024-05-31,NVDA,0.014705882352941176
2024-05-31,PCAR,0.014705882352941176
2024-05-31,PGR,0.014705882352941176
2024-05-31,PH,0.014705882352941176
2024-05-31,PHM,0.014705882352941176
2024-05-31,PKG,0.014705882352941176
2024-05-31,PRU,0.014705882352941176
2024-05-31,PSX,0.014705882352941176
2024-05-31,RCL,0.014705882352941176
2024-05-31,RJF,0.014705882352941176
2024-05-31,RL,0.014705882352941176
2024-05-31,RSG,0.014705882352941176
2024-05-31,TDG,0.014705882352941176
2024-05-31,TRGP,0.014705882352941176
2024-05-31,TT,0.014705882352941176
2024-05-31,URI,0.014705882352941176
2024-05-31,VMC,0.014705882352941176
2024-05-31,WAB,0.014705882352941176
2024-05-31,WDC,0.014705882352941176
2024-05-31,WFC,0.014705882352941176
2024-05-31,WM,0.014705882352941176
2024-05-31,WRB,0.014705882352941176
2024-05-31,WRK,0.014705882352941176
2024-06-07,ACGL,0.0136986301369863
2024-06-07,AIG,0.0136986301369863
2024-06-07,AIZ,0.0136986301369863
2024-06-07,ALL,0.0136986301369863
2024-06-07,AMP,0.0136986301369863
2024-06-07,AMZN,0.0136986301369863
2024-06-07,ANET,0.0136986301369863
2024-06-07,APH,0.0136986301369863
2024-06-07,AVY,0.0136986301369863
2024-06-07,AXON,0.0136986301369863
2024-06-07,BK,0.0136986301369863
2024-06-07,BRKB,0.0136986301369863
2024-06-07,BRO,0.0136986301369863
2024-06-07,BSX,0.0136986301369863
2024-06-07,CAT,0.0136986301369863
2024-06-07,CB,0.0136986301369863
2024-06-07,CBOE,0.0136986301369863
2024-06-07,CEG,0.0136986301369863
2024-06-07,CL,0.0136986301369863
2024-06-07,CMG,0.0136986301369863
2024-06-07,COST,0.0136986301369863
2024-06-07,CTAS,0.0136986301369863
2024-06-07,DPZ,0.0136986301369863
2024-06-07,ECL,0.0136986301369863
2024-06-07,EMR,0.0136986301369863
2024-06-07,ETN,0.0136986301369863
2024-06-07,FANG,0.0136986301369863
2024-06-07,FI,0.0136986301369863
2024-06-07,FICO,0.0136986301369863
2024-06-07,GD,0.0136986301369863
2024-06-07,GE,0.0136986301369863
2024-06-07,GRMN,0.0136986301369863
2024-06-07,GWW,0.0136986301369863
2024-06-07,HIG,0.0136986301369863
2024-06-07,HLT,0.0136986301369863
2024-06-07,HWM,0.0136986301369863
2024-06-07,INTU,0.0136986301369863
2024-06-07,IR,0.0136986301369863
2024-06-07,IRM,0.0136986301369863
2024-06-07,JPM,0.0136986301369863
2024-06-07,L,0.0136986301369863
2024-06-07,LDOS,0.0136986301369863
2024-06-07,LLY,0.0136986301369863
2024-06-07,MCK,0.0136986301369863
2024-06-07,MET,0.0136986301369863
2024-06-07,META,0.0136986301369863
2024-06-07,MLM,0.0136986301369863
2024-06-07,MPC,0.0136986301369863
2024-06-07,MU,0.0136986301369863
2024-06-07,NRG,0.0136986301369863
2024-06-07,NTAP,0.0136986301369863
2024-06-07,NVDA,0.0136986301369863
2024-06-07,PCAR,0.0136986301369863
2024-06-07,PGR,0.0136986301369863
2024-06-07,PH,0.0136986301369863
2024-06-07,PHM,0.0136986301369863
2024-06-07,PKG,0.0136986301369863
2024-06-07,PRU,0.0136986301369863
2024-06-07,RCL,0.0136986301369863
2024-06-07,RSG,0.0136986301369863
2024-06-07,TDG,0.0136986301369863
2024-06-07,TMUS,0.0136986301369863
2024-06-07,TRGP,0.0136986301369863
2024-06-07,TT,0.0136986301369863
2024-06-07,URI,0.0136986301369863
2024-06-07,V,0.0136986301369863
2024-06-07,VMC,0.0136986301369863
2024-06-07,WAB,0.0136986301369863
2024-06-07,WDC,0.0136986301369863
2024-06-07,WFC,0.0136986301369863
2024-06-07,WM,0.0136986301369863
2024-06-07,WRB,0.0136986301369863
2024-06-07,WRK,0.0136986301369863
2024-06-14,ACGL,0.013157894736842105
2024-06-14,AIG,0.013157894736842105
2024-06-14,AIZ,0.013157894736842105
2024-06-14,ALL,0.013157894736842105
2024-06-14,AMAT,0.013157894736842105
2024-06-14,AMP,0.013157894736842105
2024-06-14,ANET,0.013157894736842105
2024-06-14,APH,0.013157894736842105
2024-06-14,AVY,0.013157894736842105
2024-06-14,AXP,0.013157894736842105
2024-06-14,BK,0.013157894736842105
2024-06-14,BRKB,0.013157894736842105
2024-06-14,BRO,0.013157894736842105
2024-06-14,BSX,0.013157894736842105
2024-06-14,CB,0.013157894736842105
2024-06-14,CBOE,0.013157894736842105
2024-06-14,CEG,0.013157894736842105
2024-06-14,CL,0.013157894736842105
2024-06-14,CMG,0.013157894736842105
2024-06-14,COST,0.013157894736842105
2024-06-14,CTAS,0.013157894736842105
2024-06-14,DPZ,0.013157894736842105
2024-06-14,ECL,0.013157894736842105
2024-06-14,ETN,0.013157894736842105
2024-06-14,FANG,0.013157894736842105
2024-06-14,FICO,0.013157894736842105
2024-06-14,FIS,0.013157894736842105
2024-06-14,GD,0.013157894736842105
2024-06-14,GE,0.013157894736842105
2024-06-14,GRMN,0.013157894736842105
2024-06-14,HIG,0.013157894736842105
2024-06-14,HLT,0.013157894736842105
2024-06-14,HWM,0.013157894736842105
2024-06-14,INTU,0.013157894736842105
2024-06-14,IR,0.013157894736842105
2024-06-14,IRM,0.013157894736842105
2024-06-14,JPM,0.013157894736842105
2024-06-14,KLAC,0.013157894736842105
2024-06-14,L,0.013157894736842105
2024-06-14,LDOS,0.013157894736842105
2024-06-14,LLY,0.013157894736842105
2024-06-14,MAR,0.013157894736842105
2024-06-14,MCK,0.013157894736842105
2024-06-14,MET,0.013157894736842105
2024-06-14,META,0.013157894736842105
2024-06-14,MLM,0.013157894736842105
2024-06-14,MPC,0.013157894736842105
2024-06-14,MSI,0.013157894736842105
2024-06-14,MU,0.013157894736842105
2024-06-14,NRG,0.013157894736842105
2024-06-14,NTAP,0.013157894736842105
2024-06-14,NVDA,0.013157894736842105
2024-06-14,NWS,0.013157894736842105
2024-06-14,NWSA,0.013157894736842105
2024-06-14,PGR,0.013157894736842105
2024-06-14,PH,0.013157894736842105
2024-06-14,PHM,0.013157894736842105
2024-06-14,PKG,0.013157894736842105
2024-06-14,PRU,0.013157894736842105
2024-06-14,PSX,0.013157894736842105
2024-06-14,QCOM,0.013157894736842105
2024-06-14,RSG,0.013157894736842105
2024-06-14,TDG,0.013157894736842105
2024-06-14,TMUS,0.013157894736842105
2024-06-14,TRGP,0.013157894736842105
2024-06-14,TRV,0.013157894736842105
2024-06-14,TT,0.013157894736842105
2024-06-14,URI,0.013157894736842105
2024-06-14,V,0.013157894736842105
2024-06-14,WAB,0.013157894736842105
2024-06-14,WDC,0.013157894736842105
2024-06-14,WFC,0.013157894736842105
2024-06-14,WM,0.013157894736842105
2024-06-14,WMB,0.013157894736842105
2024-06-14,WRB,0.013157894736842105
2024-06-14,WRK,0.013157894736842105
2024-06-21,ACGL,0.014705882352941176
2024-06-21,AIG,0.014705882352941176
2024-06-21,ALL,0.014705882352941176
2024-06-21,AMAT,0.014705882352941176
2024-06-21,AMP,0.014705882352941176
2024-06-21,ANET,0.014705882352941176
2024-06-21,APH,0.014705882352941176
2024-06-21,AVY,0.014705882352941176
2024-06-21,AXP,0.014705882352941176
2024-06-21,BK,0.014705882352941176
2024-06-21,BRKB,0.014705882352941176
2024-06-21,BRO,0.014705882352941176
2024-06-21,BSX,0.014705882352941176
2024-06-21,CB,0.014705882352941176
2024-06-21,CBOE,0.014705882352941176
2024-06-21,CEG,0.014705882352941176
2024-06-21,CMG,0.014705882352941176
2024-06-21,COST,0.014705882352941176
2024-06-21,CTAS,0.014705882352941176
2024-06-21,DPZ,0.014705882352941176
2024-06-21,ECL,0.014705882352941176
2024-06-21,ETN,0.014705882352941176
2024-06-21,FANG,0.014705882352941176
2024-06-21,FICO,0.014705882352941176
2024-06-21,GD,0.014705882352941176
2024-06-21,GE,0.014705882352941176
2024-06-21,GRMN,0.014705882352941176
2024-06-21,GS,0.014705882352941176
2024-06-21,HIG,0.014705882352941176
2024-06-21,HLT,0.014705882352941176
2024-06-21,HWM,0.014705882352941176
2024-06-21,INTU,0.014705882352941176
2024-06-21,IR,0.014705882352941176
2024-06-21,IRM,0.014705882352941176
2024-06-21,JPM,0.014705882352941176
2024-06-21,KLAC,0.014705882352941176
2024-06-21,L,0.014705882352941176
2024-06-21,LDOS,0.014705882352941176
2024-06-21,LLY,0.014705882352941176
2024-06-21,MCK,0.014705882352941176
2024-06-21,META,0.014705882352941176
2024-06-21,MPC,0.014705882352941176
2024-06-21,MU,0.014705882352941176
2024-06-21,NRG,0.014705882352941176
2024-06-21,NTAP,0.014705882352941176
2024-06-21,NVDA,0.014705882352941176
2024-06-21,NWS,0.014705882352941176
2024-06-21,NWSA,0.014705882352941176
2024-06-21,OKE,0.014705882352941176
2024-06-21,PCAR,0.014705882352941176
2024-06-21,PGR,0.014705882352941176
2024-06-21,PHM,0.014705882352941176
2024-06-21,PKG,0.014705882352941176
2024-06-21,PRU,0.014705882352941176
2024-06-21,PSX,0.014705882352941176
2024-06-21,QCOM,0.014705882352941176
2024-06-21,RSG,0.014705882352941176
2024-06-21,TDG,0.014705882352941176
2024-06-21,TMUS,0.014705882352941176
2024-06-21,TRGP,0.014705882352941176
2024-06-21,TT,0.014705882352941176
2024-06-21,URI,0.014705882352941176
2024-06-21,WAB,0.014705882352941176
2024-06-21,WDC,0.014705882352941176
2024-06-21,WFC,0.014705882352941176
2024-06-21,WM,0.014705882352941176
2024-06-21,WRB,0.014705882352941176
2024-06-21,WRK,0.014705882352941176
2024-06-28,ACGL,0.015873015873015872
2024-06-28,AIG,0.015873015873015872
2024-06-28,AIZ,0.015873015873015872
2024-06-28,ALL,0.015873015873015872
2024-06-28,AMP,0.015873015873015872
2024-06-28,ANET,0.015873015873015872
2024-06-28,APH,0.015873015873015872
2024-06-28,AVY,0.015873015873015872
2024-06-28,AXP,0.015873015873015872
2024-06-28,BK,0.015873015873015872
2024-06-28,BRKB,0.015873015873015872
2024-06-28,BRO,0.015873015873015872
2024-06-28,BSX,0.015873015873015872
2024-06-28,CB,0.015873015873015872
2024-06-28,CEG,0.015873015873015872
2024-06-28,CMG,0.015873015873015872
2024-06-28,COST,0.015873015873015872
2024-06-28,CTAS,0.015873015873015872
2024-06-28,DPZ,0.015873015873015872
2024-06-28,ETN,0.015873015873015872
2024-06-28,FANG,0.015873015873015872
2024-06-28,FICO,0.015873015873015872
2024-06-28,GD,0.015873015873015872
2024-06-28,GE,0.015873015873015872
2024-06-28,GOOG,0.015873015873015872
2024-06-28,GOOGL,0.015873015873015872
2024-06-28,GRMN,0.015873015873015872
2024-06-28,GS,0.015873015873015872
2024-06-28,HIG,0.015873015873015872
2024-06-28,HLT,0.015873015873015872
2024-06-28,HWM,0.015873015873015872
2024-06-28,IR,0.015873015873015872
2024-06-28,IRM,0.015873015873015872
2024-06-28,JPM,0.015873015873015872
2024-06-28,KLAC,0.015873015873015872
2024-06-28,L,0.015873015873015872
2024-06-28,LDOS,0.015873015873015872
2024-06-28,LLY,0.015873015873015872
2024-06-28,MCK,0.015873015873015872
2024-06-28,META,0.015873015873015872
2024-06-28,MU,0.015873015873015872
2024-06-28,NRG,0.015873015873015872
2024-06-28,NTAP,0.015873015873015872
2024-06-28,NVDA,0.015873015873015872
2024-06-28,NWS,0.015873015873015872
2024-06-28,NWSA,0.015873015873015872
2024-06-28,PGR,0.015873015873015872
2024-06-28,PHM,0.015873015873015872
2024-06-28,PKG,0.015873015873015872
2024-06-28,PRU,0.015873015873015872
2024-06-28,QCOM,0.015873015873015872
2024-06-28,REGN,0.015873015873015872
2024-06-28,RSG,0.015873015873015872
2024-06-28,TDG,0.015873015873015872
2024-06-28,TMUS,0.015873015873015872
2024-06-28,TRGP,0.015873015873015872
2024-06-28,TRV,0.015873015873015872
2024-06-28,TT,0.015873015873015872
2024-06-28,WAB,0.015873015873015872
2024-06-28,WDC,0.015873015873015872
2024-06-28,WM,0.015873015873015872
2024-06-28,WRB,0.015873015873015872
2024-06-28,WRK,0.015873015873015872
2024-07-05,ACGL,0.015384615384615385
2024-07-05,AIG,0.015384615384615385
2024-07-05,AIZ,0.015384615384615385
2024-07-05,ALL,0.015384615384615385
2024-07-05,AMAT,0.015384615384615385
2024-07-05,ANET,0.015384615384615385
2024-07-05,APH,0.015384615384615385
2024-07-05,AVY,0.015384615384615385
2024-07-05,BK,0.015384615384615385
2024-07-05,BRKB,0.015384615384615385
2024-07-05,BRO,0.015384615384615385
2024-07-05,BSX,0.015384615384615385
2024-07-05,CB,0.015384615384615385
2024-07-05,CEG,0.015384615384615385
2024-07-05,CMG,0.015384615384615385
2024-07-05,COST,0.015384615384615385
2024-07-05,CTAS,0.015384615384615385
2024-07-05,DPZ,0.015384615384615385
2024-07-05,ECL,0.015384615384615385
2024-07-05,ETN,0.015384615384615385
2024-07-05,FICO,0.015384615384615385
2024-07-05,GD,0.015384615384615385
2024-07-05,GE,0.015384615384615385
2024-07-05,GOOG,0.015384615384615385
2024-07-05,GOOGL,0.015384615384615385
2024-07-05,GRMN,0.015384615384615385
2024-07-05,GS,0.015384615384615385
2024-07-05,HIG,0.015384615384615385
2024-07-05,HLT,0.015384615384615385
2024-07-05,HWM,0.015384615384615385
2024-07-05,IR,0.015384615384615385
2024-07-05,IRM,0.015384615384615385
2024-07-05,JPM,0.015384615384615385
2024-07-05,KLAC,0.015384615384615385
2024-07-05,L,0.015384615384615385
2024-07-05,LDOS,0.015384615384615385
2024-07-05,LLY,0.015384615384615385
2024-07-05,MCK,0.015384615384615385
2024-07-05,META,0.015384615384615385
2024-07-05,MPC,0.015384615384615385
2024-07-05,MU,0.015384615384615385
2024-07-05,NRG,0.015384615384615385
2024-07-05,NTAP,0.015384615384615385
2024-07-05,NVDA,0.015384615384615385
2024-07-05,NWS,0.015384615384615385
2024-07-05,NWSA,0.015384615384615385
2024-07-05,PGR,0.015384615384615385
2024-07-05,PHM,0.015384615384615385
2024-07-05,PKG,0.015384615384615385
2024-07-05,PRU,0.015384615384615385
2024-07-05,QCOM,0.015384615384615385
2024-07-05,REGN,0.015384615384615385
2024-07-05,RSG,0.015384615384615385
2024-07-05,STX,0.015384615384615385
2024-07-05,TDG,0.015384615384615385
2024-07-05,TJX,0.015384615384615385
2024-07-05,TMUS,0.015384615384615385
2024-07-05,TRGP,0.015384615384615385
2024-07-05,TT,0.015384615384615385
2024-07-05,VRTX,0.015384615384615385
2024-07-05,WAB,0.015384615384615385
2024-07-05,WDC,0.015384615384615385
2024-07-05,WELL,0.015384615384615385
2024-07-05,WRB,0.015384615384615385
2024-07-05,WRK,0.015384615384615385
2024-07-12,AIG,0.015873015873015872
2024-07-12,AIZ,0.015873015873015872
2024-07-12,ALL,0.015873015873015872
2024-07-12,AMAT,0.015873015873015872
2024-07-12,ANET,0.015873015873015872
2024-07-12,AVGO,0.015873015873015872
2024-07-12,AVY,0.015873015873015872
2024-07-12,AXON,0.015873015873015872
2024-07-12,BK,0.015873015873015872
2024-07-12,BRKB,0.015873015873015872
2024-07-12,BRO,0.015873015873015872
2024-07-12,BSX,0.015873015873015872
2024-07-12,CB,0.015873015873015872
2024-07-12,CEG,0.015873015873015872
2024-07-12,CL,0.015873015873015872
2024-07-12,CMG,0.015873015873015872
2024-07-12,COST,0.015873015873015872
2024-07-12,CTAS,0.015873015873015872
2024-07-12,ECL,0.015873015873015872
2024-07-12,ETN,0.015873015873015872
2024-07-12,FICO,0.015873015873015872
2024-07-12,GD,0.015873015873015872
2024-07-12,GRMN,0.015873015873015872
2024-07-12,HIG,0.015873015873015872
2024-07-12,HLT,0.015873015873015872
2024-07-12,HWM,0.015873015873015872
2024-07-12,IR,0.015873015873015872
2024-07-12,IRM,0.015873015873015872
2024-07-12,JPM,0.015873015873015872
2024-07-12,KLAC,0.015873015873015872
2024-07-12,L,0.015873015873015872
2024-07-12,LDOS,0.015873015873015872
2024-07-12,LLY,0.015873015873015872
2024-07-12,LRCX,0.015873015873015872
2024-07-12,MCK,0.015873015873015872
2024-07-12,META,0.015873015873015872
2024-07-12,MSFT,0.015873015873015872
2024-07-12,MSI,0.015873015873015872
2024-07-12,MU,0.015873015873015872
2024-07-12,NRG,0.015873015873015872
2024-07-12,NTAP,0.015873015873015872
2024-07-12,NWS,0.015873015873015872
2024-07-12,NWSA,0.015873015873015872
2024-07-12,PGR,0.015873015873015872
2024-07-12,PKG,0.015873015873015872
2024-07-12,QCOM,0.015873015873015872
2024-07-12,RCL,0.015873015873015872
2024-07-12,REGN,0.015873015873015872
2024-07-12,ROST,0.015873015873015872
2024-07-12,RSG,0.015873015873015872
2024-07-12,STX,0.015873015873015872
2024-07-12,TDG,0.015873015873015872
2024-07-12,TJX,0.015873015873015872
2024-07-12,TMUS,0.015873015873015872
2024-07-12,TRGP,0.015873015873015872
2024-07-12,TRV,0.015873015873015872
2024-07-12,TT,0.015873015873015872
2024-07-12,VRTX,0.015873015873015872
2024-07-12,WAB,0.015873015873015872
2024-07-12,WDC,0.015873015873015872
2024-07-12,WELL,0.015873015873015872
2024-07-12,WRB,0.015873015873015872
2024-07-12,WRK,0.015873015873015872
2024-07-19,AIG,0.015625
2024-07-19,AIZ,0.015625
2024-07-19,ALL,0.015625
2024-07-19,AMAT,0.015625
2024-07-19,ANET,0.015625
2024-07-19,AVGO,0.015625
2024-07-19,AVY,0.015625
2024-07-19,AXON,0.015625
2024-07-19,BK,0.015625
2024-07-19,BRKB,0.015625
2024-07-19,BRO,0.015625
2024-07-19,BSX,0.015625
2024-07-19,CB,0.015625
2024-07-19,CEG,0.015625
2024-07-19,CL,0.015625
2024-07-19,CMG,0.015625
2024-07-19,COST,0.015625
2024-07-19,CTAS,0.015625
2024-07-19,ECL,0.015625
2024-07-19,ETN,0.015625
2024-07-19,FICO,0.015625
2024-07-19,GD,0.015625
2024-07-19,GE,0.015625
2024-07-19,GOOG,0.015625
2024-07-19,GOOGL,0.015625
2024-07-19,GRMN,0.015625
2024-07-19,HIG,0.015625
2024-07-19,HLT,0.015625
2024-07-19,HWM,0.015625
2024-07-19,IR,0.015625
2024-07-19,IRM,0.015625
2024-07-19,KLAC,0.015625
2024-07-19,L,0.015625
2024-07-19,LDOS,0.015625
2024-07-19,LLY,0.015625
2024-07-19,LRCX,0.015625
2024-07-19,MCK,0.015625
2024-07-19,META,0.015625
2024-07-19,MSFT,0.015625
2024-07-19,MSI,0.015625
2024-07-19,MU,0.015625
2024-07-19,NFLX,0.015625
2024-07-19,NRG,0.015625
2024-07-19,NTAP,0.015625
2024-07-19,NWS,0.015625
2024-07-19,NWSA,0.015625
2024-07-19,PGR,0.015625
2024-07-19,PKG,0.015625
2024-07-19,QCOM,0.015625
2024-07-19,RCL,0.015625
2024-07-19,REGN,0.015625
2024-07-19,ROST,0.015625
2024-07-19,RSG,0.015625
2024-07-19,STX,0.015625
2024-07-19,TDG,0.015625
2024-07-19,TJX,0.015625
2024-07-19,TMUS,0.015625
2024-07-19,TRGP,0.015625
2024-07-19,TT,0.015625
2024-07-19,WAB,0.015625
2024-07-19,WDC,0.015625
2024-07-19,WELL,0.015625
2024-07-19,WM,0.015625
2024-07-19,WRB,0.015625
2024-07-26,AIG,0.015873015873015872
2024-07-26,ALL,0.015873015873015872
2024-07-26,AMAT,0.015873015873015872
2024-07-26,AMZN,0.015873015873015872
2024-07-26,ANET,0.015873015873015872
2024-07-26,AVGO,0.015873015873015872
2024-07-26,AXON,0.015873015873015872
2024-07-26,AXP,0.015873015873015872
2024-07-26,BK,0.015873015873015872
2024-07-26,BRO,0.015873015873015872
2024-07-26,BSX,0.015873015873015872
2024-07-26,CB,0.015873015873015872
2024-07-26,CEG,0.015873015873015872
2024-07-26,CL,0.015873015873015872
2024-07-26,COST,0.015873015873015872
2024-07-26,CTAS,0.015873015873015872
2024-07-26,ECL,0.015873015873015872
2024-07-26,ETN,0.015873015873015872
2024-07-26,FICO,0.015873015873015872
2024-07-26,GD,0.015873015873015872
2024-07-26,GOOG,0.015873015873015872
2024-07-26,GOOGL,0.015873015873015872
2024-07-26,GRMN,0.015873015873015872
2024-07-26,HIG,0.015873015873015872
2024-07-26,HLT,0.015873015873015872
2024-07-26,HWM,0.015873015873015872
2024-07-26,IR,0.015873015873015872
2024-07-26,IRM,0.015873015873015872
2024-07-26,JPM,0.015873015873015872
2024-07-26,KLAC,0.015873015873015872
2024-07-26,L,0.015873015873015872
2024-07-26,LDOS,0.015873015873015872
2024-07-26,LLY,0.015873015873015872
2024-07-26,LRCX,0.015873015873015872
2024-07-26,MCK,0.015873015873015872
2024-07-26,META,0.015873015873015872
2024-07-26,MSFT,0.015873015873015872
2024-07-26,MSI,0.015873015873015872
2024-07-26,MU,0.015873015873015872
2024-07-26,NFLX,0.015873015873015872
2024-07-26,NRG,0.015873015873015872
2024-07-26,NTAP,0.015873015873015872
2024-07-26,NWS,0.015873015873015872
2024-07-26,NWSA,0.015873015873015872
2024-07-26,PGR,0.015873015873015872
2024-07-26,QCOM,0.015873015873015872
2024-07-26,RCL,0.015873015873015872
2024-07-26,REGN,0.015873015873015872
2024-07-26,ROST,0.015873015873015872
2024-07-26,RSG,0.015873015873015872
2024-07-26,STX,0.015873015873015872
2024-07-26,T,0.015873015873015872
2024-07-26,TDG,0.015873015873015872
2024-07-26,TJX,0.015873015873015872
2024-07-26,TMUS,0.015873015873015872
2024-07-26,TRGP,0.015873015873015872
2024-07-26,TT,0.015873015873015872
2024-07-26,UHS,0.015873015873015872
2024-07-26,VRTX,0.015873015873015872
2024-07-26,WAB,0.015873015873015872
2024-07-26,WDC,0.015873015873015872
2024-07-26,WELL,0.015873015873015872
2024-07-26,WM,0.015873015873015872
2024-08-02,AIG,0.01639344262295082
2024-08-02,ALL,0.01639344262295082
2024-08-02,AMAT,0.01639344262295082
2024-08-02,AMZN,0.01639344262295082
2024-08-02,ANET,0.01639344262295082
2024-08-02,AVGO,0.01639344262295082
2024-08-02,AXON,0.01639344262295082
2024-08-02,AXP,0.01639344262295082
2024-08-02,BK,0.01639344262295082
2024-08-02,BRO,0.01639344262295082
2024-08-02,BSX,0.01639344262295082
2024-08-02,C,0.01639344262295082
2024-08-02,CB,0.01639344262295082
2024-08-02,CEG,0.01639344262295082
2024-08-02,CL,0.01639344262295082
2024-08-02,COST,0.01639344262295082
2024-08-02,CTAS,0.01639344262295082
2024-08-02,ECL,0.01639344262295082
2024-08-02,ETN,0.01639344262295082
2024-08-02,FICO,0.01639344262295082
2024-08-02,GD,0.01639344262295082
2024-08-02,GE,0.01639344262295082
2024-08-02,GOOG,0.01639344262295082
2024-08-02,GOOGL,0.01639344262295082
2024-08-02,GRMN,0.01639344262295082
2024-08-02,HIG,0.01639344262295082
2024-08-02,HLT,0.01639344262295082
2024-08-02,HWM,0.01639344262295082
2024-08-02,IR,0.01639344262295082
2024-08-02,IRM,0.01639344262295082
2024-08-02,JPM,0.01639344262295082
2024-08-02,KLAC,0.01639344262295082
2024-08-02,LDOS,0.01639344262295082
2024-08-02,LLY,0.01639344262295082
2024-08-02,LRCX,0.01639344262295082
2024-08-02,MCK,0.01639344262295082
2024-08-02,META,0.01639344262295082
2024-08-02,MSFT,0.01639344262295082
2024-08-02,MSI,0.01639344262295082
2024-08-02,MU,0.01639344262295082
2024-08-02,NFLX,0.01639344262295082
2024-08-02,NRG,0.01639344262295082
2024-08-02,NTAP,0.01639344262295082
2024-08-02,NWS,0.01639344262295082
2024-08-02,NWSA,0.01639344262295082
2024-08-02,PGR,0.01639344262295082
2024-08-02,QCOM,0.01639344262295082
2024-08-02,RCL,0.01639344262295082
2024-08-02,REGN,0.01639344262295082
2024-08-02,RSG,0.01639344262295082
2024-08-02,T,0.01639344262295082
2024-08-02,TDG,0.01639344262295082
2024-08-02,TJX,0.01639344262295082
2024-08-02,TMUS,0.01639344262295082
2024-08-02,TRGP,0.01639344262295082
2024-08-02,TT,0.01639344262295082
2024-08-02,VRTX,0.01639344262295082
2024-08-02,WAB,0.01639344262295082
2024-08-02,WDC,0.01639344262295082
2024-08-02,WELL,0.01639344262295082
2024-08-02,WM,0.01639344262295082
2024-08-09,AIG,0.015384615384615385
2024-08-09,ALL,0.015384615384615385
2024-08-09,AMAT,0.015384615384615385
2024-08-09,AMP,0.015384615384615385
2024-08-09,ANET,0.015384615384615385
2024-08-09,AVGO,0.015384615384615385
2024-08-09,AXP,0.015384615384615385
2024-08-09,BK,0.015384615384615385
2024-08-09,BRO,0.015384615384615385
2024-08-09,BSX,0.015384615384615385
2024-08-09,C,0.015384615384615385
2024-08-09,CB,0.015384615384615385
2024-08-09,CEG,0.015384615384615385
2024-08-09,CL,0.015384615384615385
2024-08-09,COST,0.015384615384615385
2024-08-09,CTAS,0.015384615384615385
2024-08-09,ECL,0.015384615384615385
2024-08-09,ETN,0.015384615384615385
2024-08-09,FICO,0.015384615384615385
2024-08-09,GD,0.015384615384615385
2024-08-09,GOOG,0.015384615384615385
2024-08-09,GRMN,0.015384615384615385
2024-08-09,GS,0.015384615384615385
2024-08-09,HIG,0.015384615384615385
2024-08-09,HLT,0.015384615384615385
2024-08-09,HWM,0.015384615384615385
2024-08-09,ICE,0.015384615384615385
2024-08-09,IFF,0.015384615384615385
2024-08-09,IR,0.015384615384615385
2024-08-09,IRM,0.015384615384615385
2024-08-09,JPM,0.015384615384615385
2024-08-09,KLAC,0.015384615384615385
2024-08-09,L,0.015384615384615385
2024-08-09,LDOS,0.015384615384615385
2024-08-09,LLY,0.015384615384615385
2024-08-09,MCK,0.015384615384615385
2024-08-09,META,0.015384615384615385
2024-08-09,MSFT,0.015384615384615385
2024-08-09,MSI,0.015384615384615385
2024-08-09,MU,0.015384615384615385
2024-08-09,NFLX,0.015384615384615385
2024-08-09,NRG,0.015384615384615385
2024-08-09,NTAP,0.015384615384615385
2024-08-09,NWS,0.015384615384615385
2024-08-09,NWSA,0.015384615384615385
2024-08-09,PGR,0.015384615384615385
2024-08-09,PRU,0.015384615384615385
2024-08-09,QCOM,0.015384615384615385
2024-08-09,RCL,0.015384615384615385
2024-08-09,REGN,0.015384615384615385
2024-08-09,ROST,0.015384615384615385
2024-08-09,RSG,0.015384615384615385
2024-08-09,STX,0.015384615384615385
2024-08-09,T,0.015384615384615385
2024-08-09,TDG,0.015384615384615385
2024-08-09,TJX,0.015384615384615385
2024-08-09,TMUS,0.015384615384615385
2024-08-09,TRGP,0.015384615384615385
2024-08-09,TRV,0.015384615384615385
2024-08-09,TT,0.015384615384615385
2024-08-09,VRTX,0.015384615384615385
2024-08-09,WAB,0.015384615384615385
2024-08-09,WDC,0.015384615384615385
2024-08-09,WM,0.015384615384615385
2024-08-09,XYL,0.015384615384615385
2024-08-16,AIG,0.014285714285714285
2024-08-16,ALL,0.014285714285714285
2024-08-16,ANET,0.014285714285714285
2024-08-16,AXON,0.014285714285714285
2024-08-16,AXP,0.014285714285714285
2024-08-16,BAC,0.014285714285714285
2024-08-16,BK,0.014285714285714285
2024-08-16,BRKB,0.014285714285714285
2024-08-16,BRO,0.014285714285714285
2024-08-16,BSX,0.014285714285714285
2024-08-16,C,0.014285714285714285
2024-08-16,CB,0.014285714285714285
2024-08-16,CEG,0.014285714285714285
2024-08-16,CL,0.014285714285714285
2024-08-16,COST,0.014285714285714285
2024-08-16,CTAS,0.014285714285714285
2024-08-16,DFS,0.014285714285714285
2024-08-16,DOV,0.014285714285714285
2024-08-16,ECL,0.014285714285714285
2024-08-16,FI,0.014285714285714285
2024-08-16,FICO,0.014285714285714285
2024-08-16,FITB,0.014285714285714285
2024-08-16,GD,0.014285714285714285
2024-08-16,GRMN,0.014285714285714285
2024-08-16,GS,0.014285714285714285
2024-08-16,GWW,0.014285714285714285
2024-08-16,HIG,0.014285714285714285
2024-08-16,HLT,0.014285714285714285
2024-08-16,HWM,0.014285714285714285
2024-08-16,IR,0.014285714285714285
2024-08-16,IRM,0.014285714285714285
2024-08-16,JPM,0.014285714285714285
2024-08-16,KLAC,0.014285714285714285
2024-08-16,L,0.014285714285714285
2024-08-16,LDOS,0.014285714285714285
2024-08-16,LLY,0.014285714285714285
2024-08-16,MCK,0.014285714285714285
2024-08-16,MCO,0.014285714285714285
2024-08-16,META,0.014285714285714285
2024-08-16,MSFT,0.014285714285714285
2024-08-16,MSI,0.014285714285714285
2024-08-16,MU,0.014285714285714285
2024-08-16,NFLX,0.014285714285714285
2024-08-16,NRG,0.014285714285714285
2024-08-16,NTAP,0.014285714285714285
2024-08-16,NVR,0.014285714285714285
2024-08-16,NWS,0.014285714285714285
2024-08-16,PGR,0.014285714285714285
2024-08-16,PHM,0.014285714285714285
2024-08-16,PRU,0.014285714285714285
2024-08-16,QCOM,0.014285714285714285
2024-08-16,RCL,0.014285714285714285
2024-08-16,REGN,0.014285714285714285
2024-08-16,RSG,0.014285714285714285
2024-08-16,STX,0.014285714285714285
2024-08-16,SYF,0.014285714285714285
2024-08-16,T,0.014285714285714285
2024-08-16,TDG,0.014285714285714285
2024-08-16,TJX,0.014285714285714285
2024-08-16,TMUS,0.014285714285714285
2024-08-16,TRGP,0.014285714285714285
2024-08-16,TRV,0.014285714285714285
2024-08-16,TT,0.014285714285714285
2024-08-16,VRTX,0.014285714285714285
2024-08-16,WAB,0.014285714285714285
2024-08-16,WDC,0.014285714285714285
2024-08-16,WELL,0.014285714285714285
2024-08-16,WM,0.014285714285714285
2024-08-16,WTW,0.014285714285714285
2024-08-16,XYL,0.014285714285714285
2024-08-23,AIG,0.015384615384615385
2024-08-23,ALL,0.015384615384615385
2024-08-23,AMP,0.015384615384615385
2024-08-23,AXON,0.015384615384615385
2024-08-23,AXP,0.015384615384615385
2024-08-23,BAC,0.015384615384615385
2024-08-23,BK,0.015384615384615385
2024-08-23,BRO,0.015384615384615385
2024-08-23,BSX,0.015384615384615385
2024-08-23,C,0.015384615384615385
2024-08-23,CB,0.015384615384615385
2024-08-23,CL,0.015384615384615385
2024-08-23,COST,0.015384615384615385
2024-08-23,CTAS,0.015384615384615385
2024-08-23,DFS,0.015384615384615385
2024-08-23,ECL,0.015384615384615385
2024-08-23,FI,0.015384615384615385
2024-08-23,FICO,0.015384615384615385
2024-08-23,FITB,0.015384615384615385
2024-08-23,GD,0.015384615384615385
2024-08-23,GRMN,0.015384615384615385
2024-08-23,GS,0.015384615384615385
2024-08-23,GWW,0.015384615384615385
2024-08-23,HIG,0.015384615384615385
2024-08-23,HLT,0.015384615384615385
2024-08-23,HWM,0.015384615384615385
2024-08-23,IR,0.015384615384615385
2024-08-23,IRM,0.015384615384615385
2024-08-23,ISRG,0.015384615384615385
2024-08-23,JPM,0.015384615384615385
2024-08-23,KLAC,0.015384615384615385
2024-08-23,L,0.015384615384615385
2024-08-23,LDOS,0.015384615384615385
2024-08-23,LHX,0.015384615384615385
2024-08-23,MCK,0.015384615384615385
2024-08-23,MSI,0.015384615384615385
2024-08-23,NFLX,0.015384615384615385
2024-08-23,NRG,0.015384615384615385
2024-08-23,NTAP,0.015384615384615385
2024-08-23,PGR,0.015384615384615385
2024-08-23,PHM,0.015384615384615385
2024-08-23,PKG,0.015384615384615385
2024-08-23,PNC,0.015384615384615385
2024-08-23,PRU,0.015384615384615385
2024-08-23,REGN,0.015384615384615385
2024-08-23,RSG,0.015384615384615385
2024-08-23,STX,0.015384615384615385
2024-08-23,SYF,0.015384615384615385
2024-08-23,T,0.015384615384615385
2024-08-23,TDG,0.015384615384615385
2024-08-23,TFC,0.015384615384615385
2024-08-23,TMUS,0.015384615384615385
2024-08-23,TRGP,0.015384615384615385
2024-08-23,TRV,0.015384615384615385
2024-08-23,TT,0.015384615384615385
2024-08-23,TYL,0.015384615384615385
2024-08-23,UHS,0.015384615384615385
2024-08-23,URI,0.015384615384615385
2024-08-23,VRTX,0.015384615384615385
2024-08-23,WAB,0.015384615384615385
2024-08-23,WDC,0.015384615384615385
2024-08-23,WELL,0.015384615384615385
2024-08-23,WFC,0.015384615384615385
2024-08-23,WTW,0.015384615384615385
2024-08-23,XYL,0.015384615384615385
2024-08-30,AFL,0.014705882352941176
2024-08-30,AIG,0.014705882352941176
2024-08-30,AJG,0.014705882352941176
2024-08-30,ALL,0.014705882352941176
2024-08-30,ANET,0.014705882352941176
2024-08-30,AXP,0.014705882352941176
2024-08-30,BAC,0.014705882352941176
2024-08-30,BK,0.014705882352941176
2024-08-30,BRO,0.014705882352941176
2024-08-30,BSX,0.014705882352941176
2024-08-30,C,0.014705882352941176
2024-08-30,CB,0.014705882352941176
2024-08-30,CL,0.014705882352941176
2024-08-30,COR,0.014705882352941176
2024-08-30,COST,0.014705882352941176
2024-08-30,CTAS,0.014705882352941176
2024-08-30,DFS,0.014705882352941176
2024-08-30,DUK,0.014705882352941176
2024-08-30,ECL,0.014705882352941176
2024-08-30,FI,0.014705882352941176
2024-08-30,FICO,0.014705882352941176
2024-08-30,FITB,0.014705882352941176
2024-08-30,GD,0.014705882352941176
2024-08-30,GE,0.014705882352941176
2024-08-30,GRMN,0.014705882352941176
2024-08-30,GS,0.014705882352941176
2024-08-30,GWW,0.014705882352941176
2024-08-30,HIG,0.014705882352941176
2024-08-30,HLT,0.014705882352941176
2024-08-30,HWM,0.014705882352941176
2024-08-30,ICE,0.014705882352941176
2024-08-30,IRM,0.014705882352941176
2024-08-30,JPM,0.014705882352941176
2024-08-30,KLAC,0.014705882352941176
2024-08-30,L,0.014705882352941176
2024-08-30,LDOS,0.014705882352941176
2024-08-30,LHX,0.014705882352941176
2024-08-30,LLY,0.014705882352941176
2024-08-30,MCK,0.014705882352941176
2024-08-30,MCO,0.014705882352941176
2024-08-30,META,0.014705882352941176
2024-08-30,MSI,0.014705882352941176
2024-08-30,NRG,0.014705882352941176
2024-08-30,NTAP,0.014705882352941176
2024-08-30,PGR,0.014705882352941176
2024-08-30,PHM,0.014705882352941176
2024-08-30,PKG,0.014705882352941176
2024-08-30,PNC,0.014705882352941176
2024-08-30,PRU,0.014705882352941176
2024-08-30,RCL,0.014705882352941176
2024-08-30,REGN,0.014705882352941176
2024-08-30,RSG,0.014705882352941176
2024-08-30,RTX,0.014705882352941176
2024-08-30,SO,0.014705882352941176
2024-08-30,SYF,0.014705882352941176
2024-08-30,T,0.014705882352941176
2024-08-30,TDG,0.014705882352941176
2024-08-30,TMUS,0.014705882352941176
2024-08-30,TRGP,0.014705882352941176
2024-08-30,TRV,0.014705882352941176
2024-08-30,TT,0.014705882352941176
2024-08-30,TYL,0.014705882352941176
2024-08-30,UHS,0.014705882352941176
2024-08-30,VRTX,0.014705882352941176
2024-08-30,WAB,0.014705882352941176
2024-08-30,WELL,0.014705882352941176
2024-08-30,WM,0.014705882352941176
2024-08-30,WTW,0.014705882352941176
2024-09-06,AFL,0.01694915254237288
2024-09-06,ALL,0.01694915254237288
2024-09-06,AXON,0.01694915254237288
2024-09-06,AXP,0.01694915254237288
2024-09-06,BK,0.01694915254237288
2024-09-06,BRO,0.01694915254237288
2024-09-06,BSX,0.01694915254237288
2024-09-06,C,0.01694915254237288
2024-09-06,CB,0.01694915254237288
2024-09-06,CL,0.01694915254237288
2024-09-06,COR,0.01694915254237288
2024-09-06,COST,0.01694915254237288
2024-09-06,CTAS,0.01694915254237288
2024-09-06,ECL,0.01694915254237288
2024-09-06,FI,0.01694915254237288
2024-09-06,FICO,0.01694915254237288
2024-09-06,FIS,0.01694915254237288
2024-09-06,FITB,0.01694915254237288
2024-09-06,GD,0.01694915254237288
2024-09-06,GE,0.01694915254237288
2024-09-06,GRMN,0.01694915254237288
2024-09-06,GS,0.01694915254237288
2024-09-06,GWW,0.01694915254237288
2024-09-06,HIG,0.01694915254237288
2024-09-06,HLT,0.01694915254237288
2024-09-06,HWM,0.01694915254237288
2024-09-06,ICE,0.01694915254237288
2024-09-06,IRM,0.01694915254237288
2024-09-06,ISRG,0.01694915254237288
2024-09-06,JPM,0.01694915254237288
2024-09-06,KMI,0.01694915254237288
2024-09-06,L,0.01694915254237288
2024-09-06,LDOS,0.01694915254237288
2024-09-06,LHX,0.01694915254237288
2024-09-06,LLY,0.01694915254237288
2024-09-06,META,0.01694915254237288
2024-09-06,MSI,0.01694915254237288
2024-09-06,NRG,0.01694915254237288
2024-09-06,NTAP,0.01694915254237288
2024-09-06,PGR,0.01694915254237288
2024-09-06,PKG,0.01694915254237288
2024-09-06,PNC,0.01694915254237288
2024-09-06,RCL,0.01694915254237288
2024-09-06,REGN,0.01694915254237288
2024-09-06,RSG,0.01694915254237288
2024-09-06,T,0.01694915254237288
2024-09-06,TMUS,0.01694915254237288
2024-09-06,TRGP,0.01694915254237288
2024-09-06,TRV,0.01694915254237288
2024-09-06,TT,0.01694915254237288
2024-09-06,TYL,0.01694915254237288
2024-09-06,UHS,0.01694915254237288
2024-09-06,VTR,0.01694915254237288
2024-09-06,WAB,0.01694915254237288
2024-09-06,WELL,0.01694915254237288
2024-09-06,WM,0.01694915254237288
2024-09-06,WMB,0.01694915254237288
2024-09-06,WTW,0.01694915254237288
2024-09-06,XYL,0.01694915254237288
2024-09-13,AFL,0.015151515151515152
2024-09-13,ALL,0.015151515151515152
2024-09-13,ANET,0.015151515151515152
2024-09-13,AXON,0.015151515151515152
2024-09-13,AXP,0.015151515151515152
2024-09-13,BK,0.015151515151515152
2024-09-13,BRO,0.015151515151515152
2024-09-13,BSX,0.015151515151515152
2024-09-13,C,0.015151515151515152
2024-09-13,CB,0.015151515151515152
2024-09-13,CL,0.015151515151515152
2024-09-13,COR,0.015151515151515152
2024-09-13,COST,0.015151515151515152
2024-09-13,CTAS,0.015151515151515152
2024-09-13,ECL,0.015151515151515152
2024-09-13,FI,0.015151515151515152
2024-09-13,FICO,0.015151515151515152
2024-09-13,FIS,0.015151515151515152
2024-09-13,GD,0.015151515151515152
2024-09-13,GE,0.015151515151515152
2024-09-13,GRMN,0.015151515151515152
2024-09-13,GS,0.015151515151515152
2024-09-13,GWW,0.015151515151515152
2024-09-13,HIG,0.015151515151515152
2024-09-13,HLT,0.015151515151515152
2024-09-13,HWM,0.015151515151515152
2024-09-13,ICE,0.015151515151515152
2024-09-13,IFF,0.015151515151515152
2024-09-13,IRM,0.015151515151515152
2024-09-13,ISRG,0.015151515151515152
2024-09-13,JPM,0.015151515151515152
2024-09-13,KLAC,0.015151515151515152
2024-09-13,LDOS,0.015151515151515152
2024-09-13,LHX,0.015151515151515152
2024-09-13,LLY,0.015151515151515152
2024-09-13,LMT,0.015151515151515152
2024-09-13,META,0.015151515151515152
2024-09-13,MPWR,0.015151515151515152
2024-09-13,MSI,0.015151515151515152
2024-09-13,NDAQ,0.015151515151515152
2024-09-13,NFLX,0.015151515151515152
2024-09-13,NRG,0.015151515151515152
2024-09-13,NTAP,0.015151515151515152
2024-09-13,NVR,0.015151515151515152
2024-09-13,NWS,0.015151515151515152
2024-09-13,NWSA,0.015151515151515152
2024-09-13,PGR,0.015151515151515152
2024-09-13,PH,0.015151515151515152
2024-09-13,PHM,0.015151515151515152
2024-09-13,RCL,0.015151515151515152
2024-09-13,REGN,0.015151515151515152
2024-09-13,RSG,0.015151515151515152
2024-09-13,RTX,0.015151515151515152
2024-09-13,STX,0.015151515151515152
2024-09-13,TDG,0.015151515151515152
2024-09-13,TMUS,0.015151515151515152
2024-09-13,TRGP,0.015151515151515152
2024-09-13,TRV,0.015151515151515152
2024-09-13,TT,0.015151515151515152
2024-09-13,TYL,0.015151515151515152
2024-09-13,UHS,0.015151515151515152
2024-09-13,WAB,0.015151515151515152
2024-09-13,WELL,0.015151515151515152
2024-09-13,WM,0.015151515151515152
2024-09-13,WTW,0.015151515151515152
2024-09-13,XYL,0.015151515151515152
2024-09-20,AFL,0.014705882352941176
2024-09-20,ALL,0.014705882352941176
2024-09-20,ANET,0.014705882352941176
2024-09-20,AXON,0.014705882352941176
2024-09-20,AXP,0.014705882352941176
2024-09-20,BK,0.014705882352941176
2024-09-20,BRO,0.014705882352941176
2024-09-20,BSX,0.014705882352941176
2024-09-20,C,0.014705882352941176
2024-09-20,CB,0.014705882352941176
2024-09-20,CL,0.014705882352941176
2024-09-20,COST,0.014705882352941176
2024-09-20,CTAS,0.014705882352941176
2024-09-20,DHI,0.014705882352941176
2024-09-20,ECL,0.014705882352941176
2024-09-20,EFX,0.014705882352941176
2024-09-20,FI,0.014705882352941176
2024-09-20,FICO,0.014705882352941176
2024-09-20,FITB,0.014705882352941176
2024-09-20,GD,0.014705882352941176
2024-09-20,GRMN,0.014705882352941176
2024-09-20,GS,0.014705882352941176
2024-09-20,GWW,0.014705882352941176
2024-09-20,HIG,0.014705882352941176
2024-09-20,HLT,0.014705882352941176
2024-09-20,HWM,0.014705882352941176
2024-09-20,ICE,0.014705882352941176
2024-09-20,IFF,0.014705882352941176
2024-09-20,IRM,0.014705882352941176
2024-09-20,ISRG,0.014705882352941176
2024-09-20,JPM,0.014705882352941176
2024-09-20,KLAC,0.014705882352941176
2024-09-20,LDOS,0.014705882352941176
2024-09-20,LLY,0.014705882352941176
2024-09-20,MCO,0.014705882352941176
2024-09-20,META,0.014705882352941176
2024-09-20,MPWR,0.014705882352941176
2024-09-20,MSI,0.014705882352941176
2024-09-20,NDAQ,0.014705882352941176
2024-09-20,NFLX,0.014705882352941176
2024-09-20,NRG,0.014705882352941176
2024-09-20,NTAP,0.014705882352941176
2024-09-20,NVR,0.014705882352941176
2024-09-20,NWS,0.014705882352941176
2024-09-20,NWSA,0.014705882352941176
2024-09-20,PGR,0.014705882352941176
2024-09-20,PH,0.014705882352941176
2024-09-20,PHM,0.014705882352941176
2024-09-20,PKG,0.014705882352941176
2024-09-20,RCL,0.014705882352941176
2024-09-20,REGN,0.014705882352941176
2024-09-20,RSG,0.014705882352941176
2024-09-20,RTX,0.014705882352941176
2024-09-20,SHW,0.014705882352941176
2024-09-20,SPG,0.014705882352941176
2024-09-20,TDG,0.014705882352941176
2024-09-20,TJX,0.014705882352941176
2024-09-20,TMUS,0.014705882352941176
2024-09-20,TRGP,0.014705882352941176
2024-09-20,TT,0.014705882352941176
2024-09-20,TYL,0.014705882352941176
2024-09-20,UHS,0.014705882352941176
2024-09-20,WAB,0.014705882352941176
2024-09-20,WELL,0.014705882352941176
2024-09-20,WM,0.014705882352941176
2024-09-20,WMB,0.014705882352941176
2024-09-20,WTW,0.014705882352941176
2024-09-20,XYL,0.014705882352941176
2024-09-27,AFL,0.014285714285714285
2024-09-27,ALL,0.014285714285714285
2024-09-27,ANET,0.014285714285714285
2024-09-27,AXON,0.014285714285714285
2024-09-27,AXP,0.014285714285714285
2024-09-27,BK,0.014285714285714285
2024-09-27,BRKB,0.014285714285714285
2024-09-27,BRO,0.014285714285714285
2024-09-27,BSX,0.014285714285714285
2024-09-27,C,0.014285714285714285
2024-09-27,CB,0.014285714285714285
2024-09-27,CL,0.014285714285714285
2024-09-27,COST,0.014285714285714285
2024-09-27,CTAS,0.014285714285714285
2024-09-27,DHI,0.014285714285714285
2024-09-27,ECL,0.014285714285714285
2024-09-27,EFX,0.014285714285714285
2024-09-27,FI,0.014285714285714285
2024-09-27,FICO,0.014285714285714285
2024-09-27,FITB,0.014285714285714285
2024-09-27,GD,0.014285714285714285
2024-09-27,GRMN,0.014285714285714285
2024-09-27,GS,0.014285714285714285
2024-09-27,HIG,0.014285714285714285
2024-09-27,HLT,0.014285714285714285
2024-09-27,HWM,0.014285714285714285
2024-09-27,ICE,0.014285714285714285
2024-09-27,IFF,0.014285714285714285
2024-09-27,IRM,0.014285714285714285
2024-09-27,ISRG,0.014285714285714285
2024-09-27,JPM,0.014285714285714285
2024-09-27,KLAC,0.014285714285714285
2024-09-27,L,0.014285714285714285
2024-09-27,LDOS,0.014285714285714285
2024-09-27,LLY,0.014285714285714285
2024-09-27,MCO,0.014285714285714285
2024-09-27,MHK,0.014285714285714285
2024-09-27,MPWR,0.014285714285714285
2024-09-27,MSI,0.014285714285714285
2024-09-27,NDAQ,0.014285714285714285
2024-09-27,NFLX,0.014285714285714285
2024-09-27,NRG,0.014285714285714285
2024-09-27,NVR,0.014285714285714285
2024-09-27,NWS,0.014285714285714285
2024-09-27,NWSA,0.014285714285714285
2024-09-27,PEG,0.014285714285714285
2024-09-27,PGR,0.014285714285714285
2024-09-27,PH,0.014285714285714285
2024-09-27,PHM,0.014285714285714285
2024-09-27,PPL,0.014285714285714285
2024-09-27,RCL,0.014285714285714285
2024-09-27,REGN,0.014285714285714285
2024-09-27,RSG,0.014285714285714285
2024-09-27,RTX,0.014285714285714285
2024-09-27,SPG,0.014285714285714285
2024-09-27,SYF,0.014285714285714285
2024-09-27,TDG,0.014285714285714285
2024-09-27,TFC,0.014285714285714285
2024-09-27,TMUS,0.014285714285714285
2024-09-27,TRGP,0.014285714285714285
2024-09-27,TRV,0.014285714285714285
2024-09-27,TT,0.014285714285714285
2024-09-27,TYL,0.014285714285714285
2024-09-27,UHS,0.014285714285714285
2024-09-27,VTR,0.014285714285714285
2024-09-27,WAB,0.014285714285714285
2024-09-27,WELL,0.014285714285714285
2024-09-27,WM,0.014285714285714285
2024-09-27,WTW,0.014285714285714285
2024-09-27,XYL,0.014285714285714285
2024-10-04,AFL,0.015151515151515152
2024-10-04,ALL,0.015151515151515152
2024-10-04,AXON,0.015151515151515152
2024-10-04,AXP,0.015151515151515152
2024-10-04,BAC,0.015151515151515152
2024-10-04,BK,0.015151515151515152
2024-10-04,BRKB,0.015151515151515152
2024-10-04,BRO,0.015151515151515152
2024-10-04,BSX,0.015151515151515152
2024-10-04,CB,0.015151515151515152
2024-10-04,CL,0.015151515151515152
2024-10-04,COST,0.015151515151515152
2024-10-04,CTAS,0.015151515151515152
2024-10-04,DHI,0.015151515151515152
2024-10-04,ECL,0.015151515151515152
2024-10-04,FI,0.015151515151515152
2024-10-04,FICO,0.015151515151515152
2024-10-04,FIS,0.015151515151515152
2024-10-04,FITB,0.015151515151515152
2024-10-04,GD,0.015151515151515152
2024-10-04,GRMN,0.015151515151515152
2024-10-04,GS,0.015151515151515152
2024-10-04,HCA,0.015151515151515152
2024-10-04,HIG,0.015151515151515152
2024-10-04,HLT,0.015151515151515152
2024-10-04,HWM,0.015151515151515152
2024-10-04,ICE,0.015151515151515152
2024-10-04,IFF,0.015151515151515152
2024-10-04,IRM,0.015151515151515152
2024-10-04,ISRG,0.015151515151515152
2024-10-04,JPM,0.015151515151515152
2024-10-04,KO,0.015151515151515152
2024-10-04,LDOS,0.015151515151515152
2024-10-04,LHX,0.015151515151515152
2024-10-04,LLY,0.015151515151515152
2024-10-04,LMT,0.015151515151515152
2024-10-04,MCO,0.015151515151515152
2024-10-04,MSI,0.015151515151515152
2024-10-04,NDAQ,0.015151515151515152
2024-10-04,NFLX,0.015151515151515152
2024-10-04,NRG,0.015151515151515152
2024-10-04,NVR,0.015151515151515152
2024-10-04,OKE,0.015151515151515152
2024-10-04,PGR,0.015151515151515152
2024-10-04,PHM,0.015151515151515152
2024-10-04,PM,0.015151515151515152
2024-10-04,PPL,0.015151515151515152
2024-10-04,RCL,0.015151515151515152
2024-10-04,REGN,0.015151515151515152
2024-10-04,RSG,0.015151515151515152
2024-10-04,RTX,0.015151515151515152
2024-10-04,SPG,0.015151515151515152
2024-10-04,SPGI,0.015151515151515152
2024-10-04,SYF,0.015151515151515152
2024-10-04,TDG,0.015151515151515152
2024-10-04,TMUS,0.015151515151515152
2024-10-04,TRGP,0.015151515151515152
2024-10-04,TRV,0.015151515151515152
2024-10-04,TT,0.015151515151515152
2024-10-04,TYL,0.015151515151515152
2024-10-04,UHS,0.015151515151515152
2024-10-04,VLTO,0.015151515151515152
2024-10-04,VTR,0.015151515151515152
2024-10-04,WAB,0.015151515151515152
2024-10-04,WELL,0.015151515151515152
2024-10-04,WTW,0.015151515151515152
2024-10-11,ALL,0.015384615384615385
2024-10-11,AXON,0.015384615384615385
2024-10-11,AXP,0.015384615384615385
2024-10-11,BALL,0.015384615384615385
2024-10-11,BK,0.015384615384615385
2024-10-11,BRO,0.015384615384615385
2024-10-11,BSX,0.015384615384615385
2024-10-11,CB,0.015384615384615385
2024-10-11,CBRE,0.015384615384615385
2024-10-11,CL,0.015384615384615385
2024-10-11,COST,0.015384615384615385
2024-10-11,DHI,0.015384615384615385
2024-10-11,DVA,0.015384615384615385
2024-10-11,EBAY,0.015384615384615385
2024-10-11,ECL,0.015384615384615385
2024-10-11,FI,0.015384615384615385
2024-10-11,FICO,0.015384615384615385
2024-10-11,FIS,0.015384615384615385
2024-10-11,FITB,0.015384615384615385
2024-10-11,GRMN,0.015384615384615385
2024-10-11,GS,0.015384615384615385
2024-10-11,HCA,0.015384615384615385
2024-10-11,HIG,0.015384615384615385
2024-10-11,HLT,0.015384615384615385
2024-10-11,HWM,0.015384615384615385
2024-10-11,IBM,0.015384615384615385
2024-10-11,ICE,0.015384615384615385
2024-10-11,IFF,0.015384615384615385
2024-10-11,IRM,0.015384615384615385
2024-10-11,ISRG,0.015384615384615385
2024-10-11,JPM,0.015384615384615385
2024-10-11,KO,0.015384615384615385
2024-10-11,LDOS,0.015384615384615385
2024-10-11,LEN,0.015384615384615385
2024-10-11,MCO,0.015384615384615385
2024-10-11,MHK,0.015384615384615385
2024-10-11,MSI,0.015384615384615385
2024-10-11,NDAQ,0.015384615384615385
2024-10-11,NFLX,0.015384615384615385
2024-10-11,NRG,0.015384615384615385
2024-10-11,NVR,0.015384615384615385
2024-10-11,PGR,0.015384615384615385
2024-10-11,PHM,0.015384615384615385
2024-10-11,PM,0.015384615384615385
2024-10-11,RCL,0.015384615384615385
2024-10-11,REGN,0.015384615384615385
2024-10-11,RMD,0.015384615384615385
2024-10-11,RSG,0.015384615384615385
2024-10-11,RTX,0.015384615384615385
2024-10-11,SHW,0.015384615384615385
2024-10-11,SPG,0.015384615384615385
2024-10-11,SPGI,0.015384615384615385
2024-10-11,T,0.015384615384615385
2024-10-11,TDG,0.015384615384615385
2024-10-11,TMUS,0.015384615384615385
2024-10-11,TRGP,0.015384615384615385
2024-10-11,TRV,0.015384615384615385
2024-10-11,TT,0.015384615384615385
2024-10-11,TYL,0.015384615384615385
2024-10-11,UHS,0.015384615384615385
2024-10-11,VLTO,0.015384615384615385
2024-10-11,VTR,0.015384615384615385
2024-10-11,WAB,0.015384615384615385
2024-10-11,WELL,0.015384615384615385
2024-10-11,XYL,0.015384615384615385
2024-10-18,ALL,0.0136986301369863
2024-10-18,AXON,0.0136986301369863
2024-10-18,AXP,0.0136986301369863
2024-10-18,BK,0.0136986301369863
2024-10-18,BLK,0.0136986301369863
2024-10-18,BRKB,0.0136986301369863
2024-10-18,BRO,0.0136986301369863
2024-10-18,BSX,0.0136986301369863
2024-10-18,CB,0.0136986301369863
2024-10-18,CBRE,0.0136986301369863
2024-10-18,CL,0.0136986301369863
2024-10-18,COST,0.0136986301369863
2024-10-18,DHI,0.0136986301369863
2024-10-18,DVA,0.0136986301369863
2024-10-18,EBAY,0.0136986301369863
2024-10-18,ECL,0.0136986301369863
2024-10-18,EMN,0.0136986301369863
2024-10-18,FI,0.0136986301369863
2024-10-18,FICO,0.0136986301369863
2024-10-18,FIS,0.0136986301369863
2024-10-18,FITB,0.0136986301369863
2024-10-18,GE,0.0136986301369863
2024-10-18,GLW,0.0136986301369863
2024-10-18,GRMN,0.0136986301369863
2024-10-18,GS,0.0136986301369863
2024-10-18,HCA,0.0136986301369863
2024-10-18,HIG,0.0136986301369863
2024-10-18,HLT,0.0136986301369863
2024-10-18,HWM,0.0136986301369863
2024-10-18,IBM,0.0136986301369863
2024-10-18,ICE,0.0136986301369863
2024-10-18,IFF,0.0136986301369863
2024-10-18,IR,0.0136986301369863
2024-10-18,IRM,0.0136986301369863
2024-10-18,ISRG,0.0136986301369863
2024-10-18,JPM,0.0136986301369863
2024-10-18,LDOS,0.0136986301369863
2024-10-18,LEN,0.0136986301369863
2024-10-18,MAS,0.0136986301369863
2024-10-18,MCO,0.0136986301369863
2024-10-18,MHK,0.0136986301369863
2024-10-18,MPWR,0.0136986301369863
2024-10-18,MSI,0.0136986301369863
2024-10-18,NDAQ,0.0136986301369863
2024-10-18,NFLX,0.0136986301369863
2024-10-18,NRG,0.0136986301369863
2024-10-18,NVR,0.0136986301369863
2024-10-18,PGR,0.0136986301369863
2024-10-18,PH,0.0136986301369863
2024-10-18,PHM,0.0136986301369863
2024-10-18,PKG,0.0136986301369863
2024-10-18,PNC,0.0136986301369863
2024-10-18,RCL,0.0136986301369863
2024-10-18,REGN,0.0136986301369863
2024-10-18,ROL,0.0136986301369863
2024-10-18,RSG,0.0136986301369863
2024-10-18,RTX,0.0136986301369863
2024-10-18,SHW,0.0136986301369863
2024-10-18,SPG,0.0136986301369863
2024-10-18,SPGI,0.0136986301369863
2024-10-18,SYF,0.0136986301369863
2024-10-18,TDG,0.0136986301369863
2024-10-18,TMUS,0.0136986301369863
2024-10-18,TRGP,0.0136986301369863
2024-10-18,TRV,0.0136986301369863
2024-10-18,TT,0.0136986301369863
2024-10-18,TYL,0.0136986301369863
2024-10-18,UHS,0.0136986301369863
2024-10-18,URI,0.0136986301369863
2024-10-18,VLTO,0.0136986301369863
2024-10-18,WAB,0.0136986301369863
2024-10-18,WELL,0.0136986301369863
2024-10-18,XYL,0.0136986301369863
2024-10-25,ANET,0.013513513513513514
2024-10-25,AXON,0.013513513513513514
2024-10-25,AXP,0.013513513513513514
2024-10-25,BK,0.013513513513513514
2024-10-25,BLK,0.013513513513513514
2024-10-25,BRKB,0.013513513513513514
2024-10-25,BRO,0.013513513513513514
2024-10-25,BSX,0.013513513513513514
2024-10-25,CB,0.013513513513513514
2024-10-25,CBRE,0.013513513513513514
2024-10-25,CEG,0.013513513513513514
2024-10-25,CL,0.013513513513513514
2024-10-25,COST,0.013513513513513514
2024-10-25,DHI,0.013513513513513514
2024-10-25,DOV,0.013513513513513514
2024-10-25,DVA,0.013513513513513514
2024-10-25,EBAY,0.013513513513513514
2024-10-25,ECL,0.013513513513513514
2024-10-25,EFX,0.013513513513513514
2024-10-25,EMN,0.013513513513513514
2024-10-25,ETN,0.013513513513513514
2024-10-25,FI,0.013513513513513514
2024-10-25,FICO,0.013513513513513514
2024-10-25,FIS,0.013513513513513514
2024-10-25,FITB,0.013513513513513514
2024-10-25,GLW,0.013513513513513514
2024-10-25,GRMN,0.013513513513513514
2024-10-25,GS,0.013513513513513514
2024-10-25,GWW,0.013513513513513514
2024-10-25,HCA,0.013513513513513514
2024-10-25,HIG,0.013513513513513514
2024-10-25,HLT,0.013513513513513514
2024-10-25,HWM,0.013513513513513514
2024-10-25,IBM,0.013513513513513514
2024-10-25,ICE,0.013513513513513514
2024-10-25,IFF,0.013513513513513514
2024-10-25,IR,0.013513513513513514
2024-10-25,IRM,0.013513513513513514
2024-10-25,ISRG,0.013513513513513514
2024-10-25,JPM,0.013513513513513514
2024-10-25,LDOS,0.013513513513513514
2024-10-25,MCO,0.013513513513513514
2024-10-25,META,0.013513513513513514
2024-10-25,MHK,0.013513513513513514
2024-10-25,MPWR,0.013513513513513514
2024-10-25,MSI,0.013513513513513514
2024-10-25,NFLX,0.013513513513513514
2024-10-25,NRG,0.013513513513513514
2024-10-25,NVR,0.013513513513513514
2024-10-25,PGR,0.013513513513513514
2024-10-25,PH,0.013513513513513514
2024-10-25,PHM,0.013513513513513514
2024-10-25,PNC,0.013513513513513514
2024-10-25,PNR,0.013513513513513514
2024-10-25,PWR,0.013513513513513514
2024-10-25,RCL,0.013513513513513514
2024-10-25,RSG,0.013513513513513514
2024-10-25,RTX,0.013513513513513514
2024-10-25,SHW,0.013513513513513514
2024-10-25,SPG,0.013513513513513514
2024-10-25,SPGI,0.013513513513513514
2024-10-25,SYF,0.013513513513513514
2024-10-25,TDG,0.013513513513513514
2024-10-25,TMUS,0.013513513513513514
2024-10-25,TRGP,0.013513513513513514
2024-10-25,TRV,0.013513513513513514
2024-10-25,TT,0.013513513513513514
2024-10-25,TYL,0.013513513513513514
2024-10-25,UHS,0.013513513513513514
2024-10-25,URI,0.013513513513513514
2024-10-25,VLTO,0.013513513513513514
2024-10-25,WAB,0.013513513513513514
2024-10-25,WELL,0.013513513513513514
2024-10-25,XYL,0.013513513513513514
2024-11-01,AFL,0.014492753623188406
2024-11-01,AMP,0.014492753623188406
2024-11-01,AXON,0.014492753623188406
2024-11-01,AXP,0.014492753623188406
2024-11-01,BK,0.014492753623188406
2024-11-01,BLK,0.014492753623188406
2024-11-01,BRO,0.014492753623188406
2024-11-01,BSX,0.014492753623188406
2024-11-01,CAT,0.014492753623188406
2024-11-01,CBRE,0.014492753623188406
2024-11-01,CEG,0.014492753623188406
2024-11-01,COST,0.014492753623188406
2024-11-01,DOV,0.014492753623188406
2024-11-01,DVA,0.014492753623188406
2024-11-01,EBAY,0.014492753623188406
2024-11-01,ECL,0.014492753623188406
2024-11-01,EFX,0.014492753623188406
2024-11-01,FI,0.014492753623188406
2024-11-01,FICO,0.014492753623188406
2024-11-01,FIS,0.014492753623188406
2024-11-01,FITB,0.014492753623188406
2024-11-01,GE,0.014492753623188406
2024-11-01,GLW,0.014492753623188406
2024-11-01,GS,0.014492753623188406
2024-11-01,HCA,0.014492753623188406
2024-11-01,HIG,0.014492753623188406
2024-11-01,HLT,0.014492753623188406
2024-11-01,HWM,0.014492753623188406
2024-11-01,IBM,0.014492753623188406
2024-11-01,ICE,0.014492753623188406
2024-11-01,IR,0.014492753623188406
2024-11-01,IRM,0.014492753623188406
2024-11-01,ISRG,0.014492753623188406
2024-11-01,JPM,0.014492753623188406
2024-11-01,KMI,0.014492753623188406
2024-11-01,LDOS,0.014492753623188406
2024-11-01,MCO,0.014492753623188406
2024-11-01,META,0.014492753623188406
2024-11-01,MHK,0.014492753623188406
2024-11-01,MSI,0.014492753623188406
2024-11-01,NDAQ,0.014492753623188406
2024-11-01,NFLX,0.014492753623188406
2024-11-01,NRG,0.014492753623188406
2024-11-01,NVR,0.014492753623188406
2024-11-01,PEG,0.014492753623188406
2024-11-01,PGR,0.014492753623188406
2024-11-01,PH,0.014492753623188406
2024-11-01,PHM,0.014492753623188406
2024-11-01,PNR,0.014492753623188406
2024-11-01,PWR,0.014492753623188406
2024-11-01,RCL,0.014492753623188406
2024-11-01,RSG,0.014492753623188406
2024-11-01,RTX,0.014492753623188406
2024-11-01,SHW,0.014492753623188406
2024-11-01,SPGI,0.014492753623188406
2024-11-01,SYF,0.014492753623188406
2024-11-01,TDG,0.014492753623188406
2024-11-01,TMUS,0.014492753623188406
2024-11-01,TPR,0.014492753623188406
2024-11-01,TRGP,0.014492753623188406
2024-11-01,TRV,0.014492753623188406
2024-11-01,TT,0.014492753623188406
2024-11-01,TYL,0.014492753623188406
2024-11-01,UHS,0.014492753623188406
2024-11-01,URI,0.014492753623188406
2024-11-01,VLTO,0.014492753623188406
2024-11-01,WAB,0.014492753623188406
2024-11-01,WELL,0.014492753623188406
2024-11-01,ZBRA,0.014492753623188406
2024-11-08,AMP,0.014492753623188406
2024-11-08,AXON,0.014492753623188406
2024-11-08,AXP,0.014492753623188406
2024-11-08,BK,0.014492753623188406
2024-11-08,BLK,0.014492753623188406
2024-11-08,BRKB,0.014492753623188406
2024-11-08,BRO,0.014492753623188406
2024-11-08,BSX,0.014492753623188406
2024-11-08,CAT,0.014492753623188406
2024-11-08,CB,0.014492753623188406
2024-11-08,CBRE,0.014492753623188406
2024-11-08,CEG,0.014492753623188406
2024-11-08,CMI,0.014492753623188406
2024-11-08,COST,0.014492753623188406
2024-11-08,DVA,0.014492753623188406
2024-11-08,EBAY,0.014492753623188406
2024-11-08,ECL,0.014492753623188406
2024-11-08,FI,0.014492753623188406
2024-11-08,FICO,0.014492753623188406
2024-11-08,FIS,0.014492753623188406
2024-11-08,FITB,0.014492753623188406
2024-11-08,GE,0.014492753623188406
2024-11-08,GLW,0.014492753623188406
2024-11-08,GM,0.014492753623188406
2024-11-08,GS,0.014492753623188406
2024-11-08,HCA,0.014492753623188406
2024-11-08,HIG,0.014492753623188406
2024-11-08,HLT,0.014492753623188406
2024-11-08,HWM,0.014492753623188406
2024-11-08,IBM,0.014492753623188406
2024-11-08,ICE,0.014492753623188406
2024-11-08,IRM,0.014492753623188406
2024-11-08,ISRG,0.014492753623188406
2024-11-08,JCI,0.014492753623188406
2024-11-08,JPM,0.014492753623188406
2024-11-08,KMI,0.014492753623188406
2024-11-08,LDOS,0.014492753623188406
2024-11-08,LHX,0.014492753623188406
2024-11-08,LMT,0.014492753623188406
2024-11-08,META,0.014492753623188406
2024-11-08,MHK,0.014492753623188406
2024-11-08,MSI,0.014492753623188406
2024-11-08,NFLX,0.014492753623188406
2024-11-08,NI,0.014492753623188406
2024-11-08,NRG,0.014492753623188406
2024-11-08,NVR,0.014492753623188406
2024-11-08,OKE,0.014492753623188406
2024-11-08,PEG,0.014492753623188406
2024-11-08,PGR,0.014492753623188406
2024-11-08,PH,0.014492753623188406
2024-11-08,PHM,0.014492753623188406
2024-11-08,PNR,0.014492753623188406
2024-11-08,PWR,0.014492753623188406
2024-11-08,RCL,0.014492753623188406
2024-11-08,RTX,0.014492753623188406
2024-11-08,SHW,0.014492753623188406
2024-11-08,SYF,0.014492753623188406
2024-11-08,TMUS,0.014492753623188406
2024-11-08,TRGP,0.014492753623188406
2024-11-08,TRV,0.014492753623188406
2024-11-08,TSCO,0.014492753623188406
2024-11-08,TT,0.014492753623188406
2024-11-08,UHS,0.014492753623188406
2024-11-08,URI,0.014492753623188406
2024-11-08,VLTO,0.014492753623188406
2024-11-08,WAB,0.014492753623188406
2024-11-08,WELL,0.014492753623188406
2024-11-08,WMB,0.014492753623188406
2024-11-08,ZBRA,0.014492753623188406
2024-11-15,AFL,0.0136986301369863
2024-11-15,AMP,0.0136986301369863
2024-11-15,AXON,0.0136986301369863
2024-11-15,AXP,0.0136986301369863
2024-11-15,BK,0.0136986301369863
2024-11-15,BRKB,0.0136986301369863
2024-11-15,BRO,0.0136986301369863
2024-11-15,BSX,0.0136986301369863
2024-11-15,CAT,0.0136986301369863
2024-11-15,CB,0.0136986301369863
2024-11-15,CBRE,0.0136986301369863
2024-11-15,CEG,0.0136986301369863
2024-11-15,CINF,0.0136986301369863
2024-11-15,CL,0.0136986301369863
2024-11-15,COST,0.0136986301369863
2024-11-15,DFS,0.0136986301369863
2024-11-15,DOV,0.0136986301369863
2024-11-15,DUK,0.0136986301369863
2024-11-15,DVA,0.0136986301369863
2024-11-15,EBAY,0.0136986301369863
2024-11-15,ECL,0.0136986301369863
2024-11-15,FI,0.0136986301369863
2024-11-15,FICO,0.0136986301369863
2024-11-15,FIS,0.0136986301369863
2024-11-15,FITB,0.0136986301369863
2024-11-15,GLW,0.0136986301369863
2024-11-15,GM,0.0136986301369863
2024-11-15,GS,0.0136986301369863
2024-11-15,HCA,0.0136986301369863
2024-11-15,HIG,0.0136986301369863
2024-11-15,HLT,0.0136986301369863
2024-11-15,HUBB,0.0136986301369863
2024-11-15,HWM,0.0136986301369863
2024-11-15,IBM,0.0136986301369863
2024-11-15,ICE,0.0136986301369863
2024-11-15,IRM,0.0136986301369863
2024-11-15,ISRG,0.0136986301369863
2024-11-15,JCI,0.0136986301369863
2024-11-15,JPM,0.0136986301369863
2024-11-15,KMI,0.0136986301369863
2024-11-15,LDOS,0.0136986301369863
2024-11-15,LHX,0.0136986301369863
2024-11-15,LLY,0.0136986301369863
2024-11-15,LMT,0.0136986301369863
2024-11-15,MHK,0.0136986301369863
2024-11-15,MSI,0.0136986301369863
2024-11-15,MTB,0.0136986301369863
2024-11-15,NI,0.0136986301369863
2024-11-15,NRG,0.0136986301369863
2024-11-15,NVR,0.0136986301369863
2024-11-15,OKE,0.0136986301369863
2024-11-15,PEG,0.0136986301369863
2024-11-15,PGR,0.0136986301369863
2024-11-15,PH,0.0136986301369863
2024-11-15,PHM,0.0136986301369863
2024-11-15,PKG,0.0136986301369863
2024-11-15,PNR,0.0136986301369863
2024-11-15,PWR,0.0136986301369863
2024-11-15,RCL,0.0136986301369863
2024-11-15,RTX,0.0136986301369863
2024-11-15,SHW,0.0136986301369863
2024-11-15,SYF,0.0136986301369863
2024-11-15,TMUS,0.0136986301369863
2024-11-15,TRGP,0.0136986301369863
2024-11-15,TRV,0.0136986301369863
2024-11-15,TT,0.0136986301369863
2024-11-15,UHS,0.0136986301369863
2024-11-15,URI,0.0136986301369863
2024-11-15,VLTO,0.0136986301369863
2024-11-15,WAB,0.0136986301369863
2024-11-15,WELL,0.0136986301369863
2024-11-15,WMB,0.0136986301369863
2024-11-15,ZBRA,0.0136986301369863
2024-11-22,AMP,0.014925373134328358
2024-11-22,AXON,0.014925373134328358
2024-11-22,AXP,0.014925373134328358
2024-11-22,BK,0.014925373134328358
2024-11-22,BRO,0.014925373134328358
2024-11-22,BSX,0.014925373134328358
2024-11-22,CAT,0.014925373134328358
2024-11-22,CBRE,0.014925373134328358
2024-11-22,CEG,0.014925373134328358
2024-11-22,CINF,0.014925373134328358
2024-11-22,CMI,0.014925373134328358
2024-11-22,COST,0.014925373134328358
2024-11-22,DFS,0.014925373134328358
2024-11-22,DUK,0.014925373134328358
2024-11-22,DVA,0.014925373134328358
2024-11-22,EBAY,0.014925373134328358
2024-11-22,ECL,0.014925373134328358
2024-11-22,ETR,0.014925373134328358
2024-11-22,FI,0.014925373134328358
2024-11-22,FICO,0.014925373134328358
2024-11-22,FIS,0.014925373134328358
2024-11-22,FITB,0.014925373134328358
2024-11-22,GLW,0.014925373134328358
2024-11-22,GM,0.014925373134328358
2024-11-22,GS,0.014925373134328358
2024-11-22,HCA,0.014925373134328358
2024-11-22,HIG,0.014925373134328358
2024-11-22,HLT,0.014925373134328358
2024-11-22,HWM,0.014925373134328358
2024-11-22,ICE,0.014925373134328358
2024-11-22,IRM,0.014925373134328358
2024-11-22,ISRG,0.014925373134328358
2024-11-22,JCI,0.014925373134328358
2024-11-22,JPM,0.014925373134328358
2024-11-22,KMI,0.014925373134328358
2024-11-22,LDOS,0.014925373134328358
2024-11-22,LHX,0.014925373134328358
2024-11-22,MHK,0.014925373134328358
2024-11-22,MSI,0.014925373134328358
2024-11-22,NFLX,0.014925373134328358
2024-11-22,NI,0.014925373134328358
2024-11-22,NRG,0.014925373134328358
2024-11-22,NVR,0.014925373134328358
2024-11-22,OKE,0.014925373134328358
2024-11-22,PEG,0.014925373134328358
2024-11-22,PGR,0.014925373134328358
2024-11-22,PH,0.014925373134328358
2024-11-22,PKG,0.014925373134328358
2024-11-22,PM,0.014925373134328358
2024-11-22,PNR,0.014925373134328358
2024-11-22,PWR,0.014925373134328358
2024-11-22,RCL,0.014925373134328358
2024-11-22,RTX,0.014925373134328358
2024-11-22,SO,0.014925373134328358
2024-11-22,SYF,0.014925373134328358
2024-11-22,TMUS,0.014925373134328358
2024-11-22,TRGP,0.014925373134328358
2024-11-22,TRV,0.014925373134328358
2024-11-22,TT,0.014925373134328358
2024-11-22,TYL,0.014925373134328358
2024-11-22,UHS,0.014925373134328358
2024-11-22,URI,0.014925373134328358
2024-11-22,VLTO,0.014925373134328358
2024-11-22,VTR,0.014925373134328358
2024-11-22,WAB,0.014925373134328358
2024-11-22,WELL,0.014925373134328358
2024-11-22,WMB,0.014925373134328358
2024-11-29,ABBV,0.015873015873015872
2024-11-29,AMP,0.015873015873015872
2024-11-29,ANET,0.015873015873015872
2024-11-29,AXON,0.015873015873015872
2024-11-29,AXP,0.015873015873015872
2024-11-29,BK,0.015873015873015872
2024-11-29,BRO,0.015873015873015872
2024-11-29,BSX,0.015873015873015872
2024-11-29,CAT,0.015873015873015872
2024-11-29,CBRE,0.015873015873015872
2024-11-29,CEG,0.015873015873015872
2024-11-29,CINF,0.015873015873015872
2024-11-29,CMI,0.015873015873015872
2024-11-29,COST,0.015873015873015872
2024-11-29,ETR,0.015873015873015872
2024-11-29,FI,0.015873015873015872
2024-11-29,FICO,0.015873015873015872
2024-11-29,FIS,0.015873015873015872
2024-11-29,FOX,0.015873015873015872
2024-11-29,FOXA,0.015873015873015872
2024-11-29,GLW,0.015873015873015872
2024-11-29,GRMN,0.015873015873015872
2024-11-29,GS,0.015873015873015872
2024-11-29,GWW,0.015873015873015872
2024-11-29,HIG,0.015873015873015872
2024-11-29,HLT,0.015873015873015872
2024-11-29,HWM,0.015873015873015872
2024-11-29,ICE,0.015873015873015872
2024-11-29,IRM,0.015873015873015872
2024-11-29,ISRG,0.015873015873015872
2024-11-29,JPM,0.015873015873015872
2024-11-29,K,0.015873015873015872
2024-11-29,KMI,0.015873015873015872
2024-11-29,LDOS,0.015873015873015872
2024-11-29,LHX,0.015873015873015872
2024-11-29,META,0.015873015873015872
2024-11-29,MSI,0.015873015873015872
2024-11-29,NFLX,0.015873015873015872
2024-11-29,NI,0.015873015873015872
2024-11-29,NRG,0.015873015873015872
2024-11-29,NVR,0.015873015873015872
2024-11-29,OKE,0.015873015873015872
2024-11-29,PEG,0.015873015873015872
2024-11-29,PGR,0.015873015873015872
2024-11-29,PH,0.015873015873015872
2024-11-29,PKG,0.015873015873015872
2024-11-29,PM,0.015873015873015872
2024-11-29,PNR,0.015873015873015872
2024-11-29,PWR,0.015873015873015872
2024-11-29,RCL,0.015873015873015872
2024-11-29,RTX,0.015873015873015872
2024-11-29,SYF,0.015873015873015872
2024-11-29,T,0.015873015873015872
2024-11-29,TMUS,0.015873015873015872
2024-11-29,TRGP,0.015873015873015872
2024-11-29,TT,0.015873015873015872
2024-11-29,TYL,0.015873015873015872
2024-11-29,UAL,0.015873015873015872
2024-11-29,URI,0.015873015873015872
2024-11-29,VTR,0.015873015873015872
2024-11-29,WAB,0.015873015873015872
2024-11-29,WELL,0.015873015873015872
2024-11-29,WMB,0.015873015873015872
2024-12-06,ADP,0.014285714285714285
2024-12-06,AMP,0.014285714285714285
2024-12-06,ANET,0.014285714285714285
2024-12-06,AXON,0.014285714285714285
2024-12-06,AXP,0.014285714285714285
2024-12-06,BK,0.014285714285714285
2024-12-06,BRKB,0.014285714285714285
2024-12-06,BRO,0.014285714285714285
2024-12-06,BSX,0.014285714285714285
2024-12-06,CAT,0.014285714285714285
2024-12-06,CBRE,0.014285714285714285
2024-12-06,CEG,0.014285714285714285
2024-12-06,CINF,0.014285714285714285
2024-12-06,CMI,0.014285714285714285
2024-12-06,COF,0.014285714285714285
2024-12-06,COST,0.014285714285714285
2024-12-06,CTLT,0.014285714285714285
2024-12-06,EBAY,0.014285714285714285
2024-12-06,ETN,0.014285714285714285
2024-12-06,ETR,0.014285714285714285
2024-12-06,FI,0.014285714285714285
2024-12-06,FICO,0.014285714285714285
2024-12-06,FIS,0.014285714285714285
2024-12-06,FOX,0.014285714285714285
2024-12-06,FOXA,0.014285714285714285
2024-12-06,GLW,0.014285714285714285
2024-12-06,GRMN,0.014285714285714285
2024-12-06,GS,0.014285714285714285
2024-12-06,GWW,0.014285714285714285
2024-12-06,HIG,0.014285714285714285
2024-12-06,HLT,0.014285714285714285
2024-12-06,HWM,0.014285714285714285
2024-12-06,ICE,0.014285714285714285
2024-12-06,IRM,0.014285714285714285
2024-12-06,ISRG,0.014285714285714285
2024-12-06,JPM,0.014285714285714285
2024-12-06,KMI,0.014285714285714285
2024-12-06,LDOS,0.014285714285714285
2024-12-06,LHX,0.014285714285714285
2024-12-06,META,0.014285714285714285
2024-12-06,MS,0.014285714285714285
2024-12-06,MSI,0.014285714285714285
2024-12-06,MTB,0.014285714285714285
2024-12-06,NDAQ,0.014285714285714285
2024-12-06,NFLX,0.014285714285714285
2024-12-06,NI,0.014285714285714285
2024-12-06,NRG,0.014285714285714285
2024-12-06,NVR,0.014285714285714285
2024-12-06,OKE,0.014285714285714285
2024-12-06,PGR,0.014285714285714285
2024-12-06,PH,0.014285714285714285
2024-12-06,PKG,0.014285714285714285
2024-12-06,PNR,0.014285714285714285
2024-12-06,PWR,0.014285714285714285
2024-12-06,RCL,0.014285714285714285
2024-12-06,RJF,0.014285714285714285
2024-12-06,RTX,0.014285714285714285
2024-12-06,SYF,0.014285714285714285
2024-12-06,TDG,0.014285714285714285
2024-12-06,TMUS,0.014285714285714285
2024-12-06,TRGP,0.014285714285714285
2024-12-06,TT,0.014285714285714285
2024-12-06,TYL,0.014285714285714285
2024-12-06,UAL,0.014285714285714285
2024-12-06,URI,0.014285714285714285
2024-12-06,WAB,0.014285714285714285
2024-12-06,WELL,0.014285714285714285
2024-12-06,WMB,0.014285714285714285
2024-12-06,WTW,0.014285714285714285
2024-12-06,ZBRA,0.014285714285714285
2024-12-13,ALL,0.015384615384615385
2024-12-13,AMP,0.015384615384615385
2024-12-13,ATO,0.015384615384615385
2024-12-13,AXON,0.015384615384615385
2024-12-13,AXP,0.015384615384615385
2024-12-13,BK,0.015384615384615385
2024-12-13,BRKB,0.015384615384615385
2024-12-13,BRO,0.015384615384615385
2024-12-13,BSX,0.015384615384615385
2024-12-13,CB,0.015384615384615385
2024-12-13,CINF,0.015384615384615385
2024-12-13,CMI,0.015384615384615385
2024-12-13,COST,0.015384615384615385
2024-12-13,EBAY,0.015384615384615385
2024-12-13,ECL,0.015384615384615385
2024-12-13,ETN,0.015384615384615385
2024-12-13,ETR,0.015384615384615385
2024-12-13,FI,0.015384615384615385
2024-12-13,FICO,0.015384615384615385
2024-12-13,FIS,0.015384615384615385
2024-12-13,FOX,0.015384615384615385
2024-12-13,FOXA,0.015384615384615385
2024-12-13,GLW,0.015384615384615385
2024-12-13,GRMN,0.015384615384615385
2024-12-13,GS,0.015384615384615385
2024-12-13,GWW,0.015384615384615385
2024-12-13,HIG,0.015384615384615385
2024-12-13,HLT,0.015384615384615385
2024-12-13,HWM,0.015384615384615385
2024-12-13,IRM,0.015384615384615385
2024-12-13,ISRG,0.015384615384615385
2024-12-13,JCI,0.015384615384615385
2024-12-13,JPM,0.015384615384615385
2024-12-13,KMI,0.015384615384615385
2024-12-13,KR,0.015384615384615385
2024-12-13,LDOS,0.015384615384615385
2024-12-13,META,0.015384615384615385
2024-12-13,MSI,0.015384615384615385
2024-12-13,NDAQ,0.015384615384615385
2024-12-13,NFLX,0.015384615384615385
2024-12-13,NI,0.015384615384615385
2024-12-13,NRG,0.015384615384615385
2024-12-13,OKE,0.015384615384615385
2024-12-13,ORCL,0.015384615384615385
2024-12-13,PEG,0.015384615384615385
2024-12-13,PGR,0.015384615384615385
2024-12-13,PH,0.015384615384615385
2024-12-13,PKG,0.015384615384615385
2024-12-13,PNR,0.015384615384615385
2024-12-13,RCL,0.015384615384615385
2024-12-13,RJF,0.015384615384615385
2024-12-13,RSG,0.015384615384615385
2024-12-13,RTX,0.015384615384615385
2024-12-13,SYF,0.015384615384615385
2024-12-13,TJX,0.015384615384615385
2024-12-13,TMUS,0.015384615384615385
2024-12-13,TRGP,0.015384615384615385
2024-12-13,TRV,0.015384615384615385
2024-12-13,TT,0.015384615384615385
2024-12-13,TYL,0.015384615384615385
2024-12-13,UAL,0.015384615384615385
2024-12-13,WAB,0.015384615384615385
2024-12-13,WELL,0.015384615384615385
2024-12-13,WMB,0.015384615384615385
2024-12-13,WTW,0.015384615384615385
2024-12-20,ADP,0.015151515151515152
2024-12-20,AJG,0.015151515151515152
2024-12-20,ALL,0.015151515151515152
2024-12-20,AMP,0.015151515151515152
2024-12-20,ATO,0.015151515151515152
2024-12-20,AXON,0.015151515151515152
2024-12-20,AXP,0.015151515151515152
2024-12-20,BK,0.015151515151515152
2024-12-20,BRKB,0.015151515151515152
2024-12-20,BRO,0.015151515151515152
2024-12-20,BSX,0.015151515151515152
2024-12-20,CEG,0.015151515151515152
2024-12-20,CINF,0.015151515151515152
2024-12-20,CMI,0.015151515151515152
2024-12-20,COST,0.015151515151515152
2024-12-20,ETN,0.015151515151515152
2024-12-20,ETR,0.015151515151515152
2024-12-20,FI,0.015151515151515152
2024-12-20,FICO,0.015151515151515152
2024-12-20,FIS,0.015151515151515152
2024-12-20,FOX,0.015151515151515152
2024-12-20,FOXA,0.015151515151515152
2024-12-20,GLW,0.015151515151515152
2024-12-20,GRMN,0.015151515151515152
2024-12-20,GS,0.015151515151515152
2024-12-20,GWW,0.015151515151515152
2024-12-20,HIG,0.015151515151515152
2024-12-20,HLT,0.015151515151515152
2024-12-20,HWM,0.015151515151515152
2024-12-20,IRM,0.015151515151515152
2024-12-20,ISRG,0.015151515151515152
2024-12-20,JCI,0.015151515151515152
2024-12-20,JPM,0.015151515151515152
2024-12-20,KMI,0.015151515151515152
2024-12-20,LDOS,0.015151515151515152
2024-12-20,MSI,0.015151515151515152
2024-12-20,MTB,0.015151515151515152
2024-12-20,NDAQ,0.015151515151515152
2024-12-20,NFLX,0.015151515151515152
2024-12-20,NI,0.015151515151515152
2024-12-20,NRG,0.015151515151515152
2024-12-20,OKE,0.015151515151515152
2024-12-20,ORCL,0.015151515151515152
2024-12-20,PEG,0.015151515151515152
2024-12-20,PGR,0.015151515151515152
2024-12-20,PH,0.015151515151515152
2024-12-20,PKG,0.015151515151515152
2024-12-20,PM,0.015151515151515152
2024-12-20,PNR,0.015151515151515152
2024-12-20,PPL,0.015151515151515152
2024-12-20,PWR,0.015151515151515152
2024-12-20,RCL,0.015151515151515152
2024-12-20,RJF,0.015151515151515152
2024-12-20,RSG,0.015151515151515152
2024-12-20,RTX,0.015151515151515152
2024-12-20,SYF,0.015151515151515152
2024-12-20,T,0.015151515151515152
2024-12-20,TMUS,0.015151515151515152
2024-12-20,TRGP,0.015151515151515152
2024-12-20,TT,0.015151515151515152
2024-12-20,TYL,0.015151515151515152
2024-12-20,UAL,0.015151515151515152
2024-12-20,WAB,0.015151515151515152
2024-12-20,WELL,0.015151515151515152
2024-12-20,WMB,0.015151515151515152
2024-12-20,WTW,0.015151515151515152
2024-12-27,ADP,0.014084507042253521
2024-12-27,AFL,0.014084507042253521
2024-12-27,AJG,0.014084507042253521
2024-12-27,ALL,0.014084507042253521
2024-12-27,AMP,0.014084507042253521
2024-12-27,ATO,0.014084507042253521
2024-12-27,AXON,0.014084507042253521
2024-12-27,AXP,0.014084507042253521
2024-12-27,BK,0.014084507042253521
2024-12-27,BRKB,0.014084507042253521
2024-12-27,BRO,0.014084507042253521
2024-12-27,BSX,0.014084507042253521
2024-12-27,CEG,0.014084507042253521
2024-12-27,CINF,0.014084507042253521
2024-12-27,CMI,0.014084507042253521
2024-12-27,COST,0.014084507042253521
2024-12-27,DLR,0.014084507042253521
2024-12-27,DVA,0.014084507042253521
2024-12-27,EBAY,0.014084507042253521
2024-12-27,ETN,0.014084507042253521
2024-12-27,ETR,0.014084507042253521
2024-12-27,FI,0.014084507042253521
2024-12-27,FICO,0.014084507042253521
2024-12-27,FIS,0.014084507042253521
2024-12-27,FOX,0.014084507042253521
2024-12-27,FOXA,0.014084507042253521
2024-12-27,GLW,0.014084507042253521
2024-12-27,GRMN,0.014084507042253521
2024-12-27,GS,0.014084507042253521
2024-12-27,GWW,0.014084507042253521
2024-12-27,HIG,0.014084507042253521
2024-12-27,HLT,0.014084507042253521
2024-12-27,HWM,0.014084507042253521
2024-12-27,IRM,0.014084507042253521
2024-12-27,ISRG,0.014084507042253521
2024-12-27,JPM,0.014084507042253521
2024-12-27,KMI,0.014084507042253521
2024-12-27,LDOS,0.014084507042253521
2024-12-27,MO,0.014084507042253521
2024-12-27,MSI,0.014084507042253521
2024-12-27,MTB,0.014084507042253521
2024-12-27,NDAQ,0.014084507042253521
2024-12-27,NFLX,0.014084507042253521
2024-12-27,NI,0.014084507042253521
2024-12-27,NRG,0.014084507042253521
2024-12-27,OKE,0.014084507042253521
2024-12-27,ORCL,0.014084507042253521
2024-12-27,PEG,0.014084507042253521
2024-12-27,PGR,0.014084507042253521
2024-12-27,PH,0.014084507042253521
2024-12-27,PKG,0.014084507042253521
2024-12-27,PM,0.014084507042253521
2024-12-27,PNR,0.014084507042253521
2024-12-27,PWR,0.014084507042253521
2024-12-27,RCL,0.014084507042253521
2024-12-27,RJF,0.014084507042253521
2024-12-27,RSG,0.014084507042253521
2024-12-27,RTX,0.014084507042253521
2024-12-27,SYF,0.014084507042253521
2024-12-27,T,0.014084507042253521
2024-12-27,TJX,0.014084507042253521
2024-12-27,TMUS,0.014084507042253521
2024-12-27,TPR,0.014084507042253521
2024-12-27,TRGP,0.014084507042253521
2024-12-27,TT,0.014084507042253521
2024-12-27,TYL,0.014084507042253521
2024-12-27,UAL,0.014084507042253521
2024-12-27,WAB,0.014084507042253521
2024-12-27,WELL,0.014084507042253521
2024-12-27,WMB,0.014084507042253521
2024-12-27,WTW,0.014084507042253521
2025-01-03,AMP,0.015384615384615385
2025-01-03,AXON,0.015384615384615385
2025-01-03,AXP,0.015384615384615385
2025-01-03,BK,0.015384615384615385
2025-01-03,BRKB,0.015384615384615385
2025-01-03,BRO,0.015384615384615385
2025-01-03,BSX,0.015384615384615385
2025-01-03,CEG,0.015384615384615385
2025-01-03,CINF,0.015384615384615385
2025-01-03,CMI,0.015384615384615385
2025-01-03,COST,0.015384615384615385
2025-01-03,DAL,0.015384615384615385
2025-01-03,EBAY,0.015384615384615385
2025-01-03,ETN,0.015384615384615385
2025-01-03,ETR,0.015384615384615385
2025-01-03,FFIV,0.015384615384615385
2025-01-03,FI,0.015384615384615385
2025-01-03,FICO,0.015384615384615385
2025-01-03,FIS,0.015384615384615385
2025-01-03,FOX,0.015384615384615385
2025-01-03,FOXA,0.015384615384615385
2025-01-03,GLW,0.015384615384615385
2025-01-03,GRMN,0.015384615384615385
2025-01-03,GS,0.015384615384615385
2025-01-03,GWW,0.015384615384615385
2025-01-03,HIG,0.015384615384615385
2025-01-03,HLT,0.015384615384615385
2025-01-03,HWM,0.015384615384615385
2025-01-03,IRM,0.015384615384615385
2025-01-03,ISRG,0.015384615384615385
2025-01-03,JPM,0.015384615384615385
2025-01-03,KMI,0.015384615384615385
2025-01-03,LDOS,0.015384615384615385
2025-01-03,META,0.015384615384615385
2025-01-03,MSI,0.015384615384615385
2025-01-03,NDAQ,0.015384615384615385
2025-01-03,NFLX,0.015384615384615385
2025-01-03,NI,0.015384615384615385
2025-01-03,NOW,0.015384615384615385
2025-01-03,NRG,0.015384615384615385
2025-01-03,OKE,0.015384615384615385
2025-01-03,ORCL,0.015384615384615385
2025-01-03,PEG,0.015384615384615385
2025-01-03,PGR,0.015384615384615385
2025-01-03,PH,0.015384615384615385
2025-01-03,PKG,0.015384615384615385
2025-01-03,PNR,0.015384615384615385
2025-01-03,PWR,0.015384615384615385
2025-01-03,RCL,0.015384615384615385
2025-01-03,RJF,0.015384615384615385
2025-01-03,RSG,0.015384615384615385
2025-01-03,RTX,0.015384615384615385
2025-01-03,SYF,0.015384615384615385
2025-01-03,T,0.015384615384615385
2025-01-03,TJX,0.015384615384615385
2025-01-03,TMUS,0.015384615384615385
2025-01-03,TPR,0.015384615384615385
2025-01-03,TRGP,0.015384615384615385
2025-01-03,TT,0.015384615384615385
2025-01-03,TYL,0.015384615384615385
2025-01-03,UAL,0.015384615384615385
2025-01-03,WAB,0.015384615384615385
2025-01-03,WELL,0.015384615384615385
2025-01-03,WMB,0.015384615384615385
2025-01-03,WTW,0.015384615384615385
2025-01-10,AMP,0.01639344262295082
2025-01-10,AXON,0.01639344262295082
2025-01-10,AXP,0.01639344262295082
2025-01-10,BK,0.01639344262295082
2025-01-10,BLK,0.01639344262295082
2025-01-10,BRO,0.01639344262295082
2025-01-10,BSX,0.01639344262295082
2025-01-10,BX,0.01639344262295082
2025-01-10,CBRE,0.01639344262295082
2025-01-10,CEG,0.01639344262295082
2025-01-10,CINF,0.01639344262295082
2025-01-10,CMI,0.01639344262295082
2025-01-10,COST,0.01639344262295082
2025-01-10,DOV,0.01639344262295082
2025-01-10,EBAY,0.01639344262295082
2025-01-10,ETR,0.01639344262295082
2025-01-10,FFIV,0.01639344262295082
2025-01-10,FI,0.01639344262295082
2025-01-10,FICO,0.01639344262295082
2025-01-10,FOX,0.01639344262295082
2025-01-10,FOXA,0.01639344262295082
2025-01-10,GLW,0.01639344262295082
2025-01-10,GRMN,0.01639344262295082
2025-01-10,GS,0.01639344262295082
2025-01-10,HLT,0.01639344262295082
2025-01-10,HWM,0.01639344262295082
2025-01-10,IRM,0.01639344262295082
2025-01-10,ISRG,0.01639344262295082
2025-01-10,JPM,0.01639344262295082
2025-01-10,KMI,0.01639344262295082
2025-01-10,KR,0.01639344262295082
2025-01-10,META,0.01639344262295082
2025-01-10,MSI,0.01639344262295082
2025-01-10,NDAQ,0.01639344262295082
2025-01-10,NFLX,0.01639344262295082
2025-01-10,NI,0.01639344262295082
2025-01-10,NRG,0.01639344262295082
2025-01-10,OKE,0.01639344262295082
2025-01-10,ORCL,0.01639344262295082
2025-01-10,PEG,0.01639344262295082
2025-01-10,PGR,0.01639344262295082
2025-01-10,PH,0.01639344262295082
2025-01-10,PKG,0.01639344262295082
2025-01-10,PNR,0.01639344262295082
2025-01-10,PWR,0.01639344262295082
2025-01-10,RCL,0.01639344262295082
2025-01-10,RJF,0.01639344262295082
2025-01-10,RTX,0.01639344262295082
2025-01-10,SYF,0.01639344262295082
2025-01-10,T,0.01639344262295082
2025-01-10,TMUS,0.01639344262295082
2025-01-10,TPR,0.01639344262295082
2025-01-10,TRGP,0.01639344262295082
2025-01-10,TT,0.01639344262295082
2025-01-10,TYL,0.01639344262295082
2025-01-10,UAL,0.01639344262295082
2025-01-10,VLTO,0.01639344262295082
2025-01-10,WAB,0.01639344262295082
2025-01-10,WELL,0.01639344262295082
2025-01-10,WMB,0.01639344262295082
2025-01-10,ZBRA,0.01639344262295082
2025-01-17,AMP,0.020833333333333332
2025-01-17,AXON,0.020833333333333332
2025-01-17,AXP,0.020833333333333332
2025-01-17,BK,0.020833333333333332
2025-01-17,BRO,0.020833333333333332
2025-01-17,BSX,0.020833333333333332
2025-01-17,CEG,0.020833333333333332
2025-01-17,CMI,0.020833333333333332
2025-01-17,COST,0.020833333333333332
2025-01-17,DAL,0.020833333333333332
2025-01-17,DFS,0.020833333333333332
2025-01-17,EBAY,0.020833333333333332
2025-01-17,FI,0.020833333333333332
2025-01-17,FICO,0.020833333333333332
2025-01-17,FOX,0.020833333333333332
2025-01-17,FOXA,0.020833333333333332
2025-01-17,GLW,0.020833333333333332
2025-01-17,GRMN,0.020833333333333332
2025-01-17,GS,0.020833333333333332
2025-01-17,HLT,0.020833333333333332
2025-01-17,HWM,0.020833333333333332
2025-01-17,IRM,0.020833333333333332
2025-01-17,JCI,0.020833333333333332
2025-01-17,JPM,0.020833333333333332
2025-01-17,KMI,0.020833333333333332
2025-01-17,MSI,0.020833333333333332
2025-01-17,NDAQ,0.020833333333333332
2025-01-17,NFLX,0.020833333333333332
2025-01-17,NI,0.020833333333333332
2025-01-17,NRG,0.020833333333333332
2025-01-17,PEG,0.020833333333333332
2025-01-17,PGR,0.020833333333333332
2025-01-17,PKG,0.020833333333333332
2025-01-17,PNR,0.020833333333333332
2025-01-17,PWR,0.020833333333333332
2025-01-17,RCL,0.020833333333333332
2025-01-17,RTX,0.020833333333333332
2025-01-17,SYF,0.020833333333333332
2025-01-17,T,0.020833333333333332
2025-01-17,TPR,0.020833333333333332
2025-01-17,TRGP,0.020833333333333332
2025-01-17,TSLA,0.020833333333333332
2025-01-17,TT,0.020833333333333332
2025-01-17,TYL,0.020833333333333332
2025-01-17,UAL,0.020833333333333332
2025-01-17,WAB,0.020833333333333332
2025-01-17,WELL,0.020833333333333332
2025-01-17,WMB,0.020833333333333332
2025-01-24,AEE,0.018518518518518517
2025-01-24,AMP,0.018518518518518517
2025-01-24,AXON,0.018518518518518517
2025-01-24,AXP,0.018518518518518517
2025-01-24,BK,0.018518518518518517
2025-01-24,BLK,0.018518518518518517
2025-01-24,BRO,0.018518518518518517
2025-01-24,BSX,0.018518518518518517
2025-01-24,CBRE,0.018518518518518517
2025-01-24,CMI,0.018518518518518517
2025-01-24,COST,0.018518518518518517
2025-01-24,DFS,0.018518518518518517
2025-01-24,EBAY,0.018518518518518517
2025-01-24,FI,0.018518518518518517
2025-01-24,FICO,0.018518518518518517
2025-01-24,FOX,0.018518518518518517
2025-01-24,FOXA,0.018518518518518517
2025-01-24,GLW,0.018518518518518517
2025-01-24,GRMN,0.018518518518518517
2025-01-24,GS,0.018518518518518517
2025-01-24,HLT,0.018518518518518517
2025-01-24,HWM,0.018518518518518517
2025-01-24,IRM,0.018518518518518517
2025-01-24,ISRG,0.018518518518518517
2025-01-24,JCI,0.018518518518518517
2025-01-24,JPM,0.018518518518518517
2025-01-24,K,0.018518518518518517
2025-01-24,KMI,0.018518518518518517
2025-01-24,KR,0.018518518518518517
2025-01-24,LYV,0.018518518518518517
2025-01-24,MSI,0.018518518518518517
2025-01-24,NDAQ,0.018518518518518517
2025-01-24,NFLX,0.018518518518518517
2025-01-24,NI,0.018518518518518517
2025-01-24,NRG,0.018518518518518517
2025-01-24,OKE,0.018518518518518517
2025-01-24,PEG,0.018518518518518517
2025-01-24,PGR,0.018518518518518517
2025-01-24,PH,0.018518518518518517
2025-01-24,PKG,0.018518518518518517
2025-01-24,PNR,0.018518518518518517
2025-01-24,PWR,0.018518518518518517
2025-01-24,RCL,0.018518518518518517
2025-01-24,SYF,0.018518518518518517
2025-01-24,TMUS,0.018518518518518517
2025-01-24,TPR,0.018518518518518517
2025-01-24,TRGP,0.018518518518518517
2025-01-24,TSLA,0.018518518518518517
2025-01-24,TT,0.018518518518518517
2025-01-24,UAL,0.018518518518518517
2025-01-24,WAB,0.018518518518518517
2025-01-24,WELL,0.018518518518518517
2025-01-24,WMB,0.018518518518518517
2025-01-24,ZBRA,0.018518518518518517
2025-01-31,AMP,0.020833333333333332
2025-01-31,AXON,0.020833333333333332
2025-01-31,AXP,0.020833333333333332
2025-01-31,BK,0.020833333333333332
2025-01-31,BRO,0.020833333333333332
2025-01-31,BSX,0.020833333333333332
2025-01-31,CBRE,0.020833333333333332
2025-01-31,CMI,0.020833333333333332
2025-01-31,DFS,0.020833333333333332
2025-01-31,EBAY,0.020833333333333332
2025-01-31,FI,0.020833333333333332
2025-01-31,FICO,0.020833333333333332
2025-01-31,FOX,0.020833333333333332
2025-01-31,FOXA,0.020833333333333332
2025-01-31,GLW,0.020833333333333332
2025-01-31,GRMN,0.020833333333333332
2025-01-31,GS,0.020833333333333332
2025-01-31,HWM,0.020833333333333332
2025-01-31,IP,0.020833333333333332
2025-01-31,IRM,0.020833333333333332
2025-01-31,JCI,0.020833333333333332
2025-01-31,JPM,0.020833333333333332
2025-01-31,K,0.020833333333333332
2025-01-31,KMI,0.020833333333333332
2025-01-31,LYV,0.020833333333333332
2025-01-31,MSI,0.020833333333333332
2025-01-31,NDAQ,0.020833333333333332
2025-01-31,NFLX,0.020833333333333332
2025-01-31,NI,0.020833333333333332
2025-01-31,NRG,0.020833333333333332
2025-01-31,OKE,0.020833333333333332
2025-01-31,PEG,0.020833333333333332
2025-01-31,PGR,0.020833333333333332
2025-01-31,PKG,0.020833333333333332
2025-01-31,PWR,0.020833333333333332
2025-01-31,RCL,0.020833333333333332
2025-01-31,RJF,0.020833333333333332
2025-01-31,SYF,0.020833333333333332
2025-01-31,TMUS,0.020833333333333332
2025-01-31,TPR,0.020833333333333332
2025-01-31,TRGP,0.020833333333333332
2025-01-31,TSLA,0.020833333333333332
2025-01-31,TT,0.020833333333333332
2025-01-31,UAL,0.020833333333333332
2025-01-31,WAB,0.020833333333333332
2025-01-31,WELL,0.020833333333333332
2025-01-31,WMB,0.020833333333333332
2025-01-31,ZBRA,0.020833333333333332
2025-02-07,AEE,0.020833333333333332
2025-02-07,AXON,0.020833333333333332
2025-02-07,AXP,0.020833333333333332
2025-02-07,BAC,0.020833333333333332
2025-02-07,BK,0.020833333333333332
2025-02-07,BSX,0.020833333333333332
2025-02-07,CBRE,0.020833333333333332
2025-02-07,CMI,0.020833333333333332
2025-02-07,DFS,0.020833333333333332
2025-02-07,EBAY,0.020833333333333332
2025-02-07,FI,0.020833333333333332
2025-02-07,FOX,0.020833333333333332
2025-02-07,FOXA,0.020833333333333332
2025-02-07,GLW,0.020833333333333332
2025-02-07,GRMN,0.020833333333333332
2025-02-07,GS,0.020833333333333332
2025-02-07,HWM,0.020833333333333332
2025-02-07,IP,0.020833333333333332
2025-02-07,ISRG,0.020833333333333332
2025-02-07,JCI,0.020833333333333332
2025-02-07,JPM,0.020833333333333332
2025-02-07,K,0.020833333333333332
2025-02-07,KMI,0.020833333333333332
2025-02-07,LYV,0.020833333333333332
2025-02-07,MS,0.020833333333333332
2025-02-07,MSI,0.020833333333333332
2025-02-07,NDAQ,0.020833333333333332
2025-02-07,NFLX,0.020833333333333332
2025-02-07,NI,0.020833333333333332
2025-02-07,NRG,0.020833333333333332
2025-02-07,OKE,0.020833333333333332
2025-02-07,PEG,0.020833333333333332
2025-02-07,PKG,0.020833333333333332
2025-02-07,PM,0.020833333333333332
2025-02-07,PWR,0.020833333333333332
2025-02-07,PYPL,0.020833333333333332
2025-02-07,RCL,0.020833333333333332
2025-02-07,SYF,0.020833333333333332
2025-02-07,TMUS,0.020833333333333332
2025-02-07,TPR,0.020833333333333332
2025-02-07,TRGP,0.020833333333333332
2025-02-07,TSLA,0.020833333333333332
2025-02-07,TT,0.020833333333333332
2025-02-07,UAL,0.020833333333333332
2025-02-07,WAB,0.020833333333333332
2025-02-07,WELL,0.020833333333333332
2025-02-07,WMB,0.020833333333333332
2025-02-07,ZBRA,0.020833333333333332
2025-02-14,AEE,0.018867924528301886
2025-02-14,AMP,0.018867924528301886
2025-02-14,ATO,0.018867924528301886
2025-02-14,AXON,0.018867924528301886
2025-02-14,AXP,0.018867924528301886
2025-02-14,BAC,0.018867924528301886
2025-02-14,BK,0.018867924528301886
2025-02-14,BKR,0.018867924528301886
2025-02-14,BSX,0.018867924528301886
2025-02-14,CEG,0.018867924528301886
2025-02-14,DAL,0.018867924528301886
2025-02-14,DFS,0.018867924528301886
2025-02-14,EBAY,0.018867924528301886
2025-02-14,FFIV,0.018867924528301886
2025-02-14,FI,0.018867924528301886
2025-02-14,FICO,0.018867924528301886
2025-02-14,FOX,0.018867924528301886
2025-02-14,FOXA,0.018867924528301886
2025-02-14,GLW,0.018867924528301886
2025-02-14,GRMN,0.018867924528301886
2025-02-14,GS,0.018867924528301886
2025-02-14,HWM,0.018867924528301886
2025-02-14,IP,0.018867924528301886
2025-02-14,IRM,0.018867924528301886
2025-02-14,ISRG,0.018867924528301886
2025-02-14,JCI,0.018867924528301886
2025-02-14,JPM,0.018867924528301886
2025-02-14,K,0.018867924528301886
2025-02-14,KMI,0.018867924528301886
2025-02-14,MS,0.018867924528301886
2025-02-14,MSI,0.018867924528301886
2025-02-14,NDAQ,0.018867924528301886
2025-02-14,NI,0.018867924528301886
2025-02-14,NRG,0.018867924528301886
2025-02-14,OKE,0.018867924528301886
2025-02-14,PEG,0.018867924528301886
2025-02-14,PKG,0.018867924528301886
2025-02-14,PM,0.018867924528301886
2025-02-14,PNR,0.018867924528301886
2025-02-14,PWR,0.018867924528301886
2025-02-14,RCL,0.018867924528301886
2025-02-14,RTX,0.018867924528301886
2025-02-14,STT,0.018867924528301886
2025-02-14,SYF,0.018867924528301886
2025-02-14,TMUS,0.018867924528301886
2025-02-14,TPR,0.018867924528301886
2025-02-14,TRGP,0.018867924528301886
2025-02-14,TSLA,0.018867924528301886
2025-02-14,TT,0.018867924528301886
2025-02-14,UAL,0.018867924528301886
2025-02-14,WAB,0.018867924528301886
2025-02-14,WELL,0.018867924528301886
2025-02-14,WMB,0.018867924528301886
2025-02-21,AEE,0.01818181818181818
2025-02-21,AMP,0.01818181818181818
2025-02-21,AXON,0.01818181818181818
2025-02-21,AXP,0.01818181818181818
2025-02-21,BK,0.01818181818181818
2025-02-21,BKR,0.01818181818181818
2025-02-21,BSX,0.01818181818181818
2025-02-21,C,0.01818181818181818
2025-02-21,CBRE,0.01818181818181818
2025-02-21,CEG,0.01818181818181818
2025-02-21,CFG,0.01818181818181818
2025-02-21,COF,0.01818181818181818
2025-02-21,DAL,0.01818181818181818
2025-02-21,DFS,0.01818181818181818
2025-02-21,EBAY,0.01818181818181818
2025-02-21,FFIV,0.01818181818181818
2025-02-21,FI,0.01818181818181818
2025-02-21,FOX,0.01818181818181818
2025-02-21,FOXA,0.01818181818181818
2025-02-21,GLW,0.01818181818181818
2025-02-21,GRMN,0.01818181818181818
2025-02-21,GS,0.01818181818181818
2025-02-21,HWM,0.01818181818181818
2025-02-21,IP,0.01818181818181818
2025-02-21,IRM,0.01818181818181818
2025-02-21,ISRG,0.01818181818181818
2025-02-21,JCI,0.01818181818181818
2025-02-21,JPM,0.01818181818181818
2025-02-21,KMI,0.01818181818181818
2025-02-21,LYV,0.01818181818181818
2025-02-21,MS,0.01818181818181818
2025-02-21,MSI,0.01818181818181818
2025-02-21,NDAQ,0.01818181818181818
2025-02-21,NFLX,0.01818181818181818
2025-02-21,NI,0.01818181818181818
2025-02-21,NRG,0.01818181818181818
2025-02-21,OKE,0.01818181818181818
2025-02-21,ORCL,0.01818181818181818
2025-02-21,PEG,0.01818181818181818
2025-02-21,PKG,0.01818181818181818
2025-02-21,PM,0.01818181818181818
2025-02-21,PNR,0.01818181818181818
2025-02-21,PWR,0.01818181818181818
2025-02-21,RCL,0.01818181818181818
2025-02-21,RJF,0.01818181818181818
2025-02-21,RTX,0.01818181818181818
2025-02-21,SYF,0.01818181818181818
2025-02-21,T,0.01818181818181818
2025-02-21,TRGP,0.01818181818181818
2025-02-21,TSLA,0.01818181818181818
2025-02-21,TT,0.01818181818181818
2025-02-21,UAL,0.01818181818181818
2025-02-21,WAB,0.01818181818181818
2025-02-21,WELL,0.01818181818181818
2025-02-21,WMB,0.01818181818181818
2025-02-28,AEE,0.017543859649122806
2025-02-28,AFL,0.017543859649122806
2025-02-28,AXON,0.017543859649122806
2025-02-28,AXP,0.017543859649122806
2025-02-28,BK,0.017543859649122806
2025-02-28,BKR,0.017543859649122806
2025-02-28,BSX,0.017543859649122806
2025-02-28,C,0.017543859649122806
2025-02-28,CBRE,0.017543859649122806
2025-02-28,CCL,0.017543859649122806
2025-02-28,CFG,0.017543859649122806
2025-02-28,DAL,0.017543859649122806
2025-02-28,DFS,0.017543859649122806
2025-02-28,DGX,0.017543859649122806
2025-02-28,EVRG,0.017543859649122806
2025-02-28,FFIV,0.017543859649122806
2025-02-28,FI,0.017543859649122806
2025-02-28,FOX,0.017543859649122806
2025-02-28,FOXA,0.017543859649122806
2025-02-28,GLW,0.017543859649122806
2025-02-28,GOOG,0.017543859649122806
2025-02-28,GOOGL,0.017543859649122806
2025-02-28,GRMN,0.017543859649122806
2025-02-28,GS,0.017543859649122806
2025-02-28,HWM,0.017543859649122806
2025-02-28,IP,0.017543859649122806
2025-02-28,ISRG,0.017543859649122806
2025-02-28,JPM,0.017543859649122806
2025-02-28,K,0.017543859649122806
2025-02-28,KMI,0.017543859649122806
2025-02-28,LYV,0.017543859649122806
2025-02-28,MMM,0.017543859649122806
2025-02-28,MS,0.017543859649122806
2025-02-28,MSI,0.017543859649122806
2025-02-28,NDAQ,0.017543859649122806
2025-02-28,NFLX,0.017543859649122806
2025-02-28,NI,0.017543859649122806
2025-02-28,NRG,0.017543859649122806
2025-02-28,NTRS,0.017543859649122806
2025-02-28,PM,0.017543859649122806
2025-02-28,PODD,0.017543859649122806
2025-02-28,PPL,0.017543859649122806
2025-02-28,RCL,0.017543859649122806
2025-02-28,RJF,0.017543859649122806
2025-02-28,RTX,0.017543859649122806
2025-02-28,SYF,0.017543859649122806
2025-02-28,T,0.017543859649122806
2025-02-28,TMUS,0.017543859649122806
2025-02-28,TPR,0.017543859649122806
2025-02-28,TRGP,0.017543859649122806
2025-02-28,TYL,0.017543859649122806
2025-02-28,UAL,0.017543859649122806
2025-02-28,VTR,0.017543859649122806
2025-02-28,WAB,0.017543859649122806
2025-02-28,WELL,0.017543859649122806
2025-02-28,WMB,0.017543859649122806
2025-02-28,WMT,0.017543859649122806
2025-03-07,ADP,0.018518518518518517
2025-03-07,AEE,0.018518518518518517
2025-03-07,AXON,0.018518518518518517
2025-03-07,AXP,0.018518518518518517
2025-03-07,BK,0.018518518518518517
2025-03-07,BKR,0.018518518518518517
2025-03-07,BSX,0.018518518518518517
2025-03-07,CBRE,0.018518518518518517
2025-03-07,CCL,0.018518518518518517
2025-03-07,COF,0.018518518518518517
2025-03-07,DAL,0.018518518518518517
2025-03-07,DFS,0.018518518518518517
2025-03-07,EVRG,0.018518518518518517
2025-03-07,FFIV,0.018518518518518517
2025-03-07,FI,0.018518518518518517
2025-03-07,FOX,0.018518518518518517
2025-03-07,FOXA,0.018518518518518517
2025-03-07,GLW,0.018518518518518517
2025-03-07,GS,0.018518518518518517
2025-03-07,HLT,0.018518518518518517
2025-03-07,HWM,0.018518518518518517
2025-03-07,IP,0.018518518518518517
2025-03-07,ISRG,0.018518518518518517
2025-03-07,JPM,0.018518518518518517
2025-03-07,K,0.018518518518518517
2025-03-07,KMI,0.018518518518518517
2025-03-07,LYV,0.018518518518518517
2025-03-07,MMM,0.018518518518518517
2025-03-07,MS,0.018518518518518517
2025-03-07,MSI,0.018518518518518517
2025-03-07,NDAQ,0.018518518518518517
2025-03-07,NFLX,0.018518518518518517
2025-03-07,NI,0.018518518518518517
2025-03-07,NRG,0.018518518518518517
2025-03-07,NTRS,0.018518518518518517
2025-03-07,PM,0.018518518518518517
2025-03-07,PODD,0.018518518518518517
2025-03-07,PPL,0.018518518518518517
2025-03-07,RCL,0.018518518518518517
2025-03-07,RTX,0.018518518518518517
2025-03-07,SYF,0.018518518518518517
2025-03-07,T,0.018518518518518517
2025-03-07,TMUS,0.018518518518518517
2025-03-07,TPR,0.018518518518518517
2025-03-07,TRGP,0.018518518518518517
2025-03-07,TSLA,0.018518518518518517
2025-03-07,TYL,0.018518518518518517
2025-03-07,UAL,0.018518518518518517
2025-03-07,VTR,0.018518518518518517
2025-03-07,WAB,0.018518518518518517
2025-03-07,WELL,0.018518518518518517
2025-03-07,WMB,0.018518518518518517
2025-03-07,WMT,0.018518518518518517
2025-03-07,XEL,0.018518518518518517
2025-03-14,ADP,0.018304999173090777
2025-03-14,AEE,0.018304999173090777
2025-03-14,ATO,0.018304999173090777
2025-03-14,AXON,0.018304999173090777
2025-03-14,BK,0.018304999173090777
2025-03-14,BRO,0.018304999173090777
2025-03-14,BSX,0.018304999173090777
2025-03-14,C,0.018304999173090777
2025-03-14,CBRE,0.018304999173090777
2025-03-14,COST,0.018304999173090777
2025-03-14,DGX,0.018304999173090777
2025-03-14,EVRG,0.018304999173090777
2025-03-14,FFIV,0.018304999173090777
2025-03-14,FI,0.018304999173090777
2025-03-14,FOX,0.018304999173090777
2025-03-14,FOXA,0.018304999173090777
2025-03-14,FTNT,0.018304999173090777
2025-03-14,GILD,0.018304999173090777
2025-03-14,GLW,0.018304999173090777
2025-03-14,GS,0.018304999173090777
2025-03-14,HLT,0.018304999173090777
2025-03-14,HWM,0.018304999173090777
2025-03-14,ISRG,0.018304999173090777
2025-03-14,JPM,0.018304999173090777
2025-03-14,K,0.018304999173090777
2025-03-14,KMI,0.018304999173090777
2025-03-14,LYV,0.018304999173090777
2025-03-14,MCO,0.018304999173090777
2025-03-14,MS,0.018304999173090777
2025-03-14,MSI,0.018304999173090777
2025-03-14,NDAQ,0.018304999173090777
2025-03-14,NFLX,0.018304999173090777
2025-03-14,NI,0.018304999173090777
2025-03-14,NRG,0.018304999173090777
2025-03-14,NTRS,0.018304999173090777
2025-03-14,PM,0.018304999173090777
2025-03-14,PODD,0.018304999173090777
2025-03-14,PPL,0.018304999173090777
2025-03-14,RCL,0.018304999173090777
2025-03-14,RTX,0.018304999173090777
2025-03-14,SPGI,0.018304999173090777
2025-03-14,T,0.018304999173090777
2025-03-14,TMUS,0.018304999173090777
2025-03-14,TPR,0.018304999173090777
2025-03-14,TRGP,0.018304999173090777
2025-03-14,TSLA,0.018304999173090777
2025-03-14,TYL,0.018304999173090777
2025-03-14,UAL,0.018304999173090777
2025-03-14,VRSK,0.018304999173090777
2025-03-14,VTR,0.018304999173090777
2025-03-14,WAB,0.018304999173090777
2025-03-14,WELL,0.018304999173090777
2025-03-14,WMB,0.018304999173090777
2025-03-14,WMT,0.018304999173090777
2025-03-21,AAPL,0.01756660438900787
2025-03-21,ADP,0.01756660438900787
2025-03-21,AEE,0.01756660438900787
2025-03-21,ATO,0.01756660438900787
2025-03-21,BK,0.01756660438900787
2025-03-21,BRO,0.01756660438900787
2025-03-21,BSX,0.01756660438900787
2025-03-21,CBRE,0.01756660438900787
2025-03-21,COST,0.01756660438900787
2025-03-21,CSCO,0.01756660438900787
2025-03-21,DFS,0.01756660438900787
2025-03-21,DGX,0.01756660438900787
2025-03-21,EQT,0.01756660438900787
2025-03-21,EVRG,0.01756660438900787
2025-03-21,FFIV,0.01756660438900787
2025-03-21,FI,0.01756660438900787
2025-03-21,FOX,0.01756660438900787
2025-03-21,FOXA,0.01756660438900787
2025-03-21,FTNT,0.01756660438900787
2025-03-21,GILD,0.01756660438900787
2025-03-21,GLW,0.01756660438900787
2025-03-21,GRMN,0.01756660438900787
2025-03-21,GS,0.01756660438900787
2025-03-21,HLT,0.01756660438900787
2025-03-21,HWM,0.01756660438900787
2025-03-21,ISRG,0.01756660438900787
2025-03-21,JPM,0.01756660438900787
2025-03-21,K,0.01756660438900787
2025-03-21,KMI,0.01756660438900787
2025-03-21,LYV,0.01756660438900787
2025-03-21,MS,0.01756660438900787
2025-03-21,NDAQ,0.01756660438900787
2025-03-21,NFLX,0.01756660438900787
2025-03-21,NI,0.01756660438900787
2025-03-21,NRG,0.01756660438900787
2025-03-21,PEG,0.01756660438900787
2025-03-21,PM,0.01756660438900787
2025-03-21,PODD,0.01756660438900787
2025-03-21,PPL,0.01756660438900787
2025-03-21,RCL,0.01756660438900787
2025-03-21,RTX,0.01756660438900787
2025-03-21,SPGI,0.01756660438900787
2025-03-21,T,0.01756660438900787
2025-03-21,TMUS,0.01756660438900787
2025-03-21,TPR,0.01756660438900787
2025-03-21,TRGP,0.01756660438900787
2025-03-21,TSLA,0.01756660438900787
2025-03-21,TYL,0.01756660438900787
2025-03-21,UAL,0.01756660438900787
2025-03-21,VRSK,0.01756660438900787
2025-03-21,VTR,0.01756660438900787
2025-03-21,WEC,0.01756660438900787
2025-03-21,WELL,0.01756660438900787
2025-03-21,WMB,0.01756660438900787
2025-03-21,WMT,0.01756660438900787
2025-03-21,XEL,0.01756660438900787
2025-03-28,AAPL,0.0196078431372549
2025-03-28,ADP,0.0196078431372549
2025-03-28,AEE,0.0196078431372549
2025-03-28,AJG,0.0196078431372549
2025-03-28,ATO,0.0196078431372549
2025-03-28,BK,0.0196078431372549
2025-03-28,BRO,0.0196078431372549
2025-03-28,BSX,0.0196078431372549
2025-03-28,CBRE,0.0196078431372549
2025-03-28,COST,0.0196078431372549
2025-03-28,CSCO,0.0196078431372549
2025-03-28,DGX,0.0196078431372549
2025-03-28,EVRG,0.0196078431372549
2025-03-28,FFIV,0.0196078431372549
2025-03-28,FI,0.0196078431372549
2025-03-28,FOX,0.0196078431372549
2025-03-28,FOXA,0.0196078431372549
2025-03-28,FTNT,0.0196078431372549
2025-03-28,GILD,0.0196078431372549
2025-03-28,GLW,0.0196078431372549
2025-03-28,GRMN,0.0196078431372549
2025-03-28,GS,0.0196078431372549
2025-03-28,HWM,0.0196078431372549
2025-03-28,ISRG,0.0196078431372549
2025-03-28,K,0.0196078431372549
2025-03-28,KMI,0.0196078431372549
2025-03-28,NFLX,0.0196078431372549
2025-03-28,NI,0.0196078431372549
2025-03-28,NRG,0.0196078431372549
2025-03-28,PGR,0.0196078431372549
2025-03-28,PM,0.0196078431372549
2025-03-28,PODD,0.0196078431372549
2025-03-28,PPL,0.0196078431372549
2025-03-28,RCL,0.0196078431372549
2025-03-28,REG,0.0196078431372549
2025-03-28,RTX,0.0196078431372549
2025-03-28,SPGI,0.0196078431372549
2025-03-28,T,0.0196078431372549
2025-03-28,TMUS,0.0196078431372549
2025-03-28,TPR,0.0196078431372549
2025-03-28,TRGP,0.0196078431372549
2025-03-28,TYL,0.0196078431372549
2025-03-28,UAL,0.0196078431372549
2025-03-28,V,0.0196078431372549
2025-03-28,VRSK,0.0196078431372549
2025-03-28,VTR,0.0196078431372549
2025-03-28,WEC,0.0196078431372549
2025-03-28,WELL,0.0196078431372549
2025-03-28,WMB,0.0196078431372549
2025-03-28,WMT,0.0196078431372549
2025-03-28,XEL,0.0196078431372549
2025-04-04,AAPL,0.022597332135661476
2025-04-04,ADP,0.022597332135661476
2025-04-04,AEE,0.022597332135661476
2025-04-04,AJG,0.022597332135661476
2025-04-04,ATO,0.022597332135661476
2025-04-04,BK,0.022597332135661476
2025-04-04,BRO,0.022597332135661476
2025-04-04,BSX,0.022597332135661476
2025-04-04,COST,0.022597332135661476
2025-04-04,CSCO,0.022597332135661476
2025-04-04,DGX,0.022597332135661476
2025-04-04,FFIV,0.022597332135661476
2025-04-04,FI,0.022597332135661476
2025-04-04,FOX,0.022597332135661476
2025-04-04,FOXA,0.022597332135661476
2025-04-04,GEV,0.022597332135661476
2025-04-04,GILD,0.022597332135661476
2025-04-04,HWM,0.022597332135661476
2025-04-04,ISRG,0.022597332135661476
2025-04-04,K,0.022597332135661476
2025-04-04,KMI,0.022597332135661476
2025-04-04,MMM,0.022597332135661476
2025-04-04,MO,0.022597332135661476
2025-04-04,NI,0.022597332135661476
2025-04-04,PGR,0.022597332135661476
2025-04-04,PM,0.022597332135661476
2025-04-04,PODD,0.022597332135661476
2025-04-04,PPL,0.022597332135661476
2025-04-04,RCL,0.022597332135661476
2025-04-04,RTX,0.022597332135661476
2025-04-04,T,0.022597332135661476
2025-04-04,TMUS,0.022597332135661476
2025-04-04,TPR,0.022597332135661476
2025-04-04,TRGP,0.022597332135661476
2025-04-04,TYL,0.022597332135661476
2025-04-04,UAL,0.022597332135661476
2025-04-04,VRSK,0.022597332135661476
2025-04-04,VTR,0.022597332135661476
2025-04-04,WEC,0.022597332135661476
2025-04-04,WELL,0.022597332135661476
2025-04-04,WMB,0.022597332135661476
2025-04-04,WMT,0.022597332135661476
2025-04-04,WTW,0.022597332135661476
2025-04-04,XEL,0.022597332135661476
2025-04-11,AEE,0.030923792072052335
2025-04-11,ATO,0.030923792072052335
2025-04-11,BK,0.030923792072052335
2025-04-11,BRO,0.030923792072052335
2025-04-11,BSX,0.030923792072052335
2025-04-11,EVRG,0.030923792072052335
2025-04-11,FOX,0.030923792072052335
2025-04-11,FOXA,0.030923792072052335
2025-04-11,GEV,0.030923792072052335
2025-04-11,GILD,0.030923792072052335
2025-04-11,GL,0.030923792072052335
2025-04-11,HWM,0.030923792072052335
2025-04-11,K,0.030923792072052335
2025-04-11,KMI,0.030923792072052335
2025-04-11,MO,0.030923792072052335
2025-04-11,NI,0.030923792072052335
2025-04-11,PGR,0.030923792072052335
2025-04-11,PM,0.030923792072052335
2025-04-11,PNW,0.030923792072052335
2025-04-11,PPL,0.030923792072052335
2025-04-11,T,0.030923792072052335
2025-04-11,TMUS,0.030923792072052335
2025-04-11,TPR,0.030923792072052335
2025-04-11,TRGP,0.030923792072052335
2025-04-11,VRSK,0.030923792072052335
2025-04-11,VTR,0.030923792072052335
2025-04-11,WEC,0.030923792072052335
2025-04-11,WELL,0.030923792072052335
2025-04-11,WMB,0.030923792072052335
2025-04-11,WMT,0.030923792072052335
2025-04-11,XEL,0.030923792072052335
2025-04-18,AEE,0.024873178939108405
2025-04-18,AJG,0.024873178939108405
2025-04-18,ATO,0.024873178939108405
2025-04-18,BK,0.024873178939108405
2025-04-18,BRKB,0.024873178939108405
2025-04-18,BRO,0.024873178939108405
2025-04-18,BSX,0.024873178939108405
2025-04-18,CME,0.024873178939108405
2025-04-18,EVRG,0.024873178939108405
2025-04-18,FI,0.024873178939108405
2025-04-18,FOX,0.024873178939108405
2025-04-18,FOXA,0.024873178939108405
2025-04-18,GEV,0.024873178939108405
2025-04-18,GILD,0.024873178939108405
2025-04-18,GLW,0.024873178939108405
2025-04-18,HWM,0.024873178939108405
2025-04-18,ICE,0.024873178939108405
2025-04-18,K,0.024873178939108405
2025-04-18,KMI,0.024873178939108405
2025-04-18,MMM,0.024873178939108405
2025-04-18,MO,0.024873178939108405
2025-04-18,NI,0.024873178939108405
2025-04-18,PM,0.024873178939108405
2025-04-18,PNW,0.024873178939108405
2025-04-18,PODD,0.024873178939108405
2025-04-18,PPL,0.024873178939108405
2025-04-18,RCL,0.024873178939108405
2025-04-18,RTX,0.024873178939108405
2025-04-18,T,0.024873178939108405
2025-04-18,TMUS,0.024873178939108405
2025-04-18,TPR,0.024873178939108405
2025-04-18,TRGP,0.024873178939108405
2025-04-18,VRSK,0.024873178939108405
2025-04-18,VTR,0.024873178939108405
2025-04-18,WEC,0.024873178939108405
2025-04-18,WELL,0.024873178939108405
2025-04-18,WMB,0.024873178939108405
2025-04-18,WMT,0.024873178939108405
2025-04-18,XEL,0.024873178939108405
2025-04-25,AEE,0.023649022891821435
2025-04-25,AJG,0.023649022891821435
2025-04-25,ATO,0.023649022891821435
2025-04-25,BK,0.023649022891821435
2025-04-25,BRKB,0.023649022891821435
2025-04-25,BRO,0.023649022891821435
2025-04-25,BSX,0.023649022891821435
2025-04-25,CBRE,0.023649022891821435
2025-04-25,EVRG,0.023649022891821435
2025-04-25,FFIV,0.023649022891821435
2025-04-25,FI,0.023649022891821435
2025-04-25,FOX,0.023649022891821435
2025-04-25,FOXA,0.023649022891821435
2025-04-25,GEV,0.023649022891821435
2025-04-25,GILD,0.023649022891821435
2025-04-25,HWM,0.023649022891821435
2025-04-25,IBM,0.023649022891821435
2025-04-25,ICE,0.023649022891821435
2025-04-25,IP,0.023649022891821435
2025-04-25,KMI,0.023649022891821435
2025-04-25,MMM,0.023649022891821435
2025-04-25,MO,0.023649022891821435
2025-04-25,NFLX,0.023649022891821435
2025-04-25,NI,0.023649022891821435
2025-04-25,PM,0.023649022891821435
2025-04-25,PODD,0.023649022891821435
2025-04-25,PPL,0.023649022891821435
2025-04-25,RTX,0.023649022891821435
2025-04-25,T,0.023649022891821435
2025-04-25,TDY,0.023649022891821435
2025-04-25,TMUS,0.023649022891821435
2025-04-25,TPR,0.023649022891821435
2025-04-25,TRGP,0.023649022891821435
2025-04-25,TTWO,0.023649022891821435
2025-04-25,VRSK,0.023649022891821435
2025-04-25,VRSN,0.023649022891821435
2025-04-25,VTR,0.023649022891821435
2025-04-25,WELL,0.023649022891821435
2025-04-25,WMB,0.023649022891821435
2025-04-25,WMT,0.023649022891821435
2025-04-25,WTW,0.023649022891821435
2025-04-25,XEL,0.023649022891821435
2025-05-02,AEE,0.029061622862826694
2025-05-02,AJG,0.029061622862826694
2025-05-02,AON,0.029061622862826694
2025-05-02,ATO,0.029061622862826694
2025-05-02,BK,0.029061622862826694
2025-05-02,BRKB,0.029061622862826694
2025-05-02,BRO,0.029061622862826694
2025-05-02,BSX,0.029061622862826694
2025-05-02,CME,0.029061622862826694
2025-05-02,EVRG,0.029061622862826694
2025-05-02,FI,0.029061622862826694
2025-05-02,FOX,0.029061622862826694
2025-05-02,FOXA,0.029061622862826694
2025-05-02,GEV,0.029061622862826694
2025-05-02,GILD,0.029061622862826694
2025-05-02,IBM,0.029061622862826694
2025-05-02,KMI,0.029061622862826694
2025-05-02,NFLX,0.029061622862826694
2025-05-02,NI,0.029061622862826694
2025-05-02,ORLY,0.029061622862826694
2025-05-02,PM,0.029061622862826694
2025-05-02,PPL,0.029061622862826694
2025-05-02,RSG,0.029061622862826694
2025-05-02,T,0.029061622862826694
2025-05-02,TMUS,0.029061622862826694
2025-05-02,TPR,0.029061622862826694
2025-05-02,VRSK,0.029061622862826694
2025-05-02,VRSN,0.029061622862826694
2025-05-02,VTR,0.029061622862826694
2025-05-02,WELL,0.029061622862826694
2025-05-02,WMB,0.029061622862826694
2025-05-02,WMT,0.029061622862826694
2025-05-02,WTW,0.029061622862826694
2025-05-02,XEL,0.029061622862826694
2025-05-09,AEE,0.04499762491573188
2025-05-09,BK,0.04499762491573188
2025-05-09,BRKB,0.04499762491573188
2025-05-09,BRO,0.04499762491573188
2025-05-09,FFIV,0.04499762491573188
2025-05-09,FOX,0.04499762491573188
2025-05-09,FOXA,0.04499762491573188
2025-05-09,FTNT,0.04499762491573188
2025-05-09,GEV,0.04499762491573188
2025-05-09,GILD,0.04499762491573188
2025-05-09,NFLX,0.04499762491573188
2025-05-09,NI,0.04499762491573188
2025-05-09,PM,0.04499762491573188
2025-05-09,RSG,0.04499762491573188
2025-05-09,T,0.04499762491573188
2025-05-09,TMUS,0.04499762491573188
2025-05-09,TPR,0.04499762491573188
2025-05-09,VRSN,0.04499762491573188
2025-05-09,VTR,0.04499762491573188
2025-05-09,WELL,0.04499762491573188
2025-05-09,WMB,0.04499762491573188
2025-05-09,WMT,0.04499762491573188
2025-05-16,AEE,0.034340635555679205
2025-05-16,ATO,0.034340635555679205
2025-05-16,AXON,0.034340635555679205
2025-05-16,BRKB,0.034340635555679205
2025-05-16,BRO,0.034340635555679205
2025-05-16,CAH,0.034340635555679205
2025-05-16,FFIV,0.034340635555679205
2025-05-16,FI,0.034340635555679205
2025-05-16,FOX,0.034340635555679205
2025-05-16,FOXA,0.034340635555679205
2025-05-16,GEV,0.034340635555679205
2025-05-16,GILD,0.034340635555679205
2025-05-16,GL,0.034340635555679205
2025-05-16,IBM,0.034340635555679205
2025-05-16,KMI,0.034340635555679205
2025-05-16,NFLX,0.034340635555679205
2025-05-16,NI,0.034340635555679205
2025-05-16,ORLY,0.034340635555679205
2025-05-16,PM,0.034340635555679205
2025-05-16,RSG,0.034340635555679205
2025-05-16,T,0.034340635555679205
2025-05-16,TMUS,0.034340635555679205
2025-05-16,TTWO,0.034340635555679205
2025-05-16,VRSN,0.034340635555679205
2025-05-16,VTR,0.034340635555679205
2025-05-16,WELL,0.034340635555679205
2025-05-16,WMB,0.034340635555679205
2025-05-16,WMT,0.034340635555679205
2025-05-23,AEE,0.032003716157087844
2025-05-23,ATO,0.032003716157087844
2025-05-23,AXON,0.032003716157087844
2025-05-23,BK,0.032003716157087844
2025-05-23,BRKB,0.032003716157087844
2025-05-23,BRO,0.032003716157087844
2025-05-23,BSX,0.032003716157087844
2025-05-23,CAH,0.032003716157087844
2025-05-23,FFIV,0.032003716157087844
2025-05-23,FOX,0.032003716157087844
2025-05-23,FOXA,0.032003716157087844
2025-05-23,GEV,0.032003716157087844
2025-05-23,GILD,0.032003716157087844
2025-05-23,GL,0.032003716157087844
2025-05-23,HWM,0.032003716157087844
2025-05-23,NFLX,0.032003716157087844
2025-05-23,NI,0.032003716157087844
2025-05-23,ORLY,0.032003716157087844
2025-05-23,PM,0.032003716157087844
2025-05-23,RSG,0.032003716157087844
2025-05-23,T,0.032003716157087844
2025-05-23,TMUS,0.032003716157087844
2025-05-23,TPR,0.032003716157087844
2025-05-23,VRSN,0.032003716157087844
2025-05-23,VTR,0.032003716157087844
2025-05-23,WEC,0.032003716157087844
2025-05-23,WELL,0.032003716157087844
2025-05-23,WMB,0.032003716157087844
2025-05-23,WMT,0.032003716157087844
2025-05-23,XEL,0.032003716157087844
2025-05-30,AEE,0.03125
2025-05-30,ATO,0.03125
2025-05-30,AXON,0.03125
2025-05-30,BK,0.03125
2025-05-30,BRKB,0.03125
2025-05-30,BSX,0.03125
2025-05-30,CAH,0.03125
2025-05-30,CME,0.03125
2025-05-30,FFIV,0.03125
2025-05-30,FICO,0.03125
2025-05-30,FOX,0.03125
2025-05-30,FOXA,0.03125
2025-05-30,FTNT,0.03125
2025-05-30,GEV,0.03125
2025-05-30,GILD,0.03125
2025-05-30,GL,0.03125
2025-05-30,HWM,0.03125
2025-05-30,KR,0.03125
2025-05-30,NFLX,0.03125
2025-05-30,NI,0.03125
2025-05-30,ORLY,0.03125
2025-05-30,PM,0.03125
2025-05-30,RSG,0.03125
2025-05-30,T,0.03125
2025-05-30,TMUS,0.03125
2025-05-30,TPR,0.03125
2025-05-30,VRSN,0.03125
2025-05-30,WEC,0.03125
2025-05-30,WELL,0.03125
2025-05-30,WMB,0.03125
2025-05-30,WMT,0.03125
2025-05-30,XEL,0.03125
2025-06-06,AEE,0.025
2025-06-06,ATO,0.025
2025-06-06,AXON,0.025
2025-06-06,BK,0.025
2025-06-06,BRKB,0.025
2025-06-06,BSX,0.025
2025-06-06,CAH,0.025
2025-06-06,CME,0.025
2025-06-06,FFIV,0.025
2025-06-06,FICO,0.025
2025-06-06,FOX,0.025
2025-06-06,FOXA,0.025
2025-06-06,FTNT,0.025
2025-06-06,GEV,0.025
2025-06-06,GILD,0.025
2025-06-06,GL,0.025
2025-06-06,HWM,0.025
2025-06-06,IBM,0.025
2025-06-06,ICE,0.025
2025-06-06,K,0.025
2025-06-06,KR,0.025
2025-06-06,LYV,0.025
2025-06-06,MO,0.025
2025-06-06,NDAQ,0.025
2025-06-06,NFLX,0.025
2025-06-06,NI,0.025
2025-06-06,ORLY,0.025
2025-06-06,PAYC,0.025
2025-06-06,PM,0.025
2025-06-06,RSG,0.025
2025-06-06,T,0.025
2025-06-06,TMUS,0.025
2025-06-06,TPR,0.025
2025-06-06,VRSN,0.025
2025-06-06,VTR,0.025
2025-06-06,WEC,0.025
2025-06-06,WELL,0.025
2025-06-06,WMB,0.025
2025-06-06,WMT,0.025
2025-06-06,XEL,0.025
2025-06-13,ADP,0.02040816326530612
2025-06-13,AEE,0.02040816326530612
2025-06-13,ATO,0.02040816326530612
2025-06-13,AXON,0.02040816326530612
2025-06-13,AZO,0.02040816326530612
2025-06-13,BK,0.02040816326530612
2025-06-13,BRKB,0.02040816326530612
2025-06-13,BSX,0.02040816326530612
2025-06-13,CAH,0.02040816326530612
2025-06-13,CBRE,0.02040816326530612
2025-06-13,CME,0.02040816326530612
2025-06-13,CSCO,0.02040816326530612
2025-06-13,FFIV,0.02040816326530612
2025-06-13,FICO,0.02040816326530612
2025-06-13,FOX,0.02040816326530612
2025-06-13,FOXA,0.02040816326530612
2025-06-13,FTNT,0.02040816326530612
2025-06-13,GE,0.02040816326530612
2025-06-13,GEV,0.02040816326530612
2025-06-13,GILD,0.02040816326530612
2025-06-13,GL,0.02040816326530612
2025-06-13,HWM,0.02040816326530612
2025-06-13,IBM,0.02040816326530612
2025-06-13,K,0.02040816326530612
2025-06-13,KMI,0.02040816326530612
2025-06-13,KR,0.02040816326530612
2025-06-13,LYV,0.02040816326530612
2025-06-13,MO,0.02040816326530612
2025-06-13,NDAQ,0.02040816326530612
2025-06-13,NFLX,0.02040816326530612
2025-06-13,NI,0.02040816326530612
2025-06-13,NRG,0.02040816326530612
2025-06-13,ORLY,0.02040816326530612
2025-06-13,PAYC,0.02040816326530612
2025-06-13,PGR,0.02040816326530612
2025-06-13,PM,0.02040816326530612
2025-06-13,RCL,0.02040816326530612
2025-06-13,RSG,0.02040816326530612
2025-06-13,T,0.02040816326530612
2025-06-13,TMUS,0.02040816326530612
2025-06-13,TPR,0.02040816326530612
2025-06-13,TTWO,0.02040816326530612
2025-06-13,V,0.02040816326530612
2025-06-13,VRSN,0.02040816326530612
2025-06-13,WEC,0.02040816326530612
2025-06-13,WELL,0.02040816326530612
2025-06-13,WMB,0.02040816326530612
2025-06-13,WMT,0.02040816326530612
2025-06-13,XEL,0.02040816326530612
2025-06-20,ADP,0.023255813953488372
2025-06-20,AEE,0.023255813953488372
2025-06-20,ATO,0.023255813953488372
2025-06-20,AXON,0.023255813953488372
2025-06-20,BK,0.023255813953488372
2025-06-20,BSX,0.023255813953488372
2025-06-20,CAH,0.023255813953488372
2025-06-20,CME,0.023255813953488372
2025-06-20,CSCO,0.023255813953488372
2025-06-20,EVRG,0.023255813953488372
2025-06-20,FFIV,0.023255813953488372
2025-06-20,FOX,0.023255813953488372
2025-06-20,FOXA,0.023255813953488372
2025-06-20,FTNT,0.023255813953488372
2025-06-20,GEV,0.023255813953488372
2025-06-20,GILD,0.023255813953488372
2025-06-20,GL,0.023255813953488372
2025-06-20,HWM,0.023255813953488372
2025-06-20,IBM,0.023255813953488372
2025-06-20,JCI,0.023255813953488372
2025-06-20,K,0.023255813953488372
2025-06-20,KMI,0.023255813953488372
2025-06-20,KR,0.023255813953488372
2025-06-20,LYV,0.023255813953488372
2025-06-20,MMM,0.023255813953488372
2025-06-20,MO,0.023255813953488372
2025-06-20,NDAQ,0.023255813953488372
2025-06-20,NFLX,0.023255813953488372
2025-06-20,NI,0.023255813953488372
2025-06-20,NRG,0.023255813953488372
2025-06-20,PAYC,0.023255813953488372
2025-06-20,PM,0.023255813953488372
2025-06-20,PODD,0.023255813953488372
2025-06-20,RSG,0.023255813953488372
2025-06-20,T,0.023255813953488372
2025-06-20,TPR,0.023255813953488372
2025-06-20,TTWO,0.023255813953488372
2025-06-20,VRSN,0.023255813953488372
2025-06-20,WEC,0.023255813953488372
2025-06-20,WELL,0.023255813953488372
2025-06-20,WMB,0.023255813953488372
2025-06-20,WMT,0.023255813953488372
2025-06-20,XEL,0.023255813953488372
2025-06-27,ADP,0.022222222222222223
2025-06-27,AEE,0.022222222222222223
2025-06-27,ATO,0.022222222222222223
2025-06-27,AXON,0.022222222222222223
2025-06-27,BK,0.022222222222222223
2025-06-27,BRKB,0.022222222222222223
2025-06-27,BSX,0.022222222222222223
2025-06-27,CAH,0.022222222222222223
2025-06-27,CME,0.022222222222222223
2025-06-27,CSCO,0.022222222222222223
2025-06-27,FFIV,0.022222222222222223
2025-06-27,FOX,0.022222222222222223
2025-06-27,FOXA,0.022222222222222223
2025-06-27,FTNT,0.022222222222222223
2025-06-27,GE,0.022222222222222223
2025-06-27,GEV,0.022222222222222223
2025-06-27,GILD,0.022222222222222223
2025-06-27,GL,0.022222222222222223
2025-06-27,HWM,0.022222222222222223
2025-06-27,IBM,0.022222222222222223
2025-06-27,ICE,0.022222222222222223
2025-06-27,JCI,0.022222222222222223
2025-06-27,K,0.022222222222222223
2025-06-27,KMI,0.022222222222222223
2025-06-27,KR,0.022222222222222223
2025-06-27,LYV,0.022222222222222223
2025-06-27,MO,0.022222222222222223
2025-06-27,NDAQ,0.022222222222222223
2025-06-27,NFLX,0.022222222222222223
2025-06-27,NI,0.022222222222222223
2025-06-27,NRG,0.022222222222222223
2025-06-27,PAYC,0.022222222222222223
2025-06-27,PAYX,0.022222222222222223
2025-06-27,PM,0.022222222222222223
2025-06-27,RSG,0.022222222222222223
2025-06-27,RTX,0.022222222222222223
2025-06-27,T,0.022222222222222223
2025-06-27,TPR,0.022222222222222223
2025-06-27,V,0.022222222222222223
2025-06-27,VRSN,0.022222222222222223
2025-06-27,WEC,0.022222222222222223
2025-06-27,WELL,0.022222222222222223
2025-06-27,WMB,0.022222222222222223
2025-06-27,WMT,0.022222222222222223
2025-06-27,XEL,0.022222222222222223
2025-07-04,ADP,0.022727272727272728
2025-07-04,AEE,0.022727272727272728
2025-07-04,ATO,0.022727272727272728
2025-07-04,AXON,0.022727272727272728
2025-07-04,BK,0.022727272727272728
2025-07-04,BSX,0.022727272727272728
2025-07-04,CAH,0.022727272727272728
2025-07-04,CME,0.022727272727272728
2025-07-04,CSCO,0.022727272727272728
2025-07-04,DRI,0.022727272727272728
2025-07-04,FFIV,0.022727272727272728
2025-07-04,FOX,0.022727272727272728
2025-07-04,FOXA,0.022727272727272728
2025-07-04,FTNT,0.022727272727272728
2025-07-04,GE,0.022727272727272728
2025-07-04,GEV,0.022727272727272728
2025-07-04,GILD,0.022727272727272728
2025-07-04,GL,0.022727272727272728
2025-07-04,HWM,0.022727272727272728
2025-07-04,IBM,0.022727272727272728
2025-07-04,JCI,0.022727272727272728
2025-07-04,K,0.022727272727272728
2025-07-04,KMI,0.022727272727272728
2025-07-04,LYV,0.022727272727272728
2025-07-04,NDAQ,0.022727272727272728
2025-07-04,NFLX,0.022727272727272728
2025-07-04,NI,0.022727272727272728
2025-07-04,NRG,0.022727272727272728
2025-07-04,PAYC,0.022727272727272728
2025-07-04,PAYX,0.022727272727272728
2025-07-04,PM,0.022727272727272728
2025-07-04,RCL,0.022727272727272728
2025-07-04,RSG,0.022727272727272728
2025-07-04,RTX,0.022727272727272728
2025-07-04,T,0.022727272727272728
2025-07-04,TPR,0.022727272727272728
2025-07-04,TTWO,0.022727272727272728
2025-07-04,V,0.022727272727272728
2025-07-04,VRSN,0.022727272727272728
2025-07-04,WEC,0.022727272727272728
2025-07-04,WELL,0.022727272727272728
2025-07-04,WMB,0.022727272727272728
2025-07-04,WMT,0.022727272727272728
2025-07-04,XEL,0.022727272727272728
2025-07-11,ABT,0.02
2025-07-11,ADP,0.02
2025-07-11,AEE,0.02
2025-07-11,ATO,0.02
2025-07-11,AXON,0.02
2025-07-11,BK,0.02
2025-07-11,CAH,0.02
2025-07-11,CME,0.02
2025-07-11,CSCO,0.02
2025-07-11,CTVA,0.02
2025-07-11,DE,0.02
2025-07-11,DRI,0.02
2025-07-11,EBAY,0.02
2025-07-11,FFIV,0.02
2025-07-11,FOX,0.02
2025-07-11,FOXA,0.02
2025-07-11,FTNT,0.02
2025-07-11,GE,0.02
2025-07-11,GEV,0.02
2025-07-11,GILD,0.02
2025-07-11,GL,0.02
2025-07-11,HWM,0.02
2025-07-11,IBM,0.02
2025-07-11,JCI,0.02
2025-07-11,KMI,0.02
2025-07-11,LYV,0.02
2025-07-11,MA,0.02
2025-07-11,MO,0.02
2025-07-11,NDAQ,0.02
2025-07-11,NFLX,0.02
2025-07-11,NI,0.02
2025-07-11,NRG,0.02
2025-07-11,PAYC,0.02
2025-07-11,PAYX,0.02
2025-07-11,PM,0.02
2025-07-11,RCL,0.02
2025-07-11,RSG,0.02
2025-07-11,RTX,0.02
2025-07-11,SOLV,0.02
2025-07-11,T,0.02
2025-07-11,TPR,0.02
2025-07-11,TTWO,0.02
2025-07-11,V,0.02
2025-07-11,VRSN,0.02
2025-07-11,WEC,0.02
2025-07-11,WELL,0.02
2025-07-11,WMB,0.02
2025-07-11,WMT,0.02
2025-07-11,WRB,0.02
2025-07-11,XEL,0.02
2025-07-18,ABT,0.023255813953488372
2025-07-18,ADP,0.023255813953488372
2025-07-18,AEE,0.023255813953488372
2025-07-18,AXON,0.023255813953488372
2025-07-18,BK,0.023255813953488372
2025-07-18,BSX,0.023255813953488372
2025-07-18,CAH,0.023255813953488372
2025-07-18,CME,0.023255813953488372
2025-07-18,COR,0.023255813953488372
2025-07-18,CSCO,0.023255813953488372
2025-07-18,DRI,0.023255813953488372
2025-07-18,EBAY,0.023255813953488372
2025-07-18,EQT,0.023255813953488372
2025-07-18,FFIV,0.023255813953488372
2025-07-18,FOX,0.023255813953488372
2025-07-18,FOXA,0.023255813953488372
2025-07-18,FTNT,0.023255813953488372
2025-07-18,GE,0.023255813953488372
2025-07-18,GEV,0.023255813953488372
2025-07-18,GILD,0.023255813953488372
2025-07-18,GL,0.023255813953488372
2025-07-18,HWM,0.023255813953488372
2025-07-18,IBM,0.023255813953488372
2025-07-18,JBL,0.023255813953488372
2025-07-18,JCI,0.023255813953488372
2025-07-18,LYV,0.023255813953488372
2025-07-18,NDAQ,0.023255813953488372
2025-07-18,NFLX,0.023255813953488372
2025-07-18,NI,0.023255813953488372
2025-07-18,NRG,0.023255813953488372
2025-07-18,PM,0.023255813953488372
2025-07-18,RCL,0.023255813953488372
2025-07-18,RL,0.023255813953488372
2025-07-18,RTX,0.023255813953488372
2025-07-18,T,0.023255813953488372
2025-07-18,TPR,0.023255813953488372
2025-07-18,TTWO,0.023255813953488372
2025-07-18,VRSN,0.023255813953488372
2025-07-18,VST,0.023255813953488372
2025-07-18,WEC,0.023255813953488372
2025-07-18,WELL,0.023255813953488372
2025-07-18,WMB,0.023255813953488372
2025-07-18,WMT,0.023255813953488372
2025-07-25,APH,0.020833333333333332
2025-07-25,AVGO,0.020833333333333332
2025-07-25,AXON,0.020833333333333332
2025-07-25,BK,0.020833333333333332
2025-07-25,BKNG,0.020833333333333332
2025-07-25,BSX,0.020833333333333332
2025-07-25,CAH,0.020833333333333332
2025-07-25,CME,0.020833333333333332
2025-07-25,CRWD,0.020833333333333332
2025-07-25,CSCO,0.020833333333333332
2025-07-25,DRI,0.020833333333333332
2025-07-25,EQT,0.020833333333333332
2025-07-25,FFIV,0.020833333333333332
2025-07-25,FOX,0.020833333333333332
2025-07-25,FOXA,0.020833333333333332
2025-07-25,FTNT,0.020833333333333332
2025-07-25,GE,0.020833333333333332
2025-07-25,GEV,0.020833333333333332
2025-07-25,GILD,0.020833333333333332
2025-07-25,GL,0.020833333333333332
2025-07-25,HWM,0.020833333333333332
2025-07-25,IBM,0.020833333333333332
2025-07-25,JBL,0.020833333333333332
2025-07-25,JCI,0.020833333333333332
2025-07-25,JPM,0.020833333333333332
2025-07-25,KMI,0.020833333333333332
2025-07-25,KR,0.020833333333333332
2025-07-25,LYV,0.020833333333333332
2025-07-25,META,0.020833333333333332
2025-07-25,NDAQ,0.020833333333333332
2025-07-25,NFLX,0.020833333333333332
2025-07-25,NI,0.020833333333333332
2025-07-25,NRG,0.020833333333333332
2025-07-25,PM,0.020833333333333332
2025-07-25,PODD,0.020833333333333332
2025-07-25,RCL,0.020833333333333332
2025-07-25,RL,0.020833333333333332
2025-07-25,RSG,0.020833333333333332
2025-07-25,T,0.020833333333333332
2025-07-25,TPR,0.020833333333333332
2025-07-25,TTWO,0.020833333333333332
2025-07-25,V,0.020833333333333332
2025-07-25,VRSN,0.020833333333333332
2025-07-25,VST,0.020833333333333332
2025-07-25,WELL,0.020833333333333332
2025-07-25,WMB,0.020833333333333332
2025-07-25,WMT,0.020833333333333332
2025-07-25,WRB,0.020833333333333332
2025-08-01,APH,0.017241379310344827
2025-08-01,AVGO,0.017241379310344827
2025-08-01,AXON,0.017241379310344827
2025-08-01,BK,0.017241379310344827
2025-08-01,BKNG,0.017241379310344827
2025-08-01,BSX,0.017241379310344827
2025-08-01,CAH,0.017241379310344827
2025-08-01,CCL,0.017241379310344827
2025-08-01,CME,0.017241379310344827
2025-08-01,CNP,0.017241379310344827
2025-08-01,COF,0.017241379310344827
2025-08-01,CRWD,0.017241379310344827
2025-08-01,CSCO,0.017241379310344827
2025-08-01,CTVA,0.017241379310344827
2025-08-01,DE,0.017241379310344827
2025-08-01,DRI,0.017241379310344827
2025-08-01,EQT,0.017241379310344827
2025-08-01,FFIV,0.017241379310344827
2025-08-01,FOX,0.017241379310344827
2025-08-01,FOXA,0.017241379310344827
2025-08-01,FTNT,0.017241379310344827
2025-08-01,GE,0.017241379310344827
2025-08-01,GEV,0.017241379310344827
2025-08-01,GILD,0.017241379310344827
2025-08-01,GL,0.017241379310344827
2025-08-01,GS,0.017241379310344827
2025-08-01,HWM,0.017241379310344827
2025-08-01,IBM,0.017241379310344827
2025-08-01,JBL,0.017241379310344827
2025-08-01,JCI,0.017241379310344827
2025-08-01,JPM,0.017241379310344827
2025-08-01,KMI,0.017241379310344827
2025-08-01,LYV,0.017241379310344827
2025-08-01,META,0.017241379310344827
2025-08-01,NDAQ,0.017241379310344827
2025-08-01,NFLX,0.017241379310344827
2025-08-01,NI,0.017241379310344827
2025-08-01,NRG,0.017241379310344827
2025-08-01,NTRS,0.017241379310344827
2025-08-01,ORCL,0.017241379310344827
2025-08-01,PM,0.017241379310344827
2025-08-01,PODD,0.017241379310344827
2025-08-01,PWR,0.017241379310344827
2025-08-01,RCL,0.017241379310344827
2025-08-01,RJF,0.017241379310344827
2025-08-01,RL,0.017241379310344827
2025-08-01,T,0.017241379310344827
2025-08-01,TPR,0.017241379310344827
2025-08-01,TRMB,0.017241379310344827
2025-08-01,TTWO,0.017241379310344827
2025-08-01,V,0.017241379310344827
2025-08-01,VRSN,0.017241379310344827
2025-08-01,VST,0.017241379310344827
2025-08-01,WAB,0.017241379310344827
2025-08-01,WELL,0.017241379310344827
2025-08-01,WFC,0.017241379310344827
2025-08-01,WMB,0.017241379310344827
2025-08-01,WMT,0.017241379310344827
2025-08-08,APH,0.016666666666666666
2025-08-08,AVGO,0.016666666666666666
2025-08-08,AXON,0.016666666666666666
2025-08-08,BK,0.016666666666666666
2025-08-08,BKNG,0.016666666666666666
2025-08-08,BSX,0.016666666666666666
2025-08-08,C,0.016666666666666666
2025-08-08,CAH,0.016666666666666666
2025-08-08,CCL,0.016666666666666666
2025-08-08,CME,0.016666666666666666
2025-08-08,CNP,0.016666666666666666
2025-08-08,COF,0.016666666666666666
2025-08-08,CRWD,0.016666666666666666
2025-08-08,CSCO,0.016666666666666666
2025-08-08,CTVA,0.016666666666666666
2025-08-08,DE,0.016666666666666666
2025-08-08,DRI,0.016666666666666666
2025-08-08,EQT,0.016666666666666666
2025-08-08,FFIV,0.016666666666666666
2025-08-08,FOX,0.016666666666666666
2025-08-08,FOXA,0.016666666666666666
2025-08-08,GE,0.016666666666666666
2025-08-08,GEV,0.016666666666666666
2025-08-08,GILD,0.016666666666666666
2025-08-08,GL,0.016666666666666666
2025-08-08,GS,0.016666666666666666
2025-08-08,HLT,0.016666666666666666
2025-08-08,HWM,0.016666666666666666
2025-08-08,IBM,0.016666666666666666
2025-08-08,JBL,0.016666666666666666
2025-08-08,JCI,0.016666666666666666
2025-08-08,JPM,0.016666666666666666
2025-08-08,LYV,0.016666666666666666
2025-08-08,MS,0.016666666666666666
2025-08-08,NDAQ,0.016666666666666666
2025-08-08,NFLX,0.016666666666666666
2025-08-08,NI,0.016666666666666666
2025-08-08,NRG,0.016666666666666666
2025-08-08,NTRS,0.016666666666666666
2025-08-08,ORCL,0.016666666666666666
2025-08-08,PM,0.016666666666666666
2025-08-08,RCL,0.016666666666666666
2025-08-08,RJF,0.016666666666666666
2025-08-08,RL,0.016666666666666666
2025-08-08,RTX,0.016666666666666666
2025-08-08,SCHW,0.016666666666666666
2025-08-08,SYF,0.016666666666666666
2025-08-08,T,0.016666666666666666
2025-08-08,TDY,0.016666666666666666
2025-08-08,TPR,0.016666666666666666
2025-08-08,TRMB,0.016666666666666666
2025-08-08,TTWO,0.016666666666666666
2025-08-08,UAL,0.016666666666666666
2025-08-08,V,0.016666666666666666
2025-08-08,VRSN,0.016666666666666666
2025-08-08,VST,0.016666666666666666
2025-08-08,WAB,0.016666666666666666
2025-08-08,WELL,0.016666666666666666
2025-08-08,WFC,0.016666666666666666
2025-08-08,WMT,0.016666666666666666
2025-08-15,APH,0.017857142857142856
2025-08-15,AVGO,0.017857142857142856
2025-08-15,AXON,0.017857142857142856
2025-08-15,BK,0.017857142857142856
2025-08-15,BKNG,0.017857142857142856
2025-08-15,BSX,0.017857142857142856
2025-08-15,C,0.017857142857142856
2025-08-15,CAH,0.017857142857142856
2025-08-15,CCL,0.017857142857142856
2025-08-15,CME,0.017857142857142856
2025-08-15,CNP,0.017857142857142856
2025-08-15,COF,0.017857142857142856
2025-08-15,CRWD,0.017857142857142856
2025-08-15,CSCO,0.017857142857142856
2025-08-15,CTVA,0.017857142857142856
2025-08-15,DRI,0.017857142857142856
2025-08-15,EQT,0.017857142857142856
2025-08-15,FFIV,0.017857142857142856
2025-08-15,FOX,0.017857142857142856
2025-08-15,FOXA,0.017857142857142856
2025-08-15,GE,0.017857142857142856
2025-08-15,GEV,0.017857142857142856
2025-08-15,GILD,0.017857142857142856
2025-08-15,HWM,0.017857142857142856
2025-08-15,IBM,0.017857142857142856
2025-08-15,JBL,0.017857142857142856
2025-08-15,JCI,0.017857142857142856
2025-08-15,JPM,0.017857142857142856
2025-08-15,KR,0.017857142857142856
2025-08-15,LYV,0.017857142857142856
2025-08-15,NDAQ,0.017857142857142856
2025-08-15,NFLX,0.017857142857142856
2025-08-15,NI,0.017857142857142856
2025-08-15,NRG,0.017857142857142856
2025-08-15,NTRS,0.017857142857142856
2025-08-15,ORCL,0.017857142857142856
2025-08-15,PM,0.017857142857142856
2025-08-15,PWR,0.017857142857142856
2025-08-15,RCL,0.017857142857142856
2025-08-15,RJF,0.017857142857142856
2025-08-15,RL,0.017857142857142856
2025-08-15,RTX,0.017857142857142856
2025-08-15,SCHW,0.017857142857142856
2025-08-15,T,0.017857142857142856
2025-08-15,TDY,0.017857142857142856
2025-08-15,TPR,0.017857142857142856
2025-08-15,TRMB,0.017857142857142856
2025-08-15,TTWO,0.017857142857142856
2025-08-15,UAL,0.017857142857142856
2025-08-15,V,0.017857142857142856
2025-08-15,VRSN,0.017857142857142856
2025-08-15,VST,0.017857142857142856
2025-08-15,WAB,0.017857142857142856
2025-08-15,WBD,0.017857142857142856
2025-08-15,WELL,0.017857142857142856
2025-08-15,WFC,0.017857142857142856
2025-08-22,AEE,0.016666666666666666
2025-08-22,APH,0.016666666666666666
2025-08-22,AVGO,0.016666666666666666
2025-08-22,AXON,0.016666666666666666
2025-08-22,BK,0.016666666666666666
2025-08-22,BKNG,0.016666666666666666
2025-08-22,BSX,0.016666666666666666
2025-08-22,C,0.016666666666666666
2025-08-22,CAH,0.016666666666666666
2025-08-22,CCL,0.016666666666666666
2025-08-22,CME,0.016666666666666666
2025-08-22,CNP,0.016666666666666666
2025-08-22,COF,0.016666666666666666
2025-08-22,CRWD,0.016666666666666666
2025-08-22,CSCO,0.016666666666666666
2025-08-22,CTVA,0.016666666666666666
2025-08-22,DE,0.016666666666666666
2025-08-22,EBAY,0.016666666666666666
2025-08-22,EMR,0.016666666666666666
2025-08-22,EQT,0.016666666666666666
2025-08-22,FFIV,0.016666666666666666
2025-08-22,FOX,0.016666666666666666
2025-08-22,FOXA,0.016666666666666666
2025-08-22,GE,0.016666666666666666
2025-08-22,GEV,0.016666666666666666
2025-08-22,GILD,0.016666666666666666
2025-08-22,GL,0.016666666666666666
2025-08-22,GS,0.016666666666666666
2025-08-22,HWM,0.016666666666666666
2025-08-22,JBL,0.016666666666666666
2025-08-22,JCI,0.016666666666666666
2025-08-22,JPM,0.016666666666666666
2025-08-22,KR,0.016666666666666666
2025-08-22,LYV,0.016666666666666666
2025-08-22,NDAQ,0.016666666666666666
2025-08-22,NFLX,0.016666666666666666
2025-08-22,NI,0.016666666666666666
2025-08-22,NRG,0.016666666666666666
2025-08-22,NTRS,0.016666666666666666
2025-08-22,ORCL,0.016666666666666666
2025-08-22,PODD,0.016666666666666666
2025-08-22,PWR,0.016666666666666666
2025-08-22,RCL,0.016666666666666666
2025-08-22,RJF,0.016666666666666666
2025-08-22,RL,0.016666666666666666
2025-08-22,RTX,0.016666666666666666
2025-08-22,SCHW,0.016666666666666666
2025-08-22,SYF,0.016666666666666666
2025-08-22,T,0.016666666666666666
2025-08-22,TDY,0.016666666666666666
2025-08-22,TPR,0.016666666666666666
2025-08-22,TRMB,0.016666666666666666
2025-08-22,TTWO,0.016666666666666666
2025-08-22,UAL,0.016666666666666666
2025-08-22,V,0.016666666666666666
2025-08-22,VRSN,0.016666666666666666
2025-08-22,VST,0.016666666666666666
2025-08-22,WBD,0.016666666666666666
2025-08-22,WELL,0.016666666666666666
2025-08-22,WFC,0.016666666666666666
2025-08-29,AEE,0.018518518518518517
2025-08-29,APH,0.018518518518518517
2025-08-29,AVGO,0.018518518518518517
2025-08-29,AXON,0.018518518518518517
2025-08-29,BK,0.018518518518518517
2025-08-29,BKNG,0.018518518518518517
2025-08-29,BSX,0.018518518518518517
2025-08-29,C,0.018518518518518517
2025-08-29,CAH,0.018518518518518517
2025-08-29,CCL,0.018518518518518517
2025-08-29,CME,0.018518518518518517
2025-08-29,CNP,0.018518518518518517
2025-08-29,CRWD,0.018518518518518517
2025-08-29,CSCO,0.018518518518518517
2025-08-29,DE,0.018518518518518517
2025-08-29,EBAY,0.018518518518518517
2025-08-29,EQT,0.018518518518518517
2025-08-29,FFIV,0.018518518518518517
2025-08-29,FOX,0.018518518518518517
2025-08-29,FOXA,0.018518518518518517
2025-08-29,GE,0.018518518518518517
2025-08-29,GEV,0.018518518518518517
2025-08-29,GILD,0.018518518518518517
2025-08-29,GL,0.018518518518518517
2025-08-29,GLW,0.018518518518518517
2025-08-29,GS,0.018518518518518517
2025-08-29,HWM,0.018518518518518517
2025-08-29,JBL,0.018518518518518517
2025-08-29,JCI,0.018518518518518517
2025-08-29,KR,0.018518518518518517
2025-08-29,LYV,0.018518518518518517
2025-08-29,META,0.018518518518518517
2025-08-29,NDAQ,0.018518518518518517
2025-08-29,NFLX,0.018518518518518517
2025-08-29,NI,0.018518518518518517
2025-08-29,NRG,0.018518518518518517
2025-08-29,NTRS,0.018518518518518517
2025-08-29,ORCL,0.018518518518518517
2025-08-29,PWR,0.018518518518518517
2025-08-29,RCL,0.018518518518518517
2025-08-29,RJF,0.018518518518518517
2025-08-29,RL,0.018518518518518517
2025-08-29,RTX,0.018518518518518517
2025-08-29,SCHW,0.018518518518518517
2025-08-29,T,0.018518518518518517
2025-08-29,TDY,0.018518518518518517
2025-08-29,TPR,0.018518518518518517
2025-08-29,TRMB,0.018518518518518517
2025-08-29,TTWO,0.018518518518518517
2025-08-29,UAL,0.018518518518518517
2025-08-29,VRSN,0.018518518518518517
2025-08-29,VST,0.018518518518518517
2025-08-29,WBD,0.018518518518518517
2025-08-29,WELL,0.018518518518518517
2025-09-05,AEE,0.018867924528301886
2025-09-05,APH,0.018867924528301886
2025-09-05,ATO,0.018867924528301886
2025-09-05,AVGO,0.018867924528301886
2025-09-05,AXON,0.018867924528301886
2025-09-05,BK,0.018867924528301886
2025-09-05,BKNG,0.018867924528301886
2025-09-05,BR,0.018867924528301886
2025-09-05,C,0.018867924528301886
2025-09-05,CAH,0.018867924528301886
2025-09-05,CCL,0.018867924528301886
2025-09-05,CEG,0.018867924528301886
2025-09-05,CME,0.018867924528301886
2025-09-05,CNP,0.018867924528301886
2025-09-05,CRWD,0.018867924528301886
2025-09-05,CSCO,0.018867924528301886
2025-09-05,DLTR,0.018867924528301886
2025-09-05,EBAY,0.018867924528301886
2025-09-05,FFIV,0.018867924528301886
2025-09-05,GE,0.018867924528301886
2025-09-05,GEV,0.018867924528301886
2025-09-05,GILD,0.018867924528301886
2025-09-05,GL,0.018867924528301886
2025-09-05,GLW,0.018867924528301886
2025-09-05,GS,0.018867924528301886
2025-09-05,HWM,0.018867924528301886
2025-09-05,JBL,0.018867924528301886
2025-09-05,JCI,0.018867924528301886
2025-09-05,KR,0.018867924528301886
2025-09-05,LYV,0.018867924528301886
2025-09-05,META,0.018867924528301886
2025-09-05,NDAQ,0.018867924528301886
2025-09-05,NFLX,0.018867924528301886
2025-09-05,NI,0.018867924528301886
2025-09-05,NRG,0.018867924528301886
2025-09-05,NVDA,0.018867924528301886
2025-09-05,ORCL,0.018867924528301886
2025-09-05,PWR,0.018867924528301886
2025-09-05,RCL,0.018867924528301886
2025-09-05,RJF,0.018867924528301886
2025-09-05,RL,0.018867924528301886
2025-09-05,RTX,0.018867924528301886
2025-09-05,SCHW,0.018867924528301886
2025-09-05,T,0.018867924528301886
2025-09-05,TDY,0.018867924528301886
2025-09-05,TPR,0.018867924528301886
2025-09-05,TRMB,0.018867924528301886
2025-09-05,TTWO,0.018867924528301886
2025-09-05,UAL,0.018867924528301886
2025-09-05,VRSN,0.018867924528301886
2025-09-05,VST,0.018867924528301886
2025-09-05,WELL,0.018867924528301886
2025-09-05,WMT,0.018867924528301886
2025-09-12,AEE,0.016666666666666666
2025-09-12,APH,0.016666666666666666
2025-09-12,ATO,0.016666666666666666
2025-09-12,AVGO,0.016666666666666666
2025-09-12,AXON,0.016666666666666666
2025-09-12,BK,0.016666666666666666
2025-09-12,BKNG,0.016666666666666666
2025-09-12,C,0.016666666666666666
2025-09-12,CAH,0.016666666666666666
2025-09-12,CCL,0.016666666666666666
2025-09-12,CME,0.016666666666666666
2025-09-12,CMI,0.016666666666666666
2025-09-12,CNP,0.016666666666666666
2025-09-12,COF,0.016666666666666666
2025-09-12,CRWD,0.016666666666666666
2025-09-12,CSCO,0.016666666666666666
2025-09-12,DLTR,0.016666666666666666
2025-09-12,EBAY,0.016666666666666666
2025-09-12,EQT,0.016666666666666666
2025-09-12,EXPE,0.016666666666666666
2025-09-12,FFIV,0.016666666666666666
2025-09-12,FOX,0.016666666666666666
2025-09-12,FOXA,0.016666666666666666
2025-09-12,GE,0.016666666666666666
2025-09-12,GEV,0.016666666666666666
2025-09-12,GILD,0.016666666666666666
2025-09-12,GL,0.016666666666666666
2025-09-12,GLW,0.016666666666666666
2025-09-12,GS,0.016666666666666666
2025-09-12,HWM,0.016666666666666666
2025-09-12,JBL,0.016666666666666666
2025-09-12,JCI,0.016666666666666666
2025-09-12,JPM,0.016666666666666666
2025-09-12,LYV,0.016666666666666666
2025-09-12,META,0.016666666666666666
2025-09-12,MO,0.016666666666666666
2025-09-12,MS,0.016666666666666666
2025-09-12,NDAQ,0.016666666666666666
2025-09-12,NFLX,0.016666666666666666
2025-09-12,NI,0.016666666666666666
2025-09-12,NRG,0.016666666666666666
2025-09-12,NTRS,0.016666666666666666
2025-09-12,NWS,0.016666666666666666
2025-09-12,RCL,0.016666666666666666
2025-09-12,RJF,0.016666666666666666
2025-09-12,RL,0.016666666666666666
2025-09-12,RTX,0.016666666666666666
2025-09-12,SCHW,0.016666666666666666
2025-09-12,STT,0.016666666666666666
2025-09-12,SYF,0.016666666666666666
2025-09-12,T,0.016666666666666666
2025-09-12,TDY,0.016666666666666666
2025-09-12,TEL,0.016666666666666666
2025-09-12,TPR,0.016666666666666666
2025-09-12,TRMB,0.016666666666666666
2025-09-12,TTWO,0.016666666666666666
2025-09-12,UAL,0.016666666666666666
2025-09-12,VRSN,0.016666666666666666
2025-09-12,VST,0.016666666666666666
2025-09-12,WFC,0.016666666666666666
2025-09-19,AEE,0.01639344262295082
2025-09-19,APH,0.01639344262295082
2025-09-19,ATO,0.01639344262295082
2025-09-19,AVGO,0.01639344262295082
2025-09-19,AXON,0.01639344262295082
2025-09-19,AZO,0.01639344262295082
2025-09-19,BA,0.01639344262295082
2025-09-19,BK,0.01639344262295082
2025-09-19,BKNG,0.01639344262295082
2025-09-19,BR,0.01639344262295082
2025-09-19,BSX,0.01639344262295082
2025-09-19,C,0.01639344262295082
2025-09-19,CAH,0.01639344262295082
2025-09-19,CME,0.01639344262295082
2025-09-19,CNP,0.01639344262295082
2025-09-19,COR,0.01639344262295082
2025-09-19,CRWD,0.01639344262295082
2025-09-19,CSCO,0.01639344262295082
2025-09-19,EBAY,0.01639344262295082
2025-09-19,EQT,0.01639344262295082
2025-09-19,EVRG,0.01639344262295082
2025-09-19,FFIV,0.01639344262295082
2025-09-19,FOX,0.01639344262295082
2025-09-19,FOXA,0.01639344262295082
2025-09-19,GE,0.01639344262295082
2025-09-19,GEV,0.01639344262295082
2025-09-19,GILD,0.01639344262295082
2025-09-19,GL,0.01639344262295082
2025-09-19,GLW,0.01639344262295082
2025-09-19,GS,0.01639344262295082
2025-09-19,HWM,0.01639344262295082
2025-09-19,JBL,0.01639344262295082
2025-09-19,JCI,0.01639344262295082
2025-09-19,JPM,0.01639344262295082
2025-09-19,KR,0.01639344262295082
2025-09-19,L,0.01639344262295082
2025-09-19,LYV,0.01639344262295082
2025-09-19,MCK,0.01639344262295082
2025-09-19,MO,0.01639344262295082
2025-09-19,MS,0.01639344262295082
2025-09-19,NDAQ,0.01639344262295082
2025-09-19,NFLX,0.01639344262295082
2025-09-19,NI,0.01639344262295082
2025-09-19,NRG,0.01639344262295082
2025-09-19,NTRS,0.01639344262295082
2025-09-19,PM,0.01639344262295082
2025-09-19,RCL,0.01639344262295082
2025-09-19,RL,0.01639344262295082
2025-09-19,RTX,0.01639344262295082
2025-09-19,SCHW,0.01639344262295082
2025-09-19,T,0.01639344262295082
2025-09-19,TDY,0.01639344262295082
2025-09-19,TPR,0.01639344262295082
2025-09-19,TTWO,0.01639344262295082
2025-09-19,UAL,0.01639344262295082
2025-09-19,VRSN,0.01639344262295082
2025-09-19,VST,0.01639344262295082
2025-09-19,WELL,0.01639344262295082
2025-09-19,WFC,0.01639344262295082
2025-09-19,WMT,0.01639344262295082
2025-09-19,WRB,0.01639344262295082
2025-09-26,APH,0.015625
2025-09-26,ATO,0.015625
2025-09-26,AVGO,0.015625
2025-09-26,AXON,0.015625
2025-09-26,AZO,0.015625
2025-09-26,BA,0.015625
2025-09-26,BK,0.015625
2025-09-26,BKNG,0.015625
2025-09-26,BSX,0.015625
2025-09-26,C,0.015625
2025-09-26,CAH,0.015625
2025-09-26,CCL,0.015625
2025-09-26,CME,0.015625
2025-09-26,CNP,0.015625
2025-09-26,COF,0.015625
2025-09-26,COR,0.015625
2025-09-26,CRWD,0.015625
2025-09-26,CSCO,0.015625
2025-09-26,DLTR,0.015625
2025-09-26,EBAY,0.015625
2025-09-26,EQT,0.015625
2025-09-26,FFIV,0.015625
2025-09-26,FOX,0.015625
2025-09-26,FOXA,0.015625
2025-09-26,GE,0.015625
2025-09-26,GEV,0.015625
2025-09-26,GILD,0.015625
2025-09-26,GL,0.015625
2025-09-26,GLW,0.015625
2025-09-26,GS,0.015625
2025-09-26,HWM,0.015625
2025-09-26,JBL,0.015625
2025-09-26,JCI,0.015625
2025-09-26,JPM,0.015625
2025-09-26,L,0.015625
2025-09-26,LYV,0.015625
2025-09-26,MCK,0.015625
2025-09-26,MO,0.015625
2025-09-26,MS,0.015625
2025-09-26,NDAQ,0.015625
2025-09-26,NFLX,0.015625
2025-09-26,NI,0.015625
2025-09-26,NRG,0.015625
2025-09-26,NTRS,0.015625
2025-09-26,PLTR,0.015625
2025-09-26,PM,0.015625
2025-09-26,PODD,0.015625
2025-09-26,RCL,0.015625
2025-09-26,RJF,0.015625
2025-09-26,RL,0.015625
2025-09-26,RTX,0.015625
2025-09-26,SCHW,0.015625
2025-09-26,SYF,0.015625
2025-09-26,T,0.015625
2025-09-26,TDY,0.015625
2025-09-26,TEL,0.015625
2025-09-26,TPR,0.015625
2025-09-26,TTWO,0.015625
2025-09-26,UAL,0.015625
2025-09-26,V,0.015625
2025-09-26,VRSN,0.015625
2025-09-26,WELL,0.015625
2025-09-26,WFC,0.015625
2025-09-26,WRB,0.015625
2025-10-03,APH,0.015873015873015872
2025-10-03,AVGO,0.015873015873015872
2025-10-03,AXON,0.015873015873015872
2025-10-03,AZO,0.015873015873015872
2025-10-03,BA,0.015873015873015872
2025-10-03,BK,0.015873015873015872
2025-10-03,BKNG,0.015873015873015872
2025-10-03,BSX,0.015873015873015872
2025-10-03,C,0.015873015873015872
2025-10-03,CAH,0.015873015873015872
2025-10-03,CCL,0.015873015873015872
2025-10-03,CME,0.015873015873015872
2025-10-03,CNP,0.015873015873015872
2025-10-03,COF,0.015873015873015872
2025-10-03,COR,0.015873015873015872
2025-10-03,CSCO,0.015873015873015872
2025-10-03,EBAY,0.015873015873015872
2025-10-03,FFIV,0.015873015873015872
2025-10-03,FOX,0.015873015873015872
2025-10-03,FOXA,0.015873015873015872
2025-10-03,GE,0.015873015873015872
2025-10-03,GEV,0.015873015873015872
2025-10-03,GILD,0.015873015873015872
2025-10-03,GL,0.015873015873015872
2025-10-03,GLW,0.015873015873015872
2025-10-03,GOOG,0.015873015873015872
2025-10-03,GOOGL,0.015873015873015872
2025-10-03,GS,0.015873015873015872
2025-10-03,HWM,0.015873015873015872
2025-10-03,JBL,0.015873015873015872
2025-10-03,JCI,0.015873015873015872
2025-10-03,JPM,0.015873015873015872
2025-10-03,L,0.015873015873015872
2025-10-03,LH,0.015873015873015872
2025-10-03,LYV,0.015873015873015872
2025-10-03,MCK,0.015873015873015872
2025-10-03,MO,0.015873015873015872
2025-10-03,MS,0.015873015873015872
2025-10-03,NDAQ,0.015873015873015872
2025-10-03,NFLX,0.015873015873015872
2025-10-03,NRG,0.015873015873015872
2025-10-03,NTRS,0.015873015873015872
2025-10-03,PLTR,0.015873015873015872
2025-10-03,PM,0.015873015873015872
2025-10-03,PODD,0.015873015873015872
2025-10-03,RCL,0.015873015873015872
2025-10-03,RJF,0.015873015873015872
2025-10-03,RL,0.015873015873015872
2025-10-03,RTX,0.015873015873015872
2025-10-03,SCHW,0.015873015873015872
2025-10-03,STX,0.015873015873015872
2025-10-03,SYF,0.015873015873015872
2025-10-03,T,0.015873015873015872
2025-10-03,TDY,0.015873015873015872
2025-10-03,TEL,0.015873015873015872
2025-10-03,TPR,0.015873015873015872
2025-10-03,TTWO,0.015873015873015872
2025-10-03,UAL,0.015873015873015872
2025-10-03,V,0.015873015873015872
2025-10-03,VRSN,0.015873015873015872
2025-10-03,WELL,0.015873015873015872
2025-10-03,WFC,0.015873015873015872
2025-10-03,WRB,0.015873015873015872
2025-10-10,APH,0.015151515151515152
2025-10-10,ATO,0.015151515151515152
2025-10-10,AVGO,0.015151515151515152
2025-10-10,AXON,0.015151515151515152
2025-10-10,AZO,0.015151515151515152
2025-10-10,BA,0.015151515151515152
2025-10-10,BK,0.015151515151515152
2025-10-10,C,0.015151515151515152
2025-10-10,CAH,0.015151515151515152
2025-10-10,CBRE,0.015151515151515152
2025-10-10,CNP,0.015151515151515152
2025-10-10,COF,0.015151515151515152
2025-10-10,COR,0.015151515151515152
2025-10-10,CSCO,0.015151515151515152
2025-10-10,DRI,0.015151515151515152
2025-10-10,EVRG,0.015151515151515152
2025-10-10,FFIV,0.015151515151515152
2025-10-10,FOX,0.015151515151515152
2025-10-10,FOXA,0.015151515151515152
2025-10-10,GE,0.015151515151515152
2025-10-10,GEV,0.015151515151515152
2025-10-10,GILD,0.015151515151515152
2025-10-10,GL,0.015151515151515152
2025-10-10,GLW,0.015151515151515152
2025-10-10,GOOG,0.015151515151515152
2025-10-10,GOOGL,0.015151515151515152
2025-10-10,GS,0.015151515151515152
2025-10-10,HWM,0.015151515151515152
2025-10-10,JBL,0.015151515151515152
2025-10-10,JCI,0.015151515151515152
2025-10-10,JPM,0.015151515151515152
2025-10-10,L,0.015151515151515152
2025-10-10,LH,0.015151515151515152
2025-10-10,LYV,0.015151515151515152
2025-10-10,MCK,0.015151515151515152
2025-10-10,MO,0.015151515151515152
2025-10-10,MS,0.015151515151515152
2025-10-10,NDAQ,0.015151515151515152
2025-10-10,NEM,0.015151515151515152
2025-10-10,NFLX,0.015151515151515152
2025-10-10,NI,0.015151515151515152
2025-10-10,NRG,0.015151515151515152
2025-10-10,NTRS,0.015151515151515152
2025-10-10,ORCL,0.015151515151515152
2025-10-10,PLTR,0.015151515151515152
2025-10-10,PM,0.015151515151515152
2025-10-10,PODD,0.015151515151515152
2025-10-10,RCL,0.015151515151515152
2025-10-10,RJF,0.015151515151515152
2025-10-10,RL,0.015151515151515152
2025-10-10,RTX,0.015151515151515152
2025-10-10,SCHW,0.015151515151515152
2025-10-10,STX,0.015151515151515152
2025-10-10,T,0.015151515151515152
2025-10-10,TDY,0.015151515151515152
2025-10-10,TEL,0.015151515151515152
2025-10-10,TJX,0.015151515151515152
2025-10-10,TPR,0.015151515151515152
2025-10-10,TTWO,0.015151515151515152
2025-10-10,UAL,0.015151515151515152
2025-10-10,VRSN,0.015151515151515152
2025-10-10,WBD,0.015151515151515152
2025-10-10,WELL,0.015151515151515152
2025-10-10,WFC,0.015151515151515152
2025-10-10,WMT,0.015151515151515152
2025-10-10,WRB,0.015151515151515152
2025-10-17,APH,0.01694915254237288
2025-10-17,AVGO,0.01694915254237288
2025-10-17,AXON,0.01694915254237288
2025-10-17,AZO,0.01694915254237288
2025-10-17,BK,0.01694915254237288
2025-10-17,C,0.01694915254237288
2025-10-17,CAH,0.01694915254237288
2025-10-17,CBRE,0.01694915254237288
2025-10-17,CNP,0.01694915254237288
2025-10-17,COF,0.01694915254237288
2025-10-17,CRWD,0.01694915254237288
2025-10-17,DGX,0.01694915254237288
2025-10-17,DLTR,0.01694915254237288
2025-10-17,EBAY,0.01694915254237288
2025-10-17,FFIV,0.01694915254237288
2025-10-17,FOX,0.01694915254237288
2025-10-17,FOXA,0.01694915254237288
2025-10-17,GE,0.01694915254237288
2025-10-17,GEV,0.01694915254237288
2025-10-17,GL,0.01694915254237288
2025-10-17,GLW,0.01694915254237288
2025-10-17,GOOG,0.01694915254237288
2025-10-17,GOOGL,0.01694915254237288
2025-10-17,GRMN,0.01694915254237288
2025-10-17,GS,0.01694915254237288
2025-10-17,HWM,0.01694915254237288
2025-10-17,IDXX,0.01694915254237288
2025-10-17,JBL,0.01694915254237288
2025-10-17,JCI,0.01694915254237288
2025-10-17,JPM,0.01694915254237288
2025-10-17,KLAC,0.01694915254237288
2025-10-17,LH,0.01694915254237288
2025-10-17,LRCX,0.01694915254237288
2025-10-17,LYV,0.01694915254237288
2025-10-17,MCK,0.01694915254237288
2025-10-17,META,0.01694915254237288
2025-10-17,MO,0.01694915254237288
2025-10-17,NFLX,0.01694915254237288
2025-10-17,NRG,0.01694915254237288
2025-10-17,NTRS,0.01694915254237288
2025-10-17,ORCL,0.01694915254237288
2025-10-17,PLTR,0.01694915254237288
2025-10-17,PM,0.01694915254237288
2025-10-17,PODD,0.01694915254237288
2025-10-17,RCL,0.01694915254237288
2025-10-17,RL,0.01694915254237288
2025-10-17,RTX,0.01694915254237288
2025-10-17,STX,0.01694915254237288
2025-10-17,T,0.01694915254237288
2025-10-17,TDY,0.01694915254237288
2025-10-17,TEL,0.01694915254237288
2025-10-17,TPR,0.01694915254237288
2025-10-17,TSLA,0.01694915254237288
2025-10-17,TTWO,0.01694915254237288
2025-10-17,ULTA,0.01694915254237288
2025-10-17,VRSN,0.01694915254237288
2025-10-17,WBD,0.01694915254237288
2025-10-17,WELL,0.01694915254237288
2025-10-17,WMT,0.01694915254237288
2025-10-24,APH,0.01694915254237288
2025-10-24,AVGO,0.01694915254237288
2025-10-24,AXON,0.01694915254237288
2025-10-24,AZO,0.01694915254237288
2025-10-24,BK,0.01694915254237288
2025-10-24,BKNG,0.01694915254237288
2025-10-24,C,0.01694915254237288
2025-10-24,CAH,0.01694915254237288
2025-10-24,CDNS,0.01694915254237288
2025-10-24,CNP,0.01694915254237288
2025-10-24,COF,0.01694915254237288
2025-10-24,COR,0.01694915254237288
2025-10-24,CRWD,0.01694915254237288
2025-10-24,EBAY,0.01694915254237288
2025-10-24,EQT,0.01694915254237288
2025-10-24,EVRG,0.01694915254237288
2025-10-24,FFIV,0.01694915254237288
2025-10-24,FOX,0.01694915254237288
2025-10-24,FOXA,0.01694915254237288
2025-10-24,GE,0.01694915254237288
2025-10-24,GEV,0.01694915254237288
2025-10-24,GL,0.01694915254237288
2025-10-24,GLW,0.01694915254237288
2025-10-24,GOOG,0.01694915254237288
2025-10-24,GOOGL,0.01694915254237288
2025-10-24,GRMN,0.01694915254237288
2025-10-24,GS,0.01694915254237288
2025-10-24,HWM,0.01694915254237288
2025-10-24,JBL,0.01694915254237288
2025-10-24,JCI,0.01694915254237288
2025-10-24,JPM,0.01694915254237288
2025-10-24,KLAC,0.01694915254237288
2025-10-24,L,0.01694915254237288
2025-10-24,LRCX,0.01694915254237288
2025-10-24,LYV,0.01694915254237288
2025-10-24,MCK,0.01694915254237288
2025-10-24,MO,0.01694915254237288
2025-10-24,NEM,0.01694915254237288
2025-10-24,NFLX,0.01694915254237288
2025-10-24,NRG,0.01694915254237288
2025-10-24,ORCL,0.01694915254237288
2025-10-24,PLTR,0.01694915254237288
2025-10-24,RCL,0.01694915254237288
2025-10-24,RL,0.01694915254237288
2025-10-24,ROL,0.01694915254237288
2025-10-24,RTX,0.01694915254237288
2025-10-24,SCHW,0.01694915254237288
2025-10-24,STX,0.01694915254237288
2025-10-24,T,0.01694915254237288
2025-10-24,TEL,0.01694915254237288
2025-10-24,TJX,0.01694915254237288
2025-10-24,TPR,0.01694915254237288
2025-10-24,TTWO,0.01694915254237288
2025-10-24,ULTA,0.01694915254237288
2025-10-24,VRSN,0.01694915254237288
2025-10-24,VST,0.01694915254237288
2025-10-24,WBD,0.01694915254237288
2025-10-24,WELL,0.01694915254237288
2025-10-24,WRB,0.01694915254237288
2025-10-31,ALLE,0.015873015873015872
2025-10-31,APH,0.015873015873015872
2025-10-31,APTV,0.015873015873015872
2025-10-31,ATO,0.015873015873015872
2025-10-31,AVGO,0.015873015873015872
2025-10-31,AXON,0.015873015873015872
2025-10-31,AZO,0.015873015873015872
2025-10-31,BA,0.015873015873015872
2025-10-31,BK,0.015873015873015872
2025-10-31,C,0.015873015873015872
2025-10-31,CAH,0.015873015873015872
2025-10-31,CNP,0.015873015873015872
2025-10-31,COR,0.015873015873015872
2025-10-31,CRWD,0.015873015873015872
2025-10-31,CSCO,0.015873015873015872
2025-10-31,EBAY,0.015873015873015872
2025-10-31,EQT,0.015873015873015872
2025-10-31,EVRG,0.015873015873015872
2025-10-31,FFIV,0.015873015873015872
2025-10-31,FOX,0.015873015873015872
2025-10-31,FOXA,0.015873015873015872
2025-10-31,GE,0.015873015873015872
2025-10-31,GEV,0.015873015873015872
2025-10-31,GL,0.015873015873015872
2025-10-31,GLW,0.015873015873015872
2025-10-31,GOOG,0.015873015873015872
2025-10-31,GOOGL,0.015873015873015872
2025-10-31,GS,0.015873015873015872
2025-10-31,HII,0.015873015873015872
2025-10-31,HWM,0.015873015873015872
2025-10-31,IBM,0.015873015873015872
2025-10-31,IDXX,0.015873015873015872
2025-10-31,JBL,0.015873015873015872
2025-10-31,JCI,0.015873015873015872
2025-10-31,JPM,0.015873015873015872
2025-10-31,KLAC,0.015873015873015872
2025-10-31,L,0.015873015873015872
2025-10-31,LRCX,0.015873015873015872
2025-10-31,MCK,0.015873015873015872
2025-10-31,MNST,0.015873015873015872
2025-10-31,MU,0.015873015873015872
2025-10-31,NEM,0.015873015873015872
2025-10-31,NFLX,0.015873015873015872
2025-10-31,NI,0.015873015873015872
2025-10-31,NRG,0.015873015873015872
2025-10-31,ORCL,0.015873015873015872
2025-10-31,PLTR,0.015873015873015872
2025-10-31,RCL,0.015873015873015872
2025-10-31,RL,0.015873015873015872
2025-10-31,ROL,0.015873015873015872
2025-10-31,RTX,0.015873015873015872
2025-10-31,STX,0.015873015873015872
2025-10-31,TDY,0.015873015873015872
2025-10-31,TEL,0.015873015873015872
2025-10-31,TJX,0.015873015873015872
2025-10-31,TPR,0.015873015873015872
2025-10-31,TTWO,0.015873015873015872
2025-10-31,ULTA,0.015873015873015872
2025-10-31,VRSN,0.015873015873015872
2025-10-31,WBD,0.015873015873015872
2025-10-31,WDC,0.015873015873015872
2025-10-31,WELL,0.015873015873015872
2025-10-31,WRB,0.015873015873015872
2025-11-07,AEE,0.016666666666666666
2025-11-07,AEP,0.016666666666666666
2025-11-07,APH,0.016666666666666666
2025-11-07,APTV,0.016666666666666666
2025-11-07,ATO,0.016666666666666666
2025-11-07,AVGO,0.016666666666666666
2025-11-07,BA,0.016666666666666666
2025-11-07,BK,0.016666666666666666
2025-11-07,C,0.016666666666666666
2025-11-07,CAH,0.016666666666666666
2025-11-07,CME,0.016666666666666666
2025-11-07,CNP,0.016666666666666666
2025-11-07,COR,0.016666666666666666
2025-11-07,CRWD,0.016666666666666666
2025-11-07,DTE,0.016666666666666666
2025-11-07,EBAY,0.016666666666666666
2025-11-07,EVRG,0.016666666666666666
2025-11-07,EXC,0.016666666666666666
2025-11-07,FFIV,0.016666666666666666
2025-11-07,FOXA,0.016666666666666666
2025-11-07,GE,0.016666666666666666
2025-11-07,GEV,0.016666666666666666
2025-11-07,GL,0.016666666666666666
2025-11-07,GLW,0.016666666666666666
2025-11-07,GOOG,0.016666666666666666
2025-11-07,GOOGL,0.016666666666666666
2025-11-07,GS,0.016666666666666666
2025-11-07,HWM,0.016666666666666666
2025-11-07,IBM,0.016666666666666666
2025-11-07,IDXX,0.016666666666666666
2025-11-07,JBL,0.016666666666666666
2025-11-07,JCI,0.016666666666666666
2025-11-07,JNJ,0.016666666666666666
2025-11-07,JPM,0.016666666666666666
2025-11-07,KLAC,0.016666666666666666
2025-11-07,L,0.016666666666666666
2025-11-07,LRCX,0.016666666666666666
2025-11-07,MNST,0.016666666666666666
2025-11-07,MO,0.016666666666666666
2025-11-07,MU,0.016666666666666666
2025-11-07,NEM,0.016666666666666666
2025-11-07,NFLX,0.016666666666666666
2025-11-07,NI,0.016666666666666666
2025-11-07,NRG,0.016666666666666666
2025-11-07,PLTR,0.016666666666666666
2025-11-07,RL,0.016666666666666666
2025-11-07,RTX,0.016666666666666666
2025-11-07,SCHW,0.016666666666666666
2025-11-07,STX,0.016666666666666666
2025-11-07,TEL,0.016666666666666666
2025-11-07,TPR,0.016666666666666666
2025-11-07,TTWO,0.016666666666666666
2025-11-07,ULTA,0.016666666666666666
2025-11-07,VRSN,0.016666666666666666
2025-11-07,WBD,0.016666666666666666
2025-11-07,WDC,0.016666666666666666
2025-11-07,WEC,0.016666666666666666
2025-11-07,WELL,0.016666666666666666
2025-11-07,WRB,0.016666666666666666
2025-11-07,XEL,0.016666666666666666
2025-11-14,AEE,0.018518518518518517
2025-11-14,AEP,0.018518518518518517
2025-11-14,ALLE,0.018518518518518517
2025-11-14,AMD,0.018518518518518517
2025-11-14,APH,0.018518518518518517
2025-11-14,APTV,0.018518518518518517
2025-11-14,ATO,0.018518518518518517
2025-11-14,AVGO,0.018518518518518517
2025-11-14,AZO,0.018518518518518517
2025-11-14,BA,0.018518518518518517
2025-11-14,BK,0.018518518518518517
2025-11-14,C,0.018518518518518517
2025-11-14,CAH,0.018518518518518517
2025-11-14,CAT,0.018518518518518517
2025-11-14,CEG,0.018518518518518517
2025-11-14,CNP,0.018518518518518517
2025-11-14,COR,0.018518518518518517
2025-11-14,EBAY,0.018518518518518517
2025-11-14,EVRG,0.018518518518518517
2025-11-14,EXC,0.018518518518518517
2025-11-14,GE,0.018518518518518517
2025-11-14,GEV,0.018518518518518517
2025-11-14,GLW,0.018518518518518517
2025-11-14,GOOG,0.018518518518518517
2025-11-14,GOOGL,0.018518518518518517
2025-11-14,HWM,0.018518518518518517
2025-11-14,IDXX,0.018518518518518517
2025-11-14,JBL,0.018518518518518517
2025-11-14,JNJ,0.018518518518518517
2025-11-14,KLAC,0.018518518518518517
2025-11-14,LRCX,0.018518518518518517
2025-11-14,MNST,0.018518518518518517
2025-11-14,MPWR,0.018518518518518517
2025-11-14,MU,0.018518518518518517
2025-11-14,NEM,0.018518518518518517
2025-11-14,NFLX,0.018518518518518517
2025-11-14,NI,0.018518518518518517
2025-11-14,NRG,0.018518518518518517
2025-11-14,ORCL,0.018518518518518517
2025-11-14,PLTR,0.018518518518518517
2025-11-14,RL,0.018518518518518517
2025-11-14,RTX,0.018518518518518517
2025-11-14,SMCI,0.018518518518518517
2025-11-14,STX,0.018518518518518517
2025-11-14,TEL,0.018518518518518517
2025-11-14,TPR,0.018518518518518517
2025-11-14,TTWO,0.018518518518518517
2025-11-14,ULTA,0.018518518518518517
2025-11-14,WBD,0.018518518518518517
2025-11-14,WDC,0.018518518518518517
2025-11-14,WEC,0.018518518518518517
2025-11-14,WELL,0.018518518518518517
2025-11-14,WMT,0.018518518518518517
2025-11-14,WRB,0.018518518518518517
2025-11-21,ABBV,0.015873015873015872
2025-11-21,AEP,0.015873015873015872
2025-11-21,AMD,0.015873015873015872
2025-11-21,APH,0.015873015873015872
2025-11-21,APTV,0.015873015873015872
2025-11-21,ATO,0.015873015873015872
2025-11-21,AVGO,0.015873015873015872
2025-11-21,AZO,0.015873015873015872
2025-11-21,BA,0.015873015873015872
2025-11-21,BK,0.015873015873015872
2025-11-21,C,0.015873015873015872
2025-11-21,CAH,0.015873015873015872
2025-11-21,CAT,0.015873015873015872
2025-11-21,CME,0.015873015873015872
2025-11-21,CNP,0.015873015873015872
2025-11-21,COR,0.015873015873015872
2025-11-21,CRWD,0.015873015873015872
2025-11-21,CSCO,0.015873015873015872
2025-11-21,CVS,0.015873015873015872
2025-11-21,DG,0.015873015873015872
2025-11-21,DLTR,0.015873015873015872
2025-11-21,EBAY,0.015873015873015872
2025-11-21,EVRG,0.015873015873015872
2025-11-21,EXC,0.015873015873015872
2025-11-21,GD,0.015873015873015872
2025-11-21,GE,0.015873015873015872
2025-11-21,GEV,0.015873015873015872
2025-11-21,GILD,0.015873015873015872
2025-11-21,GL,0.015873015873015872
2025-11-21,GLW,0.015873015873015872
2025-11-21,GOOG,0.015873015873015872
2025-11-21,GOOGL,0.015873015873015872
2025-11-21,HCA,0.015873015873015872
2025-11-21,HII,0.015873015873015872
2025-11-21,HWM,0.015873015873015872
2025-11-21,IDXX,0.015873015873015872
2025-11-21,JBL,0.015873015873015872
2025-11-21,JCI,0.015873015873015872
2025-11-21,JNJ,0.015873015873015872
2025-11-21,KLAC,0.015873015873015872
2025-11-21,L,0.015873015873015872
2025-11-21,LRCX,0.015873015873015872
2025-11-21,MMM,0.015873015873015872
2025-11-21,MNST,0.015873015873015872
2025-11-21,MPWR,0.015873015873015872
2025-11-21,MSFT,0.015873015873015872
2025-11-21,MU,0.015873015873015872
2025-11-21,NEM,0.015873015873015872
2025-11-21,NRG,0.015873015873015872
2025-11-21,PLTR,0.015873015873015872
2025-11-21,RL,0.015873015873015872
2025-11-21,RTX,0.015873015873015872
2025-11-21,STX,0.015873015873015872
2025-11-21,TEL,0.015873015873015872
2025-11-21,TJX,0.015873015873015872
2025-11-21,TPR,0.015873015873015872
2025-11-21,TTWO,0.015873015873015872
2025-11-21,ULTA,0.015873015873015872
2025-11-21,WBD,0.015873015873015872
2025-11-21,WDC,0.015873015873015872
2025-11-21,WEC,0.015873015873015872
2025-11-21,WELL,0.015873015873015872
2025-11-21,WRB,0.015873015873015872
2025-11-28,AEP,0.018867924528301886
2025-11-28,AMD,0.018867924528301886
2025-11-28,APH,0.018867924528301886
2025-11-28,APTV,0.018867924528301886
2025-11-28,AVGO,0.018867924528301886
2025-11-28,BK,0.018867924528301886
2025-11-28,C,0.018867924528301886
2025-11-28,CAH,0.018867924528301886
2025-11-28,CAT,0.018867924528301886
2025-11-28,CHRW,0.018867924528301886
2025-11-28,CNP,0.018867924528301886
2025-11-28,COR,0.018867924528301886
2025-11-28,CRWD,0.018867924528301886
2025-11-28,CSCO,0.018867924528301886
2025-11-28,EVRG,0.018867924528301886
2025-11-28,EXC,0.018867924528301886
2025-11-28,FOX,0.018867924528301886
2025-11-28,FOXA,0.018867924528301886
2025-11-28,GD,0.018867924528301886
2025-11-28,GE,0.018867924528301886
2025-11-28,GEV,0.018867924528301886
2025-11-28,GLW,0.018867924528301886
2025-11-28,GOOG,0.018867924528301886
2025-11-28,GOOGL,0.018867924528301886
2025-11-28,HCA,0.018867924528301886
2025-11-28,HII,0.018867924528301886
2025-11-28,HWM,0.018867924528301886
2025-11-28,IBM,0.018867924528301886
2025-11-28,IDXX,0.018867924528301886
2025-11-28,INTC,0.018867924528301886
2025-11-28,JBL,0.018867924528301886
2025-11-28,JCI,0.018867924528301886
2025-11-28,JNJ,0.018867924528301886
2025-11-28,KLAC,0.018867924528301886
2025-11-28,LRCX,0.018867924528301886
2025-11-28,MCK,0.018867924528301886
2025-11-28,MPWR,0.018867924528301886
2025-11-28,MSFT,0.018867924528301886
2025-11-28,MU,0.018867924528301886
2025-11-28,NEM,0.018867924528301886
2025-11-28,NRG,0.018867924528301886
2025-11-28,NVDA,0.018867924528301886
2025-11-28,PLTR,0.018867924528301886
2025-11-28,RL,0.018867924528301886
2025-11-28,RTX,0.018867924528301886
2025-11-28,STX,0.018867924528301886
2025-11-28,TEL,0.018867924528301886
2025-11-28,TER,0.018867924528301886
2025-11-28,TPR,0.018867924528301886
2025-11-28,TTWO,0.018867924528301886
2025-11-28,WBD,0.018867924528301886
2025-11-28,WDC,0.018867924528301886
2025-11-28,WELL,0.018867924528301886
2025-12-05,AEP,0.02040816326530612
2025-12-05,AMD,0.02040816326530612
2025-12-05,APH,0.02040816326530612
2025-12-05,APTV,0.02040816326530612
2025-12-05,ATO,0.02040816326530612
2025-12-05,AVGO,0.02040816326530612
2025-12-05,BK,0.02040816326530612
2025-12-05,C,0.02040816326530612
2025-12-05,CAH,0.02040816326530612
2025-12-05,CAT,0.02040816326530612
2025-12-05,CNP,0.02040816326530612
2025-12-05,COR,0.02040816326530612
2025-12-05,EVRG,0.02040816326530612
2025-12-05,EXC,0.02040816326530612
2025-12-05,FOX,0.02040816326530612
2025-12-05,FOXA,0.02040816326530612
2025-12-05,GD,0.02040816326530612
2025-12-05,GE,0.02040816326530612
2025-12-05,GEV,0.02040816326530612
2025-12-05,GLW,0.02040816326530612
2025-12-05,GOOG,0.02040816326530612
2025-12-05,GOOGL,0.02040816326530612
2025-12-05,HCA,0.02040816326530612
2025-12-05,HII,0.02040816326530612
2025-12-05,HWM,0.02040816326530612
2025-12-05,IDXX,0.02040816326530612
2025-12-05,INTC,0.02040816326530612
2025-12-05,JBL,0.02040816326530612
2025-12-05,JCI,0.02040816326530612
2025-12-05,JNJ,0.02040816326530612
2025-12-05,KLAC,0.02040816326530612
2025-12-05,LRCX,0.02040816326530612
2025-12-05,MCK,0.02040816326530612
2025-12-05,MPWR,0.02040816326530612
2025-12-05,MU,0.02040816326530612
2025-12-05,NEM,0.02040816326530612
2025-12-05,NRG,0.02040816326530612
2025-12-05,PLTR,0.02040816326530612
2025-12-05,ROL,0.02040816326530612
2025-12-05,RTX,0.02040816326530612
2025-12-05,STX,0.02040816326530612
2025-12-05,TEL,0.02040816326530612
2025-12-05,TER,0.02040816326530612
2025-12-05,TPR,0.02040816326530612
2025-12-05,TTWO,0.02040816326530612
2025-12-05,UBER,0.02040816326530612
2025-12-05,WBD,0.02040816326530612
2025-12-05,WDC,0.02040816326530612
2025-12-05,WELL,0.02040816326530612
2025-12-12,ABBV,0.01818181818181818
2025-12-12,AEP,0.01818181818181818
2025-12-12,AMD,0.01818181818181818
2025-12-12,APH,0.01818181818181818
2025-12-12,ATO,0.01818181818181818
2025-12-12,AVGO,0.01818181818181818
2025-12-12,BK,0.01818181818181818
2025-12-12,C,0.01818181818181818
2025-12-12,CAH,0.01818181818181818
2025-12-12,CAT,0.01818181818181818
2025-12-12,CBOE,0.01818181818181818
2025-12-12,CNP,0.01818181818181818
2025-12-12,COR,0.01818181818181818
2025-12-12,CSCO,0.01818181818181818
2025-12-12,CVS,0.01818181818181818
2025-12-12,EVRG,0.01818181818181818
2025-12-12,EXC,0.01818181818181818
2025-12-12,FOXA,0.01818181818181818
2025-12-12,GD,0.01818181818181818
2025-12-12,GE,0.01818181818181818
2025-12-12,GEV,0.01818181818181818
2025-12-12,GILD,0.01818181818181818
2025-12-12,GL,0.01818181818181818
2025-12-12,GLW,0.01818181818181818
2025-12-12,GOOG,0.01818181818181818
2025-12-12,GOOGL,0.01818181818181818
2025-12-12,GS,0.01818181818181818
2025-12-12,HCA,0.01818181818181818
2025-12-12,HII,0.01818181818181818
2025-12-12,HWM,0.01818181818181818
2025-12-12,IDXX,0.01818181818181818
2025-12-12,INCY,0.01818181818181818
2025-12-12,JBL,0.01818181818181818
2025-12-12,JCI,0.01818181818181818
2025-12-12,JNJ,0.01818181818181818
2025-12-12,KLAC,0.01818181818181818
2025-12-12,L,0.01818181818181818
2025-12-12,LHX,0.01818181818181818
2025-12-12,LRCX,0.01818181818181818
2025-12-12,MCK,0.01818181818181818
2025-12-12,MNST,0.01818181818181818
2025-12-12,MU,0.01818181818181818
2025-12-12,NEM,0.01818181818181818
2025-12-12,NRG,0.01818181818181818
2025-12-12,PLTR,0.01818181818181818
2025-12-12,RL,0.01818181818181818
2025-12-12,RTX,0.01818181818181818
2025-12-12,STX,0.01818181818181818
2025-12-12,TEL,0.01818181818181818
2025-12-12,TPR,0.01818181818181818
2025-12-12,UBER,0.01818181818181818
2025-12-12,VTR,0.01818181818181818
2025-12-12,WDC,0.01818181818181818
2025-12-12,WELL,0.01818181818181818
2025-12-12,WRB,0.01818181818181818
2025-12-19,AEP,0.021739130434782608
2025-12-19,APH,0.021739130434782608
2025-12-19,ATO,0.021739130434782608
2025-12-19,BK,0.021739130434782608
2025-12-19,C,0.021739130434782608
2025-12-19,CAH,0.021739130434782608
2025-12-19,CAT,0.021739130434782608
2025-12-19,CBOE,0.021739130434782608
2025-12-19,CNP,0.021739130434782608
2025-12-19,COR,0.021739130434782608
2025-12-19,CSCO,0.021739130434782608
2025-12-19,CVS,0.021739130434782608
2025-12-19,EVRG,0.021739130434782608
2025-12-19,GD,0.021739130434782608
2025-12-19,GE,0.021739130434782608
2025-12-19,GEV,0.021739130434782608
2025-12-19,GLW,0.021739130434782608
2025-12-19,GOOG,0.021739130434782608
2025-12-19,GOOGL,0.021739130434782608
2025-12-19,HCA,0.021739130434782608
2025-12-19,HII,0.021739130434782608
2025-12-19,HWM,0.021739130434782608
2025-12-19,IDXX,0.021739130434782608
2025-12-19,INCY,0.021739130434782608
2025-12-19,JCI,0.021739130434782608
2025-12-19,JNJ,0.021739130434782608
2025-12-19,KLAC,0.021739130434782608
2025-12-19,L,0.021739130434782608
2025-12-19,LHX,0.021739130434782608
2025-12-19,LRCX,0.021739130434782608
2025-12-19,MCK,0.021739130434782608
2025-12-19,MNST,0.021739130434782608
2025-12-19,MU,0.021739130434782608
2025-12-19,NEM,0.021739130434782608
2025-12-19,NRG,0.021739130434782608
2025-12-19,PLTR,0.021739130434782608
2025-12-19,ROL,0.021739130434782608
2025-12-19,RTX,0.021739130434782608
2025-12-19,STX,0.021739130434782608
2025-12-19,TEL,0.021739130434782608
2025-12-19,TPR,0.021739130434782608
2025-12-19,VTR,0.021739130434782608
2025-12-19,WBD,0.021739130434782608
2025-12-19,WDC,0.021739130434782608
2025-12-19,WELL,0.021739130434782608
2025-12-19,WRB,0.021739130434782608
2025-12-26,AEP,0.017857142857142856
2025-12-26,APH,0.017857142857142856
2025-12-26,ATO,0.017857142857142856
2025-12-26,BK,0.017857142857142856
2025-12-26,C,0.017857142857142856
2025-12-26,CAH,0.017857142857142856
2025-12-26,CAT,0.017857142857142856
2025-12-26,CBOE,0.017857142857142856
2025-12-26,CHRW,0.017857142857142856
2025-12-26,CMI,0.017857142857142856
2025-12-26,CNP,0.017857142857142856
2025-12-26,COR,0.017857142857142856
2025-12-26,CVS,0.017857142857142856
2025-12-26,EVRG,0.017857142857142856
2025-12-26,EXC,0.017857142857142856
2025-12-26,EXPD,0.017857142857142856
2025-12-26,GD,0.017857142857142856
2025-12-26,GE,0.017857142857142856
2025-12-26,GEV,0.017857142857142856
2025-12-26,GILD,0.017857142857142856
2025-12-26,GLW,0.017857142857142856
2025-12-26,GOOG,0.017857142857142856
2025-12-26,GOOGL,0.017857142857142856
2025-12-26,GS,0.017857142857142856
2025-12-26,HCA,0.017857142857142856
2025-12-26,HII,0.017857142857142856
2025-12-26,HWM,0.017857142857142856
2025-12-26,IDXX,0.017857142857142856
2025-12-26,INCY,0.017857142857142856
2025-12-26,JCI,0.017857142857142856
2025-12-26,JNJ,0.017857142857142856
2025-12-26,KLAC,0.017857142857142856
2025-12-26,L,0.017857142857142856
2025-12-26,LHX,0.017857142857142856
2025-12-26,LRCX,0.017857142857142856
2025-12-26,MCK,0.017857142857142856
2025-12-26,MDT,0.017857142857142856
2025-12-26,MNST,0.017857142857142856
2025-12-26,MU,0.017857142857142856
2025-12-26,NEM,0.017857142857142856
2025-12-26,NRG,0.017857142857142856
2025-12-26,PLTR,0.017857142857142856
2025-12-26,RL,0.017857142857142856
2025-12-26,ROL,0.017857142857142856
2025-12-26,RTX,0.017857142857142856
2025-12-26,STLD,0.017857142857142856
2025-12-26,STX,0.017857142857142856
2025-12-26,TEL,0.017857142857142856
2025-12-26,TJX,0.017857142857142856
2025-12-26,TPR,0.017857142857142856
2025-12-26,VTR,0.017857142857142856
2025-12-26,WBD,0.017857142857142856
2025-12-26,WDC,0.017857142857142856
2025-12-26,WEC,0.017857142857142856
2025-12-26,WELL,0.017857142857142856
2025-12-26,WRB,0.017857142857142856
2026-01-02,AEP,0.017857142857142856
2026-01-02,AMAT,0.017857142857142856
2026-01-02,APH,0.017857142857142856
2026-01-02,ATO,0.017857142857142856
2026-01-02,BK,0.017857142857142856
2026-01-02,C,0.017857142857142856
2026-01-02,CAH,0.017857142857142856
2026-01-02,CAT,0.017857142857142856
2026-01-02,CBOE,0.017857142857142856
2026-01-02,CHRW,0.017857142857142856
2026-01-02,CMI,0.017857142857142856
2026-01-02,CNP,0.017857142857142856
2026-01-02,COR,0.017857142857142856
2026-01-02,CSCO,0.017857142857142856
2026-01-02,CVS,0.017857142857142856
2026-01-02,DG,0.017857142857142856
2026-01-02,EXPD,0.017857142857142856
2026-01-02,GD,0.017857142857142856
2026-01-02,GE,0.017857142857142856
2026-01-02,GEV,0.017857142857142856
2026-01-02,GLW,0.017857142857142856
2026-01-02,GM,0.017857142857142856
2026-01-02,GOOG,0.017857142857142856
2026-01-02,GOOGL,0.017857142857142856
2026-01-02,GS,0.017857142857142856
2026-01-02,HCA,0.017857142857142856
2026-01-02,HII,0.017857142857142856
2026-01-02,HWM,0.017857142857142856
2026-01-02,IDXX,0.017857142857142856
2026-01-02,INTC,0.017857142857142856
2026-01-02,JCI,0.017857142857142856
2026-01-02,JNJ,0.017857142857142856
2026-01-02,KLAC,0.017857142857142856
2026-01-02,L,0.017857142857142856
2026-01-02,LHX,0.017857142857142856
2026-01-02,LRCX,0.017857142857142856
2026-01-02,MCK,0.017857142857142856
2026-01-02,MNST,0.017857142857142856
2026-01-02,MS,0.017857142857142856
2026-01-02,MU,0.017857142857142856
2026-01-02,NEM,0.017857142857142856
2026-01-02,NRG,0.017857142857142856
2026-01-02,PH,0.017857142857142856
2026-01-02,PLTR,0.017857142857142856
2026-01-02,RL,0.017857142857142856
2026-01-02,ROL,0.017857142857142856
2026-01-02,RTX,0.017857142857142856
2026-01-02,STLD,0.017857142857142856
2026-01-02,STX,0.017857142857142856
2026-01-02,TEL,0.017857142857142856
2026-01-02,TPR,0.017857142857142856
2026-01-02,TTWO,0.017857142857142856
2026-01-02,VTR,0.017857142857142856
2026-01-02,WBD,0.017857142857142856
2026-01-02,WDC,0.017857142857142856
2026-01-02,WELL,0.017857142857142856
2026-01-09,AEP,0.016666666666666666
2026-01-09,APH,0.016666666666666666
2026-01-09,AVGO,0.016666666666666666
2026-01-09,BK,0.016666666666666666
2026-01-09,C,0.016666666666666666
2026-01-09,CAH,0.016666666666666666
2026-01-09,CAT,0.016666666666666666
2026-01-09,CBOE,0.016666666666666666
2026-01-09,CHRW,0.016666666666666666
2026-01-09,CMI,0.016666666666666666
2026-01-09,COR,0.016666666666666666
2026-01-09,CSCO,0.016666666666666666
2026-01-09,CVS,0.016666666666666666
2026-01-09,DG,0.016666666666666666
2026-01-09,DLTR,0.016666666666666666
2026-01-09,EXPD,0.016666666666666666
2026-01-09,F,0.016666666666666666
2026-01-09,FOXA,0.016666666666666666
2026-01-09,GD,0.016666666666666666
2026-01-09,GE,0.016666666666666666
2026-01-09,GEV,0.016666666666666666
2026-01-09,GILD,0.016666666666666666
2026-01-09,GLW,0.016666666666666666
2026-01-09,GM,0.016666666666666666
2026-01-09,GOOG,0.016666666666666666
2026-01-09,GOOGL,0.016666666666666666
2026-01-09,GS,0.016666666666666666
2026-01-09,HCA,0.016666666666666666
2026-01-09,HII,0.016666666666666666
2026-01-09,HWM,0.016666666666666666
2026-01-09,IDXX,0.016666666666666666
2026-01-09,INTC,0.016666666666666666
2026-01-09,JCI,0.016666666666666666
2026-01-09,JNJ,0.016666666666666666
2026-01-09,KLAC,0.016666666666666666
2026-01-09,L,0.016666666666666666
2026-01-09,LHX,0.016666666666666666
2026-01-09,LRCX,0.016666666666666666
2026-01-09,MCK,0.016666666666666666
2026-01-09,MNST,0.016666666666666666
2026-01-09,MS,0.016666666666666666
2026-01-09,MU,0.016666666666666666
2026-01-09,NEM,0.016666666666666666
2026-01-09,NRG,0.016666666666666666
2026-01-09,PH,0.016666666666666666
2026-01-09,PLTR,0.016666666666666666
2026-01-09,PWR,0.016666666666666666
2026-01-09,ROK,0.016666666666666666
2026-01-09,ROL,0.016666666666666666
2026-01-09,RTX,0.016666666666666666
2026-01-09,SCHW,0.016666666666666666
2026-01-09,STLD,0.016666666666666666
2026-01-09,STX,0.016666666666666666
2026-01-09,TEL,0.016666666666666666
2026-01-09,TJX,0.016666666666666666
2026-01-09,TPR,0.016666666666666666
2026-01-09,VTR,0.016666666666666666
2026-01-09,WBD,0.016666666666666666
2026-01-09,WDC,0.016666666666666666
2026-01-09,WELL,0.016666666666666666
2026-01-16,APH,0.017543859649122806
2026-01-16,BK,0.017543859649122806
2026-01-16,C,0.017543859649122806
2026-01-16,CAH,0.017543859649122806
2026-01-16,CAT,0.017543859649122806
2026-01-16,CBOE,0.017543859649122806
2026-01-16,CHRW,0.017543859649122806
2026-01-16,CMI,0.017543859649122806
2026-01-16,COR,0.017543859649122806
2026-01-16,CSCO,0.017543859649122806
2026-01-16,CVS,0.017543859649122806
2026-01-16,DG,0.017543859649122806
2026-01-16,DLTR,0.017543859649122806
2026-01-16,EXPD,0.017543859649122806
2026-01-16,FOX,0.017543859649122806
2026-01-16,FOXA,0.017543859649122806
2026-01-16,GD,0.017543859649122806
2026-01-16,GE,0.017543859649122806
2026-01-16,GEV,0.017543859649122806
2026-01-16,GLW,0.017543859649122806
2026-01-16,GM,0.017543859649122806
2026-01-16,GOOG,0.017543859649122806
2026-01-16,GOOGL,0.017543859649122806
2026-01-16,GS,0.017543859649122806
2026-01-16,HCA,0.017543859649122806
2026-01-16,HIG,0.017543859649122806
2026-01-16,HII,0.017543859649122806
2026-01-16,HWM,0.017543859649122806
2026-01-16,IDXX,0.017543859649122806
2026-01-16,INTC,0.017543859649122806
2026-01-16,IVZ,0.017543859649122806
2026-01-16,JCI,0.017543859649122806
2026-01-16,JNJ,0.017543859649122806
2026-01-16,KLAC,0.017543859649122806
2026-01-16,L,0.017543859649122806
2026-01-16,LHX,0.017543859649122806
2026-01-16,LRCX,0.017543859649122806
2026-01-16,MCK,0.017543859649122806
2026-01-16,MNST,0.017543859649122806
2026-01-16,MU,0.017543859649122806
2026-01-16,NEM,0.017543859649122806
2026-01-16,PLTR,0.017543859649122806
2026-01-16,RL,0.017543859649122806
2026-01-16,ROL,0.017543859649122806
2026-01-16,RTX,0.017543859649122806
2026-01-16,SCHW,0.017543859649122806
2026-01-16,STLD,0.017543859649122806
2026-01-16,STX,0.017543859649122806
2026-01-16,TEL,0.017543859649122806
2026-01-16,TJX,0.017543859649122806
2026-01-16,TPR,0.017543859649122806
2026-01-16,TTWO,0.017543859649122806
2026-01-16,ULTA,0.017543859649122806
2026-01-16,VTR,0.017543859649122806
2026-01-16,WBD,0.017543859649122806
2026-01-16,WDC,0.017543859649122806
2026-01-16,WELL,0.017543859649122806
2026-01-23,ABBV,0.01694915254237288
2026-01-23,APH,0.01694915254237288
2026-01-23,ATO,0.01694915254237288
2026-01-23,BK,0.01694915254237288
2026-01-23,C,0.01694915254237288
2026-01-23,CAH,0.01694915254237288
2026-01-23,CAT,0.01694915254237288
2026-01-23,CBOE,0.01694915254237288
2026-01-23,CHRW,0.01694915254237288
2026-01-23,CMI,0.01694915254237288
2026-01-23,COR,0.01694915254237288
2026-01-23,CVS,0.01694915254237288
2026-01-23,DG,0.01694915254237288
2026-01-23,DLTR,0.01694915254237288
2026-01-23,EA,0.01694915254237288
2026-01-23,EXPD,0.01694915254237288
2026-01-23,EXPE,0.01694915254237288
2026-01-23,FOX,0.01694915254237288
2026-01-23,FOXA,0.01694915254237288
2026-01-23,GD,0.01694915254237288
2026-01-23,GE,0.01694915254237288
2026-01-23,GILD,0.01694915254237288
2026-01-23,GLW,0.01694915254237288
2026-01-23,GM,0.01694915254237288
2026-01-23,GOOG,0.01694915254237288
2026-01-23,GOOGL,0.01694915254237288
2026-01-23,GS,0.01694915254237288
2026-01-23,HCA,0.01694915254237288
2026-01-23,HIG,0.01694915254237288
2026-01-23,HII,0.01694915254237288
2026-01-23,HWM,0.01694915254237288
2026-01-23,IDXX,0.01694915254237288
2026-01-23,IVZ,0.01694915254237288
2026-01-23,JCI,0.01694915254237288
2026-01-23,JNJ,0.01694915254237288
2026-01-23,KLAC,0.01694915254237288
2026-01-23,L,0.01694915254237288
2026-01-23,LHX,0.01694915254237288
2026-01-23,LRCX,0.01694915254237288
2026-01-23,MCK,0.01694915254237288
2026-01-23,MNST,0.01694915254237288
2026-01-23,MU,0.01694915254237288
2026-01-23,NEM,0.01694915254237288
2026-01-23,PLTR,0.01694915254237288
2026-01-23,ROL,0.01694915254237288
2026-01-23,RTX,0.01694915254237288
2026-01-23,STLD,0.01694915254237288
2026-01-23,STT,0.01694915254237288
2026-01-23,STX,0.01694915254237288
2026-01-23,TEL,0.01694915254237288
2026-01-23,TJX,0.01694915254237288
2026-01-23,TPR,0.01694915254237288
2026-01-23,TRV,0.01694915254237288
2026-01-23,TTWO,0.01694915254237288
2026-01-23,ULTA,0.01694915254237288
2026-01-23,VTR,0.01694915254237288
2026-01-23,WBD,0.01694915254237288
2026-01-23,WDC,0.01694915254237288
2026-01-23,WELL,0.01694915254237288
2026-01-30,AMD,0.01818181818181818
2026-01-30,APH,0.01818181818181818
2026-01-30,BK,0.01818181818181818
2026-01-30,C,0.01818181818181818
2026-01-30,CAH,0.01818181818181818
2026-01-30,CAT,0.01818181818181818
2026-01-30,CHRW,0.01818181818181818
2026-01-30,CMI,0.01818181818181818
2026-01-30,COR,0.01818181818181818
2026-01-30,CSCO,0.01818181818181818
2026-01-30,DG,0.01818181818181818
2026-01-30,DLTR,0.01818181818181818
2026-01-30,EA,0.01818181818181818
2026-01-30,EXPD,0.01818181818181818
2026-01-30,EXPE,0.01818181818181818
2026-01-30,FOX,0.01818181818181818
2026-01-30,FOXA,0.01818181818181818
2026-01-30,GD,0.01818181818181818
2026-01-30,GE,0.01818181818181818
2026-01-30,GEV,0.01818181818181818
2026-01-30,GLW,0.01818181818181818
2026-01-30,GM,0.01818181818181818
2026-01-30,GOOG,0.01818181818181818
2026-01-30,GOOGL,0.01818181818181818
2026-01-30,HCA,0.01818181818181818
2026-01-30,HIG,0.01818181818181818
2026-01-30,HII,0.01818181818181818
2026-01-30,HWM,0.01818181818181818
2026-01-30,IDXX,0.01818181818181818
2026-01-30,INTC,0.01818181818181818
2026-01-30,JCI,0.01818181818181818
2026-01-30,JNJ,0.01818181818181818
2026-01-30,KLAC,0.01818181818181818
2026-01-30,L,0.01818181818181818
2026-01-30,LHX,0.01818181818181818
2026-01-30,LRCX,0.01818181818181818
2026-01-30,MCK,0.01818181818181818
2026-01-30,MNST,0.01818181818181818
2026-01-30,MU,0.01818181818181818
2026-01-30,NEM,0.01818181818181818
2026-01-30,PLTR,0.01818181818181818
2026-01-30,ROK,0.01818181818181818
2026-01-30,ROL,0.01818181818181818
2026-01-30,RTX,0.01818181818181818
2026-01-30,STX,0.01818181818181818
2026-01-30,TEL,0.01818181818181818
2026-01-30,TER,0.01818181818181818
2026-01-30,TJX,0.01818181818181818
2026-01-30,TPR,0.01818181818181818
2026-01-30,TTWO,0.01818181818181818
2026-01-30,ULTA,0.01818181818181818
2026-01-30,VTR,0.01818181818181818
2026-01-30,WBD,0.01818181818181818
2026-01-30,WDC,0.01818181818181818
2026-01-30,WELL,0.01818181818181818
2026-02-06,ADM,0.01694915254237288
2026-02-06,ALB,0.01694915254237288
2026-02-06,ALLE,0.01694915254237288
2026-02-06,AMD,0.01694915254237288
2026-02-06,APH,0.01694915254237288
2026-02-06,BK,0.01694915254237288
2026-02-06,C,0.01694915254237288
2026-02-06,CAH,0.01694915254237288
2026-02-06,CAT,0.01694915254237288
2026-02-06,CBOE,0.01694915254237288
2026-02-06,CHRW,0.01694915254237288
2026-02-06,CMI,0.01694915254237288
2026-02-06,COR,0.01694915254237288
2026-02-06,CVS,0.01694915254237288
2026-02-06,DG,0.01694915254237288
2026-02-06,DLTR,0.01694915254237288
2026-02-06,EA,0.01694915254237288
2026-02-06,EL,0.01694915254237288
2026-02-06,EXPD,0.01694915254237288
2026-02-06,EXPE,0.01694915254237288
2026-02-06,F,0.01694915254237288
2026-02-06,FOXA,0.01694915254237288
2026-02-06,GD,0.01694915254237288
2026-02-06,GE,0.01694915254237288
2026-02-06,GEV,0.01694915254237288
2026-02-06,GLW,0.01694915254237288
2026-02-06,GM,0.01694915254237288
2026-02-06,GOOG,0.01694915254237288
2026-02-06,GOOGL,0.01694915254237288
2026-02-06,GS,0.01694915254237288
2026-02-06,HAS,0.01694915254237288
2026-02-06,HCA,0.01694915254237288
2026-02-06,HII,0.01694915254237288
2026-02-06,HWM,0.01694915254237288
2026-02-06,IDXX,0.01694915254237288
2026-02-06,INTC,0.01694915254237288
2026-02-06,JNJ,0.01694915254237288
2026-02-06,KLAC,0.01694915254237288
2026-02-06,L,0.01694915254237288
2026-02-06,LDOS,0.01694915254237288
2026-02-06,LHX,0.01694915254237288
2026-02-06,LRCX,0.01694915254237288
2026-02-06,MCK,0.01694915254237288
2026-02-06,MNST,0.01694915254237288
2026-02-06,MU,0.01694915254237288
2026-02-06,NEM,0.01694915254237288
2026-02-06,ROK,0.01694915254237288
2026-02-06,RTX,0.01694915254237288
2026-02-06,STX,0.01694915254237288
2026-02-06,TEL,0.01694915254237288
2026-02-06,TER,0.01694915254237288
2026-02-06,TJX,0.01694915254237288
2026-02-06,TPR,0.01694915254237288
2026-02-06,TTWO,0.01694915254237288
2026-02-06,ULTA,0.01694915254237288
2026-02-06,VTR,0.01694915254237288
2026-02-06,WBD,0.01694915254237288
2026-02-06,WDC,0.01694915254237288
2026-02-06,WELL,0.01694915254237288
2026-02-13,ADM,0.015384615384615385
2026-02-13,ALB,0.015384615384615385
2026-02-13,AMAT,0.015384615384615385
2026-02-13,AMCR,0.015384615384615385
2026-02-13,AMD,0.015384615384615385
2026-02-13,APH,0.015384615384615385
2026-02-13,BG,0.015384615384615385
2026-02-13,BK,0.015384615384615385
2026-02-13,C,0.015384615384615385
2026-02-13,CAH,0.015384615384615385
2026-02-13,CAT,0.015384615384615385
2026-02-13,CBOE,0.015384615384615385
2026-02-13,CHRW,0.015384615384615385
2026-02-13,CMI,0.015384615384615385
2026-02-13,COR,0.015384615384615385
2026-02-13,DG,0.015384615384615385
2026-02-13,DLTR,0.015384615384615385
2026-02-13,EA,0.015384615384615385
2026-02-13,EL,0.015384615384615385
2026-02-13,EXPD,0.015384615384615385
2026-02-13,F,0.015384615384615385
2026-02-13,GD,0.015384615384615385
2026-02-13,GE,0.015384615384615385
2026-02-13,GEV,0.015384615384615385
2026-02-13,GLW,0.015384615384615385
2026-02-13,GM,0.015384615384615385
2026-02-13,GOOG,0.015384615384615385
2026-02-13,GOOGL,0.015384615384615385
2026-02-13,GS,0.015384615384615385
2026-02-13,HAS,0.015384615384615385
2026-02-13,HCA,0.015384615384615385
2026-02-13,HII,0.015384615384615385
2026-02-13,HWM,0.015384615384615385
2026-02-13,IDXX,0.015384615384615385
2026-02-13,INCY,0.015384615384615385
2026-02-13,INTC,0.015384615384615385
2026-02-13,IVZ,0.015384615384615385
2026-02-13,JNJ,0.015384615384615385
2026-02-13,KLAC,0.015384615384615385
2026-02-13,L,0.015384615384615385
2026-02-13,LDOS,0.015384615384615385
2026-02-13,LHX,0.015384615384615385
2026-02-13,LMT,0.015384615384615385
2026-02-13,LRCX,0.015384615384615385
2026-02-13,MCK,0.015384615384615385
2026-02-13,MNST,0.015384615384615385
2026-02-13,MS,0.015384615384615385
2026-02-13,MU,0.015384615384615385
2026-02-13,NEM,0.015384615384615385
2026-02-13,NOC,0.015384615384615385
2026-02-13,PH,0.015384615384615385
2026-02-13,PWR,0.015384615384615385
2026-02-13,ROL,0.015384615384615385
2026-02-13,ROST,0.015384615384615385
2026-02-13,RTX,0.015384615384615385
2026-02-13,SCHW,0.015384615384615385
2026-02-13,STT,0.015384615384615385
2026-02-13,STX,0.015384615384615385
2026-02-13,TEL,0.015384615384615385
2026-02-13,TER,0.015384615384615385
2026-02-13,TJX,0.015384615384615385
2026-02-13,TPR,0.015384615384615385
2026-02-13,ULTA,0.015384615384615385
2026-02-13,WBD,0.015384615384615385
2026-02-13,WDC,0.015384615384615385
2026-02-20,ADM,0.015873015873015872
2026-02-20,ALB,0.015873015873015872
2026-02-20,ALLE,0.015873015873015872
2026-02-20,AMAT,0.015873015873015872
2026-02-20,AMCR,0.015873015873015872
2026-02-20,AMD,0.015873015873015872
2026-02-20,APH,0.015873015873015872
2026-02-20,BG,0.015873015873015872
2026-02-20,BK,0.015873015873015872
2026-02-20,C,0.015873015873015872
2026-02-20,CAH,0.015873015873015872
2026-02-20,CAT,0.015873015873015872
2026-02-20,CBOE,0.015873015873015872
2026-02-20,CHRW,0.015873015873015872
2026-02-20,CMI,0.015873015873015872
2026-02-20,COR,0.015873015873015872
2026-02-20,DG,0.015873015873015872
2026-02-20,DLTR,0.015873015873015872
2026-02-20,EA,0.015873015873015872
2026-02-20,EL,0.015873015873015872
2026-02-20,EXPD,0.015873015873015872
2026-02-20,F,0.015873015873015872
2026-02-20,GD,0.015873015873015872
2026-02-20,GE,0.015873015873015872
2026-02-20,GEV,0.015873015873015872
2026-02-20,GLW,0.015873015873015872
2026-02-20,GM,0.015873015873015872
2026-02-20,GOOG,0.015873015873015872
2026-02-20,GOOGL,0.015873015873015872
2026-02-20,GS,0.015873015873015872
2026-02-20,HCA,0.015873015873015872
2026-02-20,HII,0.015873015873015872
2026-02-20,HWM,0.015873015873015872
2026-02-20,IDXX,0.015873015873015872
2026-02-20,INCY,0.015873015873015872
2026-02-20,INTC,0.015873015873015872
2026-02-20,IVZ,0.015873015873015872
2026-02-20,JNJ,0.015873015873015872
2026-02-20,KLAC,0.015873015873015872
2026-02-20,L,0.015873015873015872
2026-02-20,LDOS,0.015873015873015872
2026-02-20,LHX,0.015873015873015872
2026-02-20,LMT,0.015873015873015872
2026-02-20,LRCX,0.015873015873015872
2026-02-20,MCK,0.015873015873015872
2026-02-20,MLM,0.015873015873015872
2026-02-20,MNST,0.015873015873015872
2026-02-20,MU,0.015873015873015872
2026-02-20,NEM,0.015873015873015872
2026-02-20,NOC,0.015873015873015872
2026-02-20,PH,0.015873015873015872
2026-02-20,PWR,0.015873015873015872
2026-02-20,ROL,0.015873015873015872
2026-02-20,RTX,0.015873015873015872
2026-02-20,SCHW,0.015873015873015872
2026-02-20,STX,0.015873015873015872
2026-02-20,TEL,0.015873015873015872
2026-02-20,TER,0.015873015873015872
2026-02-20,TJX,0.015873015873015872
2026-02-20,TXT,0.015873015873015872
2026-02-20,ULTA,0.015873015873015872
2026-02-20,WBD,0.015873015873015872
2026-02-20,WDC,0.015873015873015872
2026-02-27,ADM,0.01639344262295082
2026-02-27,ALB,0.01639344262295082
2026-02-27,AMAT,0.01639344262295082
2026-02-27,AMCR,0.01639344262295082
2026-02-27,AMD,0.01639344262295082
2026-02-27,APH,0.01639344262295082
2026-02-27,BG,0.01639344262295082
2026-02-27,BK,0.01639344262295082
2026-02-27,C,0.01639344262295082
2026-02-27,CAH,0.01639344262295082
2026-02-27,CAT,0.01639344262295082
2026-02-27,CHRW,0.01639344262295082
2026-02-27,CMI,0.01639344262295082
2026-02-27,COR,0.01639344262295082
2026-02-27,DG,0.01639344262295082
2026-02-27,EA,0.01639344262295082
2026-02-27,EBAY,0.01639344262295082
2026-02-27,EXPD,0.01639344262295082
2026-02-27,F,0.01639344262295082
2026-02-27,FCX,0.01639344262295082
2026-02-27,FE,0.01639344262295082
2026-02-27,GD,0.01639344262295082
2026-02-27,GE,0.01639344262295082
2026-02-27,GEV,0.01639344262295082
2026-02-27,GLW,0.01639344262295082
2026-02-27,GM,0.01639344262295082
2026-02-27,GOOG,0.01639344262295082
2026-02-27,GOOGL,0.01639344262295082
2026-02-27,GS,0.01639344262295082
2026-02-27,HCA,0.01639344262295082
2026-02-27,HII,0.01639344262295082
2026-02-27,HWM,0.01639344262295082
2026-02-27,INTC,0.01639344262295082
2026-02-27,IVZ,0.01639344262295082
2026-02-27,JCI,0.01639344262295082
2026-02-27,JNJ,0.01639344262295082
2026-02-27,KLAC,0.01639344262295082
2026-02-27,LDOS,0.01639344262295082
2026-02-27,LHX,0.01639344262295082
2026-02-27,LMT,0.01639344262295082
2026-02-27,LRCX,0.01639344262295082
2026-02-27,MCK,0.01639344262295082
2026-02-27,MLM,0.01639344262295082
2026-02-27,MNST,0.01639344262295082
2026-02-27,MPWR,0.01639344262295082
2026-02-27,MS,0.01639344262295082
2026-02-27,MU,0.01639344262295082
2026-02-27,NEM,0.01639344262295082
2026-02-27,NOC,0.01639344262295082
2026-02-27,NVDA,0.01639344262295082
2026-02-27,PH,0.01639344262295082
2026-02-27,PWR,0.01639344262295082
2026-02-27,ROK,0.01639344262295082
2026-02-27,RTX,0.01639344262295082
2026-02-27,SCHW,0.01639344262295082
2026-02-27,STX,0.01639344262295082
2026-02-27,TEL,0.01639344262295082
2026-02-27,TER,0.01639344262295082
2026-02-27,ULTA,0.01639344262295082
2026-02-27,WBD,0.01639344262295082
2026-02-27,WDC,0.01639344262295082
2026-03-06,ALB,0.016129032258064516
2026-03-06,ALLE,0.016129032258064516
2026-03-06,AMAT,0.016129032258064516
2026-03-06,AMCR,0.016129032258064516
2026-03-06,APH,0.016129032258064516
2026-03-06,BK,0.016129032258064516
2026-03-06,C,0.016129032258064516
2026-03-06,CAH,0.016129032258064516
2026-03-06,CAT,0.016129032258064516
2026-03-06,CFG,0.016129032258064516
2026-03-06,CHRW,0.016129032258064516
2026-03-06,CMI,0.016129032258064516
2026-03-06,COR,0.016129032258064516
2026-03-06,DG,0.016129032258064516
2026-03-06,DLTR,0.016129032258064516
2026-03-06,EA,0.016129032258064516
2026-03-06,F,0.016129032258064516
2026-03-06,GD,0.016129032258064516
2026-03-06,GE,0.016129032258064516
2026-03-06,GEV,0.016129032258064516
2026-03-06,GLW,0.016129032258064516
2026-03-06,GM,0.016129032258064516
2026-03-06,GOOG,0.016129032258064516
2026-03-06,GOOGL,0.016129032258064516
2026-03-06,GS,0.016129032258064516
2026-03-06,HCA,0.016129032258064516
2026-03-06,HII,0.016129032258064516
2026-03-06,HWM,0.016129032258064516
2026-03-06,INTC,0.016129032258064516
2026-03-06,JBL,0.016129032258064516
2026-03-06,JCI,0.016129032258064516
2026-03-06,JNJ,0.016129032258064516
2026-03-06,KLAC,0.016129032258064516
2026-03-06,L,0.016129032258064516
2026-03-06,LDOS,0.016129032258064516
2026-03-06,LHX,0.016129032258064516
2026-03-06,LRCX,0.016129032258064516
2026-03-06,LUV,0.016129032258064516
2026-03-06,MCK,0.016129032258064516
2026-03-06,MLM,0.016129032258064516
2026-03-06,MNST,0.016129032258064516
2026-03-06,MPWR,0.016129032258064516
2026-03-06,MS,0.016129032258064516
2026-03-06,MU,0.016129032258064516
2026-03-06,NDSN,0.016129032258064516
2026-03-06,NEM,0.016129032258064516
2026-03-06,NOC,0.016129032258064516
2026-03-06,PH,0.016129032258064516
2026-03-06,PWR,0.016129032258064516
2026-03-06,ROL,0.016129032258064516
2026-03-06,RTX,0.016129032258064516
2026-03-06,SCHW,0.016129032258064516
2026-03-06,STLD,0.016129032258064516
2026-03-06,STT,0.016129032258064516
2026-03-06,STX,0.016129032258064516
2026-03-06,TER,0.016129032258064516
2026-03-06,TJX,0.016129032258064516
2026-03-06,TPR,0.016129032258064516
2026-03-06,ULTA,0.016129032258064516
2026-03-06,VMC,0.016129032258064516
2026-03-06,WBD,0.016129032258064516
2026-03-06,WDC,0.016129032258064516
2026-03-13,ALB,0.015873015873015872
2026-03-13,ALLE,0.015873015873015872
2026-03-13,AMAT,0.015873015873015872
2026-03-13,AMCR,0.015873015873015872
2026-03-13,APH,0.015873015873015872
2026-03-13,BG,0.015873015873015872
2026-03-13,BK,0.015873015873015872
2026-03-13,C,0.015873015873015872
2026-03-13,CAH,0.015873015873015872
2026-03-13,CAT,0.015873015873015872
2026-03-13,CFG,0.015873015873015872
2026-03-13,CHRW,0.015873015873015872
2026-03-13,CMI,0.015873015873015872
2026-03-13,COR,0.015873015873015872
2026-03-13,DG,0.015873015873015872
2026-03-13,DLTR,0.015873015873015872
2026-03-13,GD,0.015873015873015872
2026-03-13,GE,0.015873015873015872
2026-03-13,GEV,0.015873015873015872
2026-03-13,GLW,0.015873015873015872
2026-03-13,GM,0.015873015873015872
2026-03-13,GOOG,0.015873015873015872
2026-03-13,GOOGL,0.015873015873015872
2026-03-13,GS,0.015873015873015872
2026-03-13,HAS,0.015873015873015872
2026-03-13,HCA,0.015873015873015872
2026-03-13,HII,0.015873015873015872
2026-03-13,HUBB,0.015873015873015872
2026-03-13,HWM,0.015873015873015872
2026-03-13,JBL,0.015873015873015872
2026-03-13,JCI,0.015873015873015872
2026-03-13,JNJ,0.015873015873015872
2026-03-13,KLAC,0.015873015873015872
2026-03-13,L,0.015873015873015872
2026-03-13,LHX,0.015873015873015872
2026-03-13,LRCX,0.015873015873015872
2026-03-13,MLM,0.015873015873015872
2026-03-13,MNST,0.015873015873015872
2026-03-13,MPWR,0.015873015873015872
2026-03-13,MU,0.015873015873015872
2026-03-13,NDSN,0.015873015873015872
2026-03-13,NEM,0.015873015873015872
2026-03-13,NSC,0.015873015873015872
2026-03-13,NTRS,0.015873015873015872
2026-03-13,PH,0.015873015873015872
2026-03-13,PWR,0.015873015873015872
2026-03-13,RL,0.015873015873015872
2026-03-13,ROST,0.015873015873015872
2026-03-13,RTX,0.015873015873015872
2026-03-13,STLD,0.015873015873015872
2026-03-13,STT,0.015873015873015872
2026-03-13,STX,0.015873015873015872
2026-03-13,TER,0.015873015873015872
2026-03-13,TJX,0.015873015873015872
2026-03-13,TPR,0.015873015873015872
2026-03-13,ULTA,0.015873015873015872
2026-03-13,VMC,0.015873015873015872
2026-03-13,VTRS,0.015873015873015872
2026-03-13,WAB,0.015873015873015872
2026-03-13,WBD,0.015873015873015872
2026-03-13,WDC,0.015873015873015872
2026-03-13,WELL,0.015873015873015872
2026-03-13,WMT,0.015873015873015872
2026-03-20,ADI,0.016129032258064516
2026-03-20,ADM,0.016129032258064516
2026-03-20,ALB,0.016129032258064516
2026-03-20,AMAT,0.016129032258064516
2026-03-20,AMCR,0.016129032258064516
2026-03-20,APH,0.016129032258064516
2026-03-20,BG,0.016129032258064516
2026-03-20,BK,0.016129032258064516
2026-03-20,C,0.016129032258064516
2026-03-20,CAH,0.016129032258064516
2026-03-20,CAT,0.016129032258064516
2026-03-20,CFG,0.016129032258064516
2026-03-20,CHRW,0.016129032258064516
2026-03-20,CMI,0.016129032258064516
2026-03-20,DG,0.016129032258064516
2026-03-20,DLTR,0.016129032258064516
2026-03-20,FDX,0.016129032258064516
2026-03-20,GD,0.016129032258064516
2026-03-20,GE,0.016129032258064516
2026-03-20,GEV,0.016129032258064516
2026-03-20,GLW,0.016129032258064516
2026-03-20,GM,0.016129032258064516
2026-03-20,GOOG,0.016129032258064516
2026-03-20,GOOGL,0.016129032258064516
2026-03-20,GS,0.016129032258064516
2026-03-20,HAS,0.016129032258064516
2026-03-20,HCA,0.016129032258064516
2026-03-20,HII,0.016129032258064516
2026-03-20,HUBB,0.016129032258064516
2026-03-20,HWM,0.016129032258064516
2026-03-20,INCY,0.016129032258064516
2026-03-20,JBL,0.016129032258064516
2026-03-20,JCI,0.016129032258064516
2026-03-20,JNJ,0.016129032258064516
2026-03-20,KLAC,0.016129032258064516
2026-03-20,LHX,0.016129032258064516
2026-03-20,LMT,0.016129032258064516
2026-03-20,LRCX,0.016129032258064516
2026-03-20,MLM,0.016129032258064516
2026-03-20,MNST,0.016129032258064516
2026-03-20,MPWR,0.016129032258064516
2026-03-20,MU,0.016129032258064516
2026-03-20,NDSN,0.016129032258064516
2026-03-20,NEM,0.016129032258064516
2026-03-20,NOC,0.016129032258064516
2026-03-20,NSC,0.016129032258064516
2026-03-20,PH,0.016129032258064516
2026-03-20,PWR,0.016129032258064516
2026-03-20,RL,0.016129032258064516
2026-03-20,ROST,0.016129032258064516
2026-03-20,RTX,0.016129032258064516
2026-03-20,STLD,0.016129032258064516
2026-03-20,STX,0.016129032258064516
2026-03-20,TER,0.016129032258064516
2026-03-20,TJX,0.016129032258064516
2026-03-20,TPR,0.016129032258064516
2026-03-20,ULTA,0.016129032258064516
2026-03-20,WAB,0.016129032258064516
2026-03-20,WBD,0.016129032258064516
2026-03-20,WDC,0.016129032258064516
2026-03-20,WELL,0.016129032258064516
2026-03-20,WMT,0.016129032258064516
2026-03-27,ADI,0.015625
2026-03-27,ALB,0.015625
2026-03-27,AMAT,0.015625
2026-03-27,AMCR,0.015625
2026-03-27,AME,0.015625
2026-03-27,APH,0.015625
2026-03-27,BK,0.015625
2026-03-27,C,0.015625
2026-03-27,CAH,0.015625
2026-03-27,CAT,0.015625
2026-03-27,CFG,0.015625
2026-03-27,CHRW,0.015625
2026-03-27,CMI,0.015625
2026-03-27,CSX,0.015625
2026-03-27,DG,0.015625
2026-03-27,FDX,0.015625
2026-03-27,FE,0.015625
2026-03-27,GD,0.015625
2026-03-27,GE,0.015625
2026-03-27,GEV,0.015625
2026-03-27,GLW,0.015625
2026-03-27,GM,0.015625
2026-03-27,GOOG,0.015625
2026-03-27,GOOGL,0.015625
2026-03-27,GS,0.015625
2026-03-27,HAS,0.015625
2026-03-27,HCA,0.015625
2026-03-27,HII,0.015625
2026-03-27,HUBB,0.015625
2026-03-27,HWM,0.015625
2026-03-27,INCY,0.015625
2026-03-27,JBL,0.015625
2026-03-27,JCI,0.015625
2026-03-27,JNJ,0.015625
2026-03-27,KEYS,0.015625
2026-03-27,KLAC,0.015625
2026-03-27,LHX,0.015625
2026-03-27,LMT,0.015625
2026-03-27,LRCX,0.015625
2026-03-27,MLM,0.015625
2026-03-27,MNST,0.015625
2026-03-27,MPWR,0.015625
2026-03-27,MU,0.015625
2026-03-27,NDSN,0.015625
2026-03-27,NEM,0.015625
2026-03-27,NRG,0.015625
2026-03-27,NSC,0.015625
2026-03-27,PH,0.015625
2026-03-27,PWR,0.015625
2026-03-27,RL,0.015625
2026-03-27,ROST,0.015625
2026-03-27,RTX,0.015625
2026-03-27,SRE,0.015625
2026-03-27,STLD,0.015625
2026-03-27,STX,0.015625
2026-03-27,TER,0.015625
2026-03-27,TPR,0.015625
2026-03-27,ULTA,0.015625
2026-03-27,VTRS,0.015625
2026-03-27,WAB,0.015625
2026-03-27,WBD,0.015625
2026-03-27,WDC,0.015625
2026-03-27,WELL,0.015625
2026-03-27,WMT,0.015625
2026-04-03,ADI,0.017857142857142856
2026-04-03,ALB,0.017857142857142856
2026-04-03,AMAT,0.017857142857142856
2026-04-03,AMCR,0.017857142857142856
2026-04-03,AME,0.017857142857142856
2026-04-03,APH,0.017857142857142856
2026-04-03,AVGO,0.017857142857142856
2026-04-03,BK,0.017857142857142856
2026-04-03,C,0.017857142857142856
2026-04-03,CAT,0.017857142857142856
2026-04-03,CFG,0.017857142857142856
2026-04-03,CHRW,0.017857142857142856
2026-04-03,CMI,0.017857142857142856
2026-04-03,CSX,0.017857142857142856
2026-04-03,FDX,0.017857142857142856
2026-04-03,GD,0.017857142857142856
2026-04-03,GE,0.017857142857142856
2026-04-03,GEV,0.017857142857142856
2026-04-03,GLW,0.017857142857142856
2026-04-03,GM,0.017857142857142856
2026-04-03,GOOG,0.017857142857142856
2026-04-03,GOOGL,0.017857142857142856
2026-04-03,GS,0.017857142857142856
2026-04-03,HAS,0.017857142857142856
2026-04-03,HCA,0.017857142857142856
2026-04-03,HII,0.017857142857142856
2026-04-03,HWM,0.017857142857142856
2026-04-03,JBL,0.017857142857142856
2026-04-03,JCI,0.017857142857142856
2026-04-03,JNJ,0.017857142857142856
2026-04-03,KEYS,0.017857142857142856
2026-04-03,KLAC,0.017857142857142856
2026-04-03,LHX,0.017857142857142856
2026-04-03,LRCX,0.017857142857142856
2026-04-03,MPWR,0.017857142857142856
2026-04-03,MU,0.017857142857142856
2026-04-03,NDSN,0.017857142857142856
2026-04-03,NEM,0.017857142857142856
2026-04-03,NSC,0.017857142857142856
2026-04-03,NTRS,0.017857142857142856
2026-04-03,NVDA,0.017857142857142856
2026-04-03,PH,0.017857142857142856
2026-04-03,PWR,0.017857142857142856
2026-04-03,RL,0.017857142857142856
2026-04-03,ROST,0.017857142857142856
2026-04-03,RTX,0.017857142857142856
2026-04-03,STLD,0.017857142857142856
2026-04-03,STX,0.017857142857142856
2026-04-03,TER,0.017857142857142856
2026-04-03,TPR,0.017857142857142856
2026-04-03,ULTA,0.017857142857142856
2026-04-03,VLO,0.017857142857142856
2026-04-03,VTRS,0.017857142857142856
2026-04-03,WAB,0.017857142857142856
2026-04-03,WBD,0.017857142857142856
2026-04-03,WDC,0.017857142857142856
2026-04-10,ADM,0.01987817986613317
2026-04-10,ALB,0.01987817986613317
2026-04-10,AMAT,0.01987817986613317
2026-04-10,AMCR,0.01987817986613317
2026-04-10,APA,0.01987817986613317
2026-04-10,APH,0.01987817986613317
2026-04-10,BK,0.01987817986613317
2026-04-10,C,0.01987817986613317
2026-04-10,CAH,0.01987817986613317
2026-04-10,CAT,0.01987817986613317
2026-04-10,CF,0.01987817986613317
2026-04-10,CHRW,0.01987817986613317
2026-04-10,CMI,0.01987817986613317
2026-04-10,FDX,0.01987817986613317
2026-04-10,GE,0.01987817986613317
2026-04-10,GEV,0.01987817986613317
2026-04-10,GLW,0.01987817986613317
2026-04-10,GOOG,0.01987817986613317
2026-04-10,GOOGL,0.01987817986613317
2026-04-10,HAS,0.01987817986613317
2026-04-10,HCA,0.01987817986613317
2026-04-10,HII,0.01987817986613317
2026-04-10,HWM,0.01987817986613317
2026-04-10,INTC,0.01987817986613317
2026-04-10,JBL,0.01987817986613317
2026-04-10,JCI,0.01987817986613317
2026-04-10,JNJ,0.01987817986613317
2026-04-10,KEYS,0.01987817986613317
2026-04-10,KLAC,0.01987817986613317
2026-04-10,LHX,0.01987817986613317
2026-04-10,LRCX,0.01987817986613317
2026-04-10,MPC,0.01987817986613317
2026-04-10,MPWR,0.01987817986613317
2026-04-10,MU,0.01987817986613317
2026-04-10,NEM,0.01987817986613317
2026-04-10,PH,0.01987817986613317
2026-04-10,PWR,0.01987817986613317
2026-04-10,RTX,0.01987817986613317
2026-04-10,STT,0.01987817986613317
2026-04-10,STX,0.01987817986613317
2026-04-10,TER,0.01987817986613317
2026-04-10,TPR,0.01987817986613317
2026-04-10,ULTA,0.01987817986613317
2026-04-10,VLO,0.01987817986613317
2026-04-10,VTRS,0.01987817986613317
2026-04-10,WBD,0.01987817986613317
2026-04-10,WDC,0.01987817986613317
2026-04-17,ADI,0.022562208462703365
2026-04-17,ALB,0.022562208462703365
2026-04-17,AMAT,0.022562208462703365
2026-04-17,AMCR,0.022562208462703365
2026-04-17,AMD,0.022562208462703365
2026-04-17,APA,0.022562208462703365
2026-04-17,APH,0.022562208462703365
2026-04-17,BK,0.022562208462703365
2026-04-17,C,0.022562208462703365
2026-04-17,CAT,0.022562208462703365
2026-04-17,CHRW,0.022562208462703365
2026-04-17,CMI,0.022562208462703365
2026-04-17,FDX,0.022562208462703365
2026-04-17,GEV,0.022562208462703365
2026-04-17,GLW,0.022562208462703365
2026-04-17,GOOG,0.022562208462703365
2026-04-17,GOOGL,0.022562208462703365
2026-04-17,HAS,0.022562208462703365
2026-04-17,HII,0.022562208462703365
2026-04-17,HWM,0.022562208462703365
2026-04-17,INTC,0.022562208462703365
2026-04-17,JBL,0.022562208462703365
2026-04-17,JCI,0.022562208462703365
2026-04-17,JNJ,0.022562208462703365
2026-04-17,KEYS,0.022562208462703365
2026-04-17,KLAC,0.022562208462703365
2026-04-17,LHX,0.022562208462703365
2026-04-17,LRCX,0.022562208462703365
2026-04-17,MPC,0.022562208462703365
2026-04-17,MPWR,0.022562208462703365
2026-04-17,MU,0.022562208462703365
2026-04-17,NDSN,0.022562208462703365
2026-04-17,NTRS,0.022562208462703365
2026-04-17,PH,0.022562208462703365
2026-04-17,PWR,0.022562208462703365
2026-04-17,ROST,0.022562208462703365
2026-04-17,RTX,0.022562208462703365
2026-04-17,STX,0.022562208462703365
2026-04-17,TER,0.022562208462703365
2026-04-17,TPR,0.022562208462703365
2026-04-17,VLO,0.022562208462703365
2026-04-17,VTRS,0.022562208462703365
2026-04-17,WBD,0.022562208462703365
2026-04-17,WDC,0.022562208462703365
2026-04-24,ALB,0.02158128443910979
2026-04-24,AMAT,0.02158128443910979
2026-04-24,AMCR,0.02158128443910979
2026-04-24,AMD,0.02158128443910979
2026-04-24,APA,0.02158128443910979
2026-04-24,BK,0.02158128443910979
2026-04-24,BKR,0.02158128443910979
2026-04-24,C,0.02158128443910979
2026-04-24,CAT,0.02158128443910979
2026-04-24,CFG,0.02158128443910979
2026-04-24,CHRW,0.02158128443910979
2026-04-24,CMI,0.02158128443910979
2026-04-24,CVX,0.02158128443910979
2026-04-24,FDX,0.02158128443910979
2026-04-24,GEV,0.02158128443910979
2026-04-24,GLW,0.02158128443910979
2026-04-24,GM,0.02158128443910979
2026-04-24,GOOG,0.02158128443910979
2026-04-24,GOOGL,0.02158128443910979
2026-04-24,HII,0.02158128443910979
2026-04-24,HWM,0.02158128443910979
2026-04-24,INTC,0.02158128443910979
2026-04-24,JBL,0.02158128443910979
2026-04-24,JCI,0.02158128443910979
2026-04-24,JNJ,0.02158128443910979
2026-04-24,KEYS,0.02158128443910979
2026-04-24,KLAC,0.02158128443910979
2026-04-24,LHX,0.02158128443910979
2026-04-24,LRCX,0.02158128443910979
2026-04-24,MPC,0.02158128443910979
2026-04-24,MPWR,0.02158128443910979
2026-04-24,MU,0.02158128443910979
2026-04-24,NDSN,0.02158128443910979
2026-04-24,NTRS,0.02158128443910979
2026-04-24,PH,0.02158128443910979
2026-04-24,PWR,0.02158128443910979
2026-04-24,ROST,0.02158128443910979
2026-04-24,RTX,0.02158128443910979
2026-04-24,STX,0.02158128443910979
2026-04-24,TER,0.02158128443910979
2026-04-24,TPR,0.02158128443910979
2026-04-24,VLO,0.02158128443910979
2026-04-24,WBD,0.02158128443910979
2026-04-24,WDC,0.02158128443910979
2026-04-24,XOM,0.02158128443910979
2026-05-01,ALB,0.021101414457016004
2026-05-01,AMAT,0.021101414457016004
2026-05-01,AMCR,0.021101414457016004
2026-05-01,AMD,0.021101414457016004
2026-05-01,APA,0.021101414457016004
2026-05-01,BK,0.021101414457016004
2026-05-01,C,0.021101414457016004
2026-05-01,CAT,0.021101414457016004
2026-05-01,CFG,0.021101414457016004
2026-05-01,CHRW,0.021101414457016004
2026-05-01,CMI,0.021101414457016004
2026-05-01,CSX,0.021101414457016004
2026-05-01,CVX,0.021101414457016004
2026-05-01,FDX,0.021101414457016004
2026-05-01,GEV,0.021101414457016004
2026-05-01,GLW,0.021101414457016004
2026-05-01,GOOG,0.021101414457016004
2026-05-01,GOOGL,0.021101414457016004
2026-05-01,HAL,0.021101414457016004
2026-05-01,HII,0.021101414457016004
2026-05-01,INTC,0.021101414457016004
2026-05-01,JBL,0.021101414457016004
2026-05-01,JCI,0.021101414457016004
2026-05-01,JNJ,0.021101414457016004
2026-05-01,KEYS,0.021101414457016004
2026-05-01,KLAC,0.021101414457016004
2026-05-01,LHX,0.021101414457016004
2026-05-01,LRCX,0.021101414457016004
2026-05-01,MPC,0.021101414457016004
2026-05-01,MPWR,0.021101414457016004
2026-05-01,MU,0.021101414457016004
2026-05-01,NEM,0.021101414457016004
2026-05-01,NTRS,0.021101414457016004
2026-05-01,PH,0.021101414457016004
2026-05-01,PWR,0.021101414457016004
2026-05-01,ROST,0.021101414457016004
2026-05-01,RTX,0.021101414457016004
2026-05-01,STT,0.021101414457016004
2026-05-01,STX,0.021101414457016004
2026-05-01,TER,0.021101414457016004
2026-05-01,TPR,0.021101414457016004
2026-05-01,VLO,0.021101414457016004
2026-05-01,WBD,0.021101414457016004
2026-05-01,WDC,0.021101414457016004
2026-05-01,XOM,0.021101414457016004
2026-05-08,ADI,0.019073064540271308
2026-05-08,ALB,0.019073064540271308
2026-05-08,AMAT,0.019073064540271308
2026-05-08,AMCR,0.019073064540271308
2026-05-08,AMD,0.019073064540271308
2026-05-08,AME,0.019073064540271308
2026-05-08,APA,0.019073064540271308
2026-05-08,BK,0.019073064540271308
2026-05-08,BKR,0.019073064540271308
2026-05-08,C,0.019073064540271308
2026-05-08,CAT,0.019073064540271308
2026-05-08,CFG,0.019073064540271308
2026-05-08,CHRW,0.019073064540271308
2026-05-08,CMI,0.019073064540271308
2026-05-08,CSX,0.019073064540271308
2026-05-08,CVX,0.019073064540271308
2026-05-08,ETR,0.019073064540271308
2026-05-08,FDX,0.019073064540271308
2026-05-08,GEV,0.019073064540271308
2026-05-08,GLW,0.019073064540271308
2026-05-08,GOOG,0.019073064540271308
2026-05-08,GOOGL,0.019073064540271308
2026-05-08,GS,0.019073064540271308
2026-05-08,HAL,0.019073064540271308
2026-05-08,HII,0.019073064540271308
2026-05-08,INCY,0.019073064540271308
2026-05-08,INTC,0.019073064540271308
2026-05-08,JBL,0.019073064540271308
2026-05-08,JCI,0.019073064540271308
2026-05-08,JNJ,0.019073064540271308
2026-05-08,KEYS,0.019073064540271308
2026-05-08,KLAC,0.019073064540271308
2026-05-08,LHX,0.019073064540271308
2026-05-08,LRCX,0.019073064540271308
2026-05-08,MPWR,0.019073064540271308
2026-05-08,MU,0.019073064540271308
2026-05-08,NDSN,0.019073064540271308
2026-05-08,NEM,0.019073064540271308
2026-05-08,NTRS,0.019073064540271308
2026-05-08,NUE,0.019073064540271308
2026-05-08,PH,0.019073064540271308
2026-05-08,PWR,0.019073064540271308
2026-05-08,ROST,0.019073064540271308
2026-05-08,RTX,0.019073064540271308
2026-05-08,STT,0.019073064540271308
2026-05-08,STX,0.019073064540271308
2026-05-08,TER,0.019073064540271308
2026-05-08,TPR,0.019073064540271308
2026-05-08,VLO,0.019073064540271308
2026-05-08,WBD,0.019073064540271308
2026-05-08,WDC,0.019073064540271308
2026-05-08,XOM,0.019073064540271308
2026-05-15,AEP,0.01934251151741529
2026-05-15,ALB,0.01934251151741529
2026-05-15,AMAT,0.01934251151741529
2026-05-15,AMCR,0.01934251151741529
2026-05-15,AMD,0.01934251151741529
2026-05-15,APA,0.01934251151741529
2026-05-15,APH,0.01934251151741529
2026-05-15,BK,0.01934251151741529
2026-05-15,C,0.01934251151741529
2026-05-15,CAT,0.01934251151741529
2026-05-15,CBOE,0.01934251151741529
2026-05-15,CFG,0.01934251151741529
2026-05-15,CHRW,0.01934251151741529
2026-05-15,CMI,0.01934251151741529
2026-05-15,ETR,0.01934251151741529
2026-05-15,FDX,0.01934251151741529
2026-05-15,GEV,0.01934251151741529
2026-05-15,GLW,0.01934251151741529
2026-05-15,GOOG,0.01934251151741529
2026-05-15,GOOGL,0.01934251151741529
2026-05-15,HAL,0.01934251151741529
2026-05-15,HII,0.01934251151741529
2026-05-15,INCY,0.01934251151741529
2026-05-15,INTC,0.01934251151741529
2026-05-15,JBL,0.01934251151741529
2026-05-15,JNJ,0.01934251151741529
2026-05-15,KEYS,0.01934251151741529
2026-05-15,KLAC,0.01934251151741529
2026-05-15,LHX,0.01934251151741529
2026-05-15,LRCX,0.01934251151741529
2026-05-15,MPWR,0.01934251151741529
2026-05-15,MRNA,0.01934251151741529
2026-05-15,MU,0.01934251151741529
2026-05-15,NDSN,0.01934251151741529
2026-05-15,NEM,0.01934251151741529
2026-05-15,NTRS,0.01934251151741529
2026-05-15,NUE,0.01934251151741529
2026-05-15,PH,0.01934251151741529
2026-05-15,PWR,0.01934251151741529
2026-05-15,ROST,0.01934251151741529
2026-05-15,RTX,0.01934251151741529
2026-05-15,STT,0.01934251151741529
2026-05-15,STX,0.01934251151741529
2026-05-15,TER,0.01934251151741529
2026-05-15,TPR,0.01934251151741529
2026-05-15,VLO,0.01934251151741529
2026-05-15,VTR,0.01934251151741529
2026-05-15,WBD,0.01934251151741529
2026-05-15,WDC,0.01934251151741529
2026-05-15,WELL,0.01934251151741529
2026-05-15,XOM,0.01934251151741529
2026-05-22,ADI,0.018569029098669712
2026-05-22,AEP,0.018569029098669712
2026-05-22,ALB,0.018569029098669712
2026-05-22,AMAT,0.018569029098669712
2026-05-22,AMCR,0.018569029098669712
2026-05-22,AMD,0.018569029098669712
2026-05-22,APA,0.018569029098669712
2026-05-22,APH,0.018569029098669712
2026-05-22,BKR,0.018569029098669712
2026-05-22,C,0.018569029098669712
2026-05-22,CAT,0.018569029098669712
2026-05-22,CFG,0.018569029098669712
2026-05-22,CHRW,0.018569029098669712
2026-05-22,CMI,0.018569029098669712
2026-05-22,CSX,0.018569029098669712
2026-05-22,CVX,0.018569029098669712
2026-05-22,ETR,0.018569029098669712
2026-05-22,FDX,0.018569029098669712
2026-05-22,GEV,0.018569029098669712
2026-05-22,GLW,0.018569029098669712
2026-05-22,GOOG,0.018569029098669712
2026-05-22,GOOGL,0.018569029098669712
2026-05-22,GS,0.018569029098669712
2026-05-22,HAL,0.018569029098669712
2026-05-22,INTC,0.018569029098669712
2026-05-22,JBHT,0.018569029098669712
2026-05-22,JBL,0.018569029098669712
2026-05-22,JNJ,0.018569029098669712
2026-05-22,KEYS,0.018569029098669712
2026-05-22,KLAC,0.018569029098669712
2026-05-22,L,0.018569029098669712
2026-05-22,LRCX,0.018569029098669712
2026-05-22,MPWR,0.018569029098669712
2026-05-22,MU,0.018569029098669712
2026-05-22,NDSN,0.018569029098669712
2026-05-22,NEM,0.018569029098669712
2026-05-22,NTRS,0.018569029098669712
2026-05-22,NUE,0.018569029098669712
2026-05-22,ON,0.018569029098669712
2026-05-22,PH,0.018569029098669712
2026-05-22,PWR,0.018569029098669712
2026-05-22,ROST,0.018569029098669712
2026-05-22,STLD,0.018569029098669712
2026-05-22,STT,0.018569029098669712
2026-05-22,STX,0.018569029098669712
2026-05-22,TER,0.018569029098669712
2026-05-22,TPR,0.018569029098669712
2026-05-22,VLO,0.018569029098669712
2026-05-22,VTRS,0.018569029098669712
2026-05-22,WBD,0.018569029098669712
2026-05-22,WDC,0.018569029098669712
2026-05-22,WELL,0.018569029098669712
2026-05-22,XOM,0.018569029098669712
2026-05-29,ADI,0.018223255210739153
2026-05-29,ADM,0.018223255210739153
2026-05-29,AEP,0.018223255210739153
2026-05-29,ALB,0.018223255210739153
2026-05-29,AMAT,0.018223255210739153
2026-05-29,AMCR,0.018223255210739153
2026-05-29,AMD,0.018223255210739153
2026-05-29,ANET,0.018223255210739153
2026-05-29,APA,0.018223255210739153
2026-05-29,BKR,0.018223255210739153
2026-05-29,C,0.018223255210739153
2026-05-29,CAT,0.018223255210739153
2026-05-29,CFG,0.018223255210739153
2026-05-29,CHRW,0.018223255210739153
2026-05-29,CMI,0.018223255210739153
2026-05-29,CVX,0.018223255210739153
2026-05-29,DVN,0.018223255210739153
2026-05-29,ETR,0.018223255210739153
2026-05-29,FDX,0.018223255210739153
2026-05-29,GEV,0.018223255210739153
2026-05-29,GLW,0.018223255210739153
2026-05-29,GOOG,0.018223255210739153
2026-05-29,GOOGL,0.018223255210739153
2026-05-29,HAL,0.018223255210739153
2026-05-29,INTC,0.018223255210739153
2026-05-29,IVZ,0.018223255210739153
2026-05-29,JBHT,0.018223255210739153
2026-05-29,JBL,0.018223255210739153
2026-05-29,JNJ,0.018223255210739153
2026-05-29,KEYS,0.018223255210739153
2026-05-29,KLAC,0.018223255210739153
2026-05-29,LRCX,0.018223255210739153
2026-05-29,MPWR,0.018223255210739153
2026-05-29,MU,0.018223255210739153
2026-05-29,NDSN,0.018223255210739153
2026-05-29,NEM,0.018223255210739153
2026-05-29,NTRS,0.018223255210739153
2026-05-29,NUE,0.018223255210739153
2026-05-29,ON,0.018223255210739153
2026-05-29,PWR,0.018223255210739153
2026-05-29,ROST,0.018223255210739153
2026-05-29,SLB,0.018223255210739153
2026-05-29,STLD,0.018223255210739153
2026-05-29,STT,0.018223255210739153
2026-05-29,STX,0.018223255210739153
2026-05-29,TER,0.018223255210739153
2026-05-29,TPR,0.018223255210739153
2026-05-29,TRGP,0.018223255210739153
2026-05-29,VLO,0.018223255210739153
2026-05-29,VTR,0.018223255210739153
2026-05-29,VTRS,0.018223255210739153
2026-05-29,WBD,0.018223255210739153
2026-05-29,WDC,0.018223255210739153
2026-05-29,XOM,0.018223255210739153
2026-06-05,ADI,0.019230769230769232
2026-06-05,ADM,0.019230769230769232
2026-06-05,ALB,0.019230769230769232
2026-06-05,AMAT,0.019230769230769232
2026-06-05,AMCR,0.019230769230769232
2026-06-05,AMD,0.019230769230769232
2026-06-05,AME,0.019230769230769232
2026-06-05,APA,0.019230769230769232
2026-06-05,BKR,0.019230769230769232
2026-06-05,C,0.019230769230769232
2026-06-05,CAT,0.019230769230769232
2026-06-05,CBOE,0.019230769230769232
2026-06-05,CFG,0.019230769230769232
2026-06-05,CHRW,0.019230769230769232
2026-06-05,CMI,0.019230769230769232
2026-06-05,DELL,0.019230769230769232
2026-06-05,ETR,0.019230769230769232
2026-06-05,FDX,0.019230769230769232
2026-06-05,GEV,0.019230769230769232
2026-06-05,GLW,0.019230769230769232
2026-06-05,GM,0.019230769230769232
2026-06-05,GOOG,0.019230769230769232
2026-06-05,GOOGL,0.019230769230769232
2026-06-05,HAL,0.019230769230769232
2026-06-05,HAS,0.019230769230769232
2026-06-05,INTC,0.019230769230769232
2026-06-05,IVZ,0.019230769230769232
2026-06-05,JBHT,0.019230769230769232
2026-06-05,JBL,0.019230769230769232
2026-06-05,JNJ,0.019230769230769232
2026-06-05,KEYS,0.019230769230769232
2026-06-05,KLAC,0.019230769230769232
2026-06-05,LRCX,0.019230769230769232
2026-06-05,MPWR,0.019230769230769232
2026-06-05,MU,0.019230769230769232
2026-06-05,NEM,0.019230769230769232
2026-06-05,NTRS,0.019230769230769232
2026-06-05,NUE,0.019230769230769232
2026-06-05,ON,0.019230769230769232
2026-06-05,PWR,0.019230769230769232
2026-06-05,ROST,0.019230769230769232
2026-06-05,STLD,0.019230769230769232
2026-06-05,STT,0.019230769230769232
2026-06-05,STX,0.019230769230769232
2026-06-05,TER,0.019230769230769232
2026-06-05,TRGP,0.019230769230769232
2026-06-05,VLO,0.019230769230769232
2026-06-05,VTR,0.019230769230769232
2026-06-05,VTRS,0.019230769230769232
2026-06-05,WBD,0.019230769230769232
2026-06-05,WDC,0.019230769230769232
2026-06-05,XOM,0.019230769230769232
2026-06-12,AAPL,0.02
2026-06-12,ADI,0.02
2026-06-12,ADM,0.02
2026-06-12,ALB,0.02
2026-06-12,AMAT,0.02
2026-06-12,AMCR,0.02
2026-06-12,AMD,0.02
2026-06-12,APA,0.02
2026-06-12,C,0.02
2026-06-12,CAT,0.02
2026-06-12,CBOE,0.02
2026-06-12,CMI,0.02
2026-06-12,CSCO,0.02
2026-06-12,DELL,0.02
2026-06-12,FDX,0.02
2026-06-12,GEV,0.02
2026-06-12,GLW,0.02
2026-06-12,GOOG,0.02
2026-06-12,GOOGL,0.02
2026-06-12,GS,0.02
2026-06-12,HAL,0.02
2026-06-12,HPE,0.02
2026-06-12,INTC,0.02
2026-06-12,IVZ,0.02
2026-06-12,JBHT,0.02
2026-06-12,JBL,0.02
2026-06-12,JNJ,0.02
2026-06-12,KEYS,0.02
2026-06-12,KLAC,0.02
2026-06-12,LRCX,0.02
2026-06-12,MPWR,0.02
2026-06-12,MU,0.02
2026-06-12,NEM,0.02
2026-06-12,NTRS,0.02
2026-06-12,NUE,0.02
2026-06-12,NVDA,0.02
2026-06-12,ON,0.02
2026-06-12,PWR,0.02
2026-06-12,ROST,0.02
2026-06-12,STLD,0.02
2026-06-12,STT,0.02
2026-06-12,STX,0.02
2026-06-12,TER,0.02
2026-06-12,TRGP,0.02
2026-06-12,VLO,0.02
2026-06-12,VTR,0.02
2026-06-12,VTRS,0.02
2026-06-12,WBD,0.02
2026-06-12,WDC,0.02
2026-06-12,WELL,0.02
2026-06-19,AAPL,0.018518518518518517
2026-06-19,ADI,0.018518518518518517
2026-06-19,ALB,0.018518518518518517
2026-06-19,AMAT,0.018518518518518517
2026-06-19,AMCR,0.018518518518518517
2026-06-19,AMD,0.018518518518518517
2026-06-19,APA,0.018518518518518517
2026-06-19,BKR,0.018518518518518517
2026-06-19,C,0.018518518518518517
2026-06-19,CAT,0.018518518518518517
2026-06-19,CBOE,0.018518518518518517
2026-06-19,CFG,0.018518518518518517
2026-06-19,CHRW,0.018518518518518517
2026-06-19,CMI,0.018518518518518517
2026-06-19,CSCO,0.018518518518518517
2026-06-19,CSX,0.018518518518518517
2026-06-19,DELL,0.018518518518518517
2026-06-19,ETR,0.018518518518518517
2026-06-19,FDX,0.018518518518518517
2026-06-19,GEV,0.018518518518518517
2026-06-19,GLW,0.018518518518518517
2026-06-19,GM,0.018518518518518517
2026-06-19,GOOG,0.018518518518518517
2026-06-19,GOOGL,0.018518518518518517
2026-06-19,GS,0.018518518518518517
2026-06-19,HAL,0.018518518518518517
2026-06-19,HPE,0.018518518518518517
2026-06-19,INTC,0.018518518518518517
2026-06-19,IVZ,0.018518518518518517
2026-06-19,JBHT,0.018518518518518517
2026-06-19,JBL,0.018518518518518517
2026-06-19,JNJ,0.018518518518518517
2026-06-19,KEYS,0.018518518518518517
2026-06-19,KLAC,0.018518518518518517
2026-06-19,LRCX,0.018518518518518517
2026-06-19,MPWR,0.018518518518518517
2026-06-19,MS,0.018518518518518517
2026-06-19,MU,0.018518518518518517
2026-06-19,NTRS,0.018518518518518517
2026-06-19,NUE,0.018518518518518517
2026-06-19,ON,0.018518518518518517
2026-06-19,PLD,0.018518518518518517
2026-06-19,PWR,0.018518518518518517
2026-06-19,ROST,0.018518518518518517
2026-06-19,STLD,0.018518518518518517
2026-06-19,STT,0.018518518518518517
2026-06-19,STX,0.018518518518518517
2026-06-19,TER,0.018518518518518517
2026-06-19,TRGP,0.018518518518518517
2026-06-19,VLO,0.018518518518518517
2026-06-19,VTR,0.018518518518518517
2026-06-19,VTRS,0.018518518518518517
2026-06-19,WBD,0.018518518518518517
2026-06-19,WDC,0.018518518518518517
