date,ticker,weight
2007-10-31,8686,0.012661251791686574
2007-10-31,AA,0.0019111323459149545
2007-10-31,AAPL*,0.018633540372670808
2007-10-31,AET,0.004538939321548017
2007-10-31,ALD,0.011466794075489728
2007-10-31,ALTR,0.00716674629718108
2007-10-31,AMP,0.005972288580984233
2007-10-31,AMZN,0.016722408026755852
2007-10-31,AON,0.008122312470138558
2007-10-31,APA,0.001433349259436216
2007-10-31,APD,0.020066889632107024
2007-10-31,APOL,0.015050167224080268
2007-10-31,AT.,0.015766841853798376
2007-10-31,ATI,0.002150023889154324
2007-10-31,AYE,0.01075011944577162
2007-10-31,BA,0.003822264691829909
2007-10-31,BAX,0.0016722408026755853
2007-10-31,BIIB,0.006688963210702341
2007-10-31,BK,0.008361204013377926
2007-10-31,BLL,0.007883420926899188
2007-10-31,CAT,0.013377926421404682
2007-10-31,CCE,0.0023889154323936935
2007-10-31,CEG,0.011227902532250358
2007-10-31,CIEN,0.015527950310559006
2007-10-31,COL,0.007644529383659818
2007-10-31,COP,0.014572384137601528
2007-10-31,CSCO,0.01409460105112279
2007-10-31,CTXS,0.005016722408026756
2007-10-31,CVH,0.017677974199713332
2007-10-31,CVX,0.0179168657429527
2007-10-31,DE,0.020544672718585764
2007-10-31,DHR,0.00358337314859054
2007-10-31,DJ,0.00047778308647873863
2007-10-31,EIX,0.000716674629718108
2007-10-31,EMC,0.02150023889154324
2007-10-31,ETN,0.01839464882943144
2007-10-31,ETR,0.0033444816053511705
2007-10-31,FCX*,0.012183468705207836
2007-10-31,FLR,0.021261347348303872
2007-10-31,GD,0.005255613951266125
2007-10-31,GEC,0.005733397037744864
2007-10-31,GR,0.0210224558050645
2007-10-31,GT,0.013139034878165312
2007-10-31,HES,0.01743908265647396
2007-10-31,HET,0.013616817964644052
2007-10-31,HPC,0.0026278069756330625
2007-10-31,HPQ,0.006211180124223602
2007-10-31,IBM,0.009555661729574774
2007-10-31,IFF,0.004777830864787387
2007-10-31,IR,0.014811275680840898
2007-10-31,ITT,0.004300047778308648
2007-10-31,ITW,0.01051122790253225
2007-10-31,JCI,0.019589106545628284
2007-10-31,JNPR,0.019111323459149548
2007-10-31,JNS,0.00023889154323936931
2007-10-31,KO,0.008838987099856666
2007-10-31,LLL,0.019350215002388916
2007-10-31,LOM,0.009316770186335404
2007-10-31,LTR,0.007405637840420449
2007-10-31,MCD,0.009077878643096034
2007-10-31,MHS,0.019827998088867656
2007-10-31,MON,0.020305781175346392
2007-10-31,MUR,0.011705685618729096
2007-10-31,NOV,0.021739130434782608
2007-10-31,NTH,0.01385570950788342
2007-10-31,OXY,0.008600095556617296
2007-10-31,PCAR,0.01433349259436216
2007-10-31,PCL,0.004061156235069279
2007-10-31,PEG,0.016244624940277116
2007-10-31,PH,0.00692785475394171
2007-10-31,PKI,0.017200191113234592
2007-10-31,PPL,0.016961299569995224
2007-10-31,PRU*,0.0011944577161968467
2007-10-31,PX,0.016483516483516484
2007-10-31,RIG,0.018155757286192068
2007-10-31,RTN1,0.011944577161968466
2007-10-31,SII,0.020783564261825132
2007-10-31,SLBA,0.018872431915910176
2007-10-31,SYK,0.006450071667462972
2007-10-31,T,0.003105590062111801
2007-10-31,TAP,0.012422360248447204
2007-10-31,TIF,0.016005733397037744
2007-10-31,TMO,0.01098901098901099
2007-10-31,USX1,0.010272336359292882
2007-10-31,UTX,0.002866698518872432
2007-10-31,UUM,0.0009555661729574773
2007-10-31,VRSN,0.010033444816053512
2007-10-31,WAT,0.005494505494505495
2007-10-31,WFT,0.015289058767319636
2007-10-31,WMB,0.009794553272814142
2007-10-31,XOM,0.012900143334925944
2007-11-30,8686,0.01916783543712015
2007-11-30,AAPL*,0.019869097709209912
2007-11-30,AET,0.011453950444132773
2007-11-30,ALD,0.014726507713884993
2007-11-30,AMZN,0.014960261804581581
2007-11-30,AON,0.008415147265077139
2007-11-30,APA,0.008882655446470314
2007-11-30,APD,0.020102851799906497
2007-11-30,APOL,0.018934081346423562
2007-11-30,AVP,0.0011687704534829358
2007-11-30,AYE,0.013557737260402058
2007-11-30,BAX,0.016362786348761104
2007-11-30,BIIB,0.008648901355773725
2007-11-30,BK,0.015895278167367927
2007-11-30,CAT,0.001402524544179523
2007-11-30,CCE,0.010986442262739598
2007-11-30,CEG,0.013090229079008883
2007-11-30,CIEN,0.018700327255726974
2007-11-30,CL,0.002571294997662459
2007-11-30,CNX,0.0018700327255726976
2007-11-30,COL,0.007246376811594203
2007-11-30,COST,0.015194015895278168
2007-11-30,CSCO,0.0021037868162692847
2007-11-30,CTXS,0.016129032258064516
2007-11-30,CVH,0.012622720897615708
2007-11-30,CVS,0.012388966806919121
2007-11-30,CVX,0.010285179990649837
2007-11-30,DE,0.019635343618513323
2007-11-30,DHR,0.0091164095371669
2007-11-30,DJ,0.0009350163627863488
2007-11-30,EIX,0.003973819541841982
2007-11-30,EMC,0.020804114071996258
2007-11-30,ETN,0.00023375409069658834
2007-11-30,ETR,0.0070126227208976155
2007-11-30,EXC,0.010051425899953248
2007-11-30,FCX*,0.017999064983637212
2007-11-30,FHI,0.005376344086021506
2007-11-30,FLR,0.021037868162692847
2007-11-30,GD,0.0074801309022907905
2007-11-30,GEC,0.004441327723235157
2007-11-30,GOOGL,0.002805049088359046
2007-11-30,GR,0.021271622253389435
2007-11-30,GT,0.009583917718560075
2007-11-30,GWW,0.0007012622720897616
2007-11-30,HCR,0.006077606358111267
2007-11-30,HES,0.014492753623188406
2007-11-30,HET,0.006311360448807854
2007-11-30,HPQ,0.011921458625525946
2007-11-30,HSP,0.0016362786348761104
2007-11-30,HUM,0.011220196353436185
2007-11-30,IBM,0.010518934081346423
2007-11-30,ITT,0.0037400654511453952
2007-11-30,ITW,0.004675081813931743
2007-11-30,JNPR,0.01332398316970547
2007-11-30,JNS,0.014025245441795231
2007-11-30,KO,0.01753155680224404
2007-11-30,KR,0.0065451145395044414
2007-11-30,LLL,0.020336605890603085
2007-11-30,LOM,0.008181393174380552
2007-11-30,LTR,0.007947639083683964
2007-11-30,MCD,0.017765310892940627
2007-11-30,MCK,0.009350163627863487
2007-11-30,MHS,0.021505376344086023
2007-11-30,MON,0.020570359981299673
2007-11-30,MUR,0.005142589995324918
2007-11-30,NEE,0.0032725572697522207
2007-11-30,NTH,0.0182328190743338
2007-11-30,NTRS,0.009817671809256662
2007-11-30,OXY,0.012155212716222535
2007-11-30,PBG,0.012856474988312296
2007-11-30,PEG,0.016830294530154277
2007-11-30,PEP,0.0030388031790556337
2007-11-30,PKI,0.006778868630201029
2007-11-30,PPL,0.01846657316503039
2007-11-30,PX,0.01729780271154745
2007-11-30,RIG,0.019401589527816735
2007-11-30,RTN1,0.01168770453482936
2007-11-30,SII,0.017064048620850866
2007-11-30,SLBA,0.007713884992987377
2007-11-30,SYK,0.013791491351098644
2007-11-30,T,0.0035063113604488078
2007-11-30,TIF,0.015661524076671342
2007-11-30,TMO,0.01425899953249182
2007-11-30,TROW,0.015427769985974754
2007-11-30,UNP,0.010752688172043012
2007-11-30,USX1,0.004908835904628331
2007-11-30,VZ,0.005610098176718092
2007-11-30,WAT,0.01659654043945769
2007-11-30,WFT,0.005843852267414681
2007-11-30,WMB,0.004207573632538569
2007-11-30,XOM,0.0023375409069658713
2007-11-30,XTO,0.0004675081813931744
2007-12-31,8686,0.0182328190743338
2007-12-31,AAPL*,0.020102851799906497
2007-12-31,AAZ,0.0009350163627863488
2007-12-31,ABT,0.004207573632538569
2007-12-31,AET,0.008415147265077139
2007-12-31,ALD,0.0011687704534829365
2007-12-31,AMZN,0.016830294530154277
2007-12-31,AON,0.017064048620850866
2007-12-31,APA,0.0091164095371669
2007-12-31,APD,0.020570359981299673
2007-12-31,APOL,0.01729780271154745
2007-12-31,AVP,0.005610098176718092
2007-12-31,AYE,0.011220196353436185
2007-12-31,BAX,0.014492753623188406
2007-12-31,BDX,0.005376344086021506
2007-12-31,BIIB,0.015895278167367927
2007-12-31,BK,0.003272557269752221
2007-12-31,CCE,0.013557737260402058
2007-12-31,CEG,0.017765310892940627
2007-12-31,CHK,0.0016362786348761104
2007-12-31,CIEN,0.010285179990649837
2007-12-31,CL,0.012622720897615708
2007-12-31,CNX,0.016362786348761104
2007-12-31,COST,0.015661524076671342
2007-12-31,CTXS,0.004908835904628331
2007-12-31,CVS,0.0065451145395044414
2007-12-31,CVX,0.004441327723235157
2007-12-31,DE,0.021037868162692847
2007-12-31,DHR,0.014726507713884993
2007-12-31,EIX,0.003973819541841982
2007-12-31,EMC,0.0021037868162692847
2007-12-31,EMR,0.01168770453482936
2007-12-31,ETN,0.002805049088359046
2007-12-31,ETR,0.010051425899953248
2007-12-31,EXC,0.008648901355773725
2007-12-31,FCX*,0.013090229079008883
2007-12-31,FLR,0.020336605890603085
2007-12-31,GD,0.008181393174380552
2007-12-31,GLW,0.0023375409069658717
2007-12-31,GOOGL,0.009817671809256662
2007-12-31,GR,0.021271622253389435
2007-12-31,GWW,0.007713884992987377
2007-12-31,HES,0.019401589527816735
2007-12-31,HET,0.001402524544179523
2007-12-31,HPQ,0.007246376811594203
2007-12-31,HSP,0.014960261804581581
2007-12-31,HUM,0.01753155680224404
2007-12-31,INCO,0.006778868630201029
2007-12-31,IR,0.006311360448807854
2007-12-31,ITW,0.0070126227208976155
2007-12-31,JAVA,0.00584385226741468
2007-12-31,JNPR,0.008882655446470314
2007-12-31,JNS,0.009583917718560075
2007-12-31,KO,0.016129032258064516
2007-12-31,KR,0.0007012622720897616
2007-12-31,LLL,0.020804114071996258
2007-12-31,LOM,0.010752688172043012
2007-12-31,MCD,0.012388966806919121
2007-12-31,MCK,0.010986442262739598
2007-12-31,MHS,0.021505376344086023
2007-12-31,MIL.,0.004675081813931743
2007-12-31,MON,0.019869097709209912
2007-12-31,MUR,0.01519401589527817
2007-12-31,MX4A,0.0074801309022907905
2007-12-31,NEE,0.007947639083683964
2007-12-31,NTH,0.005142589995324919
2007-12-31,NTRS,0.01332398316970547
2007-12-31,OXY,0.01659654043945769
2007-12-31,PBG,0.01425899953249182
2007-12-31,PEG,0.01846657316503039
2007-12-31,PEP,0.012856474988312296
2007-12-31,PG,0.0018700327255726976
2007-12-31,PKI,0.006077606358111267
2007-12-31,PPL,0.018700327255726974
2007-12-31,PX,0.01916783543712015
2007-12-31,RIG,0.019635343618513323
2007-12-31,RTN1,0.0025712949976624596
2007-12-31,SII,0.015427769985974754
2007-12-31,SLBA,0.013791491351098644
2007-12-31,SYK,0.012155212716222535
2007-12-31,TMO,0.009350163627863487
2007-12-31,TROW,0.014025245441795231
2007-12-31,UNP,0.010518934081346423
2007-12-31,USX1,0.0004675081813931741
2007-12-31,UTX,0.0035063113604488078
2007-12-31,VLO,0.0002337540906965872
2007-12-31,VRSN,0.018934081346423562
2007-12-31,WAT,0.017999064983637212
2007-12-31,WFT,0.011921458625525946
2007-12-31,WMB,0.011453950444132773
2007-12-31,XOM,0.0030388031790556337
2007-12-31,XTO,0.0037400654511453952
2008-01-31,8686,0.014249567289201754
2008-01-31,AAPL*,0.018263529905878307
2008-01-31,AAZ,0.012443284111697308
2008-01-31,ADM*,0.007626528971685447
2008-01-31,AET,0.012041887850029652
2008-01-31,ALD,0.009232114018356068
2008-01-31,AMZN,0.015052359812537067
2008-01-31,ANTM,0.0008027925233353103
2008-01-31,AON,0.010837699065026688
2008-01-31,APA,0.010034906541691377
2008-01-31,APD,0.015855152335872376
2008-01-31,APOL,0.008830717756688412
2008-01-31,AYE,0.012844680373364965
2008-01-31,BAX,0.0042146607475103785
2008-01-31,BK,0.00822862336418693
2008-01-31,BTU,0.007827227102519273
2008-01-31,CAT,0.00020069813083382757
2008-01-31,CCE,0.011640491588361999
2008-01-31,CEG,0.014450265420035583
2008-01-31,CHK,0.010235604672525205
2008-01-31,CL,0.003813264485842724
2008-01-31,CNX,0.01625654859754003
2008-01-31,COP,0.009633510280023723
2008-01-31,COST,0.01143979345752817
2008-01-31,CSX,0.0012041887850029653
2008-01-31,CVH,0.003411868224175068
2008-01-31,CVS,0.0006020943925014828
2008-01-31,CVX,0.011239095326694343
2008-01-31,DHR,0.012643982242531136
2008-01-31,DVN,0.004415358878344206
2008-01-31,EA,0.0016055850466706206
2008-01-31,ECL,0.003010471962507413
2008-01-31,EIX,0.002006981308338275
2008-01-31,EMR,0.00983420841085755
2008-01-31,EOG,0.0024083775700059307
2008-01-31,ETN,0.008630019625854584
2008-01-31,ETR,0.009432812149189895
2008-01-31,EXC,0.011038397195860515
2008-01-31,FCX*,0.013246076635032617
2008-01-31,FE,0.006221642055848654
2008-01-31,FHI,0.00040139626166765514
2008-01-31,FLR,0.01786213364421065
2008-01-31,GD,0.004616057009178034
2008-01-31,GOOGL,0.006623038317516309
2008-01-31,GR,0.01726003925170917
2008-01-31,HAL,0.007024434579183964
2008-01-31,HES,0.013647472896700272
2008-01-31,HPQ,0.002207679439172103
2008-01-31,HSP,0.0040139626166765495
2008-01-31,HUM,0.014048869158367928
2008-01-31,INCO,0.008429321495020757
2008-01-31,JNPR,0.014650963550869412
2008-01-31,JNS,0.010436302803359034
2008-01-31,KO,0.013446774765866447
2008-01-31,LLL,0.014851661681703238
2008-01-31,LTR,0.004816755140011861
2008-01-31,MCD,0.011841189719195826
2008-01-31,MCK,0.0014048869158367928
2008-01-31,MHS,0.018464228036712136
2008-01-31,MON,0.017661435513376823
2008-01-31,MRK,0.0018062831775044479
2008-01-31,MUR,0.01645724672837386
2008-01-31,MX4A,0.005218151401679517
2008-01-31,NEE,0.0026090757008397584
2008-01-31,NTH,0.0010034906541691374
2008-01-31,NTRS,0.007425830840851619
2008-01-31,ORCL,0.009031415887522239
2008-01-31,OXY,0.017460737382542998
2008-01-31,PBG,0.005017453270845688
2008-01-31,PCL,0.0028097738316735857
2008-01-31,PEG,0.015654454205038547
2008-01-31,PEP,0.006823736448350136
2008-01-31,PG,0.003211170093341241
2008-01-31,PPL,0.0160558504667062
2008-01-31,PX,0.016858642990041514
2008-01-31,RIG,0.018062831775044478
2008-01-31,RTN1,0.005418849532513344
2008-01-31,SIAL,0.017059341120875343
2008-01-31,SII,0.016657944859207685
2008-01-31,SLBA,0.015253057943370894
2008-01-31,SWG,0.0080279252333531
2008-01-31,SYK,0.0058202457941809995
2008-01-31,TMO,0.005619547663347171
2008-01-31,TROW,0.0072251327100177915
2008-01-31,UNP,0.003612566355008895
2008-01-31,USX1,0.006020943925014826
2008-01-31,VLO,0.006422340186682482
2008-01-31,VRSN,0.013848171027534101
2008-01-31,WAT,0.01063700093419286
2008-01-31,WFT,0.01545375607420472
2008-01-31,WMB,0.01304537850419879
2008-01-31,XOM,0.012242585980863481
2008-02-29,8686,0.014884623020467462
2008-02-29,AAPL*,0.010607432497344627
2008-02-29,AAZ,0.013173746811218327
2008-02-29,ADM*,0.005303716248672314
2008-02-29,AET,0.007356767699771275
2008-02-29,ALD,0.010265257255494802
2008-02-29,AMZN,0.013858097294917982
2008-02-29,AON,0.0030795771766484407
2008-02-29,APA,0.010778520118269541
2008-02-29,APD,0.011805045843819023
2008-02-29,APOL,0.014029184915842895
2008-02-29,AYE,0.0017108762092491337
2008-02-29,BAX,0.012489396327518675
2008-02-29,BCR,0.010094169634569888
2008-02-29,BDX,0.012831571569368502
2008-02-29,BIIB,0.007698942941621101
2008-02-29,BK,0.0066724172160716215
2008-02-29,BNI,0.00034217524184982674
2008-02-29,BTU,0.005474803869597228
2008-02-29,CAT,0.002224139072023874
2008-02-29,CBH,0.0037639276603480937
2008-02-29,CCE,0.004106102902197919
2008-02-29,CEG,0.006843504836996535
2008-02-29,CHK,0.00923873152994532
2008-02-29,CL,0.009580906771795149
2008-02-29,CNX,0.01574006112509203
2008-02-29,COP,0.008554381046245669
2008-02-29,COST,0.01420027253676781
2008-02-29,CSX,0.01129178298104428
2008-02-29,CVS,0.011120695360119368
2008-02-29,CVX,0.010436344876419715
2008-02-29,DVN,0.009923082013644974
2008-02-29,ECL,0.004790453385897574
2008-02-29,EIX,0.00102652572554948
2008-02-29,EMN,0.0025663143138737006
2008-02-29,EMR,0.005816979111447054
2008-02-29,EOG,0.00821220580439584
2008-02-29,EP,0.0011976133464743936
2008-02-29,EXC,0.003250664797573353
2008-02-29,FCX*,0.011976133464743936
2008-02-29,FE,0.00461936576497266
2008-02-29,FHI,0.00804111818347093
2008-02-29,FLR,0.013002659190293414
2008-02-29,GD,0.004448278144047748
2008-02-29,GENZ,0.0075278553206961875
2008-02-29,GLW,0.008725468667170581
2008-02-29,GOOGL,0.002737401934798614
2008-02-29,GR,0.012147221085668848
2008-02-29,HCBK,0.007185680078846361
2008-02-29,HES,0.013515922053068155
2008-02-29,HSP,0.0006843504836996535
2008-02-29,HUM,0.01522679826231729
2008-02-29,IBM,0.005988066732371968
2008-02-29,JAVA,0.006501329595146707
2008-02-29,JNPR,0.008896556288095495
2008-02-29,JNS,0.0020530514510989605
2008-02-29,KO,0.014542447778617634
2008-02-29,LLL,0.015568973504167114
2008-02-29,LOM,0.005132628627747401
2008-02-29,MCD,0.009409819150870235
2008-02-29,MCK,0.002908489555723527
2008-02-29,MON,0.015911148746016943
2008-02-29,MRK,0.002395226692948787
2008-02-29,MUR,0.012660483948443588
2008-02-29,MX4A,0.0035928400394231804
2008-02-29,NEM,0.007014592457921447
2008-02-29,NSC,0.0039350152812730075
2008-02-29,NTH,0.006330241974221794
2008-02-29,NTRS,0.009067643909020408
2008-02-29,ORCL,0.008383293425320754
2008-02-29,OXY,0.015055710641392375
2008-02-29,PEG,0.01368700967399307
2008-02-29,PPL,0.013344834432143243
2008-02-29,PX,0.014371360157692721
2008-02-29,RIG,0.015397885883242202
2008-02-29,RTN1,0.012318308706593763
2008-02-29,SIAL,0.010949607739194456
2008-02-29,SII,0.004277190523122833
2008-02-29,SLBA,0.000855438104624566
2008-02-29,STT,0.007870030562546015
2008-02-29,SWG,0.0034217524184982674
2008-02-29,TJX,0.004961541006822487
2008-02-29,TMO,0.001881963830174047
2008-02-29,TYC,0.001368700967399307
2008-02-29,UNP,0.011462870601969193
2008-02-29,UPS,0.00017108762092491337
2008-02-29,UTX,0.00564589149052214
2008-02-29,VAR,0.00051326286277474
2008-02-29,VRSN,0.009751994392720061
2008-02-29,WFT,0.01471353539954255
2008-02-29,WMB,0.006159154353296881
2008-02-29,WWY,0.0015397885883242203
2008-02-29,XOM,0.011633958222894107
2008-03-31,8686,0.01656941374833218
2008-03-31,AA,0.0007446927527340305
2008-03-31,AAPL*,0.005957542021872244
2008-03-31,AAZ,0.016010894183781658
2008-03-31,ABI,0.0050266760809547055
2008-03-31,ADM*,0.006516061586422767
2008-03-31,AET,0.004840502892771198
2008-03-31,ALD,0.011915084043744488
2008-03-31,AMZN,0.010425698538276428
2008-03-31,AON,0.0016755586936515686
2008-03-31,APA,0.015824720995598146
2008-03-31,APD,0.013590642737396057
2008-03-31,APOL,0.008377793468257844
2008-03-31,BAX,0.008191620280074335
2008-03-31,BCR,0.012287430420111503
2008-03-31,BDX,0.016197067371965163
2008-03-31,BIIB,0.009867178973725904
2008-03-31,BK,0.0024202514463855995
2008-03-31,BNI,0.0027925978227526143
2008-03-31,BTU,0.011356564479193964
2008-03-31,CAT,0.0031649441991196295
2008-03-31,CCE,0.01172891085556098
2008-03-31,CHK,0.014893855054680612
2008-03-31,CL,0.012473603608295011
2008-03-31,CNX,0.0171279333128827
2008-03-31,COP,0.010798044914643442
2008-03-31,COST,0.009308659409175381
2008-03-31,CSX,0.009494832597358888
2008-03-31,CVS,0.011542737667377472
2008-03-31,CVX,0.010611871726459936
2008-03-31,DTV,0.0018617318818350765
2008-03-31,DVN,0.014707681866497102
2008-03-31,ECL,0.002978771010936122
2008-03-31,EMR,0.009681005785542396
2008-03-31,EOG,0.013776815925579564
2008-03-31,EP,0.004654329704587691
2008-03-31,ESV,0.0005585195645505228
2008-03-31,EXC,0.002047905070018584
2008-03-31,FCX*,0.013032123172845534
2008-03-31,FHI,0.00390963695185366
2008-03-31,FLR,0.01563854780741464
2008-03-31,GD,0.0033511173873031373
2008-03-31,GENZ,0.0055851956455052285
2008-03-31,GPS,0.006888407962789782
2008-03-31,GR,0.007446927527340306
2008-03-31,HAL,0.007074581150973289
2008-03-31,HCBK,0.006702234774606275
2008-03-31,HES,0.014149162301946579
2008-03-31,HPQ,0.009122486220991873
2008-03-31,HSP,0.0001861731881835076
2008-03-31,HUM,0.00781927390370732
2008-03-31,IBM,0.013218296361029041
2008-03-31,IGT,0.003723463763670153
2008-03-31,JAVA,0.00856396665644135
2008-03-31,JNPR,0.008750139844624858
2008-03-31,JNS,0.0011170391291010456
2008-03-31,KO,0.014335335490130085
2008-03-31,LLL,0.015080028242864118
2008-03-31,LOM,0.0022340782582020912
2008-03-31,MCD,0.01098421810282695
2008-03-31,MON,0.01731410650106621
2008-03-31,MRK,0.0035372905754866447
2008-03-31,MUR,0.015266201431047625
2008-03-31,NEM,0.01023952535009292
2008-03-31,NTH,0.002606424634569107
2008-03-31,NTRS,0.004281983328220675
2008-03-31,OXY,0.016755586936515687
2008-03-31,PEP,0.0044681565164041825
2008-03-31,PPL,0.004095810140037168
2008-03-31,PX,0.014521508678313595
2008-03-31,R,0.005771368833688736
2008-03-31,RDC,0.006329888398239259
2008-03-31,RIG,0.016941760124699192
2008-03-31,ROH,0.00037234637636701526
2008-03-31,RTN1,0.013962989113763072
2008-03-31,SIAL,0.015452374619231135
2008-03-31,SII,0.007260754339156798
2008-03-31,SLBA,0.0061437152100557516
2008-03-31,STJ,0.007633100715523812
2008-03-31,STT,0.008936313032808365
2008-03-31,TJX,0.012845949984662028
2008-03-31,TMO,0.010053352161909411
2008-03-31,TYC,0.005399022457321721
2008-03-31,UNP,0.012101257231927995
2008-03-31,UTX,0.005212849269138214
2008-03-31,VAR,0.001489385505468061
2008-03-31,VRSN,0.01340446954921255
2008-03-31,WFT,0.01638324056014867
2008-03-31,WMB,0.012659776796478518
2008-03-31,WMT,0.0013032123172845534
2008-03-31,WWY,0.008005447091890829
2008-03-31,XOM,0.011170391291010457
2008-03-31,XTO,0.0009308659409175382
2008-04-30,8686,0.020156774916013438
2008-04-30,AAPL*,0.01433370660694289
2008-04-30,AAZ,0.016573348264277716
2008-04-30,ABI,0.0033594624860022394
2008-04-30,ADM*,0.002239641657334827
2008-04-30,AIZ,0.0035834266517357225
2008-04-30,ALD,0.0015677491601343782
2008-04-30,AMZN,0.003807390817469205
2008-04-30,AON,0.0011198208286674132
2008-04-30,APA,0.020604703247480403
2008-04-30,APD,0.01769316909294513
2008-04-30,BCR,0.014781634938409855
2008-04-30,BDX,0.01366181410974244
2008-04-30,BFB,0.0004479283314669653
2008-04-30,BIIB,0.014557670772676373
2008-04-30,BK,0.0008958566629339306
2008-04-30,BNI,0.004927211646136618
2008-04-30,BTU,0.0006718924972004478
2008-04-30,CAT,0.008958566629339306
2008-04-30,CCE,0.01097424412094065
2008-04-30,CHK,0.01702127659574468
2008-04-30,CL,0.015901455767077268
2008-04-30,CNX,0.01948488241881299
2008-04-30,COP,0.0073908174692049276
2008-04-30,COST,0.017245240761478164
2008-04-30,CSX,0.015453527435610303
2008-04-30,CVS,0.012989921612541993
2008-04-30,CVX,0.011646136618141097
2008-04-30,DHR,0.0058230683090705485
2008-04-30,DTV,0.002463605823068309
2008-04-30,DVN,0.018365061590145577
2008-04-30,EMR,0.009182530795072788
2008-04-30,EOG,0.01858902575587906
2008-04-30,EP,0.010078387458006719
2008-04-30,ESV,0.006047032474804032
2008-04-30,EXC,0.006270996640537514
2008-04-30,FCX*,0.01522956326987682
2008-04-30,FLR,0.018812989921612542
2008-04-30,GD,0.008286674132138858
2008-04-30,GENZ,0.010750279955207167
2008-04-30,GPS,0.008062709966405375
2008-04-30,HAL,0.014109742441209407
2008-04-30,HCBK,0.017469204927211646
2008-04-30,HES,0.016349384098544233
2008-04-30,HPQ,0.006494960806270996
2008-04-30,HSP,0.009630459126539754
2008-04-30,IBM,0.013213885778275475
2008-04-30,IGT,0.0026875699888017916
2008-04-30,JAVA,0.015005599104143338
2008-04-30,JNPR,0.00425531914893617
2008-04-30,KO,0.015677491601343786
2008-04-30,LLL,0.019708846584546472
2008-04-30,LOM,0.0029115341545352742
2008-04-30,MCD,0.013437849944008958
2008-04-30,MON,0.021052631578947368
2008-04-30,MUR,0.019260918253079507
2008-04-30,NBR,0.002015677491601344
2008-04-30,NEM,0.005375139977603583
2008-04-30,NKE,0.0167973124300112
2008-04-30,NTH,0.009406494960806271
2008-04-30,NTRS,0.004031354983202688
2008-04-30,NUE,0.003135498320268757
2008-04-30,ORCL,0.0013437849944008958
2008-04-30,OXY,0.019036954087346025
2008-04-30,PCL,0.00022396416573348266
2008-04-30,PEP,0.011422172452407614
2008-04-30,PG,0.010302351623740201
2008-04-30,PPL,0.004479283314669653
2008-04-30,PX,0.019932810750279955
2008-04-30,R,0.012318029115341545
2008-04-30,RDC,0.005599104143337066
2008-04-30,RIG,0.02038073908174692
2008-04-30,ROH,0.010526315789473684
2008-04-30,RTN1,0.018141097424412094
2008-04-30,SIAL,0.020828667413213885
2008-04-30,SII,0.011198208286674132
2008-04-30,SLBA,0.009854423292273236
2008-04-30,STT,0.012094064949608062
2008-04-30,TJX,0.01612541993281075
2008-04-30,TMO,0.007838745800671893
2008-04-30,TYC,0.013885778275475923
2008-04-30,UNP,0.008734602463605823
2008-04-30,UPS,0.006718924972004479
2008-04-30,USX1,0.01187010078387458
2008-04-30,UTX,0.0017917133258678612
2008-04-30,VAR,0.007166853303471445
2008-04-30,VRSN,0.01276595744680851
2008-04-30,WFT,0.01791713325867861
2008-04-30,WMB,0.00851063829787234
2008-04-30,WMT,0.012541993281075027
2008-04-30,WPI,0.005151175811870101
2008-04-30,WWY,0.0047032474804031355
2008-04-30,XOM,0.00761478163493841
2008-04-30,XTO,0.0069428891377379615
2008-05-31,8686,0.020828667413213885
2008-05-31,AAPL*,0.012318029115341545
2008-05-31,AAZ,0.01612541993281075
2008-05-31,ABI,0.009630459126539754
2008-05-31,ADM*,0.011646136618141097
2008-05-31,AIZ,0.006494960806270996
2008-05-31,AMZN,0.0058230683090705485
2008-05-31,AON,0.0008958566629339306
2008-05-31,APA,0.020604703247480403
2008-05-31,APD,0.01858902575587906
2008-05-31,BAX,0.010526315789473684
2008-05-31,BCR,0.010750279955207167
2008-05-31,BDX,0.01702127659574468
2008-05-31,BIIB,0.00851063829787234
2008-05-31,BK,0.006270996640537514
2008-05-31,BMC,0.0013437849944008958
2008-05-31,BNI,0.009406494960806271
2008-05-31,BTU,0.004031354983202688
2008-05-31,CAT,0.002239641657334826
2008-05-31,CHK,0.019036954087346025
2008-05-31,CHRW,0.010302351623740201
2008-05-31,CL,0.005599104143337065
2008-05-31,CNX,0.018365061590145577
2008-05-31,COP,0.0069428891377379615
2008-05-31,COST,0.017245240761478164
2008-05-31,CSX,0.0167973124300112
2008-05-31,CVS,0.0035834266517357216
2008-05-31,CVX,0.01433370660694289
2008-05-31,DHR,0.004479283314669653
2008-05-31,DTV,0.0026875699888017916
2008-05-31,DVN,0.01791713325867861
2008-05-31,ECL,0.004927211646136618
2008-05-31,EMN,0.007838745800671893
2008-05-31,EMR,0.007166853303471445
2008-05-31,EOG,0.018141097424412094
2008-05-31,EXC,0.008734602463605823
2008-05-31,FCX*,0.01522956326987682
2008-05-31,FE,0.008062709966405375
2008-05-31,FLR,0.017469204927211646
2008-05-31,GD,0.012541993281075027
2008-05-31,GENZ,0.005151175811870101
2008-05-31,GLW,0.006718924972004479
2008-05-31,GOOGL,0.0033594624860022394
2008-05-31,GR,0.009854423292273236
2008-05-31,HAL,0.01276595744680851
2008-05-31,HAS,0.003135498320268757
2008-05-31,HCBK,0.019932810750279955
2008-05-31,HES,0.019260918253079507
2008-05-31,HSP,0.0024636058230683086
2008-05-31,IBM,0.013437849944008958
2008-05-31,JAVA,0.015453527435610303
2008-05-31,JNJ,0.008958566629339306
2008-05-31,JNPR,0.00425531914893617
2008-05-31,KO,0.01366181410974244
2008-05-31,LLL,0.016573348264277716
2008-05-31,LOM,0.009182530795072788
2008-05-31,MCD,0.014109742441209407
2008-05-31,MON,0.021052631578947368
2008-05-31,MUR,0.019708846584546472
2008-05-31,NBR,0.002015677491601344
2008-05-31,NEM,0.005375139977603583
2008-05-31,NKE,0.013213885778275475
2008-05-31,NTRS,0.010078387458006719
2008-05-31,NUE,0.006047032474804031
2008-05-31,ORCL,0.003807390817469205
2008-05-31,OXY,0.01948488241881299
2008-05-31,PG,0.002911534154535274
2008-05-31,PPL,0.0017917133258678612
2008-05-31,PX,0.020156774916013438
2008-05-31,R,0.015677491601343786
2008-05-31,RIG,0.018812989921612542
2008-05-31,RTN1,0.015005599104143338
2008-05-31,SIAL,0.01769316909294513
2008-05-31,SII,0.012989921612541993
2008-05-31,SLBA,0.01187010078387458
2008-05-31,SNA,0.008286674132138858
2008-05-31,SO,0.0015677491601343784
2008-05-31,STJ,0.0006718924972004479
2008-05-31,STT,0.001119820828667413
2008-05-31,TJX,0.014781634938409855
2008-05-31,TMO,0.0047032474804031355
2008-05-31,TROW,0.00761478163493841
2008-05-31,TYC,0.014557670772676373
2008-05-31,UNP,0.013885778275475921
2008-05-31,UNS1,0.0004479283314669653
2008-05-31,USX1,0.012094064949608062
2008-05-31,VAR,0.011422172452407614
2008-05-31,VRSN,0.01097424412094065
2008-05-31,WFT,0.02038073908174692
2008-05-31,WMB,0.0073908174692049276
2008-05-31,WMT,0.016349384098544233
2008-05-31,WWY,0.015901455767077268
2008-05-31,XOM,0.011198208286674132
2008-05-31,XTO,0.0002239641657334826
2008-06-30,8686,0.019574188050949775
2008-06-30,AAPL*,0.011615452250014154
2008-06-30,AAZ,0.015917471601871246
2008-06-30,ABI,0.005377524189821368
2008-06-30,ADM*,0.0032265145138928204
2008-06-30,AIZ,0.005592625157414222
2008-06-30,AMZN,0.0015057067731499832
2008-06-30,AON,0.0008604038703714189
2008-06-30,APA,0.017638279342614086
2008-06-30,APD,0.016777875472242666
2008-06-30,BAX,0.0025812116111142563
2008-06-30,BCR,0.0036567164490785295
2008-06-30,BDX,0.011185250314828444
2008-06-30,BIIB,0.0019359087083356923
2008-06-30,BMC,0.013766461925942702
2008-06-30,BNI,0.016132572569464102
2008-06-30,BTU,0.013336259990756993
2008-06-30,BUD.2,0.0004302019351857094
2008-06-30,CHK,0.01914398611576407
2008-06-30,CHRW,0.009679543541678461
2008-06-30,CL,0.009464442574085605
2008-06-30,CNX,0.019789289018542634
2008-06-30,COP,0.006453029027785641
2008-06-30,COST,0.013981562893535556
2008-06-30,CSX,0.018068481277799794
2008-06-30,CVS,0.012906058055571282
2008-06-30,CVX,0.010324846444457025
2008-06-30,DTV,0.010539947412049881
2008-06-30,DVN,0.016347673537056958
2008-06-30,EMN,0.007958735800935623
2008-06-30,EMR,0.013121159023164136
2008-06-30,EOG,0.016992976439835522
2008-06-30,EP,0.004517120319449949
2008-06-30,ESRX,0.01656277450464981
2008-06-30,ESV,0.003011413546299966
2008-06-30,ETR,0.0040869183842642395
2008-06-30,EXC,0.011830553217607008
2008-06-30,FCX*,0.010755048379642735
2008-06-30,FE,0.012045654185199864
2008-06-30,FLR,0.01828358224539265
2008-06-30,GD,0.012690957087978428
2008-06-30,GILD,0.01871378418057836
2008-06-30,GIS,0.002796312578707111
2008-06-30,GLW,0.00021510096759285498
2008-06-30,HAL,0.014841966763906976
2008-06-30,HAS,0.0006453029027785641
2008-06-30,HCBK,0.017208077407428378
2008-06-30,HES,0.019359087083356923
2008-06-30,HSP,0.005162423222228513
2008-06-30,IBM,0.015272168699092682
2008-06-30,JAVA,0.006022827092599932
2008-06-30,JNJ,0.005807726125007077
2008-06-30,KO,0.006237928060192786
2008-06-30,LLL,0.008173836768528479
2008-06-30,LOM,0.01097014934723559
2008-06-30,MCD,0.008604038703714189
2008-06-30,MON,0.020004389986135487
2008-06-30,MUR,0.018498683212985506
2008-06-30,NBR,0.009249341606492753
2008-06-30,NEE,0.009894644509271317
2008-06-30,NEM,0.008388937736121333
2008-06-30,NKE,0.009034240638899897
2008-06-30,NSC,0.014411764828721266
2008-06-30,NTRS,0.006668129995378496
2008-06-30,NUE,0.010109745476864171
2008-06-30,ORCL,0.004947322254635659
2008-06-30,OXY,0.01892888514817121
2008-06-30,PCL,0.0023661106435214014
2008-06-30,PKI,0.0010755048379642736
2008-06-30,PPL,0.0017208077407428377
2008-06-30,PSA,0.0043020193518570945
2008-06-30,PX,0.01742317837502123
2008-06-30,QCI,0.004732221287042803
2008-06-30,R,0.01505706773149983
2008-06-30,RIG,0.015702370634278394
2008-06-30,RTN1,0.01419666386112841
2008-06-30,SIAL,0.017853380310206942
2008-06-30,SII,0.007528533865749915
2008-06-30,SLBA,0.0012906058055571282
2008-06-30,SNA,0.01226075515279272
2008-06-30,STR,0.012475856120385572
2008-06-30,TE,0.003871817416671385
2008-06-30,TJX,0.0114003512824213
2008-06-30,TMO,0.00774363483334277
2008-06-30,TYC,0.007098331930564205
2008-06-30,USX1,0.014626865796314118
2008-06-30,VAR,0.0021510096759285464
2008-06-30,VRSN,0.008819139671307043
2008-06-30,WMB,0.007313432898157059
2008-06-30,WMT,0.013551360958349846
2008-06-30,WU,0.0034416154814856754
2008-06-30,WWY,0.01548726966668554
2008-06-30,YUM,0.006883230962971351
2008-07-31,8686,0.016349384098544233
2008-07-31,AAPL*,0.004927211646136618
2008-07-31,AAZ,0.017469204927211646
2008-07-31,ABI,0.0020156774916013434
2008-07-31,ABT,0.0006718924972004479
2008-07-31,AIZ,0.014781634938409855
2008-07-31,AON,0.007166853303471445
2008-07-31,APA,0.019708846584546472
2008-07-31,APD,0.011198208286674132
2008-07-31,BAX,0.015901455767077268
2008-07-31,BCR,0.007838745800671893
2008-07-31,BDX,0.0047032474804031355
2008-07-31,BFB,0.006270996640537514
2008-07-31,BHI,0.0015677491601343784
2008-07-31,BIG,0.0026875699888017916
2008-07-31,BJS,0.00851063829787234
2008-07-31,BMC,0.011646136618141097
2008-07-31,BNI,0.012541993281075027
2008-07-31,BTU,0.02038073908174692
2008-07-31,BUD.2,0.01433370660694289
2008-07-31,CHK,0.020604703247480403
2008-07-31,CHRW,0.004479283314669653
2008-07-31,CNX,0.021052631578947368
2008-07-31,COP,0.008062709966405375
2008-07-31,COST,0.01276595744680851
2008-07-31,COV,0.013213885778275475
2008-07-31,CSX,0.013885778275475923
2008-07-31,CVS,0.009182530795072788
2008-07-31,CVX,0.010526315789473684
2008-07-31,DTV,0.0073908174692049276
2008-07-31,DVN,0.01948488241881299
2008-07-31,EOG,0.019260918253079507
2008-07-31,EP,0.015005599104143338
2008-07-31,ESRX,0.010078387458006719
2008-07-31,ESV,0.012989921612541993
2008-07-31,ETR,0.013437849944008958
2008-07-31,EXC,0.01702127659574468
2008-07-31,FCX*,0.006718924972004479
2008-07-31,FE,0.018365061590145577
2008-07-31,FLR,0.017245240761478164
2008-07-31,GD,0.004031354983202687
2008-07-31,GENZ,0.005375139977603583
2008-07-31,GILD,0.019036954087346025
2008-07-31,GIS,0.00761478163493841
2008-07-31,HAL,0.0167973124300112
2008-07-31,HAS,0.009406494960806271
2008-07-31,HCBK,0.01612541993281075
2008-07-31,HES,0.020156774916013438
2008-07-31,HNZ,0.0058230683090705485
2008-07-31,HSP,0.0008958566629339304
2008-07-31,IBM,0.0035834266517357216
2008-07-31,JAVA,0.006047032474804031
2008-07-31,JNJ,0.005151175811870101
2008-07-31,KR,0.0069428891377379615
2008-07-31,MCD,0.010750279955207167
2008-07-31,MON,0.020828667413213885
2008-07-31,MRK,0.002463605823068309
2008-07-31,MUR,0.018812989921612542
2008-07-31,NBR,0.019932810750279955
2008-07-31,NEE,0.008958566629339306
2008-07-31,NEM,0.01187010078387458
2008-07-31,NSC,0.009630459126539754
2008-07-31,NTRS,0.003359462486002239
2008-07-31,NUE,0.01791713325867861
2008-07-31,ORCL,0.003135498320268757
2008-07-31,OXY,0.018141097424412094
2008-07-31,PCL,0.00425531914893617
2008-07-31,PPL,0.006494960806270996
2008-07-31,PSA,0.008286674132138858
2008-07-31,PX,0.01522956326987682
2008-07-31,QCI,0.001119820828667413
2008-07-31,QLG,0.0004479283314669653
2008-07-31,R,0.012094064949608062
2008-07-31,RDC,0.0013437849944008958
2008-07-31,RIG,0.016573348264277716
2008-07-31,SE,0.005599104143337066
2008-07-31,SIAL,0.010302351623740201
2008-07-31,SII,0.009854423292273236
2008-07-31,SLBA,0.0029115341545352742
2008-07-31,SRE,0.0022396416573348264
2008-07-31,STR,0.01769316909294513
2008-07-31,TE,0.01366181410974244
2008-07-31,TJX,0.01097424412094065
2008-07-31,TMO,0.003807390817469205
2008-07-31,USX1,0.01858902575587906
2008-07-31,VAR,0.014557670772676373
2008-07-31,VRSN,0.011422172452407614
2008-07-31,WAT,0.00022396416573348266
2008-07-31,WMB,0.012318029115341545
2008-07-31,WMT,0.015453527435610303
2008-07-31,WU,0.014109742441209407
2008-07-31,WWY,0.015677491601343786
2008-07-31,XTO,0.008734602463605823
2008-07-31,YUM,0.0017917133258678617
2008-08-31,AAPL*,0.0008958566629339304
2008-08-31,AAZ,0.0051511758118701
2008-08-31,ABI,0.011422172452407614
2008-08-31,ABT,0.007838745800671893
2008-08-31,AIZ,0.012318029115341545
2008-08-31,AMGN,0.00851063829787234
2008-08-31,AON,0.0002239641657334826
2008-08-31,APA,0.015677491601343786
2008-08-31,APD,0.002911534154535274
2008-08-31,AVP,0.01276595744680851
2008-08-31,AZO,0.0026875699888017916
2008-08-31,BAX,0.019708846584546472
2008-08-31,BCR,0.010078387458006719
2008-08-31,BDX,0.01187010078387458
2008-08-31,BJS,0.009406494960806271
2008-08-31,BMC,0.0004479283314669652
2008-08-31,BNI,0.01769316909294513
2008-08-31,BRL,0.008286674132138858
2008-08-31,BTU,0.0167973124300112
2008-08-31,BUD.2,0.019260918253079507
2008-08-31,CELG,0.00425531914893617
2008-08-31,CHK,0.017469204927211646
2008-08-31,CL,0.008958566629339306
2008-08-31,CNX,0.019036954087346025
2008-08-31,COV,0.018365061590145577
2008-08-31,CPWR,0.010302351623740201
2008-08-31,CSX,0.02038073908174692
2008-08-31,DTV,0.009854423292273236
2008-08-31,DVN,0.010526315789473684
2008-08-31,ECL,0.003135498320268757
2008-08-31,EL,0.004031354983202688
2008-08-31,EOG,0.015005599104143338
2008-08-31,EP,0.004479283314669652
2008-08-31,EQR,0.0017917133258678612
2008-08-31,ESRX,0.013885778275475923
2008-08-31,ESV,0.011646136618141097
2008-08-31,EXC,0.006494960806270995
2008-08-31,FE,0.014781634938409855
2008-08-31,GD,0.01097424412094065
2008-08-31,GENZ,0.012989921612541993
2008-08-31,GILD,0.020828667413213885
2008-08-31,GIS,0.015901455767077268
2008-08-31,HAL,0.013213885778275475
2008-08-31,HAS,0.016349384098544233
2008-08-31,HCBK,0.015453527435610303
2008-08-31,HES,0.01702127659574468
2008-08-31,HNZ,0.012094064949608062
2008-08-31,HRB,0.01366181410974244
2008-08-31,IBM,0.0058230683090705485
2008-08-31,JAVA,0.004927211646136618
2008-08-31,JNJ,0.012541993281075027
2008-08-31,JNS,0.002015677491601344
2008-08-31,KR,0.003807390817469205
2008-08-31,LOM,0.0006718924972004479
2008-08-31,MCD,0.01522956326987682
2008-08-31,MKC,0.0069428891377379615
2008-08-31,MMC,0.0013437849944008958
2008-08-31,MON,0.021052631578947368
2008-08-31,MUR,0.013437849944008958
2008-08-31,NBR,0.008062709966405375
2008-08-31,NEE,0.007166853303471445
2008-08-31,NEM,0.005375139977603583
2008-08-31,NSC,0.01948488241881299
2008-08-31,NTRS,0.014109742441209407
2008-08-31,OXY,0.016573348264277716
2008-08-31,PCL,0.009182530795072788
2008-08-31,PKI,0.0033594624860022394
2008-08-31,PSA,0.0047032474804031355
2008-08-31,PX,0.01791713325867861
2008-08-31,QCI,0.017245240761478164
2008-08-31,QLG,0.01612541993281075
2008-08-31,R,0.011198208286674132
2008-08-31,RIG,0.014557670772676373
2008-08-31,ROH,0.006270996640537514
2008-08-31,SE,0.010750279955207167
2008-08-31,SIAL,0.01858902575587906
2008-08-31,SNA,0.0073908174692049276
2008-08-31,STJ,0.0035834266517357225
2008-08-31,STT,0.00761478163493841
2008-08-31,SWG,0.006047032474804031
2008-08-31,SYMC,0.0022396416573348264
2008-08-31,TE,0.005599104143337066
2008-08-31,THC,0.01433370660694289
2008-08-31,TJX,0.009630459126539754
2008-08-31,TMO,0.008734602463605823
2008-08-31,TROW,0.006718924972004479
2008-08-31,UST.1,0.002463605823068309
2008-08-31,USX1,0.018812989921612542
2008-08-31,VAR,0.019932810750279955
2008-08-31,WAT,0.0011198208286674132
2008-08-31,WMT,0.020604703247480403
2008-08-31,WU,0.020156774916013438
2008-08-31,WWY,0.018141097424412094
2008-08-31,YUM,0.0015677491601343784
2008-09-30,AAPL*,0.0021580754860173047
2008-09-30,AAZ,0.006278037777504887
2008-09-30,ABI,0.0031390188887524435
2008-09-30,ABT,0.008043735902428137
2008-09-30,ACS,0.002746641527658388
2008-09-30,AIZ,0.007651358541334081
2008-09-30,AMGN,0.003923773610940555
2008-09-30,AON,0.004119962291487582
2008-09-30,APA,0.011378943471727607
2008-09-30,AVP,0.008632301944069219
2008-09-30,AW,0.0019618868054702776
2008-09-30,AZO,0.013340830277197884
2008-09-30,BAX,0.016283660485403303
2008-09-30,BCR,0.005100905694222721
2008-09-30,BDX,0.00784754722188111
2008-09-30,BMC,0.0007847547221881109
2008-09-30,BNI,0.016872226527044384
2008-09-30,BRL,0.005689471735863804
2008-09-30,BTU,0.010594188749539496
2008-09-30,BUD.2,0.017068415207591413
2008-09-30,CHK,0.013144641596650858
2008-09-30,CL,0.004904717013675694
2008-09-30,CNX,0.012556075555009774
2008-09-30,COST,0.007062792499692999
2008-09-30,COV,0.01746079256868547
2008-09-30,CPWR,0.01294845291610383
2008-09-30,CSX,0.017853169929779523
2008-09-30,DTV,0.01118275479118058
2008-09-30,DVN,0.010005622707898414
2008-09-30,EL,0.014321773679933024
2008-09-30,EOG,0.013733207638291941
2008-09-30,ESRX,0.014714151041027081
2008-09-30,ESV,0.010201811388445442
2008-09-30,FE,0.011771320832821664
2008-09-30,GAS.2,0.002942830208205416
2008-09-30,GD,0.008436113263522192
2008-09-30,GENZ,0.014125584999385998
2008-09-30,GILD,0.016479849165950328
2008-09-30,GIS,0.014517962360480051
2008-09-30,GPS,0.0017656981249232497
2008-09-30,HAL,0.0068666038191459704
2008-09-30,HAS,0.015106528402121134
2008-09-30,HCBK,0.013537018957744914
2008-09-30,HES,0.015302717082668163
2008-09-30,HNZ,0.009613245346804359
2008-09-30,HRB,0.012752264235556802
2008-09-30,IBM,0.0011771320832821659
2008-09-30,JAVA,0.004316150972034609
2008-09-30,JNJ,0.009024679305163276
2008-09-30,LEG,0.006670415138598942
2008-09-30,LOM,0.004512339652581638
2008-09-30,MCD,0.011575132152274636
2008-09-30,MKC,0.00941705666625733
2008-09-30,MMC,0.01549890576321519
2008-09-30,MON,0.015891283124309246
2008-09-30,MRK,0.00039237736109405544
2008-09-30,MUR,0.004708528333128665
2008-09-30,NBR,0.005885660416410832
2008-09-30,NKE,0.00019618868054702772
2008-09-30,NSC,0.017656981249232494
2008-09-30,NTRS,0.012163698193915719
2008-09-30,OXY,0.01196750951336869
2008-09-30,PCL,0.007455169860787054
2008-09-30,PLL,0.001373320763829194
2008-09-30,PNC,0.0009809434027351388
2008-09-30,PSA,0.010986566110633552
2008-09-30,PX,0.0064742264580519154
2008-09-30,QCI,0.012359886874462747
2008-09-30,QLG,0.014910339721574108
2008-09-30,R,0.01569509444376222
2008-09-30,RIG,0.006081849096957859
2008-09-30,ROH,0.009220867985710304
2008-09-30,SE,0.005493283055316776
2008-09-30,SIAL,0.010790377430086524
2008-09-30,SNA,0.009809434027351387
2008-09-30,SO,0.0035313962498464994
2008-09-30,SPLS,0.010398000068992469
2008-09-30,STJ,0.0023542641665643326
2008-09-30,SWG,0.005297094374769748
2008-09-30,SYMC,0.0072589811802400254
2008-09-30,TE,0.003335207569299471
2008-09-30,TEG,0.0005885660416410832
2008-09-30,THC,0.016087471804856274
2008-09-30,TJX,0.017264603888138438
2008-09-30,TMO,0.003727584930393527
2008-09-30,TROW,0.002550452847111361
2008-09-30,UST.1,0.008239924582975164
2008-09-30,USX1,0.008828490624616247
2008-09-30,VAR,0.01804935861032655
2008-09-30,WMT,0.01824554729087358
2008-09-30,WU,0.016676037846497356
2008-09-30,WWY,0.013929396318838968
2008-09-30,YUM,0.0015695094443762218
2008-10-31,ABT,0.008360377037368822
2008-10-31,ACS,0.0026656274611900586
2008-10-31,ALTR,0.00581591446077831
2008-10-31,AMGN,0.0038772763071855403
2008-10-31,AON,0.0021809679227918666
2008-10-31,APA,0.003029122114988703
2008-10-31,AVP,0.004240770960984185
2008-10-31,AZO,0.002059803038192318
2008-10-31,BAX,0.009693190767963851
2008-10-31,BCR,0.010177850306362042
2008-10-31,BFB,0.00036349465379864436
2008-10-31,BIG,0.0077545526143710805
2008-10-31,BNI,0.006664068652975147
2008-10-31,BRL,0.0075122228451719834
2008-10-31,BUD.2,0.01090483961395933
2008-10-31,CB,0.005452419806979665
2008-10-31,CELG,0.0008481541921968368
2008-10-31,CHRW,0.0047254304993823775
2008-10-31,CL,0.0014539786151945774
2008-10-31,CLX,0.002907957230389155
2008-10-31,COST,0.00024232976919909624
2008-10-31,COV,0.011268334267757975
2008-10-31,CPB,0.007269893075972887
2008-10-31,CPWR,0.0016963083843936737
2008-10-31,CSX,0.0098143556525634
2008-10-31,DGX,0.00048465953839819253
2008-10-31,DHI,0.004119606076384637
2008-10-31,DTV,0.00193863815359277
2008-10-31,DVN,0.0015751434997941256
2008-10-31,ECL,0.006058244229977406
2008-10-31,EL,0.009935520537162948
2008-10-31,EOG,0.0033926167687873474
2008-10-31,EQR,0.007633387729771532
2008-10-31,ESRX,0.009450860998764755
2008-10-31,ESV,0.005088925153181021
2008-10-31,FE,0.00012116488459954812
2008-10-31,GAS.2,0.004967760268581474
2008-10-31,GENZ,0.006785233537574695
2008-10-31,GILD,0.00181747326899322
2008-10-31,GIS,0.011147169383158427
2008-10-31,GWW,0.0006058244229977407
2008-10-31,HAS,0.008966201460366563
2008-10-31,HCBK,0.010056685421762494
2008-10-31,HES,0.007148728191373339
2008-10-31,HNZ,0.008723871691167466
2008-10-31,HPC,0.0055735846915792135
2008-10-31,HRB,0.005694749576178762
2008-10-31,IBM,0.0035137816533868955
2008-10-31,INTU,0.0013328137305950293
2008-10-31,JAVA,0.005937079345377858
2008-10-31,JNJ,0.009208531229565659
2008-10-31,JPM,0.0025444625765905105
2008-10-31,K,0.007996882383570178
2008-10-31,KFT,0.0009693190767963851
2008-10-31,LEG,0.00787571749897063
2008-10-31,LH,0.004483100730183281
2008-10-31,LOM,0.002423297691990963
2008-10-31,LUV,0.004846595383981926
2008-10-31,MCD,0.006179409114576954
2008-10-31,MDT,0.007027563306773791
2008-10-31,MKC,0.008602706806567918
2008-10-31,MMC,0.010541344960160686
2008-10-31,MON,0.00399844119178509
2008-10-31,NKE,0.0036349465379864436
2008-10-31,NSC,0.010783674729359783
2008-10-31,NTRS,0.0007269893075972887
2008-10-31,OXY,0.004604265614782829
2008-10-31,PCL,0.008845036575767014
2008-10-31,PG,0.003150286999588251
2008-10-31,PHM,0.0012116488459954814
2008-10-31,PNC,0.005210090037780569
2008-10-31,PSA,0.010662509844760235
2008-10-31,QCI,0.0032714518841877992
2008-10-31,QLG,0.0023021328073914143
2008-10-31,R,0.011026004498558879
2008-10-31,RL,0.0010904839613959333
2008-10-31,ROH,0.009329696114165207
2008-10-31,SIAL,0.004361935845583733
2008-10-31,SNA,0.006300573999176502
2008-10-31,SO,0.00642173888377605
2008-10-31,STJ,0.008239212152769274
2008-10-31,SWG,0.00848154192196837
2008-10-31,SYMC,0.005331254922380117
2008-10-31,TFC,0.0037561114225859917
2008-10-31,THC,0.010420180075561138
2008-10-31,TJX,0.006906398422174243
2008-10-31,USB,0.008118047268169726
2008-10-31,UST.1,0.01029901519096159
2008-10-31,UUM,0.007391057960572435
2008-10-31,VAR,0.009572025883364303
2008-10-31,WFC*,0.0065429037683755985
2008-10-31,WHR,0.0027867923457896068
2008-10-31,WMT,0.011389499152357523
2008-10-31,WU,0.00908736634496611
2008-11-30,ABI,0.0028436406440012865
2008-11-30,ABT,0.006256009416802829
2008-11-30,ACS,0.008957468028604051
2008-11-30,ALTR,0.007535647706603408
2008-11-30,AMGN,0.010948016479404951
2008-11-30,APA,0.004407642998201993
2008-11-30,APOL,0.008673103964203923
2008-11-30,AW,0.006398191449002894
2008-11-30,AZO,0.012654200865805723
2008-11-30,BAX,0.009952742254004502
2008-11-30,BCR,0.011374562576005146
2008-11-30,BIG,0.012227654769205532
2008-11-30,BMS,0.006682555513403023
2008-11-30,BNI,0.01123238054380508
2008-11-30,BRL,0.011658926640405272
2008-11-30,CB,0.007251283642203279
2008-11-30,CELG,0.010094924286204565
2008-11-30,CHRW,0.009810560221804439
2008-11-30,CLX,0.005118553159202315
2008-11-30,COF,0.0011374562576005145
2008-11-30,COV,0.011801108672605339
2008-11-30,CPB,0.010805834447204888
2008-11-30,CPWR,0.003696732837201672
2008-11-30,CSX,0.011090198511605016
2008-11-30,D,0.0025592765796011575
2008-11-30,DF,0.005687281288002573
2008-11-30,DTV,0.0031280047084014146
2008-11-30,DVN,0.009099650060804116
2008-11-30,EOG,0.009384014125204244
2008-11-30,EQR,0.007962193803203602
2008-11-30,ESRX,0.005545099255802508
2008-11-30,FDO,0.011943290704805402
2008-11-30,GAS.2,0.011516744608205209
2008-11-30,GENZ,0.008530921932003858
2008-11-30,GILD,0.008815285996403986
2008-11-30,GIS,0.012938564930205851
2008-11-30,GWW,0.0029858226762013505
2008-11-30,HAS,0.010521470382804758
2008-11-30,HCBK,0.013222928994605981
2008-11-30,HD,0.0007109101610003216
2008-11-30,HES,0.007393465674403344
2008-11-30,HNZ,0.003838914869401736
2008-11-30,HRB,0.009668378189604372
2008-11-30,HSY,0.006966919577803151
2008-11-30,IBM,0.003270186740601479
2008-11-30,INTU,0.0019905484508009005
2008-11-30,JAVA,0.003981096901601801
2008-11-30,JPM,0.007820011771003537
2008-11-30,K,0.004834189094802186
2008-11-30,KBH,0.003554550805001608
2008-11-30,KG,0.0001421820322000643
2008-11-30,KR,0.005260735191402379
2008-11-30,LEG,0.004265460966001929
2008-11-30,LOW,0.005971645352402701
2008-11-30,LUV,0.0015640023542007075
2008-11-30,MBI,0.004123278933801865
2008-11-30,MCD,0.00924183209300418
2008-11-30,MCHP,0.002701458611801222
2008-11-30,MKC,0.002132730483000965
2008-11-30,MMC,0.012796382898005788
2008-11-30,MON,0.003412368772801543
2008-11-30,MTZ,0.006824737545603086
2008-11-30,NKE,0.002274912515201029
2008-11-30,NSC,0.012512018833605658
2008-11-30,ORCL,0.004692007062602122
2008-11-30,OXY,0.001421820322000643
2008-11-30,PCL,0.0002843640644001281
2008-11-30,PHM,0.010379288350604695
2008-11-30,PNC,0.006540373481202958
2008-11-30,PSA,0.010663652415004823
2008-11-30,PTV,0.007677829738803472
2008-11-30,QCI,0.008388739899803793
2008-11-30,QLG,0.007109101610003216
2008-11-30,R,0.00824655786760373
2008-11-30,ROH,0.012085472737005465
2008-11-30,SHW,0.005402917223602444
2008-11-30,SIAL,0.000568728128800257
2008-11-30,SO,0.000426546096600193
2008-11-30,STJ,0.008104375835403665
2008-11-30,SWG,0.001279638289800579
2008-11-30,TEG,0.002417094547401093
2008-11-30,TFC,0.009526196157404309
2008-11-30,THC,0.005829463320202636
2008-11-30,TJX,0.004549825030402058
2008-11-30,USB,0.004976371127002251
2008-11-30,UST.1,0.012369836801405595
2008-11-30,VAR,0.006113827384602766
2008-11-30,WFC*,0.01023710631840463
2008-11-30,WM,0.0009952742254004502
2008-11-30,WMT,0.013080746962405916
2008-11-30,WPI,0.0017061843864007715
2008-11-30,XLNX,0.0008530921932003858
2008-11-30,ZION,0.001848366418600836
2008-12-31,ABT,0.0052555035670092355
2008-12-31,ACS,0.006038238140819121
2008-12-31,ADP,0.006820972714629007
2008-12-31,ALTR,0.0007827345738098861
2008-12-31,AMGN,0.009951911009868551
2008-12-31,AON,0.007044611164288974
2008-12-31,APA,0.0008945537986398697
2008-12-31,APOL,0.00928099566088865
2008-12-31,AZO,0.005814599691159154
2008-12-31,BAX,0.005479142016669202
2008-12-31,BIG,0.009392814885718633
2008-12-31,BIIB,0.003466395969729495
2008-12-31,BLL,0.002012746046939707
2008-12-31,BMS,0.008610080311908746
2008-12-31,BNI,0.006709153489799023
2008-12-31,CB,0.00659733426496904
2008-12-31,CELG,0.0096164533353786
2008-12-31,CHRW,0.007380068838778926
2008-12-31,CLX,0.0048082266676893
2008-12-31,CMCSA,0.007715526513268877
2008-12-31,COF,0.002795480620749593
2008-12-31,COV,0.0033545767448995116
2008-12-31,CPB,0.005367322791839218
2008-12-31,CPWR,0.004360949768369365
2008-12-31,CSX,0.005590961241499186
2008-12-31,CVX,0.0025718421710896255
2008-12-31,DC7,0.0004472768993199349
2008-12-31,DGX,0.002683661395919609
2008-12-31,DTV,0.0074918880636089084
2008-12-31,DVN,0.004696407442859317
2008-12-31,EOG,0.008162803412588812
2008-12-31,EQR,0.004025492093879414
2008-12-31,ESRX,0.0015654691476197722
2008-12-31,F,0.00022363844965996745
2008-12-31,FDO,0.010399187909188486
2008-12-31,FE,0.0024600229462596415
2008-12-31,FHN,0.0023482037214296583
2008-12-31,GAS.2,0.008050984187758828
2008-12-31,GENZ,0.0017891075972797394
2008-12-31,GILD,0.007827345738098861
2008-12-31,GIS,0.010063730234698535
2008-12-31,HAS,0.009169176436058664
2008-12-31,HCBK,0.009840091785038566
2008-12-31,HD,0.005031865117349267
2008-12-31,HRB,0.00905735721122868
2008-12-31,HSY,0.006485515040139055
2008-12-31,JPM,0.003242757520069528
2008-12-31,KFT,0.0010063730234698535
2008-12-31,KG,0.007268249613948941
2008-12-31,KR,0.009504634110548615
2008-12-31,LEG,0.006150057365649104
2008-12-31,LOW,0.00693279193945899
2008-12-31,MBI,0.006261876590479088
2008-12-31,MCD,0.00872189953673873
2008-12-31,MMC,0.007939164962928843
2008-12-31,MTZ,0.005143684342179251
2008-12-31,NEM,0.0021245652717696907
2008-12-31,NKE,0.0014536499227897884
2008-12-31,NSC,0.008386441862248779
2008-12-31,PCG,0.0022363844965996747
2008-12-31,PCL,0.0011181922482998373
2008-12-31,PG,0.0012300114731298207
2008-12-31,PGR,0.0006709153489799023
2008-12-31,PHM,0.008833718761568713
2008-12-31,PNC,0.004584588218029332
2008-12-31,PSA,0.007603707288438892
2008-12-31,PTV,0.0071564303891189585
2008-12-31,QCI,0.005926418915989137
2008-12-31,QLG,0.002907299845579577
2008-12-31,R,0.004137311318709397
2008-12-31,RL,0.0016772883724497558
2008-12-31,ROH,0.009728272560208584
2008-12-31,RRC,0.003130938295239544
2008-12-31,SHW,0.008945537986398699
2008-12-31,SIAL,0.00011181922482998371
2008-12-31,SNA,0.0013418306979598046
2008-12-31,SO,0.005702780466329169
2008-12-31,SYMC,0.004472768993199349
2008-12-31,TAP,0.006373695815309072
2008-12-31,TE,0.0039136728690494305
2008-12-31,TFC,0.008498261087078763
2008-12-31,USB,0.004920045892519283
2008-12-31,UST.1,0.010175549459528518
2008-12-31,VAR,0.0005590961241499189
2008-12-31,VFC,0.00033545767448995114
2008-12-31,VMC,0.003801853644219446
2008-12-31,WFC*,0.008274622637418794
2008-12-31,WM,0.001900926822109723
2008-12-31,WMT,0.010287368684358502
2008-12-31,WPI,0.0030191190704095604
2008-12-31,WYE,0.0035782151945594792
2008-12-31,XTO,0.003690034419389463
2008-12-31,ZION,0.004249130543539381
2009-01-31,ABT,0.00616062104109315
2009-01-31,ACS,0.00893290050958507
2009-01-31,ADP,0.009548962613694385
2009-01-31,ALTR,0.010627071295885686
2009-01-31,AMGN,0.01370738181643226
2009-01-31,AON,0.01247525760821363
2009-01-31,APOL,0.01001100919177637
2009-01-31,AZO,0.013091319712322946
2009-01-31,BBBY,0.0023102328904099317
2009-01-31,BFB,0.004774481306847192
2009-01-31,BIG,0.007700776301366439
2009-01-31,BIIB,0.0010781086821913012
2009-01-31,BLL,0.008008807353421098
2009-01-31,BMS,0.0058525899890384935
2009-01-31,BMY,0.010935102347940342
2009-01-31,BNI,0.004312434728765206
2009-01-31,BRCM,0.0035423570986285622
2009-01-31,CA,0.003234326046573904
2009-01-31,CB,0.009856993665749042
2009-01-31,CELG,0.010165024717803698
2009-01-31,CHRW,0.010319040243831028
2009-01-31,CL,0.002156217364382603
2009-01-31,CLX,0.0024642484164372606
2009-01-31,CMCSA,0.008470853931503083
2009-01-31,CMI,0.0001540155260273288
2009-01-31,CPB,0.008624869457530411
2009-01-31,CPWR,0.005698574463011164
2009-01-31,CSC,0.005390543410956508
2009-01-31,CVX,0.0012321242082186303
2009-01-31,DGX,0.012167226556158976
2009-01-31,DOV,0.002618263942464589
2009-01-31,DRI,0.010781086821913016
2009-01-31,DTV,0.011397148926022328
2009-01-31,EOG,0.0030803105205465756
2009-01-31,FDO,0.01401541286848692
2009-01-31,GAS.2,0.004158419202737877
2009-01-31,GILD,0.013245335238350274
2009-01-31,GIS,0.01386139734245959
2009-01-31,GWW,0.010473055769858356
2009-01-31,HAS,0.012937304186295616
2009-01-31,HCBK,0.009702978139721713
2009-01-31,HRB,0.013399350764377604
2009-01-31,HSY,0.009240931561639727
2009-01-31,JNJ,0.006776683145202467
2009-01-31,K,0.006006605515065822
2009-01-31,KFT,0.006622667619175137
2009-01-31,KG,0.011089117873967672
2009-01-31,KR,0.012783288660268287
2009-01-31,LEG,0.002772279468491918
2009-01-31,LLTC,0.0009240931561639727
2009-01-31,LOW,0.00030803105205465774
2009-01-31,MBI,0.005544558936983836
2009-01-31,MCD,0.014169428394514249
2009-01-31,MHS,0.00754676077533911
2009-01-31,MKC,0.00877888498355774
2009-01-31,MMC,0.0038503881506832195
2009-01-31,NEM,0.0029262949945192468
2009-01-31,NSC,0.004928496832874521
2009-01-31,NUE,0.005082512358901849
2009-01-31,ORCL,0.0007700776301366438
2009-01-31,OXY,0.007392745249311781
2009-01-31,PA9,0.0070847141972571245
2009-01-31,PCG,0.0072387297232844525
2009-01-31,PCL,0.0018481863123279453
2009-01-31,PG,0.006930698671229795
2009-01-31,PHM,0.003696372624655891
2009-01-31,PSA,0.011243133399995001
2009-01-31,PTV,0.004466450254792535
2009-01-31,QCI,0.005236527884929178
2009-01-31,QLG,0.009394947087667057
2009-01-31,ROH,0.01262927313424096
2009-01-31,RSHCQ,0.00046204657808198633
2009-01-31,SCN,0.006468652093147808
2009-01-31,SHW,0.012013211030131645
2009-01-31,SIAL,0.0006160621041093151
2009-01-31,SNA,0.0016941707863006167
2009-01-31,SO,0.011859195504104315
2009-01-31,STJ,0.001386139734245959
2009-01-31,STZ,0.0033883415726012334
2009-01-31,SYMC,0.0020022018383552744
2009-01-31,TAP,0.0123212420821863
2009-01-31,TFC,0.004004403676710549
2009-01-31,UUM,0.00631463656712048
2009-01-31,VMC,0.008316838405475754
2009-01-31,WFC*,0.007854791827393768
2009-01-31,WIN,0.0015401552602732876
2009-01-31,WM,0.011705179978076987
2009-01-31,WMT,0.013553366290404933
2009-01-31,WPI,0.011551164452049657
2009-01-31,WYE,0.009086916035612397
2009-01-31,XOM,0.0046204657808198634
2009-01-31,YUM,0.008162822879448426
2009-02-28,AAPL*,0.0014863554001044415
2009-02-28,ABC,0.0033030120002320923
2009-02-28,ABT,0.013872650400974788
2009-02-28,ACS,0.007927228800557021
2009-02-28,ADP,0.008422680600591835
2009-02-28,ALTR,0.009578734800673068
2009-02-28,AMGN,0.015028704601056021
2009-02-28,AMZN,0.01106509020077751
2009-02-28,AN,0.0013212048000928371
2009-02-28,AON,0.005284819200371349
2009-02-28,APOL,0.014863554001044416
2009-02-28,AZO,0.014533252801021208
2009-02-28,BAX,0.012551445600881951
2009-02-28,BBBY,0.0054499698003829524
2009-02-28,BBY,0.0006606024000464186
2009-02-28,BIG,0.006936325200487394
2009-02-28,BIIB,0.0066060240004641845
2009-02-28,BLL,0.006771174600475789
2009-02-28,BMS,0.009909036000696278
2009-02-28,BMY,0.009743885400684674
2009-02-28,BRCM,0.008257530000580231
2009-02-28,BSX,0.001816656600127651
2009-02-28,CELG,0.010734789000754301
2009-02-28,CHRW,0.009413584200661464
2009-02-28,CNP,0.008752981800615045
2009-02-28,COV,0.0075969276005338135
2009-02-28,CPB,0.009248433600649858
2009-02-28,CPWR,0.008092379400568627
2009-02-28,CSC,0.0077620782005454175
2009-02-28,D,0.0011560542000812323
2009-02-28,DF,0.010899939600765905
2009-02-28,DGX,0.013707499800963183
2009-02-28,DRI,0.010074186600707883
2009-02-28,DTV,0.004459066200313324
2009-02-28,ED,0.012716596200893555
2009-02-28,EQ,0.005615120400394556
2009-02-28,ESRX,0.008918132400626649
2009-02-28,FDO,0.015193855201067627
2009-02-28,FTR,0.0003303012000232093
2009-02-28,GAS.2,0.012881746800905161
2009-02-28,GENZ,0.011725692600823926
2009-02-28,GILD,0.014037801000986394
2009-02-28,GIS,0.014368102201009602
2009-02-28,GWW,0.012386295000870346
2009-02-28,HAS,0.011560542000812324
2009-02-28,HRB,0.014202951600997996
2009-02-28,HSY,0.013046897400916765
2009-02-28,INTU,0.003468162600243697
2009-02-28,ITT,0.002972710800208883
2009-02-28,JNJ,0.004954518000348139
2009-02-28,K,0.0004954518000348136
2009-02-28,KFT,0.004789367400336534
2009-02-28,KG,0.0037984638002669067
2009-02-28,KR,0.0064408734004525806
2009-02-28,KSS,0.00429391560030172
2009-02-28,LEG,0.0023121084001624646
2009-02-28,LLTC,0.005780271000406163
2009-02-28,LSI,0.0009909036000696277
2009-02-28,MBI,0.007266626400510604
2009-02-28,MCD,0.01469840340103281
2009-02-28,MHS,0.013377198600939975
2009-02-28,MKC,0.009083283000638254
2009-02-28,MYL,0.011890843200835532
2009-02-28,NEM,0.005119668600359744
2009-02-28,NTRS,0.007101475800498998
2009-02-28,ORCL,0.005945421600417766
2009-02-28,PCG,0.013542349200951579
2009-02-28,PHM,0.003137861400220488
2009-02-28,PNW,0.00858783120060344
2009-02-28,PTV,0.003963614400278511
2009-02-28,QCI,0.003633313200255302
2009-02-28,QLG,0.002642409600185674
2009-02-28,ROH,0.013212048000928369
2009-02-28,RSHCQ,0.00214695780015086
2009-02-28,SCN,0.007431777000522208
2009-02-28,SHW,0.010569638400742697
2009-02-28,SNDK,0.00016515060001160464
2009-02-28,SO,0.011230240800789113
2009-02-28,STJ,0.006110572200429371
2009-02-28,STZ,0.0041287650002901155
2009-02-28,SUN,0.002807560200197278
2009-02-28,SVU,0.0016515060001160461
2009-02-28,SYMC,0.011395391400800719
2009-02-28,TAP,0.0008257530000580233
2009-02-28,TE,0.004624216800324929
2009-02-28,VMC,0.00247725900017407
2009-02-28,WM,0.010404487800731091
2009-02-28,WMT,0.010239337200719487
2009-02-28,WPI,0.012055993800847138
2009-02-28,WYE,0.012221144400858742
2009-02-28,XEL,0.006275722800440976
2009-02-28,YUM,0.0019818072001392554
2009-03-31,ABT,0.0013522526886779705
2009-03-31,ACS,0.007801457819295984
2009-03-31,ADP,0.002184408189402876
2009-03-31,AKAM,0.004992933004349429
2009-03-31,ALTR,0.0055130301923024955
2009-03-31,AMGN,0.009153710507973953
2009-03-31,AMZN,0.008113516132067823
2009-03-31,AN,0.004472835816396364
2009-03-31,ANTM,0.005929107942664948
2009-03-31,AON,0.008217535569658437
2009-03-31,APOL,0.00936174938315518
2009-03-31,AZO,0.009257729945564569
2009-03-31,BAX,0.005200971879530656
2009-03-31,BBBY,0.0024964665021747147
2009-03-31,BBY,0.00468087469157759
2009-03-31,BIG,0.004576855253986977
2009-03-31,BIIB,0.0037446997532620723
2009-03-31,BLL,0.006657244005799239
2009-03-31,BMC,0.0074893995065241446
2009-03-31,BMS,0.0011442138134967438
2009-03-31,BMY,0.003952738628443298
2009-03-31,BRCM,0.007177341193752305
2009-03-31,CHRW,0.0008321555007249053
2009-03-31,CLX,0.0020803887518122625
2009-03-31,CMS,0.0031205831277183937
2009-03-31,CPWR,0.006761263443389853
2009-03-31,CSC,0.006865282880980466
2009-03-31,DF,0.008737632757611502
2009-03-31,DGX,0.008841652195202115
2009-03-31,DHI,0.0018723498766310361
2009-03-31,DRI,0.007697438381705371
2009-03-31,DTV,0.0002080388751812259
2009-03-31,ED,0.0047848941291682035
2009-03-31,EQ,0.006553224568208627
2009-03-31,ESRX,0.000520097187953066
2009-03-31,F,0.00010401943759061311
2009-03-31,FDO,0.009465768820745794
2009-03-31,FHN,0.003640680315671459
2009-03-31,GAS.2,0.008009496694477211
2009-03-31,GILD,0.004888913566758815
2009-03-31,GIS,0.001976369314221649
2009-03-31,GNW,0.0014562721262685837
2009-03-31,GOOGL,0.004368816378805751
2009-03-31,GWW,0.005617049629893109
2009-03-31,HAS,0.005825088505074335
2009-03-31,HIG,0.0015602915638591969
2009-03-31,HRB,0.007905477256886596
2009-03-31,HSY,0.006449205130618013
2009-03-31,HUM,0.0006241166255436787
2009-03-31,IBM,0.0017683304390404232
2009-03-31,INTU,0.004160777503624525
2009-03-31,ITT,0.0010401943759061312
2009-03-31,KG,0.0063451856930274
2009-03-31,KSS,0.00530499131712127
2009-03-31,LEG,0.0040567580660339116
2009-03-31,LLTC,0.0003120583127718393
2009-03-31,LSI,0.0023924470645841018
2009-03-31,LUMN,0.0032246025653090067
2009-03-31,MBI,0.006137146817846174
2009-03-31,MCD,0.0069693023185710785
2009-03-31,MCK,0.0042647969412151375
2009-03-31,MHS,0.007593418944114757
2009-03-31,MIL.,0.002704505377355941
2009-03-31,MKC,0.0030165636901277803
2009-03-31,MO,0.005721069067483721
2009-03-31,MU,0.003432641440490233
2009-03-31,MYL,0.008945671632792728
2009-03-31,NEM,0.00832155500724905
2009-03-31,NTAP,0.0022884276269934884
2009-03-31,NTRS,0.006033127380255561
2009-03-31,PCG,0.009049691070383342
2009-03-31,PEAK,0.0007281360631342918
2009-03-31,QCI,0.005409010754711882
2009-03-31,QLG,0.00041607775036245267
2009-03-31,QWST,0.002600485939765328
2009-03-31,ROH,0.00863361332002089
2009-03-31,S,0.0038487191908526857
2009-03-31,SCN,0.006241166255436787
2009-03-31,SHW,0.007385380068933532
2009-03-31,SNDK,0.0009361749383155181
2009-03-31,STJ,0.0035366608780808464
2009-03-31,STZ,0.005096952441940043
2009-03-31,SUN,0.0012482332510873574
2009-03-31,SYMC,0.007073321756161693
2009-03-31,TDC,0.0033286220028996196
2009-03-31,TSO,0.0029125442525371674
2009-03-31,VMC,0.0016643110014498098
2009-03-31,WMT,0.007281360631342918
2009-03-31,WPI,0.008425574444839663
2009-03-31,WYE,0.008529593882430275
2009-03-31,XEL,0.0028085248149465544
2009-04-30,ABT,0.0047717456998165415
2009-04-30,ACS,0.006919031264733985
2009-04-30,AG4,0.006203269409761503
2009-04-30,AIG*,0.0032209283473761657
2009-04-30,AKAM,0.00035788092748624024
2009-04-30,ALTR,0.005368213912293609
2009-04-30,AMD,0.0031016347048807517
2009-04-30,AMGN,0.010497840539596391
2009-04-30,AMZN,0.009304904114642255
2009-04-30,AN,0.008708435902165187
2009-04-30,ANTM,0.003578809274862406
2009-04-30,AON,0.006680443979743158
2009-04-30,APOL,0.010736427824587218
2009-04-30,AZO,0.010617134182091805
2009-04-30,BBBY,0.00405598384484406
2009-04-30,BBY,0.008827729544660603
2009-04-30,BIG,0.006322563052256917
2009-04-30,BIIB,0.007396205834715639
2009-04-30,BLL,0.0034595156323669923
2009-04-30,BMC,0.009185610472146843
2009-04-30,BMS,0.004413864772330301
2009-04-30,BMY,0.009901372327119325
2009-04-30,BRCM,0.005606801197284436
2009-04-30,CA,0.0016701109949357894
2009-04-30,CLX,0.009424197757137669
2009-04-30,CMS,0.0014315237099449625
2009-04-30,CPWR,0.008589142259669775
2009-04-30,CSC,0.006799737622238572
2009-04-30,CTAS,0.004533158414825714
2009-04-30,DF,0.005964682124770676
2009-04-30,DGX,0.008469848617174362
2009-04-30,DHI,0.0036981029173578195
2009-04-30,DRI,0.009662785042128497
2009-04-30,DTV,0.007992674047192706
2009-04-30,ED,0.00811196768968812
2009-04-30,EQ,0.008231261332183534
2009-04-30,FDO,0.010855721467082632
2009-04-30,FHN,0.00978207868462391
2009-04-30,GAS.2,0.008947023187156015
2009-04-30,GILD,0.005845388482275263
2009-04-30,GNW,0.00202799192242203
2009-04-30,GWW,0.0009543491399633085
2009-04-30,HIG,0.0005964682124770678
2009-04-30,HRB,0.004294571129834887
2009-04-30,HSP,0.003817396559853233
2009-04-30,HSY,0.007754086762201879
2009-04-30,IBM,0.000477174569981654
2009-04-30,INTU,0.010020665969614737
2009-04-30,JAVA,0.0010736427824587218
2009-04-30,JBL,0.0008350554974678947
2009-04-30,KBH,0.0027437537773945114
2009-04-30,KSS,0.007157618549724812
2009-04-30,LEG,0.005010332984807369
2009-04-30,LUMN,0.006561150337247744
2009-04-30,MBI,0.007634793119706466
2009-04-30,MCD,0.005487507554789023
2009-04-30,MHS,0.001908698279926617
2009-04-30,MIL.,0.001312230067449549
2009-04-30,MU,0.0025051664924036843
2009-04-30,MYL,0.010378546897100977
2009-04-30,NEM,0.010259253254605565
2009-04-30,NOVL,0.001789404637431203
2009-04-30,NTRS,0.005129626627302783
2009-04-30,NVLS,0.0046524520573211275
2009-04-30,ORCL,0.00572609483977985
2009-04-30,PCG,0.007515499477211053
2009-04-30,PHM,0.007038324907229399
2009-04-30,QCI,0.008350554974678947
2009-04-30,QLG,0.004175277487339473
2009-04-30,RL,0.002624460134899098
2009-04-30,RSHCQ,0.003936690202348647
2009-04-30,S,0.0011929364249541356
2009-04-30,SCN,0.006441856694752331
2009-04-30,SHW,0.009066316829651429
2009-04-30,SNDK,0.003340221989871579
2009-04-30,SPLS,0.002266579207412857
2009-04-30,SRE,0.00011929364249541353
2009-04-30,STJ,0.00608397576726609
2009-04-30,STZ,0.00023858728499082712
2009-04-30,SWG,0.0015508173524403758
2009-04-30,SYMC,0.007873380404697294
2009-04-30,TDC,0.004891039342311955
2009-04-30,TE,0.0021472855649174436
2009-04-30,TJX,0.002863047419889925
2009-04-30,TLAB,0.007276912192220225
2009-04-30,TSO,0.0023858728499082708
2009-04-30,VMC,0.0007157618549724814
2009-04-30,WMT,0.005248920269798196
2009-04-30,WPI,0.01013995961211015
2009-04-30,WYE,0.009543491399633083
2009-04-30,XEL,0.002982341062385338
2009-05-31,ACS,0.004401104550427436
2009-05-31,AEC1,0.0018456244888889245
2009-05-31,AMGN,0.012209515849572887
2009-05-31,AMZN,0.011073746933333548
2009-05-31,AN,0.012067544735042969
2009-05-31,AON,0.002839422290598346
2009-05-31,APOL,0.012635429193162639
2009-05-31,AZO,0.012777400307692555
2009-05-31,BBBY,0.010221920246154044
2009-05-31,BBY,0.00780841129914545
2009-05-31,BIG,0.00894418021538479
2009-05-31,BMC,0.004117162321367601
2009-05-31,BMS,0.008660237986324953
2009-05-31,BMY,0.00028394222905983417
2009-05-31,BRCM,0.002555480061538511
2009-05-31,CBE,0.0012777400307692555
2009-05-31,CCE,0.008234324642735201
2009-05-31,CLX,0.010363891360683962
2009-05-31,COH,0.0022715378324786764
2009-05-31,CPPRQ,0.007382497955555698
2009-05-31,CPWR,0.0017036533743590076
2009-05-31,CTAS,0.004685046779487271
2009-05-31,CTXS,0.003975191206837684
2009-05-31,DF,0.010079949131624128
2009-05-31,DGX,0.011783602505983136
2009-05-31,DHI,0.011641631391453217
2009-05-31,DRI,0.011925573620513052
2009-05-31,DTV,0.004827017894017188
2009-05-31,ECL,0.0021295667179487593
2009-05-31,ESRX,0.008518266871795037
2009-05-31,F,0.01050586247521388
2009-05-31,FDO,0.012919371422222473
2009-05-31,FHN,0.01249345807863272
2009-05-31,GPS,0.007098555726495864
2009-05-31,GWW,0.008092353528205285
2009-05-31,HD,0.009654035788034376
2009-05-31,HSP,0.001987595603418842
2009-05-31,HSY,0.007666440184615534
2009-05-31,JAVA,0.0066726423829061125
2009-05-31,JBL,0.003691248977777849
2009-05-31,JNPR,0.005678844581196692
2009-05-31,JPM,0.003833220092307767
2009-05-31,KBH,0.009370093558974541
2009-05-31,KSS,0.0114996602769233
2009-05-31,LOW,0.007950382413675367
2009-05-31,M,0.00156168225982909
2009-05-31,MAR,0.002981393405128263
2009-05-31,MBI,0.009086151329914706
2009-05-31,MCO,0.005962786810256526
2009-05-31,MDP,0.006956584611965947
2009-05-31,MHS,0.003549277863247932
2009-05-31,MWW,0.00042591334358975185
2009-05-31,MYL,0.011215718047863464
2009-05-31,NEM,0.007524469070085616
2009-05-31,NTAP,0.0008518266871795037
2009-05-31,NVLS,0.0007098555726495863
2009-05-31,PBG,0.010647833589743796
2009-05-31,PCG,0.0014197111452991726
2009-05-31,PFG,0.0011357689162393382
2009-05-31,PHM,0.009796006902564294
2009-05-31,PTV,0.008802209100854871
2009-05-31,QCI,0.007240526841025782
2009-05-31,QLG,0.009228122444444624
2009-05-31,RHI,0.010789804704273712
2009-05-31,RL,0.005110960123077022
2009-05-31,RSHCQ,0.010931775818803632
2009-05-31,SBUX,0.004968989008547105
2009-05-31,SCN,0.005394902352136856
2009-05-31,SEE,0.00624672903931636
2009-05-31,SHLDQ,0.005820815695726608
2009-05-31,SHW,0.011357689162393384
2009-05-31,SNDK,0.002413508947008594
2009-05-31,SPLS,0.004543075664957353
2009-05-31,STJ,0.003407306748718015
2009-05-31,SWG,0.006104757924786443
2009-05-31,SWK,0.000993797801709421
2009-05-31,SYMC,0.00525293123760694
2009-05-31,TFC,0.005536873466666774
2009-05-31,TJX,0.0063887001538462775
2009-05-31,TLAB,0.00993797801709421
2009-05-31,TSO,0.0005678844581196692
2009-05-31,UUM,0.00312336451965818
2009-05-31,WAG,0.00681461349743603
2009-05-31,WFC*,0.0065306712683761954
2009-05-31,WFM,0.004259133435897519
2009-05-31,WHR,0.0032653356341880977
2009-05-31,WPI,0.012351486964102805
2009-05-31,WU,0.00014197111452991727
2009-05-31,WYE,0.009512064673504458
2009-05-31,WYND,0.00837629575726512
2009-05-31,YUM,0.002697451176068428
2009-06-30,AMD,0.00015303899607643009
2009-06-30,AMGN,0.011171846713579396
2009-06-30,AMZN,0.010559690729273676
2009-06-30,AN,0.01362047065080228
2009-06-30,ANTM,0.007958027795974364
2009-06-30,APOL,0.013314392658649418
2009-06-30,AZO,0.013467431654725848
2009-06-30,BBBY,0.008876261772432946
2009-06-30,BBY,0.0036729359058343225
2009-06-30,BIIB,0.004897247874445763
2009-06-30,BMC,0.003825974901910752
2009-06-30,BMS,0.012090080690037976
2009-06-30,BMY,0.006886754823439354
2009-06-30,BRCM,0.0052033258665986236
2009-06-30,CAG,0.006733715827362924
2009-06-30,CCE,0.007804988799897935
2009-06-30,CHRW,0.001530389960764301
2009-06-30,CL,0.0029077409254521717
2009-06-30,CLX,0.009029300768509375
2009-06-30,COH,0.0058154818509043435
2009-06-30,CSC,0.0012243119686114407
2009-06-30,CTXS,0.011018807717502967
2009-06-30,DF,0.007192832815592214
2009-06-30,DGX,0.0127022366743437
2009-06-30,DHI,0.0027547019293757413
2009-06-30,DRI,0.011477924705732258
2009-06-30,ESRX,0.009335378760662235
2009-06-30,EXPE,0.007345871811668645
2009-06-30,F,0.010406651733197247
2009-06-30,FDO,0.013926548642955137
2009-06-30,FHN,0.013773509646878708
2009-06-30,FISV,0.004744208878369333
2009-06-30,GPS,0.010712729725350105
2009-06-30,GR,0.009488417756738666
2009-06-30,GWW,0.006274598839133633
2009-06-30,HD,0.008417144784203655
2009-06-30,HSY,0.012243119686114409
2009-06-30,ICE,0.007039793819515785
2009-06-30,INTU,0.008570183780280086
2009-06-30,JAVA,0.0021425459450700214
2009-06-30,JNPR,0.011324885709655827
2009-06-30,JPM,0.010253612737120816
2009-06-30,KBH,0.005356364862675053
2009-06-30,KG,0.0004591169882292903
2009-06-30,KO,0.0018364679529171612
2009-06-30,KSS,0.010865768721426538
2009-06-30,LO,0.007651949803821504
2009-06-30,LOW,0.0022955849411464514
2009-06-30,MAR,0.003979013897987182
2009-06-30,MAT,0.003213818917605032
2009-06-30,MBI,0.011630963701808687
2009-06-30,MCD,0.011784002697885118
2009-06-30,MDP,0.007498910807745074
2009-06-30,MHS,0.006121559843057204
2009-06-30,MS,0.0007651949803821505
2009-06-30,MU,0.001989506948993591
2009-06-30,MX4A,0.0009182339764585806
2009-06-30,MYL,0.011937041693961547
2009-06-30,NEM,0.0059685208469807734
2009-06-30,NKE,0.0055094038587514835
2009-06-30,NTAP,0.0024486239372228814
2009-06-30,ORCL,0.0006121559843057203
2009-06-30,PBG,0.012396158682190838
2009-06-30,PHM,0.005050286870522194
2009-06-30,PTV,0.009794495748891525
2009-06-30,QCI,0.008111066792050795
2009-06-30,QLG,0.006580676831286494
2009-06-30,QWST,0.012549197678267267
2009-06-30,RHI,0.0016834289568407306
2009-06-30,RL,0.00030607799215285995
2009-06-30,RSHCQ,0.010100573741044387
2009-06-30,SBUX,0.004591169882292903
2009-06-30,SEE,0.009641456752815096
2009-06-30,SHW,0.012855275670420128
2009-06-30,SNDK,0.004285091890140043
2009-06-30,STJ,0.006427637835210064
2009-06-30,SWN,0.004438130886216473
2009-06-30,TDC,0.0056624428548279135
2009-06-30,TFC,0.008723222776356515
2009-06-30,TJX,0.004132052894063613
2009-06-30,TLAB,0.013161353662572988
2009-06-30,TSN,0.003366857913681462
2009-06-30,TSO,0.003060779921528602
2009-06-30,UNH,0.009182339764585806
2009-06-30,UUM,0.0010712729725350107
2009-06-30,WAG,0.0013773509646878707
2009-06-30,WFC*,0.009947534744967956
2009-06-30,WPI,0.013008314666496558
2009-06-30,WYE,0.002601662933299312
2009-06-30,WYND,0.003519896909757892
2009-06-30,YUM,0.008264105788127226
2009-07-31,AAPL*,0.0023159533461312547
2009-07-31,ADM*,0.005210895028795323
2009-07-31,AG4,0.002171206261998051
2009-07-31,AMD,0.006513618785994154
2009-07-31,AMZN,0.011145525478256662
2009-07-31,AN,0.013316731740254715
2009-07-31,ANTM,0.006803112954260561
2009-07-31,APOL,0.01186926089892268
2009-07-31,AZO,0.012592996319588698
2009-07-31,BBBY,0.011290272562389866
2009-07-31,BBY,0.0014474708413320342
2009-07-31,BLL,0.009119066300391816
2009-07-31,BMC,0.01056653714172385
2009-07-31,BMS,0.0007237354206660173
2009-07-31,BMY,0.005645136281194933
2009-07-31,BRCM,0.009553307552791426
2009-07-31,BSX,0.0013027237571988308
2009-07-31,CCE,0.007237354206660171
2009-07-31,CHRW,0.011724513814789476
2009-07-31,CL,0.0037634241874632893
2009-07-31,CLX,0.010711284225857052
2009-07-31,COH,0.010277042973457442
2009-07-31,CPPRQ,0.006658365870127358
2009-07-31,CSC,0.00506614794466212
2009-07-31,CTSH,0.005789883365328137
2009-07-31,CTXS,0.0127377434037219
2009-07-31,DF,0.0033291829350636792
2009-07-31,DGX,0.012014007983055883
2009-07-31,DHI,0.0030396887667972715
2009-07-31,DRI,0.008540077963859001
2009-07-31,ESRX,0.006947860038393764
2009-07-31,EXPD,0.003908171271596492
2009-07-31,F,0.01100077839412346
2009-07-31,FDO,0.013027237571988308
2009-07-31,FHN,0.012882490487855103
2009-07-31,FIS,0.010421790057590646
2009-07-31,FISV,0.006079377533594543
2009-07-31,GNW,0.0005789883365328137
2009-07-31,GPS,0.008974319216258611
2009-07-31,GR,0.009263813384525019
2009-07-31,GWW,0.00028949416826640727
2009-07-31,HD,0.007092607122526968
2009-07-31,HSP,0.008684825047992204
2009-07-31,HSY,0.00636887170186095
2009-07-31,ICE,0.011579766730656273
2009-07-31,INTU,0.01013229588932424
2009-07-31,JAVA,0.004921400860528916
2009-07-31,JNPR,0.004487159608129306
2009-07-31,KO,0.00014474708413320342
2009-07-31,KSS,0.009698054636924629
2009-07-31,LH,0.008250583795592594
2009-07-31,LO,0.009842801721057831
2009-07-31,LOW,0.00593463044946134
2009-07-31,MAR,0.001736965009598441
2009-07-31,MBI,0.005355642112928526
2009-07-31,MCD,0.0036186771033300856
2009-07-31,MDP,0.007961089627326189
2009-07-31,MIL.,0.007816342543192984
2009-07-31,MSFT,0.002026459177864848
2009-07-31,MU,0.009987548805191036
2009-07-31,MX4A,0.003473930019196882
2009-07-31,MYL,0.008395330879725799
2009-07-31,NEM,0.0011579766730656273
2009-07-31,NVDA,0.007382101290793374
2009-07-31,ODP,0.003184435850930475
2009-07-31,ORCL,0.0075268483749265785
2009-07-31,PBG,0.01230350215132229
2009-07-31,PCG,0.007671595459059781
2009-07-31,PTV,0.004631906692262509
2009-07-31,QWST,0.01143501964652307
2009-07-31,RHI,0.00550038919706173
2009-07-31,RL,0.004776653776395713
2009-07-31,RSHCQ,0.004197665439862899
2009-07-31,SBUX,0.006224124617727747
2009-07-31,SEE,0.0010132295889324246
2009-07-31,SHLDQ,0.0018817120937316446
2009-07-31,SHW,0.008829572132125409
2009-07-31,SNDK,0.009408560468658223
2009-07-31,STJ,0.00043424125239961003
2009-07-31,SWN,0.010856031309990256
2009-07-31,TDC,0.008105836711459391
2009-07-31,TJX,0.004052918355729696
2009-07-31,TLAB,0.012158755067189086
2009-07-31,TSN,0.0008684825047992205
2009-07-31,TSO,0.0026054475143976615
2009-07-31,UNH,0.0024607004302644574
2009-07-31,WFC*,0.0015922179254652374
2009-07-31,WFM,0.0028949416826640683
2009-07-31,WPI,0.01317198465612151
2009-07-31,WYE,0.012448249235455493
2009-07-31,WYND,0.004342412523996102
2009-07-31,YUM,0.0027501945985308647
2009-08-31,AAPL*,0.004834831903159648
2009-08-31,ADI,0.005146756542073174
2009-08-31,ADM*,0.01310083483436808
2009-08-31,AG4,0.0034311710280487827
2009-08-31,AIG*,0.0018715478334811542
2009-08-31,AMGN,0.005926568139356989
2009-08-31,AMZN,0.00982562612577606
2009-08-31,AN,0.014348533390022183
2009-08-31,ANTM,0.006706379736640802
2009-08-31,APOL,0.01138524932034369
2009-08-31,AZO,0.012321023237084266
2009-08-31,BBBY,0.012009098598170738
2009-08-31,BIIB,0.0009357739167405771
2009-08-31,BLL,0.010137550764689586
2009-08-31,BMC,0.010605437723059873
2009-08-31,BMS,0.0006238492778270514
2009-08-31,BMY,0.009045814528492246
2009-08-31,BRCM,0.012788910195454554
2009-08-31,CB,0.0029632840696784944
2009-08-31,CBG,0.0024953971113082056
2009-08-31,CCE,0.010761400042516637
2009-08-31,CHRW,0.010449475403603112
2009-08-31,CL,0.00015596231945676307
2009-08-31,CLX,0.009981588445232822
2009-08-31,CMS,0.0012476985556541028
2009-08-31,COH,0.008421965250665193
2009-08-31,CSC,0.008889852209035482
2009-08-31,CTSH,0.007954078292294905
2009-08-31,CTXS,0.013256797153824842
2009-08-31,DGX,0.008577927570121957
2009-08-31,DHI,0.004678869583702886
2009-08-31,DRI,0.010293513084146349
2009-08-31,ED,0.00046788695837028855
2009-08-31,EMC,0.005770605819900225
2009-08-31,ESRX,0.0038990579864190715
2009-08-31,EXPE,0.011229287000886925
2009-08-31,F,0.01372468411219513
2009-08-31,FDO,0.014192571070565421
2009-08-31,FHN,0.01263294787599779
2009-08-31,FIS,0.011073324681430161
2009-08-31,GOOGL,0.0026513594307649682
2009-08-31,GR,0.007486191333924617
2009-08-31,GS,0.00655041741718404
2009-08-31,GT,0.00327520870859202
2009-08-31,GWW,0.006862342056097565
2009-08-31,HD,0.0017155855140243911
2009-08-31,HSP,0.00436694494478936
2009-08-31,HSY,0.013568721792738369
2009-08-31,IBM,0.0040550203058758345
2009-08-31,ICE,0.009669663806319296
2009-08-31,IGT,0.0037430956669623084
2009-08-31,INTU,0.006082530458813751
2009-08-31,JAVA,0.007798115972838143
2009-08-31,JNPR,0.008110040611751669
2009-08-31,JPM,0.007642153653381381
2009-08-31,JWN,0.0003119246389135257
2009-08-31,KO,0.00109173623619734
2009-08-31,KSS,0.006238492778270514
2009-08-31,LEN,0.002339434791851443
2009-08-31,LO,0.009513701486862534
2009-08-31,MDP,0.004522907264246123
2009-08-31,MHS,0.013412759473281605
2009-08-31,MMM,0.005614643500443463
2009-08-31,MU,0.014036608751108657
2009-08-31,MYL,0.009357739167405772
2009-08-31,NEM,0.0020275101529379173
2009-08-31,NVDA,0.00873388988957872
2009-08-31,ORCL,0.008266002931208431
2009-08-31,PA9,0.0035871333475055458
2009-08-31,PBG,0.011697173959257214
2009-08-31,PCG,0.0014036608751108659
2009-08-31,PTV,0.004210982625332597
2009-08-31,QWST,0.009201776847949008
2009-08-31,RHI,0.004990794222616411
2009-08-31,ROK,0.0007798115972838143
2009-08-31,RRC,0.0071742666950110915
2009-08-31,SBUX,0.01154121163980045
2009-08-31,SHW,0.0054586811809867
2009-08-31,SNDK,0.012165060917627502
2009-08-31,SWN,0.0109173623619734
2009-08-31,TAP,0.003119246389135257
2009-08-31,TDC,0.007330229014467855
2009-08-31,TJX,0.0070183043755543285
2009-08-31,TLAB,0.012476985556541028
2009-08-31,TXN,0.0053027188615299365
2009-08-31,UNH,0.0015596231945676285
2009-08-31,WFM,0.012944872514911316
2009-08-31,WPI,0.013880646431651893
2009-08-31,WYE,0.011853136278713977
2009-08-31,WYND,0.00218347247239468
2009-08-31,XEL,0.0028073217502217313
2009-08-31,YUM,0.006394455097727277
2009-09-30,AAPL*,0.013614837179361494
2009-09-30,AAZ,0.0033206919949662177
2009-09-30,ADI,0.0024905189962246633
2009-09-30,ADM*,0.012120525781626696
2009-09-30,AES,0.005313107191945949
2009-09-30,AG4,0.004482934193204394
2009-09-30,AIG*,0.015275183176844603
2009-09-30,AMZN,0.0049810379924493265
2009-09-30,AN,0.013780871779109803
2009-09-30,ANTM,0.007637591588422301
2009-09-30,APD,0.0036527611944628395
2009-09-30,APOL,0.004815003392701016
2009-09-30,AZO,0.010958283583388519
2009-09-30,BBBY,0.0071394877891773675
2009-09-30,BEN,0.0003320691994966218
2009-09-30,BLL,0.011788456582130073
2009-09-30,BMC,0.01295069878036825
2009-09-30,BMY,0.003154657395217907
2009-09-30,BRCM,0.014777079377599669
2009-09-30,CA,0.008301729987415544
2009-09-30,CAG,0.002158449796728042
2009-09-30,CCE,0.007803626188170612
2009-09-30,CEG,0.009463972185653721
2009-09-30,CHRW,0.008135695387667233
2009-09-30,CIEN,0.008467764587163855
2009-09-30,CMS,0.005645176391442569
2009-09-30,COH,0.0029886227954695962
2009-09-30,CRM,0.0001660345997483109
2009-09-30,CSC,0.010626214383891898
2009-09-30,CTSH,0.01494311397734798
2009-09-30,CTXS,0.014278975578354735
2009-09-30,CVS,0.00929793758590541
2009-09-30,DGX,0.003984830393959461
2009-09-30,DRI,0.004648968792952705
2009-09-30,EMC,0.013448802579613181
2009-09-30,EXPE,0.011456387382633451
2009-09-30,F,0.007305522388925679
2009-09-30,FCX*,0.0011622421982381763
2009-09-30,FDO,0.013116733380116562
2009-09-30,FHN,0.014445010178103047
2009-09-30,FIS,0.01328276797986487
2009-09-30,GOOGL,0.010294145184395276
2009-09-30,GPS,0.004150864993707772
2009-09-30,GR,0.012784664180619937
2009-09-30,GS,0.01112431818313683
2009-09-30,HD,0.0038187957942111507
2009-09-30,ICE,0.006475349390184125
2009-09-30,IGT,0.006641383989932435
2009-09-30,INCO,0.004316899593456084
2009-09-30,JAVA,0.005977245590939192
2009-09-30,JBL,0.0018263805972314198
2009-09-30,JNPR,0.0016603459974831088
2009-09-30,KG,0.0026565535959729744
2009-09-30,KSS,0.006807418589680747
2009-09-30,LO,0.0004981037992449321
2009-09-30,MA,0.007969660787918923
2009-09-30,MCK,0.0008301729987415544
2009-09-30,MHFI,0.0009962075984898653
2009-09-30,MHS,0.012452594981123317
2009-09-30,MMM,0.0014943113977347981
2009-09-30,MS,0.008799833786660478
2009-09-30,MU,0.014611044777851358
2009-09-30,MYL,0.012286560381375005
2009-09-30,NBL,0.006309314790435814
2009-09-30,NEE,0.010128110584646965
2009-09-30,NTAP,0.010792248983640208
2009-09-30,NUE,0.006143280190687502
2009-09-30,NVDA,0.012618629580871628
2009-09-30,ORCL,0.005811210991190882
2009-09-30,PA9,0.009630006785402032
2009-09-30,PBG,0.008633799186912167
2009-09-30,PCG,0.011622421982381764
2009-09-30,PCP,0.00747155698867399
2009-09-30,PX,0.0028225881957212847
2009-09-30,QCI,0.0054791417916942595
2009-09-30,QWST,0.006973453189429058
2009-09-30,RHI,0.0006641383989932437
2009-09-30,ROK,0.0019924151969797307
2009-09-30,RRC,0.008965868386408789
2009-09-30,SBUX,0.010460179784143585
2009-09-30,SHW,0.0023244843964763525
2009-09-30,SWN,0.009796041385150342
2009-09-30,TDC,0.011954491181878383
2009-09-30,TJX,0.009962075984898653
2009-09-30,TLAB,0.015109148577096292
2009-09-30,TXN,0.0091319029861571
2009-09-30,UNH,0.003486726594714529
2009-09-30,WAG,0.005147072592197638
2009-09-30,WFM,0.011290352782885139
2009-09-30,WPI,0.013946906378858115
2009-09-30,WYE,0.014112940978606426
2009-09-30,YUM,0.0013282767979864874
2009-10-31,AABA,0.0037048499884512493
2009-10-31,AAPL*,0.013808986320591021
2009-10-31,AAZ,0.012966974959579373
2009-10-31,ACS,0.004715263621665227
2009-10-31,ADM*,0.006567688615890852
2009-10-31,AES,0.01044094087654443
2009-10-31,AG4,0.0077465045213071584
2009-10-31,AIG*,0.015661411314816645
2009-10-31,AMP,0.0018524249942256247
2009-10-31,AMZN,0.010104136332139772
2009-10-31,AN,0.014650997681602669
2009-10-31,APD,0.0006736090888093183
2009-10-31,BBBY,0.003031240899641932
2009-10-31,BEN,0.005052068166069886
2009-10-31,BJS,0.0005052068166069885
2009-10-31,BLL,0.01077774542094909
2009-10-31,BMC,0.013135377231781703
2009-10-31,BRCM,0.014819399953804997
2009-10-31,CA,0.0013472181776186358
2009-10-31,CAG,0.00033680454440465895
2009-10-31,CAM,0.004883665893867556
2009-10-31,CCE,0.013303779503984033
2009-10-31,CEG,0.005220470438272215
2009-10-31,CI,0.004378459077260568
2009-10-31,CIEN,0.0023576318108326135
2009-10-31,CL,0.002189229538630284
2009-10-31,CMI,0.0075781022491048285
2009-10-31,CMS,0.006904493160295511
2009-10-31,COH,0.003199643171844261
2009-10-31,COL,0.002862838627439602
2009-10-31,CRM,0.01060934314874676
2009-10-31,CSC,0.012798572687377044
2009-10-31,CSCO,0.001515620449820966
2009-10-31,CTSH,0.015493009042614317
2009-10-31,CTXS,0.01128295223755608
2009-10-31,DTV,0.00016840227220232953
2009-10-31,EBAY,0.004041654532855908
2009-10-31,EMC,0.012124963598567727
2009-10-31,EXPE,0.013640584048388693
2009-10-31,F,0.011451354509758408
2009-10-31,FCX*,0.013472181776186363
2009-10-31,FIS,0.01431419313719801
2009-10-31,FISV,0.007914906793509488
2009-10-31,FLS,0.014145790864995681
2009-10-31,FRX,0.003368045444046591
2009-10-31,GLW,0.0016840227220232954
2009-10-31,GOOGL,0.009767331787735112
2009-10-31,GPS,0.009598929515532784
2009-10-31,GR,0.01094614769315142
2009-10-31,GS,0.013977388592793353
2009-10-31,HAR,0.005388872710474545
2009-10-31,HIG,0.005557274982676875
2009-10-31,HSP,0.009093722698925794
2009-10-31,IBM,0.004546861349462897
2009-10-31,IVZ,0.006230884071486192
2009-10-31,JAVA,0.008588515882318806
2009-10-31,JWN,0.002526034083034943
2009-10-31,KLAC,0.001010413633213977
2009-10-31,KSS,0.01161975678196074
2009-10-31,LEN,0.0072412977047001705
2009-10-31,LUMN,0.0038732522606535792
2009-10-31,MA,0.008083309065711817
2009-10-31,MCK,0.0102725386043421
2009-10-31,MHS,0.011788159054163068
2009-10-31,MIL.,0.008251711337914146
2009-10-31,MOT,0.006399286343688522
2009-10-31,MS,0.01111454996535375
2009-10-31,MU,0.006062481799283864
2009-10-31,MWV,0.0026944363552372725
2009-10-31,MYL,0.015324606770411987
2009-10-31,NBL,0.007409699976902499
2009-10-31,NEE,0.0011788159054163059
2009-10-31,NEM,0.008756918154521136
2009-10-31,NTAP,0.014482595409400341
2009-10-31,NVDA,0.012461768142972384
2009-10-31,OXY,0.008420113610116476
2009-10-31,PBG,0.004210056805058238
2009-10-31,PCG,0.008925320426723466
2009-10-31,PCP,0.009935734059937442
2009-10-31,PX,0.002020827266427954
2009-10-31,QWST,0.005894079527081534
2009-10-31,RL,0.0070728954324978405
2009-10-31,SBUX,0.005725677254879204
2009-10-31,SNDK,0.011956561326365396
2009-10-31,TDC,0.012293365870770056
2009-10-31,TER,0.009262124971128124
2009-10-31,TJX,0.006736090888093182
2009-10-31,TLAB,0.014987802226007329
2009-10-31,VFC,0.0008420113610116477
2009-10-31,WAG,0.009430527243330454
2009-10-31,WFM,0.015156204498209657
2009-10-31,WPI,0.012630170415174715
2009-10-31,XLNX,0.0035364477162489203
2009-11-30,AAPL*,0.014526051716231884
2009-11-30,AAZ,0.005468631234346121
2009-11-30,ADI,0.003930578699686275
2009-11-30,AG4,0.0075193679472259165
2009-11-30,AIG*,0.01606410425089173
2009-11-30,AKAM,0.0034178945214663257
2009-11-30,AMP,0.0006835789042932651
2009-11-30,AMZN,0.015380525346598466
2009-11-30,AN,0.008715631029739131
2009-11-30,APD,0.007006683769005968
2009-11-30,APH,0.01196263082513214
2009-11-30,BBBY,0.004443262877906223
2009-11-30,BBY,0.004955947056126172
2009-11-30,BEN,0.007177578495079284
2009-11-30,BLL,0.00017089472607331561
2009-11-30,BMC,0.011791736099058824
2009-11-30,BRCM,0.010253683564398977
2009-11-30,BTU,0.0010253683564398976
2009-11-30,CAG,0.004272368151832908
2009-11-30,CAM,0.00820294685151918
2009-11-30,CCE,0.012475315003352088
2009-11-30,CI,0.012646209729425406
2009-11-30,CMI,0.002392526165026428
2009-11-30,CMS,0.0032469997953930097
2009-11-30,COL,0.0017089472607331629
2009-11-30,CRM,0.010937262468692243
2009-11-30,CSC,0.013158893907645354
2009-11-30,CTSH,0.015209630620525149
2009-11-30,CVG,0.002905210343246377
2009-11-30,DPS,0.0013671578085865303
2009-11-30,EBAY,0.002563420891099744
2009-11-30,EMC,0.010766367742618927
2009-11-30,EXPE,0.012987999181572039
2009-11-30,FCX*,0.015893209524818413
2009-11-30,FISV,0.002734315617173061
2009-11-30,FLS,0.014013367538011936
2009-11-30,GLW,0.0073484732211526
2009-11-30,GNW,0.014184262264085251
2009-11-30,GOOGL,0.014355156990158569
2009-11-30,GPS,0.00598131541256607
2009-11-30,GR,0.01059547301654561
2009-11-30,GS,0.014867841168378517
2009-11-30,HAL,0.006323104864712703
2009-11-30,HAR,0.011449946646912191
2009-11-30,HIG,0.0018798419868064791
2009-11-30,IBM,0.012304420277278773
2009-11-30,IVZ,0.006664894316859335
2009-11-30,JAVA,0.011620841372985509
2009-11-30,JBL,0.0005126841782199488
2009-11-30,JWN,0.013500683359791987
2009-11-30,KSS,0.01332978863371867
2009-11-30,LEN,0.0011962630825132136
2009-11-30,LIFE,0.0146969464423052
2009-11-30,LO,0.005126841782199488
2009-11-30,LSI,0.008373841577592498
2009-11-30,LTD,0.008032052125445865
2009-11-30,M,0.006152210138639386
2009-11-30,MA,0.009911894112252344
2009-11-30,MCK,0.011108157194765558
2009-11-30,MHS,0.005297736508272805
2009-11-30,MIL.,0.008886525755812447
2009-11-30,MOT,0.009740999386179028
2009-11-30,MS,0.013671578085865303
2009-11-30,MU,0.00957010466010571
2009-11-30,MWV,0.008544736303665814
2009-11-30,MYL,0.015551420072671782
2009-11-30,NTAP,0.015038735894451833
2009-11-30,NVDA,0.0022216314389531117
2009-11-30,NVLS,0.003076105069319693
2009-11-30,ODP,0.0003417894521466326
2009-11-30,OXY,0.0037596839736129583
2009-11-30,PBG,0.009057420481885762
2009-11-30,PXD,0.005810420686492754
2009-11-30,RL,0.005639525960419438
2009-11-30,SBUX,0.010082788838325661
2009-11-30,SHLDQ,0.0015380525346598466
2009-11-30,SNDK,0.012817104455498721
2009-11-30,SYMC,0.004785052330052855
2009-11-30,TDC,0.013842472811938619
2009-11-30,TER,0.011279051920838876
2009-11-30,THC,0.012133525551205457
2009-11-30,TIF,0.0068357890429326515
2009-11-30,TJX,0.009399209934032395
2009-11-30,TLAB,0.0020507367128797943
2009-11-30,TSN,0.007690262673299233
2009-11-30,TXN,0.00461415760397954
2009-11-30,VFC,0.00410147342575959
2009-11-30,VIAB,0.006493999590786019
2009-11-30,WAG,0.00786115739937255
2009-11-30,WFM,0.0157223147987451
2009-11-30,WPI,0.010424578290472292
2009-11-30,WYND,0.0008544736303665814
2009-11-30,XL,0.00922831520795908
2009-11-30,XLNX,0.003588789247539642
2009-12-31,A,0.005035243087597938
2009-12-31,AAPL*,0.015452987406766084
2009-12-31,AAZ,0.006077017519514753
2009-12-31,ADI,0.009723228031223604
2009-12-31,AG4,0.00208354886383363
2009-12-31,AIG*,0.015973874622724493
2009-12-31,AMD,0.012501293183001777
2009-12-31,AMT,0.0059033884475286165
2009-12-31,AMZN,0.01562661647875222
2009-12-31,AN,0.0005208872159584068
2009-12-31,ANF,0.0010417744319168147
2009-12-31,APD,0.01024411524718201
2009-12-31,APH,0.013890325758890862
2009-12-31,BEN,0.004340726799653394
2009-12-31,BMC,0.008681453599306789
2009-12-31,BRCM,0.009202340815265195
2009-12-31,BTU,0.01198040596704337
2009-12-31,CAG,0.0026044360797920366
2009-12-31,CAM,0.009549598959237468
2009-12-31,CBG,0.0031253232957504443
2009-12-31,CF,0.006424275663487024
2009-12-31,CI,0.00902871174327906
2009-12-31,CMS,0.007118791951431567
2009-12-31,CRM,0.009375969887251331
2009-12-31,CSC,0.008160566383348382
2009-12-31,CTSH,0.015800245550738355
2009-12-31,CTXS,0.003819839583694987
2009-12-31,DPS,0.0029516942237643082
2009-12-31,EBAY,0.0036462105117088515
2009-12-31,EMC,0.011806776895057233
2009-12-31,EXPE,0.014063954830877
2009-12-31,F,0.010070486175195875
2009-12-31,FCX*,0.016147503694710626
2009-12-31,FHI,0.004167097727667259
2009-12-31,FLS,0.014237583902863135
2009-12-31,GLW,0.010765002463140418
2009-12-31,GNW,0.001215403503902951
2009-12-31,GOOGL,0.016321132766696764
2009-12-31,GR,0.00989685710320974
2009-12-31,GS,0.01441121297484927
2009-12-31,HAL,0.0022571779358197654
2009-12-31,HAR,0.007639679167389974
2009-12-31,HSP,0.00659790473547316
2009-12-31,IBM,0.014584842046835406
2009-12-31,IFF,0.00451435587163953
2009-12-31,ISRG,0.0046879849436256655
2009-12-31,IVZ,0.0006945162879445433
2009-12-31,JAVA,0.008334195455334517
2009-12-31,JWN,0.013369438542932455
2009-12-31,KSS,0.002778065151778173
2009-12-31,LIFE,0.015279358334779948
2009-12-31,LO,0.01111226060711269
2009-12-31,LSI,0.0019099197918474933
2009-12-31,LUMN,0.0034725814397227155
2009-12-31,MA,0.011633147823071097
2009-12-31,MCK,0.007466050095403839
2009-12-31,MEE,0.007986937311362246
2009-12-31,MHS,0.010591373391154282
2009-12-31,MIL.,0.007292421023417703
2009-12-31,MOT,0.004861614015611802
2009-12-31,MS,0.011459518751084962
2009-12-31,MSFT,0.006945162879445431
2009-12-31,MU,0.013716696686904726
2009-12-31,MWV,0.013022180398960184
2009-12-31,MYL,0.015105729262793813
2009-12-31,NOV,0.005729759375542481
2009-12-31,NTAP,0.014932100190807677
2009-12-31,NVDA,0.002430807007805901
2009-12-31,NVLS,0.005556130303556345
2009-12-31,PCP,0.0062506465915008885
2009-12-31,PDCO,0.005382501231570209
2009-12-31,PX,0.0003472581439722716
2009-12-31,PXD,0.012327664111015641
2009-12-31,RL,0.0017362907198613577
2009-12-31,SBUX,0.01319580947094632
2009-12-31,SHLDQ,0.005208872159584073
2009-12-31,SLBA,0.0001736290719861358
2009-12-31,SNDK,0.003993468655681124
2009-12-31,SNI,0.008507824527320653
2009-12-31,TDC,0.012848551326974048
2009-12-31,TER,0.010938631535126555
2009-12-31,THC,0.011285889679098826
2009-12-31,TIF,0.00329895236773658
2009-12-31,TJX,0.01354306761491859
2009-12-31,TMO,0.010417744319168146
2009-12-31,TXN,0.012154035039029506
2009-12-31,VIAB,0.0008681453599306789
2009-12-31,WAG,0.006771533807459295
2009-12-31,WAT,0.00781330823937611
2009-12-31,WFM,0.012674922254987913
2009-12-31,WPI,0.008855082671292924
2009-12-31,XL,0.014758471118821542
2009-12-31,XLNX,0.0013890325758890865
2009-12-31,ZBH,0.0015626616478752221
2010-01-31,AAPL*,0.012100063118919677
2010-01-31,AAZ,0.00533443642877104
2010-01-31,ADBE,0.0018215148781169405
2010-01-31,ADI,0.0037731379618136628
2010-01-31,AG4,0.00442367898971257
2010-01-31,AIG*,0.01236027953007924
2010-01-31,AMD,0.011189305679861206
2010-01-31,AMT,0.0006505410278989073
2010-01-31,AMZN,0.010929089268701642
2010-01-31,AN,0.0011709738502180332
2010-01-31,APD,0.0002602164111595636
2010-01-31,APH,0.009497899007324048
2010-01-31,BEN,0.007286059512467762
2010-01-31,BIG,0.0005204328223191259
2010-01-31,BMC,0.006895734895728417
2010-01-31,BRCM,0.008196816951526232
2010-01-31,BTU,0.004293570784132788
2010-01-31,CAM,0.0022118394948562846
2010-01-31,CBG,0.0067656266901486364
2010-01-31,CCE,0.004814003606451914
2010-01-31,CF,0.005074220017611477
2010-01-31,CI,0.0105387646519623
2010-01-31,CMA,0.0013010820557978146
2010-01-31,COH,0.0049441118120316955
2010-01-31,CRM,0.01066887285754208
2010-01-31,CSC,0.007806492334786887
2010-01-31,CSCO,0.0010408656446382518
2010-01-31,CSX,0.0027322723171754105
2010-01-31,CTSH,0.011839846707760114
2010-01-31,CTXS,0.008326925157106015
2010-01-31,EBAY,0.0023419477004360664
2010-01-31,EL,0.0040333543729732255
2010-01-31,EMC,0.0058548692510901655
2010-01-31,EXPE,0.008066708745946451
2010-01-31,F,0.00975811541848361
2010-01-31,FCX*,0.011709738502180331
2010-01-31,FISV,0.003643029756233881
2010-01-31,FITB,0.005594652839930603
2010-01-31,FLS,0.0057247610455103855
2010-01-31,GLW,0.006635518484568855
2010-01-31,GNW,0.004163462578553007
2010-01-31,GOOGL,0.012230171324499458
2010-01-31,GPS,0.0019516230836967218
2010-01-31,GR,0.004553787195292351
2010-01-31,GS,0.010408656446382517
2010-01-31,HSP,0.007546275923627325
2010-01-31,IBM,0.008587141568265576
2010-01-31,IFF,0.0029924887283349737
2010-01-31,INCO,0.0015612984669573775
2010-01-31,IP,0.0003903246167393444
2010-01-31,ISRG,0.0076763841292071065
2010-01-31,IVZ,0.007025843101308199
2010-01-31,JBL,0.006115085662249729
2010-01-31,JWN,0.010798981063121863
2010-01-31,LEG,0.0016914066725371591
2010-01-31,LIFE,0.011969954913339895
2010-01-31,LO,0.007416167718047544
2010-01-31,LSI,0.005464544634350821
2010-01-31,LTD,0.009107574390584702
2010-01-31,MA,0.010018331829643174
2010-01-31,MEE,0.0024720559060158473
2010-01-31,MSFT,0.00884735797942514
2010-01-31,MU,0.00793660054036667
2010-01-31,MWV,0.008977466185004921
2010-01-31,MYL,0.009628007212903827
2010-01-31,NBL,0.0007806492334786888
2010-01-31,NCRA,0.0020817312892765037
2010-01-31,NI,0.00013010820557978148
2010-01-31,NTAP,0.011319413885440988
2010-01-31,NVDA,0.005204328223191258
2010-01-31,PBG,0.0009107574390584702
2010-01-31,PDCO,0.004683895400872133
2010-01-31,PKI,0.00715595130688798
2010-01-31,PXD,0.01144952209102077
2010-01-31,RL,0.0035129215506540996
2010-01-31,SBUX,0.009888223624063391
2010-01-31,SHLDQ,0.0033828133450743182
2010-01-31,SLBA,0.0028623805227551923
2010-01-31,SNDK,0.003122596933914755
2010-01-31,SNI,0.009237682596164485
2010-01-31,SPLS,0.0032527051394945364
2010-01-31,TDC,0.011059197474281425
2010-01-31,TER,0.005984977456669947
2010-01-31,THC,0.010148440035222955
2010-01-31,TIF,0.0039032461673934437
2010-01-31,TJX,0.010278548240802736
2010-01-31,TMO,0.0014311902613775955
2010-01-31,TXN,0.009367790801744266
2010-01-31,VIAB,0.008457033362685796
2010-01-31,WAT,0.006505410278989073
2010-01-31,WFM,0.00871724977384536
2010-01-31,WPI,0.00624519386782951
2010-01-31,XL,0.011579630296600552
2010-01-31,XLNX,0.006375302073409292
2010-01-31,ZBH,0.002602164111595629
2010-02-28,8686,0.006315071828543718
2010-02-28,AAPL*,0.011083595454178771
2010-02-28,AAZ,0.008248257082179552
2010-02-28,AIG*,0.012114627589451215
2010-02-28,AIV,0.003866370507271664
2010-02-28,AKS,0.000515516067636222
2010-02-28,AMD,0.006057313794725607
2010-02-28,AMP,0.002062064270544888
2010-02-28,AMZN,0.0051551606763622195
2010-02-28,ANTM,0.0032219754227263866
2010-02-28,BAC,0.007217224946907106
2010-02-28,BBBY,0.0018043062367267765
2010-02-28,BDK,0.004768523625635053
2010-02-28,BEN,0.010439200369633493
2010-02-28,CAG,0.002706459355090165
2010-02-28,CBG,0.00915041020054294
2010-02-28,CI,0.010310321352724439
2010-02-28,CMA,0.010568079386542549
2010-02-28,CMI,0.0028353383719992202
2010-02-28,COF,0.00541291871018033
2010-02-28,COH,0.007346103963816162
2010-02-28,CRM,0.006186192811634662
2010-02-28,CTSH,0.011727990538724049
2010-02-28,CTXS,0.009794805285088217
2010-02-28,DC7,0.0055417977270893854
2010-02-28,DOV,0.006572829862361829
2010-02-28,DOW,0.004510765591816942
2010-02-28,DPS,0.0029642173889082757
2010-02-28,EBAY,0.004639644608725998
2010-02-28,EL,0.011212474471087827
2010-02-28,EMC,0.0009021531183633887
2010-02-28,EMN,0.004253007557998831
2010-02-28,EXPE,0.0007732741014543328
2010-02-28,F,0.010052563318906327
2010-02-28,FCX*,0.003093096405817331
2010-02-28,FITB,0.011856869555633103
2010-02-28,FLS,0.0016754272198177206
2010-02-28,GNW,0.011985748572542159
2010-02-28,GOOGL,0.00038663705072716596
2010-02-28,GR,0.006959466913088995
2010-02-28,HAR,0.010181442335815383
2010-02-28,HIG,0.006701708879270884
2010-02-28,HOT,0.001031032135272444
2010-02-28,HSP,0.009537047251270105
2010-02-28,IFF,0.002319822304362999
2010-02-28,IP,0.008119378065270496
2010-02-28,ISRG,0.011341353487996881
2010-02-28,JBL,0.008892652166724828
2010-02-28,JCI,0.000257758033818111
2010-02-28,JWN,0.00799049904836144
2010-02-28,LEN,0.0024487013212720543
2010-02-28,LIFE,0.009279289217451995
2010-02-28,LTD,0.010696958403451605
2010-02-28,LTR,0.003350854439635442
2010-02-28,MEE,0.0048974026425441086
2010-02-28,MMM,0.003608612473453553
2010-02-28,MSFT,0.008763773149815773
2010-02-28,MTZ,0.00940816823436105
2010-02-28,MU,0.005026281659453164
2010-02-28,MWV,0.00683058789617994
2010-02-28,MYL,0.0052840396932712745
2010-02-28,NBL,0.0056706767439984405
2010-02-28,NCRA,0.006443950845452773
2010-02-28,NTAP,0.007474982980725217
2010-02-28,NYT,0.007732741014543328
2010-02-28,ODP,0.008634894132906717
2010-02-28,PBG,0.00012887901690905547
2010-02-28,PDCO,0.005928434777816551
2010-02-28,PKI,0.007088345929998051
2010-02-28,PRU*,0.004124128541089776
2010-02-28,PXD,0.01082583742036066
2010-02-28,RAI,0.0037374914903626085
2010-02-28,RL,0.009021531183633883
2010-02-28,ROK,0.0012887901690905549
2010-02-28,SBUX,0.007603861997634273
2010-02-28,SE,0.009665926268179161
2010-02-28,SHLDQ,0.008506015115997662
2010-02-28,SLBA,0.0006443950845452773
2010-02-28,SNDK,0.0015465482029086656
2010-02-28,SNI,0.010954716437269715
2010-02-28,TDC,0.0014176691859996097
2010-02-28,TER,0.0011599111521814996
2010-02-28,TGNA,0.004381886574907887
2010-02-28,TGT,0.0025775803381811097
2010-02-28,THC,0.009923684301997271
2010-02-28,TIF,0.001933185253635832
2010-02-28,TJX,0.008377136099088606
2010-02-28,TROW,0.0021909432874539433
2010-02-28,UNS1,0.005799555760907496
2010-02-28,UTX,0.0034797334565444976
2010-02-28,VIAB,0.011470232504905937
2010-02-28,WHR,0.007861620031452384
2010-02-28,WYND,0.00399524952418072
2010-02-28,XL,0.011599111521814993
2010-03-31,8686,0.004601207280245958
2010-03-31,A,0.006463600703202656
2010-03-31,AAPL*,0.007778231354701501
2010-03-31,AAZ,0.006901810920368937
2010-03-31,AIG*,0.010407492657699191
2010-03-31,AIV,0.008654651789034063
2010-03-31,BA,0.0026292613029976902
2010-03-31,BEN,0.006682705811785796
2010-03-31,BJS,0.0005477627714578522
2010-03-31,CAG,0.0071209160289520766
2010-03-31,CBS,0.0030674715201639722
2010-03-31,CEG,0.00251970874870612
2010-03-31,CF,0.0019719459772482677
2010-03-31,CI,0.007997336463284642
2010-03-31,CL,0.0015337357600819861
2010-03-31,CMA,0.007230468583243648
2010-03-31,CMI,0.002957918965872402
2010-03-31,COF,0.006244495594619515
2010-03-31,COL,0.00755912624611836
2010-03-31,CSX,0.006354048148911085
2010-03-31,CTSH,0.010188387549116051
2010-03-31,CTXS,0.006573153257494226
2010-03-31,DC7,0.0033961291830386835
2010-03-31,DIS,0.0042725496173712475
2010-03-31,DOV,0.009092862006200346
2010-03-31,DOW,0.00010955255429157072
2010-03-31,DPS,0.0016432883143735564
2010-03-31,DTE,0.009531072223366627
2010-03-31,EL,0.010297940103407621
2010-03-31,EQR,0.004929864943120669
2010-03-31,ESRX,0.0020814985315398384
2010-03-31,ETN,0.00788778390899307
2010-03-31,F,0.003177024074455543
2010-03-31,FDX,0.0003286576628747113
2010-03-31,FITB,0.008764204343325635
2010-03-31,FLS,0.0004382102171662818
2010-03-31,GD,0.001752840868665127
2010-03-31,GIS,0.00766867880040993
2010-03-31,GNW,0.00996928244053291
2010-03-31,GR,0.0074495736918267896
2010-03-31,HAL,0.0007668678800409931
2010-03-31,HAR,0.009640624777658199
2010-03-31,HIG,0.004491654725954388
2010-03-31,HNZ,0.008873756897617205
2010-03-31,HOT,0.00503941749741224
2010-03-31,HUM,0.01007883499482448
2010-03-31,IP,0.003943891954496535
2010-03-31,ISRG,0.009750177331949769
2010-03-31,JBL,0.0014241832057904158
2010-03-31,JCI,0.0028483664115808312
2010-03-31,LIFE,0.005368075160286951
2010-03-31,LNC,0.003615234291621824
2010-03-31,LTD,0.009421519669075057
2010-03-31,LTR,0.006792258366077367
2010-03-31,LUV,0.004053444508788105
2010-03-31,MAT,0.0061349430403279444
2010-03-31,MEE,0.009202414560491916
2010-03-31,MHS,0.0037247868459133948
2010-03-31,MMM,0.003286576628747113
2010-03-31,MSFT,0.0024101561944145497
2010-03-31,MTZ,0.0009859729886241338
2010-03-31,MYL,0.004382102171662817
2010-03-31,NCRA,0.0012050780972072744
2010-03-31,NTAP,0.005148970051703811
2010-03-31,ODP,0.008545099234742495
2010-03-31,PCP,0.0008764204343325634
2010-03-31,PDCO,0.004820312388829099
2010-03-31,PKI,0.008435546680450923
2010-03-31,PRU*,0.003834339400204965
2010-03-31,PXD,0.008325994126159354
2010-03-31,RAI,0.004710759834537529
2010-03-31,ROK,0.005915837931744803
2010-03-31,SE,0.009859729886241338
2010-03-31,SJM,0.002300603640122979
2010-03-31,SLE,0.006025390486036374
2010-03-31,SNI,0.0018623934229566978
2010-03-31,SWK,0.003505681737330254
2010-03-31,SYK,0.007011363474660508
2010-03-31,TDC,0.004162997063079677
2010-03-31,TEG,0.008983309451908776
2010-03-31,TER,0.0027388138572892605
2010-03-31,TGNA,0.009311967114783486
2010-03-31,THC,0.005806285377453233
2010-03-31,TJX,0.005477627714578521
2010-03-31,TWX*,0.0021910510858314087
2010-03-31,TXT,0.0010955255429157043
2010-03-31,UNS1,0.008216441571867782
2010-03-31,USX1,0.00021910510858314086
2010-03-31,UTX,0.00810688901757621
2010-03-31,VIAB,0.007340021137535219
2010-03-31,VTR,0.0056967328231616625
2010-03-31,WHR,0.0052585226059953805
2010-03-31,WMB,0.005587180268870092
2010-03-31,WYND,0.0013146306514988451
2010-03-31,XL,0.0006573153257494226
2010-04-30,A,0.008332022011634417
2010-04-30,AAPL*,0.012743092488382051
2010-04-30,AAZ,0.010292497779077809
2010-04-30,AIG*,0.015520433158926854
2010-04-30,AIV,0.009312259895356114
2010-04-30,ALD,0.002613967689924523
2010-04-30,BA,0.008985513934115548
2010-04-30,BAC,0.0024505947093042403
2010-04-30,BEN,0.012089600565900917
2010-04-30,CAG,0.01405007633334431
2010-04-30,CI,0.012252973546521202
2010-04-30,CL,0.011762854604660354
2010-04-30,CMA,0.012416346527141485
2010-04-30,COF,0.0027773406705448055
2010-04-30,COL,0.010129124798457527
2010-04-30,CPB,0.0013069838449622615
2010-04-30,CSX,0.0084953949922547
2010-04-30,CTSH,0.014540195275205161
2010-04-30,CTXS,0.005064562399228764
2010-04-30,D,0.006861665186051872
2010-04-30,DHR,0.005881427302330177
2010-04-30,DIS,0.003430832593025936
2010-04-30,DOV,0.009965751817837244
2010-04-30,DPS,0.004411070476747633
2010-04-30,DTE,0.014213449313964595
2010-04-30,EL,0.015193687197686292
2010-04-30,EQR,0.001470356825582544
2010-04-30,ES,0.00424769749612735
2010-04-30,ETN,0.011599481624040071
2010-04-30,FCX*,0.0037575785542665018
2010-04-30,FITB,0.009802378837216961
2010-04-30,GIS,0.013723330372103744
2010-04-30,GNW,0.015030314217066007
2010-04-30,GR,0.010782616720938658
2010-04-30,HAR,0.013069838449622614
2010-04-30,HNZ,0.011272735662799505
2010-04-30,HPQ,0.0011436108643419788
2010-04-30,HRL,0.008005276050393853
2010-04-30,HRS,0.004084324515507067
2010-04-30,HSP,0.014703568255825441
2010-04-30,HUM,0.013886703352724027
2010-04-30,IFF,0.013233211430242899
2010-04-30,ISRG,0.006534919224811307
2010-04-30,ITW,0.0004901189418608481
2010-04-30,JNJ,0.0006534919224811307
2010-04-30,LEG,0.0022872217286839577
2010-04-30,LIFE,0.0035942055736462196
2010-04-30,LTD,0.011926227585280638
2010-04-30,LTR,0.0075151571085330035
2010-04-30,LUV,0.0073517841279127204
2010-04-30,MCK,0.013396584410863182
2010-04-30,MEE,0.011436108643419788
2010-04-30,MHS,0.007188411147292439
2010-04-30,MKC,0.014376822294584878
2010-04-30,MMM,0.00032674596124056526
2010-04-30,MO,0.0063715462441910255
2010-04-30,MSFT,0.005718054321709894
2010-04-30,MTZ,0.007025038166672155
2010-04-30,MYL,0.01290646546900233
2010-04-30,NBL,0.0008168649031014134
2010-04-30,NSC,0.004901189418608481
2010-04-30,NTAP,0.0031040866317853712
2010-04-30,OXY,0.003920951534886785
2010-04-30,PDCO,0.00784190306977357
2010-04-30,PEP,0.010455870759698092
2010-04-30,PKI,0.012579719507761768
2010-04-30,PM,0.00016337298062028268
2010-04-30,PNW,0.0062081732635707425
2010-04-30,POM,0.011109362682179222
2010-04-30,PXD,0.009475632875976395
2010-04-30,RAI,0.0076785300891532874
2010-04-30,SE,0.015357060178306575
2010-04-30,SJM,0.005554681341089611
2010-04-30,SLE,0.010619243740318375
2010-04-30,SLM,0.0060448002829504585
2010-04-30,SNI,0.0016337298062028267
2010-04-30,STR,0.0032674596124056534
2010-04-30,SYK,0.00914888691473583
2010-04-30,TDC,0.0017971027868231098
2010-04-30,TE,0.008168649031014134
2010-04-30,TEG,0.014866941236445724
2010-04-30,TGNA,0.006698292205431591
2010-04-30,TIE,0.004574443457367915
2010-04-30,TJX,0.00963900585659668
2010-04-30,TMO,0.008658767972874983
2010-04-30,TSN,0.0009802378837216962
2010-04-30,TWX*,0.005391308360469329
2010-04-30,UNS1,0.008822140953495266
2010-04-30,USX1,0.0047378164379881975
2010-04-30,UTX,0.010945989701558941
2010-04-30,VAR,0.005227935379849046
2010-04-30,VIAB,0.013559957391483465
2010-04-30,VTR,0.0019604757674433924
2010-04-30,WM,0.0029407136511650886
2010-04-30,WMB,0.002123848748063675
2010-05-31,A,0.00750748081184702
2010-05-31,AAPL*,0.010129140777888835
2010-05-31,AIG*,0.011201638036724125
2010-05-31,AIV,0.004528321759526774
2010-05-31,BBBY,0.0072691480876614
2010-05-31,BEN,0.005839151742547682
2010-05-31,BXP,0.0025024936039490064
2010-05-31,CAG,0.0033366581385986752
2010-05-31,CBG,0.007745813536032639
2010-05-31,CBS,0.008103312622311069
2010-05-31,CCL,0.0008341645346496689
2010-05-31,CMA,0.009771641691610407
2010-05-31,CMI,0.009056643519053548
2010-05-31,CMS,0.002859992690227436
2010-05-31,COH,0.005719985380454872
2010-05-31,COL,0.006196650828826112
2010-05-31,CRM,0.008460811708589498
2010-05-31,CSX,0.006315817190918921
2010-05-31,CTSH,0.010844138950445696
2010-05-31,CTXS,0.0002383327241856194
2010-05-31,DHR,0.0029791590523202457
2010-05-31,DIS,0.00035749908627842955
2010-05-31,DOV,0.010605806226260077
2010-05-31,DTE,0.010724972588352885
2010-05-31,EL,0.011082471674631316
2010-05-31,EMC,0.0054816526562692525
2010-05-31,EMR,0.004409155397433964
2010-05-31,EQR,0.0060774844667333015
2010-05-31,ES,0.0021449945176705773
2010-05-31,ESRX,0.008341645346496689
2010-05-31,ETN,0.009414142605331976
2010-05-31,F,0.006673316277197351
2010-05-31,GAS.2,0.004289989035341155
2010-05-31,GIS,0.00857997807068231
2010-05-31,GR,0.008699144432775118
2010-05-31,GWW,0.004766654483712393
2010-05-31,HAR,0.00011916636209280927
2010-05-31,HNZ,0.0027408263281346254
2010-05-31,HOT,0.005124153569990823
2010-05-31,HRS,0.0034558245006914854
2010-05-31,HSP,0.005600819018362062
2010-05-31,HUM,0.003813323586969916
2010-05-31,IFF,0.009175809881146357
2010-05-31,ISRG,0.008818310794867928
2010-05-31,ITW,0.0035749908627842946
2010-05-31,JCI,0.003932489949062725
2010-05-31,JWN,0.005004987207898013
2010-05-31,K,0.0032174917765058655
2010-05-31,LEG,0.004647488121619584
2010-05-31,LEN,0.001549162707206528
2010-05-31,LIFE,0.0067924826392901615
2010-05-31,LTD,0.010248307139981646
2010-05-31,LUV,0.003098325414413056
2010-05-31,LXK,0.0005958318104640492
2010-05-31,M,0.00047666544837123937
2010-05-31,MAT,0.009652475329517596
2010-05-31,MCK,0.0007149981725568591
2010-05-31,MKC,0.010486639864167266
2010-05-31,MMM,0.00655414991510454
2010-05-31,MSFT,0.0026216599660418166
2010-05-31,MTZ,0.010009974415796026
2010-05-31,MYL,0.00714998172556859
2010-05-31,NTAP,0.0019066617934849575
2010-05-31,PDCO,0.005362486294176442
2010-05-31,PH,0.009890808053703216
2010-05-31,PKI,0.00798414626021826
2010-05-31,PXD,0.00762664717393983
2010-05-31,RL,0.005958318104640491
2010-05-31,ROK,0.00822247898440388
2010-05-31,RSHCQ,0.0011916636209280984
2010-05-31,SE,0.010367473502074455
2010-05-31,SHLDQ,0.009533308967424787
2010-05-31,SLE,0.0017874954313921478
2010-05-31,SNDK,0.002264160879763387
2010-05-31,SNI,0.004885820845805204
2010-05-31,SPG,0.005243319932083633
2010-05-31,STZ,0.004051656311155534
2010-05-31,SWK,0.006911649001382971
2010-05-31,SYK,0.008937477156960737
2010-05-31,T3W1,0.00786497989812545
2010-05-31,TE,0.006434983553011731
2010-05-31,TEG,0.010963305312538505
2010-05-31,TGT,0.003694157224877105
2010-05-31,TJX,0.00738831444975421
2010-05-31,TMO,0.0010724972588352887
2010-05-31,TWX*,0.002025828155577767
2010-05-31,UNS1,0.0016683290692993376
2010-05-31,UTX,0.007030815363475781
2010-05-31,VFC,0.0009533308967424787
2010-05-31,VIAB,0.004170822673248344
2010-05-31,VNO,0.0023833272418561967
2010-05-31,VTR,0.001429996345113718
2010-05-31,WAT,0.0013108299830209083
2010-05-31,WHR,0.009294976243239168
2010-05-31,WYND,0.011320804398816935
2010-06-30,AAPL*,0.012360691911913572
2010-06-30,ABC,0.0136542526933929
2010-06-30,AEC1,0.0008623738543195516
2010-06-30,AIG*,0.013797981669112825
2010-06-30,AIV,0.011067131130434246
2010-06-30,AIZ,0.0007186448785996264
2010-06-30,AKAM,0.010492215227554544
2010-06-30,ALTR,0.00014372897571992527
2010-06-30,AVB,0.0070427198102763384
2010-06-30,BBBY,0.009054925470355291
2010-06-30,BIG,0.0014372897571992527
2010-06-30,BXP,0.008623738543195515
2010-06-30,CAG,0.005605430053077085
2010-06-30,CAT,0.0041681402958778325
2010-06-30,CBS,0.010779673178994394
2010-06-30,CMA,0.011642047033313946
2010-06-30,CMI,0.009917299324674842
2010-06-30,COF,0.002155934635798879
2010-06-30,COH,0.008480009567475591
2010-06-30,COL,0.0012935607814793275
2010-06-30,CRM,0.013366794741953049
2010-06-30,CSX,0.0010061028300394773
2010-06-30,CTSH,0.013079336790513199
2010-06-30,DIS,0.0011498318057594022
2010-06-30,DPS,0.009629841373234992
2010-06-30,DTE,0.009342383421795143
2010-06-30,DTV,0.0017247477086391031
2010-06-30,EL,0.011785776009033872
2010-06-30,EMC,0.004886785174477459
2010-06-30,EQR,0.012504420887633497
2010-06-30,ESRX,0.01092340215471432
2010-06-30,ETN,0.007617635713156039
2010-06-30,F,0.00517424312591731
2010-06-30,FAST,0.0034494954172782063
2010-06-30,FTI,0.0005749159028797011
2010-06-30,GIS,0.007905093664595889
2010-06-30,GNW,0.003736953368718057
2010-06-30,GR,0.005749159028797011
2010-06-30,HAS,0.011498318057594022
2010-06-30,HD,0.004455598247317683
2010-06-30,HNZ,0.0022996636115188043
2010-06-30,HOT,0.005892888004516936
2010-06-30,HRS,0.007330177761716188
2010-06-30,HUM,0.009773570348954918
2010-06-30,INTU,0.00028745795143985054
2010-06-30,ISRG,0.00546170107735716
2010-06-30,JWN,0.011354589081874094
2010-06-30,LEG,0.0040244113201579074
2010-06-30,LTD,0.012648149863353423
2010-06-30,LUV,0.007186448785996263
2010-06-30,LXK,0.012216962936193648
2010-06-30,M,0.008767467518915441
2010-06-30,MAT,0.006180345955956786
2010-06-30,MCK,0.01034848625183462
2010-06-30,MKC,0.00603661698023686
2010-06-30,MO,0.00301830849011843
2010-06-30,MTZ,0.010204757276114694
2010-06-30,MYL,0.0015810187329191776
2010-06-30,NSC,0.002587121562958655
2010-06-30,NTAP,0.01207323396047372
2010-06-30,NVLS,0.0020122056600789537
2010-06-30,PCP,0.00273085053867858
2010-06-30,PH,0.006324074931676711
2010-06-30,PSA,0.004599327223037609
2010-06-30,PXD,0.013223065766233123
2010-06-30,RAI,0.0038806823444379824
2010-06-30,RL,0.010061028300394768
2010-06-30,ROK,0.003305766441558281
2010-06-30,RSHCQ,0.0031620374658383557
2010-06-30,SBUX,0.009198654446075217
2010-06-30,SHW,0.006755261858836487
2010-06-30,SLE,0.0035932243929981313
2010-06-30,SNDK,0.012935607814793273
2010-06-30,SNI,0.010635944203274468
2010-06-30,SPG,0.008911196494635365
2010-06-30,STR,0.005030514150197384
2010-06-30,SWK,0.008336280591755665
2010-06-30,SYK,0.002443392587238729
2010-06-30,SYY,0.004311869271597758
2010-06-30,T3W1,0.011929504984753796
2010-06-30,TEG,0.006467803907396637
2010-06-30,TGNA,0.01121086010615417
2010-06-30,TGT,0.007761364688875965
2010-06-30,TIF,0.008048822640315815
2010-06-30,TJX,0.0068989908345564125
2010-06-30,TLAB,0.0018684766843590284
2010-06-30,TXT,0.005317972101637234
2010-06-30,UNS1,0.0004311869271597759
2010-06-30,VIAB,0.0066115328831165615
2010-06-30,VNO,0.007473906737436113
2010-06-30,VTR,0.009486112397515067
2010-06-30,WFM,0.008192551616035739
2010-06-30,WHR,0.012791878839073349
2010-06-30,WPI,0.0028745795143985055
2010-06-30,WYND,0.013510523717672975
2010-06-30,WYNN,0.004743056198757534
2010-07-31,AAPL*,0.009662328561870782
2010-07-31,ABC,0.011451648665920926
2010-07-31,AEC1,0.0004771520277467052
2010-07-31,AIV,0.009900904575744133
2010-07-31,AIZ,0.006441552374580521
2010-07-31,AKAM,0.01133236065898425
2010-07-31,ALTR,0.005248672305213757
2010-07-31,AMD,0.003936504228910318
2010-07-31,AMT,0.004771520277467053
2010-07-31,ATI,0.0026243361526068786
2010-07-31,AVB,0.0090658885271874
2010-07-31,AZO,0.007037992409263902
2010-07-31,BA,0.006918704402327227
2010-07-31,BFB,0.008350160485567342
2010-07-31,BIG,0.0013121680763034393
2010-07-31,BXP,0.005367960312150435
2010-07-31,CAG,0.0060836883537704915
2010-07-31,CBS,0.005725824332960463
2010-07-31,CCE,0.0028629121664802315
2010-07-31,CMA,0.008827312513314046
2010-07-31,CMI,0.006202976360707168
2010-07-31,COL,0.0016700320971134684
2010-07-31,CPB,0.003101488180353584
2010-07-31,CRM,0.011093784645110896
2010-07-31,CTSH,0.010855208631237545
2010-07-31,DE,0.0009543040554934104
2010-07-31,DIS,0.0008350160485567342
2010-07-31,DPS,0.008588736499440695
2010-07-31,DTE,0.009185176534124076
2010-07-31,DVA,0.0073958564300739315
2010-07-31,EL,0.00870802450637737
2010-07-31,EMC,0.0034593522011636133
2010-07-31,EOG,0.00035786402081002894
2010-07-31,EQR,0.010497344610427515
2010-07-31,ETFC,0.011213072652047573
2010-07-31,FAST,0.00811158447169399
2010-07-31,FLIR,0.0020278961179234973
2010-07-31,GNW,0.0058451123398971395
2010-07-31,GR,0.007515144437010608
2010-07-31,HAS,0.010616632617364192
2010-07-31,HOT,0.007873008457820636
2010-07-31,HRL,0.004055792235846995
2010-07-31,HRS,0.003340064194226937
2010-07-31,HSP,0.010378056603490839
2010-07-31,HST,0.0032207761872902604
2010-07-31,HSY,0.0007157280416200579
2010-07-31,HUM,0.010139480589617488
2010-07-31,INTU,0.001550744090176792
2010-07-31,KIM,0.0001192880069366763
2010-07-31,LTD,0.009304464541060752
2010-07-31,LUV,0.0011928800693667635
2010-07-31,LXK,0.01073592062430087
2010-07-31,MAR,0.002982200173416908
2010-07-31,MAT,0.004175080242783671
2010-07-31,MCD,0.006799416395390549
2010-07-31,MCK,0.005010096291340404
2010-07-31,MKC,0.010258768596554163
2010-07-31,MO,0.004652232270530376
2010-07-31,MTZ,0.009781616568807458
2010-07-31,NEM,0.005129384298277082
2010-07-31,NTAP,0.009543040554934107
2010-07-31,NVLS,0.0017893201040501446
2010-07-31,PGR,0.0010735920624300869
2010-07-31,PH,0.0025050481456702018
2010-07-31,PNC,0.007992296464757312
2010-07-31,PSA,0.00023857601387335288
2010-07-31,PXD,0.01097449663817422
2010-07-31,QWST,0.005964400346833816
2010-07-31,RAI,0.0036979282150369657
2010-07-31,RSHCQ,0.0005964400346833818
2010-07-31,SBUX,0.002385760138733527
2010-07-31,SII,0.00226647213179685
2010-07-31,SJM,0.0019086081109868209
2010-07-31,SLE,0.006680128388453874
2010-07-31,SNDK,0.010020192582680809
2010-07-31,SPG,0.008469448492504018
2010-07-31,SRCL,0.008230872478630665
2010-07-31,SUN,0.0038172162219736417
2010-07-31,SYK,0.0071572804162005794
2010-07-31,SYY,0.00548724831908711
2010-07-31,T3W1,0.009423752547997427
2010-07-31,TDC,0.0014314560832401158
2010-07-31,TEG,0.004890808284403729
2010-07-31,TIE,0.008946600520250722
2010-07-31,TMK,0.0045329442635937
2010-07-31,TSN,0.0042943682497203475
2010-07-31,UNS1,0.002743624159543555
2010-07-31,VAR,0.007753720450883961
2010-07-31,VIAB,0.007276568423137255
2010-07-31,VNO,0.005606536326023787
2010-07-31,VRSN,0.006560840381517197
2010-07-31,VTR,0.0076344324439472835
2010-07-31,WAT,0.004413656256657023
2010-07-31,WEC,0.0021471841248601737
2010-07-31,WHR,0.0035786402081002897
2010-07-31,WYND,0.0063222643676438435
2010-08-31,AAPL*,0.010980559004431173
2010-08-31,ABC,0.011634163707075889
2010-08-31,AIV,0.006536047026447128
2010-08-31,AKAM,0.012549210290778485
2010-08-31,ALTR,0.009019744896497036
2010-08-31,AMT,0.009411907718083864
2010-08-31,AVB,0.00915046583702598
2010-08-31,AZO,0.010326954301786461
2010-08-31,BA,0.0003921628215868278
2010-08-31,BFB,0.01019623336125752
2010-08-31,BLL,0.0016993722268762532
2010-08-31,BTU,0.001176488464760483
2010-08-31,BXP,0.0030065816321656787
2010-08-31,CAT,0.008627582074910208
2010-08-31,CCE,0.002352976929520966
2010-08-31,CMA,0.00718965172909184
2010-08-31,CMI,0.009673349599141748
2010-08-31,COH,0.0020915350484630806
2010-08-31,CRM,0.011895605588133773
2010-08-31,CTSH,0.011111279944960117
2010-08-31,CTXS,0.005882442323802415
2010-08-31,D,0.006013163264331357
2010-08-31,DE,0.007843256431736553
2010-08-31,DIS,0.0013072094052894256
2010-08-31,DOV,0.0037909072753393343
2010-08-31,DPS,0.0056210004427445295
2010-08-31,DTE,0.00980407053967069
2010-08-31,DTV,0.0061438842048603
2010-08-31,EL,0.01176488464760483
2010-08-31,EMC,0.007320372669620784
2010-08-31,EMR,0.001960814107934138
2010-08-31,EP,0.004705953859041932
2010-08-31,EQR,0.010457675242315405
2010-08-31,ETFC,0.012418489350249542
2010-08-31,ETN,0.006797488907505013
2010-08-31,F,0.005490279502215587
2010-08-31,FAST,0.0036601863348103914
2010-08-31,FDO,0.0022222559889920235
2010-08-31,GAS.2,0.004313791037455104
2010-08-31,GR,0.006274605145389242
2010-08-31,GWW,0.006405326085918186
2010-08-31,HAS,0.01071911712337329
2010-08-31,HNZ,0.004967395740099818
2010-08-31,HOT,0.002483697870049909
2010-08-31,HRL,0.005228837621157703
2010-08-31,HSP,0.004836674799570874
2010-08-31,HUM,0.008889023955968094
2010-08-31,IFF,0.0014379303458183679
2010-08-31,INTU,0.009934791480199635
2010-08-31,ISRG,0.0075818145506786686
2010-08-31,LTD,0.009281186777554922
2010-08-31,LUV,0.0027451397511077933
2010-08-31,LXK,0.010065512420728577
2010-08-31,MAR,0.0005228837621157703
2010-08-31,MAT,0.0015686512863473103
2010-08-31,MCD,0.00875830301543915
2010-08-31,MKC,0.012157047469191657
2010-08-31,MO,0.006928209848033955
2010-08-31,MTZ,0.010588396182844347
2010-08-31,NKE,0.004183070096926161
2010-08-31,NTAP,0.012026326528662715
2010-08-31,NVLS,0.007058930788562898
2010-08-31,ORLY,0.0028758606916367358
2010-08-31,PNC,0.0007843256431736556
2010-08-31,POM,0.0026144188105788513
2010-08-31,PSA,0.00823541925332338
2010-08-31,PXD,0.011503442766546943
2010-08-31,QWST,0.010849838063902231
2010-08-31,RAI,0.007973977372265496
2010-08-31,RHT,0.003137302572694621
2010-08-31,ROK,0.00013072094052894254
2010-08-31,RSG,0.004444511977984047
2010-08-31,RSHCQ,0.007712535491207611
2010-08-31,SBUX,0.003268023513223564
2010-08-31,SLE,0.011242000885489059
2010-08-31,SLM,0.0006536047026447128
2010-08-31,SNDK,0.011372721826018001
2010-08-31,SNI,0.003529465394281449
2010-08-31,SPG,0.0057517213832734716
2010-08-31,SRCL,0.005359558561686645
2010-08-31,SWK,0.00666676796697607
2010-08-31,SYY,0.003921628215868276
2010-08-31,T3W1,0.009542628658612806
2010-08-31,TE,0.0010457675242315403
2010-08-31,TEG,0.008104698312794438
2010-08-31,TIE,0.0122877684097206
2010-08-31,TSN,0.00509811668062876
2010-08-31,VIAB,0.004052349156397219
2010-08-31,VNO,0.00457523291851299
2010-08-31,VRSN,0.007451093610149726
2010-08-31,VTR,0.008496861134381266
2010-08-31,WAT,0.0018300931674051961
2010-08-31,WIN,0.0033987444537525065
2010-08-31,WYND,0.008366140193852322
2010-08-31,WYNN,0.0002614418810578851
2010-08-31,XLNX,0.000915046583702598
2010-09-30,AAPL*,0.007336634463441642
2010-09-30,ABC,0.005735914216872556
2010-09-30,AEP,0.00040018006164227135
2010-09-30,AIV,0.0020009003082113565
2010-09-30,AKAM,0.012805761972552683
2010-09-30,AMT,0.008670568002249213
2010-09-30,AMZN,0.0008003601232845427
2010-09-30,AVB,0.008403781294487699
2010-09-30,AZO,0.012138795203148898
2010-09-30,BFB,0.007736814525083914
2010-09-30,BLL,0.0006669667694037856
2010-09-30,BXP,0.0026678670776151426
2010-09-30,CAT,0.0014673268926883292
2010-09-30,CB,0.001067146831046057
2010-09-30,CBG,0.0013339335388075713
2010-09-30,CCE,0.0030680471392574137
2010-09-30,CLX,0.006002700924634071
2010-09-30,CMI,0.0102712882488183
2010-09-30,CMS,0.009204141417772241
2010-09-30,CNP,0.005068947447468771
2010-09-30,CPB,0.004535374031945742
2010-09-30,CRM,0.012672368618671928
2010-09-30,CTSH,0.012272188557029655
2010-09-30,CTXS,0.00787020787896467
2010-09-30,D,0.008537174648368456
2010-09-30,DD,0.004268587324184228
2010-09-30,DE,0.009337534771652998
2010-09-30,DPS,0.003868407262541957
2010-09-30,DRI,0.0005335734155230285
2010-09-30,DTE,0.011471828433745113
2010-09-30,DTV,0.006803061047918613
2010-09-30,ED,0.006269487632395585
2010-09-30,EL,0.010004501541056783
2010-09-30,EQR,0.010404681602699056
2010-09-30,ES,0.0074700278173224
2010-09-30,ETFC,0.01253897526479117
2010-09-30,F,0.0066696676940378565
2010-09-30,FDO,0.01160522178762587
2010-09-30,GAS.2,0.0032014404931381708
2010-09-30,GR,0.0065362743401570994
2010-09-30,GWW,0.0029346537853766567
2010-09-30,HAS,0.011205041725983597
2010-09-30,HNZ,0.008937354710010727
2010-09-30,HOT,0.0018675069543306
2010-09-30,HRL,0.010804861664341327
2010-09-30,HSY,0.005469127509111042
2010-09-30,HUM,0.010538074956579812
2010-09-30,IFF,0.002267687015972871
2010-09-30,INTU,0.012405581910910412
2010-09-30,KFT,0.0033348338470189282
2010-09-30,LTD,0.004668767385826499
2010-09-30,LXK,0.009604321479414514
2010-09-30,MAT,0.0024010803698536285
2010-09-30,MCD,0.011338435079864356
2010-09-30,MKC,0.012005401849268143
2010-09-30,MO,0.01067146831046057
2010-09-30,MTZ,0.011071648372102842
2010-09-30,NEM,0.0037350139086612
2010-09-30,NI,0.0034682272008996853
2010-09-30,NSC,0.0025344737237343856
2010-09-30,NTAP,0.009871108187176026
2010-09-30,ORLY,0.008003601232845428
2010-09-30,PCG,0.005202340801349528
2010-09-30,PEAK,0.005335734155230285
2010-09-30,PGR,0.004135193970303471
2010-09-30,PNW,0.007069847755680128
2010-09-30,POM,0.008136994586726185
2010-09-30,PSA,0.009070748063891484
2010-09-30,PTV,0.002801260431495899
2010-09-30,PXD,0.009470928125533755
2010-09-30,QWST,0.011738615141506627
2010-09-30,RAI,0.007603421171203156
2010-09-30,RHT,0.0002667867077615141
2010-09-30,SLE,0.00973771483329527
2010-09-30,SLM,0.0012005401849268143
2010-09-30,SNDK,0.00013339335388075704
2010-09-30,SO,0.0072032411095608855
2010-09-30,SPG,0.006936454401799371
2010-09-30,SRCL,0.010938255018222084
2010-09-30,SWK,0.0021342936620921136
2010-09-30,TDC,0.0017341136004498426
2010-09-30,TE,0.004935554093588012
2010-09-30,TEG,0.010137894894937542
2010-09-30,TIE,0.00880396135612997
2010-09-30,TSN,0.0016007202465690854
2010-09-30,UNH,0.005869307570753313
2010-09-30,UNP,0.004001800616422714
2010-09-30,VAR,0.004401980678064985
2010-09-30,VNO,0.0009337534771653002
2010-09-30,VRSN,0.0064028809862763415
2010-09-30,VTR,0.011872008495387385
2010-09-30,WEC,0.008270387940606942
2010-09-30,WPI,0.0036016205547804428
2010-09-30,WYND,0.004802160739707257
2010-09-30,XEL,0.0061360942785148274
2010-09-30,YUM,0.005602520862991798
2010-10-31,AAPL*,0.009664540605838207
2010-10-31,ABC,0.008811787022970129
2010-10-31,AIV,0.009238163814404168
2010-10-31,AIZ,0.00582714948293186
2010-10-31,AKAM,0.013501931728744553
2010-10-31,ALTR,0.0049743959000637826
2010-10-31,AMT,0.01122792217442968
2010-10-31,AVB,0.006964154260089297
2010-10-31,AZO,0.013359806131599873
2010-10-31,BFB,0.0017055071657361542
2010-10-31,BXP,0.003979516720051026
2010-10-31,CB,0.007106279857233975
2010-10-31,CBG,0.006395651871510578
2010-10-31,CCE,0.009096038217259489
2010-10-31,CLX,0.0029846375400382694
2010-10-31,CMI,0.012507052548731796
2010-10-31,CMS,0.00838541023153609
2010-10-31,CNP,0.0018476327628808337
2010-10-31,CRM,0.012933429340165834
2010-10-31,CTSH,0.013217680534455193
2010-10-31,CTXS,0.011370047771574361
2010-10-31,D,0.007532656648668013
2010-10-31,DD,0.0042637679143403846
2010-10-31,DE,0.006822028662944616
2010-10-31,DRI,0.005542898288642501
2010-10-31,DTE,0.0038373911229063473
2010-10-31,DTV,0.010090917397272244
2010-10-31,DVA,0.0021318839571701923
2010-10-31,ED,0.0015633815685914742
2010-10-31,EL,0.0046901447057744235
2010-10-31,EMR,0.000852753582868077
2010-10-31,EQR,0.011796424563008398
2010-10-31,ES,0.007816907842957372
2010-10-31,ETFC,0.013644057325889232
2010-10-31,F,0.006253526274365898
2010-10-31,FAST,0.007248405454378654
2010-10-31,FDO,0.012222801354442437
2010-10-31,FMC,0.0007106279857233976
2010-10-31,GAS.2,0.001989758360025513
2010-10-31,GPC,0.0041216423171957055
2010-10-31,GR,0.006111400677221219
2010-10-31,HAS,0.012791303743021155
2010-10-31,HNZ,0.005969275080076539
2010-10-31,HOT,0.008101159037246732
2010-10-31,HRL,0.01151217336871904
2010-10-31,HSY,0.0044058935114850645
2010-10-31,HUM,0.010659419785850962
2010-10-31,INTU,0.012649178145876476
2010-10-31,IPG,0.0004263767914340385
2010-10-31,LTD,0.0028425119428935903
2010-10-31,LUV,0.0025582607486042313
2010-10-31,LXK,0.007390531051523335
2010-10-31,MAT,0.0012791303743021156
2010-10-31,MCD,0.010517294188706283
2010-10-31,MKC,0.012364926951587116
2010-10-31,MO,0.012080675757297758
2010-10-31,MTZ,0.0045480191086297445
2010-10-31,NI,0.0024161351514595517
2010-10-31,NOVL,0.0011370047771574361
2010-10-31,NTAP,0.011938550160153077
2010-10-31,ORLY,0.009380289411548847
2010-10-31,PGN,0.0022740095543148722
2010-10-31,PGR,0.0054007726914978215
2010-10-31,PNW,0.009948791800127565
2010-10-31,POM,0.006537777468655257
2010-10-31,PSA,0.0048322703029191035
2010-10-31,PTV,0.00866966142582545
2010-10-31,PXD,0.008243284634391411
2010-10-31,QWST,0.013075554937310514
2010-10-31,RAI,0.00028425119428935816
2010-10-31,RHT,0.010233042994416925
2010-10-31,ROK,0.0051165214972084625
2010-10-31,SBUX,0.0009948791800127566
2010-10-31,SHW,0.0027003863457489108
2010-10-31,SO,0.005258647094353142
2010-10-31,SPG,0.005685023885787181
2010-10-31,SRCL,0.009806666202982886
2010-10-31,T3W1,0.003126763137182949
2010-10-31,TDC,0.0032688887343276284
2010-10-31,TEG,0.01165429896586372
2010-10-31,TIE,0.010943670980140322
2010-10-31,TMK,0.0014212559714467951
2010-10-31,UNH,0.007674782245812694
2010-10-31,UNP,0.009522415008693526
2010-10-31,UNS1,0.007959033440102053
2010-10-31,VAR,0.008527535828680769
2010-10-31,VNO,0.0036952655257616674
2010-10-31,VRSN,0.010801545382995643
2010-10-31,VTR,0.011085796577285001
2010-10-31,WEC,0.010375168591561604
2010-10-31,WIN,0.003411014331472308
2010-10-31,WPI,0.0005685023885787181
2010-10-31,WYND,0.0035531399286169874
2010-10-31,WYNN,0.00014212559714467951
2010-10-31,XEL,0.006679903065799937
2010-10-31,YUM,0.00895391262011481
2010-11-30,AAPL*,0.010949200486834277
2010-11-30,ABC,0.0075173615282742795
2010-11-30,AIV,0.013237093125874276
2010-11-30,AIZ,0.0047392061808685685
2010-11-30,AKAM,0.01519814395933713
2010-11-30,ALTR,0.006863677917119994
2010-11-30,AMT,0.007353940625485709
2010-11-30,AVB,0.008824728750582852
2010-11-30,AZO,0.015688406667702846
2010-11-30,BLL,0.008334466042217136
2010-11-30,BXP,0.0017976299306742844
2010-11-30,CB,0.00996867507010285
2010-11-30,CBG,0.004412364375291426
2010-11-30,CMI,0.013727355834239988
2010-11-30,CMS,0.00620999430596571
2010-11-30,CNP,0.0024513135418285695
2010-11-30,COH,0.0067002570143314235
2010-11-30,CPWR,0.0050660479864457104
2010-11-30,CRM,0.014544460348182848
2010-11-30,CTSH,0.014054197639817132
2010-11-30,CTXS,0.010295516875679993
2010-11-30,DD,0.004575785278079997
2010-11-30,DE,0.003104997152982855
2010-11-30,DPS,0.007027098819908566
2010-11-30,DRI,0.012093146806354276
2010-11-30,DTV,0.0013073672223085711
2010-11-30,EL,0.009314991458948565
2010-11-30,EMC,0.0022878926390399986
2010-11-30,EP,0.010132095972891421
2010-11-30,EQR,0.011766305000777135
2010-11-30,ES,0.010458937778468564
2010-11-30,ETFC,0.015361564862125704
2010-11-30,EXPD,0.008171045139428566
2010-11-30,F,0.0008171045139428569
2010-11-30,FAST,0.002124471736251427
2010-11-30,FDO,0.013400514028662847
2010-11-30,FMC,0.0011439463195199993
2010-11-30,FO,0.0001634209027885713
2010-11-30,GAS.2,0.000490262708365714
2010-11-30,GPC,0.012746830417508561
2010-11-30,GR,0.008988149653371422
2010-11-30,GWW,0.0003268418055771426
2010-11-30,HAS,0.014381039445394274
2010-11-30,HNZ,0.004902627083657139
2010-11-30,HOT,0.008497886945005709
2010-11-30,HRL,0.013563934931451417
2010-11-30,HST,0.002614734444617141
2010-11-30,HSY,0.01389077673702856
2010-11-30,HUM,0.011602884097988563
2010-11-30,INTU,0.015034723056548559
2010-11-30,IPG,0.004248943472502854
2010-11-30,KFT,0.010785779584045706
2010-11-30,KIM,0.006536836111542853
2010-11-30,LTD,0.01241998861193142
2010-11-30,LUV,0.0035952598613485684
2010-11-30,MAR,0.0029415762501942837
2010-11-30,MCD,0.009805254167314278
2010-11-30,MKC,0.014707881250971418
2010-11-30,MO,0.014217618542605703
2010-11-30,NOVL,0.00866130784779428
2010-11-30,NTAP,0.013073672223085706
2010-11-30,NVLS,0.0032684180557714265
2010-11-30,ORLY,0.012910251320297132
2010-11-30,PCLN,0.0014707881250971418
2010-11-30,PCS,0.005229468889234282
2010-11-30,PGN,0.0006536836111542851
2010-11-30,PGR,0.005392889792022853
2010-11-30,PH,0.004085522569714283
2010-11-30,PXD,0.01258340951471999
2010-11-30,QWST,0.015524985764914274
2010-11-30,RAI,0.009478412361737137
2010-11-30,RHT,0.011929725903565705
2010-11-30,ROK,0.0037586807641371398
2010-11-30,SNA,0.003431838958559997
2010-11-30,SNDK,0.005556310694811425
2010-11-30,SO,0.007190519722697137
2010-11-30,SPG,0.005719731597599996
2010-11-30,SRCL,0.01111262138962285
2010-11-30,SUN,0.006046573403177138
2010-11-30,T3W1,0.009151570556159994
2010-11-30,TDC,0.0016342090278857132
2010-11-30,TEG,0.01127604229241142
2010-11-30,TIE,0.009641833264525708
2010-11-30,TMK,0.006373415208754281
2010-11-30,UNP,0.008007624236639995
2010-11-30,VAR,0.0027781553474057127
2010-11-30,VRSN,0.014871302153759989
2010-11-30,VTR,0.011439463195199992
2010-11-30,WEC,0.012256567709142846
2010-11-30,WFM,0.000980525416731428
2010-11-30,WIN,0.007844203333851423
2010-11-30,WPI,0.005883152500388567
2010-11-30,WYND,0.001961050833462856
2010-11-30,WYNN,0.007680782431062852
2010-11-30,XEL,0.003922101666925712
2010-11-30,YUM,0.010622358681257136
2010-12-31,AAPL*,0.011630731294181976
2010-12-31,AIV,0.009894801250274218
2010-12-31,AKAM,0.016144149408342145
2010-12-31,ALTR,0.010415580263446545
2010-12-31,AMP,0.0008679650219538789
2010-12-31,AMT,0.00121515103073543
2010-12-31,AN,0.0017359300439077577
2010-12-31,AVB,0.0026038950658616358
2010-12-31,AZO,0.016838521425905247
2010-12-31,BFB,0.00017359300439077574
2010-12-31,BLL,0.008506057215148011
2010-12-31,BXP,0.0024303020614708606
2010-12-31,CAT,0.007464499188803357
2010-12-31,CB,0.011109952281009647
2010-12-31,CHRW,0.0010415580263446545
2010-12-31,CMI,0.01597055640395137
2010-12-31,COH,0.011283545285400425
2010-12-31,CPWR,0.006596534166849479
2010-12-31,CRM,0.015796963399560594
2010-12-31,CTSH,0.015276184386388267
2010-12-31,CTXS,0.01024198725905577
2010-12-31,DD,0.009374022237101891
2010-12-31,DE,0.0043398251097693935
2010-12-31,DPS,0.0019095230482985334
2010-12-31,DRI,0.012151510307354303
2010-12-31,DVA,0.0064229411624587025
2010-12-31,EL,0.011977917302963527
2010-12-31,EMC,0.0034718600878155155
2010-12-31,EP,0.0114571382897912
2010-12-31,EQR,0.01301947532930818
2010-12-31,ES,0.004166232105378618
2010-12-31,ETFC,0.01666492842151447
2010-12-31,ETN,0.007811685197584909
2010-12-31,EXPD,0.009547615241492667
2010-12-31,F,0.008158871206366462
2010-12-31,FDO,0.016491335417123696
2010-12-31,FMC,0.010936359276618873
2010-12-31,FO,0.001388744035126206
2010-12-31,FTI,0.003124674079033964
2010-12-31,GENZ,0.0005207790131723272
2010-12-31,GPC,0.010589173267837322
2010-12-31,GR,0.009200429232711116
2010-12-31,GWW,0.0057285691448956
2010-12-31,HAS,0.014581812368825163
2010-12-31,HBAN,0.003992639100987842
2010-12-31,HNZ,0.002777488070252412
2010-12-31,HOT,0.004860604122941721
2010-12-31,HRL,0.015623370395169818
2010-12-31,HSY,0.012672289320526631
2010-12-31,HUM,0.006075755153677151
2010-12-31,IFF,0.0036454530922062907
2010-12-31,INTU,0.014234626360043613
2010-12-31,LTD,0.013713847346871285
2010-12-31,LUMN,0.0032982670834247395
2010-12-31,M,0.007638092193194133
2010-12-31,MAR,0.005381383136114049
2010-12-31,MAT,0.00902683622832034
2010-12-31,MCD,0.014061033355652836
2010-12-31,MJN,0.01475540537321594
2010-12-31,MKC,0.01544977739077904
2010-12-31,MO,0.0067701271712402545
2010-12-31,NKE,0.005554976140504824
2010-12-31,NOVL,0.007117313180021807
2010-12-31,NTAP,0.006943720175631031
2010-12-31,ORLY,0.014928998377606714
2010-12-31,PCAR,0.005034197127332497
2010-12-31,PCLN,0.007985278201975685
2010-12-31,PCS,0.0038190460965970667
2010-12-31,PH,0.010068394254664994
2010-12-31,PPG,0.005902162149286376
2010-12-31,PXD,0.012845882324917405
2010-12-31,QWST,0.016317742412732924
2010-12-31,RHT,0.008679650219538787
2010-12-31,RL,0.001562337039516982
2010-12-31,ROK,0.004687011118550946
2010-12-31,ROP,0.009721208245883442
2010-12-31,ROST,0.015102591381997491
2010-12-31,SBUX,0.008853243223929564
2010-12-31,SLE,0.007290906184412581
2010-12-31,SO,0.0003471860087815512
2010-12-31,SRCL,0.013540254342480509
2010-12-31,STZ,0.000694372017563103
2010-12-31,SUN,0.013366661338089735
2010-12-31,T3W1,0.013887440351262062
2010-12-31,TDC,0.002256709057080085
2010-12-31,TIF,0.002951081074643188
2010-12-31,TJX,0.002083116052689309
2010-12-31,TMK,0.008332464210757236
2010-12-31,UNP,0.012325103311745078
2010-12-31,VAR,0.010762766272228098
2010-12-31,VRSN,0.014408219364434387
2010-12-31,VTR,0.00451341811416017
2010-12-31,WEC,0.006249348158067928
2010-12-31,WFM,0.012498696316135855
2010-12-31,WPI,0.005207790131723272
2010-12-31,WYNN,0.011804324298572751
2010-12-31,YUM,0.013193068333698958
2011-01-31,AAPL*,0.014597065993003668
2011-01-31,AIG*,0.012132626279899153
2011-01-31,AIV,0.013459632279263122
2011-01-31,AKAM,0.014407493707380245
2011-01-31,ALTR,0.01023690342366491
2011-01-31,AMP,0.002274867427481091
2011-01-31,AN,0.0060663131399495765
2011-01-31,ANF,0.0024644397131045157
2011-01-31,AVB,0.004928879426209031
2011-01-31,AZO,0.01819893941984873
2011-01-31,BFB,0.004739307140585606
2011-01-31,BLL,0.007772463710560395
2011-01-31,BRCM,0.0015165782849873941
2011-01-31,BTU,0.0013270059993639699
2011-01-31,CAT,0.013649204564886547
2011-01-31,CB,0.011753481708652305
2011-01-31,CBG,0.0030331565699747882
2011-01-31,CHRW,0.005497596283079304
2011-01-31,CLF,0.0017061505706108184
2011-01-31,CMI,0.017630222562978456
2011-01-31,COH,0.008530752853054092
2011-01-31,CPWR,0.0037914457124684857
2011-01-31,CRM,0.017061505706108183
2011-01-31,CSX,0.0072037468536901225
2011-01-31,CTSH,0.017440650277355033
2011-01-31,CTXS,0.0058767408543261524
2011-01-31,DD,0.011184764851782032
2011-01-31,DE,0.01156390942302888
2011-01-31,EL,0.005118451711832455
2011-01-31,EMC,0.009857758852418063
2011-01-31,EP,0.0041705902837153325
2011-01-31,EQR,0.015355355135497366
2011-01-31,ES,0.003981017998091909
2011-01-31,ETFC,0.018009367134225306
2011-01-31,ETN,0.008341180567430667
2011-01-31,EXPD,0.0062558854255730005
2011-01-31,FAST,0.00037914457124684853
2011-01-31,FCX*,0.004360162569338758
2011-01-31,FDO,0.017251077991731607
2011-01-31,FISV,0.0007582891424936971
2011-01-31,FMC,0.014217921421756818
2011-01-31,FTI,0.0073933191393135474
2011-01-31,GPC,0.012890915422392851
2011-01-31,GR,0.009668186566794638
2011-01-31,GWW,0.004549734854962182
2011-01-31,HAS,0.015165782849873943
2011-01-31,HOT,0.010047331138041486
2011-01-31,HRL,0.016113644277991064
2011-01-31,HST,0.008151608281807244
2011-01-31,HSY,0.008909897424300942
2011-01-31,IFF,0.0066350299968198495
2011-01-31,INTU,0.01649278884923791
2011-01-31,KIM,0.0020852951418576667
2011-01-31,LH,0.0034123011412216368
2011-01-31,LTD,0.003222728855598213
2011-01-31,LUMN,0.01194305399427573
2011-01-31,M,0.000568716856870273
2011-01-31,MAR,0.0064454577111964255
2011-01-31,MCD,0.009478614281171213
2011-01-31,MJN,0.014976210564250516
2011-01-31,MKC,0.016303216563614487
2011-01-31,MMC,0.0011374337137405456
2011-01-31,MUR,0.0028435842843513638
2011-01-31,NTAP,0.01554492742112079
2011-01-31,NVLS,0.00928904199554779
2011-01-31,ORLY,0.014786638278627093
2011-01-31,PCAR,0.0026540119987279397
2011-01-31,PCLN,0.009099469709924365
2011-01-31,PCS,0.015924071992367637
2011-01-31,PH,0.0075828914249369715
2011-01-31,PPG,0.005308023997455879
2011-01-31,PXD,0.01687193342048476
2011-01-31,QWST,0.017819794848601883
2011-01-31,RHT,0.015734499706744214
2011-01-31,ROK,0.00018957228562342405
2011-01-31,ROP,0.013080487708016274
2011-01-31,ROST,0.006824602282443273
2011-01-31,SBUX,0.011374337137405455
2011-01-31,SLE,0.010805620280535184
2011-01-31,SNDK,0.010616047994911759
2011-01-31,SO,0.0036018734268450613
2011-01-31,SPG,0.008720325138677517
2011-01-31,SRCL,0.016682361134861334
2011-01-31,SUN,0.013838776850509972
2011-01-31,T3W1,0.012701343136769424
2011-01-31,TDC,0.007014174568066698
2011-01-31,TMK,0.0009478614281171211
2011-01-31,UNP,0.014028349136133395
2011-01-31,VAR,0.0018957228562342422
2011-01-31,VRSN,0.012511770851146001
2011-01-31,VTR,0.007962035996183819
2011-01-31,WFM,0.013270059993639699
2011-01-31,WIN,0.012322198565522578
2011-01-31,WPI,0.010995192566158609
2011-01-31,WYNN,0.0056871685687027275
2011-01-31,YUM,0.010426475709288334
2011-02-28,0R01,0.0012006597022955377
2011-02-28,AAPL*,0.018210005484815658
2011-02-28,ADI,0.007003848263390637
2011-02-28,AIV,0.01100604727104243
2011-02-28,AKAM,0.01700934578252012
2011-02-28,ALD,0.0008004398015303585
2011-02-28,ALTR,0.008404617916068764
2011-02-28,AMP,0.009805387568746892
2011-02-28,AN,0.014608026377929042
2011-02-28,AVB,0.008804837816833944
2011-02-28,AZO,0.018610225385580836
2011-02-28,BLL,0.009605277618364301
2011-02-28,BMC,0.00020010995038258962
2011-02-28,BXP,0.01080593732065984
2011-02-28,CAT,0.016208905980989757
2011-02-28,CB,0.012006597022955376
2011-02-28,CBG,0.01060582737027725
2011-02-28,CBS,0.003001649255738844
2011-02-28,CHRW,0.012406816923720556
2011-02-28,CMI,0.01520835622907681
2011-02-28,CMS,0.003201759206121434
2011-02-28,COH,0.0026014293549736656
2011-02-28,COP,0.007604178114538405
2011-02-28,CRM,0.018810335335963425
2011-02-28,CSX,0.014407916427546453
2011-02-28,CTSH,0.017809785584050476
2011-02-28,DC7,0.013407366675633504
2011-02-28,DD,0.014808136328311631
2011-02-28,DE,0.01500824627869422
2011-02-28,ED,0.001600879603060717
2011-02-28,EMC,0.016609125881754935
2011-02-28,EMN,0.008604727866451353
2011-02-28,EP,0.01580868608022458
2011-02-28,EQR,0.016809235832137528
2011-02-28,ES,0.013007146774868326
2011-02-28,ETFC,0.01941066518711119
2011-02-28,ETN,0.008004398015303586
2011-02-28,FIS,0.004802638809182151
2011-02-28,FISV,0.006003298511477688
2011-02-28,FLR,0.005803188561095099
2011-02-28,FMC,0.003802089057269203
2011-02-28,FTI,0.013207256725250915
2011-02-28,GPC,0.010205607469512072
2011-02-28,GR,0.011806487072572787
2011-02-28,HRL,0.00540296866032992
2011-02-28,HST,0.006403518412242868
2011-02-28,IBM,0.009205057717599122
2011-02-28,IFF,0.0074040681641558154
2011-02-28,INTU,0.013807586576398684
2011-02-28,LH,0.011206157221425019
2011-02-28,LUMN,0.004002199007651793
2011-02-28,MAR,0.00040021990076517886
2011-02-28,MCHP,0.008204507965686175
2011-02-28,MKC,0.0050027487595647405
2011-02-28,MRO,0.012206706973337967
2011-02-28,NOV,0.0072039582137732264
2011-02-28,NTAP,0.018410115435198243
2011-02-28,NVLS,0.017209455732902706
2011-02-28,ORLY,0.01040571741989466
2011-02-28,PCAR,0.005603078610712509
2011-02-28,PCLN,0.007804288064920995
2011-02-28,PCS,0.019210555236728603
2011-02-28,PGN,0.006803738313008048
2011-02-28,PH,0.004602528858799561
2011-02-28,PPG,0.0020010995038258965
2011-02-28,PSA,0.006203408461860278
2011-02-28,PXD,0.019010445286346014
2011-02-28,QCI,0.0018009895534433066
2011-02-28,QWST,0.018009895534433065
2011-02-28,RHT,0.014007696526781273
2011-02-28,ROK,0.002201209454208486
2011-02-28,ROP,0.011606377122190198
2011-02-28,ROST,0.00520285870994733
2011-02-28,SBUX,0.010005497519129481
2011-02-28,SEE,0.006603628362625458
2011-02-28,SHW,0.0014007696526781273
2011-02-28,SO,0.009004947767216533
2011-02-28,SPG,0.011406267171807608
2011-02-28,SRCL,0.017609675633667887
2011-02-28,SUN,0.017409565683285298
2011-02-28,T3W1,0.013607476626016095
2011-02-28,TDC,0.012606926874103147
2011-02-28,TER,0.0024013194045910753
2011-02-28,TMK,0.004202308958034382
2011-02-28,TSO,0.0010005497519129482
2011-02-28,TXN,0.0036019791068866132
2011-02-28,UNP,0.01560857612984199
2011-02-28,VAR,0.003401869156504024
2011-02-28,VIAB,0.004402418908416972
2011-02-28,VLO,0.0006003298511477688
2011-02-28,VRSN,0.015408466179459401
2011-02-28,VTR,0.014207806477163862
2011-02-28,WEC,0.012807036824485736
2011-02-28,WIN,0.0028015393053562546
2011-02-28,WPI,0.01640901593137235
2011-02-28,WYNN,0.016008796030607172
2011-02-28,YUM,0.009405167667981712
2011-03-31,AAPL*,0.016621081422259626
2011-03-31,ABC,0.0025247212286976647
2011-03-31,ADI,0.015779507679360403
2011-03-31,AIV,0.002103934357248054
2011-03-31,ALTR,0.01788344203660846
2011-03-31,AMT,0.012202819272038713
2011-03-31,AN,0.018725015779507678
2011-03-31,AVB,0.009678098043341047
2011-03-31,AZO,0.019776982958131708
2011-03-31,BMC,0.006311803071744161
2011-03-31,BTU,0.003366294971596886
2011-03-31,CAT,0.01598990111508521
2011-03-31,CB,0.01367557332211235
2011-03-31,CBG,0.006732589943193772
2011-03-31,CBS,0.014727540500736377
2011-03-31,CHK,0.001683147485798443
2011-03-31,CMI,0.010519671786240269
2011-03-31,CMS,0.00273511466442247
2011-03-31,COP,0.012413212707763518
2011-03-31,COST,0.0014727540500736377
2011-03-31,CRM,0.018935409215232485
2011-03-31,CSX,0.015358720807910793
2011-03-31,CTSH,0.01914580265095729
2011-03-31,CVX,0.00547022932884494
2011-03-31,DC7,0.012623606143488323
2011-03-31,DD,0.014306753629286767
2011-03-31,DE,0.014517147065011572
2011-03-31,DTV,0.01094045865768988
2011-03-31,DVN,0.013254786450662739
2011-03-31,EL,0.005259835893120134
2011-03-31,EMC,0.018514622343782875
2011-03-31,EMN,0.004207868714496108
2011-03-31,EP,0.01830422890805807
2011-03-31,EQR,0.015569114243635598
2011-03-31,ES,0.008836524300441826
2011-03-31,ETFC,0.02040816326530612
2011-03-31,ETN,0.002314327792972859
2011-03-31,FIS,0.013044393014937934
2011-03-31,FISV,0.007363770250368188
2011-03-31,FLR,0.0061014096360193565
2011-03-31,FMC,0.006942983378918578
2011-03-31,FTI,0.0004207868714496115
2011-03-31,GPC,0.010309278350515464
2011-03-31,HAL,0.0035766884073216917
2011-03-31,HP,0.018093835472333262
2011-03-31,HUM,0.013465179886387544
2011-03-31,IBM,0.009888491479065854
2011-03-31,INTU,0.017462655165158845
2011-03-31,IPG,0.0018935409215232485
2011-03-31,KLAC,0.007784557121817799
2011-03-31,LH,0.00820534399326741
2011-03-31,MCHP,0.007574163686092994
2011-03-31,MKC,0.012833999579213131
2011-03-31,MMC,0.005891016200294551
2011-03-31,MO,0.0008415737428992215
2011-03-31,MRO,0.01409636019356196
2011-03-31,NOV,0.017673048600883652
2011-03-31,NTAP,0.015148327372185988
2011-03-31,NVLS,0.017252261729434042
2011-03-31,OKE,0.011782032400589101
2011-03-31,ORLY,0.0006311803071744164
2011-03-31,PCLN,0.006522196507468967
2011-03-31,PCS,0.020197769829581318
2011-03-31,PGN,0.010098884914790659
2011-03-31,PPG,0.005680622764569746
2011-03-31,PXD,0.0195665895224069
2011-03-31,QCI,0.001051967178624027
2011-03-31,QWST,0.005049442457395329
2011-03-31,RHT,0.011571638964864297
2011-03-31,RL,0.004839049021670524
2011-03-31,ROK,0.011992425836313906
2011-03-31,ROP,0.01641068798653482
2011-03-31,ROST,0.009257311171891438
2011-03-31,SBUX,0.011150852093414685
2011-03-31,SEE,0.010730065221965075
2011-03-31,SLBA,0.00021039343572480537
2011-03-31,SO,0.004628655585945719
2011-03-31,SPG,0.014937933936461182
2011-03-31,SRCL,0.01998737639385651
2011-03-31,SUN,0.009467704607616242
2011-03-31,T3W1,0.008626130864717021
2011-03-31,TDC,0.019356196086682095
2011-03-31,TER,0.0071533768146433835
2011-03-31,TSO,0.008415737428992216
2011-03-31,TXN,0.013885966757837155
2011-03-31,UNH,0.004418262150220913
2011-03-31,UNP,0.011361245529139492
2011-03-31,UNS1,0.003997475278771302
2011-03-31,VLO,0.0029455081001472753
2011-03-31,VRSN,0.017041868293709236
2011-03-31,VTR,0.0012623606143488328
2011-03-31,WEC,0.007994950557542605
2011-03-31,WFM,0.016831474857984433
2011-03-31,WPI,0.016200294550810016
2011-03-31,WYNN,0.009046917736166631
2011-03-31,XOM,0.0031559015358720807
2011-03-31,YUM,0.0037870818430464966
2011-04-30,AAPL*,0.011150852093414685
2011-04-30,ADI,0.011992425836313906
2011-04-30,ALTR,0.018725015779507678
2011-04-30,AMT,0.011782032400589101
2011-04-30,AN,0.018093835472333262
2011-04-30,AZO,0.0195665895224069
2011-04-30,BIIB,0.00547022932884494
2011-04-30,BMC,0.0035766884073216917
2011-04-30,BTU,0.01283399957921313
2011-04-30,CAT,0.016621081422259626
2011-04-30,CB,0.015148327372185988
2011-04-30,CBG,0.009678098043341047
2011-04-30,CBS,0.008415737428992216
2011-04-30,CERN,0.0023143277929728594
2011-04-30,CF,0.003997475278771302
2011-04-30,CI,0.009046917736166631
2011-04-30,CLF,0.008626130864717021
2011-04-30,CMI,0.004839049021670524
2011-04-30,COG,0.005259835893120134
2011-04-30,COST,0.0018935409215232485
2011-04-30,CRM,0.016200294550810016
2011-04-30,CSX,0.013465179886387544
2011-04-30,CTSH,0.019776982958131708
2011-04-30,CTXS,0.007574163686092994
2011-04-30,CVX,0.0006311803071744164
2011-04-30,DC7,0.017041868293709236
2011-04-30,DD,0.009888491479065854
2011-04-30,DE,0.017462655165158845
2011-04-30,DTV,0.005049442457395329
2011-04-30,DVA,0.014517147065011572
2011-04-30,DVN,0.013254786450662739
2011-04-30,EL,0.0071533768146433835
2011-04-30,EMC,0.015569114243635598
2011-04-30,EMN,0.007994950557542605
2011-04-30,EP,0.012202819272038713
2011-04-30,EQR,0.002103934357248054
2011-04-30,ES,0.014306753629286767
2011-04-30,ETFC,0.02040816326530612
2011-04-30,FISV,0.005891016200294551
2011-04-30,FMC,0.012623606143488323
2011-04-30,GPC,0.012413212707763518
2011-04-30,HAL,0.010519671786240269
2011-04-30,HAS,0.00820534399326741
2011-04-30,HP,0.018935409215232485
2011-04-30,HUM,0.01914580265095729
2011-04-30,IBM,0.011571638964864297
2011-04-30,IFF,0.0012623606143488324
2011-04-30,INTU,0.015779507679360403
2011-04-30,JNPR,0.003787081843046497
2011-04-30,KO,0.011361245529139492
2011-04-30,LH,0.005680622764569746
2011-04-30,LUK,0.009257311171891438
2011-04-30,LUMN,0.00042078687144961075
2011-04-30,MCHP,0.007784557121817799
2011-04-30,MEE,0.006942983378918578
2011-04-30,MKC,0.010098884914790659
2011-04-30,MMC,0.004628655585945719
2011-04-30,MO,0.001683147485798443
2011-04-30,MRO,0.017252261729434042
2011-04-30,NOV,0.01598990111508521
2011-04-30,NTAP,0.0014727540500736377
2011-04-30,NVLS,0.008836524300441826
2011-04-30,OKE,0.010309278350515464
2011-04-30,PA9,0.00021039343572480537
2011-04-30,PCLN,0.013885966757837155
2011-04-30,PCS,0.020197769829581318
2011-04-30,PGN,0.010730065221965075
2011-04-30,PLL,0.0061014096360193565
2011-04-30,PM,0.009467704607616242
2011-04-30,PNW,0.003366294971596886
2011-04-30,PPG,0.006311803071744161
2011-04-30,PXD,0.018514622343782875
2011-04-30,QCI,0.0031559015358720807
2011-04-30,RHT,0.016831474857984433
2011-04-30,ROK,0.013044393014937934
2011-04-30,ROP,0.015358720807910793
2011-04-30,ROST,0.0027351146644224705
2011-04-30,SBUX,0.014727540500736377
2011-04-30,SEE,0.0010519671786240262
2011-04-30,SPG,0.0008415737428992213
2011-04-30,SRCL,0.019356196086682095
2011-04-30,SUN,0.01094045865768988
2011-04-30,T3W1,0.004207868714496108
2011-04-30,TDC,0.01998737639385651
2011-04-30,TMK,0.006522196507468967
2011-04-30,TSO,0.017673048600883652
2011-04-30,TXN,0.004418262150220913
2011-04-30,UNH,0.01788344203660846
2011-04-30,UNP,0.01409636019356196
2011-04-30,VIAB,0.007363770250368188
2011-04-30,VLO,0.006732589943193772
2011-04-30,VRSN,0.01641068798653482
2011-04-30,VTR,0.0025247212286976647
2011-04-30,VZ,0.01367557332211235
2011-04-30,WFM,0.01830422890805807
2011-04-30,WPI,0.014937933936461182
2011-04-30,XL,0.0029455081001472753
2011-05-31,ADI,0.004939862542955326
2011-05-31,ADP,0.005798969072164949
2011-05-31,ALTR,0.0195446735395189
2011-05-31,AMT,0.0015034364261168384
2011-05-31,AN,0.0075171821305841935
2011-05-31,ANF,0.00429553264604811
2011-05-31,ANTM,0.01288659793814433
2011-05-31,APA,0.0006443298969072165
2011-05-31,AZO,0.01825601374570447
2011-05-31,BCR,0.00665807560137457
2011-05-31,BHI,0.009235395189003437
2011-05-31,BIIB,0.01718213058419244
2011-05-31,BTU,0.008376288659793814
2011-05-31,CAT,0.01804123711340206
2011-05-31,CB,0.017826460481099655
2011-05-31,CBG,0.0019329896907216496
2011-05-31,CBS,0.006013745704467354
2011-05-31,CF,0.011812714776632302
2011-05-31,CI,0.0032216494845360823
2011-05-31,CLF,0.0008591065292096224
2011-05-31,CMI,0.00622852233676976
2011-05-31,CMS,0.003436426116838488
2011-05-31,CNP,0.003865979381443299
2011-05-31,COP,0.0023625429553264603
2011-05-31,COST,0.000429553264604811
2011-05-31,CRM,0.013745704467353952
2011-05-31,CSX,0.012242268041237113
2011-05-31,CTSH,0.020403780068728523
2011-05-31,CTXS,0.014175257731958763
2011-05-31,CVX,0.0010738831615120276
2011-05-31,DC7,0.01911512027491409
2011-05-31,DD,0.014390034364261168
2011-05-31,DE,0.015463917525773196
2011-05-31,DVA,0.0025773195876288655
2011-05-31,DVN,0.004725085910652921
2011-05-31,ED,0.005154639175257732
2011-05-31,EL,0.006443298969072165
2011-05-31,EMC,0.01610824742268041
2011-05-31,EMN,0.013101374570446736
2011-05-31,EP,0.015893470790378006
2011-05-31,EQR,0.010309278350515464
2011-05-31,ES,0.017396907216494846
2011-05-31,ETFC,0.020618556701030927
2011-05-31,FMC,0.013530927835051547
2011-05-31,GPC,0.00816151202749141
2011-05-31,GWW,0.0027920962199312715
2011-05-31,HAL,0.016537800687285224
2011-05-31,HES,0.001288659793814433
2011-05-31,HP,0.01632302405498282
2011-05-31,HUM,0.018900343642611683
2011-05-31,IBM,0.01095360824742268
2011-05-31,IFF,0.009879725085910653
2011-05-31,INTU,0.01331615120274914
2011-05-31,KO,0.01052405498281787
2011-05-31,LH,0.00902061855670103
2011-05-31,LUK,0.014604810996563574
2011-05-31,MCHP,0.011168384879725086
2011-05-31,MCO,0.013960481099656358
2011-05-31,MEE,0.009450171821305841
2011-05-31,MKC,0.005584192439862543
2011-05-31,MMC,0.011597938144329897
2011-05-31,MRO,0.015034364261168385
2011-05-31,NBL,0.007946735395189003
2011-05-31,NOV,0.014819587628865979
2011-05-31,OKE,0.0156786941580756
2011-05-31,PA9,0.008805841924398625
2011-05-31,PCLN,0.019759450171821305
2011-05-31,PCS,0.018685567010309278
2011-05-31,PGN,0.012671821305841924
2011-05-31,PLL,0.00859106529209622
2011-05-31,PM,0.01761168384879725
2011-05-31,PNW,0.007731958762886598
2011-05-31,PPG,0.002147766323024055
2011-05-31,PX,0.0036512027491408935
2011-05-31,PXD,0.01675257731958763
2011-05-31,QCI,0.003006872852233677
2011-05-31,RHT,0.01524914089347079
2011-05-31,ROP,0.01245704467353952
2011-05-31,ROST,0.001718213058419244
2011-05-31,SE,0.007302405498281787
2011-05-31,SO,0.004080756013745705
2011-05-31,SPG,0.006872852233676976
2011-05-31,SRCL,0.019329896907216496
2011-05-31,T3W1,0.004510309278350515
2011-05-31,TDC,0.01997422680412371
2011-05-31,TSO,0.018470790378006873
2011-05-31,UNH,0.020189003436426118
2011-05-31,UNP,0.016967353951890033
2011-05-31,VAR,0.0002147766323024055
2011-05-31,VIAB,0.012027491408934709
2011-05-31,VRSN,0.0053694158075601375
2011-05-31,VZ,0.010094501718213059
2011-05-31,WMB,0.01138316151202749
2011-05-31,WPI,0.010738831615120275
2011-05-31,WYNN,0.007087628865979381
2011-05-31,XOM,0.009664948453608248
2011-06-30,ADI,0.007731958762886598
2011-06-30,ADP,0.008805841924398625
2011-06-30,AET,0.000859106529209622
2011-06-30,ALTR,0.01610824742268041
2011-06-30,AMP,0.010094501718213059
2011-06-30,AMZN,0.0053694158075601375
2011-06-30,AN,0.003865979381443299
2011-06-30,ANF,0.01718213058419244
2011-06-30,ANTM,0.013745704467353952
2011-06-30,APD,0.002147766323024055
2011-06-30,AVB,0.011168384879725086
2011-06-30,AZO,0.01524914089347079
2011-06-30,BAX,0.0010738831615120276
2011-06-30,BCR,0.017826460481099655
2011-06-30,BIIB,0.009450171821305841
2011-06-30,BMC,0.013530927835051547
2011-06-30,BXP,0.00429553264604811
2011-06-30,CAT,0.006872852233676976
2011-06-30,CB,0.01997422680412371
2011-06-30,CBG,0.01052405498281787
2011-06-30,CBS,0.01825601374570447
2011-06-30,CERN,0.0036512027491408935
2011-06-30,CF,0.01804123711340206
2011-06-30,CI,0.012242268041237113
2011-06-30,CLF,0.009235395189003437
2011-06-30,CMS,0.010738831615120275
2011-06-30,CNP,0.010309278350515464
2011-06-30,COG,0.00859106529209622
2011-06-30,COST,0.005154639175257732
2011-06-30,CRM,0.01331615120274914
2011-06-30,CSX,0.013960481099656358
2011-06-30,CTSH,0.005584192439862544
2011-06-30,CTXS,0.011597938144329897
2011-06-30,CVH,0.018685567010309278
2011-06-30,CVX,0.0019329896907216496
2011-06-30,DC7,0.01675257731958763
2011-06-30,DD,0.0025773195876288655
2011-06-30,DOV,0.0023625429553264603
2011-06-30,DTV,0.0006443298969072165
2011-06-30,ED,0.012027491408934709
2011-06-30,EL,0.014390034364261168
2011-06-30,EMC,0.009879725085910653
2011-06-30,EMN,0.0156786941580756
2011-06-30,EP,0.016967353951890033
2011-06-30,EQR,0.016537800687285224
2011-06-30,ES,0.018470790378006873
2011-06-30,FISV,0.01138316151202749
2011-06-30,FMC,0.002792096219931272
2011-06-30,FO,0.003006872852233677
2011-06-30,GPC,0.013101374570446736
2011-06-30,GWW,0.00042955326460481077
2011-06-30,HAL,0.01632302405498282
2011-06-30,HP,0.003436426116838488
2011-06-30,HUM,0.019329896907216496
2011-06-30,IBM,0.0015034364261168384
2011-06-30,IFF,0.0195446735395189
2011-06-30,KO,0.00665807560137457
2011-06-30,LH,0.012671821305841924
2011-06-30,LUK,0.009664948453608248
2011-06-30,MCO,0.015893470790378006
2011-06-30,MKC,0.007087628865979381
2011-06-30,MMC,0.015034364261168385
2011-06-30,MO,0.001718213058419244
2011-06-30,MRO,0.006443298969072165
2011-06-30,NBL,0.01911512027491409
2011-06-30,NI,0.004080756013745705
2011-06-30,NOV,0.014819587628865979
2011-06-30,OKE,0.01761168384879725
2011-06-30,PCLN,0.020618556701030927
2011-06-30,PCS,0.020403780068728523
2011-06-30,PFE,0.014175257731958763
2011-06-30,PGN,0.00472508591065292
2011-06-30,PM,0.018900343642611683
2011-06-30,PNW,0.01288659793814433
2011-06-30,PX,0.0032216494845360823
2011-06-30,QCI,0.01095360824742268
2011-06-30,ROP,0.0012886597938144336
2011-06-30,ROST,0.007517182130584193
2011-06-30,SE,0.00622852233676976
2011-06-30,SLM,0.006013745704467354
2011-06-30,SO,0.011812714776632302
2011-06-30,SPG,0.014604810996563574
2011-06-30,SYMC,0.005798969072164949
2011-06-30,T3W1,0.0002147766323024056
2011-06-30,TDC,0.019759450171821305
2011-06-30,TIF,0.007946735395189003
2011-06-30,TSO,0.004939862542955326
2011-06-30,UNH,0.020189003436426118
2011-06-30,UNP,0.017396907216494846
2011-06-30,VIAB,0.00902061855670103
2011-06-30,WMB,0.01245704467353952
2011-06-30,WPI,0.015463917525773196
2011-06-30,WYNN,0.007302405498281787
2011-06-30,XEL,0.008376288659793814
2011-06-30,XOM,0.00816151202749141
2011-06-30,YUM,0.004510309278350515
2011-07-31,A,0.01610824742268041
2011-07-31,ADP,0.0006443298969072159
2011-07-31,AET,0.011168384879725086
2011-07-31,AG4,0.000859106529209622
2011-07-31,ALD,0.004510309278350515
2011-07-31,ALTR,0.007946735395189003
2011-07-31,AMZN,0.0156786941580756
2011-07-31,ANF,0.004080756013745704
2011-07-31,ANTM,0.01718213058419244
2011-07-31,AZO,0.011597938144329897
2011-07-31,BAX,0.003006872852233677
2011-07-31,BBBY,0.001288659793814433
2011-07-31,BCR,0.018900343642611683
2011-07-31,BIIB,0.013960481099656358
2011-07-31,BMC,0.01675257731958763
2011-07-31,CAH,0.00902061855670103
2011-07-31,CB,0.008805841924398625
2011-07-31,CBS,0.01825601374570447
2011-07-31,CF,0.0010738831615120271
2011-07-31,CI,0.0195446735395189
2011-07-31,CLF,0.013530927835051547
2011-07-31,CNP,0.01052405498281787
2011-07-31,COG,0.019759450171821305
2011-07-31,COH,0.012027491408934709
2011-07-31,COST,0.010738831615120275
2011-07-31,CRM,0.0025773195876288655
2011-07-31,CVH,0.020189003436426118
2011-07-31,DC7,0.01804123711340206
2011-07-31,DHR,0.003436426116838488
2011-07-31,DTV,0.009879725085910653
2011-07-31,DVA,0.01245704467353952
2011-07-31,ED,0.003221649484536083
2011-07-31,EL,0.014604810996563574
2011-07-31,EMC,0.002147766323024055
2011-07-31,EMN,0.01138316151202749
2011-07-31,EP,0.011812714776632302
2011-07-31,EQR,0.01524914089347079
2011-07-31,EQT,0.0053694158075601375
2011-07-31,ES,0.014390034364261168
2011-07-31,FMC,0.007731958762886598
2011-07-31,FO,0.014819587628865979
2011-07-31,FRX,0.01095360824742268
2011-07-31,GPC,0.008376288659793814
2011-07-31,HAL,0.010309278350515464
2011-07-31,HP,0.009235395189003437
2011-07-31,HUM,0.018685567010309278
2011-07-31,IBM,0.00816151202749141
2011-07-31,IFF,0.019329896907216496
2011-07-31,JCI,0.0019329896907216496
2011-07-31,LH,0.013745704467353952
2011-07-31,LSI,0.01632302405498282
2011-07-31,LUK,0.00622852233676976
2011-07-31,M,0.00429553264604811
2011-07-31,MA,0.009450171821305841
2011-07-31,MCD,0.006013745704467354
2011-07-31,MCO,0.004939862542955326
2011-07-31,MKC,0.00665807560137457
2011-07-31,MMC,0.015463917525773196
2011-07-31,MRO,0.0023625429553264603
2011-07-31,MYL,0.006872852233676976
2011-07-31,NBL,0.005798969072164949
2011-07-31,NOV,0.017396907216494846
2011-07-31,NSC,0.003865979381443299
2011-07-31,OKE,0.018470790378006873
2011-07-31,PCLN,0.017826460481099655
2011-07-31,PCS,0.01911512027491409
2011-07-31,PFE,0.01288659793814433
2011-07-31,PH,0.000429553264604811
2011-07-31,PKI,0.004725085910652921
2011-07-31,PNW,0.002792096219931272
2011-07-31,PXD,0.007302405498281787
2011-07-31,QCI,0.0017182130584192448
2011-07-31,RL,0.012242268041237113
2011-07-31,ROK,0.006443298969072165
2011-07-31,ROST,0.012671821305841924
2011-07-31,RRC,0.0002147766323024055
2011-07-31,SBUX,0.015034364261168385
2011-07-31,SE,0.007087628865979381
2011-07-31,SNA,0.005584192439862543
2011-07-31,SO,0.005154639175257732
2011-07-31,SPG,0.009664948453608248
2011-07-31,SRCL,0.014175257731958763
2011-07-31,SYMC,0.01761168384879725
2011-07-31,T3W1,0.0015034364261168386
2011-07-31,TDC,0.020403780068728523
2011-07-31,TIF,0.016967353951890033
2011-07-31,UNH,0.01997422680412371
2011-07-31,UNP,0.016537800687285224
2011-07-31,VIAB,0.015893470790378006
2011-07-31,WAT,0.007517182130584193
2011-07-31,WFM,0.01331615120274914
2011-07-31,WMB,0.013101374570446736
2011-07-31,WPI,0.020618556701030927
2011-07-31,WYNN,0.0036512027491408935
2011-07-31,XOM,0.010094501718213059
2011-07-31,YUM,0.00859106529209622
2011-08-31,AAPL*,0.011168384879725086
2011-08-31,AAZ,0.01138316151202749
2011-08-31,ADP,0.005798969072164949
2011-08-31,AET,0.00429553264604811
2011-08-31,AIV,0.004510309278350515
2011-08-31,ALTR,0.0004295532646048112
2011-08-31,AMZN,0.0156786941580756
2011-08-31,AN,0.014604810996563574
2011-08-31,ANF,0.014390034364261168
2011-08-31,APA,0.003006872852233677
2011-08-31,AVB,0.013745704467353952
2011-08-31,AZO,0.00665807560137457
2011-08-31,BAX,0.0006443298969072164
2011-08-31,BBBY,0.00622852233676976
2011-08-31,BEN,0.0002147766323024055
2011-08-31,BHI,0.014175257731958763
2011-08-31,BIIB,0.01052405498281787
2011-08-31,BXP,0.007517182130584193
2011-08-31,CAH,0.011597938144329897
2011-08-31,CB,0.0019329896907216496
2011-08-31,CBS,0.01911512027491409
2011-08-31,CF,0.0036512027491408935
2011-08-31,CI,0.015893470790378006
2011-08-31,CLF,0.006013745704467354
2011-08-31,CNP,0.007087628865979381
2011-08-31,CNX,0.003865979381443299
2011-08-31,COG,0.020618556701030927
2011-08-31,COH,0.01288659793814433
2011-08-31,COST,0.0008591065292096224
2011-08-31,CTAS,0.0032216494845360823
2011-08-31,CVH,0.01331615120274914
2011-08-31,CVX,0.006872852233676976
2011-08-31,DC7,0.017396907216494846
2011-08-31,DTV,0.007946735395189003
2011-08-31,EL,0.01825601374570447
2011-08-31,EMC,0.001718213058419244
2011-08-31,EMN,0.00816151202749141
2011-08-31,EP,0.01610824742268041
2011-08-31,EQR,0.020403780068728523
2011-08-31,EQT,0.018685567010309278
2011-08-31,ES,0.0015034364261168384
2011-08-31,FMC,0.009664948453608248
2011-08-31,FO,0.002792096219931272
2011-08-31,GPC,0.00902061855670103
2011-08-31,GR,0.004725085910652921
2011-08-31,GWW,0.001288659793814433
2011-08-31,HAL,0.019329896907216496
2011-08-31,HOG,0.01095360824742268
2011-08-31,HP,0.016967353951890033
2011-08-31,HUM,0.009450171821305841
2011-08-31,IBM,0.01632302405498282
2011-08-31,IFF,0.013101374570446736
2011-08-31,JWN,0.0023625429553264603
2011-08-31,KO,0.009235395189003437
2011-08-31,LSI,0.020189003436426118
2011-08-31,LUK,0.00859106529209622
2011-08-31,MA,0.013530927835051547
2011-08-31,MCD,0.002147766323024055
2011-08-31,MCK,0.0053694158075601375
2011-08-31,MCO,0.007302405498281787
2011-08-31,NBL,0.012671821305841924
2011-08-31,NOV,0.0195446735395189
2011-08-31,NSC,0.009879725085910653
2011-08-31,OKE,0.01997422680412371
2011-08-31,PCLN,0.01245704467353952
2011-08-31,PCP,0.010309278350515464
2011-08-31,PCS,0.016537800687285224
2011-08-31,PM,0.007731958762886598
2011-08-31,PXD,0.010094501718213059
2011-08-31,QEP,0.003436426116838488
2011-08-31,RL,0.013960481099656358
2011-08-31,ROP,0.006443298969072165
2011-08-31,ROST,0.008805841924398625
2011-08-31,RRC,0.017826460481099655
2011-08-31,SBUX,0.018900343642611683
2011-08-31,SE,0.005154639175257732
2011-08-31,SJM,0.0010738831615120276
2011-08-31,SLBA,0.012027491408934709
2011-08-31,SPG,0.01675257731958763
2011-08-31,SWN,0.005584192439862543
2011-08-31,SYMC,0.015463917525773196
2011-08-31,T3W1,0.004080756013745705
2011-08-31,TDC,0.01524914089347079
2011-08-31,TIF,0.018470790378006873
2011-08-31,TJX,0.008376288659793814
2011-08-31,TSO,0.012242268041237113
2011-08-31,UNH,0.01718213058419244
2011-08-31,UNP,0.014819587628865979
2011-08-31,VFC,0.010738831615120275
2011-08-31,VIAB,0.011812714776632302
2011-08-31,VLO,0.002577319587628866
2011-08-31,WFM,0.01804123711340206
2011-08-31,WMB,0.01761168384879725
2011-08-31,WPI,0.019759450171821305
2011-08-31,WYNN,0.015034364261168385
2011-08-31,XOM,0.004939862542955326
2011-09-30,AAPL*,0.008311517715290217
2011-09-30,ABC,0.0069262647627418485
2011-09-30,ADP,0.0062336382864676635
2011-09-30,AEC1,0.007965204477153124
2011-09-30,AG4,0.002077879428822554
2011-09-30,AIV,0.008484674334358764
2011-09-30,AMZN,0.005887325048330571
2011-09-30,AN,0.016103565573374796
2011-09-30,ANF,0.007272578000878939
2011-09-30,AVB,0.015584095716169158
2011-09-30,AZO,0.011601493477592595
2011-09-30,BBBY,0.000692626476274185
2011-09-30,BFB,0.0034631323813709243
2011-09-30,BHI,0.0031168191432338326
2011-09-30,BIIB,0.010216240525044225
2011-09-30,BXP,0.009004144191564402
2011-09-30,CAH,0.009869927286907132
2011-09-30,CBS,0.01142833685852405
2011-09-30,CF,0.014545156001757879
2011-09-30,CHK,0.001038939714411277
2011-09-30,CI,0.007618891239016032
2011-09-30,CL,0.006579951524604756
2011-09-30,CLF,0.0036362890004394697
2011-09-30,CMS,0.0013852529525483696
2011-09-30,CNP,0.010562553763181317
2011-09-30,COG,0.016623035430580434
2011-09-30,COST,0.0015584095716169159
2011-09-30,CTAS,0.004328915476713655
2011-09-30,CVH,0.013679372906415148
2011-09-30,CVX,0.0022510360478911005
2011-09-30,D,0.00502154195298784
2011-09-30,DC7,0.013506216287346603
2011-09-30,DTE,0.0012120963334798234
2011-09-30,DUK,0.0001731566190685462
2011-09-30,EA,0.001904722809754008
2011-09-30,ED,0.011255180239455502
2011-09-30,EL,0.013852529525483697
2011-09-30,EP,0.012120963334798234
2011-09-30,EQR,0.01593040895430625
2011-09-30,EQT,0.015064625858963518
2011-09-30,ES,0.011774650096661142
2011-09-30,GAS.2,0.0003463132381370924
2011-09-30,GPC,0.012986746430140963
2011-09-30,GR,0.0017315661906854626
2011-09-30,GWW,0.008138361096221671
2011-09-30,HOG,0.002597349286028193
2011-09-30,HP,0.003982602238576561
2011-09-30,HSY,0.007099421381810394
2011-09-30,HUM,0.014025686144552242
2011-09-30,IBM,0.00952361404877004
2011-09-30,IFF,0.005194698572056386
2011-09-30,IRM,0.009696770667838587
2011-09-30,ISRG,0.0029436625241652855
2011-09-30,KO,0.012813589811072418
2011-09-30,LO,0.004155758857645108
2011-09-30,LSI,0.012467276572935327
2011-09-30,LTD,0.0027705059050967392
2011-09-30,MA,0.014891469239894973
2011-09-30,MCD,0.014198842763620788
2011-09-30,MCK,0.010389397144112772
2011-09-30,MHFI,0.0005194698572056386
2011-09-30,MJN,0.004502072095782201
2011-09-30,MMC,0.00865783095342731
2011-09-30,MON,0.005714168429262025
2011-09-30,NCRA,0.0055410118101934785
2011-09-30,NI,0.012640433192003872
2011-09-30,NOV,0.004675228714850748
2011-09-30,OKE,0.01644987881151189
2011-09-30,PCLN,0.014371999382689333
2011-09-30,PCP,0.01229411995386678
2011-09-30,PGN,0.003809445619508016
2011-09-30,PM,0.005367855191124932
2011-09-30,PSA,0.013159903049209512
2011-09-30,RL,0.011082023620386957
2011-09-30,ROST,0.010735710382249864
2011-09-30,RRC,0.015410939097100613
2011-09-30,SBUX,0.014718312620826427
2011-09-30,SLE,0.007792047858084579
2011-09-30,SO,0.009350457429701494
2011-09-30,SPG,0.013333059668278057
2011-09-30,SRCL,0.006753108143673301
2011-09-30,TDC,0.006406794905536209
2011-09-30,TIF,0.009177300810632947
2011-09-30,TJX,0.006060481667399117
2011-09-30,TSO,0.01090886700131841
2011-09-30,TSS,0.003289975762302378
2011-09-30,UNH,0.01004308390597568
2011-09-30,VFC,0.011947806715729687
2011-09-30,VIAB,0.008830987572495855
2011-09-30,VISA,0.0048483853339192935
2011-09-30,WFM,0.015757252335237705
2011-09-30,WMB,0.0074457346199474864
2011-09-30,WPI,0.016276722192443343
2011-09-30,WYNN,0.015237782478032064
2011-09-30,XEL,0.0024241926669596467
2011-09-30,YUM,0.0008657830953427311
2011-10-31,AAPL*,0.005547895972077267
2011-10-31,ABC,0.0019263527680823843
2011-10-31,ADP,7.705411072329513e-05
2011-10-31,AEC1,0.0007705411072329539
2011-10-31,AET,0.0031592185396551106
2011-10-31,AG4,0.002157515100252271
2011-10-31,AMZN,0.006780761743649994
2011-10-31,AN,0.005239679529184086
2011-10-31,ANF,0.0037756514254414734
2011-10-31,ANTM,0.002851002096761929
2011-10-31,AZO,0.006934869965096584
2011-10-31,BAX,0.0016951904359124984
2011-10-31,BBBY,0.005316733639907381
2011-10-31,BFB,0.0039297596468880645
2011-10-31,BIIB,0.0050085171970142
2011-10-31,BMY,0.004237976089781246
2011-10-31,CAG,0.0017722445466357938
2011-10-31,CAH,0.005470841861353972
2011-10-31,CBS,0.0012328657715727255
2011-10-31,CEG,0.004083867868334656
2011-10-31,CI,0.0027739479860386333
2011-10-31,CL,0.004700300754121018
2011-10-31,CMS,0.003390380871824997
2011-10-31,CNP,0.004623246643397722
2011-10-31,COG,0.007243086407989766
2011-10-31,COST,0.006703707632926699
2011-10-31,CVH,0.002696893875315338
2011-10-31,CVS,0.0013869739930193168
2011-10-31,CVX,0.0015410822144659075
2011-10-31,D,0.006395491190033517
2011-10-31,DC7,0.004931463086290905
2011-10-31,DTE,0.0006164328857863631
2011-10-31,DUK,0.004546192532674428
2011-10-31,EA,0.002619839764592043
2011-10-31,ED,0.006241382968586926
2011-10-31,EL,0.0030821644289318155
2011-10-31,EP,0.0040068137576113605
2011-10-31,EQT,0.005779058304247154
2011-10-31,ES,0.0023886774324221576
2011-10-31,FE,0.005162625418460791
2011-10-31,GAS.2,0.0024657315431454523
2011-10-31,GME,0.0010787575501261355
2011-10-31,GPC,0.00015410822144659025
2011-10-31,GR,0.004469138421951132
2011-10-31,GWW,0.004315030200504542
2011-10-31,HSY,0.004392084311227837
2011-10-31,HUM,0.003621543203994883
2011-10-31,IBM,0.005624950082800563
2011-10-31,IFF,0.0025427856538687474
2011-10-31,IRM,0.00616432885786363
2011-10-31,ISRG,0.005085571307737495
2011-10-31,JWN,0.0032362726503784058
2011-10-31,K,0.0006934869965096584
2011-10-31,KMB,0.004854408975567609
2011-10-31,KO,0.003544489093271588
2011-10-31,LLY,0.00023116233216988614
2011-10-31,LO,0.003467434982548292
2011-10-31,LTD,0.0033133267611017013
2011-10-31,MA,0.0066266535222034035
2011-10-31,MAT,0.0016181363251892029
2011-10-31,MCD,0.0047773548648443135
2011-10-31,MCK,0.0008475952179562499
2011-10-31,MHFI,0.00030821644289318154
2011-10-31,MJN,0.0029280562074852244
2011-10-31,NI,0.00701192407581988
2011-10-31,OKE,0.006549599411480107
2011-10-31,ORLY,0.0018492986573590891
2011-10-31,PCLN,0.0023116233216988608
2011-10-31,PCP,0.004160921979057951
2011-10-31,PGN,0.005933166525693745
2011-10-31,PPL,0.0004623246643397723
2011-10-31,PSA,0.0020034068788056802
2011-10-31,RL,0.005393787750630676
2011-10-31,ROST,0.006087274747140335
2011-10-31,RRC,0.006857815854373291
2011-10-31,SBUX,0.005856112414970449
2011-10-31,SJM,0.002234569210975566
2011-10-31,SLE,0.0013099198822960215
2011-10-31,SO,0.0064725453007568115
2011-10-31,SPG,0.0036985973147181782
2011-10-31,SRCL,0.0014640281037426118
2011-10-31,TDC,0.006318437079310221
2011-10-31,TJX,0.00601022063641704
2011-10-31,TSN,0.0010017034394028401
2011-10-31,TSO,0.0038527055361647685
2011-10-31,TSS,0.0005393787750630676
2011-10-31,UNH,0.005702004193523858
2011-10-31,VFC,0.007088978186543175
2011-10-31,VISA,0.0020804609895289754
2011-10-31,VZ,0.00300511031820852
2011-10-31,WFM,0.007166032297266471
2011-10-31,WPI,0.007320140518713061
2011-10-31,XEL,0.0011558116608494306
2011-10-31,XOM,0.0003852705536164769
2011-10-31,ZBH,0.0009246493286795446
2011-11-30,AAPL*,0.004840937442841155
2011-11-30,ABC,0.004760255152127136
2011-11-30,ABT,0.00016136458142803852
2011-11-30,ADP,0.001613645814280385
2011-11-30,AEE,0.0012102343607102888
2011-11-30,AEP,0.0004840937442841155
2011-11-30,AET,0.003469338500702828
2011-11-30,AG4,0.004195479117129002
2011-11-30,AMZN,0.0033886562099888083
2011-11-30,AN,0.0035500207914168475
2011-11-30,ANF,0.0017750103957084238
2011-11-30,ANTM,0.0011295520699962697
2011-11-30,APOL,0.0007261406164261734
2011-11-30,AZO,0.004679572861413117
2011-11-30,BBBY,0.005809124931409387
2011-11-30,BFB,0.0005647760349981349
2011-11-30,BIIB,0.0061318540942654634
2011-11-30,BMY,0.005889807222123406
2011-11-30,CAG,0.00427616140784302
2011-11-30,CAH,0.005002302024269194
2011-11-30,CBS,0.002501151012134597
2011-11-30,CEG,0.006051171803551444
2011-11-30,CL,0.003872749954272924
2011-11-30,CMS,0.005244348896411251
2011-11-30,CNP,0.006938677001405656
2011-11-30,COG,0.007664817617831829
2011-11-30,COST,0.00435684369855704
2011-11-30,CVX,0.0027431978842766547
2011-11-30,D,0.0072614061642617325
2011-11-30,DC7,0.0026625155935626355
2011-11-30,DTE,0.004114796826414982
2011-11-30,DUK,0.006696630129263598
2011-11-30,EA,0.004437525989271059
2011-11-30,ED,0.007180723873547714
2011-11-30,EL,0.0023397864307065585
2011-11-30,EP,0.005486395768553309
2011-11-30,EQT,0.005647760349981348
2011-11-30,ES,0.002985244756418712
2011-11-30,EXC,0.002823880174990674
2011-11-30,FE,0.005325031187125271
2011-11-30,GAS.2,0.004518208279985079
2011-11-30,GPC,0.0020170572678504814
2011-11-30,GR,0.002097739558564501
2011-11-30,GWW,0.005728442640695367
2011-11-30,HSY,0.0030659270471327317
2011-11-30,HUM,0.006212536384979483
2011-11-30,IBM,0.006615947838549579
2011-11-30,ICE,0.000968187488568231
2011-11-30,IFF,0.0002420468721420579
2011-11-30,IRM,0.003953432244986944
2011-11-30,ISRG,0.00645458325712154
2011-11-30,KFT,0.001936374977136462
2011-11-30,KMB,0.00322729162856077
2011-11-30,LLY,0.0010488697792822505
2011-11-30,LO,0.0025818333028486164
2011-11-30,MA,0.0073420884549757525
2011-11-30,MCD,0.00540571347783929
2011-11-30,MCK,0.0029045624657046934
2011-11-30,MCO,0.0012909166514243082
2011-11-30,MHFI,0.004598890570699098
2011-11-30,MJN,0.0015329635235663659
2011-11-30,MMC,8.068229071401926e-05
2011-11-30,MO,0.0006454583257121541
2011-11-30,NCRA,0.0008875051978542119
2011-11-30,NI,0.007503453036403791
2011-11-30,OKE,0.007100041582833695
2011-11-30,ORLY,0.00217842184927852
2011-11-30,PCLN,0.0013715989421383273
2011-11-30,PCP,0.005163666605697233
2011-11-30,PGN,0.00653526554783556
2011-11-30,PM,0.0008068229071401925
2011-11-30,PNW,0.0016943281049944042
2011-11-30,PPL,0.0024204687214205776
2011-11-30,PSA,0.0037920676635589054
2011-11-30,RAI,0.0033079739192747896
2011-11-30,RL,0.003711385372844886
2011-11-30,ROST,0.005082984314983213
2011-11-30,RRC,0.006777312419977617
2011-11-30,SBUX,0.005970489512837424
2011-11-30,SE,0.00040341145357009625
2011-11-30,SJM,0.0022591041399925393
2011-11-30,SO,0.006857994710691637
2011-11-30,SPG,0.0036307030821308662
2011-11-30,TDC,0.006293218675693503
2011-11-30,TJX,0.007019359292119676
2011-11-30,TSN,0.00032272916285607705
2011-11-30,TSO,0.001855692686422443
2011-11-30,TSS,0.0031466093378467513
2011-11-30,UNH,0.004921619733555174
2011-11-30,VFC,0.007584135327117811
2011-11-30,VISA,0.0055670780592673285
2011-11-30,VZ,0.0014522812328523467
2011-11-30,WFM,0.006373900966407521
2011-11-30,WPI,0.007422770745689772
2011-11-30,XEL,0.004034114535700963
2011-12-31,AAPL*,0.0028695318752307393
2011-12-31,ABT,0.0043042978128461085
2011-12-31,AEE,0.009130328693915987
2011-12-31,AEP,0.004434731079902051
2011-12-31,AET,0.008086862557468447
2011-12-31,AG4,0.007956429290412504
2011-12-31,AMT,0.004043431278734223
2011-12-31,AN,0.0009130328693915989
2011-12-31,ANTM,0.0037825647446223377
2011-12-31,ARG,0.007043396421020905
2011-12-31,AZO,0.00730426295513279
2011-12-31,BBBY,0.00339126494345451
2011-12-31,BFB,0.003652131477566395
2011-12-31,BIG,0.001695632471727255
2011-12-31,BIIB,0.008869462159804102
2011-12-31,BMY,0.010565094631531357
2011-12-31,CAG,0.004695597614013937
2011-12-31,CBS,0.002086932272895083
2011-12-31,CEG,0.00873902889274816
2011-12-31,CI,0.0026086653411188537
2011-12-31,CL,0.004956464148125822
2011-12-31,CMS,0.007173829688076847
2011-12-31,CNP,0.009652061762139758
2011-12-31,COG,0.012260727103258613
2011-12-31,COST,0.006521663352797134
2011-12-31,CVH,0.0005217330682237707
2011-12-31,D,0.011999860569146727
2011-12-31,DC7,0.00586949701751742
2011-12-31,DTE,0.009391195228027874
2011-12-31,DTV,0.0023477988070069685
2011-12-31,DUK,0.01121726096681107
2011-12-31,EA,0.005086897415181765
2011-12-31,ED,0.011347694233867014
2011-12-31,EL,0.007434696222188734
2011-12-31,EP,0.008608595625692217
2011-12-31,EQT,0.004826030881069879
2011-12-31,ES,0.003912998011678281
2011-12-31,FE,0.006260796818685249
2011-12-31,GIS,0.003260831676398567
2011-12-31,GPC,0.0014347659376153696
2011-12-31,GR,0.0035216982105104526
2011-12-31,GWW,0.008347729091580332
2011-12-31,HRB,0.002999965142286682
2011-12-31,HSY,0.007565129489244676
2011-12-31,HUM,0.011086827699755128
2011-12-31,IBM,0.010043361563307587
2011-12-31,IRM,0.001173899403503484
2011-12-31,ISRG,0.010434661364475415
2011-12-31,KFT,0.005217330682237707
2011-12-31,KMB,0.007825996023356561
2011-12-31,LLY,0.002478232074062911
2011-12-31,LO,0.0057390637504614785
2011-12-31,LTD,0.00534776394929365
2011-12-31,M,0.0027390986081747963
2011-12-31,MA,0.012391160370314555
2011-12-31,MAT,0.0010434661364475415
2011-12-31,MCD,0.0106955278985873
2011-12-31,MCK,0.0002608665341118856
2011-12-31,MCO,0.0031303984093426244
2011-12-31,MHFI,0.008478162358636274
2011-12-31,MJN,0.004173864545790166
2011-12-31,MO,0.005608630483405536
2011-12-31,NI,0.01213029383620267
2011-12-31,OKE,0.010956394432699185
2011-12-31,ORLY,0.005999930284573364
2011-12-31,PCLN,0.00039129980116782805
2011-12-31,PCP,0.00926076196097193
2011-12-31,PFE,0.0007825996023356561
2011-12-31,PGN,0.01173899403503484
2011-12-31,PM,0.006391230085741191
2011-12-31,PNW,0.0054781972163495925
2011-12-31,POM,0.0013043326705594268
2011-12-31,PPL,0.00678252988690902
2011-12-31,PSA,0.006912963153964962
2011-12-31,RAI,0.00821729582452439
2011-12-31,RL,0.0019564990058391404
2011-12-31,ROST,0.01030422809741947
2011-12-31,RRC,0.01017379483036353
2011-12-31,SBUX,0.009521628495083817
2011-12-31,SE,0.0015651992046713122
2011-12-31,SJM,0.0022173655399510255
2011-12-31,SO,0.010825961165643244
2011-12-31,SPG,0.004565164346957994
2011-12-31,TDC,0.006130363551629306
2011-12-31,TJX,0.011869427302090785
2011-12-31,TSN,0.00013043326705594268
2011-12-31,TSS,0.0066520966198530766
2011-12-31,UNH,0.0097824950291957
2011-12-31,VFC,0.0116085607679789
2011-12-31,VISA,0.011478127500922957
2011-12-31,WFM,0.007695562756300619
2011-12-31,WMB,0.0018260657387831976
2011-12-31,WPI,0.008999895426860045
2011-12-31,XEL,0.009912928296251644
2011-12-31,YUM,0.0006521663352797134
2012-01-31,AAPL*,0.0026191827531128844
2012-01-31,ABT,0.012277419155216645
2012-01-31,AEE,0.008676042869686429
2012-01-31,AEP,0.010476731012451538
2012-01-31,AET,0.005565763350364879
2012-01-31,AG4,0.010640429934521092
2012-01-31,AMGN,0.001800688142765108
2012-01-31,AMT,0.0075301504151995425
2012-01-31,APOL,0.00032739784413911055
2012-01-31,ARG,0.00900344071382554
2012-01-31,AZO,0.012604816999355756
2012-01-31,BBBY,0.0027828816751824395
2012-01-31,BFB,0.010149333168312428
2012-01-31,BIIB,0.00965823640210376
2012-01-31,BMY,0.01489660190832953
2012-01-31,CAG,0.011622623466938424
2012-01-31,CBS,0.0014732902986259976
2012-01-31,CEG,0.006711655804851766
2012-01-31,CELG,0.010313032090381981
2012-01-31,CL,0.011458924544868868
2012-01-31,CMS,0.008021247181408208
2012-01-31,CNP,0.010967827778660203
2012-01-31,COG,0.012441118077286201
2012-01-31,COST,0.006056860116573544
2012-01-31,CTAS,0.0040924730517388815
2012-01-31,CVS,0.004747268740017103
2012-01-31,D,0.014569204064190421
2012-01-31,DTE,0.011950021311077535
2012-01-31,DUK,0.014405505142120864
2012-01-31,EA,0.0008184946103477761
2012-01-31,ED,0.014732902986259974
2012-01-31,EIX,0.0031102795193215503
2012-01-31,EL,0.006384257960712656
2012-01-31,EP,0.007693849337269098
2012-01-31,ES,0.004419870895877993
2012-01-31,FDO,0.005729462272434434
2012-01-31,FE,0.0009821935324173317
2012-01-31,GIS,0.007366451493129987
2012-01-31,GPC,0.004910967662086658
2012-01-31,GR,0.002946580597251995
2012-01-31,GWW,0.012932214843494865
2012-01-31,HD,0.0006547956882782211
2012-01-31,HNZ,0.002455483831043329
2012-01-31,HRB,0.0022917849089737737
2012-01-31,HSY,0.012768515921425312
2012-01-31,HUM,0.013095913765564422
2012-01-31,IBM,0.002128085986904218
2012-01-31,IRM,0.004256171973808437
2012-01-31,ISRG,0.007857548259338654
2012-01-31,KFT,0.011295225622799315
2012-01-31,KMB,0.009330838557964651
2012-01-31,KO,0.0054020644282953235
2012-01-31,KR,0.0011458924544868868
2012-01-31,LLY,0.009985634246242872
2012-01-31,LO,0.011131526700729758
2012-01-31,LTD,0.006547956882782211
2012-01-31,M,0.007039053648990877
2012-01-31,MA,0.015387698674538196
2012-01-31,MAT,0.003601376285530216
2012-01-31,MCD,0.015223999752468641
2012-01-31,MHFI,0.008839741791755985
2012-01-31,MJN,0.00016369892206955557
2012-01-31,MKC,0.004583569817947547
2012-01-31,MO,0.012113720233147088
2012-01-31,MSI,0.0004910967662086659
2012-01-31,NEE,0.0032739784413911054
2012-01-31,NI,0.015060300830399085
2012-01-31,OKE,0.013423311609703533
2012-01-31,ORLY,0.01178632238900798
2012-01-31,PCP,0.008184946103477763
2012-01-31,PFE,0.0034376773634606605
2012-01-31,PGN,0.014078107297981753
2012-01-31,PM,0.009821935324173315
2012-01-31,PNW,0.009167139635895095
2012-01-31,POM,0.0016369892206955527
2012-01-31,PPL,0.007202752571060432
2012-01-31,PSA,0.003928774129669327
2012-01-31,PX,0.0019643870648346634
2012-01-31,RAI,0.010804128856590647
2012-01-31,RL,0.0013095913765564422
2012-01-31,SBUX,0.01358701053177309
2012-01-31,SJM,0.008512343947616874
2012-01-31,SO,0.013914408375912197
2012-01-31,SPG,0.0062205590386431005
2012-01-31,TEG,0.0037650752075997712
2012-01-31,TJX,0.01424180622005131
2012-01-31,TSN,0.005238365506225769
2012-01-31,UNH,0.006875354726921321
2012-01-31,VFC,0.013259612687633976
2012-01-31,VISA,0.01555139759660775
2012-01-31,VZ,0.005074666584156214
2012-01-31,WFM,0.009494537480034206
2012-01-31,WYND,0.00589316119450399
2012-01-31,XEL,0.013750709453842642
2012-01-31,YUM,0.00834864502554732
2012-02-29,AAPL*,0.009714676974021149
2012-02-29,ABT,0.007158183033489267
2012-02-29,AEC1,0.001704329293687921
2012-02-29,AEE,0.006306018386645307
2012-02-29,AEP,0.005794719598538931
2012-02-29,AET,0.002045195152425505
2012-02-29,AG4,0.009373811115283565
2012-02-29,AMGN,0.013293768490765783
2012-02-29,AMT,0.009544244044652359
2012-02-29,ARG,0.012441603843921822
2012-02-29,AZO,0.015850262431297665
2012-02-29,BBBY,0.008692079397808396
2012-02-29,BFB,0.011589439197077863
2012-02-29,BIIB,0.013123335561396991
2012-02-29,BMY,0.013464201420134575
2012-02-29,CAG,0.012271170914553032
2012-02-29,CEG,0.00323822565800705
2012-02-29,CELG,0.015679829501928873
2012-02-29,CL,0.012100737985184238
2012-02-29,CMS,0.011419006267709069
2012-02-29,CNP,0.004942554951694971
2012-02-29,COH,0.001874762223056713
2012-02-29,COST,0.0023860610111630896
2012-02-29,CTAS,0.01056684162086511
2012-02-29,CVS,0.011930305055815446
2012-02-29,D,0.005283420810432555
2012-02-29,DC7,0.0064764513160141
2012-02-29,DTE,0.009885109903389942
2012-02-29,DUK,0.01448679899634733
2012-02-29,ECL,0.0076694818215956445
2012-02-29,ED,0.01380506727887216
2012-02-29,EIX,0.0035790915167446336
2012-02-29,EP,0.0046016890929573865
2012-02-29,EXPE,0.0129529026320282
2012-02-29,FE,0.0010225975762127525
2012-02-29,FMC,0.0022156280817942973
2012-02-29,GILD,0.005453853739801347
2012-02-29,GIS,0.0003408658587375846
2012-02-29,GPC,0.009203378185914773
2012-02-29,GR,0.008351213539070814
2012-02-29,GWW,0.014827664855084912
2012-02-29,HD,0.00732861596285806
2012-02-29,HSY,0.006987750104120476
2012-02-29,HUM,0.011759872126446655
2012-02-29,IBM,0.012612036773290614
2012-02-29,INCO,0.003749524446113426
2012-02-29,IRM,0.0028973597992694657
2012-02-29,ISRG,0.013634634349503369
2012-02-29,KFT,0.013975500208240952
2012-02-29,KMB,0.004260823234219803
2012-02-29,KO,0.0006817317174751683
2012-02-29,LLY,0.007839914750964436
2012-02-29,LO,0.010396408691496318
2012-02-29,LTD,0.0066468842453828916
2012-02-29,M,0.011078140408971487
2012-02-29,MA,0.015509396572560081
2012-02-29,MAT,0.010225975762127526
2012-02-29,MCD,0.01619112829003525
2012-02-29,MHFI,0.01465723192571612
2012-02-29,MJN,0.007499048892226852
2012-02-29,MO,0.00409039030485101
2012-02-29,MRK,0.009032945256545981
2012-02-29,MSI,0.004431256163588595
2012-02-29,NI,0.014145933137609742
2012-02-29,NKE,0.0013634634349503367
2012-02-29,OKE,0.010055542832758734
2012-02-29,ORLY,0.014998097784453704
2012-02-29,PCP,0.010737274550233902
2012-02-29,PFE,0.0005112987881063765
2012-02-29,PGN,0.014316366066978534
2012-02-29,PM,0.003067792728638258
2012-02-29,PNW,0.006135585457276516
2012-02-29,PPL,0.0025564939405318815
2012-02-29,PSA,0.008010347680333228
2012-02-29,RAI,0.0027269268699006734
2012-02-29,RL,0.00017043292936879209
2012-02-29,SBUX,0.015168530713822497
2012-02-29,SCG,0.0056242866691701395
2012-02-29,SE,0.003408658587375842
2012-02-29,SHW,0.004772122022326179
2012-02-29,SJM,0.003919957375482218
2012-02-29,SLE,0.0008521646468439605
2012-02-29,SO,0.015338963643191289
2012-02-29,SPG,0.006817317174751684
2012-02-29,SRE,0.0011930305055815448
2012-02-29,TJX,0.016020695360666456
2012-02-29,TSS,0.005112987881063763
2012-02-29,UNH,0.011248573338340279
2012-02-29,UNP,0.001533896364319129
2012-02-29,VFC,0.012782469702659406
2012-02-29,VISA,0.01636156121940404
2012-02-29,WFM,0.00818078060970202
2012-02-29,WMT,0.008521646468439606
2012-02-29,WYND,0.005965152527907723
2012-02-29,XEL,0.00886251232717719
2012-02-29,YUM,0.010907707479602693
2012-03-31,AAPL*,0.015486441965463834
2012-03-31,ABT,0.011113799528156398
2012-03-31,AEC1,0.0018219343488780982
2012-03-31,AEE,0.006012383351297723
2012-03-31,AET,0.007834317700175822
2012-03-31,AG4,0.014939861660800404
2012-03-31,AMGN,0.012935733877034495
2012-03-31,AMT,0.012206960137483257
2012-03-31,ARG,0.011478186397932019
2012-03-31,AZO,0.01712618287945412
2012-03-31,BBBY,0.006194576786185534
2012-03-31,BFB,0.014028894486361356
2012-03-31,BIIB,0.010020638918829539
2012-03-31,BMY,0.011842573267707638
2012-03-31,CAG,0.005465803046634294
2012-03-31,CELG,0.015668635400351644
2012-03-31,CL,0.012389153572371067
2012-03-31,CMCSA,0.0007287737395512392
2012-03-31,CMS,0.004554835872195245
2012-03-31,COH,0.007105543960624582
2012-03-31,COST,0.00947405861416611
2012-03-31,CTAS,0.00856309143972706
2012-03-31,CVS,0.014757668225912594
2012-03-31,D,0.01038502578860516
2012-03-31,DC7,0.0036438686977561963
2012-03-31,DTE,0.004737029307083055
2012-03-31,DUK,0.013300120746810116
2012-03-31,ECL,0.0021863212186537173
2012-03-31,ED,0.010931606093268587
2012-03-31,EIX,0.007287737395512393
2012-03-31,EP,0.007469930830400202
2012-03-31,EXPE,0.014575474791024785
2012-03-31,FE,0.008198704569951441
2012-03-31,GPC,0.004190449002419625
2012-03-31,GR,0.00965625204905392
2012-03-31,GWW,0.0167617960096785
2012-03-31,HD,0.012753540442146686
2012-03-31,HSY,0.004372642437307435
2012-03-31,HUM,0.0051014161768586745
2012-03-31,IBM,0.014211087921249164
2012-03-31,INCO,0.008927478309502681
2012-03-31,ISRG,0.016033022270127262
2012-03-31,JBL,0.0023685146535415277
2012-03-31,JNJ,0.0010931606093268589
2012-03-31,JWN,0.0020041277837659077
2012-03-31,KFT,0.015122055095688213
2012-03-31,KMB,0.00838089800483925
2012-03-31,LEN,0.0016397409139902884
2012-03-31,LLY,0.0029150949582049564
2012-03-31,LO,0.006376770221073343
2012-03-31,LOM,0.0012753540442146686
2012-03-31,LTD,0.010749412658380779
2012-03-31,M,0.015304248530576022
2012-03-31,MA,0.01694398944456631
2012-03-31,MAT,0.013664507616585733
2012-03-31,MCD,0.01730837631434193
2012-03-31,MHFI,0.01585082883523945
2012-03-31,MJN,0.012571347007258876
2012-03-31,MMI,0.0025507080884293373
2012-03-31,MO,0.00874528487461487
2012-03-31,MRK,0.006923350525736773
2012-03-31,MSFT,0.007652124265288011
2012-03-31,NI,0.016397409139902883
2012-03-31,NKE,0.013846701051473545
2012-03-31,OKE,0.006558963655961154
2012-03-31,ORLY,0.016579602574790693
2012-03-31,PCLN,0.0001821934348878098
2012-03-31,PCP,0.00983844548394173
2012-03-31,PGN,0.011660379832819827
2012-03-31,PM,0.005830189916409914
2012-03-31,PNW,0.002732901523317147
2012-03-31,PPL,0.005283609611746485
2012-03-31,PSA,0.0032794818279805772
2012-03-31,QCI,0.0005465803046634294
2012-03-31,RAI,0.0034616752628683863
2012-03-31,RL,0.009291865179278299
2012-03-31,SBUX,0.013117927311922307
2012-03-31,SCG,0.011295992963044208
2012-03-31,SE,0.0009109671744390491
2012-03-31,SHW,0.006741157090848962
2012-03-31,SLE,0.0014575474791024784
2012-03-31,SO,0.014393281356136973
2012-03-31,SPG,0.00910967174439049
2012-03-31,SRE,0.0040082555675318154
2012-03-31,TDC,0.003097288393092767
2012-03-31,TSS,0.0038260621326440055
2012-03-31,TYC,0.0003643868697756196
2012-03-31,UNH,0.012024766702595446
2012-03-31,VFC,0.016215215705015072
2012-03-31,VISA,0.01749056974922974
2012-03-31,WEC,0.010202832353717349
2012-03-31,WFM,0.005647996481522104
2012-03-31,WMT,0.004919222741970865
2012-03-31,WYND,0.01056721922349297
2012-03-31,XEL,0.008016511135063631
2012-03-31,YUM,0.013482314181697925
2012-04-30,AAPL*,0.01776331503378577
2012-04-30,ABT,0.013223801191818294
2012-04-30,AEC1,0.0013815911692944488
2012-04-30,AEE,0.004144773507883346
2012-04-30,AET,0.006907955846472243
2012-04-30,AG4,0.014013281859986551
2012-04-30,AMGN,0.009868508352103206
2012-04-30,AMT,0.014802762528154807
2012-04-30,ARG,0.014605392361112742
2012-04-30,AZO,0.017565944866743708
2012-04-30,BBBY,0.000986850835210321
2012-04-30,BFB,0.013618541525902422
2012-04-30,BMY,0.012434320523650039
2012-04-30,CAG,0.001184221002252385
2012-04-30,CBS,0.004736884009009538
2012-04-30,CELG,0.01835542553491196
2012-04-30,CL,0.014210652027028616
2012-04-30,CMG,0.01875016586899609
2012-04-30,CMS,0.010657989020271461
2012-04-30,COH,0.0017763315033785775
2012-04-30,COST,0.004934254176051603
2012-04-30,CSCO,0.003552663006757154
2012-04-30,CTAS,0.010460618853229397
2012-04-30,CVS,0.012631690690692102
2012-04-30,D,0.009671138185061141
2012-04-30,DC7,0.012829060857734168
2012-04-30,DTE,0.005328994510135731
2012-04-30,DUK,0.013026431024776231
2012-04-30,ECL,0.0019737016704206413
2012-04-30,ED,0.009276397850977013
2012-04-30,EFX,0.0025658121715468334
2012-04-30,EP,0.008684287349850819
2012-04-30,EXPE,0.011447469688439718
2012-04-30,FE,0.005526364677177795
2012-04-30,FMC,0.0005921105011261923
2012-04-30,GILD,0.005921105011261923
2012-04-30,GPC,0.0067105856794301795
2012-04-30,GR,0.008881657516892886
2012-04-30,GWW,0.016184353697449257
2012-04-30,HD,0.015986983530407194
2012-04-30,HOG,0.006315845345346051
2012-04-30,HUM,0.005723734844219859
2012-04-30,IBM,0.015197502862238936
2012-04-30,INCO,0.00335529283971509
2012-04-30,ISRG,0.017171204532659575
2012-04-30,JBL,0.0031579226726730254
2012-04-30,KFT,0.010855359187313526
2012-04-30,KLAC,0.0007894806681682564
2012-04-30,KMB,0.011644839855481781
2012-04-30,KO,0.005131624343093667
2012-04-30,LEN,0.009079027683934949
2012-04-30,LO,0.0015789613363365127
2012-04-30,LOM,0.007302696180556371
2012-04-30,LOW,0.0003947403340841282
2012-04-30,M,0.016579094031533383
2012-04-30,MA,0.016973834365617512
2012-04-30,MAT,0.013815911692944487
2012-04-30,MCD,0.017960685200827834
2012-04-30,MHFI,0.01677646419857545
2012-04-30,MJN,0.008289547015766691
2012-04-30,MKC,0.006118475178303987
2012-04-30,MMI,0.00019737016704206387
2012-04-30,MO,0.010065878519145269
2012-04-30,MSFT,0.010263248686187334
2012-04-30,NI,0.017368574699701638
2012-04-30,NKE,0.01578961336336513
2012-04-30,NVLS,0.01105272935435559
2012-04-30,OKE,0.002171071837462705
2012-04-30,ORLY,0.018552795701954027
2012-04-30,PCLN,0.0043421436749254095
2012-04-30,PCP,0.008486917182808756
2012-04-30,PGN,0.009473768018019076
2012-04-30,PM,0.008092176848724628
2012-04-30,PNW,0.004539513841967474
2012-04-30,PSA,0.0029605525056309616
2012-04-30,QCI,0.007500066347598437
2012-04-30,RL,0.0076974365146405
2012-04-30,SBUX,0.018158055367869897
2012-04-30,SCG,0.007894806681682565
2012-04-30,SHW,0.01440802219407068
2012-04-30,SO,0.015000132695196873
2012-04-30,SPG,0.012039580189565911
2012-04-30,SRE,0.0027631823385888977
2012-04-30,TGT,0.003947403340841283
2012-04-30,TSS,0.007105326013514308
2012-04-30,UNH,0.012236950356607974
2012-04-30,USB,0.011842210022523846
2012-04-30,VFC,0.01638172386449132
2012-04-30,VISA,0.018947536036038153
2012-04-30,WEC,0.013421171358860359
2012-04-30,WFC*,0.002368442004504769
2012-04-30,WFM,0.015394873029281001
2012-04-30,WMT,0.0037500331737992183
2012-04-30,WYND,0.011250099521397654
2012-04-30,XEL,0.006513215512388116
2012-04-30,YUM,0.015592243196323062
2012-05-31,AAPL*,0.017695998337645198
2012-05-31,ABT,0.013017745903555087
2012-05-31,AEE,0.0016272182379443861
2012-05-31,AG4,0.015865377819957765
2012-05-31,AMGN,0.005491861553062302
2012-05-31,AMT,0.011797332225096798
2012-05-31,ARG,0.016272182379443858
2012-05-31,AZO,0.01850960745661739
2012-05-31,BBBY,0.014441561861756425
2012-05-31,BFB,0.015458573260471667
2012-05-31,BIIB,0.00915310258843717
2012-05-31,BMY,0.005695263832805351
2012-05-31,CELG,0.010170113987152412
2012-05-31,CINF,0.0024408273569165788
2012-05-31,CL,0.009356504868180219
2012-05-31,CMCSA,0.0010170113987152411
2012-05-31,CMG,0.017492596057902147
2012-05-31,CMS,0.012814343623812039
2012-05-31,CSCO,0.00040680455948609653
2012-05-31,CTAS,0.0020340227974304827
2012-05-31,CVS,0.002237425077173531
2012-05-31,D,0.005898666112548399
2012-05-31,DC7,0.014238159582013375
2012-05-31,DHI,0.004271447874604013
2012-05-31,DISCA,0.0030510341961457236
2012-05-31,DTE,0.00345783875563182
2012-05-31,DUK,0.013221148183298134
2012-05-31,EBAY,0.008949700308694122
2012-05-31,ED,0.007525884350492784
2012-05-31,EFX,0.0036612410353748684
2012-05-31,EIX,0.006102068392291447
2012-05-31,EXPE,0.01159392994535375
2012-05-31,FAST,0.012000734504839846
2012-05-31,FDO,0.0014238159582013377
2012-05-31,FMC,0.007322482070749737
2012-05-31,GILD,0.003254436475888772
2012-05-31,GPC,0.005288459273319254
2012-05-31,GPS,0.00691567751126364
2012-05-31,GR,0.007729286630235833
2012-05-31,GWW,0.016475584659186908
2012-05-31,HD,0.017899400617388244
2012-05-31,HOG,0.010780320826381556
2012-05-31,HSY,0.01261094134406899
2012-05-31,IBM,0.015661975540214715
2012-05-31,INCO,0.007932688909978882
2012-05-31,ISRG,0.018713009736360437
2012-05-31,JWN,0.0012204136784582894
2012-05-31,KFT,0.011187125385867653
2012-05-31,KMB,0.010983723106124605
2012-05-31,KO,0.009559907147923269
2012-05-31,LEN,0.008339493469464977
2012-05-31,LOM,0.008746298028951074
2012-05-31,LOW,0.006508872951777544
2012-05-31,LTD,0.01037351626689546
2012-05-31,M,0.011390527665610701
2012-05-31,MA,0.01830620517687434
2012-05-31,MAT,0.013627952742784232
2012-05-31,MCD,0.016678986938929954
2012-05-31,MHFI,0.015255170980728617
2012-05-31,MJN,0.013424550463041184
2012-05-31,MKC,0.0048816547138331575
2012-05-31,MO,0.006712275231520592
2012-05-31,MSFT,0.010576918546638508
2012-05-31,NEE,0.00020340227974304824
2012-05-31,NI,0.016882389218673004
2012-05-31,NKE,0.01708579149841605
2012-05-31,OKE,0.0038646433151179166
2012-05-31,ORLY,0.01932321657558958
2012-05-31,PCLN,0.009763309427666315
2012-05-31,PCP,0.008542895749208025
2012-05-31,PGN,0.007119079791006688
2012-05-31,PM,0.004474850154347061
2012-05-31,PSA,0.004678252434090109
2012-05-31,RHT,0.0028476319164026753
2012-05-31,RL,0.006305470672034495
2012-05-31,ROP,0.0018306205176874342
2012-05-31,SBUX,0.018916412016103487
2012-05-31,SCG,0.014644964141499473
2012-05-31,SHW,0.014848366421242522
2012-05-31,SO,0.014034757302270329
2012-05-31,SPG,0.012407539064325943
2012-05-31,SRE,0.009966711707409363
2012-05-31,TGT,0.0006102068392291448
2012-05-31,TSS,0.008136091189721929
2012-05-31,UNH,0.004068045594860965
2012-05-31,USB,0.012204136784582894
2012-05-31,VFC,0.018102802897131294
2012-05-31,VISA,0.019119814295846537
2012-05-31,VRSN,0.000813609118972193
2012-05-31,WEC,0.016068780099700808
2012-05-31,WFC*,0.002644229636659627
2012-05-31,WFM,0.017289193778159097
2012-05-31,WYND,0.01383135502252728
2012-05-31,XEL,0.005085056993576206
2012-05-31,YUM,0.015051768700985568
2012-06-30,AAPL*,0.020394736842105264
2012-06-30,ABT,0.014912280701754385
2012-06-30,AEE,0.007236842105263158
2012-06-30,AG4,0.004605263157894737
2012-06-30,AMGN,0.010964912280701754
2012-06-30,AMT,0.019517543859649124
2012-06-30,ARG,0.012719298245614035
2012-06-30,AZO,0.01929824561403509
2012-06-30,BBBY,0.014473684210526316
2012-06-30,BFB,0.016228070175438595
2012-06-30,BIIB,0.0030701754385964912
2012-06-30,BMY,0.008771929824561403
2012-06-30,CB,0.0002192982456140351
2012-06-30,CELG,0.005043859649122807
2012-06-30,CERN,0.008991228070175439
2012-06-30,CINF,0.01293859649122807
2012-06-30,CL,0.01206140350877193
2012-06-30,CMG,0.018421052631578946
2012-06-30,CMS,0.01864035087719298
2012-06-30,COST,0.0008771929824561404
2012-06-30,CVS,0.01030701754385965
2012-06-30,D,0.007894736842105263
2012-06-30,DC7,0.008114035087719297
2012-06-30,DF,0.0015350877192982456
2012-06-30,DHI,0.012280701754385965
2012-06-30,DIS,0.0017543859649122807
2012-06-30,DISCA,0.005482456140350877
2012-06-30,DTE,0.015131578947368421
2012-06-30,DUK,0.017982456140350878
2012-06-30,EBAY,0.007017543859649123
2012-06-30,ECL,0.0006578947368421052
2012-06-30,ED,0.013157894736842105
2012-06-30,EFX,0.01381578947368421
2012-06-30,EIX,0.015789473684210527
2012-06-30,EXPE,0.016666666666666666
2012-06-30,FAST,0.004824561403508772
2012-06-30,FDO,0.009649122807017544
2012-06-30,FE,0.003289473684210526
2012-06-30,GILD,0.005263157894736842
2012-06-30,GPC,0.006578947368421052
2012-06-30,GPS,0.011842105263157895
2012-06-30,GR,0.006359649122807017
2012-06-30,GWW,0.01118421052631579
2012-06-30,HD,0.019078947368421053
2012-06-30,HOG,0.0004385964912280698
2012-06-30,HSY,0.014692982456140351
2012-06-30,IBM,0.005921052631578948
2012-06-30,INCO,0.0024122807017543865
2012-06-30,ISRG,0.015570175438596491
2012-06-30,KFT,0.005701754385964913
2012-06-30,KMB,0.018201754385964913
2012-06-30,KO,0.008333333333333333
2012-06-30,LEN,0.013596491228070176
2012-06-30,LLY,0.003947368421052632
2012-06-30,LTD,0.003728070175438596
2012-06-30,M,0.010526315789473684
2012-06-30,MA,0.01337719298245614
2012-06-30,MAT,0.0026315789473684206
2012-06-30,MJN,0.009210526315789473
2012-06-30,MKC,0.011403508771929825
2012-06-30,MO,0.01732456140350877
2012-06-30,NEE,0.007675438596491228
2012-06-30,NI,0.019956140350877193
2012-06-30,NKE,0.01074561403508772
2012-06-30,ORLY,0.017105263157894738
2012-06-30,PEAK,0.0013157894736842105
2012-06-30,PGN,0.01425438596491228
2012-06-30,PM,0.008552631578947369
2012-06-30,PNW,0.007456140350877193
2012-06-30,PSA,0.004166666666666667
2012-06-30,PWR,0.0021929824561403508
2012-06-30,RAI,0.0043859649122807015
2012-06-30,ROP,0.0061403508771929825
2012-06-30,SBUX,0.017763157894736842
2012-06-30,SCG,0.020833333333333332
2012-06-30,SHW,0.0206140350877193
2012-06-30,SO,0.016008771929824563
2012-06-30,SPG,0.010087719298245614
2012-06-30,SRE,0.017543859649122806
2012-06-30,T,0.0028508771929824563
2012-06-30,TGT,0.009429824561403509
2012-06-30,TSS,0.009868421052631578
2012-06-30,USB,0.01162280701754386
2012-06-30,VFC,0.0125
2012-06-30,VISA,0.018859649122807017
2012-06-30,VRSN,0.001973684210526316
2012-06-30,VTR,0.0010964912280701754
2012-06-30,VZ,0.006798245614035088
2012-06-30,WEC,0.019736842105263157
2012-06-30,WFC*,0.0035087719298245615
2012-06-30,WFM,0.02017543859649123
2012-06-30,WMT,0.014035087719298246
2012-06-30,WYND,0.016885964912280702
2012-06-30,XEL,0.01644736842105263
2012-06-30,YUM,0.015350877192982455
2012-07-31,AAPL*,0.014035087719298246
2012-07-31,ABT,0.01644736842105263
2012-07-31,AEE,0.009649122807017544
2012-07-31,AG4,0.007236842105263158
2012-07-31,ALL,0.006359649122807017
2012-07-31,AMGN,0.017763157894736842
2012-07-31,AMT,0.020394736842105264
2012-07-31,ARG,0.0059210526315789476
2012-07-31,AZO,0.014473684210526316
2012-07-31,BFB,0.017982456140350878
2012-07-31,BIIB,0.009868421052631578
2012-07-31,BMY,0.01206140350877193
2012-07-31,BRKB,0.0008771929824561404
2012-07-31,CERN,0.001973684210526316
2012-07-31,CINF,0.018201754385964913
2012-07-31,CL,0.01732456140350877
2012-07-31,CMCSA,0.007017543859649123
2012-07-31,CMS,0.01864035087719298
2012-07-31,COST,0.010964912280701754
2012-07-31,CVS,0.01381578947368421
2012-07-31,D,0.008552631578947369
2012-07-31,DC7,0.011403508771929825
2012-07-31,DF,0.007675438596491228
2012-07-31,DHI,0.012280701754385965
2012-07-31,DIS,0.0028508771929824563
2012-07-31,DISCA,0.008333333333333333
2012-07-31,DPS,0.002412280701754386
2012-07-31,DTE,0.017105263157894738
2012-07-31,DUK,0.01885964912280702
2012-07-31,EBAY,0.006798245614035088
2012-07-31,ECL,0.0125
2012-07-31,ED,0.013596491228070176
2012-07-31,EFX,0.01425438596491228
2012-07-31,EIX,0.016885964912280702
2012-07-31,ES,0.005482456140350877
2012-07-31,EW,0.004605263157894736
2012-07-31,EXPE,0.01074561403508772
2012-07-31,FDO,0.003728070175438596
2012-07-31,FE,0.004824561403508772
2012-07-31,GPS,0.0061403508771929825
2012-07-31,GWW,0.009429824561403509
2012-07-31,HD,0.019517543859649124
2012-07-31,HSY,0.016228070175438595
2012-07-31,INTU,0.007456140350877193
2012-07-31,ISRG,0.010087719298245614
2012-07-31,KFT,0.005701754385964913
2012-07-31,KMB,0.01929824561403509
2012-07-31,KO,0.007894736842105263
2012-07-31,LEN,0.016008771929824563
2012-07-31,LLY,0.0021929824561403508
2012-07-31,LO,0.0010964912280701754
2012-07-31,LOM,0.0015350877192982456
2012-07-31,LOW,0.0043859649122807015
2012-07-31,MA,0.01162280701754386
2012-07-31,MAT,0.005043859649122807
2012-07-31,MKC,0.015350877192982455
2012-07-31,MO,0.019736842105263157
2012-07-31,MRK,0.010526315789473684
2012-07-31,NCRA,0.01030701754385965
2012-07-31,NEE,0.012719298245614035
2012-07-31,NI,0.017543859649122806
2012-07-31,ORLY,0.009210526315789473
2012-07-31,PEAK,0.003508771929824562
2012-07-31,PFE,0.003947368421052632
2012-07-31,PHM,0.0013157894736842105
2012-07-31,PM,0.001754385964912281
2012-07-31,PNW,0.014912280701754385
2012-07-31,PSA,0.0006578947368421051
2012-07-31,PWR,0.013157894736842105
2012-07-31,RAI,0.01293859649122807
2012-07-31,RTN1,0.005263157894736842
2012-07-31,SBUX,0.01118421052631579
2012-07-31,SCG,0.020833333333333332
2012-07-31,SHW,0.0206140350877193
2012-07-31,SO,0.015789473684210527
2012-07-31,SPG,0.008114035087719297
2012-07-31,SRE,0.019956140350877193
2012-07-31,T,0.01337719298245614
2012-07-31,TDC,0.0004385964912280702
2012-07-31,TEG,0.002631578947368421
2012-07-31,TMK,0.003289473684210526
2012-07-31,TSS,0.008771929824561403
2012-07-31,UNH,0.006578947368421052
2012-07-31,USB,0.008991228070175439
2012-07-31,VISA,0.018421052631578946
2012-07-31,VRSN,0.011842105263157895
2012-07-31,VTR,0.00021929824561403512
2012-07-31,VZ,0.014692982456140351
2012-07-31,WEC,0.02017543859649123
2012-07-31,WFC*,0.0030701754385964912
2012-07-31,WFM,0.019078947368421053
2012-07-31,WMT,0.015131578947368421
2012-07-31,WYND,0.015570175438596491
2012-07-31,XEL,0.016666666666666666
2012-07-31,YUM,0.0041666666666666675
2012-08-31,AAPL*,0.017105263157894738
2012-08-31,ABT,0.016008771929824563
2012-08-31,AKAM,0.005043859649122807
2012-08-31,ALL,0.009649122807017544
2012-08-31,AMGN,0.01929824561403509
2012-08-31,AMT,0.019956140350877193
2012-08-31,ARG,0.0008771929824561405
2012-08-31,AZO,0.009210526315789473
2012-08-31,BFB,0.014035087719298246
2012-08-31,BIIB,0.011842105263157895
2012-08-31,BMY,0.003289473684210526
2012-08-31,BRKB,0.004605263157894736
2012-08-31,CINF,0.016885964912280702
2012-08-31,CL,0.01381578947368421
2012-08-31,CMCSA,0.013596491228070176
2012-08-31,CMS,0.018859649122807017
2012-08-31,COST,0.011403508771929825
2012-08-31,CVS,0.010964912280701754
2012-08-31,D,0.005263157894736842
2012-08-31,DC7,0.01337719298245614
2012-08-31,DHI,0.01293859649122807
2012-08-31,DIS,0.01118421052631579
2012-08-31,DPS,0.007894736842105263
2012-08-31,DTE,0.017543859649122806
2012-08-31,DUK,0.005921052631578948
2012-08-31,EBAY,0.012280701754385965
2012-08-31,ECL,0.0021929824561403508
2012-08-31,ED,0.008114035087719297
2012-08-31,EFX,0.01644736842105263
2012-08-31,EIX,0.017982456140350878
2012-08-31,ES,0.0043859649122807015
2012-08-31,EXPE,0.01732456140350877
2012-08-31,FE,0.007017543859649123
2012-08-31,GEC,0.0013157894736842105
2012-08-31,GILD,0.006798245614035088
2012-08-31,GPS,0.015350877192982455
2012-08-31,GWW,0.009429824561403509
2012-08-31,HD,0.019736842105263157
2012-08-31,HSY,0.010526315789473684
2012-08-31,INCO,0.0010964912280701754
2012-08-31,KFT,0.004824561403508772
2012-08-31,KLAC,0.002412280701754386
2012-08-31,KMB,0.01864035087719298
2012-08-31,KO,0.0035087719298245615
2012-08-31,LEN,0.018421052631578946
2012-08-31,LLY,0.005701754385964913
2012-08-31,LOM,0.007456140350877193
2012-08-31,LTD,0.0004385964912280702
2012-08-31,M,0.006359649122807017
2012-08-31,MA,0.0026315789473684206
2012-08-31,MAT,0.010087719298245614
2012-08-31,MKC,0.015789473684210527
2012-08-31,MO,0.019078947368421053
2012-08-31,MRK,0.015570175438596491
2012-08-31,NCRA,0.0061403508771929825
2012-08-31,NEE,0.01206140350877193
2012-08-31,NI,0.012719298245614035
2012-08-31,ORLY,0.0015350877192982452
2012-08-31,PAYX,0.007675438596491228
2012-08-31,PEAK,0.004166666666666667
2012-08-31,PEP,0.0028508771929824563
2012-08-31,PFE,0.008991228070175439
2012-08-31,PHM,0.016228070175438595
2012-08-31,PM,0.005482456140350877
2012-08-31,PNW,0.015131578947368421
2012-08-31,PPG,0.008771929824561403
2012-08-31,PWR,0.003728070175438596
2012-08-31,RAI,0.009868421052631578
2012-08-31,ROP,0.001973684210526316
2012-08-31,RTN1,0.007236842105263158
2012-08-31,SCG,0.0206140350877193
2012-08-31,SHW,0.020833333333333332
2012-08-31,SO,0.013157894736842105
2012-08-31,SPG,0.01074561403508772
2012-08-31,SRE,0.020394736842105264
2012-08-31,T,0.019517543859649124
2012-08-31,T3W1,0.0017543859649122807
2012-08-31,TEG,0.008333333333333333
2012-08-31,TFC,0.01162280701754386
2012-08-31,TMK,0.0030701754385964912
2012-08-31,TSS,0.006578947368421052
2012-08-31,TYC,0.01030701754385965
2012-08-31,UNP,0.0002192982456140351
2012-08-31,USB,0.018201754385964913
2012-08-31,VFC,0.0006578947368421052
2012-08-31,VISA,0.017763157894736842
2012-08-31,VRSN,0.0125
2012-08-31,VTR,0.003947368421052632
2012-08-31,VZ,0.01425438596491228
2012-08-31,WEC,0.02017543859649123
2012-08-31,WFC*,0.008552631578947369
2012-08-31,WFM,0.014473684210526316
2012-08-31,WMT,0.016666666666666666
2012-08-31,WYND,0.014912280701754385
2012-08-31,XEL,0.014692982456140351
2012-09-30,AAPL*,0.018421052631578946
2012-09-30,ABT,0.014912280701754385
2012-09-30,AIG*,0.0015350877192982456
2012-09-30,AKAM,0.010526315789473684
2012-09-30,ALL,0.018201754385964913
2012-09-30,AMGN,0.01929824561403509
2012-09-30,AMT,0.016228070175438595
2012-09-30,ARG,0.0008771929824561404
2012-09-30,BIIB,0.01118421052631579
2012-09-30,CBS,0.012280701754385965
2012-09-30,CINF,0.01864035087719298
2012-09-30,CL,0.015131578947368421
2012-09-30,CMA,0.0002192982456140351
2012-09-30,CMCSA,0.017543859649122806
2012-09-30,CTAS,0.008552631578947369
2012-09-30,CVS,0.014035087719298246
2012-09-30,DC7,0.018859649122807017
2012-09-30,DF,0.001973684210526316
2012-09-30,DHI,0.019517543859649124
2012-09-30,DIS,0.017982456140350878
2012-09-30,DISCA,0.0006578947368421052
2012-09-30,DTE,0.004824561403508773
2012-09-30,DVA,0.004605263157894736
2012-09-30,EBAY,0.017105263157894738
2012-09-30,ECL,0.003947368421052632
2012-09-30,EFX,0.016885964912280702
2012-09-30,EXPE,0.015789473684210527
2012-09-30,FISV,0.007236842105263158
2012-09-30,FITB,0.013596491228070176
2012-09-30,FLS,0.0059210526315789476
2012-09-30,GEC,0.0043859649122807015
2012-09-30,GILD,0.009429824561403509
2012-09-30,GPS,0.019736842105263157
2012-09-30,GWW,0.006359649122807017
2012-09-30,HBAN,0.014692982456140351
2012-09-30,HD,0.02017543859649123
2012-09-30,KEY,0.0021929824561403508
2012-09-30,KFT,0.01293859649122807
2012-09-30,KMB,0.003508771929824562
2012-09-30,LEN,0.020394736842105264
2012-09-30,LLY,0.005701754385964913
2012-09-30,LOM,0.008114035087719297
2012-09-30,LUMN,0.0037280701754385964
2012-09-30,M,0.01074561403508772
2012-09-30,MAS,0.008771929824561403
2012-09-30,MAT,0.007675438596491228
2012-09-30,MDT,0.006798245614035088
2012-09-30,MKC,0.01732456140350877
2012-09-30,MO,0.008991228070175439
2012-09-30,MPN,0.002631578947368421
2012-09-30,MRK,0.012719298245614035
2012-09-30,NCRA,0.01206140350877193
2012-09-30,NEE,0.0010964912280701754
2012-09-30,NTH,0.0028508771929824563
2012-09-30,PAYX,0.009210526315789473
2012-09-30,PEP,0.0013157894736842105
2012-09-30,PFE,0.01030701754385965
2012-09-30,PHM,0.0206140350877193
2012-09-30,PM,0.007017543859649123
2012-09-30,PNW,0.007456140350877193
2012-09-30,PPG,0.01162280701754386
2012-09-30,PWR,0.005482456140350877
2012-09-30,RAI,0.001754385964912281
2012-09-30,RN7,0.015570175438596491
2012-09-30,ROP,0.011403508771929825
2012-09-30,RTN1,0.010087719298245614
2012-09-30,SCG,0.014473684210526316
2012-09-30,SHW,0.020833333333333332
2012-09-30,SNA,0.006578947368421052
2012-09-30,SNI,0.01337719298245614
2012-09-30,SPG,0.009868421052631578
2012-09-30,SRE,0.013157894736842105
2012-09-30,STZ,0.005043859649122807
2012-09-30,T,0.016008771929824563
2012-09-30,T3W1,0.008333333333333333
2012-09-30,TFC,0.01644736842105263
2012-09-30,TGT,0.002412280701754386
2012-09-30,TMK,0.010964912280701754
2012-09-30,TSO,0.0030701754385964912
2012-09-30,TSS,0.004166666666666667
2012-09-30,TT,0.011842105263157895
2012-09-30,TWX*,0.003289473684210526
2012-09-30,TYC,0.0125
2012-09-30,UNP,0.0061403508771929825
2012-09-30,URBN,0.007894736842105263
2012-09-30,USB,0.019956140350877193
2012-09-30,VISA,0.015350877192982455
2012-09-30,VRSN,0.017763157894736842
2012-09-30,VTR,0.00043859649122807024
2012-09-30,WEC,0.005263157894736841
2012-09-30,WFC*,0.01425438596491228
2012-09-30,WFM,0.016666666666666666
2012-09-30,WMT,0.01381578947368421
2012-09-30,WY,0.009649122807017544
2012-09-30,WYND,0.019078947368421053
2012-10-31,AAPL*,0.01732456140350877
2012-10-31,ABT,0.015789473684210527
2012-10-31,ALL,0.019517543859649124
2012-10-31,AMGN,0.018421052631578946
2012-10-31,AMT,0.016228070175438595
2012-10-31,BLL,0.005482456140350877
2012-10-31,CBS,0.006359649122807017
2012-10-31,CINF,0.015131578947368421
2012-10-31,CL,0.015350877192982455
2012-10-31,CMA,0.0006578947368421052
2012-10-31,CMCSA,0.016885964912280702
2012-10-31,COST,0.008333333333333333
2012-10-31,CTAS,0.015570175438596491
2012-10-31,CVS,0.016008771929824563
2012-10-31,DC7,0.019956140350877193
2012-10-31,DF,0.0015350877192982456
2012-10-31,DHI,0.019736842105263157
2012-10-31,DIS,0.019078947368421053
2012-10-31,DISCA,0.007236842105263158
2012-10-31,DPS,0.0059210526315789476
2012-10-31,DTE,0.007017543859649123
2012-10-31,DVA,0.010964912280701754
2012-10-31,EBAY,0.01644736842105263
2012-10-31,ECL,0.004166666666666667
2012-10-31,EFX,0.012719298245614035
2012-10-31,EMN,0.0004385964912280702
2012-10-31,EXPE,0.01929824561403509
2012-10-31,FHN,0.0021929824561403508
2012-10-31,FISV,0.0043859649122807015
2012-10-31,FITB,0.005701754385964913
2012-10-31,GEC,0.01074561403508772
2012-10-31,GILD,0.014035087719298246
2012-10-31,GPS,0.017763157894736842
2012-10-31,HBAN,0.014473684210526316
2012-10-31,HD,0.020394736842105264
2012-10-31,HRS,0.0037280701754385964
2012-10-31,HSY,0.009649122807017544
2012-10-31,KMB,0.013157894736842105
2012-10-31,LEN,0.02017543859649123
2012-10-31,LLY,0.013815789473684212
2012-10-31,LOM,0.009868421052631578
2012-10-31,LOW,0.006578947368421052
2012-10-31,MAS,0.0028508771929824563
2012-10-31,MAT,0.004605263157894736
2012-10-31,MDT,0.01337719298245614
2012-10-31,MHFI,0.008991228070175439
2012-10-31,MKC,0.017982456140350878
2012-10-31,MMM,0.0010964912280701754
2012-10-31,MO,0.007675438596491228
2012-10-31,MRK,0.01293859649122807
2012-10-31,MTZ,0.007894736842105263
2012-10-31,NCRA,0.0125
2012-10-31,NEE,0.01030701754385965
2012-10-31,NI,0.002412280701754386
2012-10-31,PEP,0.00021929824561403512
2012-10-31,PFE,0.011842105263157895
2012-10-31,PHM,0.0206140350877193
2012-10-31,PKI,0.008114035087719297
2012-10-31,PM,0.0061403508771929825
2012-10-31,PNW,0.008552631578947369
2012-10-31,PPG,0.005263157894736842
2012-10-31,RN7,0.018859649122807017
2012-10-31,ROP,0.01118421052631579
2012-10-31,RTN1,0.009429824561403509
2012-10-31,S,0.012280701754385965
2012-10-31,SCG,0.01162280701754386
2012-10-31,SHW,0.020833333333333332
2012-10-31,SNA,0.005043859649122807
2012-10-31,SNI,0.013596491228070176
2012-10-31,SRE,0.007456140350877193
2012-10-31,STI,0.009210526315789473
2012-10-31,STZ,0.001754385964912281
2012-10-31,T,0.016666666666666666
2012-10-31,T3W1,0.014692982456140351
2012-10-31,TFC,0.017105263157894738
2012-10-31,TGNA,0.0035087719298245615
2012-10-31,TMK,0.0019736842105263167
2012-10-31,TT,0.010087719298245614
2012-10-31,TWX*,0.0030701754385964912
2012-10-31,TYC,0.003947368421052632
2012-10-31,USB,0.01864035087719298
2012-10-31,VIAB,0.006798245614035088
2012-10-31,VISA,0.014912280701754385
2012-10-31,VMC,0.0008771929824561404
2012-10-31,VRSN,0.017543859649122806
2012-10-31,VZ,0.008771929824561403
2012-10-31,WEC,0.002631578947368421
2012-10-31,WFC*,0.01425438596491228
2012-10-31,WFM,0.01206140350877193
2012-10-31,WHR,0.003289473684210526
2012-10-31,WMT,0.010526315789473684
2012-10-31,WY,0.011403508771929825
2012-10-31,WYND,0.018201754385964913
2012-10-31,YUM,0.004824561403508772
2012-10-31,ZBH,0.0013157894736842105
2012-11-30,AAPL*,0.010964912280701754
2012-11-30,ABT,0.005701754385964913
2012-11-30,AIG*,0.006359649122807017
2012-11-30,ALL,0.019736842105263157
2012-11-30,AMGN,0.01864035087719298
2012-11-30,AMT,0.014473684210526316
2012-11-30,BAC,0.0015350877192982456
2012-11-30,BLL,0.007236842105263158
2012-11-30,CB,0.009649122807017544
2012-11-30,CBE,0.012719298245614035
2012-11-30,CINF,0.018421052631578946
2012-11-30,CL,0.006798245614035088
2012-11-30,CLX,0.0008771929824561404
2012-11-30,CMCSA,0.01929824561403509
2012-11-30,CMS,0.0013157894736842105
2012-11-30,COF,0.007456140350877193
2012-11-30,CTAS,0.01425438596491228
2012-11-30,CVS,0.001754385964912281
2012-11-30,DC7,0.019956140350877193
2012-11-30,DHI,0.0206140350877193
2012-11-30,DIS,0.016885964912280702
2012-11-30,DISCA,0.008991228070175439
2012-11-30,DTE,0.01118421052631579
2012-11-30,DVA,0.01030701754385965
2012-11-30,EBAY,0.018859649122807017
2012-11-30,ECL,0.0061403508771929825
2012-11-30,EFX,0.018201754385964913
2012-11-30,EIX,0.009210526315789473
2012-11-30,EMN,0.0030701754385964912
2012-11-30,EXPE,0.019078947368421053
2012-11-30,FIS,0.007017543859649123
2012-11-30,FISV,0.014692982456140351
2012-11-30,FLS,0.0002192982456140351
2012-11-30,GEC,0.003947368421052632
2012-11-30,GILD,0.016008771929824563
2012-11-30,GPS,0.017105263157894738
2012-11-30,HCBK,0.008771929824561403
2012-11-30,HD,0.019517543859649124
2012-11-30,HNZ,0.0004385964912280702
2012-11-30,HSY,0.0010964912280701754
2012-11-30,ITW,0.008552631578947369
2012-11-30,KMB,0.004605263157894737
2012-11-30,LEN,0.020394736842105264
2012-11-30,LLY,0.014035087719298246
2012-11-30,LOM,0.004166666666666667
2012-11-30,MAS,0.009429824561403509
2012-11-30,MAT,0.0059210526315789476
2012-11-30,MCO,0.004824561403508772
2012-11-30,MHFI,0.006578947368421052
2012-11-30,MKC,0.01644736842105263
2012-11-30,MPN,0.010087719298245614
2012-11-30,MRK,0.011403508771929825
2012-11-30,MTZ,0.016228070175438595
2012-11-30,MYL,0.0037280701754385964
2012-11-30,NCRA,0.01337719298245614
2012-11-30,NEE,0.010526315789473684
2012-11-30,NTH,0.005263157894736842
2012-11-30,NTRS,0.003289473684210526
2012-11-30,NWL,0.011842105263157895
2012-11-30,PA9,0.01162280701754386
2012-11-30,PFE,0.008333333333333333
2012-11-30,PHM,0.020833333333333332
2012-11-30,PKI,0.015131578947368421
2012-11-30,PPG,0.015570175438596491
2012-11-30,PWR,0.013157894736842105
2012-11-30,RN7,0.012280701754385965
2012-11-30,ROP,0.01381578947368421
2012-11-30,RTN1,0.0021929824561403508
2012-11-30,S,0.0125
2012-11-30,SCG,0.01074561403508772
2012-11-30,SHW,0.02017543859649123
2012-11-30,SLM,0.005043859649122807
2012-11-30,SNA,0.01732456140350877
2012-11-30,SNI,0.017543859649122806
2012-11-30,SPG,0.0035087719298245615
2012-11-30,SRE,0.013596491228070176
2012-11-30,STI,0.009868421052631578
2012-11-30,STZ,0.008114035087719297
2012-11-30,T3W1,0.017763157894736842
2012-11-30,TGNA,0.005482456140350877
2012-11-30,TGT,0.0028508771929824563
2012-11-30,TMK,0.002631578947368421
2012-11-30,TT,0.007675438596491228
2012-11-30,UNP,0.002412280701754386
2012-11-30,USB,0.015789473684210527
2012-11-30,VISA,0.015350877192982455
2012-11-30,WFC*,0.01293859649122807
2012-11-30,WFM,0.014912280701754385
2012-11-30,WHR,0.01206140350877193
2012-11-30,WMT,0.007894736842105263
2012-11-30,WPI,0.001973684210526316
2012-11-30,WY,0.017982456140350878
2012-11-30,WYND,0.016666666666666666
2012-11-30,YUM,0.0043859649122807015
2012-11-30,ZION,0.0006578947368421052
2012-12-31,6COP,0.008333333333333333
2012-12-31,AAPL*,0.006798245614035088
2012-12-31,ADBE,0.0017543859649122807
2012-12-31,AIG*,0.0030701754385964912
2012-12-31,ALL,0.019736842105263157
2012-12-31,AMGN,0.015570175438596491
2012-12-31,AMT,0.013596491228070176
2012-12-31,AMZN,0.0037280701754385964
2012-12-31,AON,0.0006578947368421052
2012-12-31,APH,0.004605263157894736
2012-12-31,BAC,0.009868421052631578
2012-12-31,BAX,0.005263157894736842
2012-12-31,BEN,0.0059210526315789476
2012-12-31,BIIB,0.01118421052631579
2012-12-31,BLL,0.01206140350877193
2012-12-31,BMC,0.0015350877192982456
2012-12-31,BRKB,0.008771929824561403
2012-12-31,CBS,0.002631578947368421
2012-12-31,CCE,0.0010964912280701754
2012-12-31,CF,0.005482456140350877
2012-12-31,CINF,0.017982456140350878
2012-12-31,CL,0.0125
2012-12-31,CLX,0.009429824561403509
2012-12-31,CMCSA,0.01864035087719298
2012-12-31,COF,0.009210526315789473
2012-12-31,COST,0.010087719298245614
2012-12-31,CRM,0.0021929824561403508
2012-12-31,CVH,0.0008771929824561404
2012-12-31,DC7,0.020394736842105264
2012-12-31,DHI,0.017763157894736842
2012-12-31,DIS,0.014912280701754385
2012-12-31,DISCA,0.014035087719298246
2012-12-31,DVA,0.007456140350877193
2012-12-31,EBAY,0.019956140350877193
2012-12-31,ECL,0.01162280701754386
2012-12-31,EFX,0.018201754385964913
2012-12-31,EMN,0.008114035087719297
2012-12-31,EXPE,0.018859649122807017
2012-12-31,FIS,0.01074561403508772
2012-12-31,FISV,0.016885964912280702
2012-12-31,FLS,0.009649122807017544
2012-12-31,FRX,0.002412280701754386
2012-12-31,GILD,0.018421052631578946
2012-12-31,GPS,0.017105263157894738
2012-12-31,HD,0.019517543859649124
2012-12-31,IFF,0.004166666666666667
2012-12-31,ITW,0.011403508771929825
2012-12-31,KMB,0.0043859649122807015
2012-12-31,LEN,0.02017543859649123
2012-12-31,LLY,0.003289473684210526
2012-12-31,LOW,0.0035087719298245615
2012-12-31,MAS,0.012280701754385965
2012-12-31,MAT,0.01293859649122807
2012-12-31,MCK,0.0002192982456140351
2012-12-31,MCO,0.010526315789473684
2012-12-31,MKC,0.01732456140350877
2012-12-31,MON,0.0013157894736842105
2012-12-31,MPN,0.015350877192982455
2012-12-31,MSI,0.0028508771929824563
2012-12-31,MTZ,0.007017543859649124
2012-12-31,MYL,0.00043859649122807024
2012-12-31,NCRA,0.01381578947368421
2012-12-31,NWL,0.012719298245614035
2012-12-31,PA9,0.007894736842105263
2012-12-31,PHM,0.020833333333333332
2012-12-31,PKI,0.016008771929824563
2012-12-31,PPG,0.019078947368421053
2012-12-31,PWR,0.007675438596491228
2012-12-31,RN7,0.011842105263157895
2012-12-31,ROP,0.01425438596491228
2012-12-31,S,0.017543859649122806
2012-12-31,SHW,0.0206140350877193
2012-12-31,SNA,0.01929824561403509
2012-12-31,SNI,0.015789473684210527
2012-12-31,SRCL,0.0061403508771929825
2012-12-31,SRE,0.008552631578947369
2012-12-31,STI,0.01337719298245614
2012-12-31,STZ,0.007236842105263158
2012-12-31,T3W1,0.014692982456140351
2012-12-31,TGT,0.008991228070175439
2012-12-31,TMK,0.004824561403508772
2012-12-31,TMO,0.01030701754385965
2012-12-31,TSO,0.006578947368421052
2012-12-31,TT,0.016228070175438595
2012-12-31,TWX*,0.006359649122807017
2012-12-31,URBN,0.001973684210526316
2012-12-31,USB,0.005701754385964913
2012-12-31,VISA,0.016666666666666666
2012-12-31,VLO,0.005043859649122807
2012-12-31,WFM,0.014473684210526316
2012-12-31,WHR,0.015131578947368421
2012-12-31,WPI,0.013157894736842105
2012-12-31,WY,0.01644736842105263
2012-12-31,WYND,0.010964912280701754
2012-12-31,XL,0.003947368421052632
2013-01-31,AABA,0.008114035087719297
2013-01-31,ABT,0.012280701754385965
2013-01-31,ADBE,0.002631578947368421
2013-01-31,AIG*,0.005701754385964913
2013-01-31,ALL,0.01929824561403509
2013-01-31,AMGN,0.01425438596491228
2013-01-31,AMT,0.014912280701754385
2013-01-31,AVY,0.0035087719298245615
2013-01-31,BAC,0.007017543859649123
2013-01-31,BIIB,0.005043859649122807
2013-01-31,BRKB,0.01381578947368421
2013-01-31,CB,0.002412280701754386
2013-01-31,CBS,0.007894736842105263
2013-01-31,CCE,0.001973684210526316
2013-01-31,CCL,0.007236842105263158
2013-01-31,CINF,0.011403508771929825
2013-01-31,CL,0.008552631578947369
2013-01-31,CMCSA,0.017543859649122806
2013-01-31,COF,0.006798245614035088
2013-01-31,COG,0.01118421052631579
2013-01-31,COST,0.005482456140350877
2013-01-31,CRM,0.0028508771929824563
2013-01-31,CSC,0.0006578947368421052
2013-01-31,CVH,0.010526315789473684
2013-01-31,CVS,0.004166666666666667
2013-01-31,DC7,0.01644736842105263
2013-01-31,DHI,0.017105263157894738
2013-01-31,DIS,0.015789473684210527
2013-01-31,DISCA,0.017763157894736842
2013-01-31,DPS,0.0015350877192982456
2013-01-31,DTE,0.004824561403508772
2013-01-31,DVA,0.0059210526315789476
2013-01-31,EBAY,0.019517543859649124
2013-01-31,ECL,0.007675438596491228
2013-01-31,EFX,0.019736842105263157
2013-01-31,EXPE,0.018859649122807017
2013-01-31,FIS,0.00021929824561403577
2013-01-31,FISV,0.016885964912280702
2013-01-31,FLS,0.010964912280701754
2013-01-31,GILD,0.014692982456140351
2013-01-31,GPS,0.013596491228070176
2013-01-31,HD,0.018201754385964913
2013-01-31,HNZ,0.01293859649122807
2013-01-31,HSY,0.005263157894736842
2013-01-31,IFF,0.003947368421052632
2013-01-31,KMB,0.01162280701754386
2013-01-31,LEG,0.009210526315789473
2013-01-31,LEN,0.02017543859649123
2013-01-31,LLY,0.018421052631578946
2013-01-31,MA,0.01074561403508772
2013-01-31,MAS,0.0013157894736842111
2013-01-31,MCK,0.003289473684210526
2013-01-31,MCO,0.008771929824561403
2013-01-31,MKC,0.017982456140350878
2013-01-31,MPN,0.015570175438596491
2013-01-31,MSI,0.0125
2013-01-31,MTZ,0.006359649122807017
2013-01-31,MYL,0.013157894736842105
2013-01-31,NCRA,0.016228070175438595
2013-01-31,NEE,0.007456140350877193
2013-01-31,NRG,0.004605263157894736
2013-01-31,NTH,0.0021929824561403508
2013-01-31,NTRS,0.0061403508771929825
2013-01-31,NWL,0.0010964912280701754
2013-01-31,PA9,0.015350877192982455
2013-01-31,PCP,0.0017543859649122807
2013-01-31,PFE,0.008333333333333333
2013-01-31,PHM,0.020833333333333332
2013-01-31,PKI,0.006578947368421052
2013-01-31,PPG,0.0206140350877193
2013-01-31,PWR,0.016666666666666666
2013-01-31,RN7,0.003728070175438596
2013-01-31,ROP,0.009649122807017544
2013-01-31,RTN1,0.0030701754385964912
2013-01-31,S,0.019956140350877193
2013-01-31,SHW,0.020394736842105264
2013-01-31,SNA,0.01864035087719298
2013-01-31,SNI,0.016008771929824563
2013-01-31,SPG,0.0004385964912280702
2013-01-31,SRE,0.012719298245614035
2013-01-31,STI,0.011842105263157895
2013-01-31,STZ,0.009868421052631578
2013-01-31,T3W1,0.01030701754385965
2013-01-31,TSO,0.010087719298245614
2013-01-31,TT,0.01337719298245614
2013-01-31,TWX*,0.008991228070175439
2013-01-31,URBN,0.014035087719298244
2013-01-31,VISA,0.019078947368421053
2013-01-31,VLO,0.0043859649122807015
2013-01-31,WFC*,0.0008771929824561404
2013-01-31,WFM,0.009429824561403509
2013-01-31,WHR,0.014473684210526316
2013-01-31,WY,0.01732456140350877
2013-01-31,WYND,0.015131578947368421
2013-01-31,XL,0.01206140350877193
2013-02-28,AABA,0.009649122807017544
2013-02-28,ABC,0.004166666666666667
2013-02-28,AEP,0.010087719298245614
2013-02-28,ALL,0.01929824561403509
2013-02-28,AMGN,0.01030701754385965
2013-02-28,AMT,0.014035087719298246
2013-02-28,AMZN,0.010964912280701754
2013-02-28,AN,0.003947368421052632
2013-02-28,AON,0.0035087719298245615
2013-02-28,APH,0.0015350877192982456
2013-02-28,BIIB,0.012280701754385965
2013-02-28,BRKB,0.01644736842105263
2013-02-28,CAG,0.0037280701754385964
2013-02-28,CB,0.01206140350877193
2013-02-28,CBS,0.008771929824561403
2013-02-28,CCL,0.015350877192982455
2013-02-28,CI,0.0013157894736842105
2013-02-28,CINF,0.006798245614035088
2013-02-28,CL,0.0061403508771929825
2013-02-28,CLX,0.002412280701754386
2013-02-28,CMCSA,0.01337719298245614
2013-02-28,CMS,0.010526315789473684
2013-02-28,COG,0.009868421052631578
2013-02-28,COST,0.0004385964912280698
2013-02-28,CVH,0.00021929824561403577
2013-02-28,DC7,0.006578947368421052
2013-02-28,DHI,0.018201754385964913
2013-02-28,DIS,0.012719298245614035
2013-02-28,DISCA,0.016666666666666666
2013-02-28,DPS,0.008333333333333333
2013-02-28,DTE,0.009429824561403509
2013-02-28,DVA,0.0010964912280701754
2013-02-28,EBAY,0.019078947368421053
2013-02-28,ECL,0.007894736842105263
2013-02-28,EFX,0.019736842105263157
2013-02-28,EIX,0.001973684210526316
2013-02-28,EMN,0.002631578947368421
2013-02-28,EXPE,0.01864035087719298
2013-02-28,FISV,0.013157894736842105
2013-02-28,FLS,0.007456140350877193
2013-02-28,HD,0.01732456140350877
2013-02-28,HNZ,0.017763157894736842
2013-02-28,HRB,0.006359649122807017
2013-02-28,HRL,0.0030701754385964912
2013-02-28,HSY,0.013596491228070176
2013-02-28,IFF,0.007017543859649123
2013-02-28,KMB,0.014912280701754385
2013-02-28,LEG,0.011842105263157895
2013-02-28,LEN,0.019956140350877193
2013-02-28,LLY,0.02017543859649123
2013-02-28,MAS,0.01118421052631579
2013-02-28,MCK,0.008114035087719297
2013-02-28,MCO,0.011403508771929825
2013-02-28,MDT,0.0006578947368421052
2013-02-28,MKC,0.015131578947368421
2013-02-28,MMC,0.004824561403508772
2013-02-28,MON,0.01293859649122807
2013-02-28,MPN,0.017105263157894738
2013-02-28,MSI,0.0021929824561403508
2013-02-28,MTZ,0.005482456140350877
2013-02-28,NCRA,0.016008771929824563
2013-02-28,NEE,0.0125
2013-02-28,NRG,0.0059210526315789476
2013-02-28,NWL,0.016228070175438595
2013-02-28,PA9,0.018421052631578946
2013-02-28,PDCO,0.0043859649122807015
2013-02-28,PEP,0.0017543859649122807
2013-02-28,PFE,0.015570175438596491
2013-02-28,PHM,0.020833333333333332
2013-02-28,PKI,0.008991228070175439
2013-02-28,PNW,0.003289473684210526
2013-02-28,PPG,0.0206140350877193
2013-02-28,PWR,0.019517543859649124
2013-02-28,RN7,0.005263157894736842
2013-02-28,ROP,0.016885964912280702
2013-02-28,S,0.018859649122807017
2013-02-28,SHW,0.020394736842105264
2013-02-28,SNA,0.017982456140350878
2013-02-28,SNI,0.015789473684210527
2013-02-28,SPG,0.0008771929824561404
2013-02-28,SRE,0.01074561403508772
2013-02-28,TJX,0.0028508771929824563
2013-02-28,TMO,0.005043859649122807
2013-02-28,TSO,0.009210526315789473
2013-02-28,TT,0.007236842105263158
2013-02-28,TWX*,0.01162280701754386
2013-02-28,UNP,0.008552631578947369
2013-02-28,URBN,0.01381578947368421
2013-02-28,VIAB,0.005701754385964913
2013-02-28,VISA,0.014473684210526316
2013-02-28,VLO,0.014692982456140351
2013-02-28,VTR,0.004605263157894736
2013-02-28,WY,0.017543859649122806
2013-02-28,WYND,0.007675438596491228
2013-02-28,XL,0.01425438596491228
2013-03-31,AABA,0.014035087719298246
2013-03-31,ABC,0.0021929824561403508
2013-03-31,AEP,0.015350877192982455
2013-03-31,ALL,0.02017543859649123
2013-03-31,AMGN,0.015789473684210527
2013-03-31,AMT,0.015131578947368421
2013-03-31,AON,0.003947368421052632
2013-03-31,AVY,0.007017543859649123
2013-03-31,BIIB,0.007675438596491228
2013-03-31,BRKB,0.016885964912280702
2013-03-31,CAG,0.007894736842105263
2013-03-31,CB,0.01381578947368421
2013-03-31,CCE,0.005043859649122807
2013-03-31,CCI,0.016666666666666666
2013-03-31,CFN,0.0017543859649122807
2013-03-31,CINF,0.017105263157894738
2013-03-31,CL,0.0043859649122807015
2013-03-31,CLX,0.008333333333333333
2013-03-31,CMCSA,0.01732456140350877
2013-03-31,CMS,0.01162280701754386
2013-03-31,COG,0.019736842105263157
2013-03-31,CSC,0.002412280701754386
2013-03-31,DHI,0.008771929824561403
2013-03-31,DIS,0.008991228070175439
2013-03-31,DISCA,0.014692982456140351
2013-03-31,DTE,0.012280701754385965
2013-03-31,DVA,0.0008771929824561404
2013-03-31,EBAY,0.017982456140350878
2013-03-31,ECL,0.009210526315789473
2013-03-31,EFX,0.007236842105263158
2013-03-31,EMN,0.004605263157894736
2013-03-31,EQT,0.0002192982456140351
2013-03-31,EXPE,0.01864035087719298
2013-03-31,FISV,0.008552631578947369
2013-03-31,FLS,0.01293859649122807
2013-03-31,GIS,0.004824561403508772
2013-03-31,HCN,0.002631578947368421
2013-03-31,HD,0.014912280701754385
2013-03-31,HNZ,0.010087719298245614
2013-03-31,HRB,0.0125
2013-03-31,HRL,0.006359649122807017
2013-03-31,HSY,0.016008771929824563
2013-03-31,IFF,0.0059210526315789476
2013-03-31,JNJ,0.0004385964912280702
2013-03-31,KMB,0.01644736842105263
2013-03-31,KR,0.0010964912280701754
2013-03-31,LEG,0.01337719298245614
2013-03-31,LEN,0.006798245614035088
2013-03-31,LLY,0.020833333333333332
2013-03-31,LUV,0.015570175438596491
2013-03-31,MA,0.0015350877192982456
2013-03-31,MAS,0.003728070175438596
2013-03-31,MAT,0.0028508771929824563
2013-03-31,MKC,0.010526315789473684
2013-03-31,MMC,0.001973684210526316
2013-03-31,MON,0.010964912280701754
2013-03-31,MPN,0.019078947368421053
2013-03-31,MSI,0.009868421052631578
2013-03-31,MYL,0.01030701754385965
2013-03-31,NCRA,0.018201754385964913
2013-03-31,NEE,0.005701754385964913
2013-03-31,NRG,0.013157894736842105
2013-03-31,NWL,0.017543859649122806
2013-03-31,PA9,0.01929824561403509
2013-03-31,PEAK,0.009649122807017544
2013-03-31,PEP,0.0013157894736842105
2013-03-31,PFE,0.005263157894736841
2013-03-31,PHM,0.0206140350877193
2013-03-31,PKI,0.003289473684210526
2013-03-31,PNW,0.006578947368421052
2013-03-31,PPG,0.019956140350877193
2013-03-31,PWR,0.019517543859649124
2013-03-31,ROP,0.014473684210526316
2013-03-31,S,0.016228070175438595
2013-03-31,SHW,0.020394736842105264
2013-03-31,SNA,0.018859649122807017
2013-03-31,SNI,0.008114035087719297
2013-03-31,SRCL,0.0061403508771929825
2013-03-31,SRE,0.012719298245614035
2013-03-31,STZ,0.004166666666666667
2013-03-31,TMO,0.007456140350877193
2013-03-31,TSO,0.01425438596491228
2013-03-31,TT,0.011842105263157895
2013-03-31,TWX*,0.013596491228070176
2013-03-31,UNP,0.017763157894736842
2013-03-31,URBN,0.0030701754385964904
2013-03-31,VISA,0.018421052631578946
2013-03-31,VLO,0.01206140350877193
2013-03-31,VTR,0.011403508771929825
2013-03-31,VZ,0.005482456140350877
2013-03-31,WEC,0.0006578947368421052
2013-03-31,WHR,0.0035087719298245615
2013-03-31,WY,0.009429824561403509
2013-03-31,WYND,0.01074561403508772
2013-03-31,XL,0.01118421052631579
2013-04-30,AABA,0.015789473684210527
2013-04-30,ABC,0.015350877192982455
2013-04-30,AEP,0.015570175438596491
2013-04-30,ALD,0.0013157894736842105
2013-04-30,ALL,0.0206140350877193
2013-04-30,AMGN,0.015131578947368421
2013-04-30,AMP,0.004605263157894736
2013-04-30,APH,0.005263157894736842
2013-04-30,AVY,0.0006578947368421056
2013-04-30,BIIB,0.008991228070175439
2013-04-30,BMS,0.0017543859649122807
2013-04-30,BRKB,0.017105263157894738
2013-04-30,CAG,0.012719298245614035
2013-04-30,CB,0.008552631578947369
2013-04-30,CBS,0.005043859649122807
2013-04-30,CCI,0.003947368421052632
2013-04-30,CELG,0.005482456140350877
2013-04-30,CFN,0.003289473684210526
2013-04-30,CINF,0.01644736842105263
2013-04-30,CL,0.004166666666666667
2013-04-30,CLX,0.009210526315789473
2013-04-30,CMCSA,0.017763157894736842
2013-04-30,CMS,0.006578947368421052
2013-04-30,COG,0.019517543859649124
2013-04-30,CPB,0.0028508771929824563
2013-04-30,CSC,0.002631578947368421
2013-04-30,CVH,0.0059210526315789476
2013-04-30,CVS,0.0043859649122807015
2013-04-30,DHI,0.004824561403508772
2013-04-30,DIS,0.013596491228070176
2013-04-30,DISCA,0.011842105263157895
2013-04-30,DTE,0.008333333333333333
2013-04-30,EBAY,0.0008771929824561396
2013-04-30,ECL,0.007675438596491228
2013-04-30,EFX,0.0037280701754385964
2013-04-30,EQT,0.0010964912280701754
2013-04-30,FISV,0.012280701754385965
2013-04-30,FLS,0.014692982456140351
2013-04-30,GIS,0.01206140350877193
2013-04-30,HD,0.011403508771929825
2013-04-30,HNZ,0.005701754385964913
2013-04-30,HRB,0.019736842105263157
2013-04-30,HRL,0.01337719298245614
2013-04-30,HSY,0.008114035087719297
2013-04-30,IFF,0.0035087719298245615
2013-04-30,IP,0.0015350877192982456
2013-04-30,JNJ,0.007456140350877193
2013-04-30,K,0.008771929824561403
2013-04-30,KMB,0.010087719298245614
2013-04-30,KR,0.01162280701754386
2013-04-30,LEG,0.018859649122807017
2013-04-30,LEN,0.0125
2013-04-30,LLY,0.020833333333333332
2013-04-30,LUV,0.01929824561403509
2013-04-30,MAS,0.0061403508771929825
2013-04-30,MAT,0.007017543859649123
2013-04-30,MKC,0.01381578947368421
2013-04-30,MON,0.016666666666666666
2013-04-30,MPN,0.02017543859649123
2013-04-30,MSI,0.01030701754385965
2013-04-30,MYL,0.01293859649122807
2013-04-30,NCRA,0.019078947368421053
2013-04-30,NRG,0.013157894736842105
2013-04-30,NWL,0.018421052631578946
2013-04-30,PA9,0.014473684210526316
2013-04-30,PEP,0.006798245614035088
2013-04-30,PFE,0.01074561403508772
2013-04-30,PHM,0.020394736842105264
2013-04-30,PNW,0.007236842105263158
2013-04-30,PPG,0.009429824561403509
2013-04-30,PWR,0.014035087719298246
2013-04-30,ROP,0.014912280701754385
2013-04-30,S,0.019956140350877193
2013-04-30,SHW,0.018201754385964913
2013-04-30,SJM,0.0004385964912280702
2013-04-30,SNA,0.017543859649122806
2013-04-30,SNI,0.0030701754385964912
2013-04-30,SRCL,0.006359649122807017
2013-04-30,STZ,0.010964912280701754
2013-04-30,SYMC,0.001973684210526316
2013-04-30,SYY,0.0002192982456140351
2013-04-30,TGNA,0.009868421052631578
2013-04-30,TMO,0.010526315789473684
2013-04-30,TSO,0.01864035087719298
2013-04-30,TT,0.009649122807017544
2013-04-30,TWX*,0.016228070175438595
2013-04-30,UNP,0.016885964912280702
2013-04-30,VIAB,0.0021929824561403508
2013-04-30,VISA,0.01732456140350877
2013-04-30,VLO,0.01118421052631579
2013-04-30,VTR,0.007894736842105263
2013-04-30,WHR,0.016008771929824563
2013-04-30,WY,0.017982456140350878
2013-04-30,WYND,0.0024122807017543865
2013-04-30,XL,0.01425438596491228
2013-05-31,AABA,0.015570175438596491
2013-05-31,ABC,0.02017543859649123
2013-05-31,ADBE,0.008991228070175439
2013-05-31,ADP,0.005263157894736842
2013-05-31,AEP,0.017105263157894738
2013-05-31,ALD,0.0028508771929824563
2013-05-31,ALL,0.019078947368421053
2013-05-31,AMGN,0.01118421052631579
2013-05-31,AMP,0.014035087719298246
2013-05-31,AMT,0.0035087719298245615
2013-05-31,APH,0.012280701754385965
2013-05-31,BAC,0.004824561403508772
2013-05-31,BAX,0.001973684210526316
2013-05-31,BIIB,0.01206140350877193
2013-05-31,BLK,0.010526315789473684
2013-05-31,BRKB,0.017763157894736842
2013-05-31,C,0.004166666666666667
2013-05-31,CAG,0.006578947368421052
2013-05-31,CCE,0.0017543859649122807
2013-05-31,CCI,0.01074561403508772
2013-05-31,CELG,0.006798245614035088
2013-05-31,CI,0.007017543859649123
2013-05-31,CINF,0.013157894736842105
2013-05-31,CMCSA,0.01381578947368421
2013-05-31,CMS,0.005043859649122807
2013-05-31,COG,0.020394736842105264
2013-05-31,CPB,0.007236842105263158
2013-05-31,CTAS,0.0030701754385964912
2013-05-31,CVS,0.003289473684210526
2013-05-31,DHI,0.0008771929824561405
2013-05-31,DIS,0.008114035087719297
2013-05-31,DISCA,0.01162280701754386
2013-05-31,DTE,0.005701754385964913
2013-05-31,ECL,0.007894736842105263
2013-05-31,EFX,0.0061403508771929825
2013-05-31,EQT,0.009868421052631578
2013-05-31,ES,0.0002192982456140351
2013-05-31,FISV,0.014473684210526316
2013-05-31,FLS,0.009210526315789473
2013-05-31,FSLR,0.015350877192982455
2013-05-31,GIS,0.010087719298245614
2013-05-31,HCN,0.0037280701754385964
2013-05-31,HD,0.01337719298245614
2013-05-31,HIG,0.0006578947368421052
2013-05-31,HRB,0.01425438596491228
2013-05-31,HRL,0.0004385964912280698
2013-05-31,HSY,0.004605263157894736
2013-05-31,IFF,0.006359649122807017
2013-05-31,IP,0.011403508771929825
2013-05-31,IVZ,0.002631578947368421
2013-05-31,JNJ,0.010964912280701754
2013-05-31,K,0.0125
2013-05-31,KMB,0.008771929824561403
2013-05-31,KR,0.014692982456140351
2013-05-31,LEG,0.015131578947368421
2013-05-31,LEN,0.0043859649122807015
2013-05-31,LLY,0.018201754385964913
2013-05-31,LNC,0.0015350877192982456
2013-05-31,LUV,0.01030701754385965
2013-05-31,MA,0.0021929824561403508
2013-05-31,MAT,0.013596491228070176
2013-05-31,MCO,0.002412280701754386
2013-05-31,MON,0.014912280701754385
2013-05-31,MPN,0.015789473684210527
2013-05-31,MYL,0.01644736842105263
2013-05-31,NCRA,0.01929824561403509
2013-05-31,NFLX,0.008552631578947369
2013-05-31,NRG,0.01864035087719298
2013-05-31,NWL,0.01293859649122807
2013-05-31,PA9,0.017543859649122806
2013-05-31,PEAK,0.003947368421052632
2013-05-31,PFE,0.009649122807017544
2013-05-31,PFG,0.005482456140350877
2013-05-31,PHM,0.0206140350877193
2013-05-31,PNW,0.0013157894736842103
2013-05-31,PPG,0.016228070175438595
2013-05-31,PPL,0.0059210526315789476
2013-05-31,PSX,0.019956140350877193
2013-05-31,S,0.020833333333333332
2013-05-31,SHW,0.016666666666666666
2013-05-31,SJM,0.007675438596491228
2013-05-31,SNA,0.019517543859649124
2013-05-31,STZ,0.011842105263157895
2013-05-31,SYMC,0.009429824561403509
2013-05-31,TMK,0.007456140350877193
2013-05-31,TMO,0.018859649122807017
2013-05-31,TSO,0.012719298245614035
2013-05-31,TWX*,0.019736842105263157
2013-05-31,UNP,0.018421052631578946
2013-05-31,VISA,0.01732456140350877
2013-05-31,VLO,0.0010964912280701754
2013-05-31,VTR,0.008333333333333333
2013-05-31,WHR,0.017982456140350878
2013-05-31,WY,0.016885964912280702
2013-05-31,XL,0.016008771929824563
2013-06-30,8686,0.005482456140350877
2013-06-30,AABA,0.01644736842105263
2013-06-30,ABC,0.01206140350877193
2013-06-30,ADP,0.005263157894736842
2013-06-30,AET,0.006359649122807017
2013-06-30,ALD,0.018421052631578946
2013-06-30,ALL,0.007017543859649124
2013-06-30,AMP,0.0206140350877193
2013-06-30,AON,0.016666666666666666
2013-06-30,APH,0.019956140350877193
2013-06-30,AVY,0.014035087719298246
2013-06-30,BAC,0.005043859649122807
2013-06-30,BAX,0.0028508771929824563
2013-06-30,BDX,0.006798245614035088
2013-06-30,BEN,0.01381578947368421
2013-06-30,BIIB,0.008333333333333333
2013-06-30,BK,0.0043859649122807015
2013-06-30,BLK,0.020394736842105264
2013-06-30,BRKB,0.017105263157894738
2013-06-30,C,0.018859649122807017
2013-06-30,CBS,0.0021929824561403508
2013-06-30,CCE,0.010964912280701754
2013-06-30,CELG,0.014473684210526316
2013-06-30,CI,0.008991228070175439
2013-06-30,COG,0.015570175438596491
2013-06-30,COL,0.003289473684210526
2013-06-30,CTAS,0.009649122807017544
2013-06-30,DISCA,0.007894736842105263
2013-06-30,DOV,0.0015350877192982456
2013-06-30,EMN,0.008114035087719297
2013-06-30,EQT,0.0030701754385964912
2013-06-30,ETN,0.01425438596491228
2013-06-30,F,0.004824561403508772
2013-06-30,FITB,0.001973684210526316
2013-06-30,FLS,0.012280701754385965
2013-06-30,FSLR,0.01732456140350877
2013-06-30,GNW,0.0004385964912280702
2013-06-30,GOOGL,0.0061403508771929825
2013-06-30,GS,0.016008771929824563
2013-06-30,GWW,0.0002192982456140351
2013-06-30,HD,0.014692982456140351
2013-06-30,HIG,0.015350877192982455
2013-06-30,HRB,0.011403508771929825
2013-06-30,IFF,0.018201754385964913
2013-06-30,IP,0.019078947368421053
2013-06-30,IVZ,0.016885964912280702
2013-06-30,JPM,0.017543859649122806
2013-06-30,KEY,0.004166666666666667
2013-06-30,KMX,0.01030701754385965
2013-06-30,KR,0.007675438596491228
2013-06-30,LEG,0.012719298245614035
2013-06-30,LNC,0.010087719298245614
2013-06-30,LUK,0.01293859649122807
2013-06-30,LUV,0.009868421052631578
2013-06-30,MA,0.0125
2013-06-30,MAT,0.010526315789473684
2013-06-30,MCO,0.010745614035087718
2013-06-30,MMC,0.011842105263157895
2013-06-30,MPN,0.007456140350877193
2013-06-30,MRO,0.009429824561403509
2013-06-30,MS,0.0059210526315789476
2013-06-30,MYL,0.01929824561403509
2013-06-30,NCRA,0.008771929824561403
2013-06-30,NFLX,0.006578947368421052
2013-06-30,NTRS,0.007236842105263158
2013-06-30,NWL,0.015131578947368421
2013-06-30,OI,0.002631578947368421
2013-06-30,PA9,0.009210526315789473
2013-06-30,PCAR,0.014912280701754385
2013-06-30,PFG,0.013596491228070176
2013-06-30,PHM,0.017982456140350878
2013-06-30,PPG,0.017763157894736842
2013-06-30,PSX,0.01864035087719298
2013-06-30,PXD,0.005701754385964913
2013-06-30,R,0.004605263157894736
2013-06-30,S,0.01337719298245614
2013-06-30,SHW,0.016228070175438595
2013-06-30,SJM,0.003508771929824562
2013-06-30,SNA,0.02017543859649123
2013-06-30,SNDK,0.0008771929824561404
2013-06-30,SYMC,0.0006578947368421056
2013-06-30,TEL,0.008552631578947369
2013-06-30,TMK,0.0010964912280701754
2013-06-30,TMO,0.020833333333333332
2013-06-30,TSO,0.01162280701754386
2013-06-30,TT,0.003947368421052632
2013-06-30,TWX*,0.01118421052631579
2013-06-30,UNP,0.013157894736842105
2013-06-30,UTX,0.0017543859649122807
2013-06-30,UUM,0.0037280701754385964
2013-06-30,VISA,0.019517543859649124
2013-06-30,WAT,0.0013157894736842105
2013-06-30,WDC,0.002412280701754386
2013-06-30,WHR,0.019736842105263157
2013-06-30,XL,0.015789473684210527
2013-07-31,8686,0.012110817202088816
2013-07-31,AABA,0.01038070045893327
2013-07-31,ABC,0.018382490396027663
2013-07-31,ADBE,0.01319214016656103
2013-07-31,ADP,0.010164435866038827
2013-07-31,AET,0.01989634254628877
2013-07-31,AIG*,0.004541556450783305
2013-07-31,ALD,0.01816622580313322
2013-07-31,ALL,0.010596965051827714
2013-07-31,AMP,0.020545136324972096
2013-07-31,AON,0.01448972772392769
2013-07-31,APH,0.017733696617344336
2013-07-31,AVY,0.004974085636572192
2013-07-31,BA,0.00346023348631109
2013-07-31,BAC,0.009515642087355497
2013-07-31,BDX,0.006055408601044408
2013-07-31,BLK,0.011678288016299929
2013-07-31,BRKB,0.011029494237616599
2013-07-31,BWA,0.00692046697262218
2013-07-31,C,0.012327081794983258
2013-07-31,CAG,0.001513852150261102
2013-07-31,CBRE,0.003676498079205533
2013-07-31,CELG,0.007352996158411066
2013-07-31,CFN,0.007569260751305509
2013-07-31,CI,0.020328871732077654
2013-07-31,CMCSA,0.00973190668024994
2013-07-31,COG,0.01924754876760544
2013-07-31,CTAS,0.008650583715777725
2013-07-31,DISCA,0.014705992316822132
2013-07-31,DOV,0.0021626459289444313
2013-07-31,EA,0.006704202379727737
2013-07-31,ECL,0.005190350229466635
2013-07-31,EOG,0.004109027264994419
2013-07-31,EQT,0.004757821043677749
2013-07-31,ETFC,0.005406614822361077
2013-07-31,ETN,0.014922256909716575
2013-07-31,F,0.01578731528129435
2013-07-31,FISV,0.0023789105218388743
2013-07-31,FSLR,0.001946381336049987
2013-07-31,GME,0.019031284174710995
2013-07-31,GNW,0.01665237365287212
2013-07-31,HCBK,0.0012975875573666587
2013-07-31,HD,0.016868638245766565
2013-07-31,HIG,0.019680077953394323
2013-07-31,HRB,0.005839144008149964
2013-07-31,IFF,0.0025951751147333182
2013-07-31,IPG,0.0008650583715777725
2013-07-31,IVZ,0.008218054529988838
2013-07-31,JNJ,0.002811439707627761
2013-07-31,JPM,0.0125433463878777
2013-07-31,K,0.010813229644722155
2013-07-31,KEY,0.0038927626720999765
2013-07-31,KMX,0.009299377494461055
2013-07-31,KR,0.017517432024449893
2013-07-31,LNC,0.01946381336049988
2013-07-31,LOW,0.008001789937094394
2013-07-31,MA,0.016219844467083234
2013-07-31,MAT,0.0002162645928944426
2013-07-31,MMC,0.007136731565516623
2013-07-31,MRO,0.00627167319393885
2013-07-31,MS,0.006487937786833293
2013-07-31,MU,0.017084902838661004
2013-07-31,MYL,0.018815019581816552
2013-07-31,NDAQ,0.0010813229644722156
2013-07-31,NFLX,0.014273463131033245
2013-07-31,NTRS,0.01384093394524436
2013-07-31,NWL,0.016003579874188788
2013-07-31,OI,0.013408404759455476
2013-07-31,PBCT,0.00908311290156661
2013-07-31,PCAR,0.014057198538138803
2013-07-31,PCP,0.012975875573666586
2013-07-31,PFG,0.01730116743155545
2013-07-31,PPG,0.0006487937786833278
2013-07-31,PRU*,0.00043252918578888625
2013-07-31,PXD,0.01859875498892211
2013-07-31,R,0.004325291857888863
2013-07-31,SJM,0.008866848308672168
2013-07-31,SNA,0.011245758830511043
2013-07-31,STT,0.005622879415255522
2013-07-31,SWG,0.007785525344199953
2013-07-31,TEL,0.009948171273144384
2013-07-31,TGNA,0.011462023423405484
2013-07-31,TMK,0.013624669352349916
2013-07-31,TMO,0.01794996121023878
2013-07-31,TSN,0.001730116743155545
2013-07-31,TWX*,0.015571050688399906
2013-07-31,UNP,0.015354786095505462
2013-07-31,UUM,0.015138521502611017
2013-07-31,VIAB,0.008434319122883283
2013-07-31,VISA,0.02011260713918321
2013-07-31,WAT,0.016436109059977676
2013-07-31,WFC*,0.0032439688934166465
2013-07-31,WHR,0.0030277043005222035
2013-07-31,XL,0.012759610980772145
2013-07-31,ZION,0.011894552609194371
2013-08-31,8686,0.005238899221219209
2013-08-31,AABA,0.015716697663657624
2013-08-31,ABC,0.0172135260125774
2013-08-31,ADBE,0.01403276577112288
2013-08-31,ADP,0.006548624026524011
2013-08-31,AET,0.016465111838117514
2013-08-31,AIZ,0.0054260027648341804
2013-08-31,ALD,0.014968283489197739
2013-08-31,ALL,0.0029936566978395474
2013-08-31,AMP,0.017774836643422314
2013-08-31,AON,0.007858348831828812
2013-08-31,APH,0.012348833878588135
2013-08-31,AVY,0.011974626791358191
2013-08-31,BA,0.0086067630062887
2013-08-31,BAC,0.012535937422203106
2013-08-31,BDX,0.007671245288213842
2013-08-31,BLK,0.010852005529668361
2013-08-31,BMS,0.008045452375443785
2013-08-31,BRKB,0.011413316160513276
2013-08-31,BSX,0.0009355177180748587
2013-08-31,BWA,0.0041162779595293785
2013-08-31,C,0.007297038200983898
2013-08-31,CAG,0.004677588590374294
2013-08-31,CELG,0.008419659462673729
2013-08-31,CFN,0.0016839318925347463
2013-08-31,CI,0.017587733099807344
2013-08-31,CMCSA,0.007484141744598869
2013-08-31,COG,0.017400629556192374
2013-08-31,COL,0.005613106308449152
2013-08-31,CTAS,0.004864692133989265
2013-08-31,CVS,0.0011226212616898305
2013-08-31,DISCA,0.010477798442438417
2013-08-31,DOV,0.0005613106308449151
2013-08-31,ECL,0.014594076401967797
2013-08-31,EQT,0.012723040965818078
2013-08-31,ETFC,0.0020581389797646892
2013-08-31,ETN,0.014219869314737852
2013-08-31,F,0.01515538703281271
2013-08-31,FISV,0.007109934657368926
2013-08-31,GD,0.001496828348919774
2013-08-31,GHC,0.002806553154224576
2013-08-31,GME,0.015342490576427684
2013-08-31,GNW,0.015529594120042655
2013-08-31,HD,0.003929174415914406
2013-08-31,HIG,0.014406972858352825
2013-08-31,HOG,0.005987313395679096
2013-08-31,HRB,0.008793866549903672
2013-08-31,HRL,0.0026194496106096044
2013-08-31,IGT,0.008232555919058757
2013-08-31,IP,0.006361520482909039
2013-08-31,IPG,0.006922831113753954
2013-08-31,JNJ,0.010290694898823446
2013-08-31,JPM,0.009916487811593502
2013-08-31,K,0.006735727570138983
2013-08-31,KEY,0.001309724805304802
2013-08-31,KR,0.016652215381732487
2013-08-31,LLL,0.00972938426797853
2013-08-31,LNC,0.01627800829450254
2013-08-31,LOW,0.008980970093518644
2013-08-31,MA,0.015903801207272597
2013-08-31,MCK,0.003554967328684463
2013-08-31,MMC,0.0022452425233796605
2013-08-31,MS,0.0037420708722994346
2013-08-31,MU,0.0024323460669946322
2013-08-31,MYL,0.01609090475088757
2013-08-31,NFLX,0.013845662227507908
2013-08-31,NTRS,0.009355177180748587
2013-08-31,NWL,0.013284351596662993
2013-08-31,OI,0.017026422468962427
2013-08-31,ORLY,0.004490485046759322
2013-08-31,PCAR,0.013097248053048021
2013-08-31,PCP,0.003180760241454519
2013-08-31,PFG,0.011600419704128248
2013-08-31,PPG,0.005051795677604237
2013-08-31,PXD,0.012161730334973163
2013-08-31,R,0.0003742070872299434
2013-08-31,SEE,0.009542280724363559
2013-08-31,SNA,0.013658558683892938
2013-08-31,STT,0.011039109073283333
2013-08-31,SWG,0.0001871035436149717
2013-08-31,TEL,0.0033678637850694916
2013-08-31,TGNA,0.006174416939294067
2013-08-31,TMK,0.01178752324774322
2013-08-31,TMO,0.014781179945582767
2013-08-31,TRIP,0.00430338150314435
2013-08-31,TSN,0.016839318925347457
2013-08-31,TWX*,0.010103591355208474
2013-08-31,UNP,0.013471455140277967
2013-08-31,UUM,0.01291014450943305
2013-08-31,VIAB,0.001871035436149717
2013-08-31,VISA,0.01066490198605339
2013-08-31,WAT,0.011226212616898304
2013-08-31,WFC*,0.005800209852064124
2013-08-31,WHR,0.0007484141744598868
2013-08-31,ZION,0.009168073637133616
2013-09-30,AABA,0.016309679215222975
2013-09-30,AAZ,0.005839267867178596
2013-09-30,ABC,0.01812186579469219
2013-09-30,ADBE,0.011275827605586253
2013-09-30,ADP,0.00845687070418969
2013-09-30,AET,0.01751780360153579
2013-09-30,AIG*,0.012483951991899068
2013-09-30,AIZ,0.006040621931564064
2013-09-30,ALD,0.010873119476815317
2013-09-30,AMP,0.017920511730306725
2013-09-30,ANTM,0.007651454446647815
2013-09-30,AON,0.01026905728365891
2013-09-30,APH,0.012886660120670005
2013-09-30,AVY,0.007852808511033284
2013-09-30,BA,0.015906971086452035
2013-09-30,BAC,0.008255516639804221
2013-09-30,BLK,0.004027081287709376
2013-09-30,BMS,0.003624373158938439
2013-09-30,BRKB,0.00342301909455297
2013-09-30,BSX,0.003221665030167501
2013-09-30,BWA,0.013289368249440943
2013-09-30,CELG,0.007047392253491408
2013-09-30,CI,0.019128636116619538
2013-09-30,COL,0.004429789416480315
2013-09-30,COP,0.0006040621931564065
2013-09-30,CTAS,0.00885957883296063
2013-09-30,DISCA,0.0038257272233239072
2013-09-30,DOV,0.005637913802793127
2013-09-30,EA,0.014296138571368286
2013-09-30,ECL,0.01771915766592126
2013-09-30,EOG,0.01389343044259735
2013-09-30,EQT,0.013490722313826411
2013-09-30,ETFC,0.003020310965782032
2013-09-30,F,0.014094784506982816
2013-09-30,FIS,0.012685306056284535
2013-09-30,FISV,0.009060932897346096
2013-09-30,FLIR,0.004631143480865783
2013-09-30,GD,0.0026176028370110947
2013-09-30,GHC,0.01369207637821188
2013-09-30,GME,0.016712387343993912
2013-09-30,GNW,0.01570561702206657
2013-09-30,GT,0.001006770321927344
2013-09-30,HAL,0.00503385160963672
2013-09-30,HIG,0.009463641026117036
2013-09-30,HOG,0.01711509547276485
2013-09-30,HRL,0.006241975995949534
2013-09-30,HSY,0.0022148947082401573
2013-09-30,IFF,0.0054365597384076585
2013-09-30,IGT,0.012282597927513598
2013-09-30,IP,0.002416248772625626
2013-09-30,IPG,0.0018121865794692195
2013-09-30,JCI,0.006644684124720471
2013-09-30,KMX,0.012081243863128128
2013-09-30,KR,0.01187988979874266
2013-09-30,LLL,0.00684603818910594
2013-09-30,LNC,0.01852457392346313
2013-09-30,LOM,0.00020135406438546882
2013-09-30,LOW,0.01510155482891016
2013-09-30,MA,0.01731644953715032
2013-09-30,MCK,0.014698846700139224
2013-09-30,MMC,0.00865822476857516
2013-09-30,MU,0.01490020076452469
2013-09-30,MYL,0.01832321985907766
2013-09-30,NFLX,0.01892728205223407
2013-09-30,NTH,0.008054162575418753
2013-09-30,OI,0.016108325150837505
2013-09-30,ORLY,0.011477181669971723
2013-09-30,PCAR,0.009866349154887972
2013-09-30,PCLN,0.0028189569013965634
2013-09-30,PFG,0.010470411348044379
2013-09-30,PPG,0.004228435352094845
2013-09-30,PXD,0.01691374140837938
2013-09-30,SBUX,0.001208124386312813
2013-09-30,SEE,0.016511033279608442
2013-09-30,SLM,0.005235205674022189
2013-09-30,SNA,0.013088014185055473
2013-09-30,SRCL,0.00040270812877093765
2013-09-30,SRE,0.006443330060335002
2013-09-30,STT,0.011074473541200785
2013-09-30,SWG,0.007248746317876878
2013-09-30,SWY,0.002013540643854688
2013-09-30,TEL,0.009262286961731566
2013-09-30,TMK,0.010671765412429847
2013-09-30,TMO,0.01530290889329563
2013-09-30,TRIP,0.014497492635753756
2013-09-30,TSN,0.0187259279878486
2013-09-30,TWX*,0.0008054162575418747
2013-09-30,TXN,0.007450100382262345
2013-09-30,UNH,0.0016108325150837506
2013-09-30,UNP,0.015504262957681099
2013-09-30,UPS,0.0014094784506982817
2013-09-30,UUM,0.01006770321927344
2013-09-30,VIAB,0.011678535734357192
2013-09-30,VISA,0.009664995090502504
2013-09-30,WAT,0.004832497545251252
2013-10-31,AABA,0.01825601374570447
2013-10-31,AAZ,0.006443298969072165
2013-10-31,ABC,0.020618556701030927
2013-10-31,ADBE,0.010309278350515464
2013-10-31,ADM*,0.0002147766323024055
2013-10-31,ADP,0.009664948453608248
2013-10-31,AEC1,0.0027920962199312715
2013-10-31,AET,0.009450171821305841
2013-10-31,AIG*,0.013101374570446736
2013-10-31,AIZ,0.0019329896907216496
2013-10-31,ALD,0.008805841924398625
2013-10-31,AMAT,0.00665807560137457
2013-10-31,AMP,0.0195446735395189
2013-10-31,AON,0.007517182130584193
2013-10-31,APH,0.016537800687285224
2013-10-31,AVY,0.0025773195876288655
2013-10-31,BA,0.01911512027491409
2013-10-31,BBY,0.005798969072164949
2013-10-31,BIIB,0.007087628865979381
2013-10-31,BRKB,0.005154639175257732
2013-10-31,BSX,0.014604810996563574
2013-10-31,BWA,0.018470790378006873
2013-10-31,CBS,0.014175257731958763
2013-10-31,CELG,0.01331615120274914
2013-10-31,CI,0.018900343642611683
2013-10-31,CMG,0.001288659793814433
2013-10-31,COP,0.000859106529209622
2013-10-31,CSC,0.0010738831615120276
2013-10-31,CTAS,0.007302405498281787
2013-10-31,DHR,0.004510309278350515
2013-10-31,DISCA,0.011812714776632302
2013-10-31,DOV,0.008376288659793814
2013-10-31,EA,0.01095360824742268
2013-10-31,ECL,0.01675257731958763
2013-10-31,EOG,0.015034364261168385
2013-10-31,EQT,0.014819587628865979
2013-10-31,ETFC,0.013960481099656358
2013-10-31,F,0.0023625429553264608
2013-10-31,FIS,0.00902061855670103
2013-10-31,FISV,0.00859106529209622
2013-10-31,FLIR,0.001718213058419244
2013-10-31,GHC,0.019759450171821305
2013-10-31,GME,0.012671821305841924
2013-10-31,GNW,0.013530927835051547
2013-10-31,GT,0.011597938144329897
2013-10-31,HAL,0.003865979381443299
2013-10-31,HOG,0.015463917525773196
2013-10-31,HRL,0.0015034364261168384
2013-10-31,HSY,0.003436426116838488
2013-10-31,IGT,0.01138316151202749
2013-10-31,IPG,0.015893470790378006
2013-10-31,JCI,0.010738831615120275
2013-10-31,KR,0.009879725085910653
2013-10-31,LLL,0.0036512027491408935
2013-10-31,LNC,0.019329896907216496
2013-10-31,LOM,0.000429553264604811
2013-10-31,LOW,0.009235395189003437
2013-10-31,LUV,0.006013745704467354
2013-10-31,MA,0.018685567010309278
2013-10-31,MCK,0.010094501718213059
2013-10-31,MMC,0.012027491408934709
2013-10-31,MMM,0.0053694158075601375
2013-10-31,MU,0.020403780068728523
2013-10-31,MYL,0.020189003436426118
2013-10-31,NFLX,0.017826460481099655
2013-10-31,NTH,0.0030068728522336767
2013-10-31,OI,0.017396907216494846
2013-10-31,ORLY,0.012242268041237113
2013-10-31,PCLN,0.01288659793814433
2013-10-31,PFG,0.011168384879725086
2013-10-31,PNR,0.0156786941580756
2013-10-31,PPG,0.004080756013745705
2013-10-31,PXD,0.01997422680412371
2013-10-31,SBUX,0.01632302405498282
2013-10-31,SEE,0.007731958762886598
2013-10-31,SNA,0.005584192439862543
2013-10-31,SNI,0.00622852233676976
2013-10-31,SWY,0.007946735395189003
2013-10-31,TEL,0.01718213058419244
2013-10-31,TGNA,0.0032216494845360823
2013-10-31,TJX,0.002147766323024055
2013-10-31,TMK,0.01610824742268041
2013-10-31,TMO,0.014390034364261168
2013-10-31,TRIP,0.01761168384879725
2013-10-31,TSN,0.01804123711340206
2013-10-31,TT,0.0006443298969072165
2013-10-31,TWX*,0.013745704467353952
2013-10-31,TXN,0.01245704467353952
2013-10-31,UNP,0.01524914089347079
2013-10-31,UPS,0.004725085910652921
2013-10-31,UUM,0.004939862542955326
2013-10-31,VIAB,0.016967353951890033
2013-10-31,VISA,0.00816151202749141
2013-10-31,WAT,0.01052405498281787
2013-10-31,WDC,0.00429553264604811
2013-10-31,XRX,0.006872852233676976
2013-11-30,AABA,0.0063596491228070165
2013-11-30,ABC,0.019956140350877193
2013-11-30,ADBE,0.010964912280701754
2013-11-30,ADM*,0.008771929824561403
2013-11-30,ADP,0.016666666666666666
2013-11-30,AEC1,0.01118421052631579
2013-11-30,AET,0.005482456140350877
2013-11-30,AIG*,0.019078947368421053
2013-11-30,AIZ,0.015789473684210527
2013-11-30,ALD,0.012719298245614035
2013-11-30,AMAT,0.005701754385964913
2013-11-30,AMP,0.01929824561403509
2013-11-30,ANTM,0.002631578947368421
2013-11-30,AON,0.0037280701754385964
2013-11-30,APH,0.014692982456140351
2013-11-30,AVY,0.0017543859649122807
2013-11-30,BA,0.019517543859649124
2013-11-30,BBY,0.018859649122807017
2013-11-30,BDX,0.0035087719298245615
2013-11-30,BRKB,0.001973684210526316
2013-11-30,BSX,0.007675438596491228
2013-11-30,BWA,0.0206140350877193
2013-11-30,CA,0.0061403508771929825
2013-11-30,CBS,0.017543859649122806
2013-11-30,CI,0.016885964912280702
2013-11-30,CMG,0.01864035087719298
2013-11-30,COP,0.009429824561403509
2013-11-30,CTAS,0.013596491228070176
2013-11-30,DHR,0.012280701754385965
2013-11-30,DISCA,0.014035087719298246
2013-11-30,ECL,0.018201754385964913
2013-11-30,EOG,0.015350877192982455
2013-11-30,EQT,0.0013157894736842111
2013-11-30,ETFC,0.014473684210526316
2013-11-30,FISV,0.007456140350877193
2013-11-30,FRX,0.0021929824561403508
2013-11-30,GHC,0.020833333333333332
2013-11-30,GME,0.004824561403508772
2013-11-30,GNW,0.01644736842105263
2013-11-30,GOOGL,0.0006578947368421052
2013-11-30,HAL,0.009210526315789473
2013-11-30,HAR,0.014912280701754385
2013-11-30,HBAN,0.0028508771929824563
2013-11-30,HIG,0.010087719298245614
2013-11-30,HOG,0.016228070175438595
2013-11-30,HSY,0.0008771929824561405
2013-11-30,ICE,0.0004385964912280702
2013-11-30,IPG,0.01206140350877193
2013-11-30,JCI,0.015131578947368421
2013-11-30,KEY,0.003947368421052632
2013-11-30,KR,0.009649122807017544
2013-11-30,LNC,0.020394736842105264
2013-11-30,LOM,0.004166666666666667
2013-11-30,LUV,0.006578947368421052
2013-11-30,MA,0.017763157894736842
2013-11-30,MCHP,0.009868421052631578
2013-11-30,MCK,0.008333333333333333
2013-11-30,MMC,0.011403508771929825
2013-11-30,MMM,0.01162280701754386
2013-11-30,MU,0.019736842105263157
2013-11-30,MYL,0.01381578947368421
2013-11-30,NFLX,0.018421052631578946
2013-11-30,NTH,0.01337719298245614
2013-11-30,OI,0.017982456140350878
2013-11-30,OMC,0.007236842105263158
2013-11-30,PCLN,0.003289473684210526
2013-11-30,PFG,0.016008771929824563
2013-11-30,PPG,0.0002192982456140349
2013-11-30,PXD,0.02017543859649123
2013-11-30,RN7,0.007017543859649123
2013-11-30,RTN1,0.002412280701754386
2013-11-30,SBUX,0.01732456140350877
2013-11-30,SEE,0.01074561403508772
2013-11-30,SNA,0.008991228070175439
2013-11-30,SNDK,0.0015350877192982456
2013-11-30,SNI,0.01425438596491228
2013-11-30,SRE,0.005043859649122807
2013-11-30,STJ,0.006798245614035088
2013-11-30,SWG,0.0059210526315789476
2013-11-30,SWY,0.008552631578947369
2013-11-30,TEL,0.0125
2013-11-30,TJX,0.007894736842105263
2013-11-30,TMK,0.013157894736842105
2013-11-30,TMO,0.01293859649122807
2013-11-30,TRIP,0.011842105263157895
2013-11-30,TWX*,0.010526315789473684
2013-11-30,TXN,0.008114035087719297
2013-11-30,UPS,0.01030701754385965
2013-11-30,UUM,0.005263157894736842
2013-11-30,VIAB,0.017105263157894738
2013-11-30,VRSN,0.0030701754385964912
2013-11-30,WAG,0.0043859649122807015
2013-11-30,WDC,0.015570175438596491
2013-11-30,WM,0.004605263157894736
2013-11-30,XRX,0.0010964912280701754
2013-12-31,AABA,0.008552631578947369
2013-12-31,ABC,0.019956140350877193
2013-12-31,ADBE,0.003289473684210526
2013-12-31,ADP,0.019517543859649124
2013-12-31,AEC1,0.0125
2013-12-31,AET,0.0059210526315789476
2013-12-31,AIG*,0.013157894736842105
2013-12-31,AIZ,0.020833333333333332
2013-12-31,ALD,0.007456140350877193
2013-12-31,AMP,0.01929824561403509
2013-12-31,ANTM,0.010526315789473684
2013-12-31,AON,0.009868421052631578
2013-12-31,APH,0.01162280701754386
2013-12-31,APTV,0.019736842105263157
2013-12-31,BA,0.018421052631578946
2013-12-31,BBY,0.019078947368421053
2013-12-31,BDX,0.0035087719298245615
2013-12-31,BIIB,0.012280701754385965
2013-12-31,BWA,0.018859649122807017
2013-12-31,CA,0.013596491228070176
2013-12-31,CAH,0.005263157894736842
2013-12-31,CBS,0.01074561403508772
2013-12-31,CELG,0.005043859649122807
2013-12-31,CI,0.017105263157894738
2013-12-31,CMA,0.0006578947368421052
2013-12-31,CMG,0.006578947368421052
2013-12-31,COP,0.0028508771929824563
2013-12-31,CTAS,0.017763157894736842
2013-12-31,DHR,0.008771929824561403
2013-12-31,DIS,0.002631578947368421
2013-12-31,DNB,0.01118421052631579
2013-12-31,ECL,0.01732456140350877
2013-12-31,EQT,0.0008771929824561404
2013-12-31,ETFC,0.01337719298245614
2013-12-31,FIS,0.014473684210526316
2013-12-31,FISV,0.007017543859649123
2013-12-31,FRX,0.01030701754385965
2013-12-31,GHC,0.0206140350877193
2013-12-31,GNW,0.0021929824561403508
2013-12-31,HAR,0.003947368421052632
2013-12-31,HBAN,0.0061403508771929825
2013-12-31,HIG,0.008333333333333333
2013-12-31,HOG,0.016228070175438595
2013-12-31,ICE,0.015350877192982455
2013-12-31,IPG,0.01206140350877193
2013-12-31,JCI,0.010087719298245614
2013-12-31,KEY,0.001973684210526316
2013-12-31,KR,0.001754385964912281
2013-12-31,LLL,0.004824561403508772
2013-12-31,LNC,0.020394736842105264
2013-12-31,LOM,0.01293859649122807
2013-12-31,LUV,0.004166666666666667
2013-12-31,MA,0.01864035087719298
2013-12-31,MCK,0.009429824561403509
2013-12-31,MMC,0.016008771929824563
2013-12-31,MMM,0.01381578947368421
2013-12-31,MU,0.02017543859649123
2013-12-31,MWZ,0.0015350877192982456
2013-12-31,MYL,0.01425438596491228
2013-12-31,NFLX,0.016885964912280702
2013-12-31,NTH,0.015789473684210527
2013-12-31,OI,0.015131578947368421
2013-12-31,OMC,0.011403508771929825
2013-12-31,PAYX,0.009210526315789473
2013-12-31,PBI,0.0013157894736842105
2013-12-31,PCLN,0.018201754385964913
2013-12-31,PFG,0.017543859649122806
2013-12-31,PNC,0.005482456140350877
2013-12-31,PNR,0.016666666666666666
2013-12-31,PRU*,0.014912280701754385
2013-12-31,RTN1,0.007675438596491228
2013-12-31,SBUX,0.017982456140350878
2013-12-31,SEE,0.009649122807017544
2013-12-31,SLM,0.0030701754385964912
2013-12-31,SNA,0.010964912280701754
2013-12-31,STJ,0.011842105263157895
2013-12-31,SWG,0.0043859649122807015
2013-12-31,TEL,0.008114035087719297
2013-12-31,TJX,0.01644736842105263
2013-12-31,TMK,0.015570175438596491
2013-12-31,TMO,0.014035087719298246
2013-12-31,TRIP,0.012719298245614035
2013-12-31,TSN,0.007894736842105263
2013-12-31,TSS,0.0037280701754385964
2013-12-31,TT,0.004605263157894736
2013-12-31,TXN,0.00021929824561403577
2013-12-31,UNP,0.002412280701754386
2013-12-31,UPS,0.014692982456140351
2013-12-31,UUM,0.007236842105263158
2013-12-31,VFC,0.006798245614035088
2013-12-31,VIAB,0.0063596491228070165
2013-12-31,VISA,0.0010964912280701754
2013-12-31,WDC,0.00043859649122807154
2013-12-31,WM,0.005701754385964913
2013-12-31,XRX,0.008991228070175439
2014-01-31,4XS,0.0006248722336535579
2014-01-31,AABA,0.015830096585890133
2014-01-31,ABC,0.01812129477595318
2014-01-31,ADBE,0.012289153928519973
2014-01-31,ADM*,0.006873594570189137
2014-01-31,ADP,0.017913004031401992
2014-01-31,AEC1,0.015205224352236577
2014-01-31,AET,0.0012497444673071154
2014-01-31,AIG*,0.009997955738456927
2014-01-31,AIZ,0.01957932998781148
2014-01-31,ALD,0.005623850102882021
2014-01-31,AMP,0.01895445775415792
2014-01-31,ANTM,0.005207268613779649
2014-01-31,AON,0.013330607651275903
2014-01-31,APH,0.012705735417622344
2014-01-31,APTV,0.019787620732362666
2014-01-31,AZO,0.0016663259564094878
2014-01-31,BA,0.01916274849870911
2014-01-31,BBY,0.00978966499390574
2014-01-31,BIIB,0.0039575241464725325
2014-01-31,CA,0.0024994889346142326
2014-01-31,CAH,0.005415559358330836
2014-01-31,CBS,0.010622827972110484
2014-01-31,CI,0.010414537227559298
2014-01-31,CMG,0.009164792760252184
2014-01-31,CTAS,0.018329585520504368
2014-01-31,DHR,0.006248722336535579
2014-01-31,DIS,0.004790687124677277
2014-01-31,DNB,0.014580352118583016
2014-01-31,ECL,0.012497444673071158
2014-01-31,EQT,0.011872572439417601
2014-01-31,ETFC,0.008331629782047439
2014-01-31,FIS,0.01603838733044132
2014-01-31,FRX,0.013955479884929461
2014-01-31,GD,0.013122316906724716
2014-01-31,GHC,0.019371039243260297
2014-01-31,GILD,0.014788642863134204
2014-01-31,GME,0.0041658148910237195
2014-01-31,GOOGL,0.0031243611682677894
2014-01-31,HAR,0.00874821127114981
2014-01-31,HAS,0.009373083504803368
2014-01-31,HBAN,0.0035409426573701614
2014-01-31,HIG,0.00104145372275593
2014-01-31,HOG,0.01291402616217353
2014-01-31,HRS,0.00041658148910237195
2014-01-31,ICE,0.016246678074992506
2014-01-31,IPG,0.0049989778692284634
2014-01-31,ITW,0.006040431591984393
2014-01-31,JCI,0.013747189140378273
2014-01-31,LLL,0.014163770629480646
2014-01-31,LNC,0.01707984105319725
2014-01-31,LOM,0.018746167009606737
2014-01-31,MA,0.018537876265055552
2014-01-31,MCHP,0.008123339037496253
2014-01-31,MMC,0.017288131797748435
2014-01-31,MMM,0.010831118716661672
2014-01-31,MU,0.01749642254229962
2014-01-31,MYL,0.008956502015700996
2014-01-31,NKE,0.0018746167009606738
2014-01-31,NTH,0.017704713286850807
2014-01-31,NVDA,0.007498466803842695
2014-01-31,OI,0.012080863183968785
2014-01-31,OMC,0.008539920526598625
2014-01-31,ORLY,0.005832140847433207
2014-01-31,PAYX,0.015413515096787761
2014-01-31,PCLN,0.01499693360768539
2014-01-31,PCP,0.002291198190063046
2014-01-31,PFG,0.0077067575483938805
2014-01-31,PNR,0.01645496881954369
2014-01-31,PRGO,0.0014580352118583018
2014-01-31,PRU*,0.011664281694866415
2014-01-31,PX,0.0029160704237166037
2014-01-31,RTN1,0.016871550308646063
2014-01-31,SBUX,0.006457013081086765
2014-01-31,SEE,0.011455990950315227
2014-01-31,SLM,0.004374105635574905
2014-01-31,SNA,0.014372061374031832
2014-01-31,STJ,0.007081885314740323
2014-01-31,STZ,0.010206246483008113
2014-01-31,TEL,0.011247700205764042
2014-01-31,TJX,0.016663259564094878
2014-01-31,TMK,0.013538898395827087
2014-01-31,TMO,0.011039409461212856
2014-01-31,TSN,0.0033326519128189756
2014-01-31,TSS,0.007290176059291508
2014-01-31,TYC,0.004582396380126092
2014-01-31,UNP,0.0037492334019213476
2014-01-31,UPS,0.009581374249354555
2014-01-31,USB,0.00020829074455118598
2014-01-31,UUM,0.002707779679165418
2014-01-31,VIAB,0.0008331629782047439
2014-01-31,VISA,0.007915048292945067
2014-01-31,WDC,0.015621805841338947
2014-01-31,WFC*,0.006665303825637951
2014-01-31,XRX,0.00208290744551186
2014-02-28,4XS,0.007984961993450253
2014-02-28,A,0.00486041164818711
2014-02-28,AABA,0.005901928429941491
2014-02-28,ABC,0.011630270729590586
2014-02-28,ADBE,0.011456684599298187
2014-02-28,ADP,0.005728342299649095
2014-02-28,AEC1,0.003992480996725127
2014-02-28,AET,0.009373651035789427
2014-02-28,AIZ,0.014581234944561329
2014-02-28,ALD,0.008505720384327443
2014-02-28,ALXN,0.007290617472280664
2014-02-28,AMP,0.010588753947836205
2014-02-28,ANTM,0.0038188948664327296
2014-02-28,AON,0.0043396532573099205
2014-02-28,APH,0.005207583908771903
2014-02-28,APTV,0.015969923986900506
2014-02-28,AZO,0.010241581687251412
2014-02-28,BA,0.012671787511344967
2014-02-28,BAC,0.004513239387602317
2014-02-28,BIIB,0.011803856859882982
2014-02-28,BSX,0.010762340078128601
2014-02-28,CA,0.008852892644912236
2014-02-28,CAH,0.007464203602573062
2014-02-28,CI,0.011977442990175379
2014-02-28,CMA,0.0027773780846783486
2014-02-28,CMCSA,0.007811375863157855
2014-02-28,CMG,0.01249820138105257
2014-02-28,CTAS,0.010067995556959013
2014-02-28,DC7,0.0012151029120467775
2014-02-28,DIS,0.001735861302923968
2014-02-28,DOW,0.007117031341988269
2014-02-28,DTV,0.002430205824093555
2014-02-28,ECL,0.005554756169356697
2014-02-28,EQT,0.012845373641637362
2014-02-28,ETFC,0.013366132032514553
2014-02-28,FIS,0.00815854812374265
2014-02-28,FITB,0.006422686820818681
2014-02-28,FRX,0.014754821074853727
2014-02-28,GD,0.01562275172631571
2014-02-28,GHC,0.013539718162806951
2014-02-28,GILD,0.014234062683976537
2014-02-28,GNW,0.008332134254035046
2014-02-28,GOOGL,0.009026478775204634
2014-02-28,GT,0.00867930651461984
2014-02-28,HAR,0.015275579465730918
2014-02-28,HIG,0.0020830335635087615
2014-02-28,HRS,0.006769859081403476
2014-02-28,HSP,0.004166067127017523
2014-02-28,HUM,0.0031245503452631425
2014-02-28,ICE,0.0022566196938011585
2014-02-28,JCI,0.0026037919543859516
2014-02-28,KEY,0.0001735861302923968
2014-02-28,LLL,0.014928407205146123
2014-02-28,LNC,0.012324615250760172
2014-02-28,LOM,0.0163170962474853
2014-02-28,LUV,0.010935926208420998
2014-02-28,LYB,0.0034717226058479356
2014-02-28,MCHP,0.001041516781754381
2014-02-28,MCK,0.011283098469005791
2014-02-28,MHFI,0.0008679306514619839
2014-02-28,MMC,0.0019094474332163654
2014-02-28,MU,0.015101993335438522
2014-02-28,MYL,0.012151029120467775
2014-02-28,NFLX,0.015796337856608108
2014-02-28,NTH,0.0161435101171929
2014-02-28,NVDA,0.005381170039064301
2014-02-28,OMC,0.004686825517894714
2014-02-28,ORLY,0.0029509642149707456
2014-02-28,PBI,0.013192545902222156
2014-02-28,PCLN,0.013886890423391742
2014-02-28,PCP,0.0003471722605847935
2014-02-28,PNC,0.010415167817543806
2014-02-28,PNR,0.009547237166081824
2014-02-28,PRGO,0.0006943445211695871
2014-02-28,PRU*,0.006596272951111078
2014-02-28,RN7,0.007637789732865459
2014-02-28,RTN1,0.016490682377777694
2014-02-28,SRCL,0.0005207583908771904
2014-02-28,STJ,0.011109512338713394
2014-02-28,STX,0.0015622751726315713
2014-02-28,STZ,0.005033997778479507
2014-02-28,SWG,0.006075514560233888
2014-02-28,T3W1,0.003645308736140332
2014-02-28,TEL,0.013018959771929758
2014-02-28,TMK,0.009894409426666619
2014-02-28,TMO,0.014407648814268934
2014-02-28,TSN,0.01406047655368414
2014-02-28,UNH,0.0013886890423391743
2014-02-28,UNP,0.009200064905497029
2014-02-28,VIAB,0.006943445211695871
2014-02-28,VISA,0.006249100690526285
2014-02-28,VRSN,0.003298136475555539
2014-02-28,WDC,0.015449165596023317
2014-02-28,WFC*,0.00972082329637422
2014-02-28,WYNN,0.013713304293099346
2014-03-31,A,0.004135221148092165
2014-03-31,AABA,0.0029537293914944033
2014-03-31,ABC,0.003741390562559577
2014-03-31,ADBE,0.010436510516613557
2014-03-31,AET,0.00886118817448321
2014-03-31,AIZ,0.014177901079173136
2014-03-31,ALXN,0.011618002273211319
2014-03-31,AMP,0.00728586583235286
2014-03-31,ANTM,0.0039383058553258705
2014-03-31,AON,0.008664272881716915
2014-03-31,APTV,0.01732854576343383
2014-03-31,AZO,0.010633425809379852
2014-03-31,BA,0.007679696417885448
2014-03-31,BCR,0.0023629835131955225
2014-03-31,BIIB,0.00827044229618433
2014-03-31,BSX,0.004529051733624751
2014-03-31,CA,0.011814917565977613
2014-03-31,CAH,0.015359392835770896
2014-03-31,CBS,0.0009845764638314676
2014-03-31,CCE,0.0007876611710651741
2014-03-31,CMA,0.0027568140987281097
2014-03-31,CMG,0.012602578737042786
2014-03-31,COL,0.0015753223421303482
2014-03-31,CTAS,0.013587155200874253
2014-03-31,DHR,0.00334755997702699
2014-03-31,DIS,0.005513628197456219
2014-03-31,DOW,0.012405663444276493
2014-03-31,ECL,0.0061043740757551
2014-03-31,EOG,0.004332136440858458
2014-03-31,EQT,0.013193324615341666
2014-03-31,ETFC,0.015950138714069775
2014-03-31,FIS,0.009845764638314677
2014-03-31,FITB,0.009058103467249503
2014-03-31,FMC,0.0019691529276629352
2014-03-31,FRX,0.01457173166470572
2014-03-31,GD,0.017131630470667538
2014-03-31,GHC,0.012799494029809082
2014-03-31,GILD,0.010830341102146146
2014-03-31,GNW,0.003544475269793284
2014-03-31,GOOGL,0.012011832858743906
2014-03-31,GRMN,0.01004267993108097
2014-03-31,GT,0.015162477543004604
2014-03-31,HAL,0.00019691529276629353
2014-03-31,HAR,0.01654088459236866
2014-03-31,HIG,0.0005907458782988806
2014-03-31,HP,0.011421086980445024
2014-03-31,HRS,0.01339023990810796
2014-03-31,HUM,0.0122087481515102
2014-03-31,ITW,0.007482781125119154
2014-03-31,LLL,0.015753223421303482
2014-03-31,LNC,0.009255018760015797
2014-03-31,LUV,0.005907458782988807
2014-03-31,LYB,0.007876611710651741
2014-03-31,MCHP,0.008073527003418035
2014-03-31,MCK,0.011027256394912439
2014-03-31,MHFI,0.0064982046612876865
2014-03-31,MMC,0.005710543490222512
2014-03-31,MU,0.01437481637193943
2014-03-31,MYL,0.014965562250238307
2014-03-31,NFLX,0.017525461056200127
2014-03-31,NVDA,0.006301289368521393
2014-03-31,OMC,0.007088950539586568
2014-03-31,ORLY,0.010239595223847264
2014-03-31,PBI,0.011224171687678731
2014-03-31,PCLN,0.01673779988513495
2014-03-31,PCP,0.00039383058553258706
2014-03-31,PKI,0.005316712904689926
2014-03-31,PNC,0.005119797611923632
2014-03-31,PNR,0.01398098578640684
2014-03-31,PPG,0.008467357588950621
2014-03-31,PRGO,0.004725967026391045
2014-03-31,PXD,0.001772237634896642
2014-03-31,ROK,0.0013784070493640548
2014-03-31,SNA,0.002559898805961816
2014-03-31,STJ,0.014768646957472016
2014-03-31,STZ,0.016934715177901242
2014-03-31,TEL,0.012996409322575373
2014-03-31,TJX,0.0011814917565977612
2014-03-31,TMK,0.006892035246820275
2014-03-31,TMO,0.01614705400683607
2014-03-31,TRIP,0.0031506446842606965
2014-03-31,TSN,0.01378407049364055
2014-03-31,TYC,0.00669511995405398
2014-03-31,UNH,0.002166068220429229
2014-03-31,UNP,0.00945193405278209
2014-03-31,USB,0.0049228823191573385
2014-03-31,VIAB,0.009648849345548384
2014-03-31,WDC,0.015556308128537191
2014-03-31,WYNN,0.016343969299602364
2014-04-30,A,0.004684266571833175
2014-04-30,AA,0.010305386458032983
2014-04-30,ACT,0.019673919601699334
2014-04-30,ADBE,0.0058553332147914675
2014-04-30,AET,0.003278986600283222
2014-04-30,AIZ,0.013350159729724547
2014-04-30,AMP,0.01124223977239962
2014-04-30,ANTM,0.0042158399146498575
2014-04-30,AON,0.012179093086766254
2014-04-30,APH,0.007729039843524738
2014-04-30,APTV,0.020376559587474308
2014-04-30,AZO,0.009836959800849667
2014-04-30,BA,0.001639493300141611
2014-04-30,BCR,0.00890010648648303
2014-04-30,BDX,0.0030447732716915635
2014-04-30,BHI,0.003981626586058199
2014-04-30,BSX,0.01288173307254123
2014-04-30,CAH,0.018971279615924354
2014-04-30,CCE,0.006792186529158103
2014-04-30,CMA,0.011710666429582935
2014-04-30,CMG,0.008665893157891373
2014-04-30,COF,0.0014052799715499524
2014-04-30,CTAS,0.013584373058316206
2014-04-30,DHR,0.003513199928874881
2014-04-30,DOW,0.010773813115216302
2014-04-30,DTV,0.005152693229016491
2014-04-30,ECL,0.0011710666429582935
2014-04-30,EOG,0.014521226372682841
2014-04-30,ETFC,0.020610772916065966
2014-04-30,FDX,0.0065579732005664445
2014-04-30,FITB,0.013818586386907864
2014-04-30,FRX,0.017097572987191088
2014-04-30,FTR,0.0023421332859165874
2014-04-30,GD,0.0187370662873327
2014-04-30,GHC,0.015458079687049476
2014-04-30,GNW,0.01639493300141611
2014-04-30,GRMN,0.012647519743949572
2014-04-30,GT,0.018034426301557722
2014-04-30,HAL,0.00023421332859165873
2014-04-30,HAR,0.019439706273107673
2014-04-30,HBAN,0.010539599786624642
2014-04-30,HP,0.02014234625888265
2014-04-30,HRS,0.017565999644374403
2014-04-30,HSP,0.0049184799004248336
2014-04-30,HUM,0.01100802644380796
2014-04-30,INTU,0.0009368533143666349
2014-04-30,KEY,0.008431679829299715
2014-04-30,LLL,0.019908132930290992
2014-04-30,LLTC,0.005386906557608151
2014-04-30,LM,0.0037474132574665396
2014-04-30,LNC,0.011476453100991279
2014-04-30,LUV,0.014052799715499524
2014-04-30,LYB,0.01616071967282445
2014-04-30,MAR,0.004450053243241515
2014-04-30,MCHP,0.017331786315782746
2014-04-30,MCK,0.015223866358457818
2014-04-30,MDT,0.006089546543383127
2014-04-30,MHFI,0.0007026399857749761
2014-04-30,MMC,0.011944879758174595
2014-04-30,MU,0.01826863963014938
2014-04-30,MYL,0.008197466500708055
2014-04-30,ORLY,0.007026399857749762
2014-04-30,PBI,0.01850285295874104
2014-04-30,PCLN,0.012413306415357912
2014-04-30,PKI,0.01662914633000777
2014-04-30,PLL,0.00562111988619981
2014-04-30,PNC,0.01428701304409118
2014-04-30,PNR,0.0147554397012745
2014-04-30,ROK,0.00913431981507469
2014-04-30,SEE,0.0018737066287332698
2014-04-30,SNA,0.0004684266571833174
2014-04-30,SNDK,0.0072606131863414206
2014-04-30,STI,0.006323759871974786
2014-04-30,STJ,0.01686335965859943
2014-04-30,STZ,0.020844986244657627
2014-04-30,TEL,0.015692293015641134
2014-04-30,TFC,0.009602746472258008
2014-04-30,TMK,0.007963253172116398
2014-04-30,TMO,0.014989653029866159
2014-04-30,TSN,0.019205492944516015
2014-04-30,TXN,0.0025763466145082457
2014-04-30,TXT,0.002810559943099905
2014-04-30,TYC,0.010071173129441325
2014-04-30,UNH,0.007494826514933079
2014-04-30,UNP,0.013115946401132889
2014-04-30,USB,0.015926506344232795
2014-04-30,VIAB,0.002107919957324929
2014-04-30,WDC,0.01780021297296606
2014-04-30,WYNN,0.00936853314366635
2014-05-31,AA,0.018896833503575076
2014-05-31,ADBE,0.006384065372829418
2014-05-31,AEE,0.0028089887640449437
2014-05-31,AIZ,0.017620020429009193
2014-05-31,ALXN,0.003575076608784474
2014-05-31,AMP,0.008426966292134831
2014-05-31,ANTM,0.007150153217568948
2014-05-31,AON,0.013023493360572012
2014-05-31,APH,0.013789581205311542
2014-05-31,APTV,0.021195097037793667
2014-05-31,ATI,0.0056179775280898875
2014-05-31,AZO,0.014555669050051073
2014-05-31,BA,0.0005107252298263533
2014-05-31,BFB,0.007405515832482125
2014-05-31,BHI,0.01710929519918284
2014-05-31,BLL,0.011491317671092951
2014-05-31,CAH,0.020684371807967315
2014-05-31,CAT,0.014300306435137897
2014-05-31,CMCSA,0.005107252298263534
2014-05-31,CSC,0.006894790602655771
2014-05-31,CTAS,0.013534218590398366
2014-05-31,D,0.012768130745658836
2014-05-31,DHR,0.0022982635342185904
2014-05-31,DOW,0.016853932584269662
2014-05-31,DTV,0.0020429009193054137
2014-05-31,ECL,0.0010214504596527069
2014-05-31,EQT,0.009193054136874362
2014-05-31,ETFC,0.021961184882533197
2014-05-31,FDX,0.015321756894790603
2014-05-31,FRX,0.019152196118488254
2014-05-31,FTR,0.015066394279877424
2014-05-31,GAS,0.007660878447395302
2014-05-31,GD,0.021450459652706845
2014-05-31,GHC,0.012002042900919305
2014-05-31,GNW,0.018130745658835545
2014-05-31,GRMN,0.01940755873340143
2014-05-31,GT,0.012257405515832482
2014-05-31,HAL,0.016087844739530132
2014-05-31,HAR,0.02170582226762002
2014-05-31,HES,0.0030643513789581204
2014-05-31,HOG,0.008937691521961185
2014-05-31,HP,0.02247191011235955
2014-05-31,HRS,0.01787538304392237
2014-05-31,HSP,0.01251276813074566
2014-05-31,HUM,0.0025536261491317675
2014-05-31,INTU,0.014044943820224719
2014-05-31,LLL,0.020429009193054137
2014-05-31,LNC,0.004341164453524004
2014-05-31,LO,0.01174668028600613
2014-05-31,LUV,0.018386108273748723
2014-05-31,LYB,0.019662921348314606
2014-05-31,MAR,0.017364657814096015
2014-05-31,MCHP,0.019918283963227784
2014-05-31,MCK,0.011235955056179775
2014-05-31,MMC,0.010214504596527068
2014-05-31,MMM,0.003319713993871297
2014-05-31,MRK,0.004851889683350358
2014-05-31,MU,0.02017364657814096
2014-05-31,MYL,0.013278855975485188
2014-05-31,NBR,0.0040858018386108275
2014-05-31,NEE,0.005873340143003065
2014-05-31,NI,0.009959141981613892
2014-05-31,ORLY,0.010980592441266599
2014-05-31,PBI,0.022216547497446375
2014-05-31,PKI,0.016598569969356484
2014-05-31,PX,0.0015321756894790602
2014-05-31,RAI,0.0007660878447395301
2014-05-31,ROK,0.004596527068437181
2014-05-31,SEE,0.008171603677221655
2014-05-31,SNA,0.0012768130745658835
2014-05-31,SNDK,0.006639427987742594
2014-05-31,SRE,0.008682328907048007
2014-05-31,STJ,0.01557711950970378
2014-05-31,STZ,0.0186414708886619
2014-05-31,SWN,0.007916241062308479
2014-05-31,TEL,0.015832482124616958
2014-05-31,TMK,0.010725229826353423
2014-05-31,TMO,0.00025536261491317623
2014-05-31,TSN,0.02093973442288049
2014-05-31,TSS,0.009703779366700716
2014-05-31,TXN,0.001787538304392237
2014-05-31,TXT,0.01634320735444331
2014-05-31,UNP,0.01481103166496425
2014-05-31,VIAB,0.003830439223697651
2014-05-31,VNO,0.010469867211440245
2014-05-31,WDC,0.009448416751787538
2014-05-31,WYNN,0.005362614913176711
2014-05-31,XRX,0.006128702757916241
2014-06-30,A,0.003830439223697651
2014-06-30,AA,0.020684371807967315
2014-06-30,ADSK,0.006128702757916241
2014-06-30,AIZ,0.014044943820224719
2014-06-30,ALXN,0.007916241062308479
2014-06-30,AMP,0.004851889683350358
2014-06-30,AON,0.015321756894790603
2014-06-30,APH,0.012002042900919305
2014-06-30,APTV,0.019918283963227784
2014-06-30,ATI,0.0010214504596527067
2014-06-30,BFB,0.01251276813074566
2014-06-30,BHI,0.014555669050051073
2014-06-30,BLL,0.018896833503575076
2014-06-30,CAH,0.019662921348314606
2014-06-30,CAT,0.007150153217568948
2014-06-30,CNX,0.0012768130745658835
2014-06-30,COP,0.0022982635342185904
2014-06-30,CSC,0.015066394279877425
2014-06-30,CTAS,0.016598569969356484
2014-06-30,D,0.003319713993871298
2014-06-30,DOW,0.020429009193054137
2014-06-30,DPS,0.008682328907048007
2014-06-30,DTV,0.0040858018386108275
2014-06-30,DVN,0.011235955056179775
2014-06-30,ETFC,0.0045965270684371826
2014-06-30,FDX,0.01481103166496425
2014-06-30,FRX,0.01710929519918284
2014-06-30,FTR,0.009703779366700716
2014-06-30,GD,0.021450459652706845
2014-06-30,GLW,0.001787538304392237
2014-06-30,GRMN,0.018130745658835545
2014-06-30,GT,0.015832482124616958
2014-06-30,HAL,0.01634320735444331
2014-06-30,HAR,0.018386108273748723
2014-06-30,HES,0.005873340143003065
2014-06-30,HP,0.02247191011235955
2014-06-30,HRL,0.009959141981613892
2014-06-30,HRS,0.01940755873340143
2014-06-30,HST,0.0005107252298263534
2014-06-30,HUM,0.0028089887640449437
2014-06-30,IFF,0.008171603677221655
2014-06-30,INTU,0.013278855975485188
2014-06-30,ITW,0.0015321756894790602
2014-06-30,LLL,0.02093973442288049
2014-06-30,LM,0.006384065372829418
2014-06-30,LO,0.010725229826353423
2014-06-30,LUV,0.02170582226762002
2014-06-30,LYB,0.021961184882533197
2014-06-30,MAR,0.021195097037793667
2014-06-30,MCHP,0.017620020429009193
2014-06-30,MCK,0.01557711950970378
2014-06-30,MHFI,0.009448416751787538
2014-06-30,MMC,0.011491317671092951
2014-06-30,MMM,0.00025536261491317666
2014-06-30,MU,0.016853932584269662
2014-06-30,MYL,0.0025536261491317675
2014-06-30,NBR,0.003575076608784474
2014-06-30,NFLX,0.006894790602655771
2014-06-30,NI,0.01787538304392237
2014-06-30,NSC,0.012257405515832482
2014-06-30,ORCL,0.010469867211440245
2014-06-30,PBI,0.022216547497446375
2014-06-30,PCLN,0.0030643513789581204
2014-06-30,PKI,0.016087844739530132
2014-06-30,PPG,0.005362614913176711
2014-06-30,R,0.008426966292134831
2014-06-30,RAI,0.0007660878447395301
2014-06-30,ROK,0.009193054136874362
2014-06-30,SIAL,0.0020429009193054137
2014-06-30,SNDK,0.012768130745658836
2014-06-30,SRE,0.006639427987742594
2014-06-30,STJ,0.005107252298263535
2014-06-30,STZ,0.02017364657814096
2014-06-30,TAP,0.007405515832482125
2014-06-30,TEL,0.010214504596527068
2014-06-30,TMK,0.004341164453524004
2014-06-30,TMO,0.0076608784473953025
2014-06-30,TSN,0.019152196118488254
2014-06-30,TXN,0.0056179775280898875
2014-06-30,TXT,0.01174668028600613
2014-06-30,TYC,0.008937691521961185
2014-06-30,UNP,0.017364657814096015
2014-06-30,VNO,0.0186414708886619
2014-06-30,WAG,0.010980592441266599
2014-06-30,WDC,0.013534218590398366
2014-06-30,WMB,0.014300306435137897
2014-06-30,WYNN,0.013023493360572012
2014-06-30,ZBH,0.013789581205311542
2014-07-31,A,0.008239700374531835
2014-07-31,AA,0.022222222222222223
2014-07-31,ADBE,0.011485642946317104
2014-07-31,ADSK,0.01822721598002497
2014-07-31,AES,0.0027465667915106116
2014-07-31,AET,0.000749063670411985
2014-07-31,AMP,0.0044943820224719105
2014-07-31,AMT,0.01223470661672909
2014-07-31,AON,0.010986267166042446
2014-07-31,APH,0.013233458177278402
2014-07-31,APTV,0.01523096129837703
2014-07-31,ATI,0.012734082397003745
2014-07-31,BFB,0.00749063670411985
2014-07-31,BHI,0.017977528089887642
2014-07-31,BLL,0.01972534332084894
2014-07-31,CAH,0.01348314606741573
2014-07-31,CAT,0.01947565543071161
2014-07-31,CBRE,0.009987515605493134
2014-07-31,CCE,0.006741573033707865
2014-07-31,CNX,0.015730337078651686
2014-07-31,COP,0.006991260923845194
2014-07-31,COV,0.005742821473158552
2014-07-31,CSC,0.007990012484394507
2014-07-31,CSX,0.0022471910112359553
2014-07-31,CTAS,0.016978776529338328
2014-07-31,D,0.006242197253433208
2014-07-31,DIS,0.003495630461922597
2014-07-31,DOW,0.019975031210986267
2014-07-31,DPS,0.010736579275905118
2014-07-31,DTV,0.009238451935081148
2014-07-31,DVN,0.019225967540574283
2014-07-31,EXPE,0.0004993757802746567
2014-07-31,FDX,0.01373283395755306
2014-07-31,FIS,0.004744069912609238
2014-07-31,FTR,0.0014981273408239699
2014-07-31,GD,0.016229712858926344
2014-07-31,GLW,0.007240948813982522
2014-07-31,GRMN,0.014731585518102372
2014-07-31,GT,0.004244694132334583
2014-07-31,HAL,0.018476903870162296
2014-07-31,HAR,0.0149812734082397
2014-07-31,HES,0.003745318352059925
2014-07-31,HP,0.021972534332084893
2014-07-31,HRS,0.0052434456928838954
2014-07-31,HSP,0.006491885143570537
2014-07-31,IFF,0.014481897627965043
2014-07-31,INTU,0.008988764044943821
2014-07-31,ITW,0.0009987515605493133
2014-07-31,LLL,0.015980024968789013
2014-07-31,LM,0.012484394506866416
2014-07-31,LO,0.011735330836454432
2014-07-31,LRCX,0.0024968789013732834
2014-07-31,LUV,0.02122347066167291
2014-07-31,LYB,0.020224719101123594
2014-07-31,MAR,0.021722846441947566
2014-07-31,MCHP,0.013982521847690388
2014-07-31,MCK,0.008489388264669164
2014-07-31,MMC,0.009488139825218476
2014-07-31,MSFT,0.008739076154806492
2014-07-31,MU,0.021473158551810236
2014-07-31,MYL,0.0012484394506866417
2014-07-31,NBR,0.017478152309612985
2014-07-31,NFLX,0.0032459425717852684
2014-07-31,NFX,0.014232209737827715
2014-07-31,NI,0.01772784019975031
2014-07-31,NLSN,0.010486891385767791
2014-07-31,NRG,0.01198501872659176
2014-07-31,NSC,0.018976279650436953
2014-07-31,ORCL,0.005493133583021223
2014-07-31,PBI,0.020474406991260925
2014-07-31,PKI,0.017228464419475654
2014-07-31,PPG,0.00599250936329588
2014-07-31,R,0.012983770287141073
2014-07-31,RAI,0.003995006242197253
2014-07-31,SIAL,0.010237203495630462
2014-07-31,SNDK,0.02072409488139825
2014-07-31,SRE,0.001997503121098627
2014-07-31,STZ,0.020973782771535582
2014-07-31,TAP,0.015480649188514358
2014-07-31,TMO,0.0017478152309612985
2014-07-31,TXT,0.0029962546816479398
2014-07-31,TYC,0.011235955056179775
2014-07-31,VMC,0.009737827715355805
2014-07-31,VNO,0.016729088639200997
2014-07-31,WAG,0.004993757802746567
2014-07-31,WDC,0.01647940074906367
2014-07-31,WMB,0.018726591760299626
2014-07-31,WYNN,0.007740324594257179
2014-07-31,XYL,0.00024968789013732833
2014-08-31,AA,0.02247191011235955
2014-08-31,ABC,0.006384065372829418
2014-08-31,ADBE,0.008171603677221655
2014-08-31,ADSK,0.005362614913176711
2014-08-31,AMP,0.012512768130745661
2014-08-31,AMT,0.020429009193054137
2014-08-31,ANTM,0.0012768130745658835
2014-08-31,APH,0.017620020429009193
2014-08-31,APTV,0.0025536261491317675
2014-08-31,BHI,0.008426966292134831
2014-08-31,BIIB,0.003575076608784474
2014-08-31,BLL,0.019152196118488254
2014-08-31,BRCM,0.015321756894790603
2014-08-31,CAH,0.018130745658835545
2014-08-31,CBRE,0.012002042900919305
2014-08-31,CF,0.003830439223697651
2014-08-31,CMCSA,0.0028089887640449437
2014-08-31,CMG,0.01174668028600613
2014-08-31,COV,0.0030643513789581204
2014-08-31,CTAS,0.014300306435137897
2014-08-31,DIS,0.01378958120531154
2014-08-31,DOW,0.015832482124616958
2014-08-31,DPS,0.017364657814096015
2014-08-31,DTV,0.01940755873340143
2014-08-31,DVN,0.005107252298263535
2014-08-31,EFX,0.012768130745658836
2014-08-31,EQR,0.0040858018386108275
2014-08-31,ETFC,0.006639427987742594
2014-08-31,EW,0.0020429009193054137
2014-08-31,EXPE,0.01557711950970378
2014-08-31,FDX,0.007150153217568948
2014-08-31,FIS,0.004851889683350358
2014-08-31,FTR,0.016087844739530132
2014-08-31,GD,0.02017364657814096
2014-08-31,GILD,0.010980592441266599
2014-08-31,HAL,0.009448416751787538
2014-08-31,HAR,0.012257405515832482
2014-08-31,HES,0.010214504596527068
2014-08-31,HP,0.020684371807967315
2014-08-31,HPQ,0.013534218590398366
2014-08-31,HSP,0.019662921348314606
2014-08-31,HST,0.007405515832482125
2014-08-31,IFF,0.013023493360572012
2014-08-31,INTU,0.01481103166496425
2014-08-31,LM,0.006894790602655771
2014-08-31,LO,0.013278855975485188
2014-08-31,LRCX,0.016853932584269662
2014-08-31,LUV,0.022216547497446375
2014-08-31,LYB,0.021450459652706845
2014-08-31,MAR,0.021961184882533197
2014-08-31,MCK,0.014044943820224719
2014-08-31,MCO,0.010469867211440245
2014-08-31,MHFI,0.0022982635342185904
2014-08-31,MMC,0.008937691521961185
2014-08-31,MS,0.0002553626149131767
2014-08-31,MSFT,0.01710929519918284
2014-08-31,MU,0.02170582226762002
2014-08-31,NBR,0.010725229826353423
2014-08-31,NDAQ,0.007916241062308479
2014-08-31,NFX,0.004341164453524005
2014-08-31,NI,0.016598569969356484
2014-08-31,NSC,0.018386108273748723
2014-08-31,ORCL,0.009193054136874362
2014-08-31,PBI,0.02093973442288049
2014-08-31,PKI,0.00612870275791624
2014-08-31,PSX,0.007660878447395302
2014-08-31,R,0.018896833503575076
2014-08-31,RHI,0.015066394279877425
2014-08-31,SHW,0.0015321756894790602
2014-08-31,SIAL,0.011235955056179775
2014-08-31,SNA,0.001787538304392237
2014-08-31,SNDK,0.01634320735444331
2014-08-31,STX,0.009959141981613892
2014-08-31,STZ,0.0186414708886619
2014-08-31,TAP,0.0010214504596527067
2014-08-31,TEL,0.01787538304392237
2014-08-31,TMO,0.014555669050051071
2014-08-31,TXN,0.0007660878447395301
2014-08-31,TYC,0.005873340143003065
2014-08-31,VMC,0.008682328907048007
2014-08-31,VNO,0.019918283963227784
2014-08-31,WAG,0.0005107252298263533
2014-08-31,WDC,0.021195097037793667
2014-08-31,WIN,0.004596527068437181
2014-08-31,WMB,0.011491317671092951
2014-08-31,WYND,0.0056179775280898875
2014-08-31,WYNN,0.003319713993871297
2014-08-31,ZBH,0.009703779366700716
2014-09-30,AA,0.02247191011235955
2014-09-30,ABT,0.003319713993871297
2014-09-30,AEP,0.001787538304392237
2014-09-30,ALL,0.002553626149131767
2014-09-30,AMP,0.011491317671092951
2014-09-30,AMT,0.0186414708886619
2014-09-30,ANTM,0.011235955056179775
2014-09-30,APH,0.02017364657814096
2014-09-30,AVB,0.007660878447395302
2014-09-30,AZO,0.012768130745658836
2014-09-30,BFB,0.01251276813074566
2014-09-30,BHI,0.0002553626149131771
2014-09-30,BLL,0.019662921348314606
2014-09-30,BRCM,0.017620020429009193
2014-09-30,CAH,0.01634320735444331
2014-09-30,CAM,0.0028089887640449437
2014-09-30,CAT,0.006894790602655771
2014-09-30,CBRE,0.010980592441266599
2014-09-30,CFN,0.007405515832482125
2014-09-30,CMG,0.006384065372829418
2014-09-30,COV,0.0005107252298263533
2014-09-30,CTAS,0.009448416751787538
2014-09-30,CVS,0.010214504596527068
2014-09-30,DAL,0.018896833503575076
2014-09-30,DIS,0.01481103166496425
2014-09-30,DOW,0.017364657814096015
2014-09-30,DPS,0.020684371807967315
2014-09-30,DTV,0.020429009193054137
2014-09-30,DVN,0.0010214504596527067
2014-09-30,EFX,0.01940755873340143
2014-09-30,EQR,0.015066394279877425
2014-09-30,EW,0.014044943820224719
2014-09-30,EXPE,0.01174668028600613
2014-09-30,FFIV,0.0056179775280898875
2014-09-30,FTR,0.018386108273748723
2014-09-30,GD,0.019918283963227784
2014-09-30,GILD,0.01557711950970378
2014-09-30,GLW,0.0012768130745658835
2014-09-30,HAL,0.0022982635342185904
2014-09-30,HAR,0.012257405515832482
2014-09-30,HES,0.006128702757916241
2014-09-30,HP,0.013278855975485188
2014-09-30,HPQ,0.02170582226762002
2014-09-30,HSP,0.015832482124616958
2014-09-30,HST,0.012002042900919305
2014-09-30,IFF,0.005362614913176711
2014-09-30,INTU,0.009193054136874362
2014-09-30,LLY,0.008682328907048007
2014-09-30,LM,0.009959141981613892
2014-09-30,LRCX,0.013023493360572012
2014-09-30,LUV,0.021961184882533197
2014-09-30,LYB,0.021195097037793667
2014-09-30,M,0.010469867211440245
2014-09-30,MAR,0.022216547497446375
2014-09-30,MCK,0.008426966292134831
2014-09-30,MCO,0.007916241062308479
2014-09-30,MJN,0.0015321756894790602
2014-09-30,MMC,0.004341164453524004
2014-09-30,MS,0.004596527068437181
2014-09-30,MSFT,0.019152196118488254
2014-09-30,MU,0.015321756894790603
2014-09-30,NBR,0.003575076608784474
2014-09-30,NDAQ,0.007150153217568948
2014-09-30,NFX,0.00076608784473953
2014-09-30,NI,0.01787538304392237
2014-09-30,NSC,0.016598569969356484
2014-09-30,NTRS,0.0040858018386108275
2014-09-30,ORCL,0.005873340143003065
2014-09-30,PBI,0.014555669050051073
2014-09-30,PSX,0.016087844739530132
2014-09-30,R,0.02093973442288049
2014-09-30,RHI,0.008937691521961185
2014-09-30,SIAL,0.010725229826353423
2014-09-30,SNDK,0.014300306435137897
2014-09-30,SRE,0.009703779366700716
2014-09-30,STX,0.0020429009193054133
2014-09-30,STZ,0.016853932584269662
2014-09-30,TAP,0.008171603677221655
2014-09-30,TEL,0.01710929519918284
2014-09-30,TMO,0.006639427987742594
2014-09-30,TYC,0.005107252298263534
2014-09-30,VLO,0.004851889683350358
2014-09-30,VNO,0.018130745658835545
2014-09-30,WDC,0.021450459652706845
2014-09-30,WIN,0.003830439223697651
2014-09-30,WMB,0.013534218590398366
2014-09-30,WYND,0.013789581205311542
2014-09-30,ZBH,0.00306435137895812
2014-10-31,AA,0.021722846441947566
2014-10-31,ADSK,0.01223470661672909
2014-10-31,AET,0.01198501872659176
2014-10-31,ALL,0.0052434456928838954
2014-10-31,ALXN,0.000749063670411985
2014-10-31,AMGN,0.0019975031210986267
2014-10-31,AMP,0.003995006242197253
2014-10-31,AMT,0.007740324594257178
2014-10-31,ANTM,0.018476903870162296
2014-10-31,APH,0.01647940074906367
2014-10-31,AZO,0.0014981273408239699
2014-10-31,BFB,0.006991260923845194
2014-10-31,BIIB,0.00024968789013732833
2014-10-31,BK,0.0004993757802746567
2014-10-31,BLL,0.016729088639200997
2014-10-31,BRCM,0.01972534332084894
2014-10-31,BRKB,0.006491885143570537
2014-10-31,CAH,0.013233458177278402
2014-10-31,CBRE,0.008239700374531835
2014-10-31,CF,0.01523096129837703
2014-10-31,CFN,0.004244694132334582
2014-10-31,COV,0.006242197253433208
2014-10-31,CSC,0.007990012484394507
2014-10-31,CSX,0.012983770287141073
2014-10-31,CTAS,0.017478152309612985
2014-10-31,CVS,0.010486891385767791
2014-10-31,DAL,0.009488139825218476
2014-10-31,DIS,0.013982521847690388
2014-10-31,DOW,0.015730337078651686
2014-10-31,DPS,0.020973782771535582
2014-10-31,DTV,0.020224719101123594
2014-10-31,DVA,0.019225967540574283
2014-10-31,EFX,0.0024968789013732826
2014-10-31,EQR,0.004494382022471911
2014-10-31,ETFC,0.012734082397003745
2014-10-31,EW,0.02072409488139825
2014-10-31,EXPE,0.012484394506866416
2014-10-31,FFIV,0.014731585518102372
2014-10-31,FTR,0.01772784019975031
2014-10-31,GD,0.021473158551810236
2014-10-31,GILD,0.01348314606741573
2014-10-31,HPQ,0.016978776529338328
2014-10-31,HSP,0.014232209737827715
2014-10-31,HUM,0.009737827715355805
2014-10-31,INTU,0.01373283395755306
2014-10-31,LEG,0.008988764044943821
2014-10-31,LLY,0.018726591760299626
2014-10-31,LM,0.009238451935081148
2014-10-31,LRCX,0.01822721598002497
2014-10-31,LUV,0.022222222222222223
2014-10-31,LYB,0.01947565543071161
2014-10-31,M,0.0012484394506866413
2014-10-31,MAR,0.021972534332084893
2014-10-31,MCO,0.017977528089887642
2014-10-31,MHFI,0.00299625468164794
2014-10-31,MMC,0.0022471910112359553
2014-10-31,MNST,0.00599250936329588
2014-10-31,MO,0.006741573033707865
2014-10-31,MRK,0.015480649188514358
2014-10-31,MS,0.007240948813982522
2014-10-31,MSFT,0.019975031210986267
2014-10-31,MU,0.02122347066167291
2014-10-31,NI,0.020474406991260925
2014-10-31,NSC,0.015980024968789013
2014-10-31,NTRS,0.005742821473158552
2014-10-31,ORLY,0.0027465667915106116
2014-10-31,PNC,0.0032459425717852684
2014-10-31,POM,0.0017478152309612985
2014-10-31,PSX,0.0009987515605493127
2014-10-31,R,0.018976279650436953
2014-10-31,RHI,0.017228464419475654
2014-10-31,ROP,0.003495630461922597
2014-10-31,RSG,0.003745318352059925
2014-10-31,SHW,0.00749063670411985
2014-10-31,SIAL,0.014481897627965043
2014-10-31,SNDK,0.009987515605493134
2014-10-31,SRE,0.004993757802746567
2014-10-31,STZ,0.011735330836454432
2014-10-31,SYY,0.008739076154806492
2014-10-31,TAP,0.010986267166042446
2014-10-31,TMO,0.010736579275905118
2014-10-31,TSN,0.011485642946317104
2014-10-31,TYC,0.010237203495630462
2014-10-31,UNH,0.005493133583021223
2014-10-31,WDC,0.016229712858926344
2014-10-31,WMB,0.0149812734082397
2014-10-31,WYND,0.011235955056179775
2014-10-31,XRX,0.008489388264669164
2014-10-31,ZBH,0.004744069912609238
2014-11-30,AA,0.02270861833105335
2014-11-30,ABBV,0.009575923392612859
2014-11-30,AEP,0.004377564979480164
2014-11-30,AIV,0.015595075239398085
2014-11-30,ALL,0.009028727770177838
2014-11-30,ALXN,0.00984952120383037
2014-11-30,AMGN,0.015047879616963064
2014-11-30,AMT,0.017783857729138167
2014-11-30,AVB,0.012038303693570451
2014-11-30,BLL,0.019425444596443228
2014-11-30,BRCM,0.0213406292749658
2014-11-30,BRKB,0.004103967168262654
2014-11-30,BXP,0.013953488372093023
2014-11-30,CAH,0.01039671682626539
2014-11-30,CFN,0.006292749658002736
2014-11-30,CMS,0.0038303693570451436
2014-11-30,COV,0.0035567715458276333
2014-11-30,CSX,0.014227086183310533
2014-11-30,CTAS,0.019151846785225718
2014-11-30,CVS,0.008755129958960328
2014-11-30,DAL,0.007387140902872777
2014-11-30,DIS,0.013679890560875513
2014-11-30,DOW,0.004651162790697674
2014-11-30,DPS,0.02188782489740082
2014-11-30,DTE,0.005745554035567715
2014-11-30,DTV,0.01997264021887825
2014-11-30,DVA,0.02024623803009576
2014-11-30,EA,0.017510259917920656
2014-11-30,EIX,0.008207934336525308
2014-11-30,EQR,0.016142270861833105
2014-11-30,ETR,0.01012311901504788
2014-11-30,EW,0.02243502051983584
2014-11-30,EXC,0.005471956224350205
2014-11-30,FDX,0.0019151846785225718
2014-11-30,FFIV,0.017236662106703146
2014-11-30,FTR,0.014500683994528044
2014-11-30,GD,0.02216142270861833
2014-11-30,GILD,0.012859097127222982
2014-11-30,HPQ,0.014774281805745554
2014-11-30,HSP,0.01969904240766074
2014-11-30,HST,0.006019151846785226
2014-11-30,INTU,0.009302325581395349
2014-11-30,KLAC,0.0013679890560875513
2014-11-30,KR,0.005198358413132695
2014-11-30,LEG,0.013406292749658003
2014-11-30,LLY,0.02079343365253078
2014-11-30,LM,0.0106703146374829
2014-11-30,LO,0.0008207934336525308
2014-11-30,LRCX,0.02106703146374829
2014-11-30,LUV,0.023255813953488372
2014-11-30,MAC,0.007113543091655267
2014-11-30,MAR,0.02298221614227086
2014-11-30,MCK,0.0024623803009575923
2014-11-30,MCO,0.018878248974008208
2014-11-30,MDT,0.0005471956224350205
2014-11-30,MMC,0.0016415868673050615
2014-11-30,MNST,0.008481532147742818
2014-11-30,MO,0.015321477428180574
2014-11-30,MSFT,0.018057455540355677
2014-11-30,MU,0.016963064295485636
2014-11-30,MWV,0.007660738714090287
2014-11-30,NI,0.02161422708618331
2014-11-30,NSC,0.018604651162790697
2014-11-30,ORLY,0.012585499316005472
2014-11-30,PCG,0.0027359781121751026
2014-11-30,PEP,0.006839945280437756
2014-11-30,POM,0.003009575923392613
2014-11-30,R,0.016415868673050615
2014-11-30,RAI,0.007934336525307797
2014-11-30,RHI,0.02051983584131327
2014-11-30,ROP,0.01121751025991792
2014-11-30,SHW,0.016689466484268126
2014-11-30,SIAL,0.013132694938440492
2014-11-30,SNA,0.002188782489740082
2014-11-30,SNDK,0.006566347469220246
2014-11-30,SPG,0.004924760601915185
2014-11-30,SRE,0.018331053351573187
2014-11-30,STZ,0.011764705882352941
2014-11-30,TAP,0.01094391244870041
2014-11-30,TXN,0.001094391244870041
2014-11-30,UNH,0.003283173734610123
2014-11-30,VNO,0.012311901504787962
2014-11-30,WDC,0.01149110807113543
2014-11-30,WIN,0.00027359781121751026
2014-11-30,WMB,0.015868673050615595
2014-12-31,AA,0.021919272921678695
2014-12-31,ABBV,0.0056134723336006415
2014-12-31,ABC,0.005078855920876771
2014-12-31,AET,0.009623095429029671
2014-12-31,AIV,0.018978882651697407
2014-12-31,ALL,0.01309810211173483
2014-12-31,ALXN,0.0002673082063619353
2014-12-31,AMGN,0.013900026730820636
2014-12-31,AMT,0.018444266238973536
2014-12-31,APD,0.0008019246190858059
2014-12-31,AVB,0.016305800588078054
2014-12-31,BDX,0.002673082063619353
2014-12-31,BLL,0.01764234161988773
2014-12-31,BRCM,0.0181769580326116
2014-12-31,BRKB,0.008286554397219995
2014-12-31,BXP,0.015503875968992248
2014-12-31,CAH,0.01710772520716386
2014-12-31,CFN,0.00855386260358193
2014-12-31,CMS,0.003475006682705159
2014-12-31,COV,0.011226944667201283
2014-12-31,CSCO,0.0018711574445335472
2014-12-31,CSX,0.007217321571772253
2014-12-31,CTAS,0.006148088746324512
2014-12-31,CVS,0.005880780539962577
2014-12-31,DAL,0.01871157444533547
2014-12-31,DPS,0.02218658112804063
2014-12-31,DTE,0.0048115477145148355
2014-12-31,DTV,0.014167334937182571
2014-12-31,DVA,0.008821170809943865
2014-12-31,EA,0.019780807270783213
2014-12-31,EIX,0.010157711841753542
2014-12-31,EQR,0.015236567762630313
2014-12-31,ETR,0.006682705159048383
2014-12-31,EW,0.022453889334402566
2014-12-31,FDX,0.0029403902699812884
2014-12-31,FFIV,0.010425020048115477
2014-12-31,FISV,0.0013365410318096765
2014-12-31,FTR,0.017375033413525795
2014-12-31,GD,0.02165196471531676
2014-12-31,GGP,0.014701951349906442
2014-12-31,GPC,0.0005346164127238706
2014-12-31,HCN,0.010959636460839348
2014-12-31,HPQ,0.019246190858059342
2014-12-31,HSP,0.019513499064421277
2014-12-31,INTU,0.012028869286287089
2014-12-31,JNJ,0.0037423148890670943
2014-12-31,KR,0.01657310879443999
2014-12-31,LEG,0.014434643143544507
2014-12-31,LLY,0.020850040096230954
2014-12-31,LM,0.004276931301790965
2014-12-31,LO,0.005346164127238706
2014-12-31,LRCX,0.021384656508954825
2014-12-31,LUV,0.022988505747126436
2014-12-31,MAC,0.01256348569901096
2014-12-31,MAR,0.0227211975407645
2014-12-31,MCK,0.011761561079925154
2014-12-31,MCO,0.013365410318096765
2014-12-31,MDT,0.009355787222667736
2014-12-31,MJN,0.007751937984496124
2014-12-31,MMC,0.0032076984763432237
2014-12-31,MNST,0.0021384656508954825
2014-12-31,MO,0.012830793905372895
2014-12-31,MRK,0.00801924619085806
2014-12-31,MSFT,0.02111734830259289
2014-12-31,MU,0.02058273188986902
2014-12-31,NI,0.020315423683507083
2014-12-31,NSC,0.0090884790163058
2014-12-31,ORLY,0.011494252873563218
2014-12-31,PCG,0.0010692328254477412
2014-12-31,PEP,0.015771184175354183
2014-12-31,PSA,0.0045442395081529
2014-12-31,R,0.014969259556268377
2014-12-31,RAI,0.0136327185244587
2014-12-31,REGN,0.009890403635391606
2014-12-31,RHI,0.016840417000801924
2014-12-31,RSG,0.0016038492381716118
2014-12-31,SHW,0.020048115477145148
2014-12-31,SNDK,0.010692328254477412
2014-12-31,SPG,0.00400962309542903
2014-12-31,SRE,0.017909649826249666
2014-12-31,STZ,0.01603849238171612
2014-12-31,TAP,0.006950013365410318
2014-12-31,TXN,0.006415396952686447
2014-12-31,UNH,0.007484629778134189
2014-12-31,VNO,0.012296177492649024
2014-12-31,ZTS,0.0024057738572574178
2015-01-31,AA,0.007751937984496124
2015-01-31,ABC,0.005078855920876771
2015-01-31,ABT,0.006682705159048383
2015-01-31,AET,0.010425020048115477
2015-01-31,AIV,0.008821170809943865
2015-01-31,ALL,0.02111734830259289
2015-01-31,AMAT,0.0045442395081529
2015-01-31,AMP,0.006950013365410318
2015-01-31,ANTM,0.020315423683507083
2015-01-31,APD,0.008286554397219995
2015-01-31,AVB,0.01309810211173483
2015-01-31,BLL,0.020048115477145148
2015-01-31,BRCM,0.02058273188986902
2015-01-31,BRKB,0.01603849238171612
2015-01-31,CAH,0.005346164127238706
2015-01-31,COST,0.009890403635391606
2015-01-31,CSCO,0.0024057738572574178
2015-01-31,CSX,0.013900026730820636
2015-01-31,CTAS,0.019513499064421277
2015-01-31,CVS,0.018444266238973536
2015-01-31,DAL,0.01710772520716386
2015-01-31,DGX,0.00801924619085806
2015-01-31,DIS,0.011761561079925154
2015-01-31,DLTR,0.0037423148890670943
2015-01-31,DPS,0.021919272921678695
2015-01-31,DTE,0.00400962309542903
2015-01-31,DTV,0.0090884790163058
2015-01-31,EA,0.01657310879443999
2015-01-31,EIX,0.0029403902699812884
2015-01-31,EQR,0.002673082063619353
2015-01-31,ETR,0.010157711841753542
2015-01-31,EW,0.0227211975407645
2015-01-31,FDX,0.006415396952686447
2015-01-31,FISV,0.010959636460839348
2015-01-31,FTR,0.0056134723336006415
2015-01-31,GD,0.014701951349906442
2015-01-31,GGP,0.019246190858059342
2015-01-31,GPC,0.006148088746324512
2015-01-31,HCN,0.0005346164127238706
2015-01-31,HD,0.0032076984763432237
2015-01-31,HPQ,0.018978882651697407
2015-01-31,HSP,0.016305800588078054
2015-01-31,HST,0.0016038492381716118
2015-01-31,HUM,0.007217321571772253
2015-01-31,INTU,0.011494252873563218
2015-01-31,IRM,0.0002673082063619353
2015-01-31,JWN,0.015503875968992248
2015-01-31,KR,0.02218658112804063
2015-01-31,LB,0.01764234161988773
2015-01-31,LEG,0.0181769580326116
2015-01-31,LLY,0.016840417000801924
2015-01-31,LO,0.0048115477145148355
2015-01-31,LOW,0.015236567762630313
2015-01-31,LRCX,0.02165196471531676
2015-01-31,LUV,0.022988505747126436
2015-01-31,MAC,0.019780807270783213
2015-01-31,MAR,0.022453889334402566
2015-01-31,MCO,0.003475006682705159
2015-01-31,MDT,0.0008019246190858059
2015-01-31,MJN,0.012028869286287089
2015-01-31,MMC,0.014969259556268377
2015-01-31,MMM,0.00855386260358193
2015-01-31,MO,0.017375033413525795
2015-01-31,MS,0.014167334937182571
2015-01-31,MSFT,0.017909649826249666
2015-01-31,MU,0.014434643143544507
2015-01-31,NDAQ,0.005880780539962577
2015-01-31,NI,0.01871157444533547
2015-01-31,ORLY,0.012830793905372895
2015-01-31,R,0.0136327185244587
2015-01-31,RAI,0.012296177492649024
2015-01-31,RHI,0.020850040096230954
2015-01-31,RSG,0.015771184175354183
2015-01-31,SCG,0.0010692328254477412
2015-01-31,SHW,0.021384656508954825
2015-01-31,SNA,0.010692328254477412
2015-01-31,SRE,0.011226944667201283
2015-01-31,STZ,0.0018711574445335472
2015-01-31,SWK,0.007484629778134189
2015-01-31,TAP,0.0021384656508954825
2015-01-31,TXN,0.0013365410318096765
2015-01-31,UNH,0.013365410318096765
2015-01-31,VFC,0.004276931301790965
2015-01-31,VNO,0.01256348569901096
2015-01-31,WDC,0.009355787222667736
2015-01-31,WM,0.009623095429029671
2015-02-28,AA,0.00855386260358193
2015-02-28,ABC,0.01657310879443999
2015-02-28,AEP,0.0018711574445335472
2015-02-28,AET,0.010157711841753542
2015-02-28,AIV,0.0136327185244587
2015-02-28,ALL,0.02111734830259289
2015-02-28,ANTM,0.022453889334402566
2015-02-28,AVB,0.015771184175354183
2015-02-28,BRCM,0.0181769580326116
2015-02-28,BRKB,0.008821170809943865
2015-02-28,BXP,0.0090884790163058
2015-02-28,CAH,0.0048115477145148355
2015-02-28,CFN,0.006148088746324512
2015-02-28,CHRW,0.008286554397219995
2015-02-28,CI,0.006950013365410318
2015-02-28,CLX,0.013900026730820636
2015-02-28,CMS,0.01309810211173483
2015-02-28,COST,0.014434643143544507
2015-02-28,CTAS,0.017909649826249666
2015-02-28,CVS,0.017375033413525795
2015-02-28,DAL,0.007484629778134189
2015-02-28,DGX,0.01710772520716386
2015-02-28,DLTR,0.009623095429029671
2015-02-28,DPS,0.02165196471531676
2015-02-28,DTE,0.007751937984496124
2015-02-28,DUK,0.00801924619085806
2015-02-28,EA,0.019780807270783213
2015-02-28,EFX,0.010959636460839348
2015-02-28,EIX,0.0029403902699812884
2015-02-28,EQR,0.012830793905372895
2015-02-28,ETR,0.012296177492649024
2015-02-28,EW,0.02218658112804063
2015-02-28,FDX,0.01256348569901096
2015-02-28,FE,0.0008019246190858059
2015-02-28,FISV,0.01603849238171612
2015-02-28,FTR,0.006682705159048383
2015-02-28,GGP,0.01764234161988773
2015-02-28,HCN,0.015236567762630313
2015-02-28,HD,0.002673082063619353
2015-02-28,HSP,0.020048115477145148
2015-02-28,IRM,0.014701951349906442
2015-02-28,JWN,0.0045442395081529
2015-02-28,KMI,0.0037423148890670943
2015-02-28,KR,0.0227211975407645
2015-02-28,LB,0.019513499064421277
2015-02-28,LEG,0.014969259556268377
2015-02-28,LH,0.007217321571772253
2015-02-28,LLY,0.012028869286287089
2015-02-28,LO,0.016840417000801924
2015-02-28,LOW,0.010692328254477412
2015-02-28,LRCX,0.021384656508954825
2015-02-28,LUV,0.022988505747126436
2015-02-28,MAC,0.018978882651697407
2015-02-28,MAR,0.018444266238973536
2015-02-28,MCK,0.0005346164127238706
2015-02-28,MJN,0.011494252873563218
2015-02-28,MMM,0.013365410318096765
2015-02-28,MO,0.021919272921678695
2015-02-28,MWV,0.010425020048115477
2015-02-28,NI,0.019246190858059342
2015-02-28,PCG,0.009890403635391606
2015-02-28,PDCO,0.003475006682705159
2015-02-28,PEP,0.005880780539962577
2015-02-28,RAI,0.016305800588078054
2015-02-28,RHI,0.020850040096230954
2015-02-28,RSG,0.005078855920876771
2015-02-28,SBUX,0.011226944667201283
2015-02-28,SCG,0.009355787222667736
2015-02-28,SHW,0.020315423683507083
2015-02-28,SIAL,0.0024057738572574178
2015-02-28,SO,0.006415396952686447
2015-02-28,SPG,0.005346164127238706
2015-02-28,SRCL,0.0016038492381716118
2015-02-28,SRE,0.011761561079925154
2015-02-28,STZ,0.014167334937182571
2015-02-28,TAP,0.004276931301790965
2015-02-28,TE,0.0032076984763432237
2015-02-28,TEG,0.0010692328254477412
2015-02-28,TSO,0.01871157444533547
2015-02-28,UNH,0.015503875968992248
2015-02-28,VTR,0.0002673082063619353
2015-02-28,WHR,0.0056134723336006415
2015-02-28,WM,0.02058273188986902
2015-02-28,XEL,0.0013365410318096765
2015-02-28,XRX,0.0021384656508954825
2015-02-28,ZTS,0.00400962309542903
2015-03-31,ABC,0.017999064983637212
2015-03-31,ABT,0.014960261804581581
2015-03-31,AET,0.010051425899953248
2015-03-31,ALL,0.01753155680224404
2015-03-31,AMP,0.0032725572697522207
2015-03-31,ANTM,0.020570359981299673
2015-03-31,APD,0.015895278167367927
2015-03-31,AVB,0.003973819541841981
2015-03-31,BBY,0.005142589995324918
2015-03-31,BLL,0.0035063113604488078
2015-03-31,BRCM,0.015194015895278168
2015-03-31,CAH,0.01425899953249182
2015-03-31,CHRW,0.015661524076671342
2015-03-31,CI,0.010986442262739598
2015-03-31,CLX,0.011220196353436185
2015-03-31,CME,0.005376344086021506
2015-03-31,COST,0.017064048620850866
2015-03-31,CSCO,0.002571294997662459
2015-03-31,CTAS,0.01846657316503039
2015-03-31,CVS,0.016830294530154277
2015-03-31,DIS,0.00584385226741468
2015-03-31,DLTR,0.01659654043945769
2015-03-31,DPS,0.020336605890603085
2015-03-31,DRI,0.0009350163627863488
2015-03-31,DTV,0.008415147265077139
2015-03-31,EA,0.01729780271154745
2015-03-31,EFX,0.016129032258064516
2015-03-31,EQR,0.0074801309022907905
2015-03-31,EW,0.020804114071996258
2015-03-31,EXPE,0.0016362786348761104
2015-03-31,FB,0.010752688172043012
2015-03-31,FDX,0.01332398316970547
2015-03-31,FIS,0.014726507713884993
2015-03-31,FISV,0.017765310892940627
2015-03-31,GD,0.004441327723235157
2015-03-31,GGP,0.009583917718560075
2015-03-31,HD,0.012856474988312296
2015-03-31,HSP,0.016362786348761104
2015-03-31,HUM,0.009817671809256662
2015-03-31,IFF,0.0002337540906965872
2015-03-31,IPG,0.001402524544179523
2015-03-31,JWN,0.008181393174380552
2015-03-31,KMI,0.0007012622720897616
2015-03-31,KR,0.021505376344086023
2015-03-31,LB,0.018700327255726974
2015-03-31,LEG,0.014025245441795231
2015-03-31,LH,0.004908835904628331
2015-03-31,LLY,0.013090229079008883
2015-03-31,LMT,0.01168770453482936
2015-03-31,LO,0.006311360448807854
2015-03-31,LOW,0.015427769985974754
2015-03-31,LRCX,0.01916783543712015
2015-03-31,LUV,0.019869097709209912
2015-03-31,MAC,0.008882655446470314
2015-03-31,MAR,0.0182328190743338
2015-03-31,MCK,0.0070126227208976155
2015-03-31,MHFI,0.0018700327255726976
2015-03-31,MJN,0.012622720897615708
2015-03-31,MMM,0.013557737260402058
2015-03-31,MNST,0.011921458625525946
2015-03-31,MO,0.021037868162692847
2015-03-31,MWV,0.010285179990649837
2015-03-31,NDAQ,0.010518934081346423
2015-03-31,NI,0.012155212716222535
2015-03-31,NKE,0.0023375409069658717
2015-03-31,NOC,0.019635343618513323
2015-03-31,NWL,0.006077606358111267
2015-03-31,ORLY,0.007246376811594203
2015-03-31,PEP,0.0021037868162692847
2015-03-31,RAI,0.014492753623188406
2015-03-31,REGN,0.0011687704534829358
2015-03-31,RHI,0.020102851799906497
2015-03-31,ROP,0.0065451145395044414
2015-03-31,ROST,0.004675081813931743
2015-03-31,RSG,0.011453950444132773
2015-03-31,SBUX,0.0091164095371669
2015-03-31,SEE,0.0030388031790556337
2015-03-31,SHW,0.021271622253389435
2015-03-31,SIAL,0.0004675081813931745
2015-03-31,SNA,0.009350163627863487
2015-03-31,SRCL,0.007947639083683964
2015-03-31,STZ,0.008648901355773725
2015-03-31,SWK,0.006778868630201029
2015-03-31,SYMC,0.002805049088359046
2015-03-31,TRV,0.007713884992987377
2015-03-31,TSO,0.018934081346423562
2015-03-31,TSS,0.004207573632538569
2015-03-31,UNH,0.012388966806919121
2015-03-31,VRTX,0.0037400654511453952
2015-03-31,WHR,0.005610098176718092
2015-03-31,WM,0.019401589527816735
2015-03-31,ZTS,0.013791491351098644
2015-04-30,ABC,0.020804114071996258
2015-04-30,ABT,0.011220196353436185
2015-04-30,ADT,0.006778868630201029
2015-04-30,AET,0.01753155680224404
2015-04-30,AIV,0.0009350163627863488
2015-04-30,ALL,0.0182328190743338
2015-04-30,AMGN,0.006077606358111267
2015-04-30,ANTM,0.021271622253389435
2015-04-30,APD,0.011453950444132773
2015-04-30,AVB,0.0030388031790556337
2015-04-30,AZO,0.0021037868162692847
2015-04-30,BBY,0.004908835904628331
2015-04-30,BDX,0.0004675081813931744
2015-04-30,BIIB,0.007713884992987377
2015-04-30,BMY,0.004675081813931743
2015-04-30,BRCM,0.009817671809256662
2015-04-30,BSX,0.0023375409069658717
2015-04-30,CAH,0.017999064983637212
2015-04-30,CERN,0.013791491351098644
2015-04-30,CI,0.01659654043945769
2015-04-30,CLX,0.008181393174380552
2015-04-30,CME,0.0091164095371669
2015-04-30,COL,0.002805049088359046
2015-04-30,COST,0.020336605890603085
2015-04-30,CTAS,0.01846657316503039
2015-04-30,CVS,0.017064048620850866
2015-04-30,DG,0.0007012622720897616
2015-04-30,DGX,0.014025245441795231
2015-04-30,DIS,0.008415147265077139
2015-04-30,DLTR,0.019401589527816735
2015-04-30,DPS,0.01916783543712015
2015-04-30,DRI,0.010752688172043012
2015-04-30,EA,0.018934081346423562
2015-04-30,EFX,0.012155212716222535
2015-04-30,EQR,0.00584385226741468
2015-04-30,ESS,0.003973819541841982
2015-04-30,EW,0.020102851799906497
2015-04-30,EXPE,0.014726507713884993
2015-04-30,FB,0.015895278167367927
2015-04-30,FDO,0.004441327723235157
2015-04-30,FIS,0.017765310892940627
2015-04-30,FISV,0.016129032258064516
2015-04-30,GD,0.00023375409069658747
2015-04-30,GGP,0.006311360448807854
2015-04-30,HD,0.011921458625525946
2015-04-30,HSP,0.012856474988312296
2015-04-30,HUM,0.016362786348761104
2015-04-30,INTU,0.002571294997662459
2015-04-30,JWN,0.008882655446470314
2015-04-30,KMI,0.0037400654511453952
2015-04-30,KMX,0.001402524544179523
2015-04-30,KR,0.021505376344086023
2015-04-30,LB,0.020570359981299673
2015-04-30,LEG,0.015194015895278168
2015-04-30,LH,0.0074801309022907905
2015-04-30,LLY,0.016830294530154277
2015-04-30,LMT,0.013090229079008883
2015-04-30,LOW,0.018700327255726974
2015-04-30,LUV,0.019869097709209912
2015-04-30,MAC,0.004207573632538569
2015-04-30,MAR,0.010986442262739598
2015-04-30,MCK,0.009583917718560075
2015-04-30,MCO,0.007246376811594203
2015-04-30,MDT,0.005610098176718092
2015-04-30,MHFI,0.0070126227208976155
2015-04-30,MHK,0.0011687704534829358
2015-04-30,MMM,0.0035063113604488078
2015-04-30,MNST,0.012388966806919121
2015-04-30,NDAQ,0.014492753623188406
2015-04-30,NI,0.01168770453482936
2015-04-30,NKE,0.010051425899953248
2015-04-30,NOC,0.01729780271154745
2015-04-30,NWL,0.008648901355773725
2015-04-30,ORLY,0.010285179990649837
2015-04-30,REGN,0.01425899953249182
2015-04-30,RHI,0.01332398316970547
2015-04-30,RHT,0.010518934081346423
2015-04-30,ROP,0.005142589995324918
2015-04-30,ROST,0.007947639083683964
2015-04-30,RSG,0.003272557269752221
2015-04-30,SBUX,0.014960261804581581
2015-04-30,SHW,0.021037868162692847
2015-04-30,SNA,0.005376344086021506
2015-04-30,SRCL,0.009350163627863487
2015-04-30,STZ,0.015427769985974754
2015-04-30,TSO,0.015661524076671342
2015-04-30,TXN,0.0016362786348761104
2015-04-30,UNH,0.019635343618513323
2015-04-30,VRTX,0.0065451145395044414
2015-04-30,WM,0.013557737260402058
2015-04-30,XL,0.0018700327255726976
2015-04-30,ZTS,0.012622720897615708
2015-05-31,ABC,0.02127659574468085
2015-05-31,ABT,0.011896591169068863
2015-05-31,AET,0.020132692747654998
2015-05-31,AKAM,0.004346831388698238
2015-05-31,ALL,0.01601464195836193
2015-05-31,AMGN,0.011210249370853352
2015-05-31,AMZN,0.0011439029970258523
2015-05-31,ANTM,0.02081903454587051
2015-05-31,APD,0.003431708991077557
2015-05-31,AVGO,0.014413177762525738
2015-05-31,AZO,0.006634637382749942
2015-05-31,BK,0.0009151223976206818
2015-05-31,BMY,0.012125371768474034
2015-05-31,BRCM,0.0162434225577671
2015-05-31,BSX,0.01029512697323267
2015-05-31,CAH,0.0059482955845344306
2015-05-31,CERN,0.018988789750629148
2015-05-31,CI,0.012582932967284374
2015-05-31,CLX,0.006405856783344772
2015-05-31,CME,0.008464882177991306
2015-05-31,COL,0.009151223976206819
2015-05-31,COST,0.01532830016014642
2015-05-31,CTAS,0.017387325554792953
2015-05-31,CVS,0.011667810569663692
2015-05-31,DG,0.005719514985129261
2015-05-31,DIS,0.013498055364905056
2015-05-31,DLTR,0.018302447952413637
2015-05-31,DPS,0.013955616563715396
2015-05-31,DRI,0.0029741477922672153
2015-05-31,EA,0.015099519560741249
2015-05-31,EFX,0.02036147334706017
2015-05-31,ESRX,0.00022878059940517045
2015-05-31,ETFC,0.013726835964310227
2015-05-31,EW,0.016472203157172273
2015-05-31,EXPE,0.017616106154198122
2015-05-31,FB,0.007778540379775795
2015-05-31,FDO,0.010066346373827499
2015-05-31,FISV,0.01967513154884466
2015-05-31,GS,0.001601464195836193
2015-05-31,HAS,0.00526195378631892
2015-05-31,HBAN,0.005033173186913749
2015-05-31,HD,0.008236101578586136
2015-05-31,HSP,0.014870738961336078
2015-05-31,HUM,0.0038892701898878973
2015-05-31,INTU,0.008693662777396477
2015-05-31,ISRG,0.012354152367879203
2015-05-31,KMI,0.01052390757263784
2015-05-31,KMX,0.0061770761839396015
2015-05-31,KR,0.019446350949439486
2015-05-31,LB,0.02059025394646534
2015-05-31,LEG,0.0020590253946465333
2015-05-31,LLY,0.018760009151223975
2015-05-31,LOW,0.018073667353008464
2015-05-31,LUV,0.014184397163120567
2015-05-31,MAC,0.002745367192862045
2015-05-31,MAR,0.010752688172043012
2015-05-31,MCO,0.0068634179821551134
2015-05-31,MDT,0.000457561198810341
2015-05-31,MHFI,0.004118050789293068
2015-05-31,MNST,0.016700983756577442
2015-05-31,MYL,0.0036604895904827272
2015-05-31,NDAQ,0.00983756577442233
2015-05-31,NI,0.008007320979180966
2015-05-31,NKE,0.008922443376801648
2015-05-31,NOC,0.01692976435598261
2015-05-31,NTRS,0.01098146877144818
2015-05-31,NWL,0.014641958361930909
2015-05-31,ORLY,0.017844886753603295
2015-05-31,PAYX,0.0006863417982155113
2015-05-31,PDCO,0.0018302447952413636
2015-05-31,PRGO,0.009380004575611988
2015-05-31,REGN,0.018531228551818806
2015-05-31,RHT,0.017158544955387784
2015-05-31,ROP,0.003202928391672386
2015-05-31,ROST,0.0073209791809654545
2015-05-31,RSG,0.0070921985815602835
2015-05-31,SEE,0.00549073438572409
2015-05-31,SHW,0.02104781514527568
2015-05-31,SIAL,0.0025165865934568747
2015-05-31,SNA,0.013040494166094716
2015-05-31,SPLS,0.0013726835964310226
2015-05-31,SRCL,0.004575611988103409
2015-05-31,STT,0.004804392587508579
2015-05-31,STZ,0.019217570350034317
2015-05-31,TGT,0.0075497597803706245
2015-05-31,TSO,0.01555708075955159
2015-05-31,TSS,0.015785861358956762
2015-05-31,UNH,0.01990391214824983
2015-05-31,VMC,0.011439029970258523
2015-05-31,VRTX,0.012811713566689545
2015-05-31,WAT,0.009608785175017159
2015-05-31,XL,0.0022878059940517046
2015-05-31,ZTS,0.013269274765499885
2015-06-30,AAPL,0.01532830016014642
2015-06-30,ABC,0.02059025394646534
2015-06-30,ABT,0.014641958361930909
2015-06-30,ACN,0.0038892701898878973
2015-06-30,AET,0.020132692747654998
2015-06-30,ALL,0.003660489590482728
2015-06-30,AMGN,0.0066346373827499425
2015-06-30,ANTM,0.02127659574468085
2015-06-30,AVGO,0.018988789750629148
2015-06-30,AZO,0.005033173186913749
2015-06-30,BBBY,0.001601464195836193
2015-06-30,BMY,0.0162434225577671
2015-06-30,BRCM,0.008693662777396477
2015-06-30,BSX,0.011210249370853352
2015-06-30,CAG,0.011667810569663692
2015-06-30,CAH,0.015785861358956762
2015-06-30,CELG,0.005719514985129261
2015-06-30,CERN,0.011896591169068863
2015-06-30,CF,0.00549073438572409
2015-06-30,CI,0.018073667353008464
2015-06-30,CLX,0.00526195378631892
2015-06-30,CME,0.013040494166094716
2015-06-30,COL,0.005948295584534431
2015-06-30,COST,0.013498055364905056
2015-06-30,CTAS,0.018531228551818806
2015-06-30,CTSH,0.00022878059940517045
2015-06-30,CVC,0.0006863417982155113
2015-06-30,CVS,0.018760009151223975
2015-06-30,DGX,0.008922443376801648
2015-06-30,DIS,0.011439029970258523
2015-06-30,DLTR,0.012125371768474034
2015-06-30,DPS,0.014184397163120567
2015-06-30,DRI,0.013955616563715394
2015-06-30,EA,0.019446350949439486
2015-06-30,EBAY,0.002059025394646534
2015-06-30,EFX,0.01967513154884466
2015-06-30,ESRX,0.0068634179821551134
2015-06-30,ETFC,0.01601464195836193
2015-06-30,EW,0.014413177762525738
2015-06-30,EXPE,0.015099519560741249
2015-06-30,FISV,0.02036147334706017
2015-06-30,GD,0.0025165865934568747
2015-06-30,GS,0.0013726835964310226
2015-06-30,HAS,0.007778540379775795
2015-06-30,HBAN,0.003202928391672386
2015-06-30,HD,0.010752688172043012
2015-06-30,HSP,0.01098146877144818
2015-06-30,HUM,0.012811713566689545
2015-06-30,INTU,0.01029512697323267
2015-06-30,KR,0.018302447952413637
2015-06-30,LB,0.017387325554792953
2015-06-30,LEG,0.00983756577442233
2015-06-30,LLY,0.017158544955387784
2015-06-30,LOW,0.01692976435598261
2015-06-30,MA,0.0004575611988103409
2015-06-30,MAC,0.0009151223976206818
2015-06-30,MCK,0.017844886753603295
2015-06-30,MCO,0.006405856783344772
2015-06-30,MHFI,0.002745367192862045
2015-06-30,MNST,0.008464882177991306
2015-06-30,NDAQ,0.012582932967284374
2015-06-30,NI,0.0073209791809654545
2015-06-30,NKE,0.01052390757263784
2015-06-30,NOC,0.019217570350034317
2015-06-30,NTRS,0.001830244795241364
2015-06-30,NWL,0.012354152367879203
2015-06-30,ORLY,0.016700983756577442
2015-06-30,PAYX,0.0022878059940517046
2015-06-30,PDCO,0.004804392587508579
2015-06-30,PFE,0.004575611988103409
2015-06-30,PLL,0.0034317089910775567
2015-06-30,PRGO,0.008007320979180966
2015-06-30,RAI,0.0011439029970258523
2015-06-30,REGN,0.02104781514527568
2015-06-30,RHT,0.009608785175017159
2015-06-30,ROP,0.004118050789293068
2015-06-30,ROST,0.0075497597803706245
2015-06-30,SEE,0.008236101578586136
2015-06-30,SHW,0.02081903454587051
2015-06-30,SNA,0.014870738961336078
2015-06-30,SPLS,0.0070921985815602835
2015-06-30,SRCL,0.0029741477922672157
2015-06-30,STZ,0.016472203157172273
2015-06-30,SWK,0.0061770761839396015
2015-06-30,TGT,0.009151223976206819
2015-06-30,TSCO,0.009380004575611988
2015-06-30,TSO,0.013269274765499885
2015-06-30,TSS,0.017616106154198122
2015-06-30,UNH,0.01990391214824983
2015-06-30,VMC,0.013726835964310227
2015-06-30,WAT,0.010066346373827499
2015-06-30,XL,0.004346831388698238
2015-06-30,ZTS,0.01555708075955159
2015-07-31,AAPL,0.0074801309022907905
2015-07-31,ABBV,0.0004675081813931744
2015-07-31,ABC,0.014025245441795231
2015-07-31,ABT,0.01168770453482936
2015-07-31,ACN,0.009350163627863487
2015-07-31,AET,0.021505376344086023
2015-07-31,AGN,0.013090229079008883
2015-07-31,ALTR,0.010518934081346423
2015-07-31,AMZN,0.004908835904628331
2015-07-31,ANTM,0.019869097709209912
2015-07-31,AVGO,0.014492753623188406
2015-07-31,AVY,0.006311360448807854
2015-07-31,AZO,0.0091164095371669
2015-07-31,BDX,0.0002337540906965872
2015-07-31,BMY,0.015194015895278168
2015-07-31,BSX,0.008415147265077139
2015-07-31,CAG,0.01916783543712015
2015-07-31,CCL,0.012856474988312296
2015-07-31,CELG,0.008648901355773725
2015-07-31,CERN,0.010285179990649837
2015-07-31,CI,0.021037868162692847
2015-07-31,CLX,0.0070126227208976155
2015-07-31,CME,0.007713884992987377
2015-07-31,COL,0.009817671809256662
2015-07-31,CTAS,0.017999064983637212
2015-07-31,CVS,0.020102851799906497
2015-07-31,DG,0.010986442262739598
2015-07-31,DIS,0.01425899953249182
2015-07-31,DLTR,0.015427769985974754
2015-07-31,DPS,0.005610098176718092
2015-07-31,DRI,0.019401589527816735
2015-07-31,EA,0.021271622253389435
2015-07-31,EFX,0.01332398316970547
2015-07-31,ESRX,0.011220196353436185
2015-07-31,ETFC,0.01753155680224404
2015-07-31,EW,0.014960261804581581
2015-07-31,EXPE,0.015895278167367927
2015-07-31,FISV,0.020570359981299673
2015-07-31,GD,0.006077606358111267
2015-07-31,HAS,0.016830294530154277
2015-07-31,HBAN,0.0009350163627863486
2015-07-31,HD,0.011453950444132773
2015-07-31,HIG,0.003973819541841982
2015-07-31,HSP,0.006778868630201029
2015-07-31,HUM,0.008882655446470314
2015-07-31,INTU,0.0023375409069658713
2015-07-31,KR,0.018934081346423562
2015-07-31,LB,0.016362786348761104
2015-07-31,LEG,0.015661524076671342
2015-07-31,LEN,0.002571294997662459
2015-07-31,LLY,0.019635343618513323
2015-07-31,LOW,0.012388966806919121
2015-07-31,MA,0.0035063113604488078
2015-07-31,MAS,0.002805049088359046
2015-07-31,MCK,0.0021037868162692847
2015-07-31,MCO,0.007947639083683964
2015-07-31,MHFI,0.0016362786348761104
2015-07-31,MHK,0.012622720897615708
2015-07-31,MKC,0.0037400654511453952
2015-07-31,MNST,0.01659654043945769
2015-07-31,NI,0.008181393174380552
2015-07-31,NKE,0.016129032258064516
2015-07-31,NOC,0.017765310892940627
2015-07-31,NTRS,0.0011687704534829358
2015-07-31,NWL,0.013557737260402058
2015-07-31,ORLY,0.01846657316503039
2015-07-31,PDCO,0.010051425899953248
2015-07-31,PFE,0.0018700327255726976
2015-07-31,PGR,0.0032725572697522207
2015-07-31,PLL,0.011921458625525946
2015-07-31,RAI,0.007246376811594202
2015-07-31,REGN,0.020804114071996258
2015-07-31,RHT,0.004441327723235157
2015-07-31,ROP,0.004207573632538569
2015-07-31,SEE,0.01729780271154745
2015-07-31,SHW,0.0182328190743338
2015-07-31,SIAL,0.0007012622720897616
2015-07-31,SNA,0.014726507713884993
2015-07-31,STZ,0.018700327255726974
2015-07-31,SWK,0.012155212716222535
2015-07-31,SYK,0.001402524544179523
2015-07-31,TGT,0.009583917718560075
2015-07-31,TJX,0.0030388031790556337
2015-07-31,TSCO,0.013791491351098644
2015-07-31,TSO,0.004675081813931744
2015-07-31,TSS,0.017064048620850866
2015-07-31,UNH,0.020336605890603085
2015-07-31,VMC,0.005843852267414681
2015-07-31,VRTX,0.0065451145395044414
2015-07-31,WAT,0.005376344086021506
2015-07-31,XL,0.005142589995324918
2015-07-31,ZTS,0.010752688172043012
2015-08-31,ABBV,0.0018700327255726976
2015-08-31,ABC,0.014492753623188406
2015-08-31,ABT,0.01753155680224404
2015-08-31,ACN,0.014960261804581581
2015-08-31,AET,0.013557737260402058
2015-08-31,AGN,0.01425899953249182
2015-08-31,ALLE,0.0016362786348761104
2015-08-31,ALTR,0.0021037868162692847
2015-08-31,AMZN,0.011921458625525946
2015-08-31,ANTM,0.010285179990649837
2015-08-31,AVGO,0.0009350163627863482
2015-08-31,AVY,0.009350163627863487
2015-08-31,AZO,0.01332398316970547
2015-08-31,BCR,0.0070126227208976155
2015-08-31,BDX,0.009583917718560075
2015-08-31,BMY,0.015194015895278168
2015-08-31,BSX,0.007246376811594203
2015-08-31,CAG,0.01846657316503039
2015-08-31,CCL,0.017064048620850866
2015-08-31,CELG,0.010518934081346423
2015-08-31,CERN,0.013090229079008883
2015-08-31,CI,0.013791491351098644
2015-08-31,CLX,0.01659654043945769
2015-08-31,CME,0.0091164095371669
2015-08-31,COST,0.0023375409069658717
2015-08-31,CTAS,0.016830294530154277
2015-08-31,CTSH,0.004675081813931743
2015-08-31,CVC,0.008181393174380552
2015-08-31,CVS,0.021271622253389435
2015-08-31,DHI,0.005610098176718092
2015-08-31,DHR,0.0032725572697522207
2015-08-31,DIS,0.017765310892940627
2015-08-31,DLTR,0.017999064983637212
2015-08-31,DPS,0.006311360448807854
2015-08-31,DRI,0.020570359981299673
2015-08-31,EA,0.021505376344086023
2015-08-31,EFX,0.014726507713884993
2015-08-31,ESRX,0.004908835904628331
2015-08-31,ETFC,0.005376344086021506
2015-08-31,EW,0.015661524076671342
2015-08-31,EXPE,0.0182328190743338
2015-08-31,FB,0.008648901355773725
2015-08-31,FISV,0.020804114071996258
2015-08-31,GD,0.004207573632538569
2015-08-31,HAS,0.018934081346423562
2015-08-31,HBAN,0.0074801309022907905
2015-08-31,HD,0.0007012622720897616
2015-08-31,HIG,0.006077606358111267
2015-08-31,HSP,0.010986442262739598
2015-08-31,INTU,0.008415147265077139
2015-08-31,LEG,0.012622720897615708
2015-08-31,LEN,0.004441327723235157
2015-08-31,LLY,0.020102851799906497
2015-08-31,LOW,0.006778868630201029
2015-08-31,MA,0.0065451145395044414
2015-08-31,MCO,0.0011687704534829356
2015-08-31,MDT,0.001402524544179523
2015-08-31,MHFI,0.003973819541841982
2015-08-31,MHK,0.007713884992987377
2015-08-31,MKC,0.002571294997662459
2015-08-31,MNST,0.010752688172043012
2015-08-31,MO,0.0004675081813931744
2015-08-31,NKE,0.019401589527816735
2015-08-31,NOC,0.01916783543712015
2015-08-31,NWL,0.016362786348761104
2015-08-31,ORLY,0.019635343618513323
2015-08-31,PDCO,0.012388966806919121
2015-08-31,PFE,0.011453950444132773
2015-08-31,PGR,0.011220196353436185
2015-08-31,PKI,0.0030388031790556337
2015-08-31,PRGO,0.007947639083683964
2015-08-31,RAI,0.015895278167367927
2015-08-31,REGN,0.021037868162692847
2015-08-31,RHT,0.002805049088359046
2015-08-31,SEE,0.015427769985974754
2015-08-31,SHW,0.016129032258064516
2015-08-31,SNA,0.01729780271154745
2015-08-31,SRCL,0.00584385226741468
2015-08-31,STI,0.0002337540906965872
2015-08-31,STZ,0.019869097709209912
2015-08-31,SWK,0.003740065451145396
2015-08-31,SYK,0.008882655446470314
2015-08-31,TGT,0.010051425899953248
2015-08-31,TSCO,0.009817671809256662
2015-08-31,TSO,0.01168770453482936
2015-08-31,TSS,0.020336605890603085
2015-08-31,UNH,0.018700327255726974
2015-08-31,VMC,0.014025245441795231
2015-08-31,VRTX,0.012856474988312296
2015-08-31,WAT,0.012155212716222535
2015-08-31,WFC,0.0035063113604488078
2015-08-31,ZTS,0.005142589995324918
2015-09-30,ABC,0.012125371768474034
2015-09-30,ACN,0.001143902997025853
2015-09-30,AET,0.018531228551818806
2015-09-30,AGN,0.0029741477922672153
2015-09-30,ALLE,0.01052390757263784
2015-09-30,ALTR,0.006863417982155114
2015-09-30,AMZN,0.016472203157172273
2015-09-30,AN,0.002745367192862045
2015-09-30,AVGO,0.0061770761839396015
2015-09-30,AVY,0.01601464195836193
2015-09-30,AZO,0.020132692747654998
2015-09-30,BCR,0.01532830016014642
2015-09-30,BDX,0.0070921985815602835
2015-09-30,BSX,0.0162434225577671
2015-09-30,CAG,0.012354152367879203
2015-09-30,CB,0.0022878059940517046
2015-09-30,CCL,0.004804392587508579
2015-09-30,CELG,0.002059025394646534
2015-09-30,CI,0.017616106154198122
2015-09-30,CLX,0.009608785175017159
2015-09-30,CME,0.005948295584534431
2015-09-30,CPB,0.0006863417982155113
2015-09-30,CTAS,0.013040494166094716
2015-09-30,CTSH,0.015099519560741249
2015-09-30,CVC,0.008464882177991306
2015-09-30,CVS,0.014870738961336078
2015-09-30,DG,0.007778540379775795
2015-09-30,DHI,0.017844886753603295
2015-09-30,DHR,0.001601464195836193
2015-09-30,DLTR,0.017158544955387784
2015-09-30,DPS,0.0034317089910775567
2015-09-30,DRI,0.014184397163120567
2015-09-30,EA,0.02104781514527568
2015-09-30,EFX,0.018073667353008464
2015-09-30,ESRX,0.00526195378631892
2015-09-30,ESS,0.0018302447952413636
2015-09-30,EW,0.01098146877144818
2015-09-30,EXPD,0.008007320979180966
2015-09-30,EXPE,0.014641958361930909
2015-09-30,FIS,0.012582932967284374
2015-09-30,FISV,0.02036147334706017
2015-09-30,GIS,0.0066346373827499425
2015-09-30,GT,0.0025165865934568747
2015-09-30,HAS,0.016700983756577442
2015-09-30,HD,0.01692976435598261
2015-09-30,HIG,0.010066346373827499
2015-09-30,HRL,0.004346831388698238
2015-09-30,HUM,0.00549073438572409
2015-09-30,KMX,0.0013726835964310226
2015-09-30,LB,0.009380004575611988
2015-09-30,LEG,0.008693662777396477
2015-09-30,LEN,0.008922443376801648
2015-09-30,LLY,0.019446350949439486
2015-09-30,LOW,0.013498055364905056
2015-09-30,MA,0.009151223976206819
2015-09-30,MAC,0.00022878059940517045
2015-09-30,MDLZ,0.0036604895904827272
2015-09-30,MHK,0.01967513154884466
2015-09-30,MKC,0.011439029970258523
2015-09-30,MNST,0.014413177762525738
2015-09-30,NDAQ,0.0075497597803706245
2015-09-30,NKE,0.011210249370853352
2015-09-30,NOC,0.013955616563715396
2015-09-30,NWL,0.013269274765499885
2015-09-30,ORLY,0.02059025394646534
2015-09-30,PGR,0.012811713566689545
2015-09-30,PRGO,0.005719514985129261
2015-09-30,PSA,0.003202928391672386
2015-09-30,RAI,0.017387325554792953
2015-09-30,REGN,0.019217570350034317
2015-09-30,RHT,0.008236101578586136
2015-09-30,SEE,0.018988789750629148
2015-09-30,SHW,0.004118050789293068
2015-09-30,SJM,0.005033173186913749
2015-09-30,SNA,0.018760009151223975
2015-09-30,SRCL,0.015785861358956762
2015-09-30,STJ,0.0038892701898878973
2015-09-30,STZ,0.02127659574468085
2015-09-30,SWK,0.00983756577442233
2015-09-30,SYK,0.011896591169068863
2015-09-30,TGT,0.004575611988103409
2015-09-30,TJX,0.01029512697323267
2015-09-30,TSCO,0.013726835964310227
2015-09-30,TSO,0.01555708075955159
2015-09-30,TSS,0.02081903454587051
2015-09-30,TWC,0.0073209791809654545
2015-09-30,UHS,0.011667810569663692
2015-09-30,UNH,0.018302447952413637
2015-09-30,VLO,0.0004575611988103409
2015-09-30,VMC,0.01990391214824983
2015-09-30,VRSN,0.0009151223976206818
2015-09-30,WAT,0.006405856783344772
2015-09-30,XL,0.010752688172043012
2015-10-31,ABC,0.0001757885043939325
2015-10-31,ACN,0.011074675776817741
2015-10-31,ADBE,0.007910482697726958
2015-10-31,ADI,0.0005273655131817972
2015-10-31,AET,0.013535714838332793
2015-10-31,AIZ,0.00738311718454516
2015-10-31,ALTR,0.013359926333938862
2015-10-31,AMZN,0.01476623436909032
2015-10-31,AVB,0.0029884045746968505
2015-10-31,AVGO,0.009141002228484485
2015-10-31,AVY,0.012305195307575269
2015-10-31,AZO,0.015117811377878185
2015-10-31,BCR,0.0021094620527271884
2015-10-31,BRCM,0.0035157700878786476
2015-10-31,BSX,0.00878942521969662
2015-10-31,CAG,0.008262059706514823
2015-10-31,CB,0.0033399815834847155
2015-10-31,CCL,0.009316790732878418
2015-10-31,CI,0.011426252785605606
2015-10-31,CLX,0.01318413782954493
2015-10-31,CME,0.0024610390615150534
2015-10-31,COST,0.0003515770087878648
2015-10-31,CPB,0.009492579237272349
2015-10-31,CTAS,0.013008349325150995
2015-10-31,CTSH,0.010019944750454146
2015-10-31,CVC,0.01388729184712066
2015-10-31,CVS,0.002636827565908986
2015-10-31,DG,0.005976809149393701
2015-10-31,DHI,0.010547310263635944
2015-10-31,DPS,0.004043135601060445
2015-10-31,DRI,0.013711503342726727
2015-10-31,EA,0.01617254240424178
2015-10-31,EFX,0.014238868855908523
2015-10-31,ESS,0.0008789425219696619
2015-10-31,ETFC,0.006328386158181566
2015-10-31,EW,0.002285250557121121
2015-10-31,EXPD,0.0012305195307575267
2015-10-31,EXPE,0.01406308035151459
2015-10-31,FB,0.009844156246060214
2015-10-31,FIS,0.007558905688939093
2015-10-31,FISV,0.015293599882272118
2015-10-31,GIS,0.0072073286801512286
2015-10-31,GT,0.004218924105454378
2015-10-31,HAS,0.01019573325484808
2015-10-31,HD,0.011250464281211674
2015-10-31,HIG,0.00509786662742404
2015-10-31,HRB,0.0017578850439393238
2015-10-31,HRL,0.007734694193333025
2015-10-31,HUM,0.004922078123030107
2015-10-31,ICE,0.0014063080351514592
2015-10-31,JNPR,0.005273655131817972
2015-10-31,LB,0.010371521759242011
2015-10-31,LLY,0.014942022873484255
2015-10-31,LOW,0.008613636715302688
2015-10-31,MAS,0.007031540175757295
2015-10-31,MDLZ,0.006504174662575498
2015-10-31,MHK,0.012832560820757066
2015-10-31,MKC,0.012656772316363132
2015-10-31,MLM,0.0038673470966665126
2015-10-31,MNST,0.008965213724090553
2015-10-31,MO,0.0015820965395453915
2015-10-31,NDAQ,0.0124809838119692
2015-10-31,NKE,0.014414657360302457
2015-10-31,NOC,0.011777829794393471
2015-10-31,NVDA,0.00808627120212089
2015-10-31,NWL,0.009668367741666283
2015-10-31,ORLY,0.01546938838666605
2015-10-31,PBCT,0.0010547310263635944
2015-10-31,PGR,0.011953618298787402
2015-10-31,PSA,0.00369155859227258
2015-10-31,REGN,0.004570501114242242
2015-10-31,RHT,0.008437848210908755
2015-10-31,RSG,0.0019336735483332563
2015-10-31,SEE,0.010898887272423809
2015-10-31,SIAL,0.015645176891059983
2015-10-31,SJM,0.0007031540175757292
2015-10-31,SNA,0.006152597653787634
2015-10-31,SRCL,0.0058010206449997685
2015-10-31,STZ,0.015996753899847848
2015-10-31,TE,0.006679963166969431
2015-10-31,TGT,0.010723098768029876
2015-10-31,TJX,0.0068557516713633635
2015-10-31,TSCO,0.0028126160703029184
2015-10-31,TSO,0.011602041289999537
2015-10-31,TSS,0.015820965395453915
2015-10-31,TWC,0.005625232140605837
2015-10-31,UHS,0.005449443636211904
2015-10-31,UNH,0.012129406803181335
2015-10-31,VLO,0.00439471260984831
2015-10-31,VMC,0.014590445864696388
2015-10-31,VRSN,0.0031641930790907834
2015-10-31,XL,0.004746289618636174
2015-11-30,ACN,0.014109742441209407
2015-11-30,ADBE,0.009406494960806271
2015-11-30,AET,0.01612541993281075
2015-11-30,AGN,0.015005599104143338
2015-11-30,AIZ,0.012541993281075027
2015-11-30,ALLE,0.010526315789473684
2015-11-30,ALTR,0.01433370660694289
2015-11-30,AMZN,0.01948488241881299
2015-11-30,AVGO,0.0035834266517357225
2015-11-30,AVY,0.0167973124300112
2015-11-30,AZO,0.019932810750279955
2015-11-30,BCR,0.0002239641657334826
2015-11-30,BMY,0.0008958566629339306
2015-11-30,BSX,0.018365061590145577
2015-11-30,CAM,0.0004479283314669653
2015-11-30,CB,0.0029115341545352742
2015-11-30,CCE,0.0013437849944008958
2015-11-30,CCL,0.008734602463605823
2015-11-30,CI,0.009630459126539754
2015-11-30,CINF,0.008062709966405375
2015-11-30,CLX,0.018141097424412094
2015-11-30,CME,0.0015677491601343784
2015-11-30,CPB,0.0069428891377379615
2015-11-30,CRM,0.0073908174692049276
2015-11-30,CTAS,0.01858902575587906
2015-11-30,CTSH,0.009854423292273236
2015-11-30,CTXS,0.0058230683090705485
2015-11-30,CVC,0.015677491601343786
2015-11-30,DIS,0.006718924972004479
2015-11-30,DPS,0.00761478163493841
2015-11-30,EA,0.020604703247480403
2015-11-30,EFX,0.019260918253079507
2015-11-30,ETFC,0.01097424412094065
2015-11-30,EW,0.006270996640537514
2015-11-30,EXPE,0.019708846584546472
2015-11-30,FB,0.01769316909294513
2015-11-30,FIS,0.010302351623740201
2015-11-30,FISV,0.020156774916013438
2015-11-30,GIS,0.010078387458006719
2015-11-30,GME,0.0033594624860022394
2015-11-30,GOOG,0.010750279955207167
2015-11-30,GOOGL,0.012989921612541993
2015-11-30,HAS,0.015453527435610303
2015-11-30,HD,0.017469204927211646
2015-11-30,HRL,0.015901455767077268
2015-11-30,HUM,0.004031354983202688
2015-11-30,JNPR,0.01343784994400896
2015-11-30,LB,0.006494960806270996
2015-11-30,LH,0.002463605823068309
2015-11-30,LLY,0.016349384098544233
2015-11-30,LMT,0.004927211646136618
2015-11-30,LOW,0.0031354983202687564
2015-11-30,MA,0.002015677491601344
2015-11-30,MAS,0.008958566629339306
2015-11-30,MCD,0.005599104143337066
2015-11-30,MDLZ,0.0022396416573348264
2015-11-30,MHK,0.01366181410974244
2015-11-30,MKC,0.011198208286674132
2015-11-30,MLM,0.0026875699888017916
2015-11-30,MO,0.006047032474804031
2015-11-30,NDAQ,0.01702127659574468
2015-11-30,NFX,0.013885778275475923
2015-11-30,NKE,0.018812989921612542
2015-11-30,NLSN,0.005375139977603583
2015-11-30,NOC,0.01791713325867861
2015-11-30,NVDA,0.012318029115341545
2015-11-30,NWL,0.00851063829787234
2015-11-30,ORLY,0.021052631578947368
2015-11-30,PCLN,0.0017917133258678612
2015-11-30,PGR,0.017245240761478164
2015-11-30,PSA,0.012094064949608062
2015-11-30,PSX,0.008286674132138858
2015-11-30,REGN,0.011646136618141097
2015-11-30,RHT,0.011422172452407614
2015-11-30,ROP,0.003807390817469205
2015-11-30,RSG,0.004479283314669653
2015-11-30,SEE,0.007838745800671893
2015-11-30,SJM,0.0047032474804031355
2015-11-30,SNA,0.014557670772676373
2015-11-30,STZ,0.02038073908174692
2015-11-30,SWK,0.005151175811870101
2015-11-30,TE,0.007166853303471445
2015-11-30,TJX,0.00425531914893617
2015-11-30,TSCO,0.01276595744680851
2015-11-30,TSO,0.016573348264277716
2015-11-30,TSS,0.020828667413213885
2015-11-30,TWC,0.009182530795072788
2015-11-30,UA,0.013213885778275475
2015-11-30,UHS,0.0006718924972004478
2015-11-30,UNH,0.014781634938409855
2015-11-30,VLO,0.01522956326987682
2015-11-30,VMC,0.019036954087346025
2015-11-30,VRSN,0.01187010078387458
2015-11-30,XL,0.001119820828667413
2015-12-31,ACN,0.009406494960806271
2015-12-31,ADBE,0.01433370660694289
2015-12-31,AGN,0.0167973124300112
2015-12-31,AIZ,0.015005599104143338
2015-12-31,ALLE,0.010526315789473684
2015-12-31,AMZN,0.020828667413213885
2015-12-31,AVGO,0.001119820828667413
2015-12-31,AVY,0.013885778275475923
2015-12-31,AZO,0.018141097424412094
2015-12-31,BMY,0.0033594624860022394
2015-12-31,BRCM,0.003807390817469205
2015-12-31,BSX,0.01791713325867861
2015-12-31,CAG,0.0006718924972004479
2015-12-31,CAM,0.004927211646136618
2015-12-31,CB,0.0035834266517357225
2015-12-31,CI,0.009630459126539754
2015-12-31,CINF,0.007166853303471445
2015-12-31,CLX,0.017245240761478164
2015-12-31,COST,0.005151175811870101
2015-12-31,CPB,0.01522956326987682
2015-12-31,CRM,0.011422172452407614
2015-12-31,CTAS,0.01097424412094065
2015-12-31,CTSH,0.0069428891377379615
2015-12-31,CVC,0.00851063829787234
2015-12-31,DHI,0.012989921612541993
2015-12-31,DIS,0.00425531914893617
2015-12-31,DLPH,0.006270996640537514
2015-12-31,DPS,0.012318029115341545
2015-12-31,EA,0.018812989921612542
2015-12-31,ECL,0.003135498320268757
2015-12-31,EFX,0.019932810750279955
2015-12-31,ESS,0.002015677491601344
2015-12-31,ETFC,0.010750279955207167
2015-12-31,EW,0.012541993281075027
2015-12-31,EXPE,0.01702127659574468
2015-12-31,FB,0.01769316909294513
2015-12-31,FISV,0.02038073908174692
2015-12-31,GE,0.004031354983202688
2015-12-31,GIS,0.005599104143337066
2015-12-31,GOOG,0.015901455767077268
2015-12-31,GOOGL,0.016349384098544233
2015-12-31,GT,0.004479283314669653
2015-12-31,HAS,0.014557670772676373
2015-12-31,HD,0.016573348264277716
2015-12-31,HRL,0.019260918253079507
2015-12-31,ICE,0.0058230683090705485
2015-12-31,IFF,0.00022396416573348266
2015-12-31,JNPR,0.008286674132138858
2015-12-31,LLY,0.014781634938409855
2015-12-31,LMT,0.0026875699888017916
2015-12-31,LYB,0.0017917133258678612
2015-12-31,MA,0.0015677491601343784
2015-12-31,MAS,0.008734602463605823
2015-12-31,MCD,0.012094064949608062
2015-12-31,MDLZ,0.006047032474804031
2015-12-31,MHK,0.009182530795072788
2015-12-31,MKC,0.015453527435610303
2015-12-31,MLM,0.009854423292273236
2015-12-31,MNST,0.013437849944008958
2015-12-31,NDAQ,0.011646136618141097
2015-12-31,NFX,0.013213885778275475
2015-12-31,NKE,0.019708846584546472
2015-12-31,NOC,0.01366181410974244
2015-12-31,NVDA,0.018365061590145577
2015-12-31,NWL,0.010078387458006719
2015-12-31,ORLY,0.01948488241881299
2015-12-31,PAYX,0.0073908174692049276
2015-12-31,PGR,0.005375139977603582
2015-12-31,PKI,0.008958566629339306
2015-12-31,PSA,0.01612541993281075
2015-12-31,PSX,0.014109742441209407
2015-12-31,REGN,0.010302351623740201
2015-12-31,RHT,0.002239641657334826
2015-12-31,ROP,0.008062709966405375
2015-12-31,RSG,0.0008958566629339304
2015-12-31,SJM,0.011198208286674132
2015-12-31,SNA,0.015677491601343786
2015-12-31,STZ,0.020604703247480403
2015-12-31,SWK,0.006718924972004479
2015-12-31,TAP,0.006494960806270996
2015-12-31,TE,0.0013437849944008956
2015-12-31,TMK,0.0029115341545352742
2015-12-31,TSCO,0.0024636058230683086
2015-12-31,TSN,0.01276595744680851
2015-12-31,TSO,0.019036954087346025
2015-12-31,TSS,0.021052631578947368
2015-12-31,TWC,0.0047032474804031355
2015-12-31,UA,0.00761478163493841
2015-12-31,UNH,0.0004479283314669652
2015-12-31,VLO,0.017469204927211646
2015-12-31,VMC,0.020156774916013438
2015-12-31,VRSN,0.01858902575587906
2015-12-31,WAT,0.007838745800671893
2015-12-31,XL,0.011870100783874581
2016-01-31,ACN,0.013437849944008958
2016-01-31,ADBE,0.018812989921612542
2016-01-31,AGN,0.015677491601343786
2016-01-31,AIG,0.008286674132138858
2016-01-31,AIZ,0.01522956326987682
2016-01-31,ALLE,0.010526315789473684
2016-01-31,AMZN,0.021052631578947368
2016-01-31,AVGO,0.006718924972004479
2016-01-31,AVY,0.004255319148936169
2016-01-31,AZO,0.016349384098544233
2016-01-31,BMY,0.0013437849944008958
2016-01-31,BRCM,0.009854423292273236
2016-01-31,BSX,0.010302351623740201
2016-01-31,CAG,0.009630459126539754
2016-01-31,CAM,0.003135498320268757
2016-01-31,CB,0.009182530795072788
2016-01-31,CCL,0.0073908174692049276
2016-01-31,CI,0.012989921612541993
2016-01-31,CINF,0.00335946248600224
2016-01-31,CLX,0.017469204927211646
2016-01-31,COST,0.001119820828667413
2016-01-31,CPB,0.011646136618141097
2016-01-31,CRM,0.01366181410974244
2016-01-31,CTAS,0.010750279955207167
2016-01-31,CTXS,0.005599104143337066
2016-01-31,CVC,0.01612541993281075
2016-01-31,DHI,0.015005599104143338
2016-01-31,DLPH,0.009406494960806271
2016-01-31,DPS,0.0069428891377379615
2016-01-31,EA,0.010078387458006719
2016-01-31,EFX,0.019708846584546472
2016-01-31,EL,0.006494960806270996
2016-01-31,ETFC,0.012541993281075027
2016-01-31,EXPE,0.018365061590145577
2016-01-31,FB,0.01948488241881299
2016-01-31,FISV,0.01769316909294513
2016-01-31,FSLR,0.003807390817469205
2016-01-31,GE,0.014109742441209407
2016-01-31,GIS,0.008958566629339306
2016-01-31,GOOG,0.0167973124300112
2016-01-31,GOOGL,0.018141097424412094
2016-01-31,GT,0.011422172452407614
2016-01-31,HAS,0.005375139977603582
2016-01-31,HD,0.01702127659574468
2016-01-31,HRL,0.020828667413213885
2016-01-31,HRS,0.01187010078387458
2016-01-31,ICE,0.011198208286674132
2016-01-31,JPM,0.004031354983202688
2016-01-31,K,0.0035834266517357225
2016-01-31,KMB,0.004479283314669653
2016-01-31,LB,0.0006718924972004479
2016-01-31,LLY,0.013213885778275475
2016-01-31,LMT,0.0022396416573348264
2016-01-31,MA,0.00761478163493841
2016-01-31,MCD,0.016573348264277716
2016-01-31,MDLZ,0.013885778275475923
2016-01-31,MKC,0.019036954087346025
2016-01-31,MNST,0.0015677491601343782
2016-01-31,MSFT,0.00851063829787234
2016-01-31,NDAQ,0.015901455767077268
2016-01-31,NOC,0.008062709966405375
2016-01-31,NVDA,0.020604703247480403
2016-01-31,NWL,0.01276595744680851
2016-01-31,ORLY,0.019932810750279955
2016-01-31,PAYX,0.004927211646136618
2016-01-31,PBCT,0.006047032474804031
2016-01-31,PGR,0.014781634938409855
2016-01-31,PKI,0.002687569988801791
2016-01-31,PNC,0.0004479283314669653
2016-01-31,PSA,0.012318029115341545
2016-01-31,RCL,0.008734602463605823
2016-01-31,REGN,0.007838745800671893
2016-01-31,RHT,0.015453527435610303
2016-01-31,ROP,0.006270996640537514
2016-01-31,RSG,0.002463605823068309
2016-01-31,RTN,0.0058230683090705485
2016-01-31,SCHW,0.0029115341545352742
2016-01-31,SJM,0.01097424412094065
2016-01-31,SNA,0.01791713325867861
2016-01-31,STZ,0.020156774916013438
2016-01-31,SWK,0.0047032474804031355
2016-01-31,TAP,0.005151175811870101
2016-01-31,TMK,0.0017917133258678612
2016-01-31,TSN,0.019260918253079507
2016-01-31,TSO,0.007166853303471445
2016-01-31,TSS,0.01858902575587906
2016-01-31,TWC,0.014557670772676373
2016-01-31,VLO,0.012094064949608062
2016-01-31,VMC,0.01433370660694289
2016-01-31,VRSN,0.02038073908174692
2016-01-31,WAT,0.0002239641657334826
2016-01-31,XL,0.017245240761478164
2016-01-31,XLNX,0.002015677491601344
2016-01-31,XRAY,0.0008958566629339306
2016-02-29,ACN,0.016349384098544233
2016-02-29,ADBE,0.012318029115341545
2016-02-29,AEE,0.0058230683090705485
2016-02-29,AEP,0.005599104143337066
2016-02-29,AGN,0.01276595744680851
2016-02-29,AIV,0.0029115341545352742
2016-02-29,AIZ,0.02038073908174692
2016-02-29,ALLE,0.0024636058230683086
2016-02-29,AMZN,0.01858902575587906
2016-02-29,ARG,0.0069428891377379615
2016-02-29,AVY,0.011646136618141097
2016-02-29,AZO,0.01791713325867861
2016-02-29,BCR,0.008958566629339306
2016-02-29,BSX,0.0006718924972004478
2016-02-29,CAG,0.0167973124300112
2016-02-29,CAM,0.01522956326987682
2016-02-29,CB,0.004927211646136618
2016-02-29,CCL,0.005151175811870101
2016-02-29,CI,0.004255319148936169
2016-02-29,CINF,0.008734602463605823
2016-02-29,CLX,0.019708846584546472
2016-02-29,CMS,0.011198208286674132
2016-02-29,COST,0.0002239641657334826
2016-02-29,CPB,0.019260918253079507
2016-02-29,CTAS,0.0008958566629339304
2016-02-29,CTXS,0.006270996640537514
2016-02-29,CVC,0.01948488241881299
2016-02-29,DG,0.0004479283314669653
2016-02-29,DPS,0.015453527435610303
2016-02-29,DTE,0.002015677491601344
2016-02-29,EA,0.012541993281075027
2016-02-29,ED,0.00851063829787234
2016-02-29,EFX,0.012989921612541993
2016-02-29,ES,0.0017917133258678612
2016-02-29,EXPE,0.0035834266517357216
2016-02-29,FB,0.020828667413213885
2016-02-29,FISV,0.01769316909294513
2016-02-29,FSLR,0.003135498320268757
2016-02-29,GAS,0.015005599104143338
2016-02-29,GE,0.009182530795072788
2016-02-29,GIS,0.009854423292273236
2016-02-29,GOOG,0.01702127659574468
2016-02-29,GOOGL,0.017469204927211646
2016-02-29,GT,0.002239641657334826
2016-02-29,HAS,0.013437849944008958
2016-02-29,HD,0.009630459126539754
2016-02-29,HRL,0.020604703247480403
2016-02-29,HRS,0.010078387458006719
2016-02-29,ICE,0.01187010078387458
2016-02-29,ISRG,0.007838745800671893
2016-02-29,K,0.017245240761478164
2016-02-29,KMB,0.015677491601343786
2016-02-29,LB,0.0033594624860022394
2016-02-29,LLY,0.014781634938409855
2016-02-29,LMT,0.003807390817469205
2016-02-29,MCD,0.018365061590145577
2016-02-29,MDLZ,0.014109742441209407
2016-02-29,MKC,0.020156774916013438
2016-02-29,MO,0.006047032474804031
2016-02-29,MSFT,0.01433370660694289
2016-02-29,NDAQ,0.018141097424412094
2016-02-29,NEE,0.008286674132138858
2016-02-29,NLSN,0.008062709966405375
2016-02-29,NOC,0.011422172452407614
2016-02-29,NVDA,0.01612541993281075
2016-02-29,ORLY,0.018812989921612542
2016-02-29,PGR,0.016573348264277716
2016-02-29,PM,0.006494960806270996
2016-02-29,PNW,0.0011198208286674132
2016-02-29,PSA,0.019932810750279955
2016-02-29,RCL,0.0013437849944008956
2016-02-29,ROP,0.0015677491601343782
2016-02-29,RSG,0.01097424412094065
2016-02-29,RTN,0.013885778275475921
2016-02-29,SCG,0.010750279955207167
2016-02-29,SJM,0.012094064949608062
2016-02-29,SNA,0.009406494960806271
2016-02-29,SO,0.00761478163493841
2016-02-29,STZ,0.021052631578947368
2016-02-29,SYK,0.0047032474804031355
2016-02-29,T,0.004479283314669653
2016-02-29,TAP,0.013213885778275473
2016-02-29,TE,0.015901455767077268
2016-02-29,TJX,0.004031354983202688
2016-02-29,TSN,0.019036954087346025
2016-02-29,TWC,0.01366181410974244
2016-02-29,UA,0.007166853303471445
2016-02-29,VLO,0.005375139977603583
2016-02-29,VMC,0.002687569988801791
2016-02-29,VRSN,0.010302351623740201
2016-02-29,WEC,0.006718924972004479
2016-02-29,XEL,0.010526315789473684
2016-02-29,XLNX,0.014557670772676373
2016-02-29,XRAY,0.0073908174692049276
2016-03-31,ACN,0.0023734410717370542
2016-03-31,ADBE,0.011669418602707185
2016-03-31,AEE,0.008504830507057779
2016-03-31,AEP,0.008307043751079692
2016-03-31,AIZ,0.008109256995101604
2016-03-31,AMZN,0.015822940478247033
2016-03-31,ARG,0.007318109971189252
2016-03-31,AVY,0.01325171265053189
2016-03-31,AZO,0.013845072918466152
2016-03-31,BCR,0.010680484822816746
2016-03-31,CAG,0.010878271578794833
2016-03-31,CAM,0.014042859674444241
2016-03-31,CB,0.0017800808038027911
2016-03-31,CCE,0.0027690145836932302
2016-03-31,CCI,0.0015822940478247031
2016-03-31,CINF,0.011273845090751008
2016-03-31,CLX,0.015625153722268942
2016-03-31,CMS,0.009295977530970131
2016-03-31,CPB,0.018196381549984084
2016-03-31,CTXS,0.0013845072918466155
2016-03-31,CVC,0.017998594794005996
2016-03-31,DHR,0.0001977867559780879
2016-03-31,DPS,0.010087124554882481
2016-03-31,DTE,0.0007911470239123516
2016-03-31,EA,0.004351308631517933
2016-03-31,ED,0.009691551042926306
2016-03-31,EFX,0.009889337798904394
2016-03-31,EIX,0.003955735119561758
2016-03-31,EL,0.006131389435320724
2016-03-31,EQIX,0.01780080803802791
2016-03-31,ES,0.0031645880956494062
2016-03-31,EXPE,0.00039557351195617556
2016-03-31,FAST,0.004944668899452197
2016-03-31,FB,0.017009661014115558
2016-03-31,FISV,0.016614087502159383
2016-03-31,FSLR,0.0035601616076055822
2016-03-31,GAS,0.014438433186400416
2016-03-31,GE,0.009493764286948219
2016-03-31,GIS,0.0021756543157589667
2016-03-31,GOOG,0.01206499211466336
2016-03-31,GOOGL,0.013449499406509977
2016-03-31,GT,0.0029668013396713182
2016-03-31,HAS,0.011471631846729096
2016-03-31,HD,0.0067247497032549884
2016-03-31,HSIC,0.010482698066838658
2016-03-31,ISRG,0.006526962947276901
2016-03-31,JNJ,0.0011867205358685273
2016-03-31,K,0.01503179345433468
2016-03-31,KLAC,0.0025712278277151422
2016-03-31,KMB,0.01602072723422512
2016-03-31,KO,0.0051424556554302845
2016-03-31,LMT,0.0009889337798904396
2016-03-31,MAT,0.012856139138575714
2016-03-31,MCD,0.014834006698356592
2016-03-31,MDLZ,0.0063291761912988125
2016-03-31,MKC,0.018394168305962175
2016-03-31,MO,0.013647286162488064
2016-03-31,MSFT,0.008900404019013954
2016-03-31,MSI,0.004746882143474109
2016-03-31,NDAQ,0.017405234526071733
2016-03-31,NEE,0.005735815923364548
2016-03-31,NEM,0.0005933602679342637
2016-03-31,NLSN,0.011076058334772921
2016-03-31,NOC,0.013053925894553802
2016-03-31,NVDA,0.01760302128204982
2016-03-31,ORLY,0.016416300746181296
2016-03-31,PCG,0.00375794836358367
2016-03-31,PGR,0.014636219942378504
2016-03-31,PM,0.011867205358685273
2016-03-31,PNW,0.004549095387496021
2016-03-31,PSA,0.017207447770093646
2016-03-31,RSG,0.012658352382597625
2016-03-31,RTN,0.006922536459233076
2016-03-31,SCG,0.015427366966290856
2016-03-31,SJM,0.009098190774992042
2016-03-31,SO,0.00751589672716734
2016-03-31,STZ,0.01681187425813747
2016-03-31,SYK,0.0071203232152111644
2016-03-31,SYY,0.012460565626619537
2016-03-31,T,0.014240646430422329
2016-03-31,TAP,0.005933602679342636
2016-03-31,TE,0.015229580210312768
2016-03-31,TJX,0.004153521875539846
2016-03-31,TSN,0.018591955061940262
2016-03-31,TSS,0.0033623748516274942
2016-03-31,TWC,0.016218513990203208
2016-03-31,V,0.0055380291673864605
2016-03-31,VMC,0.007713683483145427
2016-03-31,VRSN,0.010284911310860569
2016-03-31,WEC,0.007911470239123516
2016-03-31,XEL,0.012262778870641448
2016-03-31,XLNX,0.005340242411408373
2016-03-31,XRAY,0.008702617263035867
2016-03-31,XYL,0.001977867559780879
2016-04-30,ACN,0.009182530795072788
2016-04-30,ADBE,0.01522956326987682
2016-04-30,AEE,0.015005599104143338
2016-04-30,AEP,0.010078387458006719
2016-04-30,AIZ,0.009630459126539754
2016-04-30,AMZN,0.008286674132138858
2016-04-30,ARG,0.005151175811870101
2016-04-30,AVB,0.004031354983202688
2016-04-30,AVGO,0.004479283314669653
2016-04-30,AVY,0.012094064949608062
2016-04-30,AZO,0.015901455767077268
2016-04-30,BCR,0.01097424412094065
2016-04-30,CAG,0.01366181410974244
2016-04-30,CCE,0.0002239641657334826
2016-04-30,CCL,0.002015677491601344
2016-04-30,CINF,0.014781634938409855
2016-04-30,CLX,0.016573348264277716
2016-04-30,CMS,0.014557670772676373
2016-04-30,CPB,0.020604703247480403
2016-04-30,CTAS,0.0029115341545352742
2016-04-30,CVC,0.01702127659574468
2016-04-30,DG,0.0017917133258678612
2016-04-30,DHI,0.0011198208286674132
2016-04-30,DHR,0.004927211646136618
2016-04-30,DPS,0.007166853303471445
2016-04-30,DTE,0.006270996640537514
2016-04-30,EA,0.0015677491601343782
2016-04-30,ED,0.012989921612541993
2016-04-30,EFX,0.00761478163493841
2016-04-30,EIX,0.005599104143337066
2016-04-30,EL,0.0058230683090705485
2016-04-30,EQIX,0.017245240761478164
2016-04-30,ES,0.00851063829787234
2016-04-30,FAST,0.002463605823068309
2016-04-30,FB,0.019932810750279955
2016-04-30,FISV,0.019708846584546472
2016-04-30,GAS,0.0073908174692049276
2016-04-30,GE,0.0031354983202687564
2016-04-30,GIS,0.012541993281075027
2016-04-30,GOOG,0.014109742441209407
2016-04-30,GOOGL,0.01433370660694289
2016-04-30,HD,0.015677491601343786
2016-04-30,HSIC,0.01187010078387458
2016-04-30,ISRG,0.007838745800671893
2016-04-30,JNJ,0.0022396416573348264
2016-04-30,K,0.018812989921612542
2016-04-30,KIM,0.0047032474804031355
2016-04-30,KMB,0.013885778275475923
2016-04-30,KO,0.010526315789473684
2016-04-30,LMT,0.008958566629339306
2016-04-30,MAS,0.0033594624860022394
2016-04-30,MCD,0.01769316909294513
2016-04-30,MKC,0.021052631578947368
2016-04-30,MO,0.015453527435610303
2016-04-30,MSI,0.013213885778275475
2016-04-30,NDAQ,0.020156774916013438
2016-04-30,NEE,0.008062709966405375
2016-04-30,NLSN,0.010750279955207167
2016-04-30,NOC,0.016349384098544233
2016-04-30,NVDA,0.019260918253079507
2016-04-30,O,0.01858902575587906
2016-04-30,ORLY,0.018141097424412094
2016-04-30,PCG,0.003807390817469205
2016-04-30,PEG,0.0013437849944008958
2016-04-30,PEP,0.0004479283314669653
2016-04-30,PGR,0.018365061590145577
2016-04-30,PM,0.005375139977603583
2016-04-30,PNW,0.012318029115341545
2016-04-30,PSA,0.02038073908174692
2016-04-30,RSG,0.013437849944008958
2016-04-30,RTN,0.0035834266517357225
2016-04-30,SBUX,0.011198208286674132
2016-04-30,SCG,0.01948488241881299
2016-04-30,SJM,0.006047032474804031
2016-04-30,SO,0.011422172452407614
2016-04-30,SPG,0.0006718924972004479
2016-04-30,STZ,0.019036954087346025
2016-04-30,SYK,0.009406494960806271
2016-04-30,SYY,0.01612541993281075
2016-04-30,T,0.009854423292273236
2016-04-30,TAP,0.008734602463605823
2016-04-30,TE,0.011646136618141097
2016-04-30,TJX,0.017469204927211646
2016-04-30,TRV,0.0008958566629339306
2016-04-30,TSN,0.020828667413213885
2016-04-30,TWC,0.0167973124300112
2016-04-30,UNH,0.006494960806270996
2016-04-30,V,0.0026875699888017916
2016-04-30,VMC,0.006718924972004479
2016-04-30,VRSN,0.01276595744680851
2016-04-30,WEC,0.010302351623740201
2016-04-30,WM,0.0069428891377379615
2016-04-30,XEL,0.01791713325867861
2016-04-30,XRAY,0.00425531914893617
2016-05-31,ACN,0.00526195378631892
2016-05-31,ADBE,0.013726835964310227
2016-05-31,AEE,0.014641958361930909
2016-05-31,AEP,0.0061770761839396015
2016-05-31,AIZ,0.014870738961336078
2016-05-31,AMT,0.0011439029970258523
2016-05-31,AMZN,0.017616106154198122
2016-05-31,AVY,0.004804392587508579
2016-05-31,AZO,0.011439029970258523
2016-05-31,BCR,0.01692976435598261
2016-05-31,BDX,0.006405856783344772
2016-05-31,BSX,0.0066346373827499425
2016-05-31,CAG,0.008464882177991306
2016-05-31,CB,0.0004575611988103409
2016-05-31,CCI,0.0009151223976206818
2016-05-31,CHRW,0.004575611988103409
2016-05-31,CINF,0.018531228551818806
2016-05-31,CLX,0.017844886753603295
2016-05-31,CMS,0.011210249370853352
2016-05-31,COH,0.0025165865934568747
2016-05-31,CPB,0.01990391214824983
2016-05-31,CTXS,0.008236101578586136
2016-05-31,CVC,0.007549759780370625
2016-05-31,DHI,0.0018302447952413636
2016-05-31,DHR,0.0038892701898878973
2016-05-31,DPS,0.00983756577442233
2016-05-31,DTE,0.0073209791809654545
2016-05-31,ED,0.011896591169068863
2016-05-31,EFX,0.013269274765499885
2016-05-31,EIX,0.0068634179821551134
2016-05-31,EQIX,0.016700983756577442
2016-05-31,ES,0.005948295584534431
2016-05-31,EXPD,0.001601464195836193
2016-05-31,FAST,0.003202928391672386
2016-05-31,FB,0.02127659574468085
2016-05-31,FISV,0.0162434225577671
2016-05-31,GAS,0.012582932967284374
2016-05-31,GE,0.0022878059940517046
2016-05-31,GIS,0.005719514985129261
2016-05-31,GOOG,0.01029512697323267
2016-05-31,GOOGL,0.010066346373827499
2016-05-31,HAS,0.008007320979180966
2016-05-31,HD,0.016472203157172273
2016-05-31,HSIC,0.008693662777396477
2016-05-31,ISRG,0.017387325554792953
2016-05-31,ITW,0.0034317089910775567
2016-05-31,JNJ,0.009608785175017159
2016-05-31,K,0.02104781514527568
2016-05-31,KIM,0.007778540379775795
2016-05-31,KMB,0.00549073438572409
2016-05-31,KO,0.004346831388698238
2016-05-31,LMT,0.018760009151223975
2016-05-31,LUV,0.0006863417982155113
2016-05-31,MAS,0.0002287805994051705
2016-05-31,MAT,0.002745367192862045
2016-05-31,MCD,0.019217570350034317
2016-05-31,MKC,0.018073667353008464
2016-05-31,MO,0.01555708075955159
2016-05-31,MSI,0.01967513154884466
2016-05-31,NDAQ,0.013498055364905056
2016-05-31,NEE,0.009151223976206819
2016-05-31,NLSN,0.012354152367879203
2016-05-31,NOC,0.019446350949439486
2016-05-31,NVDA,0.02036147334706017
2016-05-31,NWL,0.002059025394646534
2016-05-31,O,0.018302447952413637
2016-05-31,ORLY,0.01532830016014642
2016-05-31,PGR,0.009380004575611988
2016-05-31,PLD,0.0013726835964310226
2016-05-31,PM,0.010752688172043012
2016-05-31,PNW,0.012811713566689545
2016-05-31,PSA,0.014184397163120567
2016-05-31,RSG,0.015785861358956762
2016-05-31,RTN,0.011667810569663692
2016-05-31,SCG,0.020132692747654998
2016-05-31,SO,0.01052390757263784
2016-05-31,STZ,0.02059025394646534
2016-05-31,SYK,0.008922443376801648
2016-05-31,SYY,0.017158544955387784
2016-05-31,T,0.013955616563715396
2016-05-31,TAP,0.012125371768474034
2016-05-31,TE,0.01601464195836193
2016-05-31,TJX,0.018988789750629148
2016-05-31,TSN,0.02081903454587051
2016-05-31,TSS,0.004118050789293068
2016-05-31,UNH,0.0036604895904827272
2016-05-31,V,0.0029741477922672157
2016-05-31,VMC,0.0070921985815602835
2016-05-31,VRSN,0.015099519560741249
2016-05-31,WEC,0.01098146877144818
2016-05-31,WM,0.013040494166094716
2016-05-31,XEL,0.014413177762525738
2016-05-31,XYL,0.005033173186913749
2016-06-30,ACN,0.004479283314669653
2016-06-30,ADBE,0.01097424412094065
2016-06-30,AEE,0.019708846584546472
2016-06-30,AEP,0.01187010078387458
2016-06-30,AIZ,0.009630459126539754
2016-06-30,AMZN,0.0167973124300112
2016-06-30,AVY,0.0047032474804031355
2016-06-30,AZO,0.0069428891377379615
2016-06-30,BCR,0.014781634938409855
2016-06-30,BDX,0.0033594624860022394
2016-06-30,BSX,0.008062709966405375
2016-06-30,CB,0.002463605823068309
2016-06-30,CCI,0.007838745800671893
2016-06-30,CHRW,0.003807390817469205
2016-06-30,CINF,0.019036954087346025
2016-06-30,CLX,0.02038073908174692
2016-06-30,CMS,0.016349384098544233
2016-06-30,CNP,0.0017917133258678612
2016-06-30,CPB,0.018141097424412094
2016-06-30,CTAS,0.0006718924972004479
2016-06-30,DHR,0.0015677491601343782
2016-06-30,DPS,0.010750279955207167
2016-06-30,DTE,0.012541993281075027
2016-06-30,ED,0.010526315789473684
2016-06-30,EFX,0.015901455767077268
2016-06-30,EIX,0.01276595744680851
2016-06-30,EQIX,0.020604703247480403
2016-06-30,ES,0.008286674132138858
2016-06-30,FB,0.019260918253079507
2016-06-30,FIS,0.00022396416573348266
2016-06-30,FISV,0.014109742441209407
2016-06-30,GAS,0.012989921612541993
2016-06-30,GIS,0.006718924972004479
2016-06-30,GOOG,0.011422172452407614
2016-06-30,GOOGL,0.010078387458006719
2016-06-30,HAS,0.0013437849944008956
2016-06-30,HD,0.00851063829787234
2016-06-30,HSIC,0.006494960806270996
2016-06-30,ICE,0.0058230683090705485
2016-06-30,IPG,0.0008958566629339306
2016-06-30,ISRG,0.014557670772676373
2016-06-30,ITW,0.002015677491601344
2016-06-30,JEC,0.0026875699888017916
2016-06-30,JNJ,0.009182530795072788
2016-06-30,K,0.01702127659574468
2016-06-30,KIM,0.008734602463605823
2016-06-30,KMB,0.005599104143337066
2016-06-30,KO,0.005151175811870101
2016-06-30,LMT,0.01769316909294513
2016-06-30,LOW,0.005375139977603583
2016-06-30,LUV,0.0004479283314669653
2016-06-30,MAS,0.003135498320268757
2016-06-30,MCD,0.013437849944008958
2016-06-30,MKC,0.015005599104143338
2016-06-30,MLM,0.004927211646136618
2016-06-30,MMC,0.00425531914893617
2016-06-30,MO,0.01612541993281075
2016-06-30,MSI,0.007166853303471445
2016-06-30,NDAQ,0.020156774916013438
2016-06-30,NEE,0.012094064949608062
2016-06-30,NLSN,0.009854423292273236
2016-06-30,NOC,0.019932810750279955
2016-06-30,NVDA,0.021052631578947368
2016-06-30,O,0.018365061590145577
2016-06-30,OMC,0.0029115341545352742
2016-06-30,ORLY,0.00604703247480403
2016-06-30,PCG,0.011198208286674132
2016-06-30,PGR,0.004031354983202688
2016-06-30,PLD,0.0073908174692049276
2016-06-30,PM,0.010302351623740201
2016-06-30,PNW,0.015677491601343786
2016-06-30,PPL,0.011646136618141097
2016-06-30,PSA,0.01522956326987682
2016-06-30,RSG,0.017245240761478164
2016-06-30,RTN,0.015453527435610303
2016-06-30,SCG,0.020828667413213885
2016-06-30,SJM,0.012318029115341545
2016-06-30,SO,0.008958566629339306
2016-06-30,STZ,0.018812989921612542
2016-06-30,SYK,0.00761478163493841
2016-06-30,SYY,0.01858902575587906
2016-06-30,T,0.0035834266517357233
2016-06-30,TAP,0.01366181410974244
2016-06-30,TE,0.013885778275475923
2016-06-30,TJX,0.013213885778275475
2016-06-30,TSN,0.01948488241881299
2016-06-30,TSS,0.001119820828667413
2016-06-30,V,0.0022396416573348264
2016-06-30,VMC,0.01433370660694289
2016-06-30,VRSN,0.009406494960806271
2016-06-30,WEC,0.016573348264277716
2016-06-30,WM,0.017469204927211646
2016-06-30,XEL,0.01791713325867861
2016-06-30,XYL,0.006270996640537514
2016-07-31,ADBE,0.004031354983202688
2016-07-31,ADP,0.009406494960806271
2016-07-31,AEE,0.019708846584546472
2016-07-31,AEP,0.01522956326987682
2016-07-31,AMAT,0.00761478163493841
2016-07-31,AMT,0.0017917133258678612
2016-07-31,AMZN,0.002239641657334826
2016-07-31,AVGO,0.0047032474804031355
2016-07-31,AVY,0.0073908174692049276
2016-07-31,AZO,0.005151175811870101
2016-07-31,BCR,0.0069428891377379615
2016-07-31,BSX,0.012989921612541993
2016-07-31,CA,0.003807390817469205
2016-07-31,CCI,0.013885778275475923
2016-07-31,CINF,0.01702127659574468
2016-07-31,CLX,0.019260918253079507
2016-07-31,CMS,0.018141097424412094
2016-07-31,CNP,0.009182530795072788
2016-07-31,COH,0.013213885778275475
2016-07-31,CPB,0.019932810750279955
2016-07-31,CTAS,0.0058230683090705485
2016-07-31,DLTR,0.0006718924972004479
2016-07-31,DPS,0.008958566629339306
2016-07-31,DTE,0.014557670772676373
2016-07-31,DUK,0.0026875699888017916
2016-07-31,ED,0.012094064949608062
2016-07-31,EFX,0.01433370660694289
2016-07-31,EIX,0.015901455767077268
2016-07-31,EQIX,0.02038073908174692
2016-07-31,ES,0.009630459126539754
2016-07-31,ETR,0.0015677491601343784
2016-07-31,FB,0.007166853303471445
2016-07-31,FISV,0.01276595744680851
2016-07-31,GE,0.00425531914893617
2016-07-31,GIS,0.010750279955207167
2016-07-31,HSIC,0.0035834266517357225
2016-07-31,HSY,0.0033594624860022394
2016-07-31,IRM,0.010526315789473684
2016-07-31,ISRG,0.010302351623740201
2016-07-31,ITW,0.003135498320268757
2016-07-31,JNJ,0.015453527435610303
2016-07-31,K,0.0167973124300112
2016-07-31,KIM,0.01097424412094065
2016-07-31,KLAC,0.005599104143337066
2016-07-31,KMB,0.005375139977603583
2016-07-31,KO,0.002015677491601344
2016-07-31,LLL,0.004927211646136618
2016-07-31,LLTC,0.0004479283314669653
2016-07-31,LMT,0.012318029115341545
2016-07-31,LOW,0.0002239641657334826
2016-07-31,MAT,0.007838745800671893
2016-07-31,MCD,0.006718924972004479
2016-07-31,MCHP,0.0029115341545352742
2016-07-31,MKC,0.01858902575587906
2016-07-31,MMC,0.008286674132138858
2016-07-31,MMM,0.004479283314669653
2016-07-31,MO,0.014109742441209407
2016-07-31,NDAQ,0.016573348264277716
2016-07-31,NEE,0.013437849944008958
2016-07-31,NEM,0.01948488241881299
2016-07-31,NFX,0.0008958566629339306
2016-07-31,NOC,0.01612541993281075
2016-07-31,NVDA,0.021052631578947368
2016-07-31,O,0.018365061590145577
2016-07-31,ORLY,0.001119820828667413
2016-07-31,PAYX,0.011422172452407614
2016-07-31,PCG,0.015005599104143338
2016-07-31,PEP,0.0013437849944008958
2016-07-31,PLD,0.0024636058230683086
2016-07-31,PM,0.008734602463605823
2016-07-31,PNW,0.017469204927211646
2016-07-31,PPL,0.01187010078387458
2016-07-31,PSA,0.00851063829787234
2016-07-31,RSG,0.015677491601343786
2016-07-31,RTN,0.011198208286674132
2016-07-31,SCG,0.020828667413213885
2016-07-31,SJM,0.01791713325867861
2016-07-31,SO,0.011646136618141097
2016-07-31,STZ,0.020156774916013438
2016-07-31,SYK,0.008062709966405375
2016-07-31,SYY,0.020604703247480403
2016-07-31,T,0.016349384098544233
2016-07-31,TAP,0.014781634938409855
2016-07-31,TJX,0.006270996640537514
2016-07-31,TSN,0.018812989921612542
2016-07-31,TXN,0.010078387458006719
2016-07-31,UNH,0.009854423292273236
2016-07-31,VMC,0.012541993281075027
2016-07-31,VZ,0.006047032474804031
2016-07-31,WEC,0.017245240761478164
2016-07-31,WM,0.01769316909294513
2016-07-31,XEL,0.019036954087346025
2016-07-31,XOM,0.006494960806270996
2016-07-31,XYL,0.01366181410974244
2016-08-31,ADBE,0.0033594624860022394
2016-08-31,AEE,0.01702127659574468
2016-08-31,AEP,0.013213885778275475
2016-08-31,AIV,0.0011198208286674132
2016-08-31,AMAT,0.013437849944008958
2016-08-31,AMZN,0.006047032474804031
2016-08-31,ATVI,0.006270996640537514
2016-08-31,AVGO,0.0008958566629339304
2016-08-31,AVY,0.008734602463605823
2016-08-31,BDX,0.004927211646136618
2016-08-31,BSX,0.013885778275475923
2016-08-31,CA,0.014109742441209407
2016-08-31,CINF,0.018365061590145577
2016-08-31,CL,0.003135498320268757
2016-08-31,CLX,0.005375139977603582
2016-08-31,CMS,0.016573348264277716
2016-08-31,CNP,0.003807390817469205
2016-08-31,COH,0.018812989921612542
2016-08-31,CPB,0.009182530795072788
2016-08-31,CTAS,0.008286674132138858
2016-08-31,DPS,0.01187010078387458
2016-08-31,DTE,0.01097424412094065
2016-08-31,ED,0.0069428891377379615
2016-08-31,EFX,0.016349384098544233
2016-08-31,EIX,0.01366181410974244
2016-08-31,EQIX,0.017469204927211646
2016-08-31,ES,0.006718924972004479
2016-08-31,ETR,0.0047032474804031355
2016-08-31,FB,0.014781634938409855
2016-08-31,FISV,0.010526315789473684
2016-08-31,GIS,0.007838745800671893
2016-08-31,GPC,0.0013437849944008958
2016-08-31,GRMN,0.0006718924972004479
2016-08-31,HSIC,0.0073908174692049276
2016-08-31,IRM,0.012541993281075027
2016-08-31,ISRG,0.015453527435610303
2016-08-31,ITW,0.012989921612541993
2016-08-31,JEC,0.00022396416573348266
2016-08-31,JNJ,0.019260918253079507
2016-08-31,K,0.014557670772676373
2016-08-31,KIM,0.015677491601343786
2016-08-31,KLAC,0.004031354983202688
2016-08-31,L,0.002463605823068309
2016-08-31,LLL,0.008958566629339306
2016-08-31,LLTC,0.007166853303471445
2016-08-31,LMT,0.019036954087346025
2016-08-31,MAS,0.0029115341545352742
2016-08-31,MAT,0.005151175811870101
2016-08-31,MCD,0.0004479283314669652
2016-08-31,MCHP,0.009630459126539754
2016-08-31,MKC,0.011646136618141097
2016-08-31,MMC,0.002687569988801791
2016-08-31,MMM,0.009406494960806271
2016-08-31,MO,0.010750279955207167
2016-08-31,NDAQ,0.01791713325867861
2016-08-31,NEE,0.01433370660694289
2016-08-31,NEM,0.020828667413213885
2016-08-31,NI,0.019932810750279955
2016-08-31,NLSN,0.00425531914893617
2016-08-31,NOC,0.01522956326987682
2016-08-31,NVDA,0.021052631578947368
2016-08-31,O,0.020156774916013438
2016-08-31,ORLY,0.0022396416573348264
2016-08-31,PAYX,0.00761478163493841
2016-08-31,PCG,0.01769316909294513
2016-08-31,PEP,0.004479283314669653
2016-08-31,PG,0.006494960806270996
2016-08-31,PLD,0.012094064949608062
2016-08-31,PM,0.00851063829787234
2016-08-31,PNW,0.015005599104143338
2016-08-31,PPL,0.011198208286674132
2016-08-31,ROST,0.0058230683090705485
2016-08-31,RSG,0.018141097424412094
2016-08-31,RTN,0.01948488241881299
2016-08-31,SCG,0.020604703247480403
2016-08-31,SJM,0.009854423292273236
2016-08-31,SO,0.010078387458006719
2016-08-31,SPG,0.002015677491601344
2016-08-31,STZ,0.010302351623740201
2016-08-31,SYY,0.012318029115341545
2016-08-31,T,0.017245240761478164
2016-08-31,TAP,0.01276595744680851
2016-08-31,TJX,0.008062709966405375
2016-08-31,TMO,0.0015677491601343784
2016-08-31,TSN,0.02038073908174692
2016-08-31,TXN,0.015901455767077268
2016-08-31,UNH,0.011422172452407614
2016-08-31,VMC,0.005599104143337066
2016-08-31,VTR,0.0035834266517357225
2016-08-31,WAT,0.0017917133258678612
2016-08-31,WEC,0.01612541993281075
2016-08-31,WM,0.01858902575587906
2016-08-31,XEL,0.0167973124300112
2016-08-31,XYL,0.019708846584546472
2016-09-30,A,0.006047032474804031
2016-09-30,ADBE,0.005599104143337066
2016-09-30,AFL,0.009406494960806271
2016-09-30,ALL,0.007838745800671893
2016-09-30,ALLE,0.0008958566629339306
2016-09-30,AMAT,0.020604703247480403
2016-09-30,AMT,0.0004479283314669653
2016-09-30,AMZN,0.010078387458006719
2016-09-30,AON,0.007166853303471445
2016-09-30,ATVI,0.0015677491601343782
2016-09-30,AVGO,0.011422172452407614
2016-09-30,AVY,0.013437849944008958
2016-09-30,BAX,0.011198208286674132
2016-09-30,BCR,0.0022396416573348264
2016-09-30,BDX,0.018812989921612542
2016-09-30,BLL,0.0006718924972004479
2016-09-30,BRKB,0.004031354983202688
2016-09-30,BSX,0.015677491601343786
2016-09-30,CA,0.016349384098544233
2016-09-30,CAG,0.010302351623740201
2016-09-30,CINF,0.019932810750279955
2016-09-30,CL,0.012094064949608062
2016-09-30,COH,0.005823068309070548
2016-09-30,CTAS,0.01702127659574468
2016-09-30,DGX,0.010750279955207167
2016-09-30,DNB,0.0013437849944008958
2016-09-30,DOV,0.0029115341545352742
2016-09-30,EFX,0.019036954087346025
2016-09-30,EQIX,0.01769316909294513
2016-09-30,ETR,0.0017917133258678612
2016-09-30,FB,0.01791713325867861
2016-09-30,GIS,0.008958566629339306
2016-09-30,GLW,0.002015677491601344
2016-09-30,GPC,0.006270996640537514
2016-09-30,HON,0.008062709966405375
2016-09-30,HRS,0.005151175811870101
2016-09-30,IFF,0.0047032474804031355
2016-09-30,INTU,0.012318029115341545
2016-09-30,ISRG,0.020156774916013438
2016-09-30,ITW,0.019260918253079507
2016-09-30,JEC,0.00851063829787234
2016-09-30,JNJ,0.01858902575587906
2016-09-30,K,0.014109742441209407
2016-09-30,KHC,0.008286674132138858
2016-09-30,L,0.013885778275475921
2016-09-30,LEG,0.003135498320268757
2016-09-30,LLL,0.011646136618141097
2016-09-30,LLTC,0.00425531914893617
2016-09-30,LMT,0.009854423292273236
2016-09-30,LRCX,0.005375139977603583
2016-09-30,MAS,0.0033594624860022394
2016-09-30,MAT,0.01522956326987682
2016-09-30,MCHP,0.017469204927211646
2016-09-30,MDT,0.012989921612541993
2016-09-30,MKC,0.008734602463605823
2016-09-30,MMC,0.0167973124300112
2016-09-30,MMM,0.015901455767077268
2016-09-30,MO,0.003807390817469205
2016-09-30,MRK,0.006718924972004479
2016-09-30,NDAQ,0.01612541993281075
2016-09-30,NEE,0.009630459126539754
2016-09-30,NEM,0.019708846584546472
2016-09-30,NI,0.004927211646136617
2016-09-30,NLSN,0.012765957446808512
2016-09-30,NOC,0.014557670772676373
2016-09-30,NVDA,0.021052631578947368
2016-09-30,NWL,0.0026875699888017916
2016-09-30,O,0.01366181410974244
2016-09-30,OMC,0.013213885778275475
2016-09-30,PAYX,0.0035834266517357225
2016-09-30,PCG,0.006942889137737961
2016-09-30,PG,0.017245240761478164
2016-09-30,PLD,0.010526315789473684
2016-09-30,PM,0.014781634938409855
2016-09-30,PXD,0.004479283314669653
2016-09-30,ROST,0.015005599104143338
2016-09-30,RSG,0.018365061590145577
2016-09-30,RTN,0.01948488241881299
2016-09-30,SCG,0.01187010078387458
2016-09-30,STZ,0.01433370660694289
2016-09-30,SYK,0.009182530795072788
2016-09-30,SYY,0.018141097424412094
2016-09-30,T,0.012541993281075027
2016-09-30,TMO,0.0011198208286674132
2016-09-30,TSN,0.02038073908174692
2016-09-30,TXN,0.015453527435610303
2016-09-30,UNH,0.0002239641657334826
2016-09-30,VAR,0.006494960806270996
2016-09-30,VTR,0.0073908174692049276
2016-09-30,WAT,0.00761478163493841
2016-09-30,WM,0.016573348264277716
2016-09-30,XYL,0.020828667413213885
2016-09-30,YHOO,0.002463605823068309
2016-09-30,ZBH,0.01097424412094065
2016-10-31,A,0.005375139977603583
2016-10-31,ADBE,0.011646136618141097
2016-10-31,ALL,0.0035834266517357225
2016-10-31,AMAT,0.02038073908174692
2016-10-31,AMZN,0.006494960806270996
2016-10-31,AON,0.012318029115341545
2016-10-31,APH,0.00851063829787234
2016-10-31,ATVI,0.006047032474804031
2016-10-31,AVGO,0.01791713325867861
2016-10-31,AVY,0.004255319148936171
2016-10-31,BAX,0.015677491601343786
2016-10-31,BCR,0.017469204927211646
2016-10-31,BDX,0.019932810750279955
2016-10-31,BLL,0.004479283314669653
2016-10-31,BSX,0.01187010078387458
2016-10-31,CA,0.016573348264277716
2016-10-31,CAG,0.01948488241881299
2016-10-31,CINF,0.015005599104143338
2016-10-31,CL,0.008958566629339306
2016-10-31,CMI,0.0033594624860022394
2016-10-31,CMS,0.002463605823068309
2016-10-31,CNP,0.010078387458006719
2016-10-31,CTAS,0.006718924972004478
2016-10-31,DGX,0.014109742441209407
2016-10-31,DTE,0.003807390817469205
2016-10-31,EFX,0.018812989921612542
2016-10-31,EIX,0.00761478163493841
2016-10-31,EQIX,0.011198208286674132
2016-10-31,EXC,0.00022396416573348266
2016-10-31,FB,0.014557670772676373
2016-10-31,GLW,0.0069428891377379615
2016-10-31,GRMN,0.004031354983202688
2016-10-31,HON,0.002687569988801791
2016-10-31,HRS,0.0004479283314669652
2016-10-31,IFF,0.004927211646136618
2016-10-31,IRM,0.002015677491601344
2016-10-31,ISRG,0.021052631578947368
2016-10-31,ITW,0.019036954087346025
2016-10-31,JEC,0.009182530795072788
2016-10-31,JNJ,0.012989921612541993
2016-10-31,KHC,0.0008958566629339304
2016-10-31,L,0.014781634938409855
2016-10-31,LLTC,0.005599104143337066
2016-10-31,LRCX,0.0015677491601343782
2016-10-31,MCHP,0.013885778275475923
2016-10-31,MDT,0.010302351623740201
2016-10-31,MKC,0.009630459126539754
2016-10-31,MMC,0.015901455767077268
2016-10-31,MMM,0.0006718924972004478
2016-10-31,MRK,0.003135498320268757
2016-10-31,NDAQ,0.0013437849944008956
2016-10-31,NEE,0.011422172452407614
2016-10-31,NEM,0.019708846584546472
2016-10-31,NI,0.012541993281075027
2016-10-31,NLSN,0.009854423292273236
2016-10-31,NOC,0.002239641657334826
2016-10-31,NVDA,0.020828667413213885
2016-10-31,NWL,0.0047032474804031355
2016-10-31,O,0.018365061590145577
2016-10-31,OKE,0.007838745800671893
2016-10-31,PCG,0.01276595744680851
2016-10-31,PG,0.01858902575587906
2016-10-31,PH,0.006270996640537514
2016-10-31,PLD,0.0073908174692049276
2016-10-31,PNW,0.010526315789473684
2016-10-31,PWR,0.010750279955207167
2016-10-31,PXD,0.0058230683090705485
2016-10-31,ROST,0.019260918253079507
2016-10-31,RSG,0.016349384098544233
2016-10-31,RTN,0.013213885778275475
2016-10-31,SCG,0.01702127659574468
2016-10-31,SE,0.017245240761478164
2016-10-31,SO,0.0029115341545352742
2016-10-31,STZ,0.015453527435610303
2016-10-31,SYK,0.018141097424412094
2016-10-31,SYY,0.008734602463605823
2016-10-31,T,0.01612541993281075
2016-10-31,TAP,0.01433370660694289
2016-10-31,TMO,0.009406494960806271
2016-10-31,TSN,0.020156774916013438
2016-10-31,TXN,0.008062709966405375
2016-10-31,UNH,0.01366181410974244
2016-10-31,VAR,0.01769316909294513
2016-10-31,VRSK,0.0011198208286674132
2016-10-31,VTR,0.0167973124300112
2016-10-31,WAT,0.008286674132138858
2016-10-31,WEC,0.0017917133258678612
2016-10-31,WM,0.012094064949608062
2016-10-31,WMT,0.01522956326987682
2016-10-31,XEL,0.005151175811870101
2016-10-31,XYL,0.020604703247480403
2016-10-31,YUM,0.013437849944008958
2016-10-31,ZBH,0.01097424412094065
2016-10-31,ZTS,0.007166853303471445
2016-11-30,ADBE,0.007456140350877193
2016-11-30,AEE,0.004824561403508772
2016-11-30,AEP,0.0059210526315789476
2016-11-30,AIV,0.0010964912280701754
2016-11-30,ALL,0.0002192982456140349
2016-11-30,AMAT,0.019517543859649124
2016-11-30,AMT,0.01030701754385965
2016-11-30,AON,0.008771929824561403
2016-11-30,APH,0.010964912280701754
2016-11-30,AVGO,0.0125
2016-11-30,BAX,0.01864035087719298
2016-11-30,BBY,0.0015350877192982456
2016-11-30,BCR,0.009868421052631578
2016-11-30,BDX,0.0037280701754385977
2016-11-30,BSX,0.004166666666666667
2016-11-30,CAG,0.02017543859649123
2016-11-30,CINF,0.005263157894736841
2016-11-30,CL,0.0030701754385964912
2016-11-30,CMI,0.010087719298245614
2016-11-30,CMS,0.009649122807017544
2016-11-30,CNP,0.017105263157894738
2016-11-30,CTAS,0.003289473684210526
2016-11-30,CVX,0.002631578947368421
2016-11-30,DGX,0.010526315789473684
2016-11-30,DTE,0.013596491228070176
2016-11-30,DUK,0.005701754385964913
2016-11-30,ED,0.009210526315789473
2016-11-30,EIX,0.015789473684210527
2016-11-30,EQIX,0.013157894736842105
2016-11-30,EXC,0.01118421052631579
2016-11-30,FB,0.018421052631578946
2016-11-30,FFIV,0.017543859649122806
2016-11-30,GLW,0.003947368421052632
2016-11-30,GRMN,0.001754385964912281
2016-11-30,HAS,0.0004385964912280702
2016-11-30,HCA,0.0035087719298245615
2016-11-30,HPE,0.01162280701754386
2016-11-30,IR,0.0006578947368421052
2016-11-30,IRM,0.001973684210526316
2016-11-30,ISRG,0.019956140350877193
2016-11-30,ITW,0.01337719298245614
2016-11-30,JNJ,0.014473684210526316
2016-11-30,KHC,0.016228070175438595
2016-11-30,KLAC,0.0013157894736842105
2016-11-30,L,0.015570175438596491
2016-11-30,LLTC,0.006359649122807017
2016-11-30,LMT,0.011842105263157895
2016-11-30,LRCX,0.008991228070175439
2016-11-30,MAT,0.007675438596491228
2016-11-30,MCHP,0.014912280701754385
2016-11-30,MMC,0.005482456140350877
2016-11-30,MO,0.008114035087719297
2016-11-30,MRK,0.002412280701754386
2016-11-30,NEE,0.01929824561403509
2016-11-30,NEM,0.019736842105263157
2016-11-30,NI,0.006798245614035088
2016-11-30,NOC,0.0206140350877193
2016-11-30,NVDA,0.020833333333333332
2016-11-30,O,0.0008771929824561396
2016-11-30,OKE,0.015131578947368421
2016-11-30,PCG,0.01732456140350877
2016-11-30,PEP,0.0021929824561403508
2016-11-30,PG,0.01644736842105263
2016-11-30,PH,0.005043859649122807
2016-11-30,PLD,0.0061403508771929825
2016-11-30,PM,0.007894736842105263
2016-11-30,PNW,0.01293859649122807
2016-11-30,PWR,0.012280701754385965
2016-11-30,PYPL,0.014692982456140351
2016-11-30,QCOM,0.01206140350877193
2016-11-30,RAI,0.0028508771929824563
2016-11-30,ROST,0.014035087719298246
2016-11-30,RSG,0.020394736842105264
2016-11-30,RTN,0.006578947368421052
2016-11-30,SCG,0.017982456140350878
2016-11-30,SE,0.019078947368421053
2016-11-30,SO,0.008333333333333333
2016-11-30,STZ,0.012719298245614035
2016-11-30,SYK,0.016008771929824563
2016-11-30,SYMC,0.004605263157894736
2016-11-30,SYY,0.007236842105263158
2016-11-30,TSN,0.016885964912280702
2016-11-30,TWX,0.01074561403508772
2016-11-30,TXN,0.01381578947368421
2016-11-30,UNH,0.018859649122807017
2016-11-30,URBN,0.007017543859649123
2016-11-30,VTR,0.01425438596491228
2016-11-30,WEC,0.011403508771929825
2016-11-30,WM,0.018201754385964913
2016-11-30,WMT,0.016666666666666666
2016-11-30,WYNN,0.015350877192982455
2016-11-30,XEL,0.008552631578947369
2016-11-30,XYL,0.017763157894736842
2016-11-30,YHOO,0.0043859649122807015
2016-11-30,YUM,0.009429824561403509
2016-12-31,ADI,0.006359649122807017
2016-12-31,ADM,0.0035087719298245615
2016-12-31,AFL,0.0021929824561403508
2016-12-31,ALL,0.0017543859649122807
2016-12-31,AMAT,0.019956140350877193
2016-12-31,AON,0.014035087719298246
2016-12-31,APH,0.016885964912280702
2016-12-31,BBY,0.015350877192982455
2016-12-31,BHI,0.008771929824561403
2016-12-31,BRKB,0.009868421052631578
2016-12-31,CAT,0.010526315789473684
2016-12-31,CBS,0.011403508771929825
2016-12-31,CINF,0.015789473684210527
2016-12-31,CMA,0.005701754385964913
2016-12-31,CMCSA,0.004824561403508772
2016-12-31,CME,0.005043859649122807
2016-12-31,CMI,0.019736842105263157
2016-12-31,CNP,0.016008771929824563
2016-12-31,CSX,0.009210526315789473
2016-12-31,CTAS,0.007236842105263158
2016-12-31,CVX,0.006578947368421052
2016-12-31,DE,0.01337719298245614
2016-12-31,DGX,0.008333333333333333
2016-12-31,DTE,0.0008771929824561396
2016-12-31,EOG,0.008552631578947369
2016-12-31,ETN,0.0059210526315789476
2016-12-31,EXPD,0.012719298245614035
2016-12-31,FCX,0.005263157894736842
2016-12-31,FFIV,0.019517543859649124
2016-12-31,FIS,0.009429824561403509
2016-12-31,FLIR,0.008991228070175439
2016-12-31,FMC,0.013596491228070176
2016-12-31,GD,0.007675438596491228
2016-12-31,GLW,0.006798245614035088
2016-12-31,GRMN,0.002412280701754386
2016-12-31,HAL,0.016666666666666666
2016-12-31,HAS,0.0125
2016-12-31,HOG,0.0002192982456140351
2016-12-31,HP,0.003947368421052632
2016-12-31,HPE,0.01030701754385965
2016-12-31,INTU,0.009649122807017544
2016-12-31,IP,0.0010964912280701754
2016-12-31,IR,0.014473684210526316
2016-12-31,ISRG,0.003289473684210526
2016-12-31,ITW,0.01732456140350877
2016-12-31,JBHT,0.008114035087719297
2016-12-31,JEC,0.014692982456140351
2016-12-31,KMI,0.0006578947368421052
2016-12-31,L,0.016228070175438595
2016-12-31,LLL,0.010087719298245614
2016-12-31,LLTC,0.01293859649122807
2016-12-31,LMT,0.017105263157894738
2016-12-31,LRCX,0.01162280701754386
2016-12-31,MCHP,0.018201754385964913
2016-12-31,MLM,0.01644736842105263
2016-12-31,MMC,0.01206140350877193
2016-12-31,MMM,0.002631578947368421
2016-12-31,MRK,0.0043859649122807015
2016-12-31,NEM,0.012280701754385965
2016-12-31,NFX,0.0004385964912280702
2016-12-31,NOC,0.02017543859649123
2016-12-31,NUE,0.011842105263157895
2016-12-31,NVDA,0.020833333333333332
2016-12-31,OKE,0.0206140350877193
2016-12-31,PCAR,0.0028508771929824563
2016-12-31,PH,0.017543859649122806
2016-12-31,PVH,0.005482456140350877
2016-12-31,PWR,0.01929824561403509
2016-12-31,PXD,0.01425438596491228
2016-12-31,QCOM,0.01118421052631579
2016-12-31,R,0.004605263157894736
2016-12-31,ROK,0.013157894736842105
2016-12-31,ROST,0.01381578947368421
2016-12-31,RSG,0.020394736842105264
2016-12-31,RTN,0.015570175438596491
2016-12-31,SCG,0.001973684210526315
2016-12-31,SE,0.019078947368421053
2016-12-31,SLB,0.0030701754385964912
2016-12-31,SNI,0.007017543859649123
2016-12-31,SYK,0.014912280701754385
2016-12-31,SYY,0.015131578947368421
2016-12-31,TMK,0.004166666666666667
2016-12-31,TWX,0.017763157894736842
2016-12-31,TXN,0.017982456140350878
2016-12-31,UNH,0.018421052631578946
2016-12-31,UNP,0.0015350877192982456
2016-12-31,UPS,0.007456140350877193
2016-12-31,VMC,0.007894736842105263
2016-12-31,WM,0.01864035087719298
2016-12-31,WMT,0.0061403508771929825
2016-12-31,WU,0.0037280701754385964
2016-12-31,WYNN,0.010964912280701754
2016-12-31,XEC,0.01074561403508772
2016-12-31,XYL,0.018859649122807017
2016-12-31,ZION,0.0013157894736842105
2017-07-31,ADM,0.008017207326029787
2017-07-31,ADP,0.0027885938525320994
2017-07-31,ADSK,0.00418289077879815
2017-07-31,ALL,0.008191494441813043
2017-07-31,AMAT,0.014988691957360037
2017-07-31,AON,0.007145771747113505
2017-07-31,APC,0.008714355789162812
2017-07-31,APH,0.012897246567960962
2017-07-31,BBT,0.0083657815575963
2017-07-31,BBY,0.005054326357714431
2017-07-31,BCR,0.0005228613473497687
2017-07-31,BRKB,0.00923721713651258
2017-07-31,CAT,0.006797197515546994
2017-07-31,CBS,0.009585791368079093
2017-07-31,CFG,0.005577187705064199
2017-07-31,CINF,0.00784292021024653
2017-07-31,CMA,0.013594395031093987
2017-07-31,CME,0.002091445389399075
2017-07-31,CMI,0.014465830610010269
2017-07-31,CNP,0.011851523873261424
2017-07-31,CSX,0.011677236757478168
2017-07-31,CTAS,0.005925761936630712
2017-07-31,CVX,0.009411504252295836
2017-07-31,DE,0.006100049052413967
2017-07-31,DFS,0.0074943459786800184
2017-07-31,DGX,0.012548672336394449
2017-07-31,DOV,0.0057514748208474555
2017-07-31,EOG,0.0017428711578325621
2017-07-31,ETN,0.006622910399763737
2017-07-31,EXPD,0.013245820799527474
2017-07-31,FCX,0.007668633094463274
2017-07-31,FFIV,0.015337266188926548
2017-07-31,FITB,0.010108652715428861
2017-07-31,FMC,0.012374385220611194
2017-07-31,GD,0.0006971484631330249
2017-07-31,HAL,0.01481440484157678
2017-07-31,HP,0.0033114551998818685
2017-07-31,HPE,0.004880039241931175
2017-07-31,HPQ,0.0022657325051823308
2017-07-31,IBM,0.0010457226946995375
2017-07-31,INTU,0.005402900589280943
2017-07-31,IP,0.01202581098904468
2017-07-31,IR,0.012722959452177704
2017-07-31,ITW,0.00976007848386235
2017-07-31,JBHT,0.003834316547231637
2017-07-31,JEC,0.0008714355789162815
2017-07-31,JPM,0.008888642904946068
2017-07-31,KEY,0.004008603663014893
2017-07-31,L,0.01429154349422701
2017-07-31,LRCX,0.01063151406277863
2017-07-31,MCHP,0.011502949641694911
2017-07-31,MLM,0.014117256378443755
2017-07-31,MMC,0.001917158273615818
2017-07-31,MMM,0.0026143067367488436
2017-07-31,MS,0.0062743361681972245
2017-07-31,MTB,0.003660029431448381
2017-07-31,MU,0.01342010791531073
2017-07-31,NOC,0.004357177894581406
2017-07-31,NSC,0.00697148463133025
2017-07-31,NTRS,0.0003485742315665124
2017-07-31,NVDA,0.015860127536276317
2017-07-31,OKE,0.01568584042049306
2017-07-31,PFG,0.009934365599645606
2017-07-31,PH,0.013071533683744217
2017-07-31,PLD,0.0012200098104827937
2017-07-31,PRU,0.002962880968315356
2017-07-31,PWR,0.015511553304709807
2017-07-31,PXD,0.0015685840420493063
2017-07-31,QCOM,0.004705752126147918
2017-07-31,RF,0.007320058862896762
2017-07-31,ROK,0.011154375410128398
2017-07-31,RSG,0.015162979073143294
2017-07-31,STI,0.0024400196209655874
2017-07-31,SYK,0.003485742315665126
2017-07-31,SYY,0.011328662525911654
2017-07-31,TMK,0.010282939831212118
2017-07-31,TWX,0.010980088294345143
2017-07-31,TXN,0.013768682146877242
2017-07-31,TXT,0.0001742871157832562
2017-07-31,UNH,0.0139429692626605
2017-07-31,UNM,0.0031371680840986123
2017-07-31,UNP,0.006448623283980481
2017-07-31,UPS,0.005228613473497687
2017-07-31,URI,0.010457226946995375
2017-07-31,USB,0.0013942969262660497
2017-07-31,VMC,0.009062930020729323
2017-07-31,WM,0.014640117725793524
2017-07-31,WU,0.0045314650103646615
2017-07-31,XEC,0.008540068673379555
2017-07-31,XYL,0.010805801178561886
2017-07-31,ZION,0.012200098104827936
2017-08-31,ADI,0.0026203897373326835
2017-08-31,ADP,0.003493852983110245
2017-08-31,ADSK,0.006114242720442928
2017-08-31,AMAT,0.014324797230752003
2017-08-31,AMZN,0.004891394176354343
2017-08-31,APH,0.009433403054397662
2017-08-31,AVGO,0.0033191603339547326
2017-08-31,AXP,0.009258710405242149
2017-08-31,BA,0.0006987705966220489
2017-08-31,BAC,0.008909325106931125
2017-08-31,BBT,0.012577870739196882
2017-08-31,BBY,0.0003493852983110241
2017-08-31,BK,0.007337091264531514
2017-08-31,BRKB,0.005415472123820879
2017-08-31,C,0.01170440749341932
2017-08-31,CAT,0.005590164772976391
2017-08-31,CB,0.0015722338423996103
2017-08-31,CBS,0.0036685456322657576
2017-08-31,CFG,0.005066086825509855
2017-08-31,CMA,0.015023567827374055
2017-08-31,CME,0.0005240779474665366
2017-08-31,CMI,0.01013217365101971
2017-08-31,CNP,0.009957481001864199
2017-08-31,CSX,0.011180329545952782
2017-08-31,CTAS,0.010481558949330734
2017-08-31,DE,0.0038432382814212692
2017-08-31,DGX,0.013451333984974443
2017-08-31,DOV,0.005240779474665367
2017-08-31,ETFC,0.004542008878043318
2017-08-31,EXPD,0.007511783913687027
2017-08-31,FDX,0.004017930930576782
2017-08-31,FIS,0.004716701527198831
2017-08-31,FITB,0.01327664133581893
2017-08-31,FMC,0.011355022195108295
2017-08-31,GD,0.0029697750356437085
2017-08-31,GLW,0.0024456970881771714
2017-08-31,HBAN,0.0017469264915551226
2017-08-31,HPQ,0.005939550071287417
2017-08-31,HRS,0.0008734632457775613
2017-08-31,INTU,0.0019216191407106344
2017-08-31,IP,0.010306866300175223
2017-08-31,IR,0.010830944247641758
2017-08-31,ITW,0.00698770596622049
2017-08-31,JPM,0.013626026634129955
2017-08-31,KEY,0.004192623579732294
2017-08-31,L,0.01554764577484059
2017-08-31,LLL,0.0010481558949330734
2017-08-31,LNC,0.008385247159464588
2017-08-31,LRCX,0.006813013317064977
2017-08-31,LUK,0.011879100142574834
2017-08-31,MCHP,0.012403178090041371
2017-08-31,MLM,0.005764857422131904
2017-08-31,MPC,0.0027950823864881956
2017-08-31,MRK,0.00017469264915551222
2017-08-31,MS,0.013800719283285466
2017-08-31,MTB,0.009782788352708686
2017-08-31,MU,0.0157223384239961
2017-08-31,NOC,0.002096311789866147
2017-08-31,NSC,0.008210554510309075
2017-08-31,NTRS,0.0012228485440885857
2017-08-31,NVDA,0.015897031073151612
2017-08-31,OKE,0.015372953125685077
2017-08-31,PFG,0.015198260476529566
2017-08-31,PH,0.010656251598486247
2017-08-31,PLD,0.008559939808620099
2017-08-31,PNC,0.00786116921199805
2017-08-31,PRU,0.012228485440885856
2017-08-31,PWR,0.013101948686663418
2017-08-31,RF,0.008734632457775612
2017-08-31,ROK,0.006638320667909465
2017-08-31,RSG,0.012927256037507906
2017-08-31,SCHW,0.004367316228887806
2017-08-31,STI,0.012752563388352393
2017-08-31,STT,0.0031444676847992205
2017-08-31,SYK,0.0013975411932440978
2017-08-31,TEL,0.002271004439021659
2017-08-31,TMK,0.014674182529063029
2017-08-31,TWX,0.01397541193244098
2017-08-31,TXN,0.014499489879907517
2017-08-31,TXT,0.0076864765628425384
2017-08-31,UNH,0.011529714844263808
2017-08-31,UNM,0.009084017756086636
2017-08-31,URI,0.014150104581596492
2017-08-31,USB,0.006288935369598441
2017-08-31,WDC,0.006463628018753953
2017-08-31,WM,0.012053792791730345
2017-08-31,WMB,0.011005636896797271
2017-08-31,WRK,0.009608095703553173
2017-08-31,XYL,0.008035861861153563
2017-08-31,ZION,0.01484887517821854
2017-08-31,ZTS,0.007162398615376001
2017-09-30,A,0.00651156057160977
2017-09-30,ADBE,0.0016744012898425125
2017-09-30,ADI,0.005395293045048095
2017-09-30,ADSK,0.007999917273692005
2017-09-30,AFL,0.003720891755205584
2017-09-30,AMAT,0.014883567020822335
2017-09-30,AMZN,0.007441783510411168
2017-09-30,APH,0.012092898204418145
2017-09-30,AVGO,0.0014883567020822332
2017-09-30,AXP,0.008185961861452283
2017-09-30,BA,0.003534847167445304
2017-09-30,BAC,0.012278942792178425
2017-09-30,BBT,0.011534764441137308
2017-09-30,BBY,0.0013023121143219542
2017-09-30,BK,0.009302229388013958
2017-09-30,BRKB,0.008930140212493401
2017-09-30,BSX,0.0005581337632808376
2017-09-30,C,0.014139388669781216
2017-09-30,CAT,0.005581337632808376
2017-09-30,CFG,0.003348802579685025
2017-09-30,CMA,0.01302312114321954
2017-09-30,CME,0.005209248457287817
2017-09-30,CMI,0.003162757991924746
2017-09-30,CNP,0.010232452326815354
2017-09-30,CSX,0.013209165730979822
2017-09-30,CTAS,0.011720809028897588
2017-09-30,DE,0.0029767134041644664
2017-09-30,DGX,0.01376729949426066
2017-09-30,DOV,0.00669760515937005
2017-09-30,EA,0.0026046242286439083
2017-09-30,ETFC,0.008372006449212563
2017-09-30,FIS,0.007069694334890608
2017-09-30,FITB,0.012464987379938704
2017-09-30,FMC,0.016371923722904566
2017-09-30,GD,0.012837076555459263
2017-09-30,HPQ,0.0020464904653630708
2017-09-30,HRS,0.01562774537186345
2017-09-30,INTU,0.005023203869527538
2017-09-30,IP,0.00018604458776027948
2017-09-30,IR,0.004651114694006979
2017-09-30,ITW,0.002418579640883629
2017-09-30,JPM,0.01618587913514429
2017-09-30,KEY,0.0040929809307261415
2017-09-30,L,0.010604541502335913
2017-09-30,LLL,0.010046407739055076
2017-09-30,LMT,0.0076278280981714455
2017-09-30,LNC,0.007255738922650887
2017-09-30,LRCX,0.009116184800253679
2017-09-30,LUK,0.005953426808328933
2017-09-30,MCHP,0.01581378995962373
2017-09-30,MPC,0.004279025518486421
2017-09-30,MS,0.016557968310664847
2017-09-30,MSFT,0.0003720891755205583
2017-09-30,MU,0.016744012898425125
2017-09-30,NOC,0.009488273975774238
2017-09-30,NSC,0.009860363151294795
2017-09-30,NTRS,0.001860445877602792
2017-09-30,NVDA,0.016930057486185403
2017-09-30,OKE,0.01079058609009619
2017-09-30,PFG,0.01358125490650038
2017-09-30,PH,0.006325515983849493
2017-09-30,PLD,0.008558051036972842
2017-09-30,PNC,0.010418496914575633
2017-09-30,PRU,0.0011162675265616751
2017-09-30,PWR,0.015069611608582613
2017-09-30,RF,0.011162675265616751
2017-09-30,ROK,0.005767382220568654
2017-09-30,RSG,0.014511477845301775
2017-09-30,RTN,0.009674318563534515
2017-09-30,STI,0.011906853616657866
2017-09-30,STT,0.0044650701062467005
2017-09-30,SYMC,0.0022325350531233502
2017-09-30,TMK,0.01599983454738401
2017-09-30,TWX,0.014697522433062054
2017-09-30,TXN,0.015441700784103172
2017-09-30,TXT,0.007813872685931726
2017-09-30,UNH,0.0133952103187401
2017-09-30,UNM,0.00688364974713033
2017-09-30,UNP,0.0007441783510411166
2017-09-30,URI,0.01097663067785647
2017-09-30,USB,0.003906936342965863
2017-09-30,UTX,0.000930222938801396
2017-09-30,VAR,0.002790668816404188
2017-09-30,WDC,0.011348719853377029
2017-09-30,WM,0.013953344082020938
2017-09-30,WMB,0.015255656196342891
2017-09-30,WRK,0.006139471396089212
2017-09-30,XLNX,0.004837159281767258
2017-09-30,XYL,0.012651031967698985
2017-09-30,ZION,0.014325433257541497
2017-09-30,ZTS,0.008744095624733121
2017-10-31,A,0.001194457716196847
2017-10-31,AAPL,0.005494505494505495
2017-10-31,ABBV,0.0033444816053511705
2017-10-31,ADI,0.015289058767319636
2017-10-31,ADSK,0.00358337314859054
2017-10-31,ALL,0.004061156235069279
2017-10-31,AMAT,0.021261347348303872
2017-10-31,AON,0.00047778308647873863
2017-10-31,APH,0.020783564261825132
2017-10-31,AVGO,0.000716674629718108
2017-10-31,AXP,0.009316770186335404
2017-10-31,BAC,0.014811275680840898
2017-10-31,BBT,0.009077878643096034
2017-10-31,BBY,0.005972288580984233
2017-10-31,BRKB,0.008838987099856666
2017-10-31,C,0.015527950310559006
2017-10-31,CAT,0.01051122790253225
2017-10-31,CFG,0.005733397037744864
2017-10-31,CMA,0.01385570950788342
2017-10-31,CME,0.016961299569995224
2017-10-31,CMI,0.00023889154323936948
2017-10-31,CNP,0.010033444816053512
2017-10-31,COL,0.0023889154323936935
2017-10-31,CSCO,0.007644529383659818
2017-10-31,CSX,0.016722408026755852
2017-10-31,CTAS,0.0179168657429527
2017-10-31,DOV,0.013139034878165312
2017-10-31,EA,0.0026278069756330625
2017-10-31,ETFC,0.011944577161968466
2017-10-31,FDX,0.008600095556617296
2017-10-31,FIS,0.003105590062111801
2017-10-31,FITB,0.014572384137601528
2017-10-31,FLIR,0.006211180124223602
2017-10-31,FMC,0.01839464882943144
2017-10-31,GD,0.01409460105112279
2017-10-31,GLW,0.013616817964644052
2017-10-31,HPQ,0.007883420926899188
2017-10-31,HRS,0.020544672718585764
2017-10-31,INTU,0.009555661729574774
2017-10-31,IP,0.00692785475394171
2017-10-31,IR,0.004300047778308648
2017-10-31,ITW,0.008361204013377926
2017-10-31,JPM,0.018872431915910176
2017-10-31,KLAC,0.011227902532250358
2017-10-31,L,0.013377926421404682
2017-10-31,LLL,0.003822264691829909
2017-10-31,LMT,0.001911132345914954
2017-10-31,LNC,0.005016722408026756
2017-10-31,LRCX,0.019111323459149548
2017-10-31,LUK,0.010272336359292882
2017-10-31,MA,0.002866698518872432
2017-10-31,MAR,0.00716674629718108
2017-10-31,MCHP,0.020305781175346392
2017-10-31,MMM,0.002150023889154324
2017-10-31,MPC,0.006450071667462972
2017-10-31,MS,0.019827998088867656
2017-10-31,MSFT,0.012422360248447204
2017-10-31,MU,0.021739130434782608
2017-10-31,NFLX,0.004538939321548017
2017-10-31,NOC,0.011705685618729096
2017-10-31,NSC,0.015050167224080268
2017-10-31,NTAP,0.007405637840420449
2017-10-31,NVDA,0.02150023889154324
2017-10-31,OKE,0.001672240802675586
2017-10-31,PFG,0.012900143334925944
2017-10-31,PH,0.01098901098901099
2017-10-31,PLD,0.012183468705207836
2017-10-31,PNC,0.016005733397037744
2017-10-31,PWR,0.018633540372670808
2017-10-31,RF,0.005255613951266125
2017-10-31,ROK,0.01433349259436216
2017-10-31,RSG,0.020066889632107024
2017-10-31,RTN,0.011466794075489728
2017-10-31,STI,0.008122312470138558
2017-10-31,SYMC,0.016483516483516484
2017-10-31,TEL,0.009794553272814142
2017-10-31,TMK,0.017200191113234592
2017-10-31,TWX,0.018155757286192068
2017-10-31,TXN,0.0210224558050645
2017-10-31,TXT,0.01075011944577162
2017-10-31,UNH,0.012661251791686574
2017-10-31,UNM,0.001433349259436216
2017-10-31,URI,0.01743908265647396
2017-10-31,USB,0.000955566172957477
2017-10-31,WDC,0.019350215002388916
2017-10-31,WM,0.019589106545628284
2017-10-31,WMB,0.006688963210702341
2017-10-31,XLNX,0.017677974199713332
2017-10-31,XYL,0.015766841853798376
2017-10-31,ZION,0.016244624940277116
2017-10-31,ZTS,0.004777830864787387
2017-11-30,AAPL,0.010752688172043012
2017-11-30,ADBE,0.0016362786348761104
2017-11-30,ADI,0.017064048620850866
2017-11-30,ADSK,0.01168770453482936
2017-11-30,AJG,0.005376344086021506
2017-11-30,ALL,0.0018700327255726976
2017-11-30,AMAT,0.020336605890603085
2017-11-30,APH,0.020570359981299673
2017-11-30,AVGO,0.0037400654511453952
2017-11-30,AXP,0.012622720897615708
2017-11-30,BA,0.005610098176718092
2017-11-30,BAC,0.01659654043945769
2017-11-30,BBT,0.009817671809256662
2017-11-30,BBY,0.0011687704534829356
2017-11-30,BRKB,0.014726507713884993
2017-11-30,BWA,0.005142589995324918
2017-11-30,C,0.014492753623188406
2017-11-30,CAT,0.01846657316503039
2017-11-30,CFG,0.00023375409069658747
2017-11-30,CMA,0.010518934081346423
2017-11-30,CME,0.01332398316970547
2017-11-30,CMI,0.007713884992987377
2017-11-30,CNP,0.0030388031790556337
2017-11-30,COL,0.0065451145395044414
2017-11-30,CSX,0.011220196353436185
2017-11-30,CTAS,0.016830294530154277
2017-11-30,DE,0.007246376811594203
2017-11-30,DOV,0.01425899953249182
2017-11-30,FDX,0.006311360448807854
2017-11-30,FITB,0.013090229079008883
2017-11-30,FLIR,0.012856474988312296
2017-11-30,FMC,0.014960261804581581
2017-11-30,GD,0.008415147265077139
2017-11-30,GLW,0.010285179990649837
2017-11-30,GM,0.004207573632538569
2017-11-30,GS,0.002571294997662459
2017-11-30,HPQ,0.004441327723235157
2017-11-30,HRS,0.020804114071996258
2017-11-30,INTC,0.006077606358111267
2017-11-30,INTU,0.0091164095371669
2017-11-30,IP,0.009583917718560075
2017-11-30,ITW,0.010986442262739598
2017-11-30,JPM,0.01916783543712015
2017-11-30,KLAC,0.009350163627863487
2017-11-30,L,0.013791491351098644
2017-11-30,LNC,0.0007012622720897616
2017-11-30,LRCX,0.020102851799906497
2017-11-30,MA,0.008181393174380552
2017-11-30,MAR,0.015895278167367927
2017-11-30,MCHP,0.019869097709209912
2017-11-30,MMM,0.010051425899953248
2017-11-30,MPC,0.018700327255726974
2017-11-30,MS,0.019635343618513323
2017-11-30,MSFT,0.017765310892940627
2017-11-30,MTB,0.0004675081813931744
2017-11-30,MU,0.021505376344086023
2017-11-30,NFLX,0.000935016362786349
2017-11-30,NOC,0.008882655446470314
2017-11-30,NSC,0.0182328190743338
2017-11-30,NTAP,0.003272557269752221
2017-11-30,NVDA,0.021271622253389435
2017-11-30,PFG,0.008648901355773725
2017-11-30,PH,0.014025245441795231
2017-11-30,PHM,0.001402524544179523
2017-11-30,PLD,0.00584385226741468
2017-11-30,PNC,0.011921458625525946
2017-11-30,PWR,0.01753155680224404
2017-11-30,PX,0.0074801309022907905
2017-11-30,PYPL,0.004675081813931743
2017-11-30,RF,0.0035063113604488078
2017-11-30,ROK,0.017999064983637212
2017-11-30,ROP,0.003973819541841982
2017-11-30,RSG,0.015427769985974754
2017-11-30,STI,0.006778868630201029
2017-11-30,SYMC,0.013557737260402058
2017-11-30,TEL,0.016129032258064516
2017-11-30,TMK,0.016362786348761104
2017-11-30,TWX,0.007947639083683964
2017-11-30,TXN,0.021037868162692847
2017-11-30,TXT,0.0070126227208976155
2017-11-30,UNH,0.015194015895278168
2017-11-30,UNP,0.0023375409069658717
2017-11-30,URI,0.015661524076671342
2017-11-30,USB,0.002805049088359046
2017-11-30,VLO,0.004908835904628331
2017-11-30,WDC,0.01729780271154745
2017-11-30,WM,0.019401589527816735
2017-11-30,WRK,0.012155212716222535
2017-11-30,XLNX,0.018934081346423562
2017-11-30,XYL,0.012388966806919121
2017-11-30,ZION,0.011453950444132773
2017-11-30,ZTS,0.0021037868162692847
2017-12-31,AAL,0.004346831388698238
2017-12-31,AAPL,0.009380004575611988
2017-12-31,ABBV,0.0022878059940517046
2017-12-31,ACN,0.00022878059940517045
2017-12-31,ADI,0.0052619537863189195
2017-12-31,AJG,0.008464882177991306
2017-12-31,AMAT,0.014641958361930909
2017-12-31,ANTM,0.004804392587508579
2017-12-31,APH,0.02081903454587051
2017-12-31,AXP,0.016472203157172273
2017-12-31,BA,0.002745367192862045
2017-12-31,BAC,0.019217570350034317
2017-12-31,BBT,0.0068634179821551134
2017-12-31,BBY,0.0038892701898878973
2017-12-31,BLK,0.005719514985129261
2017-12-31,BRKB,0.012811713566689545
2017-12-31,BWA,0.016700983756577442
2017-12-31,C,0.018302447952413637
2017-12-31,CAT,0.017158544955387784
2017-12-31,CFG,0.013040494166094716
2017-12-31,CMA,0.018531228551818806
2017-12-31,CME,0.015099519560741249
2017-12-31,CSCO,0.0075497597803706245
2017-12-31,CSX,0.013726835964310227
2017-12-31,CTAS,0.013955616563715396
2017-12-31,DE,0.012125371768474034
2017-12-31,DOV,0.00549073438572409
2017-12-31,EMN,0.004118050789293068
2017-12-31,ETFC,0.014870738961336078
2017-12-31,FDX,0.013498055364905056
2017-12-31,FITB,0.017844886753603295
2017-12-31,FLIR,0.005948295584534431
2017-12-31,FMC,0.011667810569663692
2017-12-31,GD,0.0070921985815602835
2017-12-31,GLW,0.011896591169068863
2017-12-31,GM,0.00983756577442233
2017-12-31,GS,0.006405856783344772
2017-12-31,HBAN,0.0034317089910775567
2017-12-31,HPQ,0.003202928391672386
2017-12-31,HRS,0.02059025394646534
2017-12-31,INTU,0.0013726835964310222
2017-12-31,IP,0.00045756119881034014
2017-12-31,ITW,0.014184397163120567
2017-12-31,JPM,0.02036147334706017
2017-12-31,KEY,0.0029741477922672157
2017-12-31,L,0.008007320979180966
2017-12-31,LNC,0.008693662777396477
2017-12-31,LRCX,0.009608785175017159
2017-12-31,LUK,0.0018302447952413636
2017-12-31,MA,0.01029512697323267
2017-12-31,MAR,0.01692976435598261
2017-12-31,MCHP,0.0073209791809654545
2017-12-31,MMM,0.0061770761839396015
2017-12-31,MPC,0.01967513154884466
2017-12-31,MS,0.01990391214824983
2017-12-31,MSFT,0.0162434225577671
2017-12-31,MSI,0.0011439029970258523
2017-12-31,MU,0.02104781514527568
2017-12-31,NOC,0.0006863417982155111
2017-12-31,NSC,0.020132692747654998
2017-12-31,NTAP,0.012582932967284374
2017-12-31,NTRS,0.005033173186913749
2017-12-31,NVDA,0.02127659574468085
2017-12-31,PFG,0.015785861358956762
2017-12-31,PH,0.01532830016014642
2017-12-31,PHM,0.0009151223976206818
2017-12-31,PNC,0.017616106154198122
2017-12-31,PRU,0.007778540379775795
2017-12-31,PWR,0.01555708075955159
2017-12-31,PX,0.011210249370853352
2017-12-31,PYPL,0.004575611988103409
2017-12-31,RF,0.014413177762525738
2017-12-31,ROK,0.009151223976206819
2017-12-31,ROP,0.002059025394646534
2017-12-31,SCHW,0.01098146877144818
2017-12-31,STI,0.010066346373827499
2017-12-31,STT,0.0036604895904827272
2017-12-31,TEL,0.018760009151223975
2017-12-31,TMK,0.017387325554792953
2017-12-31,TXN,0.019446350949439486
2017-12-31,TXT,0.012354152367879203
2017-12-31,UNH,0.011439029970258523
2017-12-31,UNM,0.01052390757263784
2017-12-31,UNP,0.0025165865934568747
2017-12-31,URI,0.018988789750629148
2017-12-31,USB,0.008236101578586136
2017-12-31,VLO,0.01601464195836193
2017-12-31,WM,0.0016014641958361948
2017-12-31,WRK,0.013269274765499885
2017-12-31,XLNX,0.008922443376801648
2017-12-31,XYL,0.010752688172043012
2017-12-31,ZION,0.018073667353008464
2017-12-31,ZTS,0.0066346373827499425
2018-01-31,AAPL,0.001830244795241364
2018-01-31,ACN,0.012582932967284374
2018-01-31,ALL,0.006405856783344772
2018-01-31,AMAT,0.0075497597803706245
2018-01-31,ANTM,0.0006863417982155111
2018-01-31,APH,0.016700983756577442
2018-01-31,AXP,0.018531228551818806
2018-01-31,BA,0.0070921985815602835
2018-01-31,BAC,0.01990391214824983
2018-01-31,BBT,0.004118050789293068
2018-01-31,BBY,0.010066346373827499
2018-01-31,BK,0.0009151223976206818
2018-01-31,BLK,0.0068634179821551134
2018-01-31,BRKB,0.015099519560741249
2018-01-31,BWA,0.004804392587508579
2018-01-31,C,0.018760009151223975
2018-01-31,CAT,0.016472203157172273
2018-01-31,CF,0.005719514985129261
2018-01-31,CFG,0.013498055364905056
2018-01-31,CMA,0.020132692747654998
2018-01-31,CME,0.009380004575611988
2018-01-31,COF,0.01098146877144818
2018-01-31,COL,0.0061770761839396015
2018-01-31,CSCO,0.0038892701898878973
2018-01-31,CSX,0.008693662777396477
2018-01-31,CTAS,0.002745367192862046
2018-01-31,DAL,0.009151223976206819
2018-01-31,DE,0.017158544955387784
2018-01-31,DOV,0.008007320979180966
2018-01-31,DRI,0.008922443376801648
2018-01-31,EMN,0.01601464195836193
2018-01-31,ETFC,0.019217570350034317
2018-01-31,FDX,0.018988789750629148
2018-01-31,FITB,0.013726835964310227
2018-01-31,FLIR,0.000457561198810341
2018-01-31,FMC,0.011896591169068863
2018-01-31,FTV,0.0011439029970258523
2018-01-31,GLW,0.0029741477922672153
2018-01-31,GS,0.0073209791809654545
2018-01-31,HBAN,0.010752688172043012
2018-01-31,HIG,0.00022878059940517045
2018-01-31,HRS,0.01555708075955159
2018-01-31,INTU,0.0034317089910775563
2018-01-31,ITW,0.002287805994051704
2018-01-31,JPM,0.02081903454587051
2018-01-31,KEY,0.011667810569663692
2018-01-31,L,0.004575611988103409
2018-01-31,LNC,0.007778540379775795
2018-01-31,LRCX,0.002059025394646534
2018-01-31,LUV,0.014184397163120567
2018-01-31,LYB,0.013040494166094716
2018-01-31,MA,0.01052390757263784
2018-01-31,MAR,0.015785861358956762
2018-01-31,MPC,0.01967513154884466
2018-01-31,MS,0.017844886753603295
2018-01-31,MSFT,0.012125371768474034
2018-01-31,MTB,0.0036604895904827272
2018-01-31,MU,0.02127659574468085
2018-01-31,NFLX,0.003202928391672386
2018-01-31,NOC,0.00549073438572409
2018-01-31,NSC,0.019446350949439486
2018-01-31,NTAP,0.009608785175017159
2018-01-31,NTRS,0.014413177762525736
2018-01-31,NVDA,0.02104781514527568
2018-01-31,PFG,0.011210249370853352
2018-01-31,PGR,0.005033173186913749
2018-01-31,PH,0.018302447952413637
2018-01-31,PNC,0.02059025394646534
2018-01-31,PRU,0.00983756577442233
2018-01-31,PSX,0.01029512697323267
2018-01-31,PWR,0.013269274765499885
2018-01-31,PX,0.008236101578586136
2018-01-31,PYPL,0.0013726835964310226
2018-01-31,RF,0.017616106154198122
2018-01-31,ROK,0.012354152367879203
2018-01-31,RSG,0.008464882177991306
2018-01-31,SCHW,0.01532830016014642
2018-01-31,STI,0.0162434225577671
2018-01-31,TEL,0.01692976435598261
2018-01-31,TIF,0.004346831388698238
2018-01-31,TMK,0.018073667353008464
2018-01-31,TROW,0.00526195378631892
2018-01-31,TXN,0.014870738961336078
2018-01-31,TXT,0.011439029970258523
2018-01-31,UNH,0.005948295584534431
2018-01-31,UNM,0.012811713566689545
2018-01-31,UNP,0.0025165865934568747
2018-01-31,URI,0.013955616563715396
2018-01-31,VLO,0.02036147334706017
2018-01-31,WM,0.014641958361930909
2018-01-31,WRK,0.0066346373827499425
2018-01-31,XYL,0.001601464195836193
2018-01-31,ZION,0.017387325554792953
2018-02-28,AAL,0.0004496121126045561
2018-02-28,ABBV,0.007643405914277452
2018-02-28,ACN,0.01258913915292757
2018-02-28,ADI,0.004496121126045561
2018-02-28,AJG,0.0011240302815113902
2018-02-28,AMZN,0.00022480605630227805
2018-02-28,ANTM,0.010116272533602512
2018-02-28,APH,0.015736423941159462
2018-02-28,AXP,0.01506200577225263
2018-02-28,BA,0.01393797549074124
2018-02-28,BAC,0.017759678447879967
2018-02-28,BBT,0.004945733238650117
2018-02-28,BLK,0.01034107858990479
2018-02-28,BRKB,0.01596122999746174
2018-02-28,BWA,0.008992242252091122
2018-02-28,C,0.015286811828554904
2018-02-28,CAT,0.017534872391577687
2018-02-28,CFG,0.011015496758811624
2018-02-28,CMA,0.020007739010902744
2018-02-28,CME,0.003147284788231893
2018-02-28,COF,0.004271315069743283
2018-02-28,COL,0.006069763520161507
2018-02-28,CSCO,0.006294569576463785
2018-02-28,CSX,0.006744181689068341
2018-02-28,DAL,0.01146510887141618
2018-02-28,DE,0.016410842110066298
2018-02-28,DOV,0.007868211970579731
2018-02-28,DRI,0.004720927182347839
2018-02-28,EMN,0.018883708729391355
2018-02-28,ETFC,0.01820929056048452
2018-02-28,FDX,0.018658902673089076
2018-02-28,FITB,0.014162781547043516
2018-02-28,FLIR,0.011914720984020737
2018-02-28,FMC,0.005844957463859229
2018-02-28,GM,0.0006744181689068341
2018-02-28,GOOG,0.004046509013441005
2018-02-28,GOOGL,0.0029224787319296146
2018-02-28,GS,0.0015736423941159466
2018-02-28,HBAN,0.010565884646207068
2018-02-28,HD,0.008767436195788843
2018-02-28,HIG,0.009666660420997954
2018-02-28,HRS,0.015511617884857184
2018-02-28,INTU,0.007418599857975175
2018-02-28,ITW,0.0022480605630227804
2018-02-28,JBHT,0.0008992242252091122
2018-02-28,JPM,0.020457351123507304
2018-02-28,KEY,0.007193793801672898
2018-02-28,KLAC,0.003596896900836449
2018-02-28,L,0.005620151407556951
2018-02-28,LNC,0.002472866619325058
2018-02-28,LUV,0.0065193756327660635
2018-02-28,LYB,0.012364333096625293
2018-02-28,MA,0.013263557321834405
2018-02-28,MAR,0.0184340966167868
2018-02-28,MPC,0.01708526027897313
2018-02-28,MS,0.014387587603345795
2018-02-28,MSFT,0.01618603605376402
2018-02-28,MTB,0.00809301802688201
2018-02-28,MU,0.020232545067205024
2018-02-28,NFLX,0.011689914927718459
2018-02-28,NOC,0.013488363378136681
2018-02-28,NSC,0.017984484504182243
2018-02-28,NTRS,0.013713169434438961
2018-02-28,NVDA,0.02068215717980958
2018-02-28,PH,0.012139527040323015
2018-02-28,PNC,0.019782932954600468
2018-02-28,PRU,0.0020232545067205027
2018-02-28,PSX,0.0092170483083934
2018-02-28,PWR,0.009441854364695678
2018-02-28,PX,0.0033720908445341704
2018-02-28,PYPL,0.008542630139486565
2018-02-28,RCL,0.0026976726756273365
2018-02-28,RF,0.01686045422267085
2018-02-28,ROK,0.008317824083184287
2018-02-28,RSG,0.009891466477300234
2018-02-28,SCHW,0.010790690702509346
2018-02-28,STI,0.017310066335275407
2018-02-28,STT,0.003821702957138726
2018-02-28,TEL,0.016635648166368575
2018-02-28,TMK,0.012813945209229847
2018-02-28,TROW,0.011240302815113902
2018-02-28,TSS,0.005170539294952395
2018-02-28,TXN,0.019558126898298188
2018-02-28,TXT,0.00696898774537062
2018-02-28,UNH,0.013038751265532127
2018-02-28,URI,0.01483719971595035
2018-02-28,VLO,0.019108514785693635
2018-02-28,WDC,0.005395345351254673
2018-02-28,WM,0.019333320841995908
2018-02-28,WMT,0.0013488363378136683
2018-02-28,ZION,0.014612393659648074
2018-02-28,ZTS,0.0017984484504182244
2018-03-31,AAL,0.00442388733545547
2018-03-31,AAPL,0.0006032573639257458
2018-03-31,ABBV,0.012668404642440663
2018-03-31,ACN,0.007440174155084199
2018-03-31,ADBE,0.004021715759504972
2018-03-31,ADI,0.003619544183554475
2018-03-31,AJG,0.004222801547480221
2018-03-31,AMAT,0.006032573639257459
2018-03-31,AME,0.003418458395579226
2018-03-31,AMZN,0.002211943667727735
2018-03-31,ANTM,0.008244517306985194
2018-03-31,APH,0.01045646097471293
2018-03-31,AXP,0.014076005158267405
2018-03-31,BA,0.015081434098143647
2018-03-31,BAC,0.017092291977896135
2018-03-31,BBT,0.00723908836710895
2018-03-31,BBY,0.005228230487356465
2018-03-31,BK,0.006635831003183205
2018-03-31,BLK,0.010858632550663426
2018-03-31,BRKB,0.01327166200636641
2018-03-31,C,0.011864061490539668
2018-03-31,CAT,0.009652117822811933
2018-03-31,CF,0.003217372607603978
2018-03-31,CFG,0.007842345731034697
2018-03-31,CMA,0.017896635129797125
2018-03-31,CME,0.014277090946242653
2018-03-31,COL,0.007641259943059448
2018-03-31,CSCO,0.012467318854465415
2018-03-31,CSX,0.00020108578797524857
2018-03-31,CTAS,0.008445603094960442
2018-03-31,CTSH,0.005630402063306962
2018-03-31,DAL,0.001809772091777238
2018-03-31,DE,0.012266233066490167
2018-03-31,DRI,0.004624973123430719
2018-03-31,EMN,0.01769554934182188
2018-03-31,ETFC,0.01166297570256442
2018-03-31,FDX,0.006434745215207956
2018-03-31,FISV,0.001608686303801989
2018-03-31,FITB,0.012869490430415912
2018-03-31,FLIR,0.009249946246861438
2018-03-31,FOXA,0.002815201031653481
2018-03-31,FTV,0.005429316275331713
2018-03-31,GD,0.0024130294557029833
2018-03-31,GS,0.007038002579133703
2018-03-31,HBAN,0.009048860458886188
2018-03-31,HD,0.0008043431519009943
2018-03-31,HRS,0.013472747794341659
2018-03-31,INTU,0.010054289398762432
2018-03-31,JBHT,0.0026141152436782323
2018-03-31,JPM,0.018298806705747624
2018-03-31,KEY,0.009853203610787183
2018-03-31,KLAC,0.011461889914589171
2018-03-31,LMT,0.00583148785128221
2018-03-31,LRCX,0.002010857879752486
2018-03-31,MA,0.013070576218391161
2018-03-31,MAR,0.016690120401945636
2018-03-31,MPC,0.011059718338638676
2018-03-31,MS,0.013673833582316905
2018-03-31,MSFT,0.013874919370292154
2018-03-31,MSI,0.0012065147278514916
2018-03-31,MTB,0.010657546762688177
2018-03-31,MU,0.018499892493722876
2018-03-31,NFLX,0.0144781767342179
2018-03-31,NOC,0.01608686303801989
2018-03-31,NSC,0.005027144699381217
2018-03-31,NTRS,0.016287948825995137
2018-03-31,NVDA,0.018097720917772377
2018-03-31,PGR,0.00884777467091094
2018-03-31,PNC,0.01749446355384663
2018-03-31,PYPL,0.00040217157595049714
2018-03-31,RF,0.016489034613970388
2018-03-31,RHI,0.0014076005158267404
2018-03-31,RSG,0.008043431519009945
2018-03-31,RTN,0.006836916791158452
2018-03-31,SCHW,0.011260804126613923
2018-03-31,STI,0.015684691462069394
2018-03-31,STT,0.003820629971529724
2018-03-31,TEL,0.01588577725004464
2018-03-31,TMK,0.004826058911405966
2018-03-31,TROW,0.015282519886118897
2018-03-31,TSS,0.01025537518673768
2018-03-31,TXN,0.016891206189920883
2018-03-31,TXT,0.012065147278514918
2018-03-31,UNH,0.009451032034836685
2018-03-31,URI,0.01467926252219315
2018-03-31,UTX,0.0062336594272327074
2018-03-31,VLO,0.015483605674094143
2018-03-31,WM,0.01729337776587138
2018-03-31,WRK,0.001005428939876243
2018-03-31,XYL,0.0030162868196287294
2018-03-31,ZION,0.014880348310168398
2018-03-31,ZTS,0.00864668888293569
2018-04-30,ABBV,0.0030388031790556345
2018-04-30,ACN,0.008648901355773725
2018-04-30,ADBE,0.009817671809256662
2018-04-30,ADI,0.007713884992987377
2018-04-30,AJG,0.012388966806919123
2018-04-30,AMAT,0.0091164095371669
2018-04-30,AME,0.013791491351098644
2018-04-30,AMZN,0.003973819541841982
2018-04-30,ANTM,0.0074801309022907905
2018-04-30,AXP,0.01168770453482936
2018-04-30,BA,0.011220196353436185
2018-04-30,BAC,0.01659654043945769
2018-04-30,BBY,0.0021037868162692847
2018-04-30,BLK,0.01846657316503039
2018-04-30,BRKB,0.014960261804581581
2018-04-30,CAT,0.013090229079008883
2018-04-30,CFG,0.0007012622720897616
2018-04-30,CHRW,0.0004675081813931744
2018-04-30,CMA,0.020102851799906497
2018-04-30,CME,0.019401589527816735
2018-04-30,COL,0.009583917718560075
2018-04-30,CSCO,0.014025245441795231
2018-04-30,CSX,0.004207573632538569
2018-04-30,CTAS,0.017765310892940627
2018-04-30,CTSH,0.010285179990649837
2018-04-30,DE,0.012856474988312296
2018-04-30,DHR,0.0032725572697522207
2018-04-30,DOV,0.010518934081346423
2018-04-30,EL,0.007947639083683964
2018-04-30,EMN,0.021271622253389435
2018-04-30,EMR,0.0023375409069658717
2018-04-30,ETFC,0.020570359981299673
2018-04-30,FDX,0.004675081813931743
2018-04-30,FITB,0.006077606358111267
2018-04-30,FLIR,0.012155212716222535
2018-04-30,FTV,0.011453950444132773
2018-04-30,GD,0.0065451145395044414
2018-04-30,HD,0.008181393174380552
2018-04-30,HRS,0.020804114071996258
2018-04-30,INTC,0.006778868630201029
2018-04-30,INTU,0.0182328190743338
2018-04-30,JBHT,0.0011687704534829358
2018-04-30,JPM,0.018934081346423562
2018-04-30,KLAC,0.0035063113604488078
2018-04-30,LLL,0.00584385226741468
2018-04-30,LRCX,0.007246376811594203
2018-04-30,MA,0.014492753623188406
2018-04-30,MAR,0.019869097709209912
2018-04-30,MPC,0.018700327255726974
2018-04-30,MS,0.012622720897615708
2018-04-30,MSFT,0.01332398316970547
2018-04-30,MSI,0.009350163627863487
2018-04-30,MTB,0.005610098176718092
2018-04-30,MU,0.021505376344086023
2018-04-30,NDAQ,0.0016362786348761104
2018-04-30,NFLX,0.010051425899953248
2018-04-30,NOC,0.015895278167367927
2018-04-30,NRG,0.0018700327255726976
2018-04-30,NSC,0.008415147265077139
2018-04-30,NTAP,0.005376344086021506
2018-04-30,NTRS,0.015427769985974754
2018-04-30,NVDA,0.021037868162692847
2018-04-30,PGR,0.017064048620850866
2018-04-30,PNC,0.01753155680224404
2018-04-30,RF,0.014726507713884993
2018-04-30,RHI,0.0070126227208976155
2018-04-30,RHT,0.004908835904628331
2018-04-30,ROP,0.008882655446470314
2018-04-30,RSG,0.000935016362786349
2018-04-30,RTN,0.010986442262739598
2018-04-30,SCHW,0.01425899953249182
2018-04-30,SHW,0.002571294997662459
2018-04-30,STI,0.015194015895278168
2018-04-30,TEL,0.017999064983637212
2018-04-30,TMK,0.005142589995324918
2018-04-30,TROW,0.019635343618513323
2018-04-30,TSS,0.010752688172043012
2018-04-30,TXN,0.016830294530154277
2018-04-30,TXT,0.015661524076671342
2018-04-30,UNH,0.0037400654511453952
2018-04-30,UNP,0.011921458625525946
2018-04-30,URI,0.020336605890603085
2018-04-30,VLO,0.01729780271154745
2018-04-30,WDC,0.001402524544179523
2018-04-30,WM,0.016129032258064516
2018-04-30,WRK,0.004441327723235157
2018-04-30,WYN,0.002805049088359046
2018-04-30,WYNN,0.0002337540906965872
2018-04-30,XLNX,0.006311360448807854
2018-04-30,XYL,0.016362786348761104
2018-04-30,ZION,0.013557737260402058
2018-04-30,ZTS,0.01916783543712015
2018-05-31,AAPL,0.001402524544179523
2018-05-31,ABBV,0.009583917718560075
2018-05-31,ABT,0.009350163627863487
2018-05-31,ACN,0.01168770453482936
2018-05-31,ADBE,0.017999064983637212
2018-05-31,AJG,0.01729780271154745
2018-05-31,ALL,0.002805049088359046
2018-05-31,AME,0.0065451145395044414
2018-05-31,AMZN,0.01846657316503039
2018-05-31,ANTM,0.008882655446470314
2018-05-31,AXP,0.01332398316970547
2018-05-31,BA,0.01425899953249182
2018-05-31,BBY,0.004207573632538569
2018-05-31,BLK,0.016129032258064516
2018-05-31,BRKB,0.0035063113604488078
2018-05-31,CAT,0.008415147265077139
2018-05-31,CMA,0.010752688172043012
2018-05-31,CME,0.015895278167367927
2018-05-31,CNC,0.012388966806919121
2018-05-31,COL,0.003973819541841982
2018-05-31,COST,0.010051425899953248
2018-05-31,CRM,0.010986442262739598
2018-05-31,CSCO,0.021037868162692847
2018-05-31,CSX,0.00584385226741468
2018-05-31,CTAS,0.018934081346423562
2018-05-31,CTSH,0.010518934081346423
2018-05-31,DHI,0.0004675081813931744
2018-05-31,DHR,0.015427769985974754
2018-05-31,DOV,0.0002337540906965866
2018-05-31,DPS,0.0032725572697522207
2018-05-31,ECL,0.0021037868162692847
2018-05-31,EL,0.018700327255726974
2018-05-31,EMN,0.019401589527816735
2018-05-31,ETFC,0.020102851799906497
2018-05-31,EXR,0.012622720897615708
2018-05-31,FDX,0.0037400654511453952
2018-05-31,FLIR,0.015194015895278168
2018-05-31,GPN,0.006778868630201029
2018-05-31,HD,0.014960261804581581
2018-05-31,HRS,0.01659654043945769
2018-05-31,ILMN,0.012155212716222535
2018-05-31,INTC,0.016362786348761104
2018-05-31,INTU,0.020570359981299673
2018-05-31,JPM,0.010285179990649837
2018-05-31,L,0.0023375409069658717
2018-05-31,MA,0.020336605890603085
2018-05-31,MAR,0.017765310892940627
2018-05-31,MCO,0.0011687704534829358
2018-05-31,MPC,0.01916783543712015
2018-05-31,MSFT,0.0182328190743338
2018-05-31,MSI,0.011921458625525946
2018-05-31,MU,0.021271622253389435
2018-05-31,NDAQ,0.015661524076671342
2018-05-31,NEE,0.004908835904628331
2018-05-31,NFLX,0.019635343618513323
2018-05-31,NKE,0.002571294997662459
2018-05-31,NRG,0.007713884992987377
2018-05-31,NSC,0.008181393174380552
2018-05-31,NTAP,0.013791491351098644
2018-05-31,NTRS,0.011453950444132773
2018-05-31,NVDA,0.016830294530154277
2018-05-31,PEG,0.007947639083683964
2018-05-31,PFE,0.0070126227208976155
2018-05-31,PGR,0.01753155680224404
2018-05-31,PHM,0.004441327723235157
2018-05-31,PKI,0.005376344086021506
2018-05-31,PLD,0.0016362786348761104
2018-05-31,PNC,0.0009350163627863499
2018-05-31,PX,0.0030388031790556337
2018-05-31,PYPL,0.007246376811594203
2018-05-31,RHT,0.017064048620850866
2018-05-31,ROP,0.005142589995324918
2018-05-31,SCHW,0.008648901355773725
2018-05-31,STZ,0.0091164095371669
2018-05-31,SYK,0.011220196353436185
2018-05-31,TEL,0.006077606358111267
2018-05-31,TMK,0.0018700327255726976
2018-05-31,TMO,0.005610098176718092
2018-05-31,TROW,0.019869097709209912
2018-05-31,TSS,0.014025245441795231
2018-05-31,TXN,0.014492753623188406
2018-05-31,TXT,0.012856474988312296
2018-05-31,UNH,0.009817671809256662
2018-05-31,UNP,0.0074801309022907905
2018-05-31,V,0.014726507713884993
2018-05-31,VFC,0.013090229079008883
2018-05-31,VLO,0.020804114071996258
2018-05-31,VRSK,0.006311360448807854
2018-05-31,WYNN,0.004675081813931743
2018-05-31,XYL,0.013557737260402058
2018-05-31,ZION,0.0007012622720897616
2018-05-31,ZTS,0.021505376344086023
2018-06-30,AAPL,0.006211180124223602
2018-06-30,ABBV,0.005494505494505495
2018-06-30,ABT,0.01075011944577162
2018-06-30,ACN,0.015289058767319636
2018-06-30,ADBE,0.020305781175346392
2018-06-30,ADI,0.007883420926899188
2018-06-30,AME,0.004300047778308648
2018-06-30,AMZN,0.019111323459149548
2018-06-30,AXP,0.008361204013377926
2018-06-30,BA,0.012183468705207836
2018-06-30,BAC,0.006688963210702341
2018-06-30,BLK,0.01385570950788342
2018-06-30,CAT,0.013616817964644052
2018-06-30,CMA,0.011705685618729096
2018-06-30,CME,0.01743908265647396
2018-06-30,CNC,0.016244624940277116
2018-06-30,COL,0.005733397037744864
2018-06-30,CRM,0.016722408026755852
2018-06-30,CSCO,0.017677974199713332
2018-06-30,CSX,0.010272336359292882
2018-06-30,CTAS,0.019589106545628284
2018-06-30,DHR,0.011466794075489728
2018-06-30,EL,0.020544672718585764
2018-06-30,EMN,0.019350215002388916
2018-06-30,EMR,0.007644529383659818
2018-06-30,ETFC,0.021739130434782608
2018-06-30,EXPD,0.004061156235069279
2018-06-30,EXR,0.007405637840420449
2018-06-30,FDX,0.009316770186335404
2018-06-30,FLIR,0.012422360248447204
2018-06-30,GOOG,0.00023889154323936931
2018-06-30,GPN,0.000955566172957477
2018-06-30,HCA,0.004538939321548017
2018-06-30,HD,0.010033444816053512
2018-06-30,HRS,0.01433349259436216
2018-06-30,HUM,0.0033444816053511705
2018-06-30,ILMN,0.017200191113234592
2018-06-30,INTC,0.016005733397037744
2018-06-30,INTU,0.021261347348303872
2018-06-30,JBHT,0.0011944577161968467
2018-06-30,JPM,0.002388915432393694
2018-06-30,KLAC,0.003105590062111801
2018-06-30,LRCX,0.001433349259436216
2018-06-30,MA,0.020783564261825132
2018-06-30,MAR,0.013139034878165312
2018-06-30,MCO,0.009555661729574774
2018-06-30,MPC,0.016961299569995224
2018-06-30,MSFT,0.018155757286192068
2018-06-30,MSI,0.002627806975633062
2018-06-30,MU,0.0210224558050645
2018-06-30,NDAQ,0.011944577161968466
2018-06-30,NEE,0.002150023889154324
2018-06-30,NFLX,0.020066889632107024
2018-06-30,NKE,0.00358337314859054
2018-06-30,NOC,0.008838987099856666
2018-06-30,NRG,0.005255613951266125
2018-06-30,NSC,0.015527950310559006
2018-06-30,NTAP,0.014811275680840898
2018-06-30,NVDA,0.01409460105112279
2018-06-30,PGR,0.013377926421404682
2018-06-30,PHM,0.002866698518872432
2018-06-30,PVH,0.009077878643096034
2018-06-30,PX,0.008600095556617296
2018-06-30,PYPL,0.01098901098901099
2018-06-30,RF,0.0016722408026755853
2018-06-30,RHI,0.0019111323459149545
2018-06-30,RHT,0.018633540372670808
2018-06-30,ROP,0.003822264691829909
2018-06-30,RTN,0.006450071667462972
2018-06-30,SCHW,0.014572384137601528
2018-06-30,SPGI,0.008122312470138558
2018-06-30,STZ,0.000716674629718108
2018-06-30,SYK,0.00716674629718108
2018-06-30,TEL,0.00047778308647873895
2018-06-30,TIF,0.00692785475394171
2018-06-30,TROW,0.02150023889154324
2018-06-30,TSS,0.012661251791686574
2018-06-30,TXN,0.0179168657429527
2018-06-30,TXT,0.018872431915910176
2018-06-30,UNH,0.009794553272814142
2018-06-30,UNP,0.016483516483516484
2018-06-30,URI,0.005016722408026756
2018-06-30,V,0.015766841853798376
2018-06-30,VFC,0.012900143334925944
2018-06-30,VLO,0.019827998088867656
2018-06-30,VRSK,0.004777830864787387
2018-06-30,VRSN,0.011227902532250358
2018-06-30,WYNN,0.015050167224080268
2018-06-30,XYL,0.01051122790253225
2018-06-30,ZION,0.005972288580984233
2018-06-30,ZTS,0.01839464882943144
2018-07-31,ACN,0.016967353951890033
2018-07-31,ADBE,0.010309278350515464
2018-07-31,ADI,0.004939862542955326
2018-07-31,AES,0.00665807560137457
2018-07-31,AKAM,0.010094501718213059
2018-07-31,ALGN,0.017826460481099655
2018-07-31,AMZN,0.015034364261168385
2018-07-31,ANSS,0.014175257731958763
2018-07-31,APC,0.005798969072164949
2018-07-31,CA,0.00429553264604811
2018-07-31,CF,0.01288659793814433
2018-07-31,CHRW,0.007302405498281787
2018-07-31,CMA,0.008805841924398625
2018-07-31,CME,0.01825601374570447
2018-07-31,CNC,0.007731958762886598
2018-07-31,COL,0.0002147766323024056
2018-07-31,COP,0.01675257731958763
2018-07-31,COST,0.01524914089347079
2018-07-31,CRM,0.011168384879725086
2018-07-31,CSCO,0.01997422680412371
2018-07-31,CTAS,0.01718213058419244
2018-07-31,CTXS,0.012242268041237113
2018-07-31,DG,0.004725085910652921
2018-07-31,DHR,0.012027491408934709
2018-07-31,EL,0.009664948453608248
2018-07-31,EMN,0.009235395189003437
2018-07-31,EMR,0.00236254295532646
2018-07-31,EOG,0.003006872852233677
2018-07-31,ETFC,0.018900343642611683
2018-07-31,EXPD,0.000859106529209622
2018-07-31,EXR,0.019329896907216496
2018-07-31,FFIV,0.01138316151202749
2018-07-31,FLIR,0.012671821305841924
2018-07-31,FOX,0.015463917525773196
2018-07-31,FOXA,0.0156786941580756
2018-07-31,GRMN,0.009450171821305841
2018-07-31,GWW,0.01761168384879725
2018-07-31,HCA,0.005584192439862543
2018-07-31,HD,0.01095360824742268
2018-07-31,HES,0.001718213058419244
2018-07-31,HLT,0.01331615120274914
2018-07-31,HRS,0.00622852233676976
2018-07-31,HUM,0.004080756013745705
2018-07-31,IDXX,0.006013745704467354
2018-07-31,ILMN,0.010738831615120275
2018-07-31,INTC,0.011812714776632302
2018-07-31,INTU,0.020403780068728523
2018-07-31,JBHT,0.011597938144329897
2018-07-31,KORS,0.01610824742268041
2018-07-31,KSS,0.015893470790378006
2018-07-31,LYB,0.003865979381443299
2018-07-31,M,0.0015034364261168386
2018-07-31,MA,0.018685567010309278
2018-07-31,MKC,0.0036512027491408935
2018-07-31,MRO,0.007087628865979381
2018-07-31,MSFT,0.01245704467353952
2018-07-31,MSI,0.01052405498281787
2018-07-31,MU,0.014604810996563574
2018-07-31,NDAQ,0.007517182130584193
2018-07-31,NFLX,0.016537800687285224
2018-07-31,NKE,0.00859106529209622
2018-07-31,NOV,0.005154639175257732
2018-07-31,NSC,0.01632302405498282
2018-07-31,NTAP,0.017396907216494846
2018-07-31,NTRS,0.013101374570446736
2018-07-31,OKE,0.004510309278350515
2018-07-31,OXY,0.003436426116838488
2018-07-31,PAYX,0.002577319587628866
2018-07-31,PEG,0.009879725085910653
2018-07-31,PFE,0.002147766323024055
2018-07-31,PSX,0.007946735395189003
2018-07-31,PX,0.006872852233676976
2018-07-31,RF,0.006443298969072165
2018-07-31,RHI,0.019759450171821305
2018-07-31,RL,0.013745704467353952
2018-07-31,RMD,0.00902061855670103
2018-07-31,ROST,0.013530927835051547
2018-07-31,STI,0.000429553264604811
2018-07-31,STX,0.013960481099656358
2018-07-31,SYY,0.0195446735395189
2018-07-31,TGT,0.001288659793814433
2018-07-31,TIF,0.001073883161512028
2018-07-31,TJX,0.018470790378006873
2018-07-31,TROW,0.01911512027491409
2018-07-31,TSS,0.0006443298969072159
2018-07-31,TXN,0.014819587628865979
2018-07-31,TXT,0.020618556701030927
2018-07-31,UNH,0.002792096219931272
2018-07-31,UNP,0.020189003436426118
2018-07-31,V,0.0053694158075601375
2018-07-31,VFC,0.00816151202749141
2018-07-31,VLO,0.01804123711340206
2018-07-31,VRSK,0.008376288659793814
2018-07-31,VRSN,0.003221649484536083
2018-07-31,ZION,0.0019329896907216496
2018-07-31,ZTS,0.014390034364261168
2018-08-31,ABT,0.01095360824742268
2018-08-31,ACN,0.008376288659793814
2018-08-31,ADBE,0.014175257731958763
2018-08-31,AKAM,0.019759450171821305
2018-08-31,ALGN,0.012027491408934709
2018-08-31,AME,0.0002147766323024055
2018-08-31,AMZN,0.018470790378006873
2018-08-31,ANSS,0.00429553264604811
2018-08-31,APC,0.01610824742268041
2018-08-31,BA,0.00859106529209622
2018-08-31,BAC,0.0032216494845360823
2018-08-31,CF,0.007946735395189003
2018-08-31,CHRW,0.004725085910652921
2018-08-31,CMA,0.013530927835051547
2018-08-31,CME,0.004939862542955326
2018-08-31,CNC,0.01524914089347079
2018-08-31,COP,0.018900343642611683
2018-08-31,COST,0.014390034364261168
2018-08-31,CRM,0.01825601374570447
2018-08-31,CSCO,0.010094501718213059
2018-08-31,CSX,0.009235395189003437
2018-08-31,CTAS,0.01997422680412371
2018-08-31,CTXS,0.01804123711340206
2018-08-31,DHR,0.006013745704467354
2018-08-31,EMN,0.005584192439862543
2018-08-31,EMR,0.002577319587628866
2018-08-31,EOG,0.00902061855670103
2018-08-31,ETFC,0.01761168384879725
2018-08-31,EXPD,0.003865979381443299
2018-08-31,EXR,0.002362542955326459
2018-08-31,FFIV,0.013960481099656358
2018-08-31,FLIR,0.011812714776632302
2018-08-31,FOX,0.002792096219931272
2018-08-31,FOXA,0.0030068728522336767
2018-08-31,FTV,0.001718213058419244
2018-08-31,GOOG,0.0010738831615120276
2018-08-31,GWW,0.020618556701030927
2018-08-31,HCA,0.009664948453608248
2018-08-31,HD,0.006443298969072165
2018-08-31,HES,0.009450171821305841
2018-08-31,HLT,0.0006443298969072159
2018-08-31,HRS,0.0012886597938144327
2018-08-31,IDXX,0.013101374570446736
2018-08-31,ILMN,0.012671821305841924
2018-08-31,INTU,0.020189003436426118
2018-08-31,JPM,0.004080756013745705
2018-08-31,KORS,0.0036512027491408944
2018-08-31,KSS,0.01632302405498282
2018-08-31,M,0.014604810996563574
2018-08-31,MA,0.020403780068728523
2018-08-31,MCO,0.011168384879725086
2018-08-31,MOS,0.00622852233676976
2018-08-31,MPC,0.008805841924398625
2018-08-31,MRO,0.01245704467353952
2018-08-31,MSFT,0.015463917525773196
2018-08-31,MSI,0.011597938144329897
2018-08-31,MU,0.0019329896907216496
2018-08-31,NBL,0.002147766323024055
2018-08-31,NFLX,0.009879725085910653
2018-08-31,NKE,0.01052405498281787
2018-08-31,NOV,0.014819587628865979
2018-08-31,NSC,0.010738831615120275
2018-08-31,NTAP,0.017396907216494846
2018-08-31,NTRS,0.012242268041237113
2018-08-31,OKE,0.000859106529209622
2018-08-31,ORLY,0.015034364261168385
2018-08-31,OXY,0.00042955326460481077
2018-08-31,PGR,0.00816151202749141
2018-08-31,PSX,0.007731958762886598
2018-08-31,PX,0.007517182130584193
2018-08-31,RF,0.007087628865979381
2018-08-31,RHI,0.0195446735395189
2018-08-31,RL,0.0053694158075601375
2018-08-31,RMD,0.0015034364261168384
2018-08-31,ROP,0.007302405498281787
2018-08-31,ROST,0.01138316151202749
2018-08-31,SHW,0.005154639175257732
2018-08-31,SPGI,0.017826460481099655
2018-08-31,STI,0.00665807560137457
2018-08-31,STX,0.006872852233676976
2018-08-31,SYY,0.0156786941580756
2018-08-31,TDG,0.005798969072164949
2018-08-31,TGT,0.01288659793814433
2018-08-31,TIF,0.004510309278350515
2018-08-31,TJX,0.01675257731958763
2018-08-31,TROW,0.015893470790378006
2018-08-31,TSS,0.003436426116838488
2018-08-31,TXN,0.010309278350515464
2018-08-31,TXT,0.01911512027491409
2018-08-31,UNP,0.01718213058419244
2018-08-31,V,0.018685567010309278
2018-08-31,VFC,0.01331615120274914
2018-08-31,VLO,0.016537800687285224
2018-08-31,VRSK,0.013745704467353952
2018-08-31,VRSN,0.019329896907216496
2018-08-31,ZTS,0.016967353951890033
2018-09-30,AAP,0.00622852233676976
2018-09-30,AAPL,0.007731958762886598
2018-09-30,ABT,0.008805841924398625
2018-09-30,ACN,0.01095360824742268
2018-09-30,ADBE,0.01761168384879725
2018-09-30,ADP,0.011168384879725086
2018-09-30,AES,0.003006872852233677
2018-09-30,AET,0.00816151202749141
2018-09-30,AKAM,0.017396907216494846
2018-09-30,ALGN,0.013101374570446736
2018-09-30,AMD,0.0006443298969072165
2018-09-30,AMZN,0.01997422680412371
2018-09-30,ANSS,0.014819587628865979
2018-09-30,ANTM,0.003436426116838488
2018-09-30,BBY,0.004939862542955326
2018-09-30,CF,0.003865979381443299
2018-09-30,CHRW,0.0012886597938144327
2018-09-30,CMA,0.006443298969072165
2018-09-30,CME,0.005154639175257732
2018-09-30,CNC,0.015463917525773196
2018-09-30,COP,0.01331615120274914
2018-09-30,COST,0.015034364261168385
2018-09-30,CRM,0.019759450171821305
2018-09-30,CSCO,0.012671821305841924
2018-09-30,CSX,0.007302405498281787
2018-09-30,CTAS,0.0195446735395189
2018-09-30,CTXS,0.019329896907216496
2018-09-30,DHR,0.004725085910652921
2018-09-30,DRI,0.0023625429553264603
2018-09-30,EL,0.007946735395189003
2018-09-30,EMR,0.002577319587628866
2018-09-30,ESRX,0.0053694158075601375
2018-09-30,ETFC,0.01138316151202749
2018-09-30,FFIV,0.01610824742268041
2018-09-30,FLIR,0.014390034364261168
2018-09-30,FOX,0.009450171821305841
2018-09-30,FOXA,0.009235395189003437
2018-09-30,GPN,0.007087628865979381
2018-09-30,GRMN,0.00429553264604811
2018-09-30,GWW,0.020618556701030927
2018-09-30,HCA,0.013960481099656358
2018-09-30,HES,0.0008591065292096224
2018-09-30,HUM,0.00859106529209622
2018-09-30,IDXX,0.0156786941580756
2018-09-30,ILMN,0.018470790378006873
2018-09-30,INFO,0.010738831615120275
2018-09-30,INTU,0.020403780068728523
2018-09-30,KORS,0.001718213058419244
2018-09-30,KR,0.0002147766323024055
2018-09-30,KSS,0.014175257731958763
2018-09-30,M,0.00902061855670103
2018-09-30,MA,0.020189003436426118
2018-09-30,MCO,0.011597938144329897
2018-09-30,MDT,0.0019329896907216496
2018-09-30,MOS,0.013745704467353952
2018-09-30,MPC,0.008376288659793814
2018-09-30,MRO,0.002792096219931272
2018-09-30,MSFT,0.01675257731958763
2018-09-30,MSI,0.016967353951890033
2018-09-30,NDAQ,0.0032216494845360823
2018-09-30,NFLX,0.01288659793814433
2018-09-30,NKE,0.018900343642611683
2018-09-30,NSC,0.005798969072164949
2018-09-30,NTAP,0.01804123711340206
2018-09-30,NTRS,0.0010738831615120271
2018-09-30,NVDA,0.0036512027491408935
2018-09-30,ORLY,0.01524914089347079
2018-09-30,PGR,0.012027491408934709
2018-09-30,PKI,0.004510309278350515
2018-09-30,PYPL,0.005584192439862543
2018-09-30,RF,0.00665807560137457
2018-09-30,RHI,0.01632302405498282
2018-09-30,RL,0.007517182130584193
2018-09-30,RMD,0.009664948453608248
2018-09-30,ROST,0.01052405498281787
2018-09-30,SHW,0.004080756013745705
2018-09-30,SPGI,0.017826460481099655
2018-09-30,STI,0.0004295532646048112
2018-09-30,STX,0.006872852233676976
2018-09-30,SYY,0.015893470790378006
2018-09-30,TDG,0.002147766323024055
2018-09-30,TGT,0.013530927835051547
2018-09-30,TJX,0.016537800687285224
2018-09-30,TROW,0.006013745704467355
2018-09-30,TSS,0.014604810996563574
2018-09-30,TXN,0.0015034364261168384
2018-09-30,TXT,0.01245704467353952
2018-09-30,UAL,0.012242268041237113
2018-09-30,UNH,0.009879725085910653
2018-09-30,UNP,0.010309278350515464
2018-09-30,V,0.018685567010309278
2018-09-30,VFC,0.011812714776632302
2018-09-30,VLO,0.010094501718213059
2018-09-30,VRSK,0.01825601374570447
2018-09-30,VRSN,0.01911512027491409
2018-09-30,ZTS,0.01718213058419244
2018-10-31,AAP,0.009914113065459002
2018-10-31,ABT,0.008148586081199179
2018-10-31,ACN,0.002852005128419712
2018-10-31,ADBE,0.008556015385259139
2018-10-31,ADM,0.003123624664459685
2018-10-31,ADP,0.005296580952779466
2018-10-31,AES,0.0073337274730792615
2018-10-31,AKAM,0.007197917705059275
2018-10-31,AMD,0.009778303297439015
2018-10-31,AMZN,0.010728971673578919
2018-10-31,ANSS,0.006111439560899384
2018-10-31,APC,0.0012222879121798768
2018-10-31,BA,0.003802673504559617
2018-10-31,BBY,0.004074293040599589
2018-10-31,BSX,0.004481722344659549
2018-10-31,CA,0.0006790488400999316
2018-10-31,CF,0.0047533418806995215
2018-10-31,CHD,0.0020371465202997947
2018-10-31,CHRW,0.0014939074482198493
2018-10-31,CME,0.0004074293040599586
2018-10-31,CMG,0.004617532112679535
2018-10-31,CNC,0.010593161905558932
2018-10-31,COP,0.011136400977638877
2018-10-31,COST,0.010185732601498973
2018-10-31,CRM,0.012358688889818755
2018-10-31,CSCO,0.00774115677713922
2018-10-31,CSX,0.007605347009119234
2018-10-31,CTAS,0.005975629792879397
2018-10-31,CTXS,0.008963444689319098
2018-10-31,DG,0.0005432390720799453
2018-10-31,DIS,0.0001358097680199863
2018-10-31,DISCA,0.0017655269842598222
2018-10-31,DISCK,0.0002716195360399726
2018-10-31,ECL,0.0024445758243597537
2018-10-31,EL,0.005024961416739493
2018-10-31,ESRX,0.008284395849219165
2018-10-31,EW,0.007876966545159207
2018-10-31,FFIV,0.01181544981773881
2018-10-31,FOX,0.006518868864959343
2018-10-31,FOXA,0.0063830590969393575
2018-10-31,GRMN,0.0010864781441598907
2018-10-31,GWW,0.0129019279618987
2018-10-31,HCA,0.010864781441598905
2018-10-31,HD,0.00258038559237974
2018-10-31,HES,0.009506683761399043
2018-10-31,HUM,0.004889151648719507
2018-10-31,IDXX,0.006654678632979329
2018-10-31,ILMN,0.01249449865783874
2018-10-31,INFO,0.009642493529419028
2018-10-31,INTU,0.013037737729918685
2018-10-31,ISRG,0.007469537241099247
2018-10-31,JWN,0.0023087660563397673
2018-10-31,KSS,0.009370873993379056
2018-10-31,LLY,0.0019013367522798085
2018-10-31,LOW,0.0013580976801998632
2018-10-31,M,0.008012776313179192
2018-10-31,MA,0.012766118193878715
2018-10-31,MDT,0.0016297172162398356
2018-10-31,MKC,0.004345912576639562
2018-10-31,MOS,0.009099254457339083
2018-10-31,MRO,0.005432390720799453
2018-10-31,MSFT,0.00842020561723915
2018-10-31,MSI,0.010457352137538947
2018-10-31,NFLX,0.00624724932891937
2018-10-31,NKE,0.011951259585758794
2018-10-31,NRG,0.003938483272579603
2018-10-31,NSC,0.006926298169019301
2018-10-31,NTAP,0.011000591209618892
2018-10-31,ORLY,0.011408020513678849
2018-10-31,PFE,0.005839820024859411
2018-10-31,PGR,0.00923506422535907
2018-10-31,PKI,0.0029878148964396986
2018-10-31,RHI,0.002716195360399727
2018-10-31,RL,0.005568200488819439
2018-10-31,RMD,0.0032594344324796713
2018-10-31,ROST,0.00882763492129911
2018-10-31,SPGI,0.005704010256839424
2018-10-31,SYY,0.006790488400999316
2018-10-31,TDG,0.0009506683761399044
2018-10-31,TGT,0.008691825153279124
2018-10-31,TJX,0.012630308425858727
2018-10-31,TSCO,0.00516077118475948
2018-10-31,TSS,0.007062107937039289
2018-10-31,TXT,0.012087069353778783
2018-10-31,UA,0.002172956288319781
2018-10-31,UAA,0.0035310539685196444
2018-10-31,UAL,0.010049922833478987
2018-10-31,UNH,0.0008148586081199172
2018-10-31,UNP,0.01032154236951896
2018-10-31,V,0.011543830281698838
2018-10-31,VFC,0.003395244200499659
2018-10-31,VLO,0.0036668637365396307
2018-10-31,VRSK,0.011272210745658864
2018-10-31,VRSN,0.012222879121798768
2018-10-31,VRTX,0.004210102808619575
2018-10-31,ZTS,0.011679640049718823
2018-11-30,AAP,0.013276014909229318
2018-11-30,AAPL,0.004798559605745536
2018-11-30,ABT,0.008317503316625596
2018-11-30,ADBE,0.011196639080072917
2018-11-30,ADM,0.007677695369192858
2018-11-30,ADP,0.010716783119498365
2018-11-30,AES,0.015035486764669348
2018-11-30,AJG,0.00175947185544003
2018-11-30,AKAM,0.011356591066931102
2018-11-30,AMD,0.0020793758291563994
2018-11-30,AMZN,0.0038388476845964293
2018-11-30,ANTM,0.00015995198685818453
2018-11-30,AON,0.003358991724021875
2018-11-30,BA,0.004158751658312798
2018-11-30,BSX,0.012156351001222025
2018-11-30,CF,0.00351894371088006
2018-11-30,CHD,0.010076975172065624
2018-11-30,CME,0.008157551329767412
2018-11-30,CMG,0.010396879145781994
2018-11-30,CNC,0.007997599342909226
2018-11-30,COP,0.012476254974938395
2018-11-30,COST,0.01023692715892381
2018-11-30,CRM,0.009117263250916519
2018-11-30,CSCO,0.005118463579461905
2018-11-30,CSX,0.005758271526894643
2018-11-30,CTAS,0.000799759934290923
2018-11-30,CTL,0.006078175500611013
2018-11-30,CTXS,0.003998799671454613
2018-11-30,DG,0.004638607618887351
2018-11-30,DISCA,0.011836447027505654
2018-11-30,DISCK,0.009597119211491072
2018-11-30,DRI,0.0019194238422982144
2018-11-30,ECL,0.0028791357634473215
2018-11-30,ESRX,0.014235726830378425
2018-11-30,FFIV,0.007517743382334674
2018-11-30,FOX,0.007197839408618303
2018-11-30,FOXA,0.006238127487469197
2018-11-30,GWW,0.0022393278160145833
2018-11-30,HCA,0.013915822856662055
2018-11-30,HES,0.0006398079474327373
2018-11-30,HRL,0.0015995198685818453
2018-11-30,HUM,0.005598319540036458
2018-11-30,IDXX,0.006877935434901935
2018-11-30,ILMN,0.006558031461185566
2018-11-30,INFO,0.013595918882945686
2018-11-30,INTU,0.014715582790952978
2018-11-30,IPG,0.007837647356051042
2018-11-30,IQV,0.0009597119211491072
2018-11-30,ISRG,0.005438367553178274
2018-11-30,IT,0.00031990397371636905
2018-11-30,JWN,0.012316302988080209
2018-11-30,KSS,0.01407577484352024
2018-11-30,LLY,0.01055683113264018
2018-11-30,M,0.009277215237774703
2018-11-30,MA,0.011516543053789286
2018-11-30,MKC,0.014395678817236607
2018-11-30,MOS,0.009437167224632888
2018-11-30,MRK,0.014555630804094792
2018-11-30,MSFT,0.011676495040647472
2018-11-30,MSI,0.012636206961796577
2018-11-30,NEE,0.0030390877503055063
2018-11-30,NFLX,0.006398079474327381
2018-11-30,NKE,0.004958511592603721
2018-11-30,NRG,0.004478655632029167
2018-11-30,NSC,0.004318703645170983
2018-11-30,NTAP,0.005918223513752827
2018-11-30,OKE,0.008637407290341965
2018-11-30,ORLY,0.011036687093214733
2018-11-30,PFE,0.009917023185207442
2018-11-30,PGR,0.01199639901436384
2018-11-30,RHT,0.002719183776589137
2018-11-30,RL,0.007357791395476489
2018-11-30,RMD,0.0031990397371636906
2018-11-30,ROST,0.008957311264058333
2018-11-30,RSG,0.00847745530348378
2018-11-30,SPG,0.0025592317897309524
2018-11-30,SYY,0.010876735106356549
2018-11-30,TGT,0.013116062922371132
2018-11-30,TJX,0.01519543875152753
2018-11-30,TMO,0.002399279802872768
2018-11-30,TRIP,0.00527841556632009
2018-11-30,TSCO,0.00879735927720015
2018-11-30,TSS,0.00703788742176012
2018-11-30,UA,0.01375587086980387
2018-11-30,UAA,0.014875534777811162
2018-11-30,UAL,0.0134359668960875
2018-11-30,ULTA,0.0014395678817236608
2018-11-30,UNH,0.0011196639080072917
2018-11-30,UNP,0.0012796158948654764
2018-11-30,V,0.009757071198349256
2018-11-30,VRSK,0.012956110935512946
2018-11-30,VRSN,0.00671798344804375
2018-11-30,VRTX,0.00047985596057455344
2018-11-30,XLNX,0.0036788956977382445
2018-11-30,ZTS,0.012796158948654763
2018-12-31,AAP,0.013479038207209802
2018-12-31,ABT,0.008644165806797591
2018-12-31,ADBE,0.011427880219156137
2018-12-31,ADM,0.0020511579880536654
2018-12-31,ADP,0.008204631952214662
2018-12-31,ADSK,0.0046883611155512355
2018-12-31,AEE,0.004395338545829283
2018-12-31,AES,0.013625549492070779
2018-12-31,AJG,0.007472075527909782
2018-12-31,AMD,0.0062999852490219724
2018-12-31,AMGN,0.004102315976107331
2018-12-31,AMT,0.002930225697219522
2018-12-31,AMZN,0.005127894970134163
2018-12-31,ANTM,0.006886030388465877
2018-12-31,AON,0.011134857649434183
2018-12-31,AXP,0.001318601563748785
2018-12-31,BLL,0.007765098097631733
2018-12-31,BSX,0.013332526922348825
2018-12-31,CHD,0.008497654521936614
2018-12-31,CME,0.01054881250999028
2018-12-31,CMG,0.010841835079712231
2018-12-31,CNC,0.010695323794851257
2018-12-31,COO,0.003955804691246355
2018-12-31,COP,0.0010255789940268323
2018-12-31,COST,0.012453459213182968
2018-12-31,CRM,0.009816256085685399
2018-12-31,CSCO,0.005567428824717092
2018-12-31,CSX,0.009376722231102471
2018-12-31,CTAS,0.003076736982080498
2018-12-31,CTXS,0.007032541673326853
2018-12-31,DHR,0.0021976692729146416
2018-12-31,DISCA,0.00029302256972195233
2018-12-31,ECL,0.007325564243048805
2018-12-31,EW,0.006153473964160996
2018-12-31,EXC,0.007179052958187829
2018-12-31,FE,0.007618586812770758
2018-12-31,FFIV,0.0054209175398561155
2018-12-31,FIS,0.001465112848609761
2018-12-31,FOX,0.006446496533882949
2018-12-31,FOXA,0.006739519103604901
2018-12-31,GWW,0.00263720312749757
2018-12-31,HCA,0.012746481782904922
2018-12-31,HRL,0.00600696267930002
2018-12-31,HSIC,0.002490691842636594
2018-12-31,HUM,0.008937188376519542
2018-12-31,ICE,0.009230210946241494
2018-12-31,IDXX,0.0027837144123585454
2018-12-31,ILMN,0.010988346364573208
2018-12-31,INFO,0.011867414073739065
2018-12-31,INTU,0.012599970498043945
2018-12-31,IPG,0.004834872400412212
2018-12-31,IQV,0.0036627821215244024
2018-12-31,IR,0.0007325564243048805
2018-12-31,ISRG,0.009669744800824423
2018-12-31,IT,0.00043953385458292833
2018-12-31,LLY,0.011720902788878088
2018-12-31,M,0.008790677091658566
2018-12-31,MA,0.009523233515963446
2018-12-31,MDT,0.0032232482669414743
2018-12-31,MKC,0.012892993067765897
2018-12-31,MMC,0.0035162708366634266
2018-12-31,MOS,0.009962767370546376
2018-12-31,MRK,0.01318601563748785
2018-12-31,MSFT,0.010255789940268326
2018-12-31,MSI,0.013039504352626874
2018-12-31,NDAQ,0.004541849830690259
2018-12-31,NEE,0.008351143237075639
2018-12-31,NFLX,0.001758135418331713
2018-12-31,NKE,0.0019046467031926893
2018-12-31,NRG,0.004981383685273188
2018-12-31,NSC,0.0011720902788878089
2018-12-31,ORLY,0.01201392535860004
2018-12-31,PFE,0.01128136893429516
2018-12-31,PGR,0.001611624133470737
2018-12-31,RHT,0.005713940109578069
2018-12-31,RMD,0.005860451394439044
2018-12-31,ROP,0.0005860451394439044
2018-12-31,RSG,0.006593007818743925
2018-12-31,TDG,0.003809293406385379
2018-12-31,TMO,0.00527440625499514
2018-12-31,TRIP,0.010402301225129303
2018-12-31,TSCO,0.003369759551802451
2018-12-31,UA,0.011574391504017111
2018-12-31,UAA,0.012306947928321993
2018-12-31,UAL,0.012160436643461017
2018-12-31,UHS,0.0023441805577756178
2018-12-31,ULTA,0.004248827260968307
2018-12-31,UNH,0.008058120667353685
2018-12-31,V,0.00791160938249271
2018-12-31,VRSK,0.01391857206179273
2018-12-31,VRSN,0.010109278655407351
2018-12-31,VRTX,0.0008790677091658567
2018-12-31,XLNX,0.009083699661380519
2018-12-31,YUM,0.0001465112848609761
2018-12-31,ZTS,0.013772060776931754
2019-01-31,AAP,0.009521354923138572
2019-01-31,ABT,0.007993236231770652
2019-01-31,ADBE,0.005289641623965873
2019-01-31,ADP,0.0018807614662989768
2019-01-31,ADSK,0.0023509518328737214
2019-01-31,AEE,0.009756450106425944
2019-01-31,AEP,0.006700212723690107
2019-01-31,AES,0.010579283247931746
2019-01-31,AIV,0.001998309057942663
2019-01-31,AJG,0.004819451257391129
2019-01-31,AMD,0.003996618115885326
2019-01-31,AMGN,0.001175475916436861
2019-01-31,AMT,0.0042317132991726986
2019-01-31,ANTM,0.001645666283011605
2019-01-31,AWK,0.0054071892156095595
2019-01-31,AZO,0.0036439753409542685
2019-01-31,BLL,0.009051164556563828
2019-01-31,BSX,0.009991545289713315
2019-01-31,CHD,0.010931926022862805
2019-01-31,CLX,0.002586047016161094
2019-01-31,CME,0.010461735656288062
2019-01-31,CMG,0.008698521781632768
2019-01-31,CMS,0.0074054982735522225
2019-01-31,CNC,0.0010579283247931746
2019-01-31,COP,0.0014105710997242328
2019-01-31,COST,0.0015281186913679197
2019-01-31,CRM,0.007875688640126968
2019-01-31,CSCO,0.00011754759164368626
2019-01-31,CSX,0.00329133256602321
2019-01-31,CTXS,0.006112474765471676
2019-01-31,DG,0.00023509518328737215
2019-01-31,DTE,0.0022334042412300355
2019-01-31,DUK,0.007170403090264851
2019-01-31,ECL,0.004114165707529012
2019-01-31,EQR,0.003056237382735838
2019-01-31,ESS,0.003408880157666896
2019-01-31,ETR,0.008580974189989083
2019-01-31,EW,0.00658266513204642
2019-01-31,EXC,0.010696830839575433
2019-01-31,EXR,0.004701903665747443
2019-01-31,FE,0.01022664047300069
2019-01-31,FFIV,0.004584356074103757
2019-01-31,FL,0.0008228331415058025
2019-01-31,FOX,0.008933616964920142
2019-01-31,FOXA,0.008816069373276456
2019-01-31,HCA,0.007287950681908537
2019-01-31,HCP,0.007523045865195909
2019-01-31,HRL,0.009638902514782258
2019-01-31,ILMN,0.008463426598345397
2019-01-31,INTU,0.008228331415058025
2019-01-31,IQV,0.0050545464406785015
2019-01-31,ISRG,0.003526427749310582
2019-01-31,LLY,0.011167021206150176
2019-01-31,LNT,0.0038790705242416406
2019-01-31,M,0.005524736807253246
2019-01-31,MA,0.005759831990540618
2019-01-31,MCD,0.0007052855498621164
2019-01-31,MDT,0.001763213874655291
2019-01-31,MKC,0.009873997698069629
2019-01-31,MOS,0.00047019036657474506
2019-01-31,MRK,0.010814378431219119
2019-01-31,MSFT,0.0029386897910921514
2019-01-31,MSI,0.007052855498621164
2019-01-31,NEE,0.007758141048483281
2019-01-31,NKE,0.0037615229325979544
2019-01-31,NRG,0.011049473614506491
2019-01-31,O,0.009168712148207515
2019-01-31,ORLY,0.010344188064644376
2019-01-31,PFE,0.009403807331494885
2019-01-31,PG,0.002468499424517407
2019-01-31,PGR,0.005642284398896931
2019-01-31,PNW,0.004349260890816384
2019-01-31,PSA,0.0005877379582184303
2019-01-31,RHT,0.00834587900670171
2019-01-31,RMD,0.005172094032322188
2019-01-31,RSG,0.003173784974379524
2019-01-31,SBUX,0.006230022357115362
2019-01-31,TDG,0.0012930235080805472
2019-01-31,TRIP,0.0092862597398512
2019-01-31,TSCO,0.0027035946078047797
2019-01-31,UA,0.005877379582184304
2019-01-31,UAA,0.006817760315333792
2019-01-31,UAL,0.00811078382341434
2019-01-31,UDR,0.004466808482460071
2019-01-31,ULTA,0.0021158566495863493
2019-01-31,UNH,0.0009403807331494884
2019-01-31,V,0.002821142199448466
2019-01-31,VRSK,0.006347569948759048
2019-01-31,VRSN,0.010109092881357003
2019-01-31,VZ,0.0003526427749310582
2019-01-31,WEC,0.006465117540402734
2019-01-31,XEL,0.004936998849034814
2019-01-31,XLNX,0.006935307906977478
2019-01-31,YUM,0.00599492717382799
2019-01-31,ZTS,0.007640593456839594
2019-02-28,AAP,0.00788288329732978
2019-02-28,ABT,0.00588440584166871
2019-02-28,ADBE,0.0014433448290885522
2019-02-28,ADP,0.003552848810064127
2019-02-28,ADSK,0.00044410610125801596
2019-02-28,AEE,0.00977033422767635
2019-02-28,AEP,0.00866006897453131
2019-02-28,AES,0.010436493379563374
2019-02-28,AIV,0.007327750670757261
2019-02-28,AMD,0.006550564993555734
2019-02-28,AMT,0.007438777196071766
2019-02-28,ANTM,0.005329273215096191
2019-02-28,AVB,0.005662352791039702
2019-02-28,AWK,0.007771856772015277
2019-02-28,AZO,0.0063285119429267265
2019-02-28,BLL,0.007105697620128254
2019-02-28,BSX,0.009659307702361845
2019-02-28,CDNS,0.003996954911322143
2019-02-28,CHD,0.008438015923902302
2019-02-28,CMG,0.008993148550474821
2019-02-28,CMS,0.008882122025160318
2019-02-28,CNC,0.0019984774556610716
2019-02-28,CNP,0.0026646366075480953
2019-02-28,COO,0.0028866896581771035
2019-02-28,COP,0.004330034487265655
2019-02-28,COST,0.00011102652531450388
2019-02-28,CRM,0.006883644569499246
2019-02-28,CSX,0.0021095039809755755
2019-02-28,DG,0.003441822284749623
2019-02-28,DHR,0.0005551326265725198
2019-02-28,DRE,0.0027756631328625992
2019-02-28,DTE,0.004996193639152678
2019-02-28,DUK,0.007549803721386269
2019-02-28,ECL,0.006106458892297718
2019-02-28,EQR,0.0072167241454427575
2019-02-28,ES,0.005995432366983215
2019-02-28,ESS,0.00699467109481375
2019-02-28,ETR,0.009104175075789325
2019-02-28,EW,0.001665397879717559
2019-02-28,EXC,0.01032546685424887
2019-02-28,EXR,0.0024425835569190876
2019-02-28,FE,0.009992387278305356
2019-02-28,FOX,0.0046631140632091665
2019-02-28,FOXA,0.004441061012580159
2019-02-28,FRT,0.0008882122025160317
2019-02-28,GRMN,0.0033307957594351186
2019-02-28,HCA,0.006772618044184742
2019-02-28,HCP,0.00954828117704734
2019-02-28,HRL,0.008771095499845812
2019-02-28,INTU,0.007993909822644286
2019-02-28,IQV,0.005773379316354207
2019-02-28,ISRG,0.0037749018606931346
2019-02-28,KO,0.00022205305062900793
2019-02-28,LLY,0.010547519904877876
2019-02-28,LNT,0.00477414058852367
2019-02-28,MA,0.0032197692341206148
2019-02-28,MAA,0.0029977161834916074
2019-02-28,MCD,0.0012212917784595438
2019-02-28,MRK,0.009437254651732837
2019-02-28,NEE,0.00810493634795879
2019-02-28,NI,0.005107220164467183
2019-02-28,NKE,0.004219007961951151
2019-02-28,NRG,0.009881360752990854
2019-02-28,NSC,0.0009992387278305358
2019-02-28,O,0.01010341380361986
2019-02-28,ORLY,0.009326228126418333
2019-02-28,PEG,0.0018874509303465673
2019-02-28,PFE,0.0038859283860076385
2019-02-28,PG,0.006217485417612223
2019-02-28,PGR,0.0006661591518870242
2019-02-28,PNW,0.0055513262657251984
2019-02-28,REGN,0.0031087427088061113
2019-02-28,ROST,0.0013323183037740477
2019-02-28,RSG,0.0036638753353786307
2019-02-28,SBAC,0.0003330795759435119
2019-02-28,SBUX,0.001554371354403056
2019-02-28,SPG,0.004552087537894663
2019-02-28,TDG,0.0064395384682412295
2019-02-28,TMO,0.0007771856772015278
2019-02-28,TRIP,0.0017764244050320638
2019-02-28,TSCO,0.0054402997404106946
2019-02-28,UAL,0.004885167113838175
2019-02-28,UDR,0.008326989398587796
2019-02-28,ULTA,0.005218246689781687
2019-02-28,UNH,0.0022205305062900794
2019-02-28,UNP,0.0023315570316045833
2019-02-28,VRSK,0.002553610082233591
2019-02-28,VRSN,0.00921520160110383
2019-02-28,VTR,0.006661591518870237
2019-02-28,VZ,0.0011102652531450397
2019-02-28,WEC,0.008549042449216806
2019-02-28,WELL,0.010214440328934366
2019-02-28,XEL,0.007660830246700774
2019-02-28,XLNX,0.008215962873273292
2019-02-28,YUM,0.004107981436636646
2019-03-31,AAP,0.009251251113523117
2019-03-31,ABT,0.013165241969244434
2019-03-31,ADBE,0.0007116347010402397
2019-03-31,ADP,0.012275698592944136
2019-03-31,AEE,0.015833872098145334
2019-03-31,AEP,0.012453607268204195
2019-03-31,AES,0.016723415474445634
2019-03-31,AIV,0.003558173505201199
2019-03-31,AJG,0.004091899530981378
2019-03-31,AMD,0.012631515943464254
2019-03-31,AMT,0.008183799061962756
2019-03-31,ANTM,0.010674520515603596
2019-03-31,AON,0.004269808206241438
2019-03-31,AVB,0.002134904103120719
2019-03-31,AWK,0.013521059319764555
2019-03-31,AZO,0.015655963422885274
2019-03-31,BA,0.0039139908557213185
2019-03-31,BLL,0.012097789917684076
2019-03-31,BSX,0.016367598123925513
2019-03-31,CDNS,0.015478054747625213
2019-03-31,CHD,0.011386155216643835
2019-03-31,CINF,0.00017790867526005992
2019-03-31,CMG,0.015122237397105096
2019-03-31,CMS,0.012987333293984375
2019-03-31,COO,0.0044477168815014985
2019-03-31,COST,0.0005337260257801797
2019-03-31,CRM,0.013343150644504493
2019-03-31,CSX,0.004981442907281679
2019-03-31,DG,0.0074721643609225175
2019-03-31,DHR,0.008005890386702698
2019-03-31,DIS,0.0010674520515603595
2019-03-31,DRI,0.0017790867526005995
2019-03-31,DTE,0.006404712309362158
2019-03-31,DUK,0.010496611840343536
2019-03-31,ECL,0.009607068464043236
2019-03-31,EQR,0.0026686301289008995
2019-03-31,ES,0.007650073036182577
2019-03-31,ESS,0.0032023561546810787
2019-03-31,ETR,0.014766420046584974
2019-03-31,EXC,0.016189689448665452
2019-03-31,FE,0.015300146072365154
2019-03-31,FOX,0.004803534232021618
2019-03-31,FOXA,0.004625625556761558
2019-03-31,GPC,0.008717525087742938
2019-03-31,GRMN,0.012809424618724316
2019-03-31,HCA,0.009784977139303297
2019-03-31,HCP,0.013876876670284675
2019-03-31,HOLX,0.0037360821804612583
2019-03-31,HRL,0.011919881242424015
2019-03-31,HSY,0.0012453607268204196
2019-03-31,ILMN,0.0008895433763002997
2019-03-31,INTU,0.014054785345544734
2019-03-31,IQV,0.011564063891903896
2019-03-31,IR,0.002312812778380779
2019-03-31,ISRG,0.010140794489823416
2019-03-31,KIM,0.00035581735052011985
2019-03-31,KMI,0.003380264829941139
2019-03-31,LLY,0.01707923282496575
2019-03-31,MA,0.007294255685662457
2019-03-31,MCD,0.005870986283581978
2019-03-31,MKC,0.0028465388041609588
2019-03-31,MRK,0.016901324149705695
2019-03-31,MSFT,0.006582620984622217
2019-03-31,MSI,0.0056930776083219175
2019-03-31,NEE,0.009429159788783175
2019-03-31,NKE,0.008361707737222817
2019-03-31,NRG,0.010318703165083477
2019-03-31,NSC,0.006760529659882277
2019-03-31,O,0.016011780773405395
2019-03-31,ORLY,0.016545506799185573
2019-03-31,PAYX,0.0024907214536408393
2019-03-31,PEG,0.005515168933061858
2019-03-31,PFE,0.008539616412482876
2019-03-31,PG,0.011741972567163956
2019-03-31,PNW,0.008895433763002997
2019-03-31,PYPL,0.009073342438263056
2019-03-31,ROST,0.0019569954278606592
2019-03-31,RSG,0.007827981711442637
2019-03-31,SPG,0.003024447479421019
2019-03-31,TDG,0.011208246541383776
2019-03-31,TMO,0.005159351582541738
2019-03-31,TSCO,0.014944328721845031
2019-03-31,UAL,0.0016011780773405393
2019-03-31,UDR,0.011030337866123716
2019-03-31,ULTA,0.009962885814563357
2019-03-31,UNP,0.0014232694020804794
2019-03-31,V,0.007116347010402398
2019-03-31,VRSK,0.005337260257801798
2019-03-31,VRSN,0.014588511371324914
2019-03-31,VTR,0.006226803634102098
2019-03-31,VZ,0.006938438335142337
2019-03-31,WEC,0.014410602696064855
2019-03-31,WELL,0.013698967995024614
2019-03-31,WM,0.006048894958842038
2019-03-31,XEL,0.010852429190863657
2019-03-31,XLNX,0.014232694020804796
2019-04-30,AAP,0.012978343800059026
2019-04-30,ABT,0.015496529910518243
2019-04-30,ADP,0.01162239743288868
2019-04-30,AEE,0.016465063029925633
2019-04-30,AEP,0.013365757047821983
2019-04-30,AES,0.017821009397095976
2019-04-30,AIV,0.0067797318358517305
2019-04-30,AMD,0.012203517304533115
2019-04-30,AMT,0.016077649782162674
2019-04-30,APD,0.000387413247762956
2019-04-30,AVB,0.005617492092562863
2019-04-30,AVGO,0.0038741324776295607
2019-04-30,AWK,0.010072744441836857
2019-04-30,AZO,0.01840212926874041
2019-04-30,BLL,0.014140583543347894
2019-04-30,BSX,0.012784637176177548
2019-04-30,CCI,0.01065386431348129
2019-04-30,CDNS,0.01627135640604415
2019-04-30,CHD,0.017046182901570065
2019-04-30,CINF,0.0032930126059851263
2019-04-30,CLX,0.009685331194073901
2019-04-30,CMCSA,0.002518186110459214
2019-04-30,CMG,0.011428690809007203
2019-04-30,CMS,0.011234984185125725
2019-04-30,CNP,0.007167145083614686
2019-04-30,COO,0.007360851707496165
2019-04-30,COST,0.002130772862696258
2019-04-30,CRM,0.004455252349273995
2019-04-30,D,0.003099305982103648
2019-04-30,DG,0.00290559935822217
2019-04-30,DHR,0.008135678203022075
2019-04-30,DTE,0.004261545725392516
2019-04-30,DUK,0.0023244794865777355
2019-04-30,ECL,0.006004905340325818
2019-04-30,EQR,0.006392318588088774
2019-04-30,ES,0.005230078844799906
2019-04-30,ESS,0.009879037817955377
2019-04-30,ETR,0.015109116662755285
2019-04-30,EW,0.008523091450785033
2019-04-30,EXC,0.018014716020977452
2019-04-30,FE,0.016852476277688586
2019-04-30,FIS,0.007748264955259121
2019-04-30,FISV,0.00871679807466651
2019-04-30,FL,0.0009685331194073902
2019-04-30,GPC,0.012009810680651637
2019-04-30,GRMN,0.013753170295584939
2019-04-30,HCA,0.0013559463671703464
2019-04-30,HCP,0.014915410038873807
2019-04-30,HRL,0.008910504698547988
2019-04-30,HSY,0.014721703414992331
2019-04-30,INTU,0.012590930552296072
2019-04-30,IQV,0.013559463671703461
2019-04-30,IR,0.005423785468681385
2019-04-30,ISRG,0.006973438459733208
2019-04-30,KIM,0.0019370662388147803
2019-04-30,KMI,0.001549652991051824
2019-04-30,LLY,0.018595835892621888
2019-04-30,LOW,0.001162239743288868
2019-04-30,MA,0.009297917946310944
2019-04-30,MAA,0.004648958973155472
2019-04-30,MDLZ,0.000774826495525912
2019-04-30,MKC,0.01084757093736277
2019-04-30,MRK,0.0176273027732145
2019-04-30,MSCI,0.000581119871644434
2019-04-30,MSFT,0.009104211322429468
2019-04-30,NEE,0.01452799679111085
2019-04-30,NI,0.001743359614933302
2019-04-30,NRG,0.013172050423940505
2019-04-30,NSC,0.004067839101511038
2019-04-30,O,0.018208422644858935
2019-04-30,ORLY,0.01743359614933302
2019-04-30,PAYX,0.008329384826903555
2019-04-30,PG,0.017239889525451545
2019-04-30,PNW,0.009491624570192423
2019-04-30,PYPL,0.013946876919466417
2019-04-30,ROP,0.0036804258537480824
2019-04-30,RSG,0.012397223928414592
2019-04-30,SBAC,0.0027118927343406925
2019-04-30,SBUX,0.003486719229866604
2019-04-30,SNPS,0.004842665597036951
2019-04-30,TDG,0.010460157689599812
2019-04-30,TMO,0.007941971579140599
2019-04-30,TSCO,0.014334290167229372
2019-04-30,UDR,0.011041277561244246
2019-04-30,V,0.005036372220918428
2019-04-30,VRSK,0.007554558331377643
2019-04-30,VRSN,0.01569023653439972
2019-04-30,VTR,0.00019370662388147782
2019-04-30,VZ,0.006586025211970253
2019-04-30,WAT,0.006198611964207296
2019-04-30,WEC,0.015302823286636761
2019-04-30,WELL,0.015883943158281198
2019-04-30,WM,0.011816104056770159
2019-04-30,XEL,0.010266451065718335
2019-04-30,XLNX,0.01665876965380711
2019-04-30,ZTS,0.00581119871644434
2019-05-31,A,0.00020650113791543308
2019-05-31,ABT,0.013216072826587717
2019-05-31,ADP,0.0028910159308160634
2019-05-31,AEE,0.016933093309065513
2019-05-31,AEP,0.017965598998642678
2019-05-31,AES,0.014455079654080315
2019-05-31,AIV,0.0006195034137462989
2019-05-31,AJG,0.009912054619940788
2019-05-31,ALLE,0.005162528447885827
2019-05-31,AMD,0.004749526172054961
2019-05-31,AMT,0.01817210013655811
2019-05-31,AON,0.006814537551209292
2019-05-31,APD,0.010325056895771654
2019-05-31,AVB,0.002065011379154331
2019-05-31,AWK,0.017552596722811814
2019-05-31,AZO,0.019204605826135274
2019-05-31,BLL,0.01879160355030441
2019-05-31,CCI,0.006401535275378425
2019-05-31,CDNS,0.018585102412388976
2019-05-31,CHD,0.019617608101966142
2019-05-31,CHTR,0.010531558033687086
2019-05-31,CINF,0.015487585343657479
2019-05-31,CLX,0.010118555757856222
2019-05-31,CMCSA,0.013629075102418581
2019-05-31,CMG,0.01404207737824945
2019-05-31,CMS,0.015074583067826615
2019-05-31,CNP,0.007847043240786458
2019-05-31,COO,0.0037170204824777953
2019-05-31,COST,0.0022715125170697636
2019-05-31,CSCO,0.004956027309970394
2019-05-31,D,0.01135756258534882
2019-05-31,DG,0.017139594446980946
2019-05-31,DHR,0.00805354437870189
2019-05-31,DIS,0.0072275398270401576
2019-05-31,DLTR,0.00598853299954756
2019-05-31,DTE,0.009499052344109922
2019-05-31,DUK,0.01280307055075685
2019-05-31,ECL,0.012183567137010552
2019-05-31,EQR,0.0010325056895771657
2019-05-31,ES,0.014248578516164881
2019-05-31,ESS,0.0030975170687314955
2019-05-31,ETR,0.017759097860727244
2019-05-31,EXC,0.018378601274473546
2019-05-31,FE,0.018998104688219844
2019-05-31,FISV,0.0012390068274925987
2019-05-31,GPN,0.0016520091033234647
2019-05-31,GRMN,0.011564063723264253
2019-05-31,HCP,0.004130022758308663
2019-05-31,HSY,0.01941110696405071
2019-05-31,IQV,0.0076405421028710235
2019-05-31,IR,0.011151061447433386
2019-05-31,KMB,0.007434040964955591
2019-05-31,LLY,0.011770564861179686
2019-05-31,LNT,0.00041300227583086616
2019-05-31,MA,0.008260045516617324
2019-05-31,MCD,0.012596569412841417
2019-05-31,MDLZ,0.004336523896224094
2019-05-31,MKC,0.015281084205742047
2019-05-31,MRK,0.015900587619488347
2019-05-31,MSCI,0.003923521620393229
2019-05-31,MSFT,0.010944560309517952
2019-05-31,MSI,0.0014455079654080317
2019-05-31,MTD,0.00268451479290063
2019-05-31,NEE,0.014661580791995749
2019-05-31,NSC,0.00536902958580126
2019-05-31,O,0.01652009103323465
2019-05-31,ORLY,0.01610708875740378
2019-05-31,PAYX,0.0033040182066469293
2019-05-31,PEP,0.009705553482025356
2019-05-31,PG,0.019824109239881576
2019-05-31,PNW,0.009086050068279054
2019-05-31,PYPL,0.013422573964503151
2019-05-31,ROP,0.004543025034139527
2019-05-31,RSG,0.013009571688672285
2019-05-31,SBAC,0.008466546654532756
2019-05-31,SBUX,0.009292551206194488
2019-05-31,SNPS,0.005575530723716693
2019-05-31,SRE,0.0018585102412388978
2019-05-31,TDG,0.01073805917160252
2019-05-31,TMO,0.008673047792448188
2019-05-31,TSCO,0.01197706599909512
2019-05-31,UDR,0.007021038689124725
2019-05-31,ULTA,0.002478013654985197
2019-05-31,V,0.006608036413293859
2019-05-31,VRSK,0.012390068274925984
2019-05-31,VRSN,0.01631358989531921
2019-05-31,VZ,0.0035105193445623623
2019-05-31,WEC,0.017346095584896377
2019-05-31,WELL,0.006195034137462991
2019-05-31,WLTW,0.0008260045516617323
2019-05-31,WM,0.015694086481572916
2019-05-31,WMT,0.008879548930363622
2019-05-31,XEL,0.013835576240334015
2019-05-31,XLNX,0.01672659217115008
2019-05-31,YUM,0.014868081929911183
2019-05-31,ZTS,0.005782031861632127
2019-06-30,ABT,0.011176284125011498
2019-06-30,ADP,0.002032051659093
2019-06-30,AEE,0.015646797775016097
2019-06-30,AEP,0.018491670097746295
2019-06-30,AFL,0.008128206636372
2019-06-30,AIV,0.002844872322730199
2019-06-30,AJG,0.015850002940925395
2019-06-30,ALLE,0.005892949811369699
2019-06-30,AMD,0.005283334313641798
2019-06-30,AMT,0.018898080429564895
2019-06-30,AON,0.012598720286376597
2019-06-30,APD,0.014427566779560294
2019-06-30,ARE,0.0008128206636371997
2019-06-30,AVB,0.003454487820458099
2019-06-30,AWK,0.019101285595474197
2019-06-30,AZO,0.019304490761383495
2019-06-30,BLL,0.019507695927292793
2019-06-30,BSX,0.0014224361613650995
2019-06-30,CB,0.0010160258295465
2019-06-30,CCI,0.010769873793192896
2019-06-30,CDNS,0.013817951281832396
2019-06-30,CHD,0.017475644268199794
2019-06-30,CHTR,0.005689744645460398
2019-06-30,CINF,0.017882054600018394
2019-06-30,CMCSA,0.0038608981522766997
2019-06-30,CMG,0.012395515120467297
2019-06-30,CMS,0.015240387443197494
2019-06-30,COO,0.007721796304553398
2019-06-30,DG,0.014630771945469596
2019-06-30,DHR,0.011785899622739397
2019-06-30,DIS,0.0024384619909115987
2019-06-30,DLTR,0.0006096154977278997
2019-06-30,DTE,0.011582694456830096
2019-06-30,ECL,0.015443592609106795
2019-06-30,ED,0.0018288464931836995
2019-06-30,EQR,0.007925001470462698
2019-06-30,ES,0.016662823604562595
2019-06-30,ESS,0.011989104788648697
2019-06-30,ETR,0.018288464931836994
2019-06-30,EXC,0.005486539479551099
2019-06-30,FE,0.013614746115923096
2019-06-30,FIS,0.004673718815913898
2019-06-30,FISV,0.0012192309954557996
2019-06-30,GPN,0.011379489290920796
2019-06-30,GRMN,0.0004064103318185998
2019-06-30,HCP,0.007315385972734798
2019-06-30,HRS,0.0032512826545487987
2019-06-30,HSY,0.01971090109320209
2019-06-30,IQV,0.009550642797737098
2019-06-30,IR,0.008534616968190597
2019-06-30,KMB,0.007112180806825498
2019-06-30,LLY,0.013005130618195195
2019-06-30,LNT,0.004064103318186
2019-06-30,MA,0.008331411802281297
2019-06-30,MCD,0.016866028770471893
2019-06-30,MDLZ,0.0044705136500045985
2019-06-30,MKC,0.009957053129555696
2019-06-30,MMC,0.0022352568250022993
2019-06-30,MRK,0.014833977111378896
2019-06-30,MSCI,0.004876923981823198
2019-06-30,MSFT,0.007518591138644098
2019-06-30,MSI,0.002641667156820899
2019-06-30,MTD,0.0002032051659092999
2019-06-30,NEE,0.016053208106834697
2019-06-30,NSC,0.005080129147732498
2019-06-30,O,0.016256413272744
2019-06-30,ORLY,0.014224361613650996
2019-06-30,PAYX,0.006299360143188298
2019-06-30,PEP,0.0030480774886394984
2019-06-30,PG,0.018694875263655594
2019-06-30,PGR,0.010566668627283596
2019-06-30,PNW,0.009347437631827797
2019-06-30,PYPL,0.012192309954557995
2019-06-30,RHT,0.004267308484095299
2019-06-30,ROP,0.003657692986367399
2019-06-30,RSG,0.015037182277288196
2019-06-30,SBAC,0.013208335784104496
2019-06-30,SBUX,0.017272439102290496
2019-06-30,SNPS,0.008737822134099897
2019-06-30,TDG,0.0016256413272743991
2019-06-30,TMO,0.009144232465918497
2019-06-30,TRV,0.006096154977278998
2019-06-30,TSCO,0.010973078959102198
2019-06-30,TSS,0.013411540950013796
2019-06-30,UDR,0.006705770475006898
2019-06-30,ULTA,0.008941027300009197
2019-06-30,V,0.006908975640916198
2019-06-30,VRSK,0.012801925452285897
2019-06-30,VRSN,0.014021156447741696
2019-06-30,WEC,0.017678849434109096
2019-06-30,WELL,0.010363463461374298
2019-06-30,WM,0.017069233936381194
2019-06-30,WMT,0.009753847963646397
2019-06-30,XEL,0.016459618438653293
2019-06-30,XLNX,0.010160258295464996
2019-06-30,YUM,0.018085259765927692
2019-06-30,ZTS,0.006502565309097597
2019-07-31,ABT,0.010738831615120275
2019-07-31,ADP,0.004080756013745705
2019-07-31,AEE,0.01524914089347079
2019-07-31,AEP,0.018470790378006873
2019-07-31,AES,0.005584192439862543
2019-07-31,AFL,0.0053694158075601375
2019-07-31,AIV,0.0006443298969072164
2019-07-31,AJG,0.01288659793814433
2019-07-31,ALLE,0.009879725085910653
2019-07-31,AMT,0.01675257731958763
2019-07-31,AON,0.014390034364261168
2019-07-31,APD,0.01610824742268041
2019-07-31,AWK,0.018685567010309278
2019-07-31,AXP,0.001718213058419244
2019-07-31,AZO,0.019759450171821305
2019-07-31,BLL,0.020618556701030927
2019-07-31,BSX,0.00859106529209622
2019-07-31,CCI,0.00665807560137457
2019-07-31,CDNS,0.016967353951890033
2019-07-31,CHD,0.01632302405498282
2019-07-31,CHTR,0.007731958762886598
2019-07-31,CINF,0.015893470790378006
2019-07-31,CME,0.002577319587628866
2019-07-31,CMG,0.0156786941580756
2019-07-31,CMS,0.015463917525773196
2019-07-31,COO,0.00622852233676976
2019-07-31,COST,0.000859106529209622
2019-07-31,CSCO,0.006443298969072165
2019-07-31,DG,0.019329896907216496
2019-07-31,DHR,0.014175257731958763
2019-07-31,DTE,0.007517182130584193
2019-07-31,ECL,0.01825601374570447
2019-07-31,ED,0.001288659793814433
2019-07-31,EL,0.00902061855670103
2019-07-31,EQR,0.00021477663230240474
2019-07-31,ES,0.016537800687285224
2019-07-31,ESS,0.011168384879725086
2019-07-31,ETR,0.0195446735395189
2019-07-31,EXC,0.003865979381443299
2019-07-31,FE,0.017826460481099655
2019-07-31,FIS,0.012671821305841924
2019-07-31,FISV,0.004510309278350515
2019-07-31,FLT,0.00429553264604811
2019-07-31,GPN,0.013101374570446736
2019-07-31,GRMN,0.000429553264604811
2019-07-31,HCP,0.007946735395189003
2019-07-31,HLT,0.003436426116838488
2019-07-31,HSY,0.020403780068728523
2019-07-31,ICE,0.005798969072164949
2019-07-31,INFO,0.003006872852233677
2019-07-31,INTU,0.004939862542955326
2019-07-31,IQV,0.0015034364261168384
2019-07-31,IR,0.0036512027491408935
2019-07-31,LNT,0.006872852233676976
2019-07-31,MA,0.01095360824742268
2019-07-31,MAA,0.005154639175257732
2019-07-31,MCD,0.018900343642611683
2019-07-31,MDLZ,0.0032216494845360823
2019-07-31,MKC,0.009450171821305841
2019-07-31,MMC,0.004725085910652921
2019-07-31,MRK,0.013530927835051547
2019-07-31,MSCI,0.010094501718213059
2019-07-31,MSFT,0.006013745704467354
2019-07-31,MSI,0.007302405498281787
2019-07-31,MTD,0.008805841924398625
2019-07-31,NEE,0.01761168384879725
2019-07-31,O,0.01245704467353952
2019-07-31,ORLY,0.0023625429553264608
2019-07-31,PEG,0.0019329896907216496
2019-07-31,PG,0.01911512027491409
2019-07-31,PGR,0.010309278350515464
2019-07-31,PNW,0.008376288659793814
2019-07-31,PYPL,0.014819587628865979
2019-07-31,RSG,0.012242268041237113
2019-07-31,SBAC,0.017396907216494846
2019-07-31,SBUX,0.020189003436426118
2019-07-31,SNPS,0.012027491408934709
2019-07-31,SRE,0.009235395189003437
2019-07-31,TMO,0.002792096219931272
2019-07-31,TRV,0.0010738831615120271
2019-07-31,TSCO,0.013960481099656358
2019-07-31,TSN,0.007087628865979381
2019-07-31,TSS,0.01052405498281787
2019-07-31,UDR,0.002147766323024055
2019-07-31,ULTA,0.00816151202749141
2019-07-31,V,0.009664948453608248
2019-07-31,VRSK,0.013745704467353952
2019-07-31,VRSN,0.014604810996563574
2019-07-31,WEC,0.01804123711340206
2019-07-31,WELL,0.01138316151202749
2019-07-31,WM,0.015034364261168385
2019-07-31,WMT,0.011597938144329897
2019-07-31,XEL,0.01718213058419244
2019-07-31,XLNX,0.011812714776632302
2019-07-31,YUM,0.01997422680412371
2019-07-31,ZTS,0.01331615120274914
2019-08-31,ABT,0.014175257731958763
2019-08-31,AEE,0.01524914089347079
2019-08-31,AEP,0.017396907216494846
2019-08-31,AES,0.007731958762886598
2019-08-31,AFL,0.0015034364261168384
2019-08-31,AJG,0.016537800687285224
2019-08-31,AMT,0.01804123711340206
2019-08-31,AON,0.013101374570446736
2019-08-31,APD,0.01610824742268041
2019-08-31,AVGO,0.002147766323024055
2019-08-31,AWK,0.018470790378006873
2019-08-31,AZO,0.018900343642611683
2019-08-31,BLL,0.020403780068728523
2019-08-31,BSX,0.0004295532646048112
2019-08-31,CB,0.0023625429553264603
2019-08-31,CCI,0.007946735395189003
2019-08-31,CDNS,0.01632302405498282
2019-08-31,CHD,0.01718213058419244
2019-08-31,CHTR,0.00429553264604811
2019-08-31,CINF,0.01911512027491409
2019-08-31,CMG,0.015893470790378006
2019-08-31,CMS,0.015034364261168385
2019-08-31,COO,0.012027491408934709
2019-08-31,DG,0.015463917525773196
2019-08-31,DHR,0.013745704467353952
2019-08-31,DIS,0.006013745704467354
2019-08-31,DLTR,0.008376288659793814
2019-08-31,DTE,0.004725085910652921
2019-08-31,ECL,0.01675257731958763
2019-08-31,EL,0.010094501718213059
2019-08-31,EQR,0.003006872852233677
2019-08-31,ES,0.014819587628865979
2019-08-31,ESS,0.013960481099656358
2019-08-31,ETR,0.0195446735395189
2019-08-31,EW,0.01052405498281787
2019-08-31,EXR,0.010309278350515464
2019-08-31,FE,0.016967353951890033
2019-08-31,FIS,0.014604810996563574
2019-08-31,FISV,0.012242268041237113
2019-08-31,FLT,0.01095360824742268
2019-08-31,GPN,0.01138316151202749
2019-08-31,HCP,0.003436426116838488
2019-08-31,HIG,0.0002147766323024055
2019-08-31,HLT,0.00665807560137457
2019-08-31,HOLX,0.007517182130584193
2019-08-31,HSY,0.020189003436426118
2019-08-31,ICE,0.007087628865979381
2019-08-31,INFO,0.0006443298969072164
2019-08-31,INTU,0.00622852233676976
2019-08-31,IQV,0.0036512027491408935
2019-08-31,KMB,0.004939862542955326
2019-08-31,KO,0.009879725085910653
2019-08-31,LNT,0.011812714776632302
2019-08-31,MA,0.00859106529209622
2019-08-31,MAA,0.001718213058419244
2019-08-31,MCD,0.019329896907216496
2019-08-31,MDLZ,0.007302405498281787
2019-08-31,MKC,0.00816151202749141
2019-08-31,MLM,0.000859106529209622
2019-08-31,MMC,0.002577319587628866
2019-08-31,MRK,0.011168384879725086
2019-08-31,MSFT,0.004080756013745705
2019-08-31,MSI,0.0032216494845360823
2019-08-31,NEE,0.01761168384879725
2019-08-31,O,0.00902061855670103
2019-08-31,PG,0.01997422680412371
2019-08-31,PNW,0.008805841924398625
2019-08-31,PSA,0.005798969072164949
2019-08-31,PYPL,0.0010738831615120271
2019-08-31,ROP,0.0019329896907216496
2019-08-31,RSG,0.014390034364261168
2019-08-31,SBAC,0.019759450171821305
2019-08-31,SBUX,0.020618556701030927
2019-08-31,SNPS,0.0053694158075601375
2019-08-31,SO,0.01331615120274914
2019-08-31,SRE,0.009235395189003437
2019-08-31,TDG,0.010738831615120275
2019-08-31,TSCO,0.003865979381443299
2019-08-31,TSN,0.004510309278350515
2019-08-31,TSS,0.01288659793814433
2019-08-31,UDR,0.001288659793814433
2019-08-31,ULTA,0.005584192439862543
2019-08-31,V,0.006443298969072165
2019-08-31,VMC,0.009450171821305841
2019-08-31,VRSK,0.012671821305841924
2019-08-31,VRSN,0.011597938144329897
2019-08-31,WEC,0.018685567010309278
2019-08-31,WELL,0.009664948453608248
2019-08-31,WLTW,0.013530927835051547
2019-08-31,WM,0.017826460481099655
2019-08-31,WMT,0.002792096219931272
2019-08-31,XEL,0.0156786941580756
2019-08-31,XLNX,0.006872852233676976
2019-08-31,XRAY,0.005154639175257732
2019-08-31,YUM,0.01825601374570447
2019-08-31,ZTS,0.01245704467353952
2019-09-30,AEE,0.014819587628865979
2019-09-30,AEP,0.01804123711340206
2019-09-30,AJG,0.012027491408934709
2019-09-30,AMT,0.019329896907216496
2019-09-30,AON,0.006013745704467354
2019-09-30,APD,0.013101374570446736
2019-09-30,AWK,0.018685567010309278
2019-09-30,AZO,0.01610824742268041
2019-09-30,BLL,0.020618556701030927
2019-09-30,CB,0.00622852233676976
2019-09-30,CCI,0.012671821305841924
2019-09-30,CDNS,0.01138316151202749
2019-09-30,CHD,0.0156786941580756
2019-09-30,CHTR,0.0006443298969072164
2019-09-30,CINF,0.018900343642611683
2019-09-30,CMCSA,0.002147766323024055
2019-09-30,CME,0.005584192439862543
2019-09-30,CMG,0.016967353951890033
2019-09-30,CMS,0.01632302405498282
2019-09-30,COST,0.0027920962199312715
2019-09-30,CPRT,0.00859106529209622
2019-09-30,CTAS,0.004510309278350515
2019-09-30,DG,0.016537800687285224
2019-09-30,DHR,0.006443298969072165
2019-09-30,DLTR,0.007517182130584193
2019-09-30,DTE,0.007302405498281787
2019-09-30,DUK,0.0032216494845360823
2019-09-30,ECL,0.014604810996563574
2019-09-30,ED,0.007087628865979381
2019-09-30,EL,0.007946735395189003
2019-09-30,EQIX,0.001718213058419244
2019-09-30,EQR,0.010309278350515464
2019-09-30,ES,0.01675257731958763
2019-09-30,ESS,0.014390034364261168
2019-09-30,ETR,0.020403780068728523
2019-09-30,EVRG,0.008805841924398625
2019-09-30,EXR,0.015463917525773196
2019-09-30,FE,0.01911512027491409
2019-09-30,FIS,0.013745704467353952
2019-09-30,FISV,0.005798969072164949
2019-09-30,FLT,0.003865979381443299
2019-09-30,GIS,0.000859106529209622
2019-09-30,GPN,0.0036512027491408935
2019-09-30,HCP,0.01052405498281787
2019-09-30,HIG,0.001288659793814433
2019-09-30,HSY,0.020189003436426118
2019-09-30,ICE,0.011597938144329897
2019-09-30,INFO,0.0023625429553264603
2019-09-30,INTU,0.0019329896907216496
2019-09-30,KLAC,0.000429553264604811
2019-09-30,KMB,0.008376288659793814
2019-09-30,KO,0.00816151202749141
2019-09-30,LNT,0.01331615120274914
2019-09-30,MA,0.00429553264604811
2019-09-30,MAA,0.011168384879725088
2019-09-30,MCD,0.01761168384879725
2019-09-30,MDLZ,0.004939862542955326
2019-09-30,MLM,0.009235395189003437
2019-09-30,MMC,0.003436426116838488
2019-09-30,MRK,0.007731958762886598
2019-09-30,MSCI,0.0002147766323024055
2019-09-30,MSI,0.004725085910652921
2019-09-30,NEE,0.018470790378006873
2019-09-30,NEM,0.004080756013745705
2019-09-30,NI,0.003006872852233677
2019-09-30,O,0.01288659793814433
2019-09-30,PEP,0.006872852233676976
2019-09-30,PG,0.0195446735395189
2019-09-30,PHM,0.01095360824742268
2019-09-30,PNW,0.010094501718213059
2019-09-30,PSA,0.015034364261168385
2019-09-30,PYPL,0.0053694158075601375
2019-09-30,RSG,0.013530927835051547
2019-09-30,SBAC,0.019759450171821305
2019-09-30,SBUX,0.01997422680412371
2019-09-30,SNPS,0.010738831615120275
2019-09-30,SO,0.015893470790378006
2019-09-30,SPGI,0.009664948453608248
2019-09-30,SRE,0.011812714776632302
2019-09-30,TDG,0.009879725085910653
2019-09-30,TSN,0.013960481099656358
2019-09-30,UDR,0.002577319587628866
2019-09-30,V,0.001073883161512028
2019-09-30,VMC,0.00665807560137457
2019-09-30,VRSK,0.012242268041237113
2019-09-30,VRSN,0.0015034364261168384
2019-09-30,VTR,0.00902061855670103
2019-09-30,WEC,0.01825601374570447
2019-09-30,WELL,0.014175257731958763
2019-09-30,WLTW,0.01524914089347079
2019-09-30,WM,0.017396907216494846
2019-09-30,WMT,0.009450171821305841
2019-09-30,XEL,0.01718213058419244
2019-09-30,XRAY,0.005154639175257732
2019-09-30,YUM,0.017826460481099655
2019-09-30,ZTS,0.01245704467353952
2019-10-31,AEE,0.01524914089347079
2019-10-31,AEP,0.0195446735395189
2019-10-31,AFL,0.001288659793814433
2019-10-31,AJG,0.007517182130584193
2019-10-31,AMT,0.014175257731958763
2019-10-31,APD,0.0156786941580756
2019-10-31,ARE,0.0032216494845360823
2019-10-31,AVB,0.000859106529209622
2019-10-31,AWK,0.01804123711340206
2019-10-31,AZO,0.01825601374570447
2019-10-31,BAX,0.000429553264604811
2019-10-31,BFB,0.009664948453608248
2019-10-31,BLL,0.016537800687285224
2019-10-31,CB,0.015893470790378006
2019-10-31,CCI,0.007731958762886598
2019-10-31,CDNS,0.007087628865979381
2019-10-31,CHD,0.006872852233676976
2019-10-31,CINF,0.01997422680412371
2019-10-31,CMG,0.017396907216494846
2019-10-31,CMS,0.01761168384879725
2019-10-31,CPRT,0.01911512027491409
2019-10-31,CTAS,0.012027491408934709
2019-10-31,DG,0.01632302405498282
2019-10-31,DHI,0.01052405498281787
2019-10-31,DHR,0.012242268041237113
2019-10-31,DLTR,0.00902061855670103
2019-10-31,DTE,0.002147766323024055
2019-10-31,ECL,0.009235395189003437
2019-10-31,ED,0.01245704467353952
2019-10-31,EL,0.009450171821305841
2019-10-31,EQIX,0.01331615120274914
2019-10-31,EQR,0.011168384879725086
2019-10-31,ES,0.018900343642611683
2019-10-31,ESS,0.013101374570446736
2019-10-31,ETR,0.020618556701030927
2019-10-31,EVRG,0.007302405498281787
2019-10-31,EW,0.005154639175257732
2019-10-31,EXR,0.008805841924398625
2019-10-31,FE,0.020403780068728523
2019-10-31,FIS,0.01288659793814433
2019-10-31,FISV,0.0006443298969072168
2019-10-31,FLT,0.007946735395189003
2019-10-31,GPN,0.005798969072164949
2019-10-31,HCP,0.00665807560137457
2019-10-31,HD,0.0010738831615120276
2019-10-31,HIG,0.014604810996563574
2019-10-31,HLT,0.0023625429553264603
2019-10-31,HSY,0.019329896907216496
2019-10-31,ICE,0.002792096219931272
2019-10-31,INFO,0.004939862542955326
2019-10-31,JCI,0.003436426116838488
2019-10-31,KLAC,0.010738831615120275
2019-10-31,KMB,0.013960481099656358
2019-10-31,KSU,0.0002147766323024055
2019-10-31,LNT,0.013530927835051547
2019-10-31,LRCX,0.00622852233676976
2019-10-31,MA,0.00859106529209622
2019-10-31,MAA,0.014819587628865979
2019-10-31,MCD,0.009879725085910653
2019-10-31,MDLZ,0.003865979381443299
2019-10-31,MLM,0.01675257731958763
2019-10-31,MSCI,0.003006872852233677
2019-10-31,MSFT,0.004080756013745705
2019-10-31,NEE,0.020189003436426118
2019-10-31,NI,0.004510309278350515
2019-10-31,NOC,0.0053694158075601375
2019-10-31,O,0.010094501718213059
2019-10-31,ORLY,0.006443298969072165
2019-10-31,PEP,0.001718213058419244
2019-10-31,PG,0.019759450171821305
2019-10-31,PHM,0.018685567010309278
2019-10-31,PNW,0.0019329896907216496
2019-10-31,RSG,0.005584192439862544
2019-10-31,SBAC,0.015034364261168385
2019-10-31,SBUX,0.014390034364261168
2019-10-31,SHW,0.004725085910652921
2019-10-31,SNPS,0.012671821305841924
2019-10-31,SO,0.017826460481099655
2019-10-31,SPGI,0.006013745704467354
2019-10-31,SRE,0.016967353951890033
2019-10-31,TDG,0.01095360824742268
2019-10-31,TRV,0.0015034364261168386
2019-10-31,TSN,0.00429553264604811
2019-10-31,TXN,0.002577319587628866
2019-10-31,UDR,0.0036512027491408935
2019-10-31,VMC,0.01610824742268041
2019-10-31,VRSK,0.008376288659793814
2019-10-31,WEC,0.018470790378006873
2019-10-31,WELL,0.011597938144329897
2019-10-31,WLTW,0.011812714776632302
2019-10-31,WM,0.013745704467353952
2019-10-31,WU,0.00816151202749141
2019-10-31,XEL,0.01718213058419244
2019-10-31,XRAY,0.01138316151202749
2019-10-31,YUM,0.015463917525773196
2019-10-31,ZTS,0.010309278350515464
2019-11-30,AEP,0.017826460481099655
2019-11-30,AFL,0.003006872852233677
2019-11-30,AIZ,0.006872852233676976
2019-11-30,AJG,0.005798969072164949
2019-11-30,AMAT,0.0019329896907216496
2019-11-30,AMD,0.004080756013745705
2019-11-30,AMT,0.01052405498281787
2019-11-30,ANSS,0.002147766323024055
2019-11-30,APD,0.014604810996563574
2019-11-30,ARE,0.0075171821305841935
2019-11-30,AVY,0.0023625429553264603
2019-11-30,AWK,0.013530927835051547
2019-11-30,AZO,0.0195446735395189
2019-11-30,BFB,0.017396907216494846
2019-11-30,BLL,0.008376288659793814
2019-11-30,CCI,0.001718213058419244
2019-11-30,CDNS,0.00665807560137457
2019-11-30,CHTR,0.008805841924398625
2019-11-30,CINF,0.018685567010309278
2019-11-30,CMG,0.013101374570446736
2019-11-30,CMS,0.015034364261168385
2019-11-30,COST,0.0036512027491408935
2019-11-30,CPRT,0.01997422680412371
2019-11-30,CTAS,0.015463917525773196
2019-11-30,DG,0.01911512027491409
2019-11-30,DHI,0.016967353951890033
2019-11-30,DHR,0.0008591065292096224
2019-11-30,DLTR,0.0015034364261168384
2019-11-30,DRE,0.0027920962199312715
2019-11-30,EFX,0.003865979381443299
2019-11-30,EL,0.0004295532646048112
2019-11-30,EQIX,0.018470790378006873
2019-11-30,EQR,0.00622852233676976
2019-11-30,ES,0.010094501718213059
2019-11-30,ESS,0.009450171821305841
2019-11-30,ETR,0.020618556701030927
2019-11-30,EW,0.011168384879725086
2019-11-30,FE,0.020403780068728523
2019-11-30,FIS,0.01245704467353952
2019-11-30,FISV,0.0070876288659793805
2019-11-30,FLT,0.018900343642611683
2019-11-30,GPN,0.01761168384879725
2019-11-30,GRMN,0.004725085910652921
2019-11-30,HD,0.01288659793814433
2019-11-30,HIG,0.01804123711340206
2019-11-30,HLT,0.00902061855670103
2019-11-30,HSY,0.015893470790378006
2019-11-30,IDXX,0.010309278350515464
2019-11-30,INFO,0.01138316151202749
2019-11-30,JEC,0.0053694158075601375
2019-11-30,KEYS,0.013745704467353952
2019-11-30,KIM,0.0010738831615120276
2019-11-30,KLAC,0.01524914089347079
2019-11-30,KMX,0.010738831615120275
2019-11-30,KSU,0.01331615120274914
2019-11-30,LEN,0.005584192439862543
2019-11-30,LIN,0.00859106529209622
2019-11-30,LNT,0.004510309278350515
2019-11-30,LRCX,0.011597938144329897
2019-11-30,MA,0.01675257731958763
2019-11-30,MAA,0.01825601374570447
2019-11-30,MAS,0.009664948453608248
2019-11-30,MCO,0.00429553264604811
2019-11-30,MLM,0.00816151202749141
2019-11-30,MSCI,0.014175257731958763
2019-11-30,MSFT,0.007946735395189003
2019-11-30,NEE,0.020189003436426118
2019-11-30,NOC,0.009235395189003437
2019-11-30,O,0.012671821305841924
2019-11-30,ORLY,0.012242268041237113
2019-11-30,PG,0.019329896907216496
2019-11-30,PHM,0.019759450171821305
2019-11-30,PLD,0.0006443298969072165
2019-11-30,PYPL,0.001288659793814433
2019-11-30,RMD,0.002577319587628866
2019-11-30,SBAC,0.013960481099656358
2019-11-30,SHW,0.009879725085910653
2019-11-30,SNPS,0.01610824742268041
2019-11-30,SO,0.01718213058419244
2019-11-30,SPGI,0.0156786941580756
2019-11-30,SRE,0.014819587628865979
2019-11-30,STX,0.0002147766323024055
2019-11-30,T,0.004939862542955326
2019-11-30,TDG,0.01095360824742268
2019-11-30,TGT,0.006013745704467354
2019-11-30,TSN,0.003436426116838488
2019-11-30,V,0.007731958762886598
2019-11-30,VMC,0.014390034364261168
2019-11-30,WEC,0.01632302405498282
2019-11-30,WELL,0.0032216494845360823
2019-11-30,WM,0.005154639175257731
2019-11-30,WMT,0.006443298969072165
2019-11-30,WU,0.016537800687285224
2019-11-30,XEL,0.007302405498281787
2019-11-30,XRAY,0.012027491408934709
2019-11-30,ZTS,0.011812714776632302
2019-12-31,AAPL,0.0125
2019-12-31,AEP,0.01030701754385965
2019-12-31,AIZ,0.01293859649122807
2019-12-31,AJG,0.007236842105263158
2019-12-31,ALL,0.0021929824561403508
2019-12-31,AMAT,0.008771929824561403
2019-12-31,AMD,0.015789473684210527
2019-12-31,AME,0.004824561403508772
2019-12-31,ANSS,0.014473684210526316
2019-12-31,AON,0.003947368421052632
2019-12-31,APD,0.01381578947368421
2019-12-31,ARE,0.01074561403508772
2019-12-31,ARNC,0.011842105263157895
2019-12-31,AWK,0.007456140350877193
2019-12-31,AZO,0.01732456140350877
2019-12-31,BFB,0.015570175438596491
2019-12-31,CDNS,0.005043859649122807
2019-12-31,CHTR,0.013157894736842105
2019-12-31,CINF,0.006578947368421052
2019-12-31,CMG,0.01425438596491228
2019-12-31,CMS,0.0010964912280701754
2019-12-31,COST,0.008552631578947369
2019-12-31,CPRT,0.020833333333333332
2019-12-31,CTAS,0.010964912280701754
2019-12-31,DG,0.014035087719298246
2019-12-31,DGX,0.0006578947368421052
2019-12-31,DHI,0.019736842105263157
2019-12-31,DHR,0.005701754385964913
2019-12-31,DRE,0.0037280701754385964
2019-12-31,EFX,0.005263157894736842
2019-12-31,EL,0.003289473684210526
2019-12-31,EQIX,0.018421052631578946
2019-12-31,ES,0.008333333333333333
2019-12-31,ETR,0.019956140350877193
2019-12-31,EW,0.010087719298245614
2019-12-31,FE,0.01929824561403509
2019-12-31,FIS,0.016666666666666666
2019-12-31,FISV,0.01337719298245614
2019-12-31,FLT,0.02017543859649123
2019-12-31,GPN,0.0206140350877193
2019-12-31,GRMN,0.0028508771929824563
2019-12-31,HIG,0.01864035087719298
2019-12-31,HLT,0.014692982456140351
2019-12-31,HSY,0.007675438596491228
2019-12-31,ICE,0.0004385964912280702
2019-12-31,INFO,0.017982456140350878
2019-12-31,IR,0.0017543859649122807
2019-12-31,JCI,0.002631578947368421
2019-12-31,KEYS,0.009649122807017544
2019-12-31,KLAC,0.008991228070175439
2019-12-31,KMX,0.012719298245614035
2019-12-31,KSU,0.018201754385964913
2019-12-31,LEN,0.0035087719298245615
2019-12-31,LIN,0.009868421052631578
2019-12-31,LMT,0.0059210526315789476
2019-12-31,LNT,0.007017543859649123
2019-12-31,LRCX,0.011403508771929825
2019-12-31,MA,0.019078947368421053
2019-12-31,MAA,0.017105263157894738
2019-12-31,MAS,0.006798245614035088
2019-12-31,MCO,0.01118421052631579
2019-12-31,MLM,0.013596491228070176
2019-12-31,MMC,0.0061403508771929825
2019-12-31,MSCI,0.01644736842105263
2019-12-31,MSFT,0.015131578947368421
2019-12-31,NEE,0.019517543859649124
2019-12-31,NOC,0.0043859649122807015
2019-12-31,ORLY,0.008114035087719297
2019-12-31,PAYX,0.002412280701754386
2019-12-31,PG,0.014912280701754385
2019-12-31,PHM,0.018859649122807017
2019-12-31,PLD,0.009429824561403509
2019-12-31,ROST,0.01162280701754386
2019-12-31,RSG,0.004166666666666667
2019-12-31,SBAC,0.005482456140350877
2019-12-31,SHW,0.01206140350877193
2019-12-31,SNPS,0.017763157894736842
2019-12-31,SO,0.016885964912280702
2019-12-31,SPGI,0.016228070175438595
2019-12-31,SRE,0.016008771929824563
2019-12-31,STX,0.0013157894736842105
2019-12-31,T,0.0002192982456140349
2019-12-31,TDG,0.015350877192982455
2019-12-31,TGT,0.017543859649122806
2019-12-31,TJX,0.001973684210526316
2019-12-31,TMO,0.0030701754385964912
2019-12-31,TROW,0.0015350877192982456
2019-12-31,TSN,0.009210526315789473
2019-12-31,V,0.012280701754385965
2019-12-31,VMC,0.010526315789473684
2019-12-31,WM,0.004605263157894736
2019-12-31,WMT,0.007894736842105263
2019-12-31,WU,0.020394736842105264
2019-12-31,XRAY,0.006359649122807017
2019-12-31,ZTS,0.0008771929824561396
2020-01-31,AAPL,0.018859649122807017
2020-01-31,ACN,0.012280701754385965
2020-01-31,AEP,0.01293859649122807
2020-01-31,AIZ,0.008552631578947369
2020-01-31,AJG,0.015789473684210527
2020-01-31,ALL,0.0030701754385964912
2020-01-31,ALLE,0.004605263157894736
2020-01-31,AMAT,0.003508771929824562
2020-01-31,AMD,0.01118421052631579
2020-01-31,AME,0.0028508771929824563
2020-01-31,AMT,0.0008771929824561404
2020-01-31,ANSS,0.009868421052631578
2020-01-31,AON,0.01381578947368421
2020-01-31,APD,0.01074561403508772
2020-01-31,ARNC,0.016228070175438595
2020-01-31,AWK,0.007894736842105263
2020-01-31,AZO,0.016666666666666666
2020-01-31,BFB,0.015350877192982455
2020-01-31,CB,0.0013157894736842105
2020-01-31,CBOE,0.0015350877192982456
2020-01-31,CERN,0.001973684210526316
2020-01-31,CHTR,0.013157894736842105
2020-01-31,CINF,0.0010964912280701754
2020-01-31,CMG,0.0024122807017543865
2020-01-31,CMS,0.004166666666666667
2020-01-31,COST,0.011842105263157895
2020-01-31,CPB,0.013596491228070176
2020-01-31,CPRT,0.020833333333333332
2020-01-31,CTAS,0.01337719298245614
2020-01-31,DG,0.0059210526315789476
2020-01-31,DGX,0.0004385964912280702
2020-01-31,DHI,0.009429824561403509
2020-01-31,DHR,0.008114035087719297
2020-01-31,EL,0.010526315789473684
2020-01-31,EQIX,0.01864035087719298
2020-01-31,ES,0.010087719298245614
2020-01-31,ETR,0.019517543859649124
2020-01-31,FE,0.017763157894736842
2020-01-31,FIS,0.019078947368421053
2020-01-31,FISV,0.003947368421052632
2020-01-31,FLT,0.007456140350877192
2020-01-31,GPN,0.019736842105263157
2020-01-31,HIG,0.008771929824561403
2020-01-31,HLT,0.018201754385964913
2020-01-31,HSY,0.009649122807017544
2020-01-31,ICE,0.007017543859649123
2020-01-31,INFO,0.020394736842105264
2020-01-31,IR,0.003289473684210526
2020-01-31,KLAC,0.005263157894736842
2020-01-31,KMB,0.005043859649122807
2020-01-31,KMX,0.005482456140350877
2020-01-31,KSU,0.015570175438596491
2020-01-31,LIN,0.01030701754385965
2020-01-31,LMT,0.006359649122807017
2020-01-31,LNT,0.017543859649122806
2020-01-31,LRCX,0.0061403508771929825
2020-01-31,MA,0.01732456140350877
2020-01-31,MAA,0.01425438596491228
2020-01-31,MAS,0.0043859649122807015
2020-01-31,MCO,0.01206140350877193
2020-01-31,MDT,0.017105263157894738
2020-01-31,MKC,0.002631578947368421
2020-01-31,MLM,0.01929824561403509
2020-01-31,MMC,0.0125
2020-01-31,MSCI,0.006798245614035088
2020-01-31,MSFT,0.019956140350877193
2020-01-31,NEE,0.0206140350877193
2020-01-31,ORLY,0.007675438596491228
2020-01-31,PEP,0.008333333333333333
2020-01-31,PG,0.015131578947368421
2020-01-31,PHM,0.011403508771929825
2020-01-31,QRVO,0.007236842105263158
2020-01-31,RMD,0.014035087719298246
2020-01-31,ROST,0.0006578947368421056
2020-01-31,RSG,0.010964912280701754
2020-01-31,RTN,0.005701754385964913
2020-01-31,SHW,0.009210526315789473
2020-01-31,SNPS,0.012719298245614035
2020-01-31,SO,0.017982456140350878
2020-01-31,SPGI,0.014473684210526316
2020-01-31,SRE,0.018421052631578946
2020-01-31,SYY,0.014912280701754385
2020-01-31,T,0.01162280701754386
2020-01-31,TDG,0.001754385964912281
2020-01-31,TFX,0.0021929824561403508
2020-01-31,TGT,0.016008771929824563
2020-01-31,TMO,0.006578947368421052
2020-01-31,TROW,0.004824561403508772
2020-01-31,TSN,0.00021929824561403577
2020-01-31,V,0.016885964912280702
2020-01-31,VMC,0.014692982456140351
2020-01-31,WMT,0.008991228070175439
2020-01-31,WU,0.02017543859649123
2020-01-31,XEL,0.0037280701754385964
2020-01-31,ZTS,0.01644736842105263
2020-02-29,AAPL,0.011860288324397634
2020-02-29,ACN,0.0033677361908783406
2020-02-29,ADBE,0.002489196314997034
2020-02-29,AEP,0.00981036194734125
2020-02-29,AIZ,0.0013178098138219591
2020-02-29,AJG,0.008638975446166177
2020-02-29,AKAM,0.0032213128782314555
2020-02-29,ALL,0.0026356196276439182
2020-02-29,ALLE,0.003953429441465877
2020-02-29,AMAT,0.003807006128818993
2020-02-29,AMD,0.012885251512925822
2020-02-29,AMT,0.0035141595035252243
2020-02-29,ANSS,0.008492552133519293
2020-02-29,AON,0.00673547238175668
2020-02-29,APD,0.001903503064409496
2020-02-29,ARE,0.009224668696753714
2020-02-29,ARNC,0.009956785259988136
2020-02-29,ATO,0.002782042940290803
2020-02-29,ATVI,0.0016106564391157277
2020-02-29,AVB,0.004246276066759647
2020-02-29,AWK,0.006442625756462911
2020-02-29,AXP,0.0011713865011750747
2020-02-29,BFB,0.007467588944991102
2020-02-29,CBOE,0.0048319693173471834
2020-02-29,CCI,0.0030748895655845713
2020-02-29,CHTR,0.012592404887632054
2020-02-29,CMG,0.0014642331264688435
2020-02-29,CMS,0.005417662567934721
2020-02-29,COST,0.009663938634694367
2020-02-29,CPB,0.005856932505875373
2020-02-29,CPRT,0.01376379138880713
2020-02-29,CTAS,0.007028319007050449
2020-02-29,DG,0.0017570797517626122
2020-02-29,DGX,0.006881895694403565
2020-02-29,DHI,0.011128171761163212
2020-02-29,DRE,0.00878539875881306
2020-02-29,EFX,0.006003355818522259
2020-02-29,EQIX,0.010835325135869442
2020-02-29,ES,0.010688901823222558
2020-02-29,ETR,0.01244598157498517
2020-02-29,EVRG,0.005124815942640953
2020-02-29,FBHS,0.0023427730023501494
2020-02-29,FE,0.011421018386456979
2020-02-29,FIS,0.012299558262338285
2020-02-29,FISV,0.0065890490691097965
2020-02-29,FLT,0.0020499263770563814
2020-02-29,GOOG,0.0010249631885281905
2020-02-29,GPN,0.01039605519792879
2020-02-29,HLT,0.0029284662529376875
2020-02-29,HSY,0.008053282195578639
2020-02-29,ICE,0.009371092009400598
2020-02-29,INFO,0.014056638014100897
2020-02-29,KMB,0.004685546004700299
2020-02-29,KMX,0.008199705508225524
2020-02-29,KO,0.008931822071459946
2020-02-29,KSU,0.012006711637044518
2020-02-29,LEN,0.0002928466252937687
2020-02-29,LH,0.0007321165632344218
2020-02-29,LMT,0.007614012257637986
2020-02-29,LNT,0.011274595073810095
2020-02-29,LRCX,0.007174742319697334
2020-02-29,MA,0.01303167482557271
2020-02-29,MAA,0.010249631885281905
2020-02-29,MCO,0.009517515322047483
2020-02-29,MDLZ,0.004539122692053415
2020-02-29,MDT,0.012153134949691401
2020-02-29,MLM,0.0052712392552878365
2020-02-29,MMC,0.010542478510575673
2020-02-29,MSCI,0.007906858882931755
2020-02-29,MSFT,0.012738828200278938
2020-02-29,NDAQ,0.005564085880581606
2020-02-29,NEE,0.013178098138219593
2020-02-29,NOC,0.00014642331264688434
2020-02-29,PEP,0.007321165632344218
2020-02-29,PG,0.00776043557028487
2020-02-29,PHM,0.011567441699103863
2020-02-29,PLD,0.01010320857263502
2020-02-29,RMD,0.01347094476351336
2020-02-29,RSG,0.010981748448516326
2020-02-29,SBAC,0.006149779131169143
2020-02-29,SNPS,0.008346128820872408
2020-02-29,SO,0.013617368076160244
2020-02-29,SPGI,0.011713865011750748
2020-02-29,SRE,0.013324521450866477
2020-02-29,TDG,0.004978392629994068
2020-02-29,TROW,0.00439269937940653
2020-02-29,TTWO,0.00043926993794065304
2020-02-29,V,0.00907824538410683
2020-02-29,VMC,0.0005856932505875368
2020-02-29,VRSK,0.002196349689703265
2020-02-29,WEC,0.004099852754112762
2020-02-29,WLTW,0.0008785398758813061
2020-02-29,WM,0.003660582816172109
2020-02-29,WU,0.013910214701454014
2020-02-29,XEL,0.0057105091932284895
2020-02-29,ZTS,0.006296202443816026
2020-03-31,AAPL,0.007971304981717369
2020-03-31,ADBE,0.007860592412526849
2020-03-31,AGN,0.00022142513838103802
2020-03-31,AIZ,0.00774987984333633
2020-03-31,AJG,0.009299855812003596
2020-03-31,AKAM,0.004207077629239722
2020-03-31,ALLE,0.004760640475192317
2020-03-31,AMAT,0.008746292966051
2020-03-31,AMD,0.010406981503908787
2020-03-31,AMT,0.0018821136762388231
2020-03-31,ANSS,0.006310616443859583
2020-03-31,AON,0.008524867827669964
2020-03-31,APD,0.000885700553524152
2020-03-31,ARNC,0.010185556365527749
2020-03-31,ATVI,0.007639167274145812
2020-03-31,AWK,0.004317790198430241
2020-03-31,BFB,0.0015499759686672656
2020-03-31,BLL,0.002103538814619861
2020-03-31,BMY,0.004982065613573355
2020-03-31,CBOE,0.005978478736288027
2020-03-31,CCI,0.0005535628459525949
2020-03-31,CERN,0.005646341028716469
2020-03-31,CHTR,0.010296268934718267
2020-03-31,CME,0.0029892393681440134
2020-03-31,COST,0.0023249639530008998
2020-03-31,CPB,0.0045392153368112795
2020-03-31,CPRT,0.008192730120098406
2020-03-31,CTAS,0.009521280950384634
2020-03-31,DG,0.007417742135764773
2020-03-31,DGX,0.007085604428193217
2020-03-31,DHI,0.006974891859002697
2020-03-31,DVA,0.0039856524908586845
2020-03-31,EFX,0.00553562845952595
2020-03-31,EQIX,0.009189143242813077
2020-03-31,ES,0.008303442689288926
2020-03-31,ETR,0.006421329013050102
2020-03-31,EVRG,0.00011071256919051916
2020-03-31,FBHS,0.004649927906001798
2020-03-31,FIS,0.009631993519575154
2020-03-31,FISV,0.006089191305478545
2020-03-31,FMC,0.002767814229762975
2020-03-31,GOOG,0.000664275415143114
2020-03-31,GOOGL,0.00044285027676207604
2020-03-31,GPN,0.010074843796337229
2020-03-31,HD,0.0009964131227146711
2020-03-31,HLT,0.003099951937334532
2020-03-31,HSY,0.006753466720621659
2020-03-31,ICE,0.004871353044382836
2020-03-31,INFO,0.009078430673622559
2020-03-31,ITW,0.002546389091381937
2020-03-31,KLAC,0.001660688537857785
2020-03-31,KMX,0.00332137707571557
2020-03-31,KO,0.005424915890335431
2020-03-31,KSU,0.007196316997383735
2020-03-31,LEN,0.00221425138381038
2020-03-31,LH,0.0075284547049552925
2020-03-31,LMT,0.005203490751954394
2020-03-31,LRCX,0.009410568381194116
2020-03-31,MA,0.008082017550907887
2020-03-31,MAA,0.006864179289812178
2020-03-31,MCK,0.0057570535979069885
2020-03-31,MCO,0.008414155258479444
2020-03-31,MMC,0.005867766167097507
2020-03-31,MSCI,0.009742706088765672
2020-03-31,MSFT,0.00996413122714671
2020-03-31,MSI,0.002657101660572456
2020-03-31,MU,0.000332137707571557
2020-03-31,NDAQ,0.003210664506525051
2020-03-31,NEE,0.009853418657956192
2020-03-31,NEM,0.002435676522191418
2020-03-31,NOC,0.0035428022140966083
2020-03-31,NVDA,0.006532041582240622
2020-03-31,PHM,0.00885700553524152
2020-03-31,PLD,0.005314203321144912
2020-03-31,QRVO,0.00442850276762076
2020-03-31,RMD,0.010517694073099305
2020-03-31,ROST,0.006199903874669064
2020-03-31,RSG,0.00664275415143114
2020-03-31,SBAC,0.008967718104432039
2020-03-31,SHW,0.003874939921668165
2020-03-31,SNPS,0.0037642273524776462
2020-03-31,SO,0.0019928262454293414
2020-03-31,SPGI,0.007307029566574254
2020-03-31,T,0.001217838261095709
2020-03-31,TDG,0.0014392633994767471
2020-03-31,TGT,0.001328550830286228
2020-03-31,TJX,0.003432089644906089
2020-03-31,TROW,0.001771401107048304
2020-03-31,V,0.005092778182763874
2020-03-31,VRSK,0.004096365060049203
2020-03-31,VRTX,0.00110712569190519
2020-03-31,WEC,0.0028785267989534942
2020-03-31,WMT,0.000774987984333633
2020-03-31,WU,0.003653514783287128
2020-03-31,ZTS,0.008635580396860482
2020-04-30,AAPL,0.005415685884546126
2020-04-30,ABC,0.00622072027278947
2020-04-30,ADBE,0.0036592472192879238
2020-04-30,AEE,7.318494438575847e-05
2020-04-30,AGN,0.003805617108059441
2020-04-30,AIZ,0.0035860622749021654
2020-04-30,AKAM,0.004464281607531267
2020-04-30,AMAT,0.0009514042770148601
2020-04-30,AMD,0.006806199827875539
2020-04-30,AMGN,0.003732432163673682
2020-04-30,AMT,0.004903391273845818
2020-04-30,AMZN,0.0005854795550860678
2020-04-30,ANSS,0.0045374665519170255
2020-04-30,ATVI,0.006440275105946746
2020-04-30,AWK,0.004098356885602475
2020-04-30,BAX,0.0025614730535015464
2020-04-30,BFB,0.0016100687764866865
2020-04-30,BIIB,0.006001165439632195
2020-04-30,BLL,0.002707842942273063
2020-04-30,BMY,0.005342500940160369
2020-04-30,CCI,0.005854795550860678
2020-04-30,CHTR,0.005049761162617335
2020-04-30,CI,0.003512877330516407
2020-04-30,CLX,0.004244726774373992
2020-04-30,CMS,0.002854212831044581
2020-04-30,CNC,0.0032933224973591313
2020-04-30,COST,0.005781610606474919
2020-04-30,CPB,0.005927980495246436
2020-04-30,CPRT,0.0005122946107003097
2020-04-30,CTXS,0.005708425662089162
2020-04-30,CVS,0.003220137552973373
2020-04-30,DG,0.006074350384017954
2020-04-30,DHR,0.002122363387186996
2020-04-30,DLR,0.0056352407177034025
2020-04-30,DRE,0.0021955483315727544
2020-04-30,DVA,0.005196131051388852
2020-04-30,EA,0.002927397775430339
2020-04-30,EQIX,0.006952569716647055
2020-04-30,ES,0.003951986996830958
2020-04-30,EW,0.002488288109115788
2020-04-30,FIS,0.0023419182203442707
2020-04-30,FISV,0.0030737676642018557
2020-04-30,FMC,0.0013173289989436526
2020-04-30,FTNT,0.001683253720872445
2020-04-30,GILD,0.005122946107003093
2020-04-30,GIS,0.0014636988877151694
2020-04-30,HRL,0.004683836440688542
2020-04-30,HSY,0.0026346579978873052
2020-04-30,HUM,0.004830206329460059
2020-04-30,IDXX,0.0018296236096439619
2020-04-30,INFO,0.0017564386652582035
2020-04-30,INTC,0.001975993498415479
2020-04-30,JKHY,0.0020491784428012375
2020-04-30,KLAC,0.0031469526085876145
2020-04-30,KR,0.004391096663145509
2020-04-30,KSU,0.0010245892214006186
2020-04-30,LLY,0.004976576218231576
2020-04-30,LMT,0.0006586644994718265
2020-04-30,LNT,0.0010977741657863772
2020-04-30,LRCX,0.0034396923861306486
2020-04-30,MCK,0.0052693159957746104
2020-04-30,MCO,0.002781027886658822
2020-04-30,MDT,0.0008050343882433432
2020-04-30,MSCI,0.006367090161560987
2020-04-30,MSFT,0.006293905217175229
2020-04-30,NDAQ,0.001390513943329411
2020-04-30,NEE,0.006586644994718263
2020-04-30,NEM,0.006659829939104021
2020-04-30,NFLX,0.00043910966631455087
2020-04-30,NOC,0.0015368838321009278
2020-04-30,NVDA,0.006147535328403711
2020-04-30,PG,0.0019028085540297205
2020-04-30,PLD,0.0024151031647300296
2020-04-30,PRGO,0.00014636988877151695
2020-04-30,QRVO,0.0012441440545578938
2020-04-30,REGN,0.005488870828931886
2020-04-30,RMD,0.006879384772261297
2020-04-30,SBAC,0.00673301488348978
2020-04-30,SHW,0.00036592472192879203
2020-04-30,SNPS,0.0030005827198160977
2020-04-30,SO,0.0007318494438575847
2020-04-30,SPGI,0.004025171941216716
2020-04-30,STX,0.0002927397775430339
2020-04-30,SWKS,0.00021955483315727544
2020-04-30,TFX,0.0008782193326291017
2020-04-30,TGT,0.0041715418299882335
2020-04-30,TIF,0.003878802052445199
2020-04-30,TMO,0.0011709591101721356
2020-04-30,TTWO,0.005562055773317644
2020-04-30,UNH,0.0022687332759585128
2020-04-30,VRTX,0.006513460050332506
2020-04-30,WEC,0.00431791171875975
2020-04-30,WMT,0.004757021385074301
2020-04-30,XEL,0.00336650744174489
2020-04-30,ZTS,0.004610651496302784
2020-05-31,AAPL,0.006462841903682175
2020-05-31,ABC,0.003953738576370272
2020-05-31,ABT,0.0022810030248290028
2020-05-31,ADBE,0.004790106352140906
2020-05-31,AKAM,0.005550440693750574
2020-05-31,AMAT,0.0018248024198632023
2020-05-31,AMD,0.0071471428111308756
2020-05-31,AMGN,0.00517027352294574
2020-05-31,AMT,0.0019008358540241691
2020-05-31,AMZN,0.0045620060496580055
2020-05-31,ANSS,0.005778540996233474
2020-05-31,ATVI,0.0069190425086479755
2020-05-31,BAX,0.0023570364589899696
2020-05-31,BFB,0.0030413373664386705
2020-05-31,BIIB,0.002889270498116737
2020-05-31,BLK,0.000988434644092568
2020-05-31,BMY,0.005322340391267674
2020-05-31,CAG,0.0005322340391267673
2020-05-31,CAH,0.0004562006049658006
2020-05-31,CCI,0.005018206654623806
2020-05-31,CDNS,0.0024330698931509364
2020-05-31,CHTR,0.004714072917979939
2020-05-31,CI,0.0038016717080483382
2020-05-31,CLX,0.005702507562072507
2020-05-31,CMG,0.0015206686832193352
2020-05-31,COST,0.005854574430394441
2020-05-31,CPB,0.006310775035360241
2020-05-31,CTXS,0.004409939181336072
2020-05-31,CVS,0.001292568380736435
2020-05-31,DG,0.006006641298716375
2020-05-31,DHR,0.002661170195633837
2020-05-31,DLR,0.005094240088784774
2020-05-31,DRE,0.002509103327311903
2020-05-31,DVA,0.006234741601199275
2020-05-31,EA,0.0036496048397264046
2020-05-31,EQIX,0.006995075942808942
2020-05-31,EW,0.0027372036297948037
2020-05-31,FAST,0.0008363677757706344
2020-05-31,FISV,0.0014446352490583684
2020-05-31,FMC,0.003193404234760604
2020-05-31,FTNT,0.0041058054446922055
2020-05-31,GILD,0.006082674732877341
2020-05-31,GIS,0.003421504537243504
2020-05-31,GOOG,0.0017487689857022355
2020-05-31,GOOGL,0.001596702117380302
2020-05-31,HRL,0.002204969590668036
2020-05-31,HUM,0.005626474127911541
2020-05-31,INFO,0.0009124012099316011
2020-05-31,INTC,0.0043339057471751055
2020-05-31,ITW,0.00030413373664386705
2020-05-31,JBHT,0.0013686018148974018
2020-05-31,JKHY,0.005246306957106707
2020-05-31,JNJ,0.0006082674732877341
2020-05-31,K,0.0033454711030825378
2020-05-31,KEYS,0.001976869288185136
2020-05-31,KLAC,0.005930607864555407
2020-05-31,KR,0.00539837382542864
2020-05-31,KSU,7.603343416096682e-05
2020-05-31,LLY,0.005474407259589607
2020-05-31,LMT,0.0002281003024829003
2020-05-31,LRCX,0.004638039483818972
2020-05-31,MCK,0.0031173708005996373
2020-05-31,MCO,0.004257872313014138
2020-05-31,MSCI,0.0066909422061650755
2020-05-31,MSFT,0.006843009074487008
2020-05-31,MU,0.003497537971404471
2020-05-31,NDAQ,0.0020529027223461027
2020-05-31,NEE,0.0029653039322777037
2020-05-31,NEM,0.006766975640326042
2020-05-31,NFLX,0.0016727355515412689
2020-05-31,NVDA,0.007071109376969909
2020-05-31,PG,0.002128936156507069
2020-05-31,PLD,0.0037256382738873714
2020-05-31,PRGO,0.0011405015124145014
2020-05-31,QRVO,0.004181838878853172
2020-05-31,REGN,0.006158708167038308
2020-05-31,RMD,0.006538875337843142
2020-05-31,ROK,0.0007603343416096676
2020-05-31,SBAC,0.006614908772004108
2020-05-31,SHW,0.0028132370639557705
2020-05-31,SNPS,0.004485972615497039
2020-05-31,SPGI,0.00494217322046284
2020-05-31,STX,0.0010644680782535346
2020-05-31,SWKS,0.0038777051422093046
2020-05-31,TFX,0.00015206686832193352
2020-05-31,TGT,0.00258513676147287
2020-05-31,TIF,0.003269437668921571
2020-05-31,TMO,0.0035735714055654378
2020-05-31,UNH,0.0012165349465754682
2020-05-31,VRTX,0.006386808469521208
2020-05-31,WEC,0.0006843009074487009
2020-05-31,WMT,0.004866139786301873
2020-05-31,XEL,0.00038016717080483365
2020-05-31,ZTS,0.004029772010531238
2020-06-30,A,0.002047946075273246
2020-06-30,AAPL,0.011878087236584829
2020-06-30,ABBV,0.005188130057358891
2020-06-30,ABC,0.004232421888898043
2020-06-30,ADBE,0.009284022207905383
2020-06-30,ADSK,0.0024575352903278957
2020-06-30,AKAM,0.01078584932977243
2020-06-30,AMAT,0.0025940650286794455
2020-06-30,AMD,0.012697265666694128
2020-06-30,AMGN,0.0031401839820856445
2020-06-30,AMT,0.009557081684608483
2020-06-30,AMZN,0.006143838225819739
2020-06-30,ANSS,0.009147492469553833
2020-06-30,ATVI,0.012833795405045678
2020-06-30,BFB,0.003413243458788744
2020-06-30,BIIB,0.004915070580655791
2020-06-30,BMY,0.008737903254499186
2020-06-30,CAG,0.004642011103952692
2020-06-30,CAH,0.0008191784301092985
2020-06-30,CCI,0.01092237906812398
2020-06-30,CDNS,0.005597719272413541
2020-06-30,CHTR,0.009693611422960033
2020-06-30,CI,0.00505160031900734
2020-06-30,CLX,0.011605027759881729
2020-06-30,CMG,0.004505481365601142
2020-06-30,CNC,0.0015018271218670473
2020-06-30,COST,0.006689957179225939
2020-06-30,CPB,0.01023973037636623
2020-06-30,CTXS,0.007918724824389886
2020-06-30,CVS,0.004095892150546492
2020-06-30,DG,0.01105890880647553
2020-06-30,DHR,0.001638356860218597
2020-06-30,DLR,0.0069630166559290375
2020-06-30,DVA,0.008055254562741436
2020-06-30,EA,0.006007308487468189
2020-06-30,EQIX,0.012560735928342578
2020-06-30,ES,0.00027305947670309955
2020-06-30,EW,0.0030036542437340947
2020-06-30,FAST,0.006280367964171288
2020-06-30,FIS,0.0013652973835154975
2020-06-30,FISV,0.0010922379068123982
2020-06-30,FMC,0.002867124505382545
2020-06-30,FTNT,0.011331968283178631
2020-06-30,GILD,0.0017748865985701473
2020-06-30,GIS,0.006553427440874388
2020-06-30,GOOG,0.007645665347686787
2020-06-30,GOOGL,0.007782195086038337
2020-06-30,HD,0.0012287676451639478
2020-06-30,HRL,0.0058707787491166395
2020-06-30,HUM,0.01010320063801468
2020-06-30,ICE,0.00013652973835154978
2020-06-30,INTC,0.008464843777796086
2020-06-30,JBHT,0.007236076132632137
2020-06-30,JKHY,0.012424206189991028
2020-06-30,K,0.007372605870983687
2020-06-30,KEYS,0.0006826486917577488
2020-06-30,KLAC,0.010376260114717782
2020-06-30,KR,0.012014616974936379
2020-06-30,KSU,0.0036863029354918435
2020-06-30,LLY,0.010649319591420882
2020-06-30,LOW,0.0021844758136247964
2020-06-30,LRCX,0.009830141161311583
2020-06-30,MCK,0.00573424901076509
2020-06-30,MCO,0.009010962731202284
2020-06-30,MKC,0.00040958921505464924
2020-06-30,MKTX,0.007509135609335236
2020-06-30,MSCI,0.010512789853069332
2020-06-30,MSFT,0.011741557498233279
2020-06-30,MU,0.0009557081684608481
2020-06-30,NDAQ,0.00546118953406199
2020-06-30,NEE,0.008601373516147634
2020-06-30,NEM,0.009420551946256933
2020-06-30,NKE,0.0019114163369216967
2020-06-30,NVDA,0.012970325143397226
2020-06-30,PLD,0.002730594767030995
2020-06-30,PYPL,0.0047785408423042415
2020-06-30,QRVO,0.008328314039444536
2020-06-30,REGN,0.01215114671328793
2020-06-30,RMD,0.011195438544827081
2020-06-30,ROK,0.0038228326738433934
2020-06-30,ROL,0.0005461189534061991
2020-06-30,SBAC,0.012287676451639478
2020-06-30,SHW,0.007099546394280589
2020-06-30,SNPS,0.008874432992850734
2020-06-30,SPGI,0.009966670899663133
2020-06-30,SWKS,0.008191784301092984
2020-06-30,TGT,0.006826486917577488
2020-06-30,TIF,0.006416897702522839
2020-06-30,TMO,0.003549773197140294
2020-06-30,TTWO,0.003276713720437194
2020-06-30,UNH,0.003959362412194943
2020-06-30,VRSK,0.002321005551976346
2020-06-30,VRTX,0.01146849802153018
2020-06-30,WMT,0.004368951627249593
2020-06-30,ZTS,0.005324659795710441
2020-07-31,A,0.007384995572466062
2020-07-31,AAPL,0.012497684814942565
2020-07-31,ABBV,0.010367397630577356
2020-07-31,ABC,0.008237110446212144
2020-07-31,ADBE,0.011219512504323438
2020-07-31,ADSK,0.008663167883085188
2020-07-31,AKAM,0.007669033863714756
2020-07-31,AMAT,0.0032664403493599886
2020-07-31,AMD,0.012355665669318217
2020-07-31,AMGN,0.005680765824973893
2020-07-31,AMT,0.008379129591836492
2020-07-31,AMZN,0.010225378484953009
2020-07-31,ANSS,0.010935474213074744
2020-07-31,ATVI,0.01334979968868865
2020-07-31,AWK,0.0014201914562434732
2020-07-31,BFB,0.003550478640608683
2020-07-31,BLK,0.0019882680387408626
2020-07-31,BMY,0.009231244465582576
2020-07-31,CAG,0.00042605743687304173
2020-07-31,CAH,0.00028403829124869467
2020-07-31,CCI,0.009657301902455617
2020-07-31,CDNS,0.006532880698719977
2020-07-31,CHTR,0.0078110530093391025
2020-07-31,CLX,0.011645569941196482
2020-07-31,CMG,0.003834516931857378
2020-07-31,COST,0.002982402058111293
2020-07-31,CPB,0.00852114873746084
2020-07-31,CRM,0.003976536077481725
2020-07-31,CTXS,0.00908922531995823
2020-07-31,CVS,0.0024143254756139043
2020-07-31,DG,0.011077493358699092
2020-07-31,DHR,0.006958938135593019
2020-07-31,DLR,0.007527014718090409
2020-07-31,DVA,0.008805187028709536
2020-07-31,EA,0.011361531649947786
2020-07-31,EBAY,0.001704229747492168
2020-07-31,EFX,0.004402593514354768
2020-07-31,EQIX,0.012781723106191259
2020-07-31,FAST,0.009799321048079965
2020-07-31,FMC,0.0031244212037356413
2020-07-31,FTNT,0.010793455067450396
2020-07-31,GILD,0.005112689242476504
2020-07-31,GIS,0.004544612659979115
2020-07-31,GOOG,0.0007100957281217365
2020-07-31,GOOGL,0.0011361531649947791
2020-07-31,GRMN,0.005822784970598241
2020-07-31,HD,0.0005680765824973893
2020-07-31,HRL,0.004828650951227809
2020-07-31,HUM,0.00525470838810085
2020-07-31,IDXX,0.00213028718436521
2020-07-31,ILMN,0.0022723063299895574
2020-07-31,INFO,0.002556344621238252
2020-07-31,INTC,0.003692497786233031
2020-07-31,JBHT,0.001278172310619126
2020-07-31,JKHY,0.012071627378069522
2020-07-31,K,0.002840382912486947
2020-07-31,KLAC,0.01008335933932866
2020-07-31,KR,0.013207780543064302
2020-07-31,KSU,0.003408459494984336
2020-07-31,LLY,0.01221364652369387
2020-07-31,LOW,0.004686631805603462
2020-07-31,LRCX,0.010651435921826049
2020-07-31,MAS,0.002698363766862599
2020-07-31,MCO,0.006816918989968672
2020-07-31,MKC,0.0009941340193704313
2020-07-31,MKTX,0.0063908615530956295
2020-07-31,MSCI,0.01178758908682083
2020-07-31,MSFT,0.012923742251815607
2020-07-31,NDAQ,0.0062488424074712825
2020-07-31,NEE,0.004118555223106072
2020-07-31,NEM,0.011503550795572134
2020-07-31,NFLX,0.009941340193704313
2020-07-31,NKE,0.0001420191456243474
2020-07-31,NVDA,0.013491818834312996
2020-07-31,PLD,0.005964804116222587
2020-07-31,PYPL,0.009515282756831271
2020-07-31,QCOM,0.005538746679349546
2020-07-31,QRVO,0.007100957281217366
2020-07-31,REGN,0.012639703960566913
2020-07-31,RMD,0.011929608232445174
2020-07-31,ROK,0.0049706700968521565
2020-07-31,ROL,0.006674899844344325
2020-07-31,SBAC,0.007242976426841714
2020-07-31,SNPS,0.0105094167762017
2020-07-31,SPGI,0.008095091300587798
2020-07-31,SWKS,0.00795307215496345
2020-07-31,TGT,0.006106823261846935
2020-07-31,TIF,0.00426057436873042
2020-07-31,TMO,0.009373263611206923
2020-07-31,TMUS,0.008947206174333882
2020-07-31,TSCO,0.0015622106018678206
2020-07-31,UNH,0.0008521148737460839
2020-07-31,VRTX,0.013065761397439955
2020-07-31,WMT,0.0018462488931165156
2020-07-31,ZTS,0.005396727533725198
2020-08-31,A,0.009345885062495863
2020-08-31,AAPL,0.014169567675396955
2020-08-31,ABBV,0.009647365225802182
2020-08-31,ABC,0.010401065634067976
2020-08-31,ABMD,0.0007537004082657955
2020-08-31,ADBE,0.012511426777212203
2020-08-31,ADSK,0.0099488453891085
2020-08-31,AKAM,0.009195144980842705
2020-08-31,ALGN,0.003768502041328977
2020-08-31,AMAT,0.00497442269455425
2020-08-31,AMD,0.013717347430437477
2020-08-31,AMZN,0.012662166858865363
2020-08-31,ANSS,0.01160698628729325
2020-08-31,APD,0.002261101224797386
2020-08-31,ATVI,0.014320307757050114
2020-08-31,BBY,0.004220722286288454
2020-08-31,BLK,0.008742924735883228
2020-08-31,BMY,0.002562581388103705
2020-08-31,CAG,0.0016581408981847499
2020-08-31,CAH,0.005275902857860568
2020-08-31,CDNS,0.011004025960680614
2020-08-31,CHTR,0.008893664817536387
2020-08-31,CLX,0.014018827593743795
2020-08-31,CMG,0.0006029603266126363
2020-08-31,CMI,0.001808880979837909
2020-08-31,CNC,0.0040699822046352955
2020-08-31,CRM,0.0019596210614910682
2020-08-31,CTXS,0.007989224327617431
2020-08-31,DG,0.002713321469756863
2020-08-31,DHR,0.009798105307455342
2020-08-31,DLR,0.008139964409270591
2020-08-31,DRE,0.004522202449594772
2020-08-31,DVA,0.011908466450599568
2020-08-31,EA,0.01341586726713116
2020-08-31,EBAY,0.0004522202449594773
2020-08-31,EQIX,0.012963647022171681
2020-08-31,EXPD,0.0024118413064505456
2020-08-31,FAST,0.01175772636894641
2020-08-31,FB,0.005577383021166886
2020-08-31,FBHS,0.0033162817963694998
2020-08-31,FMC,0.0039192421229821365
2020-08-31,FTNT,0.010551805715721136
2020-08-31,GIS,0.0009044404899189546
2020-08-31,GOOG,0.003165541714716341
2020-08-31,GOOGL,0.0034670218780226587
2020-08-31,GWW,0.0001507400816531591
2020-08-31,HRL,0.0012059206532252726
2020-08-31,HUM,0.004672942531247931
2020-08-31,IDXX,0.006180343347779523
2020-08-31,ILMN,0.0066325635927389995
2020-08-31,INFO,0.001507400816531591
2020-08-31,IPGP,0.007386264001004796
2020-08-31,ISRG,0.007084783837698477
2020-08-31,ITW,0.002110361143144227
2020-08-31,JKHY,0.009496625144149022
2020-08-31,KLAC,0.008441444572576909
2020-08-31,KR,0.012812906940518523
2020-08-31,KSU,0.006029603266126364
2020-08-31,LIN,0.007838484245964273
2020-08-31,LLY,0.008290704490923749
2020-08-31,LRCX,0.012360686695559045
2020-08-31,MAS,0.005426642939513728
2020-08-31,MCO,0.006481823511085841
2020-08-31,MKC,0.00030148016330631814
2020-08-31,MNST,0.005728123102820046
2020-08-31,MSCI,0.013265127185477999
2020-08-31,MSFT,0.013114387103824841
2020-08-31,MTD,0.009044404899189545
2020-08-31,MXIM,0.001356660734878432
2020-08-31,NDAQ,0.0069340437560453175
2020-08-31,NEE,0.004823682612901091
2020-08-31,NEM,0.012059206532252727
2020-08-31,NFLX,0.013566607348784319
2020-08-31,NVDA,0.014471047838703273
2020-08-31,PCAR,0.003617761959675818
2020-08-31,PKI,0.006783303674392159
2020-08-31,PLD,0.007687744164311113
2020-08-31,PYPL,0.011154766042333772
2020-08-31,QCOM,0.005878863184473205
2020-08-31,QRVO,0.010250325552414818
2020-08-31,REGN,0.013868087512090635
2020-08-31,RMD,0.01130550612398693
2020-08-31,ROK,0.005125162776207409
2020-08-31,ROL,0.010853285879027456
2020-08-31,SBAC,0.004371462367941614
2020-08-31,SNPS,0.008592184654230069
2020-08-31,SPGI,0.007235523919351636
2020-08-31,SWKS,0.012209946613905887
2020-08-31,TIF,0.007537004082657954
2020-08-31,TMO,0.010702545797374296
2020-08-31,TMUS,0.010099585470761658
2020-08-31,TSCO,0.006331083429432682
2020-08-31,UNH,0.002864061551410023
2020-08-31,VAR,0.003014801633063182
2020-08-31,VRTX,0.011456246205640092
2020-08-31,WMT,0.0010551805715721136
2020-09-30,A,0.007222441834165121
2020-09-30,ABBV,0.0006280384203621852
2020-09-30,ABC,0.008635528279980036
2020-09-30,ABMD,0.007536461044346213
2020-09-30,ABT,0.005966364993440752
2020-09-30,ADBE,0.014287874063239695
2020-09-30,ADSK,0.010205624330885496
2020-09-30,AKAM,0.009106557095251674
2020-09-30,ALGN,0.0042392593374447445
2020-09-30,AMD,0.014601893273420787
2020-09-30,AMGN,0.003297201706901468
2020-09-30,AMZN,0.013973854853058604
2020-09-30,ANSS,0.011775720381790956
2020-09-30,APD,0.0034542113119920143
2020-09-30,ATVI,0.014444883668330242
2020-09-30,BBY,0.005495336178169113
2020-09-30,BLK,0.008321509069798944
2020-09-30,BMY,0.0009420576305432765
2020-09-30,CCI,0.0012560768407243689
2020-09-30,CDNS,0.01287478761742478
2020-09-30,CHTR,0.010048614725794951
2020-09-30,CLX,0.013502826037786964
2020-09-30,CMG,0.005809355388350205
2020-09-30,CNC,0.003925240127263653
2020-09-30,COST,0.007379451439255667
2020-09-30,CRM,0.010676653146157134
2020-09-30,CTXS,0.00486729775780693
2020-09-30,DG,0.00800748985961785
2020-09-30,DHR,0.008792537885070582
2020-09-30,DVA,0.01208973959197205
2020-09-30,EA,0.012717778012334233
2020-09-30,EBAY,0.0003140192101810922
2020-09-30,EQIX,0.013188806827605872
2020-09-30,ETN,0.0025121536814487378
2020-09-30,EXPD,0.0021981344712676456
2020-09-30,FAST,0.010990672356338226
2020-09-30,FB,0.010833662751247681
2020-09-30,FBHS,0.0036112209170825606
2020-09-30,FCX,0.0015700960509054608
2020-09-30,FDX,0.005338326573078567
2020-09-30,FMC,0.001413086445814915
2020-09-30,FTNT,0.009577585910523313
2020-09-30,GOOG,0.006751413018893482
2020-09-30,GOOGL,0.006594403413802936
2020-09-30,HUM,0.01051964354106659
2020-09-30,IDXX,0.007065432229074574
2020-09-30,INTU,0.0018841152610865532
2020-09-30,ISRG,0.006280384203621843
2020-09-30,ITW,0.0023551440763581915
2020-09-30,JBHT,0.0007850480254527304
2020-09-30,KLAC,0.004082249732354199
2020-09-30,KR,0.012246749197062597
2020-09-30,KSU,0.004396268942535291
2020-09-30,LIN,0.00565234578325966
2020-09-30,LLY,0.0069084226239840285
2020-09-30,LOW,0.0050243073628974755
2020-09-30,LRCX,0.004553278547625838
2020-09-30,MA,0.0020411248661770993
2020-09-30,MAS,0.0037682305221731064
2020-09-30,MCO,0.00973459551561386
2020-09-30,MKC,0.007850480254527305
2020-09-30,MKTX,0.0017271056559960071
2020-09-30,MNST,0.00926356670034222
2020-09-30,MSCI,0.013816845247968057
2020-09-30,MSFT,0.014130864458149149
2020-09-30,MTD,0.009420576305432766
2020-09-30,NDAQ,0.00769347064943676
2020-09-30,NEM,0.012560768407243687
2020-09-30,NFLX,0.014758902878511334
2020-09-30,NVDA,0.014915912483601879
2020-09-30,PGR,0.0010990672356338228
2020-09-30,PKI,0.002983182496720376
2020-09-30,PYPL,0.013031797222515327
2020-09-30,QCOM,0.009891605120704404
2020-09-30,QRVO,0.008949547490161127
2020-09-30,REGN,0.01365983564287751
2020-09-30,RMD,0.006123374598531298
2020-09-30,ROK,0.00282617289162983
2020-09-30,ROL,0.01130469156651932
2020-09-30,SBAC,0.008478518674889489
2020-09-30,SNPS,0.01161871077670041
2020-09-30,SPGI,0.010362633935976043
2020-09-30,SWKS,0.011932729986881503
2020-09-30,TGT,0.0031401921018109217
2020-09-30,TMO,0.011461701171609866
2020-09-30,TMUS,0.01240375880215314
2020-09-30,TSCO,0.011147681961428773
2020-09-30,TTWO,0.00643739380871239
2020-09-30,UNH,0.008164499464708397
2020-09-30,UPS,0.0004710288152716383
2020-09-30,V,0.0001570096050905461
2020-09-30,VAR,0.004710288152716383
2020-09-30,VRTX,0.013345816432696419
2020-09-30,WMT,0.0026691632865392836
2020-09-30,ZTS,0.005181316967988021
2020-10-31,A,0.010227530538502854
2020-10-31,ABC,0.006598406799034099
2020-10-31,ABT,0.007423207648913362
2020-10-31,ACN,0.0009897610198551148
2020-10-31,ADBE,0.015341295807754281
2020-10-31,ADSK,0.009897610198551149
2020-10-31,AKAM,0.010557450878454559
2020-10-31,ALB,0.004288964419372165
2020-10-31,AMD,0.015176335637778428
2020-10-31,AMZN,0.014516494957875018
2020-10-31,ANSS,0.012536972918164788
2020-10-31,APD,0.009567689858599444
2020-10-31,ATVI,0.015011375467802575
2020-10-31,AVGO,0.0021444822096860824
2020-10-31,AWK,0.0011547211898309674
2020-10-31,BBY,0.005278725439227279
2020-10-31,BLK,0.003959044079420459
2020-10-31,BLL,0.0019795220397102295
2020-10-31,CAG,0.0024744025496377872
2020-10-31,CCI,0.006763366969009952
2020-10-31,CDNS,0.013856654277971607
2020-10-31,CHD,0.005608645779178984
2020-10-31,CHRW,0.006433446629058247
2020-10-31,CHTR,0.006103526289106541
2020-10-31,CL,0.00032992033995170496
2020-10-31,CLX,0.014351534787899167
2020-10-31,CMG,0.008907849178696034
2020-10-31,COST,0.009072809348671886
2020-10-31,CRM,0.008248008498792623
2020-10-31,DE,0.0041240042493963115
2020-10-31,DG,0.011712172068285526
2020-10-31,DHR,0.013691694107995757
2020-10-31,DVA,0.012701933088140641
2020-10-31,EA,0.01187713223826138
2020-10-31,EBAY,0.005443685609203132
2020-10-31,EQIX,0.01336177376804405
2020-10-31,ETN,0.0008248008498792623
2020-10-31,EXPD,0.008742889008720181
2020-10-31,FAST,0.0029692830595653454
2020-10-31,FB,0.004783844929299722
2020-10-31,FBHS,0.003134243229541197
2020-10-31,FCX,0.0036291237394687546
2020-10-31,FDX,0.011217291558357968
2020-10-31,FTNT,0.004453924589348017
2020-10-31,GIS,0.0049488050992755744
2020-10-31,HRL,0.002309442379661935
2020-10-31,HUM,0.008083048328816771
2020-10-31,IDXX,0.007093287308961657
2020-10-31,IEX,0.0004948805099275574
2020-10-31,INTU,0.0034641635694929018
2020-10-31,ISRG,0.00461888475932387
2020-10-31,JKHY,0.0016496016997585247
2020-10-31,KR,0.013526733938019904
2020-10-31,KSU,0.002804322889589492
2020-10-31,LB,0.0032992033995170493
2020-10-31,LIN,0.0013196813598068194
2020-10-31,LLY,0.007258247478937509
2020-10-31,LOW,0.006268486459082394
2020-10-31,MCO,0.007918088158840918
2020-10-31,MKC,0.0026393627196136396
2020-10-31,MNST,0.01072241104843041
2020-10-31,MSCI,0.014846415297826723
2020-10-31,MSFT,0.01402161444794746
2020-10-31,MTD,0.011547211898309673
2020-10-31,NDAQ,0.0014846415297826727
2020-10-31,NEM,0.012207052578213083
2020-10-31,NFLX,0.015506255977730135
2020-10-31,NKE,0.010062570368527002
2020-10-31,NVDA,0.015671216147705985
2020-10-31,PGR,0.010887371218406263
2020-10-31,PKI,0.008412968668768476
2020-10-31,PYPL,0.014186574617923314
2020-10-31,QCOM,0.009732650028575297
2020-10-31,QRVO,0.00857792883874433
2020-10-31,REGN,0.013196813598068197
2020-10-31,ROL,0.00923776951864774
2020-10-31,SBAC,0.014681455127850872
2020-10-31,SHW,0.0006598406799034099
2020-10-31,SNPS,0.012866893258116494
2020-10-31,SPGI,0.010392490708478705
2020-10-31,SWKS,0.011052331388382117
2020-10-31,TGT,0.007588167818889214
2020-10-31,TMO,0.013031853428092344
2020-10-31,TMUS,0.012042092408237231
2020-10-31,TSCO,0.012372012748188936
2020-10-31,TTWO,0.009402729688623592
2020-10-31,TWTR,0.003794083909444607
2020-10-31,UNH,0.0018145618697343775
2020-10-31,UNP,0.00016496016997585248
2020-10-31,UPS,0.00593856611913069
2020-10-31,VAR,0.0057736059491548366
2020-10-31,VRSK,0.005113765269251427
2020-10-31,VRTX,0.011382251728333822
2020-10-31,WMT,0.0069283271389858035
2020-10-31,ZTS,0.007753127988865067
2020-11-30,A,0.009459556216633759
2020-11-30,ABC,0.005025389240086685
2020-11-30,ABT,0.006651250464820612
2020-11-30,ADBE,0.011085417441367686
2020-11-30,ADSK,0.0029561113176980493
2020-11-30,ALB,0.006946861596590417
2020-11-30,ALGN,0.008424917255439441
2020-11-30,AMD,0.011972250836677101
2020-11-30,AMZN,0.013154695363756321
2020-11-30,ANSS,0.0014780556588490246
2020-11-30,APD,0.0005912222635396092
2020-11-30,ATVI,0.012711278666101614
2020-11-30,AWK,0.008868333953094148
2020-11-30,BBY,0.0028083057518131474
2020-11-30,BLK,0.006355639333050807
2020-11-30,BLL,0.01123322300725259
2020-11-30,CAG,0.0010346389611943173
2020-11-30,CCI,0.006503444898935709
2020-11-30,CDNS,0.012859084231986515
2020-11-30,CHD,0.005912222635396099
2020-11-30,CHTR,0.008277111689554539
2020-11-30,CL,0.008720528387209247
2020-11-30,CLX,0.013450306495526126
2020-11-30,CMG,0.008572722821324345
2020-11-30,CMI,0.0013302500929641223
2020-11-30,COST,0.010494195177828076
2020-11-30,CPRT,0.0008868333953094148
2020-11-30,CRM,0.006207833767165904
2020-11-30,CTVA,0.006799056030705514
2020-11-30,DE,0.009607361782518661
2020-11-30,DG,0.012267861968446906
2020-11-30,DHR,0.013893723193180834
2020-11-30,DLR,0.0042863614106621725
2020-11-30,DVA,0.004877583674201781
2020-11-30,EA,0.00354733358123766
2020-11-30,EBAY,0.0038429447130074647
2020-11-30,EQIX,0.011528834139022393
2020-11-30,ETN,0.0001478055658849025
2020-11-30,EXPD,0.007538083860130026
2020-11-30,FAST,0.003399528015352757
2020-11-30,FB,0.005616611503626295
2020-11-30,FCX,0.005173194805971587
2020-11-30,FDX,0.010937611875482783
2020-11-30,GOOG,0.004729778108316879
2020-11-30,GOOGL,0.004581972542431977
2020-11-30,HD,0.0016258612247339271
2020-11-30,HOLX,0.0004434166976547074
2020-11-30,IDXX,0.013598112061411028
2020-11-30,INTU,0.0025126946200433424
2020-11-30,IPGP,0.005468805937741392
2020-11-30,KLAC,0.003990750278892367
2020-11-30,KR,0.007094667162475319
2020-11-30,LB,0.002217083488273537
2020-11-30,LOW,0.005321000371856489
2020-11-30,LRCX,0.003695139147122562
2020-11-30,MCO,0.0007390278294245123
2020-11-30,MKTX,0.0032517224494678543
2020-11-30,MNST,0.007390278294245124
2020-11-30,MSCI,0.011381028573137492
2020-11-30,MSFT,0.010642000743712979
2020-11-30,MTD,0.011824445270792199
2020-11-30,MXIM,0.006060028201281002
2020-11-30,NEM,0.012563473100216712
2020-11-30,NFLX,0.014041528759065737
2020-11-30,NKE,0.007981500557784734
2020-11-30,NOW,0.01374591762729593
2020-11-30,NVDA,0.014189334324950637
2020-11-30,PG,0.0019214723565037324
2020-11-30,PGR,0.009902972914288466
2020-11-30,PKI,0.009163945084863954
2020-11-30,PWR,0.009755167348403563
2020-11-30,PYPL,0.012120056402562003
2020-11-30,QCOM,0.010789806309597881
2020-11-30,REGN,0.009016139518979052
2020-11-30,RMD,0.0076858894260149295
2020-11-30,ROL,0.013006889797871417
2020-11-30,SBAC,0.01005077848017337
2020-11-30,SHW,0.0011824445270792198
2020-11-30,SNPS,0.012415667534331808
2020-11-30,SPGI,0.00236488905415844
2020-11-30,SWKS,0.009311750650748856
2020-11-30,TGT,0.0002956111317698046
2020-11-30,TMO,0.013302500929641223
2020-11-30,TMUS,0.011676639704907295
2020-11-30,TSCO,0.01019858404605827
2020-11-30,TTWO,0.007242472728360222
2020-11-30,TWTR,0.004138555844777269
2020-11-30,TXN,0.0026605001859282447
2020-11-30,UPS,0.004434166976547074
2020-11-30,VAR,0.003103916883582952
2020-11-30,VRSK,0.005764417069511196
2020-11-30,WEC,0.0020692779223886347
2020-11-30,WMT,0.008129306123669636
2020-11-30,XEL,0.0017736667906188297
2020-11-30,XLNX,0.007833694991899832
2020-11-30,ZTS,0.010346389611943174
2020-12-31,A,0.010840360598338164
2020-12-31,ABC,0.01217455882582594
2020-12-31,ABMD,0.008171964143362615
2020-12-31,ABT,0.005003243353079153
2020-12-31,ADBE,0.012007784047389967
2020-12-31,ADSK,0.010006486706158306
2020-12-31,AKAM,0.0011674234490518024
2020-12-31,ALB,0.010173261484594277
2020-12-31,ALGN,0.010340036263030249
2020-12-31,AMD,0.013508757053313713
2020-12-31,AMZN,0.014009081388621628
2020-12-31,ANSS,0.008839063257106502
2020-12-31,ATVI,0.012841657939569826
2020-12-31,AVGO,0.0020012973412316614
2020-12-31,AWK,0.008338738921798587
2020-12-31,BLK,0.01050681104146622
2020-12-31,BLL,0.01500973005923746
2020-12-31,CAT,0.001500973005923746
2020-12-31,CCI,0.004336144239335266
2020-12-31,CDNS,0.014842955280801486
2020-12-31,CHD,0.0016677477843597176
2020-12-31,CHTR,0.009672937149286362
2020-12-31,CL,0.011173910155210107
2020-12-31,CLX,0.01250810838269788
2020-12-31,CMG,0.009172612813978447
2020-12-31,CMI,0.004002594682463323
2020-12-31,COST,0.013842306610185654
2020-12-31,CRM,0.006003892023694984
2020-12-31,CSX,0.0005003243353079153
2020-12-31,CTVA,0.0038358199040273502
2020-12-31,DE,0.012341333604261909
2020-12-31,DG,0.014509405723929543
2020-12-31,DHR,0.013008432718005796
2020-12-31,DVA,0.011841009268953994
2020-12-31,EA,0.001000648670615831
2020-12-31,EBAY,0.002668396454975548
2020-12-31,EQIX,0.0061706668021309545
2020-12-31,ETN,0.006504216359002898
2020-12-31,EXPD,0.0006670991137438867
2020-12-31,FAST,0.006837765915874842
2020-12-31,FB,0.004169369460899294
2020-12-31,FCX,0.008005189364926646
2020-12-31,FDX,0.014342630945493571
2020-12-31,GLW,0.0008338738921798589
2020-12-31,GOOG,0.00567034246682304
2020-12-31,GOOGL,0.005336792909951096
2020-12-31,HD,0.00283517123341152
2020-12-31,IDXX,0.01601037872985329
2020-12-31,INFO,0.003669045125591379
2020-12-31,INTU,0.0071713154727467854
2020-12-31,IPGP,0.00750486502961873
2020-12-31,ISRG,0.0003335495568719435
2020-12-31,J,0.0023348468981036047
2020-12-31,KLAC,0.00850551370023456
2020-12-31,KR,0.0018345225627956893
2020-12-31,LB,0.009339387592414419
2020-12-31,LRCX,0.009005838035542476
2020-12-31,MCK,0.007004540694310814
2020-12-31,MKTX,0.004836468574643181
2020-12-31,MNST,0.007338090251182758
2020-12-31,MSCI,0.015176504837673431
2020-12-31,MSFT,0.01134068493364608
2020-12-31,MTD,0.013341982274877743
2020-12-31,MXIM,0.007838414586490674
2020-12-31,NEM,0.004502919017771237
2020-12-31,NFLX,0.015843603951417318
2020-12-31,NKE,0.0076716398080547005
2020-12-31,NOW,0.015676829172981348
2020-12-31,NVDA,0.01617715350828926
2020-12-31,PGR,0.003335495568719435
2020-12-31,PKI,0.006337441580566927
2020-12-31,PWR,0.012674883161133854
2020-12-31,PYPL,0.014676180502365516
2020-12-31,QCOM,0.013675531831749684
2020-12-31,QRVO,0.001334198227487774
2020-12-31,REGN,0.003001946011847492
2020-12-31,RMD,0.009506162370850389
2020-12-31,ROL,0.015343279616109401
2020-12-31,SBAC,0.006670991137438871
2020-12-31,SHW,0.0046696937962072095
2020-12-31,SNPS,0.014175856167057601
2020-12-31,SPGI,0.003502270347155407
2020-12-31,STE,0.0051700181315151245
2020-12-31,TGT,0.005503567688387068
2020-12-31,TMO,0.01317520749644177
2020-12-31,TMUS,0.015510054394545374
2020-12-31,TSCO,0.011674234490518022
2020-12-31,TTWO,0.011007135376774136
2020-12-31,TWTR,0.005837117245259011
2020-12-31,TXN,0.0025016216765395764
2020-12-31,UPS,0.008672288478670532
2020-12-31,VRSK,0.009839711927722334
2020-12-31,WMT,0.011507459712082052
2020-12-31,XLNX,0.010673585819902192
2020-12-31,XYL,0.00016677477843597176
2020-12-31,ZBRA,0.002168072119667633
2020-12-31,ZTS,0.0031687207902834635
2021-01-31,A,0.012897696415144188
2021-01-31,ABBV,0.0008834038640509719
2021-01-31,ABC,0.003003573137773304
2021-01-31,ABMD,0.00971744250456069
2021-01-31,ABT,0.002473530819342721
2021-01-31,ADBE,0.010954207914232052
2021-01-31,ADI,0.00017668077281019436
2021-01-31,ADSK,0.010070804050181079
2021-01-31,ALB,0.008834038640509717
2021-01-31,ALGN,0.015017865688866523
2021-01-31,ALXN,0.0093640809589403
2021-01-31,AMAT,0.0021201692737223324
2021-01-31,AMD,0.012721015642333995
2021-01-31,AMZN,0.013251057960764577
2021-01-31,ANSS,0.005830465502736414
2021-01-31,AOS,0.00406365777463447
2021-01-31,ATVI,0.016431311871348078
2021-01-31,AVGO,0.00848067709488933
2021-01-31,BLK,0.008303996322079135
2021-01-31,BLL,0.009010719413319913
2021-01-31,CAT,0.013074377187954383
2021-01-31,CDNS,0.01660799264415827
2021-01-31,CHRW,0.0007067230912407774
2021-01-31,CHTR,0.0022968500465325274
2021-01-31,CL,0.0015901269552917492
2021-01-31,CLX,0.009894123277370884
2021-01-31,CMG,0.007773954003648552
2021-01-31,CMI,0.008657357867699524
2021-01-31,COST,0.00812731554926894
2021-01-31,CTVA,0.004947061638685442
2021-01-31,DE,0.0157245887801073
2021-01-31,DG,0.013604419506384968
2021-01-31,DHR,0.009540761731750497
2021-01-31,DVA,0.012190973323903412
2021-01-31,EA,0.006537188593977191
2021-01-31,EBAY,0.005123742411495637
2021-01-31,EL,0.006007146275546609
2021-01-31,EQIX,0.004593700093065054
2021-01-31,ETN,0.0028268923649631098
2021-01-31,EXPD,0.011660931005472828
2021-01-31,FAST,0.007067230912407775
2021-01-31,FB,0.0010600846368611664
2021-01-31,FCX,0.013957781052005356
2021-01-31,FDX,0.013427738733574772
2021-01-31,FFIV,0.001943488500912138
2021-01-31,GLW,0.0005300423184305831
2021-01-31,GWW,0.003180253910583499
2021-01-31,IDXX,0.01696135418977866
2021-01-31,INTU,0.0047703808658752485
2021-01-31,IPGP,0.014311142597625743
2021-01-31,ISRG,0.010424165595801468
2021-01-31,KEYS,0.007597273230838357
2021-01-31,KLAC,0.011484250232662634
2021-01-31,KR,0.004240338547444665
2021-01-31,LIN,0.0017668077281019438
2021-01-31,LRCX,0.006360507821166998
2021-01-31,MKTX,0.010247484822991274
2021-01-31,MNST,0.00689055013959758
2021-01-31,MSCI,0.015547908007297105
2021-01-31,MSFT,0.007420592458028163
2021-01-31,MTD,0.014841184916056327
2021-01-31,MU,0.0014134461824815549
2021-01-31,MXIM,0.011130888687042245
2021-01-31,NEM,0.0003533615456203891
2021-01-31,NFLX,0.016784673416968463
2021-01-31,NKE,0.0125443348695238
2021-01-31,NOW,0.01378110027919516
2021-01-31,NVDA,0.017138034962588852
2021-01-31,ORCL,0.006183827048356803
2021-01-31,PKG,0.012014292551093217
2021-01-31,PKI,0.011307569459852439
2021-01-31,PWR,0.015194546461676714
2021-01-31,PYPL,0.01607795032572769
2021-01-31,QCOM,0.01537122723448691
2021-01-31,QRVO,0.007950634776458746
2021-01-31,REGN,0.002650211592152915
2021-01-31,RMD,0.00530042318430583
2021-01-31,SHW,0.003886977001824276
2021-01-31,SIVB,0.0044170193202548585
2021-01-31,SNPS,0.015901269552917492
2021-01-31,STE,0.001236765409671361
2021-01-31,SWKS,0.0035336154562038875
2021-01-31,TGT,0.010777527141421857
2021-01-31,TMO,0.01413446182481555
2021-01-31,TMUS,0.01625463109853788
2021-01-31,TSCO,0.012367654096713606
2021-01-31,TTWO,0.014664504143246132
2021-01-31,TWTR,0.01060084636861166
2021-01-31,TXN,0.006713869366787386
2021-01-31,UNH,0.0056537847299262195
2021-01-31,UPS,0.011837611778283023
2021-01-31,URI,0.009187400186130108
2021-01-31,VRSK,0.003356934683393693
2021-01-31,WMT,0.00724391168521797
2021-01-31,XLNX,0.01448782337043594
2021-01-31,ZBRA,0.005477103957116026
2021-01-31,ZTS,0.0037102962290140817
2021-02-28,A,0.015272659566306312
2021-02-28,ABC,0.0085908710060473
2021-02-28,ABMD,0.016227200789200456
2021-02-28,ABT,0.014890843077148651
2021-02-28,ADM,0.005536339092786038
2021-02-28,AES,0.0011454494674729733
2021-02-28,AKAM,0.00171817420120946
2021-02-28,ALB,0.008972687495204959
2021-02-28,ALGN,0.017563558501252255
2021-02-28,ALXN,0.008781779250626127
2021-02-28,AMAT,0.00515452260362838
2021-02-28,AMD,0.007254513293995498
2021-02-28,AMZN,0.012790852386781534
2021-02-28,ANET,0.00343634840241892
2021-02-28,ANSS,0.01030904520725676
2021-02-28,AOS,0.009163595739783786
2021-02-28,ATVI,0.015654476055463967
2021-02-28,AVGO,0.01355448536509685
2021-02-28,AVY,0.0028636236686824332
2021-02-28,AWK,0.006109063826522524
2021-02-28,BLK,0.011454494674729733
2021-02-28,BLL,0.002099990690367118
2021-02-28,CAT,0.0171817420120946
2021-02-28,CDNS,0.017945374990409917
2021-02-28,CLX,0.008399962761468472
2021-02-28,CMG,0.012981760631360365
2021-02-28,CMI,0.012599944142202706
2021-02-28,COST,0.004390889625313064
2021-02-28,CTVA,0.008018146272310813
2021-02-28,DD,0.009736320473520273
2021-02-28,DE,0.018327191479567573
2021-02-28,DG,0.004963614359049552
2021-02-28,DHR,0.01546356781088514
2021-02-28,DVA,0.011072678185572076
2021-02-28,EA,0.007827238027731984
2021-02-28,EBAY,0.00668178856025901
2021-02-28,EMN,0.0024818071795247756
2021-02-28,EQIX,0.007445421538574326
2021-02-28,EXPD,0.005918155581943695
2021-02-28,FCX,0.01641810903377928
2021-02-28,FDX,0.007063605049416668
2021-02-28,FFIV,0.00687269680483784
2021-02-28,GLW,0.0057272473373648665
2021-02-28,GM,0.0013363577120518021
2021-02-28,GOOG,0.0022908989349459466
2021-02-28,GOOGL,0.001909082445788289
2021-02-28,HOLX,0.00019090824457882886
2021-02-28,IDXX,0.018136283234988743
2021-02-28,ILMN,0.009545412228941444
2021-02-28,IP,0.0032454401578400913
2021-02-28,IPGP,0.014318118343412164
2021-02-28,ISRG,0.002672715424103604
2021-02-28,JBHT,0.003627256646997749
2021-02-28,KEYS,0.01011813696267793
2021-02-28,KLAC,0.015845384300042797
2021-02-28,KR,0.006490880315680183
2021-02-28,LLY,0.010690861696414417
2021-02-28,LOW,0.004772706114470722
2021-02-28,LRCX,0.0053454308482072084
2021-02-28,MKTX,0.00820905451688964
2021-02-28,MNST,0.003054531913261262
2021-02-28,MSCI,0.0015272659566306305
2021-02-28,MSFT,0.012218127653045047
2021-02-28,MTD,0.01737265025667343
2021-02-28,MU,0.0005727247337364866
2021-02-28,MXIM,0.01202721940846622
2021-02-28,NDAQ,0.0009545412228941445
2021-02-28,NFLX,0.014509026587990996
2021-02-28,NKE,0.01049995345183559
2021-02-28,NOW,0.015081751321727482
2021-02-28,NVDA,0.01660901727835811
2021-02-28,NWL,0.003818164891576578
2021-02-28,PCAR,0.006299972071101353
2021-02-28,PKG,0.014699934832569825
2021-02-28,PKI,0.013172668875939193
2021-02-28,PWR,0.013936301854254509
2021-02-28,PYPL,0.016799925522936944
2021-02-28,QCOM,0.017754466745831088
2021-02-28,QRVO,0.010881769940993246
2021-02-28,SHW,0.0003818164891576576
2021-02-28,SIVB,0.01336357712051802
2021-02-28,SNPS,0.01699083376751577
2021-02-28,SWKS,0.01374539360967568
2021-02-28,TGT,0.014127210098833337
2021-02-28,TMO,0.0185180997241464
2021-02-28,TMUS,0.0040090731361554065
2021-02-28,TSCO,0.012409035897623879
2021-02-28,TTWO,0.016036292544621626
2021-02-28,TXN,0.009927228718099102
2021-02-28,UNH,0.004581797869891893
2021-02-28,UPS,0.011645402919308562
2021-02-28,URI,0.01183631116388739
2021-02-28,VAR,0.0007636329783153155
2021-02-28,VIAC,0.004199981380734236
2021-02-28,WMT,0.007636329783153156
2021-02-28,XLNX,0.011263586430150904
2021-02-28,ZBRA,0.009354503984362616
2021-03-31,A,0.015936771609274102
2021-03-31,ABMD,0.008712101813069844
2021-03-31,ADM,0.017211713338016035
2021-03-31,AES,0.010624514406182737
2021-03-31,ALB,0.012324436711171975
2021-03-31,ALGN,0.019974087083623547
2021-03-31,AMAT,0.014874320168655832
2021-03-31,AMP,0.011049494982430047
2021-03-31,AOS,0.010199533829935428
2021-03-31,APTV,0.016786732761768723
2021-03-31,ATVI,0.00849961152494619
2021-03-31,AVGO,0.017636693914263344
2021-03-31,AVY,0.01296190757554294
2021-03-31,BLK,0.006162218355585987
2021-03-31,CAT,0.019124125931128926
2021-03-31,CDNS,0.018061674490510653
2021-03-31,CE,0.005737237779338678
2021-03-31,CFG,0.0040373154743494405
2021-03-31,CMA,0.0010624514406182737
2021-03-31,CMG,0.011261985270553701
2021-03-31,CMI,0.01699922304989238
2021-03-31,COF,0.0019124125931128926
2021-03-31,CTVA,0.015511791033026795
2021-03-31,DE,0.019761596795499888
2021-03-31,DFS,0.008924592101193498
2021-03-31,DHR,0.0012749417287419278
2021-03-31,DISCA,0.010837004694306391
2021-03-31,DISCK,0.005312257203091368
2021-03-31,DOW,0.0006374708643709642
2021-03-31,DRI,0.0014874320168655833
2021-03-31,EMN,0.013599378439913903
2021-03-31,ETN,0.007224669796204261
2021-03-31,EXPE,0.008074630948698881
2021-03-31,F,0.014661829880532176
2021-03-31,FCX,0.020399067659870856
2021-03-31,FDX,0.006799689219956951
2021-03-31,FITB,0.006374708643709642
2021-03-31,FRC,0.0076496503724515705
2021-03-31,GLW,0.009137082389317154
2021-03-31,GM,0.009349572677440809
2021-03-31,GOOG,0.007012179508080606
2021-03-31,GOOGL,0.006587198931833297
2021-03-31,GPS,0.016149261897397762
2021-03-31,GS,0.005949728067462333
2021-03-31,IDXX,0.019336616219252582
2021-03-31,INTU,0.00021249028812365473
2021-03-31,IPGP,0.015086810456779487
2021-03-31,IR,0.005099766914967714
2021-03-31,IVZ,0.0027623737456075118
2021-03-31,JCI,0.014236849304284866
2021-03-31,KEYS,0.003612334898102131
2021-03-31,KLAC,0.017849184202386997
2021-03-31,KSU,0.0029748640337311665
2021-03-31,LB,0.01827416477863431
2021-03-31,LRCX,0.01253692699929563
2021-03-31,MCHP,0.0055247474912150235
2021-03-31,MGM,0.0033998446099784757
2021-03-31,MLM,0.0046747863387204035
2021-03-31,MOS,0.014449339592408522
2021-03-31,MS,0.009987043541811774
2021-03-31,MTD,0.010412024118059082
2021-03-31,MU,0.009562062965564465
2021-03-31,MXIM,0.016361752185521414
2021-03-31,NKE,0.0031873543218548205
2021-03-31,NOW,0.013811868728037559
2021-03-31,NVDA,0.015299300744903141
2021-03-31,NWS,0.008287121236822535
2021-03-31,NWSA,0.011899456134924666
2021-03-31,ODFL,0.004249805762473095
2021-03-31,PCAR,0.0016999223049892374
2021-03-31,PH,0.004462296050596749
2021-03-31,PKG,0.007437160084327916
2021-03-31,PNR,0.004887276626844059
2021-03-31,PWR,0.018699145354881614
2021-03-31,PYPL,0.018911635643005274
2021-03-31,QCOM,0.009774553253688117
2021-03-31,QRVO,0.014024359016161213
2021-03-31,RF,0.007862140660575225
2021-03-31,RJF,0.0008499611524946189
2021-03-31,SIVB,0.019549106507376235
2021-03-31,SNA,0.002549883457483857
2021-03-31,SNPS,0.013174397863666594
2021-03-31,SWKS,0.017424203626139688
2021-03-31,SYF,0.0021249028812365474
2021-03-31,TEL,0.011474475558677356
2021-03-31,TGT,0.013386888151790248
2021-03-31,TPR,0.012749417287419284
2021-03-31,TSCO,0.01168696584680101
2021-03-31,TWTR,0.01572428132115045
2021-03-31,TXN,0.01211194642304832
2021-03-31,UAA,0.0023373931693602018
2021-03-31,URI,0.01848665506675796
2021-03-31,VIAC,0.0201865773717472
2021-03-31,VMC,0.0038248251862257852
2021-03-31,WHR,0.00042498057624730946
2021-03-31,ZBRA,0.01657424247364507
2021-04-30,A,0.014517147065011572
2021-04-30,ADM,0.015779507679360403
2021-04-30,AES,0.017041868293709236
2021-04-30,AIG,0.00042078687144961075
2021-04-30,ALB,0.006522196507468967
2021-04-30,ALGN,0.01788344203660846
2021-04-30,ALK,0.001051967178624027
2021-04-30,AMAT,0.016621081422259626
2021-04-30,AMP,0.017673048600883652
2021-04-30,AOS,0.0061014096360193565
2021-04-30,AVGO,0.013254786450662739
2021-04-30,AVY,0.014306753629286767
2021-04-30,CARR,0.018725015779507678
2021-04-30,CAT,0.019776982958131708
2021-04-30,CBRE,0.00547022932884494
2021-04-30,CE,0.012623606143488323
2021-04-30,CFG,0.01409636019356196
2021-04-30,CMA,0.016200294550810016
2021-04-30,CMI,0.007994950557542605
2021-04-30,COF,0.009257311171891438
2021-04-30,CTVA,0.014937933936461182
2021-04-30,DE,0.020197769829581318
2021-04-30,DFS,0.016831474857984433
2021-04-30,DOW,0.0023143277929728594
2021-04-30,EMN,0.0031559015358720802
2021-04-30,ETN,0.013044393014937934
2021-04-30,EXPE,0.009678098043341047
2021-04-30,F,0.01914580265095729
2021-04-30,FBHS,0.009046917736166631
2021-04-30,FCX,0.01998737639385651
2021-04-30,FDX,0.01094045865768988
2021-04-30,FITB,0.01598990111508521
2021-04-30,GLW,0.015148327372185988
2021-04-30,GM,0.017252261729434042
2021-04-30,GPS,0.019356196086682095
2021-04-30,GRMN,0.00820534399326741
2021-04-30,GS,0.0029455081001472753
2021-04-30,HBAN,0.008415737428992216
2021-04-30,HBI,0.003787081843046497
2021-04-30,HPQ,0.007784557121817799
2021-04-30,HWM,0.006732589943193772
2021-04-30,IDXX,0.0071533768146433835
2021-04-30,IP,0.010309278350515464
2021-04-30,IPG,0.005891016200294551
2021-04-30,IRM,0.002103934357248054
2021-04-30,IVZ,0.017462655165158845
2021-04-30,J,0.0035766884073216917
2021-04-30,JCI,0.02040816326530612
2021-04-30,JPM,0.00273511466442247
2021-04-30,KEY,0.004839049021670524
2021-04-30,KLAC,0.013885966757837155
2021-04-30,KSU,0.014727540500736377
2021-04-30,LB,0.0195665895224069
2021-04-30,LEN,0.0014727540500736377
2021-04-30,LOW,0.00021039343572480537
2021-04-30,LRCX,0.01283399957921313
2021-04-30,MHK,0.010098884914790659
2021-04-30,MLM,0.010730065221965075
2021-04-30,MOS,0.018935409215232485
2021-04-30,MS,0.007363770250368188
2021-04-30,MTD,0.005680622764569746
2021-04-30,MXIM,0.008626130864717021
2021-04-30,NSC,0.003997475278771302
2021-04-30,NVDA,0.0012623606143488328
2021-04-30,NWL,0.008836524300441826
2021-04-30,NWS,0.006942983378918578
2021-04-30,NWSA,0.01367557332211235
2021-04-30,ODFL,0.0006311803071744164
2021-04-30,PH,0.007574163686092994
2021-04-30,PNR,0.01641068798653482
2021-04-30,PPG,0.009467704607616242
2021-04-30,PWR,0.01830422890805807
2021-04-30,PYPL,0.0025247212286976656
2021-04-30,QRVO,0.009888491479065854
2021-04-30,RF,0.010519671786240269
2021-04-30,RJF,0.015569114243635598
2021-04-30,SCHW,0.0008415737428992215
2021-04-30,SEE,0.0018935409215232485
2021-04-30,SIVB,0.018093835472333262
2021-04-30,SNA,0.011571638964864297
2021-04-30,SWK,0.015358720807910793
2021-04-30,SWKS,0.012413212707763518
2021-04-30,SYF,0.012202819272038713
2021-04-30,TEL,0.011782032400589101
2021-04-30,TGT,0.006311803071744161
2021-04-30,TPR,0.011150852093414685
2021-04-30,TRV,0.005049442457395329
2021-04-30,TSCO,0.003366294971596887
2021-04-30,TT,0.013465179886387544
2021-04-30,TXN,0.011992425836313906
2021-04-30,TXT,0.011361245529139492
2021-04-30,UA,0.001683147485798443
2021-04-30,UAA,0.004628655585945719
2021-04-30,URI,0.018514622343782875
2021-04-30,VIAC,0.005259835893120134
2021-04-30,VMC,0.004418262150220913
2021-04-30,WHR,0.004207868714496108
2021-05-31,A,0.003997475278771303
2021-05-31,ADM,0.014937933936461182
2021-05-31,AES,0.018725015779507678
2021-05-31,ALGN,0.01788344203660846
2021-05-31,AMAT,0.009257311171891438
2021-05-31,AMP,0.013885966757837155
2021-05-31,APTV,0.012202819272038713
2021-05-31,AVGO,0.00547022932884494
2021-05-31,AVY,0.016621081422259626
2021-05-31,BLK,0.00273511466442247
2021-05-31,CARR,0.015779507679360403
2021-05-31,CAT,0.01830422890805807
2021-05-31,CBRE,0.008626130864717021
2021-05-31,CDW,0.007784557121817799
2021-05-31,CE,0.011361245529139492
2021-05-31,CFG,0.014306753629286767
2021-05-31,CINF,0.00042078687144961075
2021-05-31,CMA,0.017041868293709236
2021-05-31,CMI,0.01283399957921313
2021-05-31,COF,0.017462655165158845
2021-05-31,CTVA,0.014517147065011572
2021-05-31,DE,0.019776982958131708
2021-05-31,DFS,0.018093835472333262
2021-05-31,DOV,0.003787081843046497
2021-05-31,DRI,0.006522196507468967
2021-05-31,DXC,0.0025247212286976647
2021-05-31,EMN,0.007363770250368188
2021-05-31,ETN,0.013254786450662739
2021-05-31,EXPE,0.002103934357248054
2021-05-31,EXR,0.00021039343572480537
2021-05-31,F,0.012413212707763518
2021-05-31,FCX,0.02040816326530612
2021-05-31,FDX,0.007994950557542605
2021-05-31,FITB,0.01998737639385651
2021-05-31,FRC,0.006942983378918578
2021-05-31,GLW,0.011782032400589101
2021-05-31,GM,0.00820534399326741
2021-05-31,GOOG,0.003366294971596886
2021-05-31,GOOGL,0.0031559015358720807
2021-05-31,GPS,0.0195665895224069
2021-05-31,GS,0.0012623606143488324
2021-05-31,HBAN,0.0061014096360193565
2021-05-31,HBI,0.012623606143488323
2021-05-31,HPQ,0.015358720807910793
2021-05-31,HWM,0.004207868714496108
2021-05-31,IDXX,0.005680622764569746
2021-05-31,IP,0.015569114243635598
2021-05-31,IPG,0.010309278350515464
2021-05-31,IVZ,0.019356196086682095
2021-05-31,J,0.0023143277929728594
2021-05-31,JCI,0.020197769829581318
2021-05-31,KEY,0.009888491479065854
2021-05-31,KLAC,0.0006311803071744164
2021-05-31,KSU,0.011150852093414685
2021-05-31,L,0.004628655585945719
2021-05-31,LB,0.017252261729434042
2021-05-31,LRCX,0.009678098043341047
2021-05-31,MAA,0.0014727540500736377
2021-05-31,MET,0.004839049021670524
2021-05-31,MHK,0.007574163686092994
2021-05-31,MLM,0.013044393014937934
2021-05-31,MOS,0.01914580265095729
2021-05-31,MS,0.0008415737428992213
2021-05-31,MTD,0.0029455081001472753
2021-05-31,MXIM,0.005891016200294551
2021-05-31,NSC,0.009467704607616242
2021-05-31,NWL,0.010098884914790659
2021-05-31,PNR,0.01409636019356196
2021-05-31,PPG,0.005259835893120134
2021-05-31,PRU,0.0035766884073216917
2021-05-31,PVH,0.011571638964864297
2021-05-31,PWR,0.018514622343782875
2021-05-31,QRVO,0.010519671786240269
2021-05-31,RF,0.013465179886387544
2021-05-31,RJF,0.015148327372185988
2021-05-31,SCHW,0.009046917736166631
2021-05-31,SIVB,0.018935409215232485
2021-05-31,SNA,0.016831474857984433
2021-05-31,SWK,0.0063118030717441605
2021-05-31,SYF,0.01641068798653482
2021-05-31,TEL,0.010730065221965075
2021-05-31,TFC,0.005049442457395329
2021-05-31,TGT,0.001051967178624027
2021-05-31,TPR,0.017673048600883652
2021-05-31,TT,0.01367557332211235
2021-05-31,TXN,0.006732589943193772
2021-05-31,TXT,0.008415737428992216
2021-05-31,UA,0.014727540500736377
2021-05-31,UAA,0.016200294550810016
2021-05-31,UPS,0.004418262150220913
2021-05-31,URI,0.01598990111508521
2021-05-31,USB,0.001683147485798443
2021-05-31,VMC,0.011992425836313906
2021-05-31,WHR,0.01094045865768988
2021-05-31,WRK,0.0071533768146433835
2021-05-31,WY,0.0018935409215232485
2021-05-31,XYL,0.008836524300441826
2021-06-30,A,0.013811585240156668
2021-06-30,ADM,0.015873015873015872
2021-06-30,AES,0.00494743351886209
2021-06-30,ALGN,0.012780869923727067
2021-06-30,AMAT,0.0045351473922902496
2021-06-30,AMP,0.015254586683158112
2021-06-30,APTV,0.012574726860441147
2021-06-30,AVY,0.016697588126159554
2021-06-30,BAC,0.0035044320758606472
2021-06-30,BLK,0.005359719645433931
2021-06-30,BRKB,0.002886002886002886
2021-06-30,CARR,0.01422387136672851
2021-06-30,CAT,0.01875901875901876
2021-06-30,CBRE,0.007627293341579056
2021-06-30,CE,0.015048443619872192
2021-06-30,CFG,0.014017728303442589
2021-06-30,CINF,0.003916718202432488
2021-06-30,CMA,0.016491445062873634
2021-06-30,CMI,0.011337868480725623
2021-06-30,COF,0.019583591012162442
2021-06-30,CTVA,0.0030921459492888066
2021-06-30,DE,0.01834673263244692
2021-06-30,DFS,0.017316017316017316
2021-06-30,DOV,0.0032982890125747267
2021-06-30,DOW,0.0006184291898577613
2021-06-30,DRI,0.0012368583797155224
2021-06-30,DXC,0.010513296227581941
2021-06-30,EMN,0.013193156050298907
2021-06-30,ETN,0.011131725417439703
2021-06-30,EXPD,0.00020614306328592042
2021-06-30,EXR,0.006184291898577613
2021-06-30,F,0.01463615749330035
2021-06-30,FCX,0.019995877138734283
2021-06-30,FDX,0.008039579468150896
2021-06-30,FITB,0.019789734075448363
2021-06-30,FRC,0.011750154607297465
2021-06-30,GM,0.012162440733869306
2021-06-30,GOOG,0.0018552875695732839
2021-06-30,GOOGL,0.0020614306328592042
2021-06-30,GPS,0.01030715316429602
2021-06-30,GS,0.0055658627087198514
2021-06-30,HBAN,0.00968872397443826
2021-06-30,HCA,0.0070088641517212944
2021-06-30,IP,0.017728303442589157
2021-06-30,IPG,0.013399299113584827
2021-06-30,IRM,0.0041228612657184084
2021-06-30,IVZ,0.017109874252731395
2021-06-30,J,0.007215007215007216
2021-06-30,JCI,0.020202020202020204
2021-06-30,JPM,0.006596578025149453
2021-06-30,KEY,0.011956297670583385
2021-06-30,KSU,0.012987012987012988
2021-06-30,L,0.008245722531436817
2021-06-30,LB,0.01896516182230468
2021-06-30,LH,0.00041228612657184083
2021-06-30,LKQ,0.008658008658008658
2021-06-30,MAA,0.005772005772005772
2021-06-30,MET,0.00474129045557617
2021-06-30,MLM,0.008451865594722737
2021-06-30,MOS,0.01937744794887652
2021-06-30,MSI,0.006802721088435374
2021-06-30,MXIM,0.0074211502782931356
2021-06-30,NSC,0.009070294784580499
2021-06-30,NUE,0.008864151721294579
2021-06-30,NWSA,0.00515357658214801
2021-06-30,PNC,0.0026798598227169654
2021-06-30,PNR,0.01855287569573284
2021-06-30,PPG,0.0059781488352916926
2021-06-30,PRU,0.010719439290867862
2021-06-30,PSA,0.0008245722531436817
2021-06-30,PVH,0.009894867037724181
2021-06-30,PWR,0.017522160379303237
2021-06-30,RF,0.016079158936301793
2021-06-30,RJF,0.01443001443001443
2021-06-30,SCHW,0.015460729746444033
2021-06-30,SEE,0.006390434961863534
2021-06-30,SIVB,0.0191713048855906
2021-06-30,SNA,0.017934446505875078
2021-06-30,STX,0.0037105751391465678
2021-06-30,SWK,0.001030715316429602
2021-06-30,SYF,0.01566687280972995
2021-06-30,TEL,0.010101010101010102
2021-06-30,TFC,0.007833436404864976
2021-06-30,TGT,0.010925582354153782
2021-06-30,TPR,0.016903731189445475
2021-06-30,TROW,0.0016491445062873633
2021-06-30,TT,0.016285301999587713
2021-06-30,TXN,0.0024737167594310458
2021-06-30,TXT,0.00927643784786642
2021-06-30,UA,0.00948258091115234
2021-06-30,UAA,0.012368583797155226
2021-06-30,UNM,0.004329004329004329
2021-06-30,URI,0.013605442176870748
2021-06-30,VMC,0.011544011544011544
2021-06-30,WAT,0.001443001443001443
2021-06-30,WHR,0.0022675736961451243
2021-06-30,WRK,0.01484230055658627
2021-06-30,XYL,0.018140589569160998
2021-07-31,A,0.017041868293709236
2021-07-31,ADI,0.002103934357248054
2021-07-31,AES,0.013254786450662739
2021-07-31,ALGN,0.014937933936461182
2021-07-31,AMAT,0.008626130864717021
2021-07-31,AMP,0.013465179886387544
2021-07-31,AOS,0.007363770250368188
2021-07-31,APTV,0.017673048600883652
2021-07-31,AVGO,0.006522196507468967
2021-07-31,AVY,0.01598990111508521
2021-07-31,BAC,0.0018935409215232485
2021-07-31,BLK,0.003366294971596886
2021-07-31,CARR,0.01094045865768988
2021-07-31,CAT,0.0077845571218178
2021-07-31,CBRE,0.013044393014937934
2021-07-31,CFG,0.011782032400589101
2021-07-31,CMA,0.011150852093414685
2021-07-31,COF,0.02040816326530612
2021-07-31,DE,0.015569114243635598
2021-07-31,DFS,0.0195665895224069
2021-07-31,DOV,0.0025247212286976647
2021-07-31,DRI,0.012202819272038713
2021-07-31,DVN,0.007574163686092994
2021-07-31,DXC,0.01367557332211235
2021-07-31,EMR,0.0012623606143488324
2021-07-31,ETN,0.01283399957921313
2021-07-31,EXR,0.013885966757837155
2021-07-31,F,0.015779507679360403
2021-07-31,FCX,0.018725015779507678
2021-07-31,FITB,0.01788344203660846
2021-07-31,FOXA,0.004628655585945719
2021-07-31,FRC,0.010309278350515464
2021-07-31,GE,0.0071533768146433835
2021-07-31,GM,0.01641068798653482
2021-07-31,GOOG,0.009888491479065856
2021-07-31,GOOGL,0.009678098043341047
2021-07-31,GPS,0.01830422890805807
2021-07-31,GRMN,0.001051967178624027
2021-07-31,GS,0.01409636019356196
2021-07-31,HWM,0.006732589943193772
2021-07-31,INTU,0.004207868714496108
2021-07-31,IP,0.018093835472333262
2021-07-31,IPG,0.011992425836313906
2021-07-31,IT,0.007994950557542605
2021-07-31,IVZ,0.01998737639385651
2021-07-31,J,0.0008415737428992213
2021-07-31,JCI,0.020197769829581318
2021-07-31,JPM,0.0029455081001472753
2021-07-31,KEY,0.0014727540500736377
2021-07-31,KEYS,0.011571638964864297
2021-07-31,LB,0.012623606143488323
2021-07-31,LKQ,0.005259835893120134
2021-07-31,MAA,0.014727540500736377
2021-07-31,MGM,0.006942983378918578
2021-07-31,MHK,0.014517147065011572
2021-07-31,MLM,0.009467704607616242
2021-07-31,MOS,0.015148327372185988
2021-07-31,MS,0.005891016200294551
2021-07-31,MSI,0.016200294550810016
2021-07-31,MXIM,0.0035766884073216917
2021-07-31,NKE,0.00042078687144961075
2021-07-31,NTAP,0.0023143277929728594
2021-07-31,NUE,0.008415737428992216
2021-07-31,NVDA,0.0031559015358720807
2021-07-31,NWL,0.00273511466442247
2021-07-31,NWSA,0.001683147485798443
2021-07-31,OKE,0.008836524300441826
2021-07-31,PAYX,0.004839049021670524
2021-07-31,PNC,0.010519671786240269
2021-07-31,PNR,0.017462655165158845
2021-07-31,PPG,0.00021039343572480575
2021-07-31,PRU,0.00547022932884494
2021-07-31,PSA,0.015358720807910793
2021-07-31,PVH,0.00820534399326741
2021-07-31,PWR,0.016831474857984433
2021-07-31,RF,0.006311803071744162
2021-07-31,RHI,0.0006311803071744162
2021-07-31,RJF,0.016621081422259626
2021-07-31,SCHW,0.019776982958131708
2021-07-31,SEE,0.009257311171891438
2021-07-31,SIVB,0.019356196086682095
2021-07-31,SPG,0.009046917736166631
2021-07-31,STX,0.010098884914790659
2021-07-31,SYF,0.01914580265095729
2021-07-31,TEL,0.005049442457395329
2021-07-31,TGT,0.017252261729434042
2021-07-31,TPR,0.018935409215232485
2021-07-31,TT,0.004418262150220913
2021-07-31,TXN,0.011361245529139492
2021-07-31,TXT,0.010730065221965075
2021-07-31,UA,0.005680622764569746
2021-07-31,UAA,0.0037870818430464966
2021-07-31,URI,0.012413212707763518
2021-07-31,VMC,0.0039974752787713015
2021-07-31,WAT,0.0061014096360193565
2021-07-31,WRK,0.014306753629286767
2021-07-31,XYL,0.018514622343782875
2021-08-31,A,0.018725015779507678
2021-08-31,ADI,0.004628655585945719
2021-08-31,ADP,0.011150852093414685
2021-08-31,ALB,0.007363770250368188
2021-08-31,ALGN,0.018935409215232485
2021-08-31,AMAT,0.012413212707763518
2021-08-31,AMP,0.015358720807910793
2021-08-31,AOS,0.004839049021670524
2021-08-31,APTV,0.017462655165158845
2021-08-31,AVGO,0.0025247212286976647
2021-08-31,AVY,0.01641068798653482
2021-08-31,BLK,0.0029455081001472753
2021-08-31,CARR,0.018093835472333262
2021-08-31,CBRE,0.016621081422259626
2021-08-31,CDW,0.010730065221965075
2021-08-31,CE,0.005259835893120134
2021-08-31,CFG,0.00021039343572480489
2021-08-31,CMA,0.006522196507468967
2021-08-31,COF,0.020197769829581318
2021-08-31,DE,0.007994950557542605
2021-08-31,DFS,0.0195665895224069
2021-08-31,DHR,0.003997475278771302
2021-08-31,DOV,0.008626130864717021
2021-08-31,DRI,0.003366294971596885
2021-08-31,DVN,0.001051967178624027
2021-08-31,DXC,0.009046917736166631
2021-08-31,EMN,0.0018935409215232485
2021-08-31,ESS,0.001683147485798443
2021-08-31,ETN,0.012202819272038713
2021-08-31,EXR,0.017252261729434042
2021-08-31,F,0.01094045865768988
2021-08-31,FCX,0.014306753629286767
2021-08-31,FITB,0.01283399957921313
2021-08-31,FRC,0.014517147065011572
2021-08-31,FTNT,0.013885966757837155
2021-08-31,GE,0.006942983378918577
2021-08-31,GM,0.005680622764569746
2021-08-31,GOOG,0.010098884914790659
2021-08-31,GOOGL,0.011571638964864297
2021-08-31,GRMN,0.007784557121817799
2021-08-31,GS,0.011992425836313906
2021-08-31,HCA,0.010519671786240269
2021-08-31,IDXX,0.015779507679360403
2021-08-31,INTU,0.004418262150220913
2021-08-31,IP,0.011361245529139492
2021-08-31,IPG,0.017041868293709236
2021-08-31,IQV,0.00273511466442247
2021-08-31,IT,0.01367557332211235
2021-08-31,IVZ,0.019356196086682095
2021-08-31,J,0.0014727540500736377
2021-08-31,JCI,0.02040816326530612
2021-08-31,KEYS,0.017673048600883652
2021-08-31,KLAC,0.005049442457395329
2021-08-31,LH,0.01788344203660846
2021-08-31,LKQ,0.0023143277929728594
2021-08-31,LRCX,0.005891016200294551
2021-08-31,MAA,0.01830422890805807
2021-08-31,MHK,0.016831474857984433
2021-08-31,MLM,0.015569114243635598
2021-08-31,MS,0.00820534399326741
2021-08-31,MSI,0.01409636019356196
2021-08-31,MTD,0.007574163686092994
2021-08-31,NDAQ,0.006311803071744161
2021-08-31,NUE,0.011782032400589101
2021-08-31,OKE,0.013044393014937934
2021-08-31,ORCL,0.006732589943193772
2021-08-31,OTIS,0.0031559015358720807
2021-08-31,PAYX,0.012623606143488324
2021-08-31,PNC,0.0035766884073216917
2021-08-31,PNR,0.01998737639385651
2021-08-31,PSA,0.014937933936461182
2021-08-31,PWR,0.004207868714496108
2021-08-31,RF,0.0006311803071744164
2021-08-31,RHI,0.010309278350515464
2021-08-31,RJF,0.013254786450662739
2021-08-31,SCHW,0.015148327372185988
2021-08-31,SIVB,0.01598990111508521
2021-08-31,SPG,0.00547022932884494
2021-08-31,STX,0.009888491479065854
2021-08-31,SYF,0.014727540500736377
2021-08-31,TEL,0.009467704607616242
2021-08-31,TGT,0.013465179886387544
2021-08-31,TPR,0.016200294550810016
2021-08-31,TROW,0.009678098043341047
2021-08-31,TT,0.019776982958131708
2021-08-31,TXT,0.0037870818430464966
2021-08-31,UA,0.008415737428992216
2021-08-31,UAA,0.008836524300441826
2021-08-31,UDR,0.0008415737428992215
2021-08-31,URI,0.0071533768146433835
2021-08-31,VMC,0.009257311171891438
2021-08-31,WAT,0.018514622343782875
2021-08-31,WELL,0.002103934357248054
2021-08-31,WFC,0.0061014096360193565
2021-08-31,XRAY,0.00042078687144961075
2021-08-31,XYL,0.01914580265095729
2021-08-31,ZBRA,0.0012623606143488324
2021-09-30,A,0.015330919610407374
2021-09-30,ADP,0.0031719144021532496
2021-09-30,AIG,0.005462741470375041
2021-09-30,ALB,0.009339525739673457
2021-09-30,ALGN,0.011982787741467833
2021-09-30,AMAT,0.006520046271092791
2021-09-30,AMP,0.013392527475758165
2021-09-30,AVY,0.009868178140032333
2021-09-30,BK,0.0029956969353669583
2021-09-30,BLK,0.008106003472169415
2021-09-30,CARR,0.01392117987611704
2021-09-30,CBRE,0.010749265473963791
2021-09-30,CDW,0.008458438405742
2021-09-30,CMA,0.008282220938955708
2021-09-30,COF,0.016564441877911416
2021-09-30,DE,0.0063438288043065
2021-09-30,DFS,0.014626049743262206
2021-09-30,DHR,0.001409739734290333
2021-09-30,DOV,0.0077535685385968335
2021-09-30,DRE,0.005286524003588749
2021-09-30,DVN,0.008810873339314582
2021-09-30,DXC,0.002819479468580666
2021-09-30,EMR,0.006167611337520208
2021-09-30,ESS,0.0035243493357258334
2021-09-30,ETN,0.011277917874322665
2021-09-30,EXR,0.015154702143621081
2021-09-30,FCX,0.0058151764039476245
2021-09-30,FITB,0.008987090806100875
2021-09-30,FRC,0.012159005208254125
2021-09-30,FTNT,0.01603578947755254
2021-09-30,GE,0.01709309427827029
2021-09-30,GOOG,0.014273614809689623
2021-09-30,GOOGL,0.014978484676834792
2021-09-30,GRMN,0.013568744942544458
2021-09-30,GS,0.012335222675040416
2021-09-30,HBAN,0.0003524349335725833
2021-09-30,HCA,0.010396830540391207
2021-09-30,IDXX,0.009163308272887166
2021-09-30,INTU,0.009691960673246042
2021-09-30,IPG,0.015859572010766248
2021-09-30,IQV,0.004581654136443583
2021-09-30,IRM,0.010220613073604915
2021-09-30,IT,0.014802267210048499
2021-09-30,IVZ,0.012863875075399291
2021-09-30,JCI,0.016916876811484
2021-09-30,JPM,0.0022908270682217916
2021-09-30,KEYS,0.015683354543979955
2021-09-30,KLAC,0.00017621746678629126
2021-09-30,L,0.0007048698671451665
2021-09-30,LH,0.01621200694433883
2021-09-30,LKQ,0.010044395606818624
2021-09-30,MAA,0.013744962409330748
2021-09-30,MHK,0.010573048007177498
2021-09-30,MLM,0.003700566802512125
2021-09-30,MOS,0.0033481318689395413
2021-09-30,MS,0.011630352807895249
2021-09-30,MSCI,0.00105730480071775
2021-09-30,MSFT,0.004405436669657291
2021-09-30,MSI,0.014097397342903334
2021-09-30,MTD,0.007224916138237958
2021-09-30,NDAQ,0.012511440141826707
2021-09-30,NTAP,0.005638958937161332
2021-09-30,NUE,0.011454135341108958
2021-09-30,ODFL,0.0019383921346492084
2021-09-30,OKE,0.011101700407536374
2021-09-30,OTIS,0.0012335222675040416
2021-09-30,PAYX,0.002643262001794374
2021-09-30,PNC,0.0021146096014355
2021-09-30,PNR,0.016388224411125123
2021-09-30,PRU,0.004757871603229875
2021-09-30,PSA,0.00863465587252829
2021-09-30,PWR,0.010925482940750082
2021-09-30,RHI,0.007929786005383124
2021-09-30,RJF,0.013040092542185583
2021-09-30,RMD,0.0008810873339314583
2021-09-30,ROK,0.004229219202871
2021-09-30,SCHW,0.01180657027468154
2021-09-30,SIVB,0.013216310008971874
2021-09-30,SNPS,0.001585957201076625
2021-09-30,SPG,0.006872481204665374
2021-09-30,STX,0.0005286524003588755
2021-09-30,SYF,0.00951574320645975
2021-09-30,TEL,0.005110306536802458
2021-09-30,TGT,0.002467044535008083
2021-09-30,TPR,0.004934089070016166
2021-09-30,TROW,0.014449832276475916
2021-09-30,TT,0.012687657608613
2021-09-30,TXT,0.0075773510718105406
2021-09-30,UA,0.005991393870733917
2021-09-30,UAA,0.004053001736084708
2021-09-30,URI,0.007401133605024249
2021-09-30,WAT,0.016740659344697706
2021-09-30,WFC,0.001762174667862917
2021-09-30,WST,0.0038767842692984168
2021-09-30,XYL,0.015507137077193667
2021-09-30,ZBRA,0.007048698671451668
2021-09-30,ZION,0.0066962637378790825
2021-10-31,A,0.004214125141030216
2021-10-31,AIG,0.0022475334085494494
2021-10-31,ALB,0.005899775197442304
2021-10-31,AMAT,0.006461658549579667
2021-10-31,AMP,0.011097196204712906
2021-10-31,AON,0.0001404708380343406
2021-10-31,APA,0.00238800424658379
2021-10-31,AVB,0.003792712626927196
2021-10-31,AXP,0.0035117709508585143
2021-10-31,BAC,0.008568721120094776
2021-10-31,BK,0.0018261208944464276
2021-10-31,CBOE,0.007725896091888732
2021-10-31,CBRE,0.009832958662403841
2021-10-31,CF,0.0025284750846181307
2021-10-31,CFG,0.004073654302995877
2021-10-31,CMA,0.007023541901717029
2021-10-31,COF,0.013063787937193675
2021-10-31,COP,0.0051974210072706015
2021-10-31,CTLT,0.002668945922652471
2021-10-31,DFS,0.008287779444026094
2021-10-31,DRI,0.003652241788892855
2021-10-31,DVN,0.013204258775228015
2021-10-31,EOG,0.00744495441582005
2021-10-31,EQR,0.006321187711545326
2021-10-31,ESS,0.0049164793312019206
2021-10-31,F,0.0005618833521373623
2021-10-31,FANG,0.012642375423090652
2021-10-31,FITB,0.011237667042747248
2021-10-31,FOX,0.0021070625705151085
2021-10-31,FOXA,0.010254371176506863
2021-10-31,FRC,0.0029498875987211525
2021-10-31,FRT,0.001404708380343406
2021-10-31,FTNT,0.013344729613262355
2021-10-31,GD,0.003090358436755493
2021-10-31,GE,0.013625671289331035
2021-10-31,GOOG,0.008709191958129116
2021-10-31,GOOGL,0.010113900338472523
2021-10-31,GRMN,0.0008428250282060436
2021-10-31,GS,0.010675783690609885
2021-10-31,HCA,0.011659079556850267
2021-10-31,HES,0.005759304359407964
2021-10-31,HIG,0.003933183464961536
2021-10-31,INTU,0.011378137880781587
2021-10-31,IPG,0.012782846261124994
2021-10-31,IQV,0.0011237667042747245
2021-10-31,IRM,0.00941154614830082
2021-10-31,IT,0.012923317099159334
2021-10-31,IVZ,0.004354595979064558
2021-10-31,JCI,0.01194002123291895
2021-10-31,JPM,0.008006837767957412
2021-10-31,KEY,0.0015451792183777465
2021-10-31,KEYS,0.006180716873510985
2021-10-31,KIM,0.002809416760686812
2021-10-31,KLAC,0.0032308292747898334
2021-10-31,L,0.0016856500564120871
2021-10-31,LH,0.004495066817098898
2021-10-31,LKQ,0.005478362683339282
2021-10-31,LNC,0.0004214125141030218
2021-10-31,MAA,0.01222096290898763
2021-10-31,MOS,0.011518608718815928
2021-10-31,MPC,0.00730448357778571
2021-10-31,MRO,0.01208049207095329
2021-10-31,MS,0.010956725366678565
2021-10-31,MSCI,0.0033713001128241743
2021-10-31,MSFT,0.00463553765513324
2021-10-31,MSI,0.008990133634197798
2021-10-31,NDAQ,0.013485200451296697
2021-10-31,NTAP,0.010535312852575543
2021-10-31,ODFL,0.006883071063682689
2021-10-31,OKE,0.012361433747021972
2021-10-31,ORCL,0.00477600849316758
2021-10-31,OXY,0.007585425253854392
2021-10-31,PNC,0.006602129387614008
2021-10-31,PNR,0.008147308605991754
2021-10-31,PRU,0.009130604472232138
2021-10-31,PWR,0.00955201698633516
2021-10-31,PXD,0.008428250282060434
2021-10-31,REG,0.007866366929923072
2021-10-31,RHI,0.009973429500438181
2021-10-31,SCHW,0.00716401273975137
2021-10-31,SIVB,0.012501904585056312
2021-10-31,SPG,0.00927107531026648
2021-10-31,STX,0.000983295866240384
2021-10-31,SYF,0.011799550394884608
2021-10-31,TROW,0.005618833521373625
2021-10-31,TSCO,0.0050569501692362614
2021-10-31,TXN,0.0002809416760686812
2021-10-31,TXT,0.009692487824369501
2021-10-31,UDR,0.006742600225648349
2021-10-31,URI,0.008849662796163456
2021-10-31,WAT,0.0053378918453049415
2021-10-31,WELL,0.000702354190171703
2021-10-31,WFC,0.010816254528644226
2021-10-31,WST,0.001966591732480768
2021-10-31,XOM,0.006040246035476645
2021-10-31,XYL,0.0012642375423090654
2021-10-31,ZION,0.010394842014541203
2021-11-30,AAP,0.007571317331434119
2021-11-30,ACN,0.001962934122964401
2021-11-30,AJG,0.0025237724438113727
2021-11-30,AMP,0.010515718515880719
2021-11-30,AON,0.007991946072069347
2021-11-30,AVB,0.002243353283387887
2021-11-30,AVGO,0.00014020958021174293
2021-11-30,AZO,0.006169221529316689
2021-11-30,BAC,0.008272365232492833
2021-11-30,BIO,0.0009814670614822006
2021-11-30,BK,0.004486706566775774
2021-11-30,CBOE,0.010655928096092462
2021-11-30,CBRE,0.006589850269951918
2021-11-30,CINF,0.006870269430375404
2021-11-30,CMA,0.011076556836727692
2021-11-30,COF,0.008833203553339804
2021-11-30,CTLT,0.0029444011844466014
2021-11-30,DRE,0.003645449085505316
2021-11-30,DVN,0.012198233478421635
2021-11-30,DXCM,0.011497185577362921
2021-11-30,EOG,0.003224820344870087
2021-11-30,EQR,0.003925868245928802
2021-11-30,EXR,0.010796137676304206
2021-11-30,F,0.005608383208469718
2021-11-30,FANG,0.009954880195033747
2021-11-30,FITB,0.010235299355457235
2021-11-30,FOX,0.0012618862219056864
2021-11-30,FOXA,0.008412574812704576
2021-11-30,FRC,0.011917814317998151
2021-11-30,FTNT,0.013600329280539064
2021-11-30,GD,0.0016825149625409152
2021-11-30,GE,0.013319910120115578
2021-11-30,GOOG,0.011216766416939436
2021-11-30,GOOGL,0.01247865263884512
2021-11-30,GS,0.009674461034610263
2021-11-30,HCA,0.007290898171010632
2021-11-30,HES,0.00238356286359963
2021-11-30,HIG,0.002103143703176144
2021-11-30,INTU,0.012759071799268608
2021-11-30,IPG,0.008692993973128062
2021-11-30,IQV,0.005468173628257974
2021-11-30,IRM,0.011777604737786405
2021-11-30,IT,0.013039490959692092
2021-11-30,JCI,0.012618862219056864
2021-11-30,JNPR,0.004206287406352288
2021-11-30,JPM,0.0008412574812704573
2021-11-30,KEYS,0.006309431109528432
2021-11-30,KSU,0.005888802368893203
2021-11-30,LH,0.009113622713763292
2021-11-30,LKQ,0.010375508935668977
2021-11-30,LLY,0.005047544887622745
2021-11-30,LOW,0.004066077826140545
2021-11-30,MAA,0.012899281379480348
2021-11-30,MCO,0.002804191604234859
2021-11-30,MLM,0.0011216766416939435
2021-11-30,MMC,0.007851736491857605
2021-11-30,MOS,0.011356975997151178
2021-11-30,MRO,0.00855278439291632
2021-11-30,MS,0.0049073353074110026
2021-11-30,MSCI,0.003505239505293573
2021-11-30,MSFT,0.00953425145439852
2021-11-30,MSI,0.009814670614822005
2021-11-30,NDAQ,0.013460119700327322
2021-11-30,NFLX,0.0037856586657170595
2021-11-30,NTAP,0.003084610764658345
2021-11-30,NUE,0.004346496986564031
2021-11-30,ODFL,0.01009508977524549
2021-11-30,OKE,0.010936347256515948
2021-11-30,ORCL,0.012338443058633379
2021-11-30,ORLY,0.005748592788681461
2021-11-30,PLD,0.005187754467834488
2021-11-30,PNC,0.0015423053823291726
2021-11-30,PNR,0.009253832293975034
2021-11-30,PRU,0.00476712572719926
2021-11-30,PSA,0.006730059850163661
2021-11-30,PWR,0.012058023898209891
2021-11-30,PXD,0.007010479010587146
2021-11-30,REG,0.00028041916042348576
2021-11-30,RHI,0.00813215565228109
2021-11-30,RSG,0.001822724542752658
2021-11-30,SCHW,0.007711526911645861
2021-11-30,SIVB,0.013179700539903836
2021-11-30,SPG,0.006029011949104946
2021-11-30,SYF,0.0007010479010587153
2021-11-30,TROW,0.0071506885907988895
2021-11-30,TSCO,0.011637395157574662
2021-11-30,TXT,0.004626916146987517
2021-11-30,UDR,0.00042062874063522864
2021-11-30,URI,0.003365029925081831
2021-11-30,WAT,0.009394041874186776
2021-11-30,WFC,0.008973413133551548
2021-11-30,WMB,0.0026639820240231156
2021-11-30,WST,0.006449640689740174
2021-11-30,XOM,0.007431107751222375
2021-11-30,XYL,0.0014020958021174295
2021-11-30,ZION,0.005327964048046231
2021-11-30,ZTS,0.0005608383208469717
2021-12-31,AAP,0.003969675743862299
2021-12-31,ACN,0.00413507889985656
2021-12-31,ADI,0.003473466275879511
2021-12-31,ADP,0.0021502410279254118
2021-12-31,ALB,0.010420398827638533
2021-12-31,AMAT,0.01157822091959837
2021-12-31,AMD,0.002315644183919674
2021-12-31,AMP,0.009262576735678697
2021-12-31,AON,0.0008270157799713119
2021-12-31,APA,0.0019848378719311494
2021-12-31,AVB,0.014390074571500832
2021-12-31,AVGO,0.006946932551759022
2021-12-31,AZO,0.00810475464371886
2021-12-31,BAC,0.0024810473399139365
2021-12-31,CARR,0.003804272587868036
2021-12-31,CBOE,0.012074430387581157
2021-12-31,CBRE,0.004962094679827873
2021-12-31,CDW,0.0016540315599426244
2021-12-31,CF,0.007112335707753284
2021-12-31,CMA,0.004796691523833611
2021-12-31,COP,0.00611991677178771
2021-12-31,COST,0.007939351487724598
2021-12-31,DHR,0.007608545175736072
2021-12-31,DRE,0.00678152939576476
2021-12-31,DVN,0.016044106131443456
2021-12-31,EOG,0.005623707303804923
2021-12-31,EQR,0.013397655635535254
2021-12-31,ESS,0.012901446167552469
2021-12-31,ETN,0.0006616126239770497
2021-12-31,EXR,0.012736043011558208
2021-12-31,F,0.013232252479540995
2021-12-31,FANG,0.012570639855563946
2021-12-31,FITB,0.0064507230837762344
2021-12-31,FRC,0.005954513615793448
2021-12-31,FRT,0.01025499567164427
2021-12-31,FTNT,0.015878702975449195
2021-12-31,GE,0.01554789666346067
2021-12-31,GOOG,0.011412817763604107
2021-12-31,GOOGL,0.011909027231586896
2021-12-31,HD,0.00827015779971312
2021-12-31,INFO,0.005292900991816398
2021-12-31,INTU,0.013893865103518045
2021-12-31,IPG,0.006285319927781973
2021-12-31,IQV,0.0043004820558508235
2021-12-31,IRM,0.011247414607609847
2021-12-31,IT,0.014059268259512307
2021-12-31,JCI,0.015217090351472144
2021-12-31,JNPR,0.011082011451615583
2021-12-31,KEYS,0.010089592515650008
2021-12-31,KIM,0.011743624075592632
2021-12-31,KLAC,0.01356305879152952
2021-12-31,LH,0.010585801983632796
2021-12-31,LKQ,0.013066849323546733
2021-12-31,LOW,0.00876636726769591
2021-12-31,MAA,0.015382493507466406
2021-12-31,MLM,0.0009924189359655747
2021-12-31,MMC,0.008600964111701647
2021-12-31,MRO,0.009097173579684434
2021-12-31,MSFT,0.009758786203661484
2021-12-31,MSI,0.01372846194752378
2021-12-31,NDAQ,0.01571329981945493
2021-12-31,NUE,0.005789110459799185
2021-12-31,NVR,0.004465885211845086
2021-12-31,ODFL,0.014720880883489355
2021-12-31,OKE,0.01091660829562132
2021-12-31,ORCL,0.0029772568078967245
2021-12-31,ORLY,0.008931770423690172
2021-12-31,PAYX,0.001157822091959837
2021-12-31,PFG,0.0074431420197418096
2021-12-31,PLD,0.010751205139627058
2021-12-31,PNR,0.009924189359655746
2021-12-31,PRU,0.00033080631198852475
2021-12-31,PSA,0.007277738863747547
2021-12-31,PWR,0.008435560955707385
2021-12-31,PXD,0.0036388694318737736
2021-12-31,REG,0.01223983354357542
2021-12-31,RHI,0.014886284039483619
2021-12-31,ROK,0.0013232252479540994
2021-12-31,RSG,0.005127497835822135
2021-12-31,SCHW,0.001819434715936887
2021-12-31,SIVB,0.012405236699569682
2021-12-31,SPG,0.014555477727495096
2021-12-31,SPGI,0.0031426599638909865
2021-12-31,STX,0.009427979891672959
2021-12-31,TGT,0.0004962094679827873
2021-12-31,TMO,0.0028118536519024617
2021-12-31,TSCO,0.015051687195477883
2021-12-31,TXT,0.006616126239770498
2021-12-31,UDR,0.014224671415506568
2021-12-31,WFC,0.007773948331730335
2021-12-31,WM,0.003308063119885249
2021-12-31,WMB,0.00545830414781066
2021-12-31,WST,0.009593383047667221
2021-12-31,XLNX,0.001488628403948362
2021-12-31,ZBRA,0.00016540315599426243
2021-12-31,ZION,0.002646450495908199
2021-12-31,ZTS,0.004631288367839348
2022-01-31,AAP,0.009626501346236613
2022-01-31,ACN,0.011391359926379992
2022-01-31,ADP,0.009786943035340556
2022-01-31,AJG,0.003208833782078871
2022-01-31,AMAT,0.0062572258750537985
2022-01-31,AMP,0.008022084455197177
2022-01-31,AON,0.0001604416891039436
2022-01-31,AVB,0.015081518775770695
2022-01-31,AVGO,0.0054550174295340806
2022-01-31,AZO,0.012354010061003654
2022-01-31,CBOE,0.011872684993691823
2022-01-31,CBRE,0.00898473458982084
2022-01-31,CDW,0.003850600538494645
2022-01-31,CF,0.0059363424968459115
2022-01-31,CMA,0.003529717160286758
2022-01-31,COP,0.0025670670256630968
2022-01-31,COST,0.012514451750107597
2022-01-31,DOV,0.004011042227598589
2022-01-31,DPZ,0.0027275087147670403
2022-01-31,DRE,0.0099473847244445
2022-01-31,DVN,0.01540240215397858
2022-01-31,EQR,0.012835335128315485
2022-01-31,ESS,0.013477101884731257
2022-01-31,ETN,0.0051341340513261936
2022-01-31,EXPD,0.0006417667564157742
2022-01-31,EXR,0.013958426952043088
2022-01-31,F,0.009305617968028725
2022-01-31,FANG,0.00449236729491042
2022-01-31,FAST,0.0030483920929749273
2022-01-31,FRC,0.0024066253365591533
2022-01-31,FRT,0.011230918237276049
2022-01-31,FTNT,0.015562843843082522
2022-01-31,GD,0.0036901588493907012
2022-01-31,GE,0.014118868641147033
2022-01-31,GOOG,0.00770120107698929
2022-01-31,GOOGL,0.00946605965713267
2022-01-31,GPC,0.00497369236222225
2022-01-31,HCA,0.0019253002692473226
2022-01-31,HD,0.007219876009677459
2022-01-31,HSY,0.004652808984014363
2022-01-31,INFO,0.010749593169964218
2022-01-31,INTU,0.013156218506523371
2022-01-31,IPG,0.007540759387885347
2022-01-31,IQV,0.0057759008077419675
2022-01-31,IR,0.007059434320573516
2022-01-31,IRM,0.0060967841859498545
2022-01-31,IT,0.01492107708666675
2022-01-31,JBHT,0.001123091823727605
2022-01-31,JCI,0.013316660195627314
2022-01-31,JNPR,0.0073803176987814025
2022-01-31,KEYS,0.007861642766093234
2022-01-31,KIM,0.008663851211612951
2022-01-31,KLAC,0.010589151480860275
2022-01-31,LH,0.0033692754711828147
2022-01-31,LKQ,0.013637543573835202
2022-01-31,LOW,0.006417667564157742
2022-01-31,MAA,0.014600193708458864
2022-01-31,MCO,0.0016044168910394356
2022-01-31,MLM,0.0028879504038709838
2022-01-31,MMC,0.01267489343921154
2022-01-31,MRO,0.004331925605806476
2022-01-31,MS,0.0012835335128315484
2022-01-31,MSFT,0.004171483916702533
2022-01-31,MSI,0.014760635397562805
2022-01-31,NDAQ,0.015241960464874636
2022-01-31,NUE,0.009145176278924782
2022-01-31,ODFL,0.013797985262939145
2022-01-31,OKE,0.0020857419583512667
2022-01-31,ORCL,0.0008022084455197179
2022-01-31,ORLY,0.012995776817419426
2022-01-31,PAYX,0.010268268102652387
2022-01-31,PFE,0.0056154591186380245
2022-01-31,PFG,0.008824292900716896
2022-01-31,PLD,0.011070476548172104
2022-01-31,PNR,0.0017648585801433789
2022-01-31,PRU,0.0003208833782078871
2022-01-31,PSA,0.01042870979175633
2022-01-31,PWR,0.0065781092532616854
2022-01-31,REG,0.012193568371899709
2022-01-31,RHI,0.011551801615483935
2022-01-31,ROK,0.00224618364745521
2022-01-31,RSG,0.010107826413548444
2022-01-31,SBAC,0.0009626501346236613
2022-01-31,SCHW,0.0067385509423656285
2022-01-31,SEE,0.0052945757404301375
2022-01-31,SPG,0.012033126682795766
2022-01-31,SPGI,0.008503409522509008
2022-01-31,STX,0.008182526144301122
2022-01-31,TEL,0.0014439752019354919
2022-01-31,TSCO,0.014439752019354919
2022-01-31,TXT,0.011712243304587878
2022-01-31,UDR,0.014279310330250974
2022-01-31,WELL,0.00048132506731183065
2022-01-31,WFC,0.004813250673118307
2022-01-31,WM,0.008342967833405065
2022-01-31,WST,0.0068989926314695724
2022-01-31,ZTS,0.010910034859068161
2022-02-28,AAP,0.012421011511802083
2022-02-28,AAPL,0.011740408141292378
2022-02-28,ABC,0.0034030168525485158
2022-02-28,ACN,0.0035731676951759415
2022-02-28,ADM,0.00323286600992109
2022-02-28,AFL,0.01088965392815525
2022-02-28,AJG,0.0030627151672936643
2022-02-28,AMP,0.00969859802976327
2022-02-28,ANTM,0.0068060337050970315
2022-02-28,APA,0.0022119609541565353
2022-02-28,AVB,0.015824028364350595
2022-02-28,AXP,0.0017015084262742579
2022-02-28,AZO,0.015483726679095746
2022-02-28,BK,0.010379201400272974
2022-02-28,BRKB,0.011570257298664953
2022-02-28,CF,0.008677692973998714
2022-02-28,CHD,0.004594072750940497
2022-02-28,CMA,0.005274676121450199
2022-02-28,CNP,0.013101614882311785
2022-02-28,COP,0.009017994659253566
2022-02-28,COST,0.014632972465958618
2022-02-28,CVS,0.014973274151213469
2022-02-28,CVX,0.00017015084262742578
2022-02-28,DOV,0.005614977806705051
2022-02-28,DRE,0.007997089603489013
2022-02-28,DVN,0.016334480892232876
2022-02-28,ED,0.005444826964077625
2022-02-28,EOG,0.008507542131371289
2022-02-28,EQR,0.013952369095448914
2022-02-28,ESS,0.011910558983919805
2022-02-28,EXC,0.015143424993840896
2022-02-28,EXR,0.011400106456037527
2022-02-28,F,0.012591162354429508
2022-02-28,FANG,0.012250860669174657
2022-02-28,FE,0.0025522626394113867
2022-02-28,FTNT,0.013441916567566636
2022-02-28,GD,0.006976184547724457
2022-02-28,GE,0.01616433004960545
2022-02-28,GIS,0.004083620223058219
2022-02-28,GOOGL,0.0013612067410194058
2022-02-28,HCA,0.00034030168525485145
2022-02-28,HD,0.007146335390351882
2022-02-28,HSY,0.015994179206978026
2022-02-28,INTU,0.00646573201984218
2022-02-28,IPG,0.004253771065685644
2022-02-28,IT,0.01208070982654723
2022-02-28,JNPR,0.015313575836468321
2022-02-28,KIM,0.008847843816626141
2022-02-28,KR,0.002382111796783961
2022-02-28,L,0.0027224134820388124
2022-02-28,LKQ,0.009528447187135844
2022-02-28,LOW,0.011059804770782677
2022-02-28,MAA,0.014122519938076339
2022-02-28,MCD,0.010038899715018122
2022-02-28,MCK,0.014803123308586043
2022-02-28,MDLZ,0.0011910558983919805
2022-02-28,MMC,0.006635882862469605
2022-02-28,MS,0.0061254303345873295
2022-02-28,MSFT,0.003913469380430793
2022-02-28,MSI,0.0015313575836468328
2022-02-28,NI,0.010549352242900397
2022-02-28,NOC,0.0044239219083130705
2022-02-28,NTAP,0.009188145501880993
2022-02-28,NUE,0.0005104525278822776
2022-02-28,ODFL,0.0010209050557645552
2022-02-28,OKE,0.007826938760861586
2022-02-28,ORLY,0.013612067410194063
2022-02-28,OTIS,0.005785128649332476
2022-02-28,PEG,0.0008507542131371289
2022-02-28,PEP,0.01293146403968436
2022-02-28,PFE,0.010719503085527824
2022-02-28,PFG,0.008167240446116438
2022-02-28,PG,0.009358296344508419
2022-02-28,PGR,0.002892564324666238
2022-02-28,PLD,0.014462821623331193
2022-02-28,PRU,0.0059552794919599025
2022-02-28,PSA,0.013782218252821488
2022-02-28,PXD,0.0018716592689016836
2022-02-28,REG,0.004764223593567922
2022-02-28,RHI,0.01327176572493921
2022-02-28,RSG,0.012761313197056933
2022-02-28,RTX,0.0020418101115291095
2022-02-28,SCHW,0.008337391288743863
2022-02-28,SEE,0.01565387752172317
2022-02-28,SJM,0.003743318537803367
2022-02-28,STX,0.006295581177214754
2022-02-28,TSCO,0.010209050557645547
2022-02-28,TSN,0.011229955613410102
2022-02-28,TXT,0.0006806033705097029
2022-02-28,UDR,0.014292670780703764
2022-02-28,UNH,0.007316486232979309
2022-02-28,WAB,0.007486637075606734
2022-02-28,WELL,0.005104525278822773
2022-02-28,WFC,0.009868748872390696
2022-02-28,WM,0.0076567879182341606
2022-02-28,WMB,0.004934374436195348
2022-03-31,AAPL,0.012077499737554741
2022-03-31,ABBV,0.011904964027018246
2022-03-31,ADM,0.0139753925534562
2022-03-31,AFL,0.002415499947510948
2022-03-31,AIG,0.007073964131996349
2022-03-31,AJG,0.0053486070266313855
2022-03-31,AMD,0.005176071316094889
2022-03-31,AMP,0.010007071211116787
2022-03-31,AON,0.0036232499212664224
2022-03-31,APA,0.01604582107989416
2022-03-31,AVB,0.01449299968506569
2022-03-31,AVGO,0.0005176071316094889
2022-03-31,AXP,0.013802856842919707
2022-03-31,AZO,0.003105642789656934
2022-03-31,BKR,0.0012077499737554742
2022-03-31,BRKB,0.012250035448091237
2022-03-31,BXP,0.004313392763412408
2022-03-31,CB,0.006383821289850364
2022-03-31,CBOE,0.0022429642369744523
2022-03-31,CF,0.015528213948284669
2022-03-31,CINF,0.0003450714210729926
2022-03-31,CMA,0.013457785421846712
2022-03-31,CNP,0.0006901428421459844
2022-03-31,COP,0.015355678237748171
2022-03-31,COST,0.015700749658821164
2022-03-31,CVS,0.01259510686916423
2022-03-31,CVX,0.014147928263992698
2022-03-31,DFS,0.005866214158240875
2022-03-31,DVN,0.01673596392204014
2022-03-31,EOG,0.010869749763799268
2022-03-31,EQR,0.004830999895021896
2022-03-31,EW,0.0001725357105364963
2022-03-31,EXR,0.008454249816288319
2022-03-31,F,0.0017253571053649636
2022-03-31,FANG,0.015183142527211677
2022-03-31,FE,0.00327817850019343
2022-03-31,FITB,0.009316928368970802
2022-03-31,FTNT,0.01587328536935766
2022-03-31,GD,0.011214821184872261
2022-03-31,GE,0.016563428211503646
2022-03-31,GOOG,0.006211285579313867
2022-03-31,GOOGL,0.00793664268467883
2022-03-31,HAL,0.006038749868777371
2022-03-31,HCA,0.0025880356580474445
2022-03-31,HES,0.0044859284739489046
2022-03-31,HSIC,0.0008626785526824817
2022-03-31,HSY,0.01501060681667518
2022-03-31,IPG,0.0018978928159014597
2022-03-31,IRM,0.0056936784477043785
2022-03-31,IT,0.012767642579700728
2022-03-31,JNPR,0.013285249711310218
2022-03-31,KEY,0.006728892710923356
2022-03-31,KIM,0.009489464079507298
2022-03-31,KR,0.007246499842532845
2022-03-31,L,0.0037957856318029193
2022-03-31,LLY,0.0020704285264379558
2022-03-31,LYV,0.011042285474335764
2022-03-31,MAA,0.01311271400077372
2022-03-31,MCK,0.014838071106138682
2022-03-31,MMC,0.007591571263605839
2022-03-31,MOS,0.010697214053262771
2022-03-31,MPC,0.014320463974529194
2022-03-31,MRO,0.01639089250096715
2022-03-31,MSFT,0.002760571368583941
2022-03-31,NI,0.0015528213948284662
2022-03-31,NLOK,0.0029331070791204375
2022-03-31,NOC,0.010179606921653282
2022-03-31,NUE,0.005003535605558393
2022-03-31,ODFL,0.0010352142632189779
2022-03-31,OKE,0.008281714105751823
2022-03-31,ORLY,0.008799321237361312
2022-03-31,OXY,0.009144392658434305
2022-03-31,PFG,0.007419035553069341
2022-03-31,PKI,0.00983453550058029
2022-03-31,PLD,0.010352142632189778
2022-03-31,PRU,0.008109178395215327
2022-03-31,PSA,0.01363032113238321
2022-03-31,PXD,0.012940178290237223
2022-03-31,RE,0.003968321342339415
2022-03-31,REGN,0.007764106974142334
2022-03-31,RHI,0.016218356790430655
2022-03-31,RTX,0.011559892605945253
2022-03-31,SCHW,0.009661999790043794
2022-03-31,SEE,0.014665535395602187
2022-03-31,SLB,0.004658464184485401
2022-03-31,STX,0.0034507142107299267
2022-03-31,TSN,0.008626785526824816
2022-03-31,TXT,0.005521142737167882
2022-03-31,UDR,0.010524678342726275
2022-03-31,UNH,0.0013802856842919705
2022-03-31,WAB,0.006901428421459853
2022-03-31,WFC,0.01173242831648175
2022-03-31,WMB,0.011387356895408757
2022-03-31,WRB,0.0041408570528759115
2022-03-31,WST,0.00655635700038686
2022-03-31,XOM,0.008971856947897809
2022-03-31,ZION,0.012422571158627735
2022-04-30,AAPL,0.01026224506947876
2022-04-30,ABBV,0.013241606541262916
2022-04-30,ABC,0.008607044251820895
2022-04-30,ADM,0.01257952621419977
2022-04-30,AFL,0.005627682780036739
2022-04-30,AIG,0.005462162698270953
2022-04-30,ANTM,0.0059587229435683125
2022-04-30,AON,0.005793202861802525
2022-04-30,APA,0.015558887685983926
2022-04-30,AVB,0.013407126623028702
2022-04-30,AVGO,0.008772564333586681
2022-04-30,AXP,0.002151761062955223
2022-04-30,AZO,0.01108984547830769
2022-04-30,BKR,0.01390368686832606
2022-04-30,BRKB,0.01158640572360505
2022-04-30,BXP,0.0014896807358920783
2022-04-30,CB,0.003475921717081515
2022-04-30,CF,0.015227847522452351
2022-04-30,CINF,0.0019862409811894372
2022-04-30,CMA,0.002482801226486796
2022-04-30,CME,0.0016552008176578645
2022-04-30,CNC,0.006124243025334098
2022-04-30,CNP,0.00926912457888404
2022-04-30,COP,0.015062327440686567
2022-04-30,COST,0.01489680735892078
2022-04-30,CTVA,0.001820720899423651
2022-04-30,CVS,0.009931204905947186
2022-04-30,CVX,0.014731287277154993
2022-04-30,DLTR,0.003641441798847302
2022-04-30,DVN,0.016055447931281285
2022-04-30,ED,0.00744840367946039
2022-04-30,EOG,0.010924325396541906
2022-04-30,EQR,0.008110484006523536
2022-04-30,ESS,0.003806961880613088
2022-04-30,EXR,0.0067863233523972446
2022-04-30,F,0.005296642616505166
2022-04-30,FANG,0.011751925805370838
2022-04-30,FE,0.003310401635315729
2022-04-30,FTNT,0.012910566377731343
2022-04-30,GD,0.01075880531477612
2022-04-30,GE,0.015393367604218139
2022-04-30,HAL,0.013572646704794489
2022-04-30,HES,0.006289763107099885
2022-04-30,HSY,0.014565767195389209
2022-04-30,IRM,0.007779443842991963
2022-04-30,IT,0.011255365560073479
2022-04-30,JNPR,0.014400247113623421
2022-04-30,KIM,0.0006620803270631463
2022-04-30,KR,0.013076086459497129
2022-04-30,L,0.000827600408828932
2022-04-30,LLY,0.012745046295965557
2022-04-30,LYV,0.010593285233010332
2022-04-30,MAA,0.00844152417005511
2022-04-30,MCK,0.01572440776774971
2022-04-30,MMC,0.00513112253473938
2022-04-30,MOS,0.012414006132433982
2022-04-30,MPC,0.014069206950091848
2022-04-30,MPWR,0.00016552008176578644
2022-04-30,MRO,0.015889927849515498
2022-04-30,MSI,0.004965602452973593
2022-04-30,NI,0.007117363515928817
2022-04-30,NOC,0.004303522125910448
2022-04-30,NUE,0.011420885641839264
2022-04-30,OKE,0.012248486050668196
2022-04-30,ORLY,0.007613923761226176
2022-04-30,OXY,0.014234727031857634
2022-04-30,PAYX,0.009434644660649827
2022-04-30,PEP,0.0039724819623788744
2022-04-30,PFE,0.00231728114472101
2022-04-30,PFG,0.004138002044144661
2022-04-30,PG,0.0009931204905947186
2022-04-30,PKI,0.00695184343416303
2022-04-30,PLD,0.009103604497118254
2022-04-30,PRU,0.0026483213082525835
2022-04-30,PSA,0.010427765151244545
2022-04-30,PWR,0.006455283188865671
2022-04-30,PXD,0.013738166786560273
2022-04-30,REGN,0.011917445887136625
2022-04-30,RHI,0.0097656848241814
2022-04-30,RMD,0.0004965602452973593
2022-04-30,RSG,0.00463456228944202
2022-04-30,SCHW,0.00033104016353157316
2022-04-30,SEE,0.010096724987712974
2022-04-30,SLB,0.007944963924757749
2022-04-30,SNPS,0.006620803270631458
2022-04-30,SRE,0.0028138413900183697
2022-04-30,TMO,0.004800082371207807
2022-04-30,TRV,0.001158640572360505
2022-04-30,TSCO,0.0029793614717841563
2022-04-30,TSLA,0.0013241606541262916
2022-04-30,UDR,0.008276004088289322
2022-04-30,UNH,0.004469042207676234
2022-04-30,VLO,0.0031448815535499424
2022-04-30,WAB,0.008938084415352468
2022-04-30,WELL,0.007282883597694604
2022-04-30,WMB,0.01208296596890241
2022-04-30,XOM,0.009600164742415615
2022-05-31,AAPL,0.009006551487104515
2022-05-31,ABBV,0.009301848257173515
2022-05-31,ABC,0.012254815957863518
2022-05-31,ADM,0.011516574032691018
2022-05-31,AEP,0.004724748321104007
2022-05-31,AIZ,0.0028053193156555045
2022-05-31,AJG,0.004134154780966006
2022-05-31,ANTM,0.008268309561932013
2022-05-31,APA,0.013878948193243024
2022-05-31,ATO,0.0010335386952415016
2022-05-31,AVGO,0.00014764838503450103
2022-05-31,AZO,0.01210716757282902
2022-05-31,BKR,0.0025100225455865037
2022-05-31,BMY,0.00029529677006900044
2022-05-31,BRKB,0.00044294515510350137
2022-05-31,CB,0.006791825711587011
2022-05-31,CF,0.012993057883036022
2022-05-31,CHD,0.004872396706138508
2022-05-31,CNP,0.010187738567380518
2022-05-31,COP,0.013140706268070521
2022-05-31,COST,0.01240246434289802
2022-05-31,CTVA,0.01166422241772552
2022-05-31,CVX,0.013583651423174022
2022-05-31,DG,0.003100616085724505
2022-05-31,DLTR,0.01284540949800152
2022-05-31,DVN,0.014321893348346522
2022-05-31,ED,0.009597145027242515
2022-05-31,EIX,0.007677716021794012
2022-05-31,EOG,0.009744793412277016
2022-05-31,ESS,0.0022147257755175034
2022-05-31,EXR,0.005315341861242009
2022-05-31,FANG,0.010778332107518518
2022-05-31,FE,0.0035435612408280057
2022-05-31,FTNT,0.004577099936069508
2022-05-31,GD,0.011073628877587517
2022-05-31,GE,0.013288354653105022
2022-05-31,GIS,0.007825364406828513
2022-05-31,HAL,0.010335386952415017
2022-05-31,HES,0.0005905935401380007
2022-05-31,HLT,0.007530067636759513
2022-05-31,HOLX,0.002067077390483003
2022-05-31,HPQ,0.00590593540138001
2022-05-31,HST,0.007234770866690512
2022-05-31,HSY,0.013731299808208523
2022-05-31,IRM,0.0051676934762075084
2022-05-31,IT,0.005020045091173008
2022-05-31,JKHY,0.007973012791863014
2022-05-31,JNPR,0.003986506395931507
2022-05-31,KIM,0.009892441797311516
2022-05-31,KO,0.00605358378641451
2022-05-31,KR,0.011368925647656519
2022-05-31,LLY,0.01195951918779452
2022-05-31,LMT,0.003838858010897006
2022-05-31,MAA,0.006644177326552511
2022-05-31,MAR,0.008120661176897514
2022-05-31,MCK,0.014174244963312023
2022-05-31,MKC,0.0032482644707590054
2022-05-31,MMC,0.0042818031660005074
2022-05-31,MO,0.0026576709306210043
2022-05-31,MOS,0.010925980492553018
2022-05-31,MPC,0.01255011272793252
2022-05-31,MRK,0.0011811870802760018
2022-05-31,MRO,0.014026596578277522
2022-05-31,NI,0.0033959128557935056
2022-05-31,NOC,0.00620123217144901
2022-05-31,NUE,0.008563606332001015
2022-05-31,OKE,0.005758287016345509
2022-05-31,ORLY,0.0014764838503450025
2022-05-31,OXY,0.013436003038139523
2022-05-31,PAYX,0.00634888055648351
2022-05-31,PEG,0.005462990246276509
2022-05-31,PEP,0.008858903102070013
2022-05-31,PFE,0.004429451551035007
2022-05-31,PG,0.010040090182346017
2022-05-31,PLD,0.010630683722484017
2022-05-31,PSA,0.010483035337449516
2022-05-31,PWR,0.001919429005448503
2022-05-31,PXD,0.01269776111296702
2022-05-31,REGN,0.009449496642208014
2022-05-31,RSG,0.008711254717035514
2022-05-31,SLB,0.0016241322353795027
2022-05-31,SO,0.002952967700690005
2022-05-31,SRE,0.005610638631311009
2022-05-31,STE,0.0007382419251725013
2022-05-31,TMO,0.003691209625862506
2022-05-31,TSLA,0.0023623741605520035
2022-05-31,TSN,0.007382419251725012
2022-05-31,UDR,0.0017717806204140029
2022-05-31,ULTA,0.0013288354653105022
2022-05-31,UNH,0.006939474096621512
2022-05-31,VLO,0.008415957946966514
2022-05-31,VRTX,0.009154199872139016
2022-05-31,WAB,0.000885890310207001
2022-05-31,WELL,0.0070871224816560115
2022-05-31,WM,0.006496528941518011
2022-05-31,WMB,0.011221277262622018
2022-05-31,XOM,0.01181187080276002
2022-06-30,ABBV,0.0077124760075913245
2022-06-30,ABC,0.010326874654232451
2022-06-30,ADM,0.011111194248224791
2022-06-30,AEE,0.006143836819606649
2022-06-30,AEP,0.007451036142927212
2022-06-30,AIG,0.003921597969961691
2022-06-30,AIZ,0.0005228797293282254
2022-06-30,AJG,0.0022222388496449578
2022-06-30,ALB,0.006666716548934874
2022-06-30,APA,0.012287673639213298
2022-06-30,ATO,0.0044444776992899155
2022-06-30,AVGO,0.00143791925565262
2022-06-30,AZO,0.009542555060240113
2022-06-30,BKR,0.009411835127908058
2022-06-30,BRKB,0.0013071993233205637
2022-06-30,CB,0.009019675330911888
2022-06-30,CF,0.011372634112888903
2022-06-30,CMA,0.001830079052648789
2022-06-30,CMS,0.007189596278263099
2022-06-30,CNP,0.010196154721900394
2022-06-30,COP,0.011503354045220958
2022-06-30,CTVA,0.011764793909885073
2022-06-30,CVS,0.0031372783759693523
2022-06-30,CVX,0.012026233774549184
2022-06-30,D,0.003006558443637296
2022-06-30,DLTR,0.010719034451228621
2022-06-30,DUK,0.0015686391879846761
2022-06-30,DVN,0.012418393571545354
2022-06-30,ED,0.010980474315892733
2022-06-30,EIX,0.005228797293282255
2022-06-30,EOG,0.00967327499257217
2022-06-30,ES,0.0002614398646641127
2022-06-30,ETR,0.004052317902293746
2022-06-30,EVRG,0.002745118578973183
2022-06-30,FANG,0.009150395263243944
2022-06-30,FE,0.0024836787143090707
2022-06-30,GD,0.006928156413598986
2022-06-30,GE,0.011634073977553016
2022-06-30,GIS,0.007973915872255438
2022-06-30,HAL,0.009803994924904224
2022-06-30,HES,0.005882396954942536
2022-06-30,HIG,0.006405276684270761
2022-06-30,HPQ,0.007581756075259269
2022-06-30,HST,0.004836637496286085
2022-06-30,HSY,0.009281115195576001
2022-06-30,IRM,0.0053595172256143105
2022-06-30,JKHY,0.0010457594586564508
2022-06-30,K,0.0032679983083014085
2022-06-30,KIM,0.002352958781977015
2022-06-30,KO,0.0035294381729655214
2022-06-30,KR,0.00823535573691955
2022-06-30,L,0.008758235466247774
2022-06-30,LLY,0.008496795601583663
2022-06-30,LMT,0.004183037834625803
2022-06-30,LNT,0.0006535996616602818
2022-06-30,MAR,0.007320316210595156
2022-06-30,MCD,0.0007843195939923381
2022-06-30,MCK,0.01254911350387741
2022-06-30,MO,0.0009150395263243945
2022-06-30,MOS,0.01045759458656451
2022-06-30,MPC,0.011895513842217128
2022-06-30,MRK,0.00013071993233205645
2022-06-30,MRO,0.01215695370688124
2022-06-30,MTB,0.006274556751938705
2022-06-30,NI,0.008888955398579831
2022-06-30,NOC,0.008366075669251606
2022-06-30,NUE,0.002875838511305239
2022-06-30,OKE,0.0026143986466411273
2022-06-30,OXY,0.011241914180556846
2022-06-30,PEG,0.005751677022610479
2022-06-30,PEP,0.0037908780376296348
2022-06-30,PFE,0.006013116887274592
2022-06-30,PFG,0.004705917563954029
2022-06-30,PGR,0.006535996616602817
2022-06-30,PKG,0.0016993591203167326
2022-06-30,PWR,0.004575197631621972
2022-06-30,PXD,0.010849754383560676
2022-06-30,RE,0.0019607989849808453
2022-06-30,REGN,0.0011764793909885066
2022-06-30,RSG,0.005490237157946366
2022-06-30,SLB,0.007058876345931043
2022-06-30,SO,0.008104635804587493
2022-06-30,SRE,0.00679743648126693
2022-06-30,TRV,0.004967357428618141
2022-06-30,TSN,0.007843195939923381
2022-06-30,ULTA,0.00431375776695786
2022-06-30,UNH,0.005098077360950197
2022-06-30,VLO,0.01006543478956834
2022-06-30,VRTX,0.00862751553391572
2022-06-30,WAB,0.005620957090278423
2022-06-30,WEC,0.003660158105297578
2022-06-30,WM,0.00039215979699616915
2022-06-30,WMB,0.010588314518896564
2022-06-30,WY,0.0020915189173129015
2022-06-30,XEL,0.003398718240633465
2022-06-30,XOM,0.009934714857236283
2022-07-31,ABBV,0.008404934133020197
2022-07-31,ABC,0.005939486787334272
2022-07-31,ADM,0.007732539402378581
2022-07-31,AEE,0.002689578922566463
2022-07-31,AEP,0.002913710499447002
2022-07-31,AIG,0.000784460519081885
2022-07-31,AIZ,0.0033619736532080786
2022-07-31,AJG,0.00638774994109535
2022-07-31,AMCR,0.001456855249723501
2022-07-31,APA,0.010085920959624238
2022-07-31,ATO,0.004594697326051041
2022-07-31,AZO,0.008853197286781274
2022-07-31,BKR,0.0062756841526550805
2022-07-31,BMY,0.004258499960730234
2022-07-31,CB,0.005827420998894004
2022-07-31,CF,0.010197986748064505
2022-07-31,CHD,0.0017930526150443087
2022-07-31,CHRW,0.004146434172289964
2022-07-31,CI,0.003922302595409426
2022-07-31,CMA,0.0008965263075221544
2022-07-31,CMS,0.0035861052300886175
2022-07-31,CNC,0.007060144671736966
2022-07-31,CNP,0.006611881517975889
2022-07-31,COP,0.009077328863661813
2022-07-31,COST,0.0025775131341261937
2022-07-31,CPB,0.006051552575774543
2022-07-31,CTVA,0.007956670979259119
2022-07-31,CVS,0.0049308946913718486
2022-07-31,CVX,0.008741131498341005
2022-07-31,D,0.0016809868266040393
2022-07-31,DLTR,0.009973855171183968
2022-07-31,DRE,0.0003361973653208079
2022-07-31,DTE,0.002241315768805386
2022-07-31,DVN,0.010646249901825583
2022-07-31,ED,0.009861789382743697
2022-07-31,EIX,0.005155026268252387
2022-07-31,EOG,0.0076204736139383125
2022-07-31,ETR,0.002129249980365117
2022-07-31,FANG,0.00806873676769939
2022-07-31,GD,0.0057153552104537335
2022-07-31,GE,0.010310052536504775
2022-07-31,GIS,0.010422118324945044
2022-07-31,GL,0.0010085920959624238
2022-07-31,GPC,0.0006723947306416158
2022-07-31,HAL,0.007284276248617504
2022-07-31,HES,0.006723947306416157
2022-07-31,HII,0.001120657884402693
2022-07-31,HPQ,0.0028016447110067325
2022-07-31,HSY,0.009301460440542352
2022-07-31,HUM,0.0012327236728429621
2022-07-31,IRM,0.0019051184034845781
2022-07-31,K,0.008516999921460468
2022-07-31,KO,0.0038102368069691563
2022-07-31,KR,0.0030257762878872713
2022-07-31,L,0.004482631537610772
2022-07-31,LHX,0.0004482631537610772
2022-07-31,LLY,0.008292868344579927
2022-07-31,LMT,0.006499815729535619
2022-07-31,MCK,0.010758315690265852
2022-07-31,MET,0.0031378420763275403
2022-07-31,MMC,0.0002241315768805386
2022-07-31,MOS,0.007172210460177235
2022-07-31,MPC,0.00941352622898262
2022-07-31,MRK,0.005379157845132926
2022-07-31,MRO,0.009749723594303428
2022-07-31,MTB,0.006163618364214811
2022-07-31,NI,0.006948078883296696
2022-07-31,NOC,0.009189394652102082
2022-07-31,OGN,0.0020171841919248475
2022-07-31,OKE,0.0001120657884402694
2022-07-31,OXY,0.010534184113385315
2022-07-31,PEP,0.002353381557245655
2022-07-31,PFE,0.005042960479812119
2022-07-31,PFG,0.0024654473456859243
2022-07-31,PGR,0.007508407825498042
2022-07-31,PSX,0.0013447894612832315
2022-07-31,PWR,0.007844605190818851
2022-07-31,PXD,0.008629065709900735
2022-07-31,RE,0.005491223633573196
2022-07-31,RSG,0.0032499078647678097
2022-07-31,RTX,0.003698171018528887
2022-07-31,SLB,0.003474039441648348
2022-07-31,SO,0.004034368383849695
2022-07-31,SRE,0.00481882890293158
2022-07-31,SYY,0.00470676311449131
2022-07-31,TAP,0.005603289422013465
2022-07-31,TRV,0.005267092056692658
2022-07-31,TSCO,0.0005603289422013465
2022-07-31,TSN,0.008180802556139658
2022-07-31,ULTA,0.004370565749170502
2022-07-31,UNH,0.007396342037057774
2022-07-31,VLO,0.008965263075221544
2022-07-31,VRTX,0.00963765780586316
2022-07-31,WEC,0.00156892103816377
2022-07-31,WMB,0.0068360130948564276
2022-07-31,XOM,0.00952559201742289
2022-08-31,ABBV,0.0042198970399740625
2022-08-31,ABC,0.006510698290245697
2022-08-31,ADM,0.008560362566804527
2022-08-31,ADP,0.002893643684553643
2022-08-31,AEE,0.0006028424342820089
2022-08-31,AEP,0.0030142121714100446
2022-08-31,AJG,0.007836951645666116
2022-08-31,AMGN,0.0018085273028460268
2022-08-31,APA,0.010489458356506956
2022-08-31,ATO,0.006992972237671305
2022-08-31,AZO,0.00940434197479934
2022-08-31,BFB,0.001205684868564018
2022-08-31,BMY,0.001687958815989625
2022-08-31,CAH,0.0031347806582664468
2022-08-31,CDNS,0.0007234109211384107
2022-08-31,CF,0.011212869277645365
2022-08-31,CHRW,0.006390129803389295
2022-08-31,CI,0.0074752461850969105
2022-08-31,CMS,0.0013262533554204196
2022-08-31,CNC,0.01012775289593775
2022-08-31,CNP,0.008198657106235322
2022-08-31,COP,0.010007184409081347
2022-08-31,COST,0.003978760066261259
2022-08-31,CPB,0.008801499540517331
2022-08-31,CTVA,0.008439794079948125
2022-08-31,CVS,0.0034964861188356523
2022-08-31,CVX,0.010610026843363356
2022-08-31,DG,0.0019290957897024287
2022-08-31,DLTR,0.01133343776450177
2022-08-31,DRE,0.0036170546056920536
2022-08-31,DTE,0.0021702327634152323
2022-08-31,DVN,0.010971732303932563
2022-08-31,ED,0.010368889869650554
2022-08-31,EIX,0.004822739474256072
2022-08-31,ENPH,0.00470217098739967
2022-08-31,EOG,0.00868093105366093
2022-08-31,FANG,0.009283773487942938
2022-08-31,FMC,0.004099328553117661
2022-08-31,GD,0.0049433079611124735
2022-08-31,GIS,0.010851163817076162
2022-08-31,GPC,0.007113540724527706
2022-08-31,GWW,0.005787287369107286
2022-08-31,HAL,0.0062695613165328935
2022-08-31,HES,0.009163205001086536
2022-08-31,HPQ,0.0015673903291332234
2022-08-31,HRL,0.0004822739474256072
2022-08-31,HSY,0.010248321382794153
2022-08-31,HUM,0.0037376230925484553
2022-08-31,HWM,0.0032553491451228485
2022-08-31,JKHY,0.004461034013686866
2022-08-31,K,0.009886615922224947
2022-08-31,KLAC,0.00036170546056920537
2022-08-31,KMI,0.0014468218422768215
2022-08-31,KO,0.005063876447968875
2022-08-31,LDOS,0.0009645478948512143
2022-08-31,LLY,0.0068724037508149025
2022-08-31,LMT,0.006028424342820089
2022-08-31,LW,0.004340465526830465
2022-08-31,MAR,0.002652506710840839
2022-08-31,MCD,0.005425581908538081
2022-08-31,MCK,0.011574574738214572
2022-08-31,MOS,0.007716383158809715
2022-08-31,MPC,0.009645478948512145
2022-08-31,MRK,0.0038581915794048574
2022-08-31,MRO,0.01073059533021976
2022-08-31,MTB,0.0075958146719533135
2022-08-31,NI,0.007354677698240509
2022-08-31,NOC,0.00807808861937892
2022-08-31,OKE,0.002290801250271634
2022-08-31,ORLY,0.006148992829676491
2022-08-31,OXY,0.011454006251358171
2022-08-31,PAYX,0.0008439794079948125
2022-08-31,PCAR,0.0027730751976972412
2022-08-31,PEP,0.005907855855963688
2022-08-31,PGR,0.006631266777102098
2022-08-31,PSX,0.005305013421681678
2022-08-31,PWR,0.007234109211384107
2022-08-31,PXD,0.008922068027373732
2022-08-31,RSG,0.00337591763197925
2022-08-31,RTX,0.002411369737128036
2022-08-31,SJM,0.0020496642765588306
2022-08-31,SLB,0.004581602500543268
2022-08-31,SO,0.005666718882250885
2022-08-31,SRE,0.0067518352639585
2022-08-31,STZ,0.0055461503953944825
2022-08-31,TAP,0.00952491046165574
2022-08-31,TMO,0.0001205684868564018
2022-08-31,TSLA,0.0002411369737128036
2022-08-31,TSN,0.005184444934825277
2022-08-31,UNH,0.007957520132522518
2022-08-31,VLO,0.009766047435368545
2022-08-31,VRTX,0.009042636514230134
2022-08-31,WEC,0.0025319382239844374
2022-08-31,WMB,0.008319225593091723
2022-08-31,XEL,0.0010851163817076162
2022-08-31,XOM,0.011092300790788965
2022-09-30,ABBV,0.005365223344070544
2022-09-30,ABC,0.007765454840102104
2022-09-30,ADM,0.011718777304154084
2022-09-30,ADP,0.003812132376050124
2022-09-30,AEE,0.004659272904061262
2022-09-30,AEP,0.009036165632118811
2022-09-30,AFL,0.0021178513200278463
2022-09-30,AJG,0.007624264752100248
2022-09-30,AMGN,0.0019766612320259902
2022-09-30,APA,0.012001157480157797
2022-09-30,ATO,0.008612595368113244
2022-09-30,AZO,0.007906644928103961
2022-09-30,BFB,0.0015530909680204208
2022-09-30,BMY,0.0007059504400092822
2022-09-30,CAH,0.010871636776142946
2022-09-30,CF,0.01298948809617079
2022-09-30,CHRW,0.00945973589612438
2022-09-30,CI,0.0110128268641448
2022-09-30,CMS,0.0039533224640519804
2022-09-30,CNC,0.01185996739215594
2022-09-30,CNP,0.010730446688141089
2022-09-30,COP,0.010589256600139232
2022-09-30,COST,0.0011295207040148514
2022-09-30,CPB,0.01228353765616151
2022-09-30,CTVA,0.012707107920167078
2022-09-30,CVS,0.004800462992063119
2022-09-30,CVX,0.011436397128150371
2022-09-30,D,0.002823801760037129
2022-09-30,DLTR,0.008753785456115099
2022-09-30,DRE,0.002964991848038985
2022-09-30,DTE,0.006918314312090964
2022-09-30,DUK,0.00028238017600371284
2022-09-30,DVN,0.012848298008168937
2022-09-30,ED,0.012565917832165222
2022-09-30,EIX,0.006635934136087253
2022-09-30,ENPH,0.007341884576096534
2022-09-30,EOG,0.009318545808122525
2022-09-30,ETR,0.0035297522000464106
2022-09-30,EVRG,0.0005647603520074257
2022-09-30,EXR,0.0009883306160129951
2022-09-30,FANG,0.007059504400092821
2022-09-30,FMC,0.0032473720240426976
2022-09-30,GD,0.006353553960083539
2022-09-30,GIS,0.013413058360176361
2022-09-30,GL,0.0012707107920167078
2022-09-30,GPC,0.009742116072128094
2022-09-30,GWW,0.00988330616012995
2022-09-30,HAL,0.0042357026400556925
2022-09-30,HES,0.010448066512137375
2022-09-30,HII,0.006494744048085395
2022-09-30,HRL,0.006071173784079826
2022-09-30,HSY,0.013271868272174506
2022-09-30,HUM,0.004376892728057549
2022-09-30,IRM,0.0031061819360408416
2022-09-30,JKHY,0.0024002314960315596
2022-09-30,K,0.010165686336133663
2022-09-30,KO,0.005788793608076114
2022-09-30,KR,0.0014119008800185645
2022-09-30,LLY,0.007483074664098391
2022-09-30,LMT,0.009177355720120668
2022-09-30,LW,0.006212363872081683
2022-09-30,MCK,0.013695438536180073
2022-09-30,MOS,0.005647603520074258
2022-09-30,MPC,0.012142347568159653
2022-09-30,MRK,0.00014119008800185604
2022-09-30,MRO,0.011577587216152228
2022-09-30,MTB,0.00592998369607797
2022-09-30,NI,0.007200694488094678
2022-09-30,NLSN,0.0033885621120445545
2022-09-30,NOC,0.01030687642413552
2022-09-30,NUE,0.0016942810560222773
2022-09-30,ORLY,0.0022590414080297027
2022-09-30,OXY,0.013554248448178218
2022-09-30,PEP,0.006777124224089109
2022-09-30,PFG,0.0045180828160594055
2022-09-30,PGR,0.011154016952146658
2022-09-30,PSX,0.005082843168066831
2022-09-30,PWR,0.0040945125520538365
2022-09-30,PXD,0.010024496248131806
2022-09-30,RJF,0.0018354711440241335
2022-09-30,RSG,0.0055064134320724
2022-09-30,SJM,0.008047835016105816
2022-09-30,SLB,0.0025414215840334157
2022-09-30,SO,0.008189025104107673
2022-09-30,SRE,0.008894975544116956
2022-09-30,STZ,0.004941653080064975
2022-09-30,TAP,0.000847140528011138
2022-09-30,TMUS,0.0004235702640055693
2022-09-30,ULTA,0.003670942288048267
2022-09-30,UNH,0.009600925984126239
2022-09-30,VLO,0.011295207040148516
2022-09-30,VRTX,0.01313067818417265
2022-09-30,WEC,0.005224033256068687
2022-09-30,WM,0.002682611672035272
2022-09-30,WMB,0.008471405280111385
2022-09-30,XEL,0.00833021519210953
2022-09-30,XOM,0.012424727744163366
2022-10-31,ABBV,0.005669713057066327
2022-10-31,ABC,0.004960998924933037
2022-10-31,ADM,0.00655560572223294
2022-10-31,ADP,0.001240249731233259
2022-10-31,AEP,0.002037553129883211
2022-10-31,AFL,0.0026576779954998408
2022-10-31,AJG,0.0021261423963998723
2022-10-31,ALB,0.002214731662916534
2022-10-31,ALL,0.0013288389977499204
2022-10-31,AMGN,0.004695231125383052
2022-10-31,APA,0.005315355990999681
2022-10-31,ATO,0.004518052592349729
2022-10-31,AZO,0.006732784255266264
2022-10-31,BIIB,0.0008858926651666137
2022-10-31,BMY,0.006644194988749601
2022-10-31,CAG,0.001683196063816566
2022-10-31,CAH,0.007884444719982862
2022-10-31,CF,0.008150212519532844
2022-10-31,CHRW,0.00044294633258330773
2022-10-31,CI,0.007530087653916216
2022-10-31,CNC,0.003632159927183116
2022-10-31,CNP,0.003986516993249762
2022-10-31,COP,0.0068213735217829245
2022-10-31,CPB,0.007618676920432877
2022-10-31,CTRA,0.0047838203918997135
2022-10-31,CTVA,0.0077958554534661995
2022-10-31,CVS,0.0038093384602164385
2022-10-31,CVX,0.005935480856616311
2022-10-31,DG,0.003720749193699777
2022-10-31,DLTR,0.00584689159009965
2022-10-31,DTE,0.0017717853303332275
2022-10-31,DVN,0.006998552054816247
2022-10-31,ED,0.005403945257516343
2022-10-31,ENPH,0.0028348565285331636
2022-10-31,EOG,0.005049588191449698
2022-10-31,FANG,0.003543570660666455
2022-10-31,FMC,0.005492534524033004
2022-10-31,GD,0.002923445795049825
2022-10-31,GIS,0.008327391052566168
2022-10-31,GL,0.00646701645571628
2022-10-31,GPC,0.00522676672448302
2022-10-31,GWW,0.00256908872898318
2022-10-31,HAL,0.00026576779954998447
2022-10-31,HES,0.006201248656166295
2022-10-31,HII,0.004872409658416375
2022-10-31,HRL,0.003366392127633132
2022-10-31,HSY,0.008238801786049505
2022-10-31,HUM,0.0024804994624665184
2022-10-31,HWM,0.0023033209294331955
2022-10-31,INCY,0.0005315355990999682
2022-10-31,JKHY,0.0038979277267330997
2022-10-31,JNJ,0.0010630711981999363
2022-10-31,K,0.007441498387399554
2022-10-31,KMI,0.00035435706606664545
2022-10-31,KO,8.85892665166612e-05
2022-10-31,KR,0.003454981394149793
2022-10-31,LLY,0.00708714132133291
2022-10-31,LMT,0.0063784271891996185
2022-10-31,LW,0.007352909120882893
2022-10-31,MCK,0.00850456958559949
2022-10-31,MNST,0.0019489638633665499
2022-10-31,MOS,0.0031892135945998093
2022-10-31,MPC,0.008061623253016183
2022-10-31,MRO,0.006024070123132974
2022-10-31,MTB,0.0062898379226829565
2022-10-31,NI,0.0018603745968498887
2022-10-31,NOC,0.007707266186949538
2022-10-31,ORLY,0.005138177457966359
2022-10-31,OXY,0.007973033986499524
2022-10-31,PEP,0.001594606797299905
2022-10-31,PFE,0.0007973033986499523
2022-10-31,PFG,0.004252284792799745
2022-10-31,PGR,0.007264319854366231
2022-10-31,PNW,0.0007087141321332909
2022-10-31,PSX,0.002746267262016502
2022-10-31,PWR,0.0023919101959498567
2022-10-31,PXD,0.004163695526283084
2022-10-31,RE,0.0011516604647165978
2022-10-31,REGN,0.00327780286111647
2022-10-31,RJF,0.0009744819316832749
2022-10-31,RSG,0.0014174282642665818
2022-10-31,SJM,0.006112659389649634
2022-10-31,SLB,0.0030120350615664864
2022-10-31,SO,0.004075106259766422
2022-10-31,SRE,0.005581123790549666
2022-10-31,STZ,0.0031006243280831476
2022-10-31,TAP,0.004429463325833068
2022-10-31,TMUS,0.005758302323582988
2022-10-31,ULTA,0.004606641858866391
2022-10-31,UNH,0.004340874059316407
2022-10-31,VLO,0.006909962788299586
2022-10-31,VRTX,0.00841598031908283
2022-10-31,WEC,0.0001771785330333224
2022-10-31,WM,0.0006201248656166297
2022-10-31,WMB,0.001506017530783243
2022-10-31,XOM,0.00717573058784957
2022-11-30,ABBV,0.004519335981008148
2022-11-30,ABC,0.005671323584010225
2022-11-30,ADM,0.006557467894011823
2022-11-30,AFL,0.0032787339470059114
2022-11-30,AJG,0.0030128906540054325
2022-11-30,ALL,0.0015064453270027163
2022-11-30,AMGN,0.0054054802910097465
2022-11-30,APA,0.005848552446010545
2022-11-30,ATO,0.0029242762230052726
2022-11-30,ATVI,0.002392589637004314
2022-11-30,AZO,0.005937166877010705
2022-11-30,BIIB,0.00035445772400063914
2022-11-30,BMY,0.007089154480012782
2022-11-30,BSX,0.0008861443100015978
2022-11-30,CAG,0.00398764939500719
2022-11-30,CAH,0.00788668435901422
2022-11-30,CB,0.0034559628090062313
2022-11-30,CF,0.007266383342013101
2022-11-30,CI,0.008152527652014699
2022-11-30,CMI,0.0004430721550007989
2022-11-30,CNC,0.0031015050850055925
2022-11-30,CNP,0.0002658432930004789
2022-11-30,COP,0.006911925618012463
2022-11-30,CPB,0.00744361220401342
2022-11-30,CTRA,0.004696564843008468
2022-11-30,CTVA,0.006823311187012303
2022-11-30,CVX,0.006025781308010865
2022-11-30,DG,0.0012406020340022372
2022-11-30,DLTR,0.0005316865860009587
2022-11-30,DVN,0.006203010170011185
2022-11-30,ED,0.001683674189003036
2022-11-30,EOG,0.0054940947220099064
2022-11-30,FANG,0.004342107119007829
2022-11-30,FMC,0.002481204068004474
2022-11-30,GD,0.005228251429009427
2022-11-30,GIS,0.008241142083014859
2022-11-30,GL,0.006468853463011664
2022-11-30,GPC,0.005759938015010386
2022-11-30,GWW,0.0020381319130036747
2022-11-30,HAL,0.004076263826007349
2022-11-30,HES,0.007354997773013261
2022-11-30,HII,0.007000540049012622
2022-11-30,HRL,0.0006203010170011186
2022-11-30,HST,0.0010633731720019173
2022-11-30,HSY,0.00797529879001438
2022-11-30,HUM,0.005051022567009108
2022-11-30,HWM,0.0027470473610049532
2022-11-30,IBM,0.0022153607750039946
2022-11-30,JKHY,0.004785179274008628
2022-11-30,JNJ,0.0023039752060041545
2022-11-30,K,0.007177768911012942
2022-11-30,KHC,0.0009747587410017575
2022-11-30,KMI,0.001595059758002876
2022-11-30,KO,0.0026584329300047933
2022-11-30,LDOS,0.000797529879001438
2022-11-30,LHX,0.0011519876030020772
2022-11-30,LLY,0.006646082325011983
2022-11-30,LMT,0.006114395739011024
2022-11-30,LW,0.00779806992801406
2022-11-30,MCD,0.00017722886200031954
2022-11-30,MCK,0.008506985376015339
2022-11-30,MET,0.00372180610200671
2022-11-30,MNST,8.861443100015992e-05
2022-11-30,MOS,0.004430721550007989
2022-11-30,MPC,0.008063913221014539
2022-11-30,MRK,0.005316865860009587
2022-11-30,MRO,0.006380239032011504
2022-11-30,MTB,0.001329216465002397
2022-11-30,NOC,0.0077094554970139
2022-11-30,NRG,0.0007089154480012782
2022-11-30,ORLY,0.004607950412008309
2022-11-30,OXY,0.00832975651401502
2022-11-30,PCAR,0.001860903051003355
2022-11-30,PEP,0.003367348378006072
2022-11-30,PFG,0.00416487825700751
2022-11-30,PGR,0.006734696756012144
2022-11-30,PSX,0.004962408136008948
2022-11-30,PWR,0.003190119516005752
2022-11-30,PXD,0.004253492688007669
2022-11-30,RE,0.0038104205330068705
2022-11-30,REGN,0.001949517482003515
2022-11-30,RJF,0.0028356617920051127
2022-11-30,ROL,0.003544577240006391
2022-11-30,RTX,0.0017722886200031956
2022-11-30,SJM,0.004873793705008788
2022-11-30,SLB,0.005582709153010066
2022-11-30,SRE,0.00389903496400703
2022-11-30,SYY,0.002569818499004634
2022-11-30,TAP,0.0014178308960025561
2022-11-30,TMUS,0.006291624601011344
2022-11-30,TRV,0.0036331916710065507
2022-11-30,UNH,0.005139636998009268
2022-11-30,VLO,0.007532226635013581
2022-11-30,VRTX,0.008418370945015179
2022-11-30,WMB,0.0021267463440038346
2022-11-30,XOM,0.007620841066013741
2022-12-31,ABBV,0.003982386080344238
2022-12-31,ABC,0.006996083654658798
2022-12-31,ADM,0.008395300385590557
2022-12-31,AES,0.0010763205622551998
2022-12-31,AFL,0.005381602811275998
2022-12-31,AJG,0.004735810473922878
2022-12-31,ALB,0.0004305282249020798
2022-12-31,ALL,0.003551857855442159
2022-12-31,AMGN,0.006780819542207757
2022-12-31,APA,0.008933460666718155
2022-12-31,ATO,0.002475537293186959
2022-12-31,ATVI,0.002367905236961439
2022-12-31,AZO,0.005704498979952558
2022-12-31,BIIB,0.003121329630540079
2022-12-31,BKR,0.0008610564498041596
2022-12-31,BMY,0.008072404216913997
2022-12-31,CAG,0.0012915846747062398
2022-12-31,CAH,0.009579253004071276
2022-12-31,CAT,0.0003228961686765599
2022-12-31,CB,0.003013697574314559
2022-12-31,CF,0.007964772160688477
2022-12-31,CI,0.009256356835394716
2022-12-31,CMI,0.0013992167309317596
2022-12-31,CNP,0.0017221128996083193
2022-12-31,COP,0.009363988891620236
2022-12-31,CPB,0.008502932441816078
2022-12-31,CTRA,0.006888451598433277
2022-12-31,CTVA,0.009041092722943676
2022-12-31,CVX,0.008718196554267116
2022-12-31,DE,0.004520546361471838
2022-12-31,DVN,0.006242659261080158
2022-12-31,ED,0.003336593742991119
2022-12-31,ENPH,0.006565555429756718
2022-12-31,EOG,0.008825828610492636
2022-12-31,FANG,0.004843442530148398
2022-12-31,FMC,0.003874754024118719
2022-12-31,GD,0.006027395148629118
2022-12-31,GILD,0.0029060655180890393
2022-12-31,GIS,0.009471620947845757
2022-12-31,GL,0.008287668329365038
2022-12-31,GPC,0.007103715710884318
2022-12-31,GWW,0.0015068487871572795
2022-12-31,HAL,0.0063502913173056775
2022-12-31,HES,0.010009781228973356
2022-12-31,HIG,0.0018297449558338395
2022-12-31,HII,0.006457923373531197
2022-12-31,HSY,0.007211347767109837
2022-12-31,HUM,0.0034442257992166386
2022-12-31,HWM,0.0021526411245103997
2022-12-31,IBM,0.0009686885060296796
2022-12-31,JKHY,0.001614480843382799
2022-12-31,K,0.005596866923727038
2022-12-31,KHC,0.0007534243935786398
2022-12-31,KMI,0.004305282249020799
2022-12-31,KO,0.00021526411245103997
2022-12-31,KR,0.00010763205622551996
2022-12-31,LDOS,0.0050587066425994386
2022-12-31,LLY,0.007749508048237438
2022-12-31,LMT,0.0075342439357863975
2022-12-31,LVS,0.0037671219678931988
2022-12-31,LW,0.007857140104462958
2022-12-31,MCK,0.010225045341424396
2022-12-31,MET,0.006135027204854637
2022-12-31,MOS,0.0032289616867655986
2022-12-31,MPC,0.010440309453875436
2022-12-31,MRK,0.009686885060296796
2022-12-31,MRO,0.009148724779169197
2022-12-31,MTB,0.0020450090682848795
2022-12-31,NOC,0.008610564498041599
2022-12-31,NUE,0.002260273180735919
2022-12-31,OKE,0.0006457923373531198
2022-12-31,ORLY,0.004197650192795279
2022-12-31,OXY,0.010332677397649917
2022-12-31,PCAR,0.004628178417697358
2022-12-31,PEP,0.0005381602811275997
2022-12-31,PFG,0.005919763092403598
2022-12-31,PGR,0.008180036273139518
2022-12-31,PSX,0.007641875992011917
2022-12-31,PWR,0.005273970755050478
2022-12-31,PXD,0.004412914305246318
2022-12-31,RE,0.0054892348675015185
2022-12-31,REGN,0.003659489911667679
2022-12-31,RJF,0.002690801405637999
2022-12-31,ROL,0.002583169349412479
2022-12-31,RTX,0.002798433461863519
2022-12-31,SJM,0.004090018136569759
2022-12-31,SLB,0.007318979823335358
2022-12-31,SNA,0.0019373770120593595
2022-12-31,SRE,0.005812131036178079
2022-12-31,TAP,0.005166338698824958
2022-12-31,TMUS,0.007426611879560878
2022-12-31,TRV,0.004951074586373918
2022-12-31,ULTA,0.0011839526184807196
2022-12-31,VLO,0.010117413285198877
2022-12-31,VRTX,0.009794517116522317
2022-12-31,WMB,0.006673187485982238
2022-12-31,XOM,0.009902149172747836
2023-01-31,ABBV,0.009902965313700107
2023-01-31,ABC,0.010512378563773959
2023-01-31,ADM,0.008684138813552402
2023-01-31,ADP,0.005637072563183137
2023-01-31,AES,0.008379432188515475
2023-01-31,AFL,0.0057894258757016015
2023-01-31,AIG,0.001675886437703095
2023-01-31,AJG,0.010817085188810886
2023-01-31,ALL,0.00670354575081238
2023-01-31,AMGN,0.007008252375849306
2023-01-31,AON,0.0027423596253323373
2023-01-31,APA,0.008531785501033938
2023-01-31,APD,0.00030470662503692637
2023-01-31,AZO,0.011274145126366274
2023-01-31,BIIB,0.005027659313109285
2023-01-31,BMY,0.005941779188220064
2023-01-31,BSX,0.002437653000295411
2023-01-31,CAG,0.00761766562592316
2023-01-31,CAH,0.014016504751698612
2023-01-31,CAT,0.003047066250369264
2023-01-31,CB,0.006246485813256991
2023-01-31,CBOE,0.00380883281296158
2023-01-31,CF,0.004875306000590822
2023-01-31,CI,0.014625918001772466
2023-01-31,CNP,0.0012188265001477055
2023-01-31,COP,0.008074725563478548
2023-01-31,CPB,0.01340709150162476
2023-01-31,CTAS,0.006551192438293917
2023-01-31,CTVA,0.009293552063626255
2023-01-31,CVX,0.010207671938737032
2023-01-31,DE,0.0015235331251846323
2023-01-31,DG,0.008836492126070865
2023-01-31,DGX,0.003961186125480043
2023-01-31,DVN,0.0009141198751107795
2023-01-31,ED,0.005332365938146211
2023-01-31,ENPH,0.013102384876587832
2023-01-31,EOG,0.001066473187629242
2023-01-31,FMC,0.004418246063035433
2023-01-31,GD,0.00914119875110779
2023-01-31,GILD,0.007922372250960086
2023-01-31,GIS,0.01432121137673554
2023-01-31,GL,0.010664731876292423
2023-01-31,GPC,0.011883558376440128
2023-01-31,GWW,0.0028947129378508007
2023-01-31,HAL,0.0019805930627400216
2023-01-31,HES,0.012340618313995518
2023-01-31,HII,0.01096943850132935
2023-01-31,HOLX,0.0021329463752584846
2023-01-31,HSY,0.012645324939032443
2023-01-31,HUM,0.012492971626513982
2023-01-31,HWM,0.008988845438589329
2023-01-31,IT,0.005484719250664675
2023-01-31,K,0.010360025251255497
2023-01-31,KHC,0.004570599375553895
2023-01-31,KO,0.0006094132500738527
2023-01-31,LDOS,0.00716060568836777
2023-01-31,LLY,0.014168858064217076
2023-01-31,LMT,0.009750612001181644
2023-01-31,LW,0.01386415143918015
2023-01-31,MCK,0.014473564689254002
2023-01-31,MET,0.00045705993755538934
2023-01-31,MMC,0.0022852996877769476
2023-01-31,MNST,0.009445905376144717
2023-01-31,MPC,0.013559444814143225
2023-01-31,MRK,0.013254738189106297
2023-01-31,MRO,0.007312959000886233
2023-01-31,MSI,0.0018282397502215582
2023-01-31,NOC,0.013711798126661687
2023-01-31,NUE,0.004113539437998506
2023-01-31,ORLY,0.011426498438884738
2023-01-31,OXY,0.012035911688958591
2023-01-31,PEP,0.00015235331251846318
2023-01-31,PFG,0.006398839125775453
2023-01-31,PGR,0.011121791813847813
2023-01-31,PNW,0.0025900063128138744
2023-01-31,PSX,0.0047229526880723585
2023-01-31,PWR,0.012188265001477057
2023-01-31,RE,0.007770018938441622
2023-01-31,REGN,0.007465312313404697
2023-01-31,ROL,0.006094132500738528
2023-01-31,ROST,0.00335177287540619
2023-01-31,RTX,0.0036564795004431164
2023-01-31,SJM,0.00959825868866318
2023-01-31,SLB,0.0068558990633308435
2023-01-31,SNA,0.0031994195628877267
2023-01-31,SRE,0.004265892750516969
2023-01-31,TAP,0.0007617665625923161
2023-01-31,TJX,0.0013711798126661687
2023-01-31,TMUS,0.011731205063921666
2023-01-31,TRV,0.005180012625627749
2023-01-31,ULTA,0.012797678251550907
2023-01-31,UNH,0.008227078875997012
2023-01-31,VLO,0.012950031564069372
2023-01-31,VRTX,0.01005531862621857
2023-01-31,WAB,0.003504126187924653
2023-01-31,XOM,0.011578851751403203
2023-02-28,A,0.006004615181111473
2023-02-28,ABC,0.008276631736126626
2023-02-28,AES,0.005517754490751084
2023-02-28,AFL,0.009899500703994592
2023-02-28,AJG,0.013145238639730522
2023-02-28,ALB,0.007465197252192642
2023-02-28,AME,0.0009737213807207794
2023-02-28,AMGN,0.0016228689678679659
2023-02-28,AMP,0.0021097296582283554
2023-02-28,AON,0.001136008277507576
2023-02-28,APA,0.004381746213243508
2023-02-28,APD,0.012009230362222945
2023-02-28,AZO,0.013632099330090911
2023-02-28,BIIB,0.01136008277507576
2023-02-28,CAH,0.014118960020451302
2023-02-28,CAT,0.011035508981502167
2023-02-28,CB,0.004706320006817101
2023-02-28,CDNS,0.00568004138753788
2023-02-28,CDW,0.003083451038949135
2023-02-28,CEG,0.015579542091532471
2023-02-28,CI,0.014281246917238099
2023-02-28,CMI,0.007952057942553032
2023-02-28,CNP,0.002272016555015152
2023-02-28,COP,0.0077897710457662354
2023-02-28,CPB,0.010224074497568184
2023-02-28,CTAS,0.0066537627682586595
2023-02-28,CTVA,0.008114344839339828
2023-02-28,CVX,0.005030893800390694
2023-02-28,DE,0.0032457379357359317
2023-02-28,DG,0.010061787600781387
2023-02-28,DGX,0.003408024832522728
2023-02-28,ED,0.004544033110030304
2023-02-28,ENPH,0.002758877245375541
2023-02-28,EOG,0.0012982951742943724
2023-02-28,EPAM,0.008925779323273812
2023-02-28,FMC,0.0029211641421623383
2023-02-28,GILD,0.012658377949370131
2023-02-28,GIS,0.01282066484615693
2023-02-28,GL,0.012496091052583338
2023-02-28,GPC,0.01379438622687771
2023-02-28,GWW,0.006816049665045456
2023-02-28,HES,0.013307525536517319
2023-02-28,HIG,0.0038948855228831177
2023-02-28,HOLX,0.009574926910420998
2023-02-28,HSY,0.0073029103554058455
2023-02-28,HUM,0.005355467593964287
2023-02-28,IBM,0.0024343034518019484
2023-02-28,IEX,0.011684656568649353
2023-02-28,INCY,0.011197795878288964
2023-02-28,IT,0.009737213807207793
2023-02-28,K,0.0017851558646547628
2023-02-28,KEYS,0.004219459316456711
2023-02-28,LIN,0.002596590348588745
2023-02-28,LKQ,0.009088066220060607
2023-02-28,LLY,0.014443533814024894
2023-02-28,LVS,0.01184694346543615
2023-02-28,LW,0.015741828988319266
2023-02-28,MCD,0.003732598626096321
2023-02-28,MCK,0.014930394504385283
2023-02-28,MMC,0.005842328284324677
2023-02-28,MNST,0.01233380415579654
2023-02-28,MPC,0.015254968297958879
2023-02-28,MRK,0.014605820710811691
2023-02-28,MRNA,0.00016228689678679655
2023-02-28,MSI,0.00519318069717749
2023-02-28,NUE,0.0019474427614415589
2023-02-28,ORCL,0.0006491475871471862
2023-02-28,ORLY,0.010548648291141778
2023-02-28,OXY,0.011522369671862556
2023-02-28,PCAR,0.008601205529700218
2023-02-28,PFG,0.012171517259009742
2023-02-28,PGR,0.013956673123664503
2023-02-28,PPL,0.0035703117293095247
2023-02-28,PSX,0.0071406234586190494
2023-02-28,PTC,0.008438918632913421
2023-02-28,PWR,0.012982951742943727
2023-02-28,RE,0.00616690207789827
2023-02-28,REGN,0.008763492426487015
2023-02-28,ROST,0.009412640013634201
2023-02-28,SBUX,0.006978336561832252
2023-02-28,SJM,0.009250353116847404
2023-02-28,SLB,0.01038636139435498
2023-02-28,SNA,0.0064914758714718634
2023-02-28,SRE,0.004057172419669914
2023-02-28,TJX,0.01087322208471537
2023-02-28,TMUS,0.010710935187928573
2023-02-28,TRV,0.00048686069036038993
2023-02-28,TT,0.004868606903603897
2023-02-28,ULTA,0.015417255194745674
2023-02-28,URI,0.007627484148979439
2023-02-28,VLO,0.01476810760759849
2023-02-28,VRTX,0.015092681401172082
2023-02-28,WAB,0.0008114344839339829
2023-02-28,WTW,0.006329188974685066
2023-02-28,WYNN,0.0003245737935735931
2023-02-28,XOM,0.013469812433304114
2023-02-28,XYL,0.0014605820710811691
2023-03-31,A,0.0014055449115087928
2023-03-31,ADI,0.0035138622787719838
2023-03-31,AFL,0.0007027724557543968
2023-03-31,AJG,0.0021083173672631905
2023-03-31,ALB,0.001581238025447392
2023-03-31,AME,0.001054158683631595
2023-03-31,AMP,0.004919407190280776
2023-03-31,APD,0.0077304970132983635
2023-03-31,AZO,0.015109607798719527
2023-03-31,BIIB,0.011244359292070346
2023-03-31,BSX,0.0019326242533245909
2023-03-31,BWA,0.011068666178131747
2023-03-31,CAG,0.007906190127236963
2023-03-31,CAH,0.015812380254473925
2023-03-31,CBOE,0.01247421108964054
2023-03-31,CDNS,0.008081883241175562
2023-03-31,CDW,0.007203417671482566
2023-03-31,CEG,0.01458252845690373
2023-03-31,CI,0.01475822157084233
2023-03-31,CLX,0.008257576355114161
2023-03-31,CMI,0.010014507494500152
2023-03-31,CPB,0.014406835342965132
2023-03-31,CTVA,0.001756931139385992
2023-03-31,DHI,0.010190200608438752
2023-03-31,DRI,0.003162476050894785
2023-03-31,ETN,0.0075548038993597634
2023-03-31,FISV,0.0068520314436053675
2023-03-31,FTV,0.0043923278484649785
2023-03-31,GILD,0.01493391468478093
2023-03-31,GIS,0.016163766482351124
2023-03-31,GL,0.015285300912658128
2023-03-31,GPC,0.01669084582416692
2023-03-31,GS,0.004040941620587781
2023-03-31,GWW,0.013001290431456338
2023-03-31,HES,0.011595745519947544
2023-03-31,HIG,0.005446486532096575
2023-03-31,HII,0.005270793418157975
2023-03-31,HOLX,0.0003513862278771984
2023-03-31,HSY,0.009838814380561552
2023-03-31,HUM,0.013528369773272137
2023-03-31,HWM,0.00860896258299136
2023-03-31,IEX,0.01264990420357914
2023-03-31,IR,0.0070277245575439675
2023-03-31,IT,0.005797872759973772
2023-03-31,ITW,0.004568020962403579
2023-03-31,K,0.002459703595140388
2023-03-31,LEN,0.00843326946905276
2023-03-31,LIN,0.0038652485066491818
2023-03-31,LKQ,0.013704062887210735
2023-03-31,LLY,0.005973565873912373
2023-03-31,LMT,0.0026353967090789873
2023-03-31,LVS,0.015636687140535326
2023-03-31,LW,0.017042232052044116
2023-03-31,MCD,0.003338169164833384
2023-03-31,MCK,0.011420052406008947
2023-03-31,MDLZ,0.0005270793418157975
2023-03-31,MNST,0.016339459596289723
2023-03-31,MPC,0.015988073368412525
2023-03-31,MRK,0.016515152710228322
2023-03-31,MS,0.005095100304219376
2023-03-31,MSI,0.0036895553927105825
2023-03-31,NVR,0.01054158683631595
2023-03-31,ODFL,0.006500645215728169
2023-03-31,OMC,0.0008784655696929959
2023-03-31,ORLY,0.013352676659333537
2023-03-31,OTIS,0.004743714076342178
2023-03-31,PEP,0.002986782936956186
2023-03-31,PFG,0.01071727995025455
2023-03-31,PGR,0.015460994026596727
2023-03-31,PH,0.01089297306419315
2023-03-31,PHM,0.012825597317517739
2023-03-31,PM,0.00017569311393859916
2023-03-31,PSX,0.007379110785421165
2023-03-31,PTC,0.009663121266622955
2023-03-31,PWR,0.011947131747824745
2023-03-31,RE,0.013879756001149334
2023-03-31,REGN,0.0028110898230175865
2023-03-31,ROST,0.008784655696929957
2023-03-31,SBUX,0.00632495210178957
2023-03-31,SJM,0.008960348810868558
2023-03-31,SLB,0.009136041924807157
2023-03-31,SNA,0.012122824861763342
2023-03-31,SNPS,0.001229851797570194
2023-03-31,TDG,0.006676338329666768
2023-03-31,TJX,0.014231142229026533
2023-03-31,TMUS,0.009311735038745755
2023-03-31,TPR,0.005622179646035173
2023-03-31,TT,0.013176983545394937
2023-03-31,ULTA,0.01686653893810552
2023-03-31,URI,0.009487428152684356
2023-03-31,VLO,0.012298517975701941
2023-03-31,VRTX,0.006149258987850971
2023-03-31,WAB,0.0022840104812017893
2023-03-31,WYNN,0.011771438633886144
2023-03-31,XOM,0.014055449115087935
2023-03-31,XYL,0.010365893722377352
2023-03-31,YUM,0.00421663473452638
2023-04-30,A,0.0007492946284113184
2023-04-30,ADI,0.009366182855141481
2023-04-30,AFL,0.0001873236571028296
2023-04-30,AJG,0.007118298969907524
2023-04-30,AME,0.0026225311994396146
2023-04-30,ANET,0.012738008682992415
2023-04-30,ANSS,0.0022478838852339556
2023-04-30,AOS,0.0011239419426169778
2023-04-30,APD,0.007680269941216015
2023-04-30,ATVI,0.010864772111964119
2023-04-30,AZO,0.01423659793981505
2023-04-30,BA,0.010490124797758458
2023-04-30,BIIB,0.010677448454861287
2023-04-30,BKNG,0.0003746473142056592
2023-04-30,BSX,0.011052095769066947
2023-04-30,BWA,0.008616888226730162
2023-04-30,CAH,0.01442392159691788
2023-04-30,CARR,0.004121120456262252
2023-04-30,CBOE,0.016109834510843347
2023-04-30,CDAY,0.006181680684393377
2023-04-30,CDNS,0.014985892568226371
2023-04-30,CDW,0.004495767770467911
2023-04-30,CEG,0.011614066740375436
2023-04-30,CMI,0.00992815382644997
2023-04-30,CPB,0.0101154774835528
2023-04-30,CTAS,0.00974083016934714
2023-04-30,DHI,0.015173216225329198
2023-04-30,DRI,0.008804211883832992
2023-04-30,ENPH,0.0005619709713084889
2023-04-30,ETN,0.003933796799159422
2023-04-30,FISV,0.003371825827850933
2023-04-30,FTV,0.005807033370187718
2023-04-30,GE,0.0031845021707481037
2023-04-30,GILD,0.015547863539534856
2023-04-30,GIS,0.017046452796357497
2023-04-30,GL,0.00468309142757074
2023-04-30,GPC,0.013112655997198073
2023-04-30,GWW,0.012925332340095243
2023-04-30,HCA,0.0013112655997198073
2023-04-30,HES,0.006743651655701866
2023-04-30,HOLX,0.005245062398879229
2023-04-30,HSY,0.008429564569627332
2023-04-30,HUM,0.002435207542336785
2023-04-30,HWM,0.0074929462841131856
2023-04-30,IEX,0.013299979654300902
2023-04-30,IR,0.011988714054581094
2023-04-30,ITW,0.008054917255421673
2023-04-30,KEYS,0.0009366182855141482
2023-04-30,KLAC,0.0050577387417764
2023-04-30,LEN,0.014611245254020709
2023-04-30,LIN,0.0029971785136452735
2023-04-30,LLY,0.008991535540935822
2023-04-30,LVS,0.017421100110563154
2023-04-30,LW,0.01817039473897447
2023-04-30,MCD,0.0018732365710282964
2023-04-30,MCHP,0.006369004341496207
2023-04-30,MCK,0.009553506512244311
2023-04-30,MKTX,0.013674626968506562
2023-04-30,MPC,0.017233776453460324
2023-04-30,MPWR,0.0028098548565424443
2023-04-30,MRK,0.012176037711683926
2023-04-30,MSCI,0.013487303311403732
2023-04-30,MSI,0.015735187196637686
2023-04-30,MTD,0.0016859129139254665
2023-04-30,NFLX,0.01479856891112354
2023-04-30,NVDA,0.006930975312804695
2023-04-30,NVR,0.01536053988243203
2023-04-30,ODFL,0.0056197097130848885
2023-04-30,OMC,0.008242240912524504
2023-04-30,ORCL,0.005432386055982059
2023-04-30,ORLY,0.016859129139254664
2023-04-30,OTIS,0.004308444113365081
2023-04-30,PGR,0.01779574742476881
2023-04-30,PH,0.0073056226270103546
2023-04-30,PHM,0.016484481825049007
2023-04-30,PWR,0.017608423767665984
2023-04-30,RE,0.01404927428271222
2023-04-30,REGN,0.012363361368786754
2023-04-30,SBUX,0.015922510853740517
2023-04-30,SJM,0.011426743083272607
2023-04-30,SNA,0.0037464731420565923
2023-04-30,SNPS,0.011801390397478266
2023-04-30,SYK,0.00487041508467357
2023-04-30,TDG,0.00917885919803865
2023-04-30,TJX,0.01386195062560939
2023-04-30,TMUS,0.011239419426169777
2023-04-30,TPR,0.007867593598318843
2023-04-30,TSCO,0.0035591494849537626
2023-04-30,TT,0.016297158167946177
2023-04-30,ULTA,0.017983071081871645
2023-04-30,VLO,0.005994357027290547
2023-04-30,VRSN,0.0014985892568226368
2023-04-30,VRTX,0.006556327998599037
2023-04-30,WYNN,0.016671805482151834
2023-04-30,XOM,0.01030280114065563
2023-04-30,XYL,0.012550685025889583
2023-04-30,YUM,0.002060560228131126
2023-05-31,AFL,0.003621791427240771
2023-05-31,AJG,0.016700482692276888
2023-05-31,AME,0.002414527618160514
2023-05-31,ANET,0.01609685078773676
2023-05-31,ANSS,0.005030265871167737
2023-05-31,AON,0.014285955074116374
2023-05-31,APD,0.00784721475902167
2023-05-31,AZO,0.015090797613503211
2023-05-31,BA,0.014688376343809793
2023-05-31,BIIB,0.013682323169576247
2023-05-31,BKNG,0.000402421269693419
2023-05-31,BSX,0.01569442951804334
2023-05-31,BWA,0.0002012106348467102
2023-05-31,CAG,0.011670216821109152
2023-05-31,CAH,0.017304114596817015
2023-05-31,CBOE,0.018108957136203856
2023-05-31,CDNS,0.013078691265036118
2023-05-31,CEG,0.007243582854481542
2023-05-31,CLX,0.005633897775707866
2023-05-31,CMG,0.014084744439269664
2023-05-31,CPB,0.010261742377182186
2023-05-31,CRM,0.001207263809080257
2023-05-31,CTAS,0.00382300206208748
2023-05-31,DHI,0.01589564015289005
2023-05-31,DRI,0.01187142745595586
2023-05-31,ETN,0.008853267933255218
2023-05-31,FISV,0.007444793489328251
2023-05-31,GE,0.00402421269693419
2023-05-31,GILD,0.012072638090802569
2023-05-31,GIS,0.018712589040743983
2023-05-31,GL,0.0008048425393868382
2023-05-31,GPC,0.010865374281722313
2023-05-31,GWW,0.014487165708963084
2023-05-31,HCA,0.011066584916569023
2023-05-31,HOLX,0.006036319045401284
2023-05-31,HSY,0.017706535866510435
2023-05-31,HUM,0.010060531742335474
2023-05-31,HWM,0.00804842539386838
2023-05-31,IDXX,0.0062375296802479946
2023-05-31,IR,0.006841161584788123
2023-05-31,ISRG,0.005432687140861156
2023-05-31,IT,0.004426633966627609
2023-05-31,ITW,0.0022133169833138044
2023-05-31,LEN,0.014889586978656503
2023-05-31,LIN,0.002816948887853933
2023-05-31,LLY,0.012475059360495989
2023-05-31,LVS,0.019316220945284113
2023-05-31,LW,0.01951743158013082
2023-05-31,MCD,0.008652057298408507
2023-05-31,MCK,0.0018108957136203849
2023-05-31,MDLZ,0.009255689202948636
2023-05-31,MGM,0.003219370157547352
2023-05-31,MMC,0.007042372219634832
2023-05-31,MPC,0.002012106348467095
2023-05-31,MRK,0.013279901899882826
2023-05-31,MSFT,0.0014084744439269664
2023-05-31,MSI,0.017102903961970308
2023-05-31,NFLX,0.016499272057430178
2023-05-31,NVDA,0.009456899837795347
2023-05-31,NVR,0.016298061422583467
2023-05-31,ODFL,0.006639950949941413
2023-05-31,OMC,0.009054478568101928
2023-05-31,ORCL,0.01146900618626244
2023-05-31,ORLY,0.018511378405897273
2023-05-31,OTIS,0.005231476506014447
2023-05-31,PEP,0.009859321107488765
2023-05-31,PGR,0.006438740315094704
2023-05-31,PH,0.0030181595227006417
2023-05-31,PHM,0.016901693327123598
2023-05-31,PNR,0.0034205807923940617
2023-05-31,PWR,0.0191150103104374
2023-05-31,RE,0.013883533804422955
2023-05-31,REGN,0.009658110472642057
2023-05-31,RMD,0.001609685078773676
2023-05-31,ROK,0.010462953012028894
2023-05-31,ROL,0.0026157382530072235
2023-05-31,ROST,0.0042254233317808995
2023-05-31,SBUX,0.018913799675590693
2023-05-31,SJM,0.015292008248349922
2023-05-31,SNA,0.005835108410554576
2023-05-31,SNPS,0.0006036319045401289
2023-05-31,SYK,0.012877480630189408
2023-05-31,TDG,0.011267795551415731
2023-05-31,TJX,0.01227384872564928
2023-05-31,TMUS,0.004829055236321028
2023-05-31,TPR,0.0010060531742335475
2023-05-31,TSCO,0.015493218883196632
2023-05-31,TT,0.017505325231663725
2023-05-31,ULTA,0.017907746501357145
2023-05-31,VRSN,0.012676269995342698
2023-05-31,VRTX,0.013481112534729535
2023-05-31,WMT,0.008450846663561799
2023-05-31,WYNN,0.018310167771050566
2023-05-31,XOM,0.004627844601474318
2023-05-31,XYL,0.010664163646875603
2023-05-31,YUM,0.007646004124174961
2023-05-31,ZBH,0.008249636028715089
2023-06-30,AAPL,0.004843884406876456
2023-06-30,ABC,0.0011625322576503494
2023-06-30,AJG,0.01220658870532867
2023-06-30,AMAT,0.007362704298452212
2023-06-30,AMD,0.00329384139667599
2023-06-30,AME,0.013950387091804193
2023-06-30,AMP,0.0027125752678508154
2023-06-30,ANET,0.01860051612240559
2023-06-30,ANSS,0.010462790318853145
2023-06-30,AON,0.004262618278051281
2023-06-30,AVGO,0.015500430102004659
2023-06-30,BA,0.009687768813752912
2023-06-30,BIIB,0.010656545695128203
2023-06-30,BKNG,0.00871899193237762
2023-06-30,BRKB,0.00038751075255011644
2023-06-30,BSX,0.01646920698337995
2023-06-30,BWA,0.006200172040801863
2023-06-30,CAH,0.0176317392410303
2023-06-30,CBOE,0.009106502684927737
2023-06-30,CDAY,0.0031000860204009315
2023-06-30,CDNS,0.01627545160710489
2023-06-30,CEG,0.012787854834153843
2023-06-30,CMG,0.01511291934945454
2023-06-30,CRM,0.0007750215051002329
2023-06-30,CTAS,0.009300258061202795
2023-06-30,DHI,0.01743798386475524
2023-06-30,DRI,0.017244228488480184
2023-06-30,DXCM,0.00658768279335198
2023-06-30,ETN,0.014919163973179482
2023-06-30,FISV,0.005812661288251747
2023-06-30,FTV,0.003487596772951048
2023-06-30,GE,0.014144142468079251
2023-06-30,GILD,0.0001937553762750583
2023-06-30,GWW,0.011625322576503495
2023-06-30,HCA,0.012981610210428901
2023-06-30,HSY,0.007943970427277387
2023-06-30,HWM,0.011431567200228436
2023-06-30,IDXX,0.006006416664526806
2023-06-30,IPG,0.010850301071403261
2023-06-30,IR,0.012012833329053611
2023-06-30,ISRG,0.009494013437477853
2023-06-30,IT,0.015694185478279717
2023-06-30,ITW,0.0009687768813752911
2023-06-30,JCI,0.0046501290306013975
2023-06-30,KLAC,0.008331481179827504
2023-06-30,LEN,0.015887940854554774
2023-06-30,LIN,0.006975193545902095
2023-06-30,LLY,0.011237811823953378
2023-06-30,LOW,0.005425150535701631
2023-06-30,LRCX,0.00755645967472727
2023-06-30,LVS,0.016662962359655007
2023-06-30,LW,0.018988026874955707
2023-06-30,MCHP,0.001743798386475524
2023-06-30,MCK,0.003681352149226106
2023-06-30,MDLZ,0.0013562876339254081
2023-06-30,META,0.008137725803552445
2023-06-30,MGM,0.005618905911976689
2023-06-30,MLM,0.01104405644767832
2023-06-30,MPC,0.0023250645153006988
2023-06-30,MPWR,0.0005812661288251747
2023-06-30,MRK,0.002906330644125873
2023-06-30,MSFT,0.00988152419002797
2023-06-30,MSI,0.015306674725729599
2023-06-30,NFLX,0.01879427149868065
2023-06-30,NVDA,0.018406760746130534
2023-06-30,NVR,0.016856717735930067
2023-06-30,ODFL,0.0015500430102004656
2023-06-30,OMC,0.014531653220629367
2023-06-30,ON,0.01317536558670396
2023-06-30,ORCL,0.013369120962979018
2023-06-30,ORLY,0.017825494617305357
2023-06-30,PH,0.006781438169627038
2023-06-30,PHM,0.018213005369855473
2023-06-30,PNR,0.006393927417076921
2023-06-30,PTC,0.002518819891575757
2023-06-30,PWR,0.018019249993580417
2023-06-30,RCL,0.016081696230829834
2023-06-30,RE,0.005231395159426572
2023-06-30,REGN,0.004068862901776223
2023-06-30,ROK,0.010269034942578087
2023-06-30,ROST,0.011819077952778553
2023-06-30,SBUX,0.0071689489221771555
2023-06-30,SJM,0.0021313091390256413
2023-06-30,SNA,0.010075279566303028
2023-06-30,SNPS,0.013562876339254076
2023-06-30,SYK,0.012400344081603726
2023-06-30,TDG,0.014725408596904424
2023-06-30,TJX,0.01433789784435431
2023-06-30,TPR,0.005037639783151514
2023-06-30,TT,0.008912747308652678
2023-06-30,URI,0.0019375537627505824
2023-06-30,VMC,0.012594099457878784
2023-06-30,VRSK,0.008525236556102562
2023-06-30,VRSN,0.013756631715529134
2023-06-30,WMT,0.0077502150510023295
2023-06-30,WYNN,0.017050473112205124
2023-06-30,XYL,0.004456373654326339
2023-06-30,ZBH,0.0038751075255011643
2023-07-31,ABC,0.01409636019356196
2023-07-31,AFL,0.005891016200294551
2023-07-31,AJG,0.010098884914790659
2023-07-31,AMAT,0.006732589943193772
2023-07-31,AME,0.015148327372185988
2023-07-31,AMP,0.0023143277929728594
2023-07-31,ANET,0.009678098043341047
2023-07-31,AON,0.0071533768146433835
2023-07-31,AVGO,0.017673048600883652
2023-07-31,BA,0.004207868714496108
2023-07-31,BIIB,0.004418262150220913
2023-07-31,BKNG,0.01367557332211235
2023-07-31,BSX,0.01788344203660846
2023-07-31,BWA,0.0016831474857984434
2023-07-31,CAH,0.019356196086682095
2023-07-31,CARR,0.0029455081001472753
2023-07-31,CCL,0.012623606143488323
2023-07-31,CDNS,0.0010519671786240262
2023-07-31,CEG,0.012202819272038713
2023-07-31,CMG,0.009046917736166631
2023-07-31,CTAS,0.002103934357248054
2023-07-31,DAL,0.011361245529139492
2023-07-31,DHI,0.018514622343782875
2023-07-31,DRI,0.01830422890805807
2023-07-31,DVA,0.005259835893120134
2023-07-31,DXCM,0.010519671786240269
2023-07-31,ETN,0.014937933936461182
2023-07-31,FAST,0.007363770250368188
2023-07-31,FTNT,0.0018935409215232485
2023-07-31,GE,0.014517147065011572
2023-07-31,GILD,0.006311803071744161
2023-07-31,GWW,0.013044393014937934
2023-07-31,HCA,0.01283399957921313
2023-07-31,HWM,0.011150852093414685
2023-07-31,IDXX,0.003366294971596886
2023-07-31,IPG,0.009467704607616242
2023-07-31,IR,0.010730065221965075
2023-07-31,ISRG,0.011571638964864297
2023-07-31,IT,0.014306753629286767
2023-07-31,ITW,0.00021039343572480532
2023-07-31,JCI,0.005680622764569746
2023-07-31,JPM,0.006942983378918578
2023-07-31,LEN,0.016831474857984433
2023-07-31,LIN,0.014727540500736377
2023-07-31,LLY,0.01641068798653482
2023-07-31,LOW,0.009257311171891438
2023-07-31,LRCX,0.0004207868714496115
2023-07-31,LVS,0.017041868293709236
2023-07-31,LW,0.01998737639385651
2023-07-31,MCHP,0.003787081843046497
2023-07-31,MCK,0.01094045865768988
2023-07-31,META,0.01598990111508521
2023-07-31,MGM,0.007574163686092994
2023-07-31,MLM,0.012413212707763518
2023-07-31,MMC,0.0025247212286976647
2023-07-31,MPC,0.006522196507468967
2023-07-31,MRK,0.013254786450662739
2023-07-31,MSFT,0.00547022932884494
2023-07-31,MSI,0.008836524300441826
2023-07-31,NCLH,0.00820534399326741
2023-07-31,NFLX,0.0195665895224069
2023-07-31,NOW,0.0006311803071744162
2023-07-31,NVDA,0.018725015779507678
2023-07-31,NVR,0.019776982958131708
2023-07-31,ODFL,0.0008415737428992215
2023-07-31,OMC,0.017252261729434042
2023-07-31,ON,0.005049442457395329
2023-07-31,ORCL,0.015358720807910793
2023-07-31,ORLY,0.016200294550810016
2023-07-31,PGR,0.0061014096360193565
2023-07-31,PH,0.008626130864717021
2023-07-31,PHM,0.02040816326530612
2023-07-31,PNR,0.013885966757837155
2023-07-31,PWR,0.01914580265095729
2023-07-31,RCL,0.020197769829581318
2023-07-31,RE,0.010309278350515464
2023-07-31,REGN,0.007784557121817799
2023-07-31,RL,0.0014727540500736377
2023-07-31,ROK,0.0027351146644224705
2023-07-31,ROST,0.011782032400589101
2023-07-31,SNA,0.013465179886387544
2023-07-31,SYK,0.018093835472333262
2023-07-31,TDG,0.016621081422259626
2023-07-31,TJX,0.017462655165158845
2023-07-31,TPR,0.004839049021670524
2023-07-31,TT,0.011992425836313906
2023-07-31,UAL,0.007994950557542605
2023-07-31,UHS,0.004628655585945719
2023-07-31,VMC,0.015779507679360403
2023-07-31,VRSK,0.0035766884073216917
2023-07-31,VRSN,0.0031559015358720802
2023-07-31,VRTX,0.009888491479065854
2023-07-31,WMT,0.008415737428992216
2023-07-31,WTW,0.003997475278771302
2023-07-31,WYNN,0.018935409215232485
2023-07-31,XYL,0.0012623606143488324
2023-07-31,ZBH,0.015569114243635596
2023-08-31,ABC,0.004418262150220913
2023-08-31,ADI,0.005891016200294551
2023-08-31,AJG,0.0031559015358720802
2023-08-31,ALGN,0.007784557121817799
2023-08-31,AMAT,0.014937933936461183
2023-08-31,AME,0.01409636019356196
2023-08-31,ANSS,0.01094045865768988
2023-08-31,AVGO,0.018725015779507678
2023-08-31,BA,0.006311803071744161
2023-08-31,BKNG,0.017673048600883652
2023-08-31,BRKB,0.011361245529139492
2023-08-31,BSX,0.015779507679360403
2023-08-31,CAH,0.0027351146644224687
2023-08-31,CARR,0.013885966757837155
2023-08-31,CBOE,0.01283399957921313
2023-08-31,CCL,0.007363770250368188
2023-08-31,CDNS,0.011992425836313906
2023-08-31,COO,0.012202819272038713
2023-08-31,CRM,0.0014727540500736377
2023-08-31,CTAS,0.010730065221965075
2023-08-31,DAL,0.004839049021670524
2023-08-31,DD,0.00820534399326741
2023-08-31,DHI,0.01998737639385651
2023-08-31,DRI,0.01788344203660846
2023-08-31,DXCM,0.005259835893120134
2023-08-31,ETN,0.01830422890805807
2023-08-31,FAST,0.002314327792972859
2023-08-31,FCX,0.008415737428992216
2023-08-31,FTNT,0.014517147065011572
2023-08-31,FTV,0.006522196507468967
2023-08-31,GE,0.015148327372185988
2023-08-31,HCA,0.007574163686092994
2023-08-31,HOLX,0.0035766884073216917
2023-08-31,HWM,0.015569114243635598
2023-08-31,IDXX,0.016831474857984433
2023-08-31,IR,0.013465179886387544
2023-08-31,ISRG,0.011150852093414685
2023-08-31,IT,0.002103934357248054
2023-08-31,ITW,0.008626130864717021
2023-08-31,JCI,0.0008415737428992213
2023-08-31,JPM,0.010309278350515464
2023-08-31,KLAC,0.012413212707763518
2023-08-31,LEN,0.0195665895224069
2023-08-31,LIN,0.017041868293709236
2023-08-31,LLY,0.017462655165158845
2023-08-31,LOW,0.011782032400589101
2023-08-31,LRCX,0.015358720807910793
2023-08-31,LVS,0.01598990111508521
2023-08-31,LW,0.009678098043341047
2023-08-31,MAR,0.003366294971596886
2023-08-31,MCHP,0.009888491479065854
2023-08-31,MDLZ,0.0012623606143488324
2023-08-31,META,0.01641068798653482
2023-08-31,MGM,0.01367557332211235
2023-08-31,MLM,0.008836524300441826
2023-08-31,MPC,0.001051967178624027
2023-08-31,MRK,0.0016831474857984426
2023-08-31,MSFT,0.009257311171891438
2023-08-31,MSI,0.003997475278771302
2023-08-31,NFLX,0.01914580265095729
2023-08-31,NOW,0.00042078687144961075
2023-08-31,NVDA,0.020197769829581318
2023-08-31,NVR,0.019776982958131708
2023-08-31,NXPI,0.0029455081001472753
2023-08-31,ODFL,0.016200294550810016
2023-08-31,ON,0.010098884914790659
2023-08-31,ORCL,0.013254786450662739
2023-08-31,ORLY,0.012623606143488323
2023-08-31,OTIS,0.0025247212286976647
2023-08-31,PH,0.014727540500736377
2023-08-31,PHM,0.02040816326530612
2023-08-31,PNR,0.018514622343782875
2023-08-31,PTC,0.0061014096360193565
2023-08-31,PWR,0.018093835472333262
2023-08-31,RCL,0.019356196086682095
2023-08-31,REGN,0.006942983378918578
2023-08-31,RL,0.005680622764569746
2023-08-31,ROK,0.013044393014937934
2023-08-31,ROP,0.0006311803071744162
2023-08-31,ROST,0.00547022932884494
2023-08-31,SLB,0.00021039343572480537
2023-08-31,SNA,0.005049442457395329
2023-08-31,SYK,0.014306753629286767
2023-08-31,TAP,0.009046917736166631
2023-08-31,TDG,0.017252261729434042
2023-08-31,TJX,0.016621081422259626
2023-08-31,TT,0.0071533768146433835
2023-08-31,UAL,0.004628655585945719
2023-08-31,URI,0.006732589943193772
2023-08-31,VMC,0.011571638964864297
2023-08-31,VRSK,0.004207868714496108
2023-08-31,VRTX,0.0037870818430464966
2023-08-31,WAB,0.010519671786240269
2023-08-31,WMT,0.007994950557542605
2023-08-31,WYNN,0.018935409215232485
2023-08-31,YUM,0.0018935409215232485
2023-08-31,ZBH,0.009467704607616242
2023-09-30,ADBE,0.014281184819076987
2023-09-30,AJG,0.010608880151314334
2023-09-30,ALGN,0.009996829373353892
2023-09-30,AMAT,0.015301269449011057
2023-09-30,AME,0.01346511711512973
2023-09-30,ANET,0.00795666011348575
2023-09-30,ANSS,0.0077526431874989366
2023-09-30,AOS,0.010812897077301148
2023-09-30,APH,0.0030602538898022117
2023-09-30,AVGO,0.01836152333881327
2023-09-30,BA,0.013261100189142918
2023-09-30,BKNG,0.017953489486839645
2023-09-30,BKR,0.00693657548355168
2023-09-30,BRKB,0.014893235597037431
2023-09-30,BSX,0.017137421782892386
2023-09-30,CARR,0.010200846299340705
2023-09-30,CAT,0.007344609335525308
2023-09-30,CBOE,0.014485201745063802
2023-09-30,CCL,0.004488372371709911
2023-09-30,CDNS,0.013057083263156103
2023-09-30,CHD,0.0008160677039472565
2023-09-30,CMCSA,0.012445032485195661
2023-09-30,COO,0.013669134041116545
2023-09-30,CSCO,0.006732558557564865
2023-09-30,CTAS,0.011016914003287963
2023-09-30,DD,0.009588795521380264
2023-09-30,DHI,0.018565540264800087
2023-09-30,DOV,0.0012241015559208846
2023-09-30,EQIX,0.003264270815789026
2023-09-30,ETN,0.01917759104276053
2023-09-30,FAST,0.006324524705591238
2023-09-30,FDX,0.012649049411182476
2023-09-30,FLT,0.01387315096710336
2023-09-30,FTV,0.012241015559208847
2023-09-30,GE,0.016525371004931944
2023-09-30,GRMN,0.009792812447367077
2023-09-30,HCA,0.008772727817433006
2023-09-30,HPE,0.005100423149670352
2023-09-30,HWM,0.016729387930918757
2023-09-30,ICE,0.0048964062236835386
2023-09-30,IDXX,0.011628964781248403
2023-09-30,IR,0.017545455634866012
2023-09-30,IRM,0.004080338519736283
2023-09-30,ISRG,0.007140592409538494
2023-09-30,ITW,0.0026522200378285834
2023-09-30,JPM,0.0014281184819076986
2023-09-30,KLAC,0.014077167893090175
2023-09-30,LEN,0.0173414387088792
2023-09-30,LIN,0.0159133202269715
2023-09-30,LLY,0.015505286374997873
2023-09-30,LOW,0.0020401692598681423
2023-09-30,LRCX,0.01570930330098469
2023-09-30,MA,0.012036998633222032
2023-09-30,MAR,0.006528541631578052
2023-09-30,MCO,0.001836152333881327
2023-09-30,MDLZ,0.00020401692598681414
2023-09-30,META,0.012853066337169289
2023-09-30,MLM,0.007548626261512122
2023-09-30,MMC,0.008160677039472566
2023-09-30,MPC,0.0010200846299340707
2023-09-30,MSFT,0.01183298170723522
2023-09-30,MSI,0.0006120507779604424
2023-09-30,NFLX,0.015097252523024244
2023-09-30,NOW,0.008568710891446193
2023-09-30,NVDA,0.019789641820720967
2023-09-30,NVR,0.01938160796874734
2023-09-30,NWS,0.00040803385197362823
2023-09-30,ODFL,0.01693340485690557
2023-09-30,ON,0.0016321354078945131
2023-09-30,ORCL,0.017749472560852828
2023-09-30,ORLY,0.005304440075657167
2023-09-30,OTIS,0.003672304667762654
2023-09-30,PH,0.016117337152958315
2023-09-30,PHM,0.019585624894734154
2023-09-30,PNR,0.0187695571907869
2023-09-30,PTC,0.009180761669406635
2023-09-30,PWR,0.018973574116773712
2023-09-30,RCL,0.01632135407894513
2023-09-30,ROK,0.005712473927630795
2023-09-30,ROP,0.01142494785526159
2023-09-30,ROST,0.004692389297696725
2023-09-30,SNA,0.0038763215937494683
2023-09-30,SNPS,0.0022441861858549556
2023-09-30,STE,0.0028562369638153976
2023-09-30,SYK,0.00938477859539345
2023-09-30,TDG,0.018157506412826454
2023-09-30,TJX,0.014689218671050617
2023-09-30,TT,0.008364693965459379
2023-09-30,URI,0.008976744743419822
2023-09-30,V,0.005508457001643981
2023-09-30,VMC,0.006120507779604423
2023-09-30,VRSK,0.011220930929274777
2023-09-30,WAB,0.0042843554457230966
2023-09-30,WMT,0.0024482031118417697
2023-09-30,WST,0.01040486322532752
2023-09-30,WYNN,0.005916490853617611
2023-09-30,ZTS,0.00346828774177584
2023-10-31,ACGL,0.018983931742144612
2023-10-31,ADBE,0.01612613556590779
2023-10-31,ADI,0.004694950860960495
2023-10-31,AFL,0.000816513193210521
2023-10-31,AJG,0.011227056406644663
2023-10-31,ALGN,0.010614671511736774
2023-10-31,AMAT,0.014901365776092008
2023-10-31,AMD,0.00796100363380258
2023-10-31,ANET,0.011635313003249924
2023-10-31,ANSS,0.013880724284578858
2023-10-31,AON,0.0018371546847236724
2023-10-31,AOS,0.002857796176236823
2023-10-31,ATVI,0.013268339389670966
2023-10-31,AVGO,0.017963290250631463
2023-10-31,BA,0.001633026386421042
2023-10-31,BKNG,0.01877980344384198
2023-10-31,BKR,0.0022454112813289333
2023-10-31,BR,0.003266052772842084
2023-10-31,BRKB,0.012655954494763077
2023-10-31,BRO,0.006940362142289429
2023-10-31,BSX,0.014288980881184117
2023-10-31,CARR,0.010818799810039402
2023-10-31,CBOE,0.01714677705742094
2023-10-31,CDNS,0.018575675145539355
2023-10-31,CE,0.00836926023040784
2023-10-31,CHD,0.010410543213434143
2023-10-31,CMCSA,0.016330263864210423
2023-10-31,CME,0.010206414915131513
2023-10-31,CSCO,0.0010206414915131514
2023-10-31,CTAS,0.0006123848949078914
2023-10-31,DD,0.006532105545684168
2023-10-31,DHI,0.013472467687973597
2023-10-31,DVA,0.011431184704947294
2023-10-31,EQIX,0.006736233843986798
2023-10-31,ETN,0.01673852046081568
2023-10-31,FAST,0.008165131932105212
2023-10-31,FDX,0.019392188338749873
2023-10-31,FLT,0.0175550336540262
2023-10-31,FTV,0.0030619244745394535
2023-10-31,GE,0.014493109179486747
2023-10-31,GOOG,0.012451826196460446
2023-10-31,GOOGL,0.012247697898157814
2023-10-31,GRMN,0.012860082793065705
2023-10-31,HPE,0.003674309369447345
2023-10-31,HWM,0.013064211091368336
2023-10-31,ICE,0.002449539579631563
2023-10-31,IR,0.00857338852871047
2023-10-31,IRM,0.0012247697898157815
2023-10-31,J,0.010002286616828882
2023-10-31,KLAC,0.014084852582881488
2023-10-31,LEN,0.01592200726760516
2023-10-31,LIN,0.012043569599855185
2023-10-31,LLY,0.015105494074394639
2023-10-31,LRCX,0.0155137506709999
2023-10-31,LYB,0.005919720650776277
2023-10-31,MA,0.00775687533549995
2023-10-31,MAR,0.0034701810711447144
2023-10-31,MCHP,0.00020412829830263025
2023-10-31,MCO,0.002041282983026303
2023-10-31,META,0.019800444935355134
2023-10-31,MLM,0.004899079159263126
2023-10-31,MMC,0.009798158318526252
2023-10-31,MPC,0.00734861873889469
2023-10-31,MPWR,0.0026536678779341934
2023-10-31,MSFT,0.01694264875911831
2023-10-31,NOW,0.006123848949078907
2023-10-31,NVDA,0.019596316637052504
2023-10-31,NVR,0.018371546847236724
2023-10-31,NXPI,0.0087775168270131
2023-10-31,ODFL,0.01571787896930253
2023-10-31,ON,0.011022928108342035
2023-10-31,ORCL,0.005511464054171017
2023-10-31,PH,0.008981645125315732
2023-10-31,PHM,0.019188060040447246
2023-10-31,PKG,0.009594030020223623
2023-10-31,PNR,0.01816741854893409
2023-10-31,PTC,0.004490822562657866
2023-10-31,PWR,0.015309622372697267
2023-10-31,RCL,0.00755274703719732
2023-10-31,ROP,0.005307335755868387
2023-10-31,SNPS,0.01653439216251305
2023-10-31,SPGI,0.0004082565966052605
2023-10-31,STE,0.013676595986276227
2023-10-31,STX,0.004082565966052606
2023-10-31,TAP,0.003878437667749975
2023-10-31,TDG,0.017759161952328833
2023-10-31,TJX,0.005715592352473648
2023-10-31,TRGP,0.011839441301552555
2023-10-31,TT,0.00938990172192099
2023-10-31,TYL,0.007144490440592058
2023-10-31,URI,0.004286694264355235
2023-10-31,VMC,0.005103207457565756
2023-10-31,VRSK,0.01469723747778938
2023-10-31,WELL,0.009185773423618362
2023-10-31,WMT,0.0014288980881184117
2023-10-31,WST,0.017350905355723572
2023-10-31,WYNN,0.006327977247381538
2023-11-30,AAPL,0.004757458645546155
2023-11-30,ACGL,0.008955216273969233
2023-11-30,ADBE,0.008395515256846156
2023-11-30,AFL,0.0006529845199769232
2023-11-30,AIZ,0.005970144182646154
2023-11-30,AJG,0.007089546216892309
2023-11-30,AKAM,0.00018656700570769233
2023-11-30,AMAT,0.0033582061027384626
2023-11-30,AMD,0.0007462680228307698
2023-11-30,AMZN,0.007462680228307695
2023-11-30,ANET,0.004384324634130771
2023-11-30,ANSS,0.0016791030513692313
2023-11-30,AOS,0.0028917885884692314
2023-11-30,AVGO,0.008208948251138463
2023-11-30,BKNG,0.007369396725453847
2023-11-30,BKR,0.005503726668376925
2023-11-30,BR,0.004291041131276924
2023-11-30,BRKB,0.001026118531392308
2023-11-30,BRO,0.006529845199769232
2023-11-30,BSX,0.0048507421484000005
2023-11-30,CAH,0.0041044741255692315
2023-11-30,CBOE,0.008861932771115386
2023-11-30,CDNS,0.008675365765407695
2023-11-30,CEG,0.005317159662669231
2023-11-30,CHD,0.00317163909703077
2023-11-30,CMCSA,0.0011194020342461548
2023-11-30,CME,0.00802238124543077
2023-11-30,CMG,0.002332087571346154
2023-11-30,CRM,0.0038246236170076933
2023-11-30,CTAS,0.004570891639838462
2023-11-30,DHI,0.004011190622715384
2023-11-30,ECL,0.0008395515256846155
2023-11-30,ETN,0.005037309154107694
2023-11-30,FAST,0.007182829719746156
2023-11-30,FDX,0.00755596373116154
2023-11-30,FLT,0.002518654577053848
2023-11-30,GE,0.007835814239723078
2023-11-30,GOOG,0.00634327819406154
2023-11-30,GOOGL,0.006156711188353848
2023-11-30,GRMN,0.0062499946912076935
2023-11-30,GWW,0.0034514896055923084
2023-11-30,HLT,9.328350285384616e-05
2023-11-30,HWM,0.0052238761598153854
2023-11-30,INTC,0.0019589535599307695
2023-11-30,INTU,0.006063427685500001
2023-11-30,IR,0.003264922599884616
2023-11-30,J,0.0005597010171230765
2023-11-30,KLAC,0.003917907119861539
2023-11-30,L,0.004944025651253847
2023-11-30,LEN,0.004197757628423077
2023-11-30,LIN,0.00513059265696154
2023-11-30,LLY,0.008302231753992308
2023-11-30,LRCX,0.005410443165523079
2023-11-30,MA,0.001399252542807693
2023-11-30,MAR,0.0026119380799076927
2023-11-30,MCK,0.006623128702623078
2023-11-30,META,0.009048499776823078
2023-11-30,MLM,0.001585819548515385
2023-11-30,MMC,0.003638056611300001
2023-11-30,MPC,0.002052237062784616
2023-11-30,MSFT,0.008488798759700003
2023-11-30,MU,0.0013059690399538464
2023-11-30,NFLX,0.0069962627140384625
2023-11-30,NOW,0.007929097742576925
2023-11-30,NVDA,0.008768649268261541
2023-11-30,NVR,0.004477608136984616
2023-11-30,NWS,0.0009328350285384619
2023-11-30,ODFL,0.005690293674084617
2023-11-30,ORCL,0.006436561696915386
2023-11-30,ORLY,0.0022388040684923082
2023-11-30,PCG,0.00037313401141538465
2023-11-30,PGR,0.00559701017123077
2023-11-30,PH,0.005783577176938463
2023-11-30,PHM,0.008582082262553848
2023-11-30,PKG,0.002145520565638462
2023-11-30,PNR,0.006902979211184617
2023-11-30,PTC,0.0035447731084461546
2023-11-30,PWR,0.0018656700570769229
2023-11-30,RCL,0.0030783555941769243
2023-11-30,ROP,0.0077425307368692315
2023-11-30,RSG,0.0017723865542230773
2023-11-30,SNPS,0.007649247234015387
2023-11-30,STE,0.004664175142692308
2023-11-30,STX,0.005876860679792309
2023-11-30,SYK,0.002705221582761539
2023-11-30,TDG,0.008115664748284616
2023-11-30,TJX,0.0014925360456615388
2023-11-30,TRGP,0.002425371074200001
2023-11-30,TTWO,0.006716412205476924
2023-11-30,TYL,0.0037313401141538475
2023-11-30,URI,0.00027985050856153826
2023-11-30,V,0.002985072091323077
2023-11-30,VRSK,0.007276113222600001
2023-11-30,VRTX,0.0012126855371000003
2023-11-30,WELL,0.002798505085615385
2023-11-30,WMT,0.00046641751426923094
2023-11-30,WST,0.00680969570833077
2023-12-31,AAPL,0.008671250937240266
2023-12-31,ACGL,0.009004760588672585
2023-12-31,ACN,0.0008893590704861812
2023-12-31,ADBE,0.010005289542969538
2023-12-31,AIZ,0.0075595520991325405
2023-12-31,AJG,0.008337741285807948
2023-12-31,AKAM,0.0021122277924046804
2023-12-31,AMAT,0.006447853261024814
2023-12-31,AMD,0.005113814655295541
2023-12-31,AMZN,0.010116459426780312
2023-12-31,ANET,0.008226571401997175
2023-12-31,AOS,0.0063366833772140405
2023-12-31,AVGO,0.00922710035629413
2023-12-31,BKNG,0.008560081053429494
2023-12-31,BR,0.006559023144835586
2023-12-31,BRKB,0.0023345675600262255
2023-12-31,BRO,0.005558494190538632
2023-12-31,BSX,0.001556378373350817
2023-12-31,CAH,0.005336154422917088
2023-12-31,CBOE,0.010561138962023401
2023-12-31,CCL,0.000333509651432318
2023-12-31,CDNS,0.01044996907821263
2023-12-31,CE,0.00011116988381077265
2023-12-31,CEG,0.007448382215321767
2023-12-31,CME,0.009115930472483358
2023-12-31,CMG,0.0060031737257817235
2023-12-31,COST,0.0038909459333770426
2023-12-31,CRM,0.007893061750564858
2023-12-31,CTAS,0.0037797760495662702
2023-12-31,DHI,0.0025569073276477707
2023-12-31,DLR,0.0018898880247831351
2023-12-31,ECL,0.0014452084895400445
2023-12-31,EQIX,0.0010005289542969538
2023-12-31,ETN,0.006892532796267905
2023-12-31,FAST,0.008893590704861813
2023-12-31,FDX,0.008782420821051039
2023-12-31,FLT,0.001334038605729272
2023-12-31,GE,0.009782949775347993
2023-12-31,GOOG,0.008115401518186403
2023-12-31,GOOGL,0.00800423163437563
2023-12-31,GRMN,0.004446795352430906
2023-12-31,GWW,0.002890416979080089
2023-12-31,HLT,0.004557965236241679
2023-12-31,HWM,0.002779247095269316
2023-12-31,INTC,0.006225513493403268
2023-12-31,INTU,0.007226042447700223
2023-12-31,IR,0.004335625468620133
2023-12-31,IRM,0.003335096514323179
2023-12-31,KLAC,0.00589200384197095
2023-12-31,L,0.0036686061657554975
2023-12-31,LEN,0.002668077211458544
2023-12-31,LIN,0.007781891866754085
2023-12-31,LLY,0.009560610007726447
2023-12-31,LRCX,0.007670721982943313
2023-12-31,MA,0.00022233976762154532
2023-12-31,MAR,0.005780833958160178
2023-12-31,MCK,0.004891474887673997
2023-12-31,MCO,0.0005558494190538633
2023-12-31,META,0.010783478729644946
2023-12-31,MLM,0.004669135120052451
2023-12-31,MMC,0.0020010579085939077
2023-12-31,MPWR,0.0012228687219184992
2023-12-31,MSFT,0.010338799194401857
2023-12-31,MSI,0.002223397676215453
2023-12-31,MU,0.004224455584809361
2023-12-31,NFLX,0.007003702680078677
2023-12-31,NOW,0.009894119659158766
2023-12-31,NRG,0.005224984539106315
2023-12-31,NTAP,0.004002115817187815
2023-12-31,NVDA,0.010672308845834175
2023-12-31,NVR,0.0034462663981339524
2023-12-31,NWS,0.00044467953524309064
2023-12-31,ODFL,0.0017787181409723626
2023-12-31,ORCL,0.006781362912457132
2023-12-31,ORLY,0.000667019302864636
2023-12-31,PGR,0.004113285700998588
2023-12-31,PH,0.006670193028646358
2023-12-31,PHM,0.010227629310591083
2023-12-31,PKG,0.0024457374438369983
2023-12-31,PNR,0.006114343609592496
2023-12-31,PTC,0.005002644771484769
2023-12-31,PWR,0.0016675482571615896
2023-12-31,RCL,0.008448911169618722
2023-12-31,ROP,0.007337212331510995
2023-12-31,RSG,0.00544732430672786
2023-12-31,SNPS,0.009449440123915676
2023-12-31,STX,0.004780305003863223
2023-12-31,TDG,0.009338270240104902
2023-12-31,TRGP,0.0007781891866754085
2023-12-31,TSLA,0.003223926630512407
2023-12-31,TT,0.0011116988381077266
2023-12-31,TTWO,0.009671779891537221
2023-12-31,TYL,0.0030015868628908617
2023-12-31,V,0.003112756746701634
2023-12-31,VRSK,0.007114872563889449
2023-12-31,WELL,0.005669664074349406
2023-12-31,WST,0.0035574362819447247
2024-01-31,AAPL,0.010476018900929968
2024-01-31,ACN,0.0055653850411190465
2024-01-31,ADBE,0.012112896854200276
2024-01-31,AIZ,0.011785521263546215
2024-01-31,AKAM,0.005074321655137954
2024-01-31,AMAT,0.008348077561678569
2024-01-31,AMD,0.010639706696257
2024-01-31,AMZN,0.01325871142148949
2024-01-31,ANET,0.013913462602797615
2024-01-31,ANSS,0.0042558826785028
2024-01-31,AOS,0.01293133583083543
2024-01-31,APH,0.004092194883175769
2024-01-31,AVGO,0.014568213784105737
2024-01-31,BKNG,0.007857014175697476
2024-01-31,BR,0.00867545315233263
2024-01-31,BRKB,0.004910633859810922
2024-01-31,BRO,0.004746946064483892
2024-01-31,BSX,0.005892760631773107
2024-01-31,CAH,0.003601131497194677
2024-01-31,CBOE,0.015386652760740893
2024-01-31,CDNS,0.013749774807470583
2024-01-31,CEG,0.013422399216816523
2024-01-31,CME,0.009493892128967785
2024-01-31,CMG,0.0045832582691568615
2024-01-31,COST,0.011294457877565122
2024-01-31,CRM,0.009821267719621845
2024-01-31,CTAS,0.013586087012143552
2024-01-31,DHI,0.009002828742986692
2024-01-31,ECL,0.005238009450464984
2024-01-31,ETN,0.012767648035508398
2024-01-31,EXPD,0.0037648192925217074
2024-01-31,FAST,0.014731901579432768
2024-01-31,FDX,0.010148643310275908
2024-01-31,FLT,0.006056448427100138
2024-01-31,GE,0.015714028351394953
2024-01-31,GOOG,0.009984955514948877
2024-01-31,GOOGL,0.010312331105602937
2024-01-31,GRMN,0.007693326380370446
2024-01-31,GWW,0.008020701971024507
2024-01-31,HLT,0.005401697245792015
2024-01-31,HWM,0.006711199608408261
2024-01-31,IBM,0.006220136222427169
2024-01-31,ICE,0.0008184389766351538
2024-01-31,INTC,0.012276584649527305
2024-01-31,INTU,0.011949209058873245
2024-01-31,IR,0.009657579924294816
2024-01-31,IRM,0.007365950789716384
2024-01-31,ISRG,0.0018005657485973385
2024-01-31,IT,0.0011458145672892154
2024-01-31,KLAC,0.011458145672892153
2024-01-31,L,0.0032737559065406153
2024-01-31,LEN,0.007038575199062322
2024-01-31,LIN,0.012603960240181369
2024-01-31,LLY,0.014240838193451675
2024-01-31,LRCX,0.01096708228691106
2024-01-31,MAR,0.0057290728364460764
2024-01-31,MAS,0.002619004725232492
2024-01-31,MCK,0.006874887403735291
2024-01-31,META,0.015877716146721982
2024-01-31,MLM,0.011130770082238093
2024-01-31,MPWR,0.0021279413392514
2024-01-31,MSFT,0.0148955893747598
2024-01-31,MSI,0.003928507087848738
2024-01-31,MU,0.002455316929905461
2024-01-31,NFLX,0.0013095023626162458
2024-01-31,NOW,0.013095023626162461
2024-01-31,NRG,0.01555034055606792
2024-01-31,NTAP,0.0029463803158865536
2024-01-31,NVDA,0.01505927717008683
2024-01-31,NVR,0.007529638585043415
2024-01-31,NWS,0.0004910633859810923
2024-01-31,ORLY,0.004419570473829831
2024-01-31,PCG,0.00016368779532703075
2024-01-31,PH,0.009166516538313723
2024-01-31,PHM,0.01522296496541386
2024-01-31,PNR,0.0085117653570056
2024-01-31,PSX,0.0003273755906540615
2024-01-31,PTC,0.007202262994389354
2024-01-31,PWR,0.008184389766351538
2024-01-31,RCL,0.012440272444854338
2024-01-31,ROL,0.000654751181308123
2024-01-31,ROP,0.014404525988778708
2024-01-31,RSG,0.014077150398124644
2024-01-31,SHW,0.0031100681112135845
2024-01-31,SNA,0.0016368779532703076
2024-01-31,SNPS,0.006547511813081231
2024-01-31,TDG,0.011621833468219184
2024-01-31,TT,0.006383824017754199
2024-01-31,TTWO,0.01080339449158403
2024-01-31,TYL,0.009330204333640752
2024-01-31,VMC,0.0022916291345784308
2024-01-31,VRSK,0.008839140947659661
2024-01-31,VRTX,0.0027826925205595232
2024-01-31,WELL,0.0014731901579432766
2024-01-31,WM,0.0034374437018676457
2024-01-31,WMT,0.001964253543924369
2024-01-31,WST,0.0009821267719621845
2024-02-29,AAPL,0.0024080711746184928
2024-02-29,ACN,0.008944264362868687
2024-02-29,ADBE,0.014104416879908314
2024-02-29,ADSK,0.0027520813424211344
2024-02-29,AFL,0.004300127097533022
2024-02-29,AIZ,0.011008325369684538
2024-02-29,AJG,0.0025800762585198134
2024-02-29,AKAM,0.013244391460401711
2024-02-29,AMAT,0.00567616776874359
2024-02-29,AMD,0.00963228469847397
2024-02-29,AMGN,0.006880203356052836
2024-02-29,AMZN,0.01582446771892152
2024-02-29,ANET,0.012556371124796425
2024-02-29,APH,0.005848172852644911
2024-02-29,AVGO,0.015308452467217558
2024-02-29,BKNG,0.007052208439954157
2024-02-29,BR,0.01135233553748718
2024-02-29,BRKB,0.00946027961457265
2024-02-29,BRO,0.010148299950177932
2024-02-29,BSX,0.008084238943362083
2024-02-29,CAH,0.006020177936546231
2024-02-29,CBOE,0.015996472802822844
2024-02-29,CDNS,0.012728376208697746
2024-02-29,CEG,0.015652462635020202
2024-02-29,CL,0.0005160152517039627
2024-02-29,CMG,0.00980428978237529
2024-02-29,COST,0.013760406712105672
2024-02-29,CRM,0.012900381292599067
2024-02-29,CTAS,0.013416396544303029
2024-02-29,DHI,0.004816142349236985
2024-02-29,DLR,0.00189205592291453
2024-02-29,ETN,0.00791223385946076
2024-02-29,EXPD,0.00034401016780264164
2024-02-29,FAST,0.014276421963809634
2024-02-29,FFIV,0.0029240864263224554
2024-02-29,FLT,0.0036121067619277387
2024-02-29,GE,0.016512488054526805
2024-02-29,GOOG,0.013932411796006992
2024-02-29,GOOGL,0.013588401628204351
2024-02-29,HLT,0.009288274530671329
2024-02-29,HWM,0.0020640610068158507
2024-02-29,IBM,0.012384366040895106
2024-02-29,ICE,0.0022360660907171717
2024-02-29,INTC,0.005504162684842269
2024-02-29,INTU,0.010664315201881895
2024-02-29,IR,0.006364188104348873
2024-02-29,IRM,0.005160152517039627
2024-02-29,ISRG,0.008256244027263403
2024-02-29,KLAC,0.009976294866276613
2024-02-29,L,0.006536193188250194
2024-02-29,LEN,0.007224213523855477
2024-02-29,LIN,0.003096091510223777
2024-02-29,LLY,0.016340482970625486
2024-02-29,LRCX,0.010492310117980576
2024-02-29,MA,0.005332157600940948
2024-02-29,MAR,0.011868350789191143
2024-02-29,MCK,0.013072386376500388
2024-02-29,MCO,0.00395611692973038
2024-02-29,META,0.016684493138428125
2024-02-29,MLM,0.008600254195066045
2024-02-29,MMC,0.0001720050839013209
2024-02-29,MSFT,0.015480457551118881
2024-02-29,MSI,0.001548045755111888
2024-02-29,MU,0.006192183020447553
2024-02-29,NFLX,0.011180330453585859
2024-02-29,NOW,0.014792437215513597
2024-02-29,NRG,0.016168477886724167
2024-02-29,NTAP,0.0006880203356052837
2024-02-29,NVDA,0.014964442299414918
2024-02-29,NVR,0.00378411184582906
2024-02-29,NWS,0.009116269446770008
2024-02-29,NWSA,0.0077402287755594405
2024-02-29,ORLY,0.0046441372653356645
2024-02-29,PCAR,0.010836320285783217
2024-02-29,PH,0.0017200508390132086
2024-02-29,PHM,0.014448427047710955
2024-02-29,PSX,0.0049881474331383065
2024-02-29,PTC,0.012212360956993783
2024-02-29,RCL,0.003268096594125096
2024-02-29,ROP,0.01513644738331624
2024-02-29,ROST,0.0010320305034079253
2024-02-29,RSG,0.014620432131612278
2024-02-29,SHW,0.0013760406712105672
2024-02-29,SNPS,0.0044721321814343434
2024-02-29,SPGI,0.0008600254195066045
2024-02-29,STX,0.004128122013631701
2024-02-29,TDG,0.010320305034079253
2024-02-29,TJX,0.00756822369165812
2024-02-29,TT,0.003440101678026418
2024-02-29,TTWO,0.011696345705289822
2024-02-29,TYL,0.008428249111164724
2024-02-29,V,0.007396218607756798
2024-02-29,VRSK,0.011524340621388499
2024-02-29,VRTX,0.012040355873092462
2024-02-29,WDC,0.0012040355873092462
2024-02-29,WM,0.008772259278967366
2024-02-29,WMT,0.006708198272151515
2024-03-31,ACN,0.002230226712940868
2024-03-31,AIG,0.00854920239960666
2024-03-31,AIZ,0.01672670034705651
2024-03-31,AJG,0.004460453425881736
2024-03-31,AKAM,0.001672670034705651
2024-03-31,ALL,0.006876532364901009
2024-03-31,AMAT,0.005947271234508981
2024-03-31,AMP,0.00427460119980333
2024-03-31,AMZN,0.017655961477448537
2024-03-31,ANET,0.0031594878433328956
2024-03-31,APH,0.0018585222607840571
2024-03-31,AVGO,0.015239882538429264
2024-03-31,BR,0.0066906801388226045
2024-03-31,BRKB,0.013009655825488397
2024-03-31,BRO,0.013567212503723614
2024-03-31,BSX,0.007248236817057821
2024-03-31,CAH,0.008363350173528255
2024-03-31,CB,0.005018010104116954
2024-03-31,CBOE,0.017284257025291728
2024-03-31,CDNS,0.010407724660390718
2024-03-31,CEG,0.015983291442742888
2024-03-31,CMG,0.009664315756077095
2024-03-31,COST,0.016540848120978103
2024-03-31,CRM,0.0037170445215681143
2024-03-31,CTAS,0.012080394695096369
2024-03-31,CTSH,0.0020443744868624625
2024-03-31,DLR,0.00817749794744985
2024-03-31,EQIX,0.0007434089043136227
2024-03-31,ETN,0.013753064729802018
2024-03-31,FANG,0.0013009655825488397
2024-03-31,FAST,0.01579743921666448
2024-03-31,FICO,0.015425734764507669
2024-03-31,GD,0.0009292611303920285
2024-03-31,GE,0.016912552573134915
2024-03-31,GRMN,0.001115113356470434
2024-03-31,GWW,0.005761419008430576
2024-03-31,HIG,0.010036020208233907
2024-03-31,HII,0.005203862330195359
2024-03-31,HLT,0.014496473634115641
2024-03-31,HWM,0.009106759077841878
2024-03-31,IBM,0.01245209914725318
2024-03-31,ICE,0.006318975686665793
2024-03-31,INTU,0.007434089043136228
2024-03-31,IR,0.011522838016861152
2024-03-31,IRM,0.011336985790782746
2024-03-31,ISRG,0.0014868178086272455
2024-03-31,J,0.004088748973724925
2024-03-31,JPM,0.006504827912744198
2024-03-31,KLAC,0.01282380359940999
2024-03-31,L,0.011894542469017963
2024-03-31,LIN,0.007805793495293038
2024-03-31,LLY,0.01802766592960535
2024-03-31,LRCX,0.0098501679821555
2024-03-31,MA,0.009292611303920282
2024-03-31,MAR,0.014868178086272455
2024-03-31,MAS,0.007619941269214632
2024-03-31,MCK,0.01709840479921332
2024-03-31,META,0.017841813703526943
2024-03-31,MLM,0.013195508051566801
2024-03-31,MMC,0.00557556678235217
2024-03-31,MOH,0.01115113356470434
2024-03-31,MSFT,0.010593576886469122
2024-03-31,NFLX,0.012266246921174773
2024-03-31,NOW,0.01412476918195883
2024-03-31,NRG,0.017470109251370134
2024-03-31,NVDA,0.016169143668821294
2024-03-31,NVR,0.00037170445215681117
2024-03-31,NWS,0.0163549958948997
2024-03-31,NWSA,0.015054030312350858
2024-03-31,ORLY,0.008735054625685067
2024-03-31,PCAR,0.014682325860194047
2024-03-31,PH,0.010779429112547529
2024-03-31,PHM,0.013938916955880424
2024-03-31,PNR,0.0024160789390192737
2024-03-31,PSX,0.0026019311650976795
2024-03-31,PTC,0.013381360277645209
2024-03-31,RCL,0.002787783391176085
2024-03-31,RL,0.004832157878038547
2024-03-31,ROP,0.010965281338625935
2024-03-31,ROST,0.011708690242939556
2024-03-31,RSG,0.015611586990586075
2024-03-31,SHW,0.006133123460587387
2024-03-31,SNPS,0.000557556678235217
2024-03-31,STX,0.003902896747646519
2024-03-31,TDG,0.014310621408037237
2024-03-31,TJX,0.012637951373331586
2024-03-31,TRGP,0.0033453400694113023
2024-03-31,TT,0.007991645721371444
2024-03-31,URI,0.005389714556273764
2024-03-31,V,0.008920906851763472
2024-03-31,VMC,0.00947846352999869
2024-03-31,VRTX,0.002973635617254491
2024-03-31,WAB,0.0035311922954897076
2024-03-31,WDC,0.00018585222607840558
2024-03-31,WM,0.007062384590979415
2024-03-31,WRB,0.004646305651960141
2024-03-31,WRK,0.010221872434312312
2024-04-30,ADSK,0.0005281972316888998
2024-04-30,AIG,0.016902311414044795
2024-04-30,AIZ,0.017078377157941093
2024-04-30,ALL,0.011796404841052096
2024-04-30,AMAT,0.009683615914296497
2024-04-30,AMD,0.0014085259511703995
2024-04-30,AMP,0.011444273353259498
2024-04-30,AMZN,0.016198048438459595
2024-04-30,ANET,0.006514432524163098
2024-04-30,APH,0.010211813145985398
2024-04-30,AVGO,0.014613456743392894
2024-04-30,BK,0.0007042629755851997
2024-04-30,BR,0.0029931176462370994
2024-04-30,BRKB,0.0036973806218222986
2024-04-30,BRO,0.0019367231828593002
2024-04-30,CAT,0.007922958475333497
2024-04-30,CB,0.005634103804681598
2024-04-30,CBOE,0.004577709341303799
2024-04-30,CDNS,0.008451155707022397
2024-04-30,CDW,0.009859681658192797
2024-04-30,CE,0.005458038060785299
2024-04-30,CEG,0.015845916950666995
2024-04-30,COF,0.004225577853511199
2024-04-30,COST,0.012500667816637296
2024-04-30,CRM,0.003873446365718599
2024-04-30,CTAS,0.014789522487289196
2024-04-30,DLR,0.0008803287194815001
2024-04-30,ETN,0.014437390999496596
2024-04-30,FANG,0.004929840829096399
2024-04-30,FAST,0.014965588231185496
2024-04-30,FFIV,0.0022888546706518994
2024-04-30,FICO,0.010387878889881698
2024-04-30,GD,0.008275089963126099
2024-04-30,GE,0.016726245670148493
2024-04-30,GRMN,0.004753775085200099
2024-04-30,GWW,0.0012324602072740993
2024-04-30,HIG,0.015493785462874396
2024-04-30,HII,0.003169183390133399
2024-04-30,HLT,0.014085259511703998
2024-04-30,HWM,0.0028170519023407985
2024-04-30,IBM,0.012324602072740996
2024-04-30,INTU,0.0021127889267555993
2024-04-30,IR,0.010916076121570598
2024-04-30,IRM,0.007746892731437198
2024-04-30,J,0.008099024219229797
2024-04-30,JPM,0.007042629755851999
2024-04-30,KLAC,0.011972470584948398
2024-04-30,L,0.015141653975081795
2024-04-30,LIN,0.00035213148779260003
2024-04-30,LLY,0.016021982694563296
2024-04-30,LRCX,0.009507550170400197
2024-04-30,LYV,0.002640986158444499
2024-04-30,MA,0.00017606574389630002
2024-04-30,MAR,0.013557062280015098
2024-04-30,MCK,0.015669851206770693
2024-04-30,META,0.015317719718978096
2024-04-30,MLM,0.013380996536118796
2024-04-30,MOH,0.0010563944633778
2024-04-30,MPC,0.0024649204145481994
2024-04-30,MSFT,0.004049512109614899
2024-04-30,MU,0.007570826987540897
2024-04-30,NFLX,0.011092141865466896
2024-04-30,NOW,0.009155418682607597
2024-04-30,NRG,0.016374114182355896
2024-04-30,NTAP,0.003345249134029699
2024-04-30,NVDA,0.016550179926252198
2024-04-30,NWS,0.013733128023911396
2024-04-30,NWSA,0.013028865048326196
2024-04-30,PCAR,0.014261325255600296
2024-04-30,PGR,0.008627221450918697
2024-04-30,PH,0.011268207609363196
2024-04-30,PHM,0.008979352938711297
2024-04-30,PKG,0.005810169548577898
2024-04-30,PNR,0.0015845916950666995
2024-04-30,PRU,0.004401643597407499
2024-04-30,PSX,0.010035747402089096
2024-04-30,PTC,0.012676733560533596
2024-04-30,RCL,0.009331484426503897
2024-04-30,RJF,0.007394761243644598
2024-04-30,RL,0.0017606574389629997
2024-04-30,ROP,0.0035213148779259995
2024-04-30,ROST,0.005281972316888998
2024-04-30,RSG,0.013909193767807696
2024-04-30,STX,0.010740010377674298
2024-04-30,TDG,0.012148536328844696
2024-04-30,TJX,0.006690498268059398
2024-04-30,TRGP,0.006866564011955698
2024-04-30,TT,0.006338366780266798
2024-04-30,TXT,0.007218695499748298
2024-04-30,URI,0.010563944633777996
2024-04-30,VMC,0.008803287194814997
2024-04-30,WAB,0.006162301036370498
2024-04-30,WDC,0.012852799304429896
2024-04-30,WFC,0.005105906572992699
2024-04-30,WM,0.005986235292474199
2024-04-30,WRB,0.011620339097155796
2024-04-30,WRK,0.013204930792222496
2024-05-31,ACGL,0.0003824417537280241
2024-05-31,AFL,0.0076488350745604824
2024-05-31,AIG,0.01759232067148911
2024-05-31,AIZ,0.014150344887936891
2024-05-31,ALL,0.015871332779712997
2024-05-31,AMAT,0.0036331966604162286
2024-05-31,AMP,0.007266393320832458
2024-05-31,AMZN,0.017018658040897073
2024-05-31,APH,0.017974762425217134
2024-05-31,AVGO,0.008222497705152518
2024-05-31,AVY,0.00554540542905635
2024-05-31,AXON,0.006883951567104434
2024-05-31,AXP,0.009178602089472578
2024-05-31,BK,0.011282031734976711
2024-05-31,BKNG,0.0017209878917761085
2024-05-31,BR,0.00019122087686401215
2024-05-31,BRKB,0.004398080167872277
2024-05-31,BRO,0.0019122087686401206
2024-05-31,BSX,0.01204691524243276
2024-05-31,CAT,0.010708369104384675
2024-05-31,CB,0.008987381212608567
2024-05-31,CBOE,0.011664473488704736
2024-05-31,CDW,0.013194240503616832
2024-05-31,CEG,0.018165983302081145
2024-05-31,CI,0.004780521921600301
2024-05-31,CL,0.005162963675328326
2024-05-31,CMG,0.012429356996160783
2024-05-31,COP,0.0011473252611840722
2024-05-31,COST,0.013385461380480843
2024-05-31,CTAS,0.01395912401107288
2024-05-31,DLR,0.005736626305920361
2024-05-31,DPZ,0.01300301962675282
2024-05-31,ELV,0.0059278471827843736
2024-05-31,EMR,0.0042068592910082655
2024-05-31,ETN,0.01778354154835312
2024-05-31,FANG,0.01568011190284899
2024-05-31,GD,0.018357204178945156
2024-05-31,GE,0.01491522839539294
2024-05-31,GWW,0.0024858713992321566
2024-05-31,HIG,0.013576682257344855
2024-05-31,HII,0.004971742798464313
2024-05-31,HLT,0.014341565764800904
2024-05-31,HWM,0.006119068059648385
2024-05-31,INTU,0.010517148227520663
2024-05-31,IR,0.012620577873024796
2024-05-31,IRM,0.011473252611840722
2024-05-31,J,0.0053541845521923375
2024-05-31,JPM,0.006310288936512398
2024-05-31,KLAC,0.008413718582016531
2024-05-31,L,0.015106449272256952
2024-05-31,LDOS,0.01223813611929677
2024-05-31,LIN,0.0026770922760961688
2024-05-31,LLY,0.014724007518528929
2024-05-31,MAR,0.0110908108581127
2024-05-31,MCK,0.016827437164033062
2024-05-31,MET,0.0030595340298241926
2024-05-31,META,0.008604939458880542
2024-05-31,MLM,0.00936982296633659
2024-05-31,MPC,0.014532786641664916
2024-05-31,MU,0.000573662630592036
2024-05-31,NRG,0.018548425055809167
2024-05-31,NVDA,0.010325927350656652
2024-05-31,NWS,0.0009561043843200612
2024-05-31,OKE,0.009752264720064616
2024-05-31,PCAR,0.012811798749888807
2024-05-31,PGR,0.016444995410305037
2024-05-31,PH,0.013767903134208868
2024-05-31,PHM,0.009561043843200601
2024-05-31,PKG,0.007075172443968446
2024-05-31,PNR,0.0007648835074560482
2024-05-31,PRU,0.008031276828288506
2024-05-31,PSX,0.010899589981248686
2024-05-31,PTC,0.00650150981337641
2024-05-31,PXD,0.00745761419769647
2024-05-31,QCOM,0.004015638414144253
2024-05-31,RCL,0.003441975783552217
2024-05-31,RJF,0.003250754906688205
2024-05-31,RSG,0.016253774533441026
2024-05-31,STLD,0.0028683131529601805
2024-05-31,STX,0.008796160335744554
2024-05-31,SYF,0.0013385461380480844
2024-05-31,TDG,0.015297670149120965
2024-05-31,TJX,0.0015297670149120963
2024-05-31,TMUS,0.0021034296455041328
2024-05-31,TRGP,0.017209878917761084
2024-05-31,TT,0.015488891025984976
2024-05-31,TXT,0.004589301044736289
2024-05-31,URI,0.016062553656577012
2024-05-31,VLO,0.0022946505223681445
2024-05-31,WAB,0.017401099794625098
2024-05-31,WDC,0.011855694365568747
2024-05-31,WELL,0.006692730690240421
2024-05-31,WFC,0.010134706473792639
2024-05-31,WM,0.009943485596928626
2024-05-31,WMB,0.007840055951424495
2024-05-31,WRB,0.0038244175372802412
2024-05-31,WRK,0.016636216287169048
2024-06-30,ACGL,0.010523117483099823
2024-06-30,AFL,0.012792809489258608
2024-06-30,AIG,0.018570207323117333
2024-06-30,AIZ,0.013411816400029185
2024-06-30,ALL,0.01712585786465265
2024-06-30,AMAT,0.010316781846176296
2024-06-30,AMGN,0.0066027403815528294
2024-06-30,AMP,0.007015411655399882
2024-06-30,AMZN,0.01609417968003502
2024-06-30,ANET,0.012999145126182133
2024-06-30,APH,0.01877654296004086
2024-06-30,AVGO,0.015062501495417394
2024-06-30,AVY,0.01011044620925277
2024-06-30,AXON,0.001238013821541156
2024-06-30,AXP,0.004952055286164623
2024-06-30,BK,0.008872432387711614
2024-06-30,BKNG,0.007634418566170459
2024-06-30,BRKB,0.004539384012317571
2024-06-30,BRO,0.005158390923088148
2024-06-30,BSX,0.013824487673876238
2024-06-30,CAT,0.00041267127384705254
2024-06-30,CB,0.01733219350157618
2024-06-30,CBOE,0.00866609675078809
2024-06-30,CEG,0.01939554987081144
2024-06-30,CL,0.00969777493540572
2024-06-30,CMG,0.010935788756946873
2024-06-30,COST,0.017538529138499705
2024-06-30,CTAS,0.014443494584646815
2024-06-30,DLR,0.0014443494584646813
2024-06-30,DOV,0.0010316781846176298
2024-06-30,DPZ,0.007840754203093986
2024-06-30,ELV,0.003095034553852889
2024-06-30,ETN,0.016300515316958548
2024-06-30,FANG,0.0158878440431115
2024-06-30,FICO,0.011348460030793926
2024-06-30,FIS,0.0008253425476941037
2024-06-30,GD,0.01980822114465849
2024-06-30,GE,0.01423715894772329
2024-06-30,GOOG,0.009491439298482193
2024-06-30,GOOGL,0.009078768024635142
2024-06-30,GRMN,0.012586473852335082
2024-06-30,GS,0.006809076018476356
2024-06-30,HIG,0.0167131865908056
2024-06-30,HLT,0.01217380257848803
2024-06-30,HWM,0.011554795667717452
2024-06-30,IR,0.007428082929246934
2024-06-30,IRM,0.011967466941564505
2024-06-30,JPM,0.008459761113864563
2024-06-30,KLAC,0.015475172769264444
2024-06-30,L,0.014030823310799764
2024-06-30,LDOS,0.018363871686193807
2024-06-30,LLY,0.016919522227729127
2024-06-30,LRCX,0.005571062196935201
2024-06-30,MAR,0.0006190069107705771
2024-06-30,MCK,0.015268837132340918
2024-06-30,MET,0.0047457196492410965
2024-06-30,META,0.011761131304640977
2024-06-30,MPC,0.0041267127384705185
2024-06-30,MSFT,0.0020633563692352597
2024-06-30,MSI,0.002888698916929363
2024-06-30,MU,0.014649830221570341
2024-06-30,NFLX,0.006396404744629304
2024-06-30,NRG,0.020014556781582014
2024-06-30,NTAP,0.005983733470782252
2024-06-30,NVDA,0.019189214233887912
2024-06-30,NWS,0.009285103661558667
2024-06-30,NWSA,0.00804708984001751
2024-06-30,OKE,0.012380138215411556
2024-06-30,PGR,0.018157536049270284
2024-06-30,PH,0.0022696920061587855
2024-06-30,PHM,0.004333048375394045
2024-06-30,PKG,0.010729453120023349
2024-06-30,PRU,0.011142124393870401
2024-06-30,PSX,0.005777397833858726
2024-06-30,QCOM,0.013205480763105659
2024-06-30,REGN,0.007221747292323407
2024-06-30,RL,0.0033013701907764147
2024-06-30,ROST,0.00020633563692352592
2024-06-30,RSG,0.002476027643082312
2024-06-30,SNPS,0.0018570207323117334
2024-06-30,STX,0.014856165858493867
2024-06-30,TDG,0.013618152036952711
2024-06-30,TJX,0.003920377101546993
2024-06-30,TMUS,0.017744864775423228
2024-06-30,TRGP,0.016506850953882077
2024-06-30,TSCO,0.005364726560011674
2024-06-30,TT,0.017951200412346754
2024-06-30,TXT,0.0016506850953882076
2024-06-30,URI,0.0026823632800058363
2024-06-30,WAB,0.015681508406187972
2024-06-30,WDC,0.018982878596964386
2024-06-30,WELL,0.009904110572329245
2024-06-30,WFC,0.008253425476941039
2024-06-30,WM,0.0035077058276999414
2024-06-30,WMB,0.003714041464623467
2024-06-30,WRB,0.006190069107705778
2024-06-30,WRK,0.01960188550773496
2024-07-31,ACGL,0.00816151202749141
2024-07-31,AFL,0.012242268041237113
2024-07-31,AIG,0.01052405498281787
2024-07-31,AIZ,0.007302405498281787
2024-07-31,AJG,0.0023625429553264603
2024-07-31,ALL,0.0156786941580756
2024-07-31,AMAT,0.014175257731958763
2024-07-31,AMGN,0.007517182130584193
2024-07-31,AMP,0.005584192439862543
2024-07-31,AMZN,0.018470790378006873
2024-07-31,ANET,0.0195446735395189
2024-07-31,AVGO,0.018685567010309278
2024-07-31,AVY,0.0025773195876288655
2024-07-31,AXON,0.011168384879725086
2024-07-31,AXP,0.007087628865979381
2024-07-31,BK,0.01288659793814433
2024-07-31,BKNG,0.005154639175257732
2024-07-31,BRKB,0.0015034364261168384
2024-07-31,BRO,0.006872852233676976
2024-07-31,BSX,0.01761168384879725
2024-07-31,CB,0.01245704467353952
2024-07-31,CBOE,0.004939862542955326
2024-07-31,CDNS,0.005798969072164949
2024-07-31,CEG,0.016967353951890033
2024-07-31,CL,0.01632302405498282
2024-07-31,COST,0.017396907216494846
2024-07-31,CTAS,0.01675257731958763
2024-07-31,DOV,0.000859106529209622
2024-07-31,ECL,0.003006872852233677
2024-07-31,ELV,0.00429553264604811
2024-07-31,ETN,0.013960481099656358
2024-07-31,FANG,0.011812714776632302
2024-07-31,FICO,0.01610824742268041
2024-07-31,GD,0.019759450171821305
2024-07-31,GE,0.009450171821305841
2024-07-31,GOOG,0.009235395189003437
2024-07-31,GOOGL,0.00902061855670103
2024-07-31,GRMN,0.014604810996563574
2024-07-31,GS,0.0010738831615120271
2024-07-31,GWW,0.001718213058419244
2024-07-31,HIG,0.017826460481099655
2024-07-31,HLT,0.014819587628865979
2024-07-31,HWM,0.00859106529209622
2024-07-31,IR,0.008805841924398625
2024-07-31,IRM,0.015034364261168385
2024-07-31,ISRG,0.001288659793814433
2024-07-31,JPM,0.003865979381443299
2024-07-31,KLAC,0.016537800687285224
2024-07-31,L,0.010094501718213059
2024-07-31,LDOS,0.01718213058419244
2024-07-31,LLY,0.01997422680412371
2024-07-31,LRCX,0.00622852233676976
2024-07-31,MCK,0.020618556701030927
2024-07-31,META,0.01095360824742268
2024-07-31,MRK,0.0019329896907216496
2024-07-31,MSFT,0.009879725085910653
2024-07-31,MSI,0.009664948453608248
2024-07-31,MU,0.015893470790378006
2024-07-31,NFLX,0.013101374570446736
2024-07-31,NOW,0.0006443298969072165
2024-07-31,NRG,0.020403780068728523
2024-07-31,NTAP,0.01331615120274914
2024-07-31,NWS,0.014390034364261168
2024-07-31,NWSA,0.013530927835051547
2024-07-31,OKE,0.007731958762886598
2024-07-31,PANW,0.0002147766323024055
2024-07-31,PGR,0.020189003436426118
2024-07-31,PH,0.0004295532646048112
2024-07-31,PRU,0.004725085910652921
2024-07-31,PTC,0.003436426116838488
2024-07-31,QCOM,0.00665807560137457
2024-07-31,RCL,0.004510309278350515
2024-07-31,REGN,0.011597938144329897
2024-07-31,ROL,0.002147766323024055
2024-07-31,ROST,0.0032216494845360823
2024-07-31,RSG,0.012027491408934709
2024-07-31,SNPS,0.006013745704467355
2024-07-31,STX,0.01804123711340206
2024-07-31,T,0.01138316151202749
2024-07-31,TDG,0.01524914089347079
2024-07-31,TJX,0.010309278350515464
2024-07-31,TMUS,0.018900343642611683
2024-07-31,TRGP,0.01825601374570447
2024-07-31,TT,0.01911512027491409
2024-07-31,TYL,0.007946735395189003
2024-07-31,UHS,0.0053694158075601375
2024-07-31,URI,0.0027920962199312715
2024-07-31,VRTX,0.006443298969072165
2024-07-31,WAB,0.008376288659793814
2024-07-31,WDC,0.019329896907216496
2024-07-31,WELL,0.015463917525773196
2024-07-31,WM,0.013745704467353952
2024-07-31,WMB,0.010738831615120275
2024-07-31,WRB,0.0036512027491408935
2024-07-31,WRK,0.012671821305841924
2024-07-31,WTW,0.004080756013745705
2024-08-31,ACGL,0.0010738831615120271
2024-08-31,AEP,0.002147766323024055
2024-08-31,AFL,0.014390034364261168
2024-08-31,AIG,0.016967353951890033
2024-08-31,AIZ,0.007946735395189003
2024-08-31,ALL,0.01911512027491409
2024-08-31,AMGN,0.0025773195876288655
2024-08-31,AMP,0.006872852233676976
2024-08-31,AMZN,0.00902061855670103
2024-08-31,ANET,0.00816151202749141
2024-08-31,AXON,0.0032216494845360814
2024-08-31,AXP,0.015034364261168384
2024-08-31,BAC,0.007087628865979381
2024-08-31,BK,0.01804123711340206
2024-08-31,BRKB,0.00429553264604811
2024-08-31,BRO,0.009235395189003437
2024-08-31,BSX,0.01331615120274914
2024-08-31,C,0.01138316151202749
2024-08-31,CB,0.018685567010309278
2024-08-31,CBOE,0.0027920962199312715
2024-08-31,CL,0.0195446735395189
2024-08-31,COF,0.007517182130584193
2024-08-31,COST,0.016537800687285224
2024-08-31,CTAS,0.019759450171821305
2024-08-31,DFS,0.00665807560137457
2024-08-31,DUK,0.0053694158075601375
2024-08-31,ELV,0.00622852233676976
2024-08-31,ETR,0.003436426116838488
2024-08-31,FANG,0.010309278350515464
2024-08-31,FI,0.005798969072164949
2024-08-31,FICO,0.01610824742268041
2024-08-31,FITB,0.007302405498281787
2024-08-31,GD,0.01997422680412371
2024-08-31,GE,0.01288659793814433
2024-08-31,GRMN,0.01761168384879725
2024-08-31,GS,0.014604810996563574
2024-08-31,GWW,0.01052405498281787
2024-08-31,HIG,0.020189003436426118
2024-08-31,HLT,0.01675257731958763
2024-08-31,HWM,0.01524914089347079
2024-08-31,ICE,0.0019329896907216496
2024-08-31,IR,0.008376288659793814
2024-08-31,IRM,0.01718213058419244
2024-08-31,JPM,0.013960481099656356
2024-08-31,KLAC,0.01245704467353952
2024-08-31,KMI,0.007731958762886598
2024-08-31,L,0.015893470790378006
2024-08-31,LDOS,0.015463917525773196
2024-08-31,LEN,0.0006443298969072165
2024-08-31,LHX,0.009450171821305841
2024-08-31,LLY,0.0030068728522336767
2024-08-31,MCK,0.020618556701030927
2024-08-31,MCO,0.004080756013745705
2024-08-31,MET,0.0036512027491408935
2024-08-31,META,0.00859106529209622
2024-08-31,MSFT,0.001718213058419244
2024-08-31,MSI,0.014175257731958763
2024-08-31,NFLX,0.0004295532646048112
2024-08-31,NRG,0.019329896907216496
2024-08-31,NTAP,0.009664948453608248
2024-08-31,NVR,0.0002147766323024055
2024-08-31,NWS,0.0023625429553264608
2024-08-31,NWSA,0.0008591065292096224
2024-08-31,OKE,0.01632302405498282
2024-08-31,PEG,0.003865979381443299
2024-08-31,PGR,0.020403780068728523
2024-08-31,PHM,0.009879725085910653
2024-08-31,PKG,0.014819587628865979
2024-08-31,PNC,0.004510309278350515
2024-08-31,PRU,0.013101374570446736
2024-08-31,RCL,0.006443298969072165
2024-08-31,REGN,0.0015034364261168384
2024-08-31,RL,0.001288659793814433
2024-08-31,RSG,0.013530927835051547
2024-08-31,SO,0.004725085910652921
2024-08-31,STX,0.011812714776632302
2024-08-31,SYF,0.01095360824742268
2024-08-31,T,0.01825601374570447
2024-08-31,TDG,0.011597938144329897
2024-08-31,TFC,0.005154639175257732
2024-08-31,TJX,0.005584192439862543
2024-08-31,TMUS,0.018900343642611683
2024-08-31,TRGP,0.018470790378006873
2024-08-31,TRV,0.010738831615120275
2024-08-31,TT,0.017396907216494846
2024-08-31,TYL,0.013745704467353952
2024-08-31,UHS,0.0156786941580756
2024-08-31,URI,0.006013745704467354
2024-08-31,VRTX,0.011168384879725086
2024-08-31,WAB,0.012027491408934709
2024-08-31,WDC,0.004939862542955326
2024-08-31,WELL,0.017826460481099655
2024-08-31,WFC,0.012242268041237113
2024-08-31,WM,0.008805841924398625
2024-08-31,WMB,0.010094501718213059
2024-08-31,WTW,0.012671821305841924
2024-09-30,AEP,0.009467704607616242
2024-09-30,AFL,0.010519671786240269
2024-09-30,AIZ,0.0029455081001472753
2024-09-30,ALL,0.01914580265095729
2024-09-30,AMP,0.005891016200294551
2024-09-30,ANET,0.011571638964864297
2024-09-30,AXON,0.013465179886387544
2024-09-30,AXP,0.016831474857984433
2024-09-30,BAC,0.0016831474857984426
2024-09-30,BK,0.018093835472333262
2024-09-30,BRKB,0.003366294971596886
2024-09-30,BRO,0.01094045865768988
2024-09-30,BSX,0.014937933936461182
2024-09-30,CB,0.014727540500736377
2024-09-30,CL,0.02040816326530612
2024-09-30,CMI,0.002103934357248054
2024-09-30,CMS,0.0061014096360193565
2024-09-30,COF,0.00042078687144961064
2024-09-30,COR,0.0031559015358720807
2024-09-30,COST,0.015148327372185988
2024-09-30,CTAS,0.020197769829581318
2024-09-30,DUK,0.004418262150220913
2024-09-30,ECL,0.0008415737428992215
2024-09-30,ELV,0.009257311171891438
2024-09-30,ETR,0.01283399957921313
2024-09-30,FE,0.008836524300441826
2024-09-30,FI,0.012413212707763518
2024-09-30,FICO,0.016200294550810016
2024-09-30,FITB,0.0025247212286976647
2024-09-30,GD,0.019356196086682095
2024-09-30,GE,0.011992425836313906
2024-09-30,GRMN,0.014517147065011572
2024-09-30,GS,0.013885966757837155
2024-09-30,GWW,0.006732589943193772
2024-09-30,HCA,0.0071533768146433835
2024-09-30,HIG,0.019776982958131708
2024-09-30,HLT,0.012202819272038713
2024-09-30,HWM,0.015569114243635598
2024-09-30,ICE,0.007574163686092994
2024-09-30,IFF,0.0014727540500736377
2024-09-30,IRM,0.018935409215232485
2024-09-30,ISRG,0.005049442457395329
2024-09-30,JPM,0.01409636019356196
2024-09-30,KLAC,0.016621081422259626
2024-09-30,KMI,0.0018935409215232483
2024-09-30,KO,0.011782032400589101
2024-09-30,L,0.009678098043341047
2024-09-30,LDOS,0.01788344203660846
2024-09-30,LHX,0.014306753629286767
2024-09-30,LLY,0.009888491479065854
2024-09-30,LMT,0.001051967178624027
2024-09-30,MCO,0.007994950557542605
2024-09-30,META,0.008626130864717021
2024-09-30,MPWR,0.008415737428992216
2024-09-30,MSI,0.017041868293709236
2024-09-30,NDAQ,0.0012623606143488324
2024-09-30,NFLX,0.013044393014937934
2024-09-30,NI,0.010309278350515464
2024-09-30,NRG,0.0195665895224069
2024-09-30,NVR,0.0006311803071744162
2024-09-30,NWS,0.003787081843046497
2024-09-30,NWSA,0.003997475278771302
2024-09-30,OKE,0.017673048600883652
2024-09-30,PEG,0.010098884914790659
2024-09-30,PGR,0.01998737639385651
2024-09-30,PH,0.005680622764569746
2024-09-30,PHM,0.00547022932884494
2024-09-30,PKG,0.013254786450662739
2024-09-30,PM,0.00273511466442247
2024-09-30,PPL,0.009046917736166631
2024-09-30,RCL,0.00820534399326741
2024-09-30,REGN,0.005259835893120134
2024-09-30,ROL,0.0023143277929728594
2024-09-30,RSG,0.015779507679360403
2024-09-30,RTX,0.01367557332211235
2024-09-30,SO,0.010730065221965075
2024-09-30,SPG,0.004628655585945719
2024-09-30,SRE,0.004207868714496108
2024-09-30,STX,0.006311803071744161
2024-09-30,SYF,0.006522196507468967
2024-09-30,T,0.01641068798653482
2024-09-30,TDG,0.015358720807910793
2024-09-30,TJX,0.007363770250368188
2024-09-30,TMUS,0.017252261729434042
2024-09-30,TRGP,0.01830422890805807
2024-09-30,TRV,0.0035766884073216917
2024-09-30,TT,0.017462655165158845
2024-09-30,TYL,0.012623606143488323
2024-09-30,UHS,0.018514622343782875
2024-09-30,VTR,0.00021039343572480537
2024-09-30,WAB,0.01598990111508521
2024-09-30,WELL,0.018725015779507678
2024-09-30,WFC,0.006942983378918578
2024-09-30,WM,0.011150852093414685
2024-09-30,WMB,0.011361245529139492
2024-09-30,WTW,0.007784557121817799
2024-09-30,XYL,0.004839049021670524
2024-10-31,AEP,0.01094045865768988
2024-10-31,AFL,0.0035766884073216917
2024-10-31,ALL,0.007994950557542605
2024-10-31,AMP,0.011992425836313906
2024-10-31,ANET,0.015358720807910793
2024-10-31,AXON,0.013885966757837155
2024-10-31,AXP,0.019356196086682095
2024-10-31,BK,0.01998737639385651
2024-10-31,BRO,0.00547022932884494
2024-10-31,BSX,0.01788344203660846
2024-10-31,CARR,0.007784557121817799
2024-10-31,CB,0.012413212707763518
2024-10-31,CEG,0.001683147485798443
2024-10-31,CL,0.0195665895224069
2024-10-31,CMI,0.009467704607616242
2024-10-31,CMS,0.009678098043341047
2024-10-31,COST,0.012202819272038713
2024-10-31,DOV,0.007574163686092994
2024-10-31,DTE,0.0008415737428992215
2024-10-31,DUK,0.00273511466442247
2024-10-31,DVA,0.00820534399326741
2024-10-31,EBAY,0.010098884914790659
2024-10-31,ECL,0.004839049021670524
2024-10-31,ETN,0.004418262150220913
2024-10-31,ETR,0.015148327372185988
2024-10-31,FE,0.005049442457395329
2024-10-31,FI,0.014306753629286767
2024-10-31,FICO,0.018725015779507678
2024-10-31,FIS,0.006732589943193772
2024-10-31,FITB,0.0031559015358720807
2024-10-31,GD,0.01598990111508521
2024-10-31,GE,0.014727540500736377
2024-10-31,GLW,0.009257311171891438
2024-10-31,GRMN,0.0071533768146433835
2024-10-31,GS,0.011361245529139492
2024-10-31,GWW,0.0029455081001472753
2024-10-31,HCA,0.016621081422259626
2024-10-31,HIG,0.018935409215232485
2024-10-31,HLT,0.01367557332211235
2024-10-31,HUBB,0.006942983378918578
2024-10-31,HWM,0.016831474857984433
2024-10-31,ICE,0.0061014096360193565
2024-10-31,IFF,0.0006311803071744162
2024-10-31,IR,0.003997475278771302
2024-10-31,IRM,0.02040816326530612
2024-10-31,ISRG,0.008626130864717021
2024-10-31,JCI,0.005259835893120134
2024-10-31,JPM,0.0063118030717441605
2024-10-31,KLAC,0.014517147065011572
2024-10-31,KMI,0.005891016200294551
2024-10-31,KO,0.017252261729434042
2024-10-31,LDOS,0.01830422890805807
2024-10-31,LHX,0.010730065221965075
2024-10-31,MCO,0.003787081843046497
2024-10-31,MET,0.0023143277929728594
2024-10-31,META,0.008415737428992216
2024-10-31,MPWR,0.011150852093414685
2024-10-31,MSI,0.01641068798653482
2024-10-31,NFLX,0.006522196507468967
2024-10-31,NI,0.017041868293709236
2024-10-31,NRG,0.018514622343782875
2024-10-31,NVR,0.012833999579213131
2024-10-31,OKE,0.015779507679360403
2024-10-31,PEG,0.011782032400589101
2024-10-31,PGR,0.01409636019356196
2024-10-31,PH,0.013254786450662739
2024-10-31,PHM,0.010309278350515464
2024-10-31,PKG,0.012623606143488323
2024-10-31,PNR,0.00021039343572480537
2024-10-31,PPL,0.008836524300441826
2024-10-31,PWR,0.00042078687144961075
2024-10-31,RCL,0.014937933936461182
2024-10-31,ROL,0.001051967178624027
2024-10-31,RSG,0.0012623606143488328
2024-10-31,RTX,0.010519671786240269
2024-10-31,SO,0.013044393014937934
2024-10-31,SPG,0.0018935409215232483
2024-10-31,SRE,0.0014727540500736377
2024-10-31,STX,0.004628655585945719
2024-10-31,SYF,0.007363770250368188
2024-10-31,T,0.015569114243635598
2024-10-31,TDG,0.018093835472333262
2024-10-31,TJX,0.002103934357248054
2024-10-31,TMUS,0.016200294550810016
2024-10-31,TRGP,0.017673048600883652
2024-10-31,TRV,0.0025247212286976647
2024-10-31,TSCO,0.011571638964864297
2024-10-31,TT,0.020197769829581318
2024-10-31,TYL,0.009046917736166631
2024-10-31,UHS,0.017462655165158845
2024-10-31,URI,0.009888491479065854
2024-10-31,VLTO,0.013465179886387544
2024-10-31,WAB,0.01914580265095729
2024-10-31,WELL,0.019776982958131708
2024-10-31,WMB,0.003366294971596887
2024-10-31,XYL,0.005680622764569746
2024-10-31,ZBRA,0.004207868714496108
2024-11-30,ABBV,0.0035766884073216917
2024-11-30,ADP,0.005680622764569746
2024-11-30,AFL,0.0014727540500736377
2024-11-30,ALL,0.008626130864717021
2024-11-30,AMP,0.017252261729434042
2024-11-30,ANET,0.009257311171891438
2024-11-30,AVB,0.003997475278771302
2024-11-30,AXON,0.016831474857984433
2024-11-30,AXP,0.017673048600883652
2024-11-30,BK,0.019776982958131708
2024-11-30,BKNG,0.004207868714496108
2024-11-30,BRO,0.011150852093414685
2024-11-30,BSX,0.018093835472333262
2024-11-30,CARR,0.00042078687144961064
2024-11-30,CAT,0.0061014096360193565
2024-11-30,CB,0.004628655585945719
2024-11-30,CBRE,0.00021039343572480537
2024-11-30,CEG,0.005891016200294551
2024-11-30,CINF,0.009678098043341047
2024-11-30,CMI,0.017462655165158845
2024-11-30,CMS,0.00547022932884494
2024-11-30,COF,0.0008415737428992215
2024-11-30,COST,0.01283399957921313
2024-11-30,CTLT,0.004839049021670524
2024-11-30,DFS,0.007363770250368188
2024-11-30,DOV,0.011571638964864297
2024-11-30,DUK,0.000631180307174416
2024-11-30,EBAY,0.016200294550810016
2024-11-30,EQR,0.005049442457395329
2024-11-30,ETN,0.007994950557542605
2024-11-30,ETR,0.014306753629286767
2024-11-30,FI,0.014937933936461182
2024-11-30,FICO,0.01598990111508521
2024-11-30,FIS,0.01367557332211235
2024-11-30,FOX,0.005259835893120134
2024-11-30,FOXA,0.006522196507468967
2024-11-30,GD,0.01914580265095729
2024-11-30,GE,0.0027351146644224705
2024-11-30,GLW,0.019356196086682095
2024-11-30,GM,0.011992425836313906
2024-11-30,GRMN,0.010730065221965075
2024-11-30,GS,0.015358720807910793
2024-11-30,GWW,0.008836524300441826
2024-11-30,HCA,0.002103934357248054
2024-11-30,HIG,0.015148327372185988
2024-11-30,HLT,0.012623606143488323
2024-11-30,HUBB,0.01094045865768988
2024-11-30,HWM,0.015779507679360403
2024-11-30,ICE,0.01409636019356196
2024-11-30,IRM,0.02040816326530612
2024-11-30,ISRG,0.013254786450662739
2024-11-30,JCI,0.006942983378918578
2024-11-30,JPM,0.012413212707763518
2024-11-30,KMI,0.013885966757837155
2024-11-30,LDOS,0.018725015779507678
2024-11-30,LHX,0.011361245529139492
2024-11-30,MET,0.007784557121817799
2024-11-30,META,0.011782032400589101
2024-11-30,MS,0.0012623606143488324
2024-11-30,MSI,0.010098884914790659
2024-11-30,MTB,0.009888491479065854
2024-11-30,NFLX,0.004418262150220913
2024-11-30,NI,0.01830422890805807
2024-11-30,NRG,0.015569114243635598
2024-11-30,NVR,0.0029455081001472753
2024-11-30,OKE,0.018935409215232485
2024-11-30,PEG,0.012202819272038713
2024-11-30,PGR,0.010309278350515464
2024-11-30,PH,0.006311803071744161
2024-11-30,PKG,0.017041868293709236
2024-11-30,PM,0.013465179886387544
2024-11-30,PNR,0.007574163686092994
2024-11-30,PRU,0.001683147485798443
2024-11-30,PWR,0.00820534399326741
2024-11-30,RCL,0.016621081422259626
2024-11-30,RTX,0.014517147065011572
2024-11-30,SO,0.008415737428992216
2024-11-30,SYF,0.01641068798653482
2024-11-30,T,0.013044393014937934
2024-11-30,TDG,0.003366294971596885
2024-11-30,TJX,0.001051967178624027
2024-11-30,TMUS,0.01788344203660846
2024-11-30,TRGP,0.020197769829581318
2024-11-30,TRV,0.009046917736166631
2024-11-30,TSCO,0.0018935409215232492
2024-11-30,TT,0.018514622343782875
2024-11-30,TXN,0.0031559015358720807
2024-11-30,TYL,0.014727540500736377
2024-11-30,UAL,0.003787081843046497
2024-11-30,UHS,0.0025247212286976656
2024-11-30,URI,0.0071533768146433835
2024-11-30,VTR,0.0023143277929728594
2024-11-30,WAB,0.0195665895224069
2024-11-30,WELL,0.01998737639385651
2024-11-30,WFC,0.006732589943193772
2024-11-30,WMB,0.009467704607616242
2024-11-30,ZBRA,0.010519671786240269
2024-12-31,ADP,0.007270709801245766
2024-12-31,AFL,0.004704576930217848
2024-12-31,AJG,0.002423569933748589
2024-12-31,ALL,0.008411213299480396
2024-12-31,AMP,0.010977346170508313
2024-12-31,ANET,0.006130206303011135
2024-12-31,ATO,0.002851258745586575
2024-12-31,AXON,0.01012196854683234
2024-12-31,AXP,0.012830664355139586
2024-12-31,BAC,0.00456201399293852
2024-12-31,BK,0.01354347904153623
2024-12-31,BKNG,0.0031363846201452323
2024-12-31,BRKB,0.006272769240290465
2024-12-31,BRO,0.01126247204506697
2024-12-31,BSX,0.013400916104256902
2024-12-31,CB,0.006557895114849122
2024-12-31,CEG,0.0037066363692625473
2024-12-31,CINF,0.009266590923156369
2024-12-31,CMI,0.010692220295949654
2024-12-31,CMS,0.00228100699646926
2024-12-31,COST,0.004989702804776506
2024-12-31,D,0.002708695808307246
2024-12-31,DLR,0.008553776236759724
2024-12-31,DOV,0.006700458052128451
2024-12-31,DVA,0.0009979405609553012
2024-12-31,EBAY,0.00798352448764241
2024-12-31,ETN,0.007413272738525095
2024-12-31,ETR,0.010549657358670327
2024-12-31,FFIV,0.00042768881183798623
2024-12-31,FI,0.0124029755433016
2024-12-31,FICO,0.013258353166977573
2024-12-31,FIS,0.00555995455389382
2024-12-31,FOX,0.008696339174039053
2024-12-31,FOXA,0.008838902111318383
2024-12-31,GE,0.0002851258745586575
2024-12-31,GLW,0.01026453148411167
2024-12-31,GM,0.005132265742055835
2024-12-31,GRMN,0.0076983986130837526
2024-12-31,GS,0.00898146504859771
2024-12-31,GWW,0.00684302098940778
2024-12-31,HIG,0.010407094421390997
2024-12-31,HLT,0.006415332177569793
2024-12-31,HUBB,0.003991762243821205
2024-12-31,HWM,0.011975286731463614
2024-12-31,IP,0.00014256293727932874
2024-12-31,IRM,0.012117849668742943
2024-12-31,ISRG,0.009694279734994355
2024-12-31,JCI,0.004276888118379862
2024-12-31,JPM,0.008126087424921737
2024-12-31,KMI,0.010834783233228984
2024-12-31,L,0.0025661328710279174
2024-12-31,LDOS,0.004134325181100533
2024-12-31,MA,0.0014256293727932874
2024-12-31,MET,0.00570251749117315
2024-12-31,META,0.0005702517491173141
2024-12-31,MMC,0.002138444059189931
2024-12-31,MO,0.005417391616614492
2024-12-31,MSI,0.013115790229698243
2024-12-31,MTB,0.008268650362201067
2024-12-31,NDAQ,0.0038491993065418763
2024-12-31,NFLX,0.00912402798587704
2024-12-31,NI,0.012688101417860257
2024-12-31,NRG,0.009409153860435697
2024-12-31,OKE,0.0114050349823463
2024-12-31,ORCL,0.004847139867497178
2024-12-31,PAYX,0.0029938216828659034
2024-12-31,PEG,0.011690160856904957
2024-12-31,PGR,0.01111990910778764
2024-12-31,PH,0.00784096155036308
2024-12-31,PKG,0.01254553848058093
2024-12-31,PM,0.007128146863966437
2024-12-31,PNR,0.001710755247351945
2024-12-31,PPL,0.0035640734319832184
2024-12-31,PWR,0.0018533181846312734
2024-12-31,RCL,0.00997940560955301
2024-12-31,RJF,0.0019958811219106024
2024-12-31,RSG,0.003278947557424561
2024-12-31,RTX,0.005274828679335163
2024-12-31,SO,0.005987643365731807
2024-12-31,SRE,0.00114050349823463
2024-12-31,SYF,0.007555835675804423
2024-12-31,SYK,0.0008553776236759725
2024-12-31,T,0.009551716797715024
2024-12-31,TJX,0.00342151049470389
2024-12-31,TMUS,0.011832723794184284
2024-12-31,TRGP,0.013828604916094887
2024-12-31,TRV,0.005845080428452478
2024-12-31,TT,0.01368604197881556
2024-12-31,TYL,0.009836842672273683
2024-12-31,UAL,0.006985583926687108
2024-12-31,WAB,0.01226041260602227
2024-12-31,WELL,0.012973227292418916
2024-12-31,WFC,0.004419451055659191
2024-12-31,WM,0.0007128146863966437
2024-12-31,WMB,0.011547597919625627
2024-12-31,WTW,0.0012830664355139587
2024-12-31,ZBRA,0.0015681923100726164
2025-01-31,AAPL,0.007213994997674161
2025-01-31,ADP,0.005410496248255621
2025-01-31,AEE,0.005539317587499802
2025-01-31,AMP,0.007600459015406705
2025-01-31,AMZN,0.00811574437238343
2025-01-31,AVB,0.003478176159592899
2025-01-31,AXON,0.01159392053197633
2025-01-31,AXP,0.011851563210464693
2025-01-31,BAC,0.0015458560709301775
2025-01-31,BK,0.011078635174999603
2025-01-31,BKNG,0.006698709640697435
2025-01-31,BKR,0.001417034731685996
2025-01-31,BLK,0.007342816336918342
2025-01-31,BRO,0.0033493548203487183
2025-01-31,BSX,0.012238027228197237
2025-01-31,BX,0.002834069463371992
2025-01-31,CBRE,0.005152853569767258
2025-01-31,CCL,0.002576426784883629
2025-01-31,CEG,0.0046375682127905325
2025-01-31,CMI,0.009661600443313607
2025-01-31,CMS,0.0005152853569767258
2025-01-31,COST,0.005925781605232347
2025-01-31,DAL,0.005668138926743984
2025-01-31,DFS,0.00785810169389507
2025-01-31,DOV,0.0020611414279069025
2025-01-31,EBAY,0.010434528478778697
2025-01-31,EQR,0.0009017493747092701
2025-01-31,ETN,0.0007729280354650883
2025-01-31,EVRG,0.0021899627671510846
2025-01-31,FFIV,0.005796960265988165
2025-01-31,FI,0.009017493747092702
2025-01-31,FICO,0.009403957764825246
2025-01-31,FIS,0.0036069974988370804
2025-01-31,FOX,0.010820992496511242
2025-01-31,FOXA,0.010692171157267059
2025-01-31,GLW,0.009532779104069427
2025-01-31,GM,0.006827530979941617
2025-01-31,GRMN,0.011465099192732147
2025-01-31,GS,0.010176885800290334
2025-01-31,HLT,0.00708517365842998
2025-01-31,HWM,0.011722741871220512
2025-01-31,IP,0.0016746774101743587
2025-01-31,IRM,0.006441066962209072
2025-01-31,ISRG,0.007471637676162524
2025-01-31,JCI,0.008759851068604338
2025-01-31,JPM,0.008244565711627612
2025-01-31,KMI,0.012109205888953057
2025-01-31,KR,0.0006441066962209073
2025-01-31,LNT,0.0003864640177325444
2025-01-31,LYV,0.004895210891278895
2025-01-31,MA,0.003091712141860355
2025-01-31,META,0.004766389552034713
2025-01-31,MO,0.00180349874941854
2025-01-31,MS,0.00798692303313925
2025-01-31,MSI,0.010305707139534517
2025-01-31,NDAQ,0.003735818838081262
2025-01-31,NFLX,0.009275136425581065
2025-01-31,NI,0.011980384549708874
2025-01-31,NOW,0.0010305707139534514
2025-01-31,NRG,0.009146315086336882
2025-01-31,NTRS,0.00025764267848836286
2025-01-31,OKE,0.007729280354650887
2025-01-31,ORCL,0.0038646401773254433
2025-01-31,PEG,0.00979042178255779
2025-01-31,PGR,0.0024476054456394475
2025-01-31,PH,0.003993461516569625
2025-01-31,PKG,0.006956352319185798
2025-01-31,PM,0.005281674909011439
2025-01-31,PNR,0.0042511041950579875
2025-01-31,PPL,0.004122282855813806
2025-01-31,PWR,0.008631029729360156
2025-01-31,PYPL,0.0029628908026161733
2025-01-31,RCL,0.01236684856744142
2025-01-31,RJF,0.0012882133924418146
2025-01-31,RL,0.006569888301453254
2025-01-31,RTX,0.0023187841063952662
2025-01-31,SO,0.00012882133924418167
2025-01-31,SPG,0.0019323200886627217
2025-01-31,SRE,0.0011593920531976331
2025-01-31,STT,0.005024032230523076
2025-01-31,SYF,0.010563349818022878
2025-01-31,T,0.008373387050871794
2025-01-31,TJX,0.0027052481241278104
2025-01-31,TMUS,0.00618342428372071
2025-01-31,TPR,0.006312245622964891
2025-01-31,TRGP,0.012495669906685599
2025-01-31,TSLA,0.008888672407848519
2025-01-31,TT,0.008502208390115975
2025-01-31,TYL,0.006054602944476528
2025-01-31,UAL,0.010949813835755424
2025-01-31,VLTO,0.004508746873546351
2025-01-31,WAB,0.011336277853487968
2025-01-31,WELL,0.009919243121801972
2025-01-31,WFC,0.003220533481104536
2025-01-31,WMB,0.011207456514243786
2025-01-31,WTW,0.004379925534302169
2025-01-31,ZBRA,0.010048064461046152
2025-02-28,AAPL,0.0035378215952561456
2025-02-28,ADP,0.00014740923313567248
2025-02-28,AEE,0.007075643190512291
2025-02-28,AFL,0.0032430031289848
2025-02-28,AMP,0.006633415491105273
2025-02-28,AMZN,0.005748960092291235
2025-02-28,APD,0.0036852308283918177
2025-02-28,ATO,0.001031864631949709
2025-02-28,AVB,0.004127458527798836
2025-02-28,AXON,0.010171237086361418
2025-02-28,AXP,0.012529784816532183
2025-02-28,BAC,0.005601550859155564
2025-02-28,BK,0.013266830982210546
2025-02-28,BKNG,0.0022111384970350907
2025-02-28,BKR,0.008107507822462
2025-02-28,BLK,0.009286781687547381
2025-02-28,BSX,0.01311942174907487
2025-02-28,BX,0.003980049294663164
2025-02-28,C,0.008991963221276036
2025-02-28,CBRE,0.007665280123054981
2025-02-28,CCL,0.010613464785768436
2025-02-28,CFG,0.002063729263899418
2025-02-28,CMI,0.004717095460341527
2025-02-28,COF,0.004569686227205855
2025-02-28,COST,0.0030955938958491273
2025-02-28,CSCO,0.0048645046934772
2025-02-28,DAL,0.007370461656783635
2025-02-28,DFS,0.008844553988140363
2025-02-28,DGX,0.0064860062579696
2025-02-28,DUK,0.0004422276994070182
2025-02-28,EBAY,0.009434190920683054
2025-02-28,EQT,0.002653366196442109
2025-02-28,EVRG,0.0075178708899193095
2025-02-28,FFIV,0.010318646319497091
2025-02-28,FI,0.0097290093869544
2025-02-28,FOX,0.014003877147888907
2025-02-28,FOXA,0.013856467914753237
2025-02-28,GILD,0.0014740923313567274
2025-02-28,GLW,0.0129720125159392
2025-02-28,GOOG,0.0067808247242409445
2025-02-28,GOOGL,0.006928233957376619
2025-02-28,GRMN,0.010908283252039781
2025-02-28,GS,0.012824603282803528
2025-02-28,HLT,0.006191187791698255
2025-02-28,HPE,0.0016215015644924
2025-02-28,HWM,0.011350510951446801
2025-02-28,IP,0.00589636932542691
2025-02-28,ISRG,0.011203101718311128
2025-02-28,JCI,0.0017689107976280732
2025-02-28,JPM,0.009876418620090073
2025-02-28,KMI,0.01341424021534622
2025-02-28,LNT,0.0025059569633064365
2025-02-28,LYV,0.005011913926612873
2025-02-28,MCO,0.004422276994070181
2025-02-28,MET,0.0007370461656783637
2025-02-28,MMM,0.007812689356190654
2025-02-28,MS,0.01238237558339651
2025-02-28,MSI,0.011055692485175453
2025-02-28,MTB,0.0033904123621204723
2025-02-28,NCLH,0.002800775429577782
2025-02-28,NDAQ,0.008402326288733344
2025-02-28,NFLX,0.01076087401890411
2025-02-28,NI,0.013561649448481889
2025-02-28,NRG,0.011645329417718146
2025-02-28,NTAP,0.0008844553988140364
2025-02-28,NTRS,0.0054541416260198905
2025-02-28,OKE,0.0011792738650853816
2025-02-28,ORCL,0.0038326400615274906
2025-02-28,PAYX,0.004274867760934509
2025-02-28,PEG,0.006338597024833926
2025-02-28,PM,0.009581600153818728
2025-02-28,PODD,0.010023827853225746
2025-02-28,PPL,0.0051593231597485455
2025-02-28,PYPL,0.007960098589326328
2025-02-28,RCL,0.014298695614160252
2025-02-28,RJF,0.0002948184662713454
2025-02-28,RMD,0.0023585477301707636
2025-02-28,RTX,0.008254917055597673
2025-02-28,SO,0.006043778558562582
2025-02-28,STT,0.00913937245441171
2025-02-28,SYF,0.01179273865085382
2025-02-28,T,0.012234966350260834
2025-02-28,TMUS,0.008697144755004691
2025-02-28,TPR,0.001326683098221055
2025-02-28,TRGP,0.013709058681617564
2025-02-28,TSLA,0.008549735521869018
2025-02-28,TYL,0.005306732392884218
2025-02-28,UAL,0.011940147883989491
2025-02-28,V,0.0005896369325426909
2025-02-28,VTR,0.007223052423647963
2025-02-28,WAB,0.012087557117125164
2025-02-28,WEC,0.002948184662713455
2025-02-28,WELL,0.01149792018458247
2025-02-28,WFC,0.0019163200307637453
2025-02-28,WMB,0.012677194049667852
2025-02-28,WMT,0.014151286381024582
2025-02-28,ZBRA,0.010466055552632763
2025-03-31,AAPL,0.011806891456692354
2025-03-31,ADP,0.009760363604199011
2025-03-31,AEE,0.011019765359579528
2025-03-31,AEP,0.004250480924409246
2025-03-31,AFL,0.003620780046718988
2025-03-31,AJG,0.007241560093437976
2025-03-31,APD,0.0004722756582676941
2025-03-31,ATO,0.006769284435170282
2025-03-31,AVB,0.005667307899212329
2025-03-31,AXON,0.0039356304855641165
2025-03-31,AXP,0.007871260971128233
2025-03-31,BK,0.014483120186875953
2025-03-31,BKNG,0.00771383575170567
2025-03-31,BKR,0.0011019765359579527
2025-03-31,BRKB,0.0031485043884512936
2025-03-31,BRO,0.0080286861905508
2025-03-31,BSX,0.013538568870340563
2025-03-31,CBRE,0.0051950322409446345
2025-03-31,CHRW,0.0029910791690287287
2025-03-31,CME,0.0015742521942256468
2025-03-31,CMI,0.004565331363254376
2025-03-31,CMS,0.004880181802099506
2025-03-31,COST,0.011649466237269788
2025-03-31,CPT,0.0028336539496061643
2025-03-31,CSCO,0.013381143650917998
2025-03-31,DFS,0.006139583557480023
2025-03-31,DGX,0.009917788823621576
2025-03-31,DTE,0.002518803510761035
2025-03-31,DUK,0.00503760702152207
2025-03-31,EBAY,0.0009445513165353882
2025-03-31,ESS,0.006297008776902587
2025-03-31,EVRG,0.01007521404304414
2025-03-31,EXPE,0.0026762287301835995
2025-03-31,FFIV,0.010704914920734398
2025-03-31,FI,0.012594017553805174
2025-03-31,FICO,0.005352457460367199
2025-03-31,FOX,0.01542767150341134
2025-03-31,FOXA,0.015270246283988776
2025-03-31,FTNT,0.006926709654592847
2025-03-31,GILD,0.01306629321207287
2025-03-31,GLW,0.013695994089763129
2025-03-31,GRMN,0.012908867992650305
2025-03-31,GS,0.010390064481889269
2025-03-31,HLT,0.007556410532283105
2025-03-31,HWM,0.014325694967453386
2025-03-31,IBM,0.0006297008776902588
2025-03-31,ICE,0.00472275658267694
2025-03-31,INCY,0.0012594017553805175
2025-03-31,IP,0.0033059296078738584
2025-03-31,ISRG,0.010862340140156964
2025-03-31,JCI,0.006611859215747717
2025-03-31,JPM,0.005824733118634894
2025-03-31,K,0.0007871260971128234
2025-03-31,KMI,0.011492041017847222
2025-03-31,LNT,0.009288087945931316
2025-03-31,MA,0.0044079061438318115
2025-03-31,MAA,0.0034633548272964233
2025-03-31,MCO,0.0059821583380574575
2025-03-31,META,0.0022039530719159058
2025-03-31,MMM,0.001731677413648212
2025-03-31,MO,0.0018891026330707763
2025-03-31,MS,0.008186111409973364
2025-03-31,NDAQ,0.003778205266141553
2025-03-31,NFLX,0.01243659233438261
2025-03-31,NI,0.014955395845143646
2025-03-31,NRG,0.008500961848818493
2025-03-31,PAYX,0.00944551316535388
2025-03-31,PGR,0.007084134874015411
2025-03-31,PM,0.014168269748030822
2025-03-31,PODD,0.01212174189553748
2025-03-31,PPL,0.008658387068241057
2025-03-31,RCL,0.012751442773227739
2025-03-31,REG,0.010232639262466705
2025-03-31,RL,0.009602938384776447
2025-03-31,RTX,0.008343536629395928
2025-03-31,SO,0.008973237507086188
2025-03-31,SPGI,0.007398985312860541
2025-03-31,STT,0.004093055704986682
2025-03-31,SYF,0.002046527852493341
2025-03-31,T,0.014797970625721081
2025-03-31,TJX,0.0014168269748030822
2025-03-31,TMUS,0.013853419309185693
2025-03-31,TPR,0.011964316676114915
2025-03-31,TRGP,0.013223718431495434
2025-03-31,TTWO,0.010547489701311833
2025-03-31,TYL,0.011334615798424657
2025-03-31,UAL,0.008815812287663623
2025-03-31,V,0.011177190579002093
2025-03-31,VRSK,0.0001574252194225647
2025-03-31,VRSN,0.00236137829133847
2025-03-31,VTR,0.014010844528608258
2025-03-31,WEC,0.009130662726508752
2025-03-31,WELL,0.014640545406298517
2025-03-31,WFC,0.0003148504388451295
2025-03-31,WMB,0.012279167114960046
2025-03-31,WMT,0.01511282106456621
2025-03-31,WTW,0.005509882679789764
2025-03-31,XEL,0.0064544339963251525
2025-04-30,AAPL,0.0040375152666260305
2025-04-30,ADP,0.009084409349908567
2025-04-30,AEE,0.014333179196522404
2025-04-30,AEP,0.00545064560994514
2025-04-30,AFL,0.008478782059914662
2025-04-30,AJG,0.01514068224984761
2025-04-30,ALL,0.0010093788166565076
2025-04-30,AON,0.008680657823245962
2025-04-30,ATO,0.009891912403233772
2025-04-30,AXON,0.004441266793288633
2025-04-30,AZO,0.006661900189932949
2025-04-30,BK,0.017159439883160627
2025-04-30,BKNG,0.004239391029957331
2025-04-30,BKR,0.0020187576333130152
2025-04-30,BR,0.004643142556619934
2025-04-30,BRKB,0.014535054959853707
2025-04-30,BRO,0.016755688356498023
2025-04-30,BSX,0.015342558013178914
2025-04-30,CAH,0.005652521373276442
2025-04-30,CB,0.00827690629658336
2025-04-30,CBRE,0.0062581486632703465
2025-04-30,CHRW,0.010295663929896377
2025-04-30,CINF,0.002422509159975618
2025-04-30,CME,0.013121924616534596
2025-04-30,CMS,0.009690036639902472
2025-04-30,CNP,0.004845018319951236
2025-04-30,COST,0.0036337637399634273
2025-04-30,CSCO,0.015544433776510215
2025-04-30,DGX,0.0014131303433191095
2025-04-30,DRI,0.011910670036546788
2025-04-30,DTE,0.009286285113239867
2025-04-30,DUK,0.008075030533252061
2025-04-30,EBAY,0.011103166983221582
2025-04-30,ESS,0.00686377595326425
2025-04-30,EVRG,0.0135256761431972
2025-04-30,FFIV,0.007267527479926854
2025-04-30,FI,0.012516297326540693
2025-04-30,FICO,0.012314421563209391
2025-04-30,FOX,0.01917819751647364
2025-04-30,FOXA,0.019581949043136242
2025-04-30,FTNT,0.002220633396644317
2025-04-30,GEV,0.014131303433191104
2025-04-30,GILD,0.018572570226479734
2025-04-30,GL,0.010093788166565074
2025-04-30,GLW,0.016150061066504122
2025-04-30,GRMN,0.014736930723185009
2025-04-30,HIG,0.003431887976632125
2025-04-30,HWM,0.018370694463148436
2025-04-30,IBM,0.008882533586577267
2025-04-30,ICE,0.013323800379865898
2025-04-30,IP,0.006460024426601647
2025-04-30,ISRG,0.0008075030533252064
2025-04-30,JPM,0.0002018757633313016
2025-04-30,KMI,0.017361315646491925
2025-04-30,L,0.007671279006589457
2025-04-30,LNT,0.011708794273215486
2025-04-30,LUV,0.0016150061066504118
2025-04-30,MA,0.0038356395032947284
2025-04-30,MAA,0.0018168818699817134
2025-04-30,MCO,0.0004037515266626032
2025-04-30,MMC,0.007065651716595552
2025-04-30,MMM,0.010497539693227677
2025-04-30,MO,0.007469403243258154
2025-04-30,MSI,0.001211254579987809
2025-04-30,NFLX,0.016957564119829325
2025-04-30,NI,0.01897632175314234
2025-04-30,ORLY,0.010699415456558978
2025-04-30,PAYX,0.014938806486516309
2025-04-30,PGR,0.007873154769920758
2025-04-30,PM,0.01776506717315453
2025-04-30,PNW,0.005854397136607743
2025-04-30,PODD,0.013929427669859802
2025-04-30,PPL,0.0137275519065285
2025-04-30,RCL,0.002826260686638221
2025-04-30,REG,0.01090129121989028
2025-04-30,RSG,0.0006056272899939045
2025-04-30,RTX,0.005248769846613838
2025-04-30,SO,0.011506918509884183
2025-04-30,SPGI,0.0030281364499695224
2025-04-30,T,0.019380073279804944
2025-04-30,TDY,0.006056272899939044
2025-04-30,TJX,0.002624384923306919
2025-04-30,TMUS,0.018168818699817135
2025-04-30,TPR,0.011305042746552883
2025-04-30,TRGP,0.01655381259316672
2025-04-30,TRV,0.0032300122133008236
2025-04-30,TTWO,0.01635193682983542
2025-04-30,V,0.012920048853203294
2025-04-30,VRSK,0.00948816087657117
2025-04-30,VRSN,0.015948185303172817
2025-04-30,VTR,0.01756319140982323
2025-04-30,WEC,0.012112545799878088
2025-04-30,WELL,0.01877444598981104
2025-04-30,WMB,0.01796694293648583
2025-04-30,WMT,0.012718173089871993
2025-04-30,WTW,0.015746309539841515
2025-04-30,XEL,0.005046894083282537
2025-05-31,ABT,0.009253037262251615
2025-05-31,ADP,0.010281152513612904
2025-05-31,ADSK,0.005963068457895485
2025-05-31,AEE,0.01727233622286968
2025-05-31,AEP,0.0071968067595290335
2025-05-31,AFL,0.003906837955172903
2025-05-31,AJG,0.0037012149049006453
2025-05-31,ALL,0.002261853552994839
2025-05-31,AON,0.0028787227038116134
2025-05-31,ATO,0.01850607452450323
2025-05-31,AXON,0.01706671317259742
2025-05-31,AZO,0.014804859619602581
2025-05-31,BK,0.014599236569330324
2025-05-31,BKNG,0.005140576256806452
2025-05-31,BLK,0.002673099653539355
2025-05-31,BR,0.009458660312523872
2025-05-31,BRKB,0.016861090122325163
2025-05-31,BSX,0.01603859792123613
2025-05-31,CAH,0.016244220971508388
2025-05-31,CBOE,0.0030843457540838714
2025-05-31,CBRE,0.00431808405571742
2025-05-31,CHTR,0.00020562305027225808
2025-05-31,CME,0.018917320625047744
2025-05-31,CMS,0.007813675910345807
2025-05-31,CNP,0.010486775563885163
2025-05-31,COF,0.0014393613519058067
2025-05-31,COR,0.004523707105989678
2025-05-31,CSCO,0.01192613691579097
2025-05-31,DFS,0.006785560658984517
2025-05-31,DGX,0.01172051386551871
2025-05-31,DRI,0.01644984402178065
2025-05-31,DTE,0.008841791161707097
2025-05-31,DUK,0.008430545061162581
2025-05-31,EBAY,0.011103644714701936
2025-05-31,ED,0.0008224922010890323
2025-05-31,EVRG,0.015216105720147099
2025-05-31,EXC,0.011514890815246454
2025-05-31,EXPE,0.004112461005445162
2025-05-31,FFIV,0.013776744368241292
2025-05-31,FICO,0.010898021664429679
2025-05-31,FOX,0.015010482669874842
2025-05-31,FOXA,0.015832974870963874
2025-05-31,FTNT,0.015627351820691613
2025-05-31,GEV,0.017683582323414195
2025-05-31,GILD,0.01953418977586452
2025-05-31,GL,0.019122943675320005
2025-05-31,GRMN,0.0006168691508167748
2025-05-31,HIG,0.0018506074524503229
2025-05-31,HWM,0.01398236741851355
2025-05-31,IBM,0.012337383016335485
2025-05-31,ICE,0.007608052860073549
2025-05-31,ISRG,0.0024674766032670974
2025-05-31,JPM,0.0012337383016335487
2025-05-31,KMI,0.014187990468785808
2025-05-31,KR,0.014393613519058067
2025-05-31,L,0.0020562305027225806
2025-05-31,LH,0.004729330156261936
2025-05-31,LNT,0.007402429809801291
2025-05-31,LYV,0.009047414211979356
2025-05-31,MA,0.012543006066607743
2025-05-31,MCD,0.011309267764974195
2025-05-31,MMM,0.006168691508167743
2025-05-31,MO,0.006579937608712259
2025-05-31,MSI,0.00041124610054451617
2025-05-31,NDAQ,0.006991183709256775
2025-05-31,NFLX,0.018711697574775487
2025-05-31,NI,0.01973981282613678
2025-05-31,NOW,0.00534619930707871
2025-05-31,ORLY,0.01830045147423097
2025-05-31,PAYX,0.013159875217424517
2025-05-31,PGR,0.008019298960618065
2025-05-31,PM,0.019328566725592262
2025-05-31,PNW,0.005551822357350968
2025-05-31,PODD,0.00986990641306839
2025-05-31,PPL,0.012748629116880003
2025-05-31,RCL,0.0063743145584400016
2025-05-31,REG,0.008224922010890324
2025-05-31,ROL,0.0034955918546283873
2025-05-31,RSG,0.01295425216715226
2025-05-31,SBAC,0.0010281152513612905
2025-05-31,SO,0.005757445407623227
2025-05-31,T,0.020151058926681294
2025-05-31,TJX,0.004934953206534195
2025-05-31,TMUS,0.01069239861415742
2025-05-31,TPR,0.012131759966063228
2025-05-31,TRGP,0.010075529463340647
2025-05-31,TRV,0.009664283362796131
2025-05-31,TSLA,0.0016449844021780647
2025-05-31,TTWO,0.016655467072052905
2025-05-31,V,0.013571121317969033
2025-05-31,VRSN,0.019945435876409037
2025-05-31,VTR,0.013365498267696774
2025-05-31,WEC,0.017477959273141937
2025-05-31,WELL,0.017889205373686455
2025-05-31,WMB,0.018094828423958712
2025-05-31,WMT,0.015421728770419358
2025-05-31,WTW,0.0032899688043561293
2025-05-31,XEL,0.00863616811143484
2025-06-30,ABT,0.00948258091115234
2025-06-30,ADP,0.01566687280972995
2025-06-30,AEE,0.01422387136672851
2025-06-30,AJG,0.0045351473922902496
2025-06-30,ALL,0.00968872397443826
2025-06-30,APH,0.0012368583797155227
2025-06-30,ATO,0.013399299113584827
2025-06-30,AXON,0.01896516182230468
2025-06-30,AXP,0.0024737167594310453
2025-06-30,AZO,0.011544011544011544
2025-06-30,BK,0.016903731189445475
2025-06-30,BKNG,0.007215007215007215
2025-06-30,BLK,0.0035044320758606472
2025-06-30,BR,0.0055658627087198514
2025-06-30,BRKB,0.007627293341579057
2025-06-30,BSX,0.013605442176870748
2025-06-30,CAH,0.01834673263244692
2025-06-30,CBOE,0.010719439290867862
2025-06-30,CBRE,0.0030921459492888066
2025-06-30,CINF,0.003916718202432488
2025-06-30,CME,0.020202020202020204
2025-06-30,COF,0.004947433518862091
2025-06-30,COR,0.001030715316429602
2025-06-30,CSCO,0.015048443619872192
2025-06-30,CTVA,0.0020614306328592042
2025-06-30,DE,0.00474129045557617
2025-06-30,DGX,0.006596578025149453
2025-06-30,DRI,0.017934446505875078
2025-06-30,DTE,0.008658008658008658
2025-06-30,EBAY,0.015460729746444033
2025-06-30,EQT,0.00927643784786642
2025-06-30,EVRG,0.008451865594722737
2025-06-30,EXC,0.006390434961863534
2025-06-30,FFIV,0.016285301999587713
2025-06-30,FOX,0.017316017316017316
2025-06-30,FOXA,0.01855287569573284
2025-06-30,FTNT,0.013193156050298907
2025-06-30,GE,0.010513296227581941
2025-06-30,GEV,0.019789734075448363
2025-06-30,GILD,0.01937744794887652
2025-06-30,GL,0.016079158936301793
2025-06-30,GLW,0.01030715316429602
2025-06-30,GS,0.002886002886002886
2025-06-30,HIG,0.005359719645433931
2025-06-30,HWM,0.019995877138734283
2025-06-30,IBM,0.014017728303442589
2025-06-30,ICE,0.010101010101010102
2025-06-30,JBL,0.012987012987012988
2025-06-30,JCI,0.012162440733869306
2025-06-30,JPM,0.007833436404864976
2025-06-30,KMI,0.012368583797155226
2025-06-30,KR,0.012780869923727067
2025-06-30,KVUE,0.0022675736961451248
2025-06-30,L,0.0037105751391465678
2025-06-30,LH,0.00020614306328592055
2025-06-30,LNT,0.0032982890125747267
2025-06-30,LYV,0.011750154607297465
2025-06-30,MA,0.016697588126159554
2025-06-30,MCD,0.010925582354153782
2025-06-30,MMM,0.0070088641517212944
2025-06-30,MNST,0.0008245722531436817
2025-06-30,MO,0.005772005772005772
2025-06-30,MS,0.0026798598227169654
2025-06-30,NDAQ,0.011337868480725623
2025-06-30,NFLX,0.018140589569160998
2025-06-30,NI,0.017522160379303237
2025-06-30,NRG,0.013811585240156668
2025-06-30,ORLY,0.009894867037724181
2025-06-30,PAYC,0.012574726860441147
2025-06-30,PAYX,0.017109874252731395
2025-06-30,PGR,0.0041228612657184084
2025-06-30,PH,0.0016491445062873633
2025-06-30,PM,0.019583591012162442
2025-06-30,PODD,0.008245722531436817
2025-06-30,PPL,0.006184291898577613
2025-06-30,RCL,0.009070294784580499
2025-06-30,REG,0.001855287569573284
2025-06-30,RL,0.008864151721294579
2025-06-30,RSG,0.011131725417439703
2025-06-30,RTX,0.008039579468150896
2025-06-30,SOLV,0.001443001443001443
2025-06-30,STT,0.006802721088435374
2025-06-30,T,0.0191713048855906
2025-06-30,TDY,0.0074211502782931356
2025-06-30,TMUS,0.004329004329004329
2025-06-30,TPR,0.015873015873015872
2025-06-30,TRV,0.01443001443001443
2025-06-30,TSLA,0.00515357658214801
2025-06-30,TTWO,0.01463615749330035
2025-06-30,V,0.017728303442589157
2025-06-30,VRSN,0.01875901875901876
2025-06-30,VST,0.0006184291898577613
2025-06-30,WAB,0.00041228612657184083
2025-06-30,WEC,0.015254586683158112
2025-06-30,WELL,0.016491445062873634
2025-06-30,WMB,0.014842300556586271
2025-06-30,WMT,0.011956297670583385
2025-06-30,XEL,0.0059781488352916926
2025-07-31,ABT,0.011337868480725623
2025-07-31,ADSK,0.00927643784786642
2025-07-31,AEE,0.0035044320758606477
2025-07-31,AMP,0.0008245722531436817
2025-07-31,APH,0.014842300556586271
2025-07-31,ATO,0.002886002886002886
2025-07-31,AVGO,0.00968872397443826
2025-07-31,AXON,0.0191713048855906
2025-07-31,AXP,0.0024737167594310453
2025-07-31,AZO,0.003298289012574727
2025-07-31,BK,0.013605442176870748
2025-07-31,BKNG,0.015254586683158112
2025-07-31,BLK,0.00041228612657184067
2025-07-31,BSX,0.017109874252731395
2025-07-31,C,0.0010307153164296021
2025-07-31,CAH,0.01937744794887652
2025-07-31,CBOE,0.003916718202432488
2025-07-31,CCL,0.005359719645433931
2025-07-31,CEG,0.007215007215007215
2025-07-31,CME,0.019789734075448363
2025-07-31,CNP,0.00948258091115234
2025-07-31,COF,0.005772005772005772
2025-07-31,COR,0.006184291898577613
2025-07-31,COST,0.0018552875695732839
2025-07-31,CRWD,0.01566687280972995
2025-07-31,CSCO,0.017522160379303237
2025-07-31,CTVA,0.008864151721294579
2025-07-31,DE,0.010925582354153782
2025-07-31,DGX,0.009070294784580499
2025-07-31,DRI,0.01834673263244692
2025-07-31,EBAY,0.014017728303442589
2025-07-31,EQT,0.016903731189445475
2025-07-31,EVRG,0.0041228612657184084
2025-07-31,EXPE,0.004329004329004329
2025-07-31,FFIV,0.013193156050298907
2025-07-31,FOX,0.01463615749330035
2025-07-31,FOXA,0.015873015873015872
2025-07-31,FTNT,0.015460729746444033
2025-07-31,GE,0.011750154607297465
2025-07-31,GEV,0.020202020202020204
2025-07-31,GILD,0.01443001443001443
2025-07-31,GL,0.010719439290867862
2025-07-31,GLW,0.012368583797155226
2025-07-31,GS,0.00474129045557617
2025-07-31,HLT,0.0026798598227169654
2025-07-31,HWM,0.019583591012162442
2025-07-31,IBM,0.013399299113584827
2025-07-31,ICE,0.002061430632859204
2025-07-31,JBL,0.017934446505875078
2025-07-31,JCI,0.013811585240156668
2025-07-31,JPM,0.010101010101010102
2025-07-31,KMI,0.01030715316429602
2025-07-31,KR,0.012574726860441147
2025-07-31,LH,0.0059781488352916926
2025-07-31,LYV,0.015048443619872192
2025-07-31,MA,0.011131725417439703
2025-07-31,META,0.012162440733869306
2025-07-31,MS,0.006596578025149453
2025-07-31,NDAQ,0.006802721088435374
2025-07-31,NFLX,0.019995877138734283
2025-07-31,NI,0.01422387136672851
2025-07-31,NRG,0.017316017316017316
2025-07-31,NTRS,0.008039579468150896
2025-07-31,NVDA,0.0055658627087198514
2025-07-31,NWS,0.00515357658214801
2025-07-31,ORCL,0.007627293341579056
2025-07-31,PH,0.0006184291898577614
2025-07-31,PM,0.016491445062873634
2025-07-31,PODD,0.012987012987012988
2025-07-31,PWR,0.010513296227581941
2025-07-31,RCL,0.016697588126159554
2025-07-31,RL,0.011544011544011544
2025-07-31,RSG,0.009894867037724181
2025-07-31,RTX,0.0030921459492888066
2025-07-31,SCHW,0.0070088641517212944
2025-07-31,STT,0.00020614306328592055
2025-07-31,SYK,0.0037105751391465678
2025-07-31,T,0.01855287569573284
2025-07-31,TDG,0.0074211502782931356
2025-07-31,TDY,0.001443001443001443
2025-07-31,TMUS,0.006390434961863534
2025-07-31,TPR,0.01896516182230468
2025-07-31,TRMB,0.008658008658008658
2025-07-31,TRV,0.00453514739229025
2025-07-31,TT,0.0012368583797155227
2025-07-31,TTWO,0.01875901875901876
2025-07-31,UAL,0.0022675736961451248
2025-07-31,UBER,0.008451865594722737
2025-07-31,V,0.016079158936301793
2025-07-31,VRSN,0.018140589569160998
2025-07-31,VST,0.017728303442589157
2025-07-31,WAB,0.008245722531436817
2025-07-31,WEC,0.00494743351886209
2025-07-31,WELL,0.012780869923727067
2025-07-31,WFC,0.0016491445062873633
2025-07-31,WMB,0.016285301999587713
2025-07-31,WMT,0.011956297670583385
2025-07-31,WRB,0.007833436404864976
2025-08-31,ADSK,0.0012368583797155224
2025-08-31,AEE,0.008245722531436817
2025-08-31,ALLE,0.00020614306328592042
2025-08-31,AMZN,0.007833436404864976
2025-08-31,APH,0.017522160379303237
2025-08-31,ATO,0.006390434961863534
2025-08-31,AVGO,0.010101010101010102
2025-08-31,AXON,0.015254586683158112
2025-08-31,AZO,0.006596578025149453
2025-08-31,BA,0.0041228612657184084
2025-08-31,BK,0.01834673263244692
2025-08-31,BKNG,0.014017728303442589
2025-08-31,BLK,0.006802721088435374
2025-08-31,BR,0.004329004329004329
2025-08-31,BSX,0.01422387136672851
2025-08-31,C,0.01463615749330035
2025-08-31,CAH,0.012780869923727067
2025-08-31,CBRE,0.008451865594722737
2025-08-31,CCL,0.012368583797155226
2025-08-31,CDNS,0.0032982890125747267
2025-08-31,CEG,0.003916718202432488
2025-08-31,CME,0.01937744794887652
2025-08-31,CNP,0.01855287569573284
2025-08-31,COF,0.010513296227581941
2025-08-31,CRWD,0.017934446505875078
2025-08-31,CSCO,0.016491445062873634
2025-08-31,CTVA,0.0008245722531436822
2025-08-31,DE,0.0055658627087198514
2025-08-31,DRI,0.011750154607297465
2025-08-31,EBAY,0.01443001443001443
2025-08-31,EMR,0.0026798598227169654
2025-08-31,EQT,0.016079158936301793
2025-08-31,ETN,0.001443001443001443
2025-08-31,EVRG,0.006184291898577613
2025-08-31,EW,0.0020614306328592042
2025-08-31,FFIV,0.01566687280972995
2025-08-31,FOX,0.00927643784786642
2025-08-31,FOXA,0.010925582354153782
2025-08-31,GE,0.013193156050298907
2025-08-31,GEV,0.020202020202020204
2025-08-31,GILD,0.01875901875901876
2025-08-31,GL,0.011544011544011544
2025-08-31,GLW,0.015460729746444033
2025-08-31,GRMN,0.0018552875695732839
2025-08-31,GS,0.008658008658008658
2025-08-31,HLT,0.00515357658214801
2025-08-31,HWM,0.019789734075448363
2025-08-31,IBM,0.0006184291898577617
2025-08-31,INTU,0.005772005772005772
2025-08-31,JBL,0.019583591012162442
2025-08-31,JCI,0.011131725417439703
2025-08-31,JPM,0.009894867037724181
2025-08-31,KMI,0.007215007215007215
2025-08-31,KR,0.013811585240156668
2025-08-31,LYV,0.015873015873015872
2025-08-31,MA,0.0022675736961451243
2025-08-31,META,0.0004122861265718411
2025-08-31,MNST,0.005359719645433931
2025-08-31,MS,0.008864151721294579
2025-08-31,MSFT,0.0037105751391465678
2025-08-31,NDAQ,0.012574726860441147
2025-08-31,NFLX,0.01896516182230468
2025-08-31,NI,0.017728303442589157
2025-08-31,NRG,0.017109874252731395
2025-08-31,NTRS,0.01030715316429602
2025-08-31,NVDA,0.0070088641517212944
2025-08-31,ORCL,0.013605442176870748
2025-08-31,PARA,0.016285301999587713
2025-08-31,PAYC,0.0010307153164296021
2025-08-31,PM,0.0030921459492888066
2025-08-31,PODD,0.004741290455576169
2025-08-31,PWR,0.00968872397443826
2025-08-31,RCL,0.0191713048855906
2025-08-31,RJF,0.004947433518862091
2025-08-31,RL,0.016903731189445475
2025-08-31,RTX,0.010719439290867862
2025-08-31,SCHW,0.014842300556586271
2025-08-31,STT,0.011337868480725623
2025-08-31,SYF,0.002886002886002886
2025-08-31,T,0.018140589569160998
2025-08-31,TDG,0.0045351473922902496
2025-08-31,TDY,0.00948258091115234
2025-08-31,TEL,0.0059781488352916926
2025-08-31,TPR,0.019995877138734283
2025-08-31,TRMB,0.011956297670583385
2025-08-31,TTWO,0.013399299113584827
2025-08-31,UAL,0.012162440733869306
2025-08-31,ULTA,0.0074211502782931356
2025-08-31,V,0.015048443619872192
2025-08-31,VRSN,0.016697588126159554
2025-08-31,VST,0.017316017316017316
2025-08-31,WBD,0.009070294784580499
2025-08-31,WEC,0.0016491445062873636
2025-08-31,WELL,0.012987012987012988
2025-08-31,WFC,0.008039579468150896
2025-08-31,WMB,0.007627293341579057
2025-08-31,WMT,0.002473716759431045
2025-08-31,WYNN,0.0035044320758606472
2025-09-30,ABT,0.0008245722531436817
2025-09-30,AEE,0.002473716759431045
2025-09-30,ALLE,0.0010307153164296021
2025-09-30,AMZN,0.001443001443001443
2025-09-30,APH,0.019789734075448363
2025-09-30,ATO,0.0059781488352916926
2025-09-30,AVGO,0.007215007215007215
2025-09-30,AXON,0.013811585240156668
2025-09-30,AZO,0.017109874252731395
2025-09-30,BA,0.01834673263244692
2025-09-30,BAC,0.004947433518862091
2025-09-30,BEN,0.00020614306328592042
2025-09-30,BK,0.01855287569573284
2025-09-30,BKNG,0.008039579468150896
2025-09-30,BLK,0.0037105751391465678
2025-09-30,BR,0.011337868480725623
2025-09-30,BSX,0.012162440733869306
2025-09-30,C,0.018140589569160998
2025-09-30,CAH,0.011131725417439703
2025-09-30,CBOE,0.0012368583797155227
2025-09-30,CBRE,0.0055658627087198514
2025-09-30,CCL,0.012574726860441147
2025-09-30,CME,0.015254586683158112
2025-09-30,CNP,0.013399299113584827
2025-09-30,COF,0.01422387136672851
2025-09-30,COR,0.00515357658214801
2025-09-30,CRWD,0.013605442176870748
2025-09-30,CSCO,0.01463615749330035
2025-09-30,CTVA,0.0035044320758606472
2025-09-30,DLTR,0.011544011544011544
2025-09-30,DRI,0.00927643784786642
2025-09-30,EBAY,0.016903731189445475
2025-09-30,EQT,0.00968872397443826
2025-09-30,EVRG,0.001855287569573284
2025-09-30,EW,0.016079158936301793
2025-09-30,EXPE,0.007627293341579056
2025-09-30,FFIV,0.01566687280972995
2025-09-30,FOX,0.01443001443001443
2025-09-30,FOXA,0.017522160379303237
2025-09-30,GE,0.01030715316429602
2025-09-30,GEV,0.019995877138734283
2025-09-30,GILD,0.014017728303442589
2025-09-30,GL,0.016285301999587713
2025-09-30,GLW,0.017934446505875078
2025-09-30,GM,0.0045351473922902496
2025-09-30,GOOG,0.0020614306328592042
2025-09-30,GOOGL,0.0026798598227169654
2025-09-30,GRMN,0.012987012987012988
2025-09-30,GS,0.013193156050298907
2025-09-30,HWM,0.01875901875901876
2025-09-30,JBL,0.016697588126159554
2025-09-30,JCI,0.00948258091115234
2025-09-30,JPM,0.017316017316017316
2025-09-30,KMI,0.002886002886002886
2025-09-30,KR,0.004741290455576169
2025-09-30,L,0.011750154607297465
2025-09-30,LH,0.008451865594722737
2025-09-30,LYV,0.015048443619872192
2025-09-30,MA,0.009070294784580499
2025-09-30,MCK,0.005359719645433931
2025-09-30,META,0.0016491445062873633
2025-09-30,MO,0.008864151721294579
2025-09-30,MS,0.011956297670583385
2025-09-30,NDAQ,0.010719439290867862
2025-09-30,NFLX,0.0191713048855906
2025-09-30,NI,0.012780869923727067
2025-09-30,NRG,0.007008864151721295
2025-09-30,NTRS,0.009894867037724181
2025-09-30,NVDA,0.006596578025149453
2025-09-30,NWS,0.008245722531436817
2025-09-30,ORCL,0.0004122861265718411
2025-09-30,PLTR,0.020202020202020204
2025-09-30,PM,0.0074211502782931356
2025-09-30,PODD,0.005772005772005772
2025-09-30,RCL,0.01937744794887652
2025-09-30,RJF,0.004329004329004329
2025-09-30,RL,0.008658008658008658
2025-09-30,RTX,0.014842300556586271
2025-09-30,SCHW,0.015873015873015872
2025-09-30,STT,0.012368583797155226
2025-09-30,STX,0.0022675736961451248
2025-09-30,SYF,0.010513296227581941
2025-09-30,T,0.016491445062873634
2025-09-30,TDY,0.006184291898577613
2025-09-30,TEL,0.007833436404864976
2025-09-30,TPR,0.019583591012162442
2025-09-30,TRMB,0.003916718202432488
2025-09-30,TTWO,0.01896516182230468
2025-09-30,UAL,0.006802721088435374
2025-09-30,ULTA,0.003298289012574727
2025-09-30,V,0.015460729746444033
2025-09-30,VRSN,0.017728303442589157
2025-09-30,VST,0.0030921459492888066
2025-09-30,WBD,0.0006184291898577617
2025-09-30,WELL,0.010101010101010102
2025-09-30,WFC,0.010925582354153782
2025-09-30,WMB,0.006390434961863534
2025-09-30,WRB,0.0041228612657184084
2025-10-31,AEE,0.008415737428992216
2025-10-31,ALLE,0.007574163686092993
2025-10-31,APH,0.01998737639385651
2025-10-31,ATO,0.009888491479065854
2025-10-31,AVGO,0.010519671786240269
2025-10-31,AXON,0.003366294971596887
2025-10-31,AXP,0.001051967178624027
2025-10-31,AZO,0.01914580265095729
2025-10-31,BA,0.01367557332211235
2025-10-31,BAC,0.00021039343572480575
2025-10-31,BK,0.017252261729434042
2025-10-31,BKR,0.0008415737428992215
2025-10-31,BLK,0.003787081843046497
2025-10-31,C,0.018514622343782875
2025-10-31,CAH,0.01598990111508521
2025-10-31,CBOE,0.001683147485798443
2025-10-31,CME,0.01283399957921313
2025-10-31,CNP,0.01830422890805807
2025-10-31,COF,0.004418262150220913
2025-10-31,COR,0.011571638964864297
2025-10-31,CRWD,0.015358720807910793
2025-10-31,CSCO,0.006101409636019357
2025-10-31,DGX,0.004839049021670524
2025-10-31,DLTR,0.009678098043341047
2025-10-31,DRI,0.0027351146644224705
2025-10-31,EBAY,0.015569114243635598
2025-10-31,EQT,0.010730065221965075
2025-10-31,EVRG,0.013465179886387544
2025-10-31,EW,0.001472754050073636
2025-10-31,EXPE,0.004207868714496108
2025-10-31,FFIV,0.011150852093414685
2025-10-31,FOX,0.01788344203660846
2025-10-31,FOXA,0.018725015779507678
2025-10-31,GE,0.018093835472333262
2025-10-31,GEV,0.017673048600883652
2025-10-31,GILD,0.01094045865768988
2025-10-31,GL,0.014937933936461182
2025-10-31,GLW,0.018935409215232485
2025-10-31,GOOG,0.006522196507468967
2025-10-31,GOOGL,0.0071533768146433835
2025-10-31,GS,0.014727540500736377
2025-10-31,HWM,0.0195665895224069
2025-10-31,IBM,0.003997475278771302
2025-10-31,IDXX,0.008836524300441826
2025-10-31,INTC,0.00042078687144961075
2025-10-31,JBL,0.01641068798653482
2025-10-31,JCI,0.012413212707763518
2025-10-31,JPM,0.016200294550810016
2025-10-31,KLAC,0.012202819272038713
2025-10-31,KR,0.005049442457395329
2025-10-31,L,0.014517147065011572
2025-10-31,LH,0.009046917736166631
2025-10-31,LRCX,0.015148327372185988
2025-10-31,LYV,0.010098884914790659
2025-10-31,MCK,0.013885966757837154
2025-10-31,MNST,0.011782032400589101
2025-10-31,MO,0.011361245529139492
2025-10-31,MPC,0.00547022932884494
2025-10-31,MS,0.007994950557542605
2025-10-31,MU,0.0006311803071744162
2025-10-31,NEM,0.016621081422259626
2025-10-31,NFLX,0.016831474857984433
2025-10-31,NI,0.014306753629286767
2025-10-31,NRG,0.01409636019356196
2025-10-31,NTRS,0.0018935409215232483
2025-10-31,NWS,0.005680622764569746
2025-10-31,NWSA,0.0023143277929728594
2025-10-31,ORCL,0.010309278350515464
2025-10-31,PLTR,0.02040816326530612
2025-10-31,RCL,0.006732589943193772
2025-10-31,RL,0.011992425836313906
2025-10-31,ROL,0.00820534399326741
2025-10-31,RTX,0.015779507679360403
2025-10-31,SCHW,0.0077845571218178
2025-10-31,STT,0.009467704607616242
2025-10-31,STX,0.017041868293709236
2025-10-31,T,0.013254786450662739
2025-10-31,TDY,0.006942983378918578
2025-10-31,TEL,0.012623606143488323
2025-10-31,TJX,0.009257311171891438
2025-10-31,TPR,0.020197769829581318
2025-10-31,TRMB,0.0031559015358720807
2025-10-31,TSLA,0.004628655585945719
2025-10-31,TTWO,0.019776982958131708
2025-10-31,ULTA,0.013044393014937934
2025-10-31,V,0.0035766884073216917
2025-10-31,VLO,0.0012623606143488324
2025-10-31,VRSN,0.019356196086682095
2025-10-31,VST,0.002103934357248054
2025-10-31,WBD,0.017462655165158845
2025-10-31,WDC,0.0025247212286976647
2025-10-31,WEC,0.005259835893120134
2025-10-31,WELL,0.007363770250368188
2025-10-31,WMT,0.0029455081001472753
2025-10-31,WRB,0.008626130864717021
2025-10-31,WYNN,0.006311803071744161
2025-10-31,XEL,0.005891016200294551
2025-11-30,AAPL,0.00021039343572480537
2025-11-30,ABBV,0.005680622764569746
2025-11-30,AEP,0.0071533768146433835
2025-11-30,ALLE,0.003155901535872081
2025-11-30,AMAT,0.003997475278771302
2025-11-30,AMD,0.009467704607616242
2025-11-30,APH,0.020197769829581318
2025-11-30,APTV,0.011782032400589101
2025-11-30,ATO,0.005259835893120134
2025-11-30,AVGO,0.01830422890805807
2025-11-30,AXP,0.0008415737428992215
2025-11-30,AZO,0.0018935409215232492
2025-11-30,BA,0.01094045865768988
2025-11-30,BK,0.013465179886387544
2025-11-30,C,0.014937933936461182
2025-11-30,CAH,0.016621081422259626
2025-11-30,CAT,0.011150852093414685
2025-11-30,CEG,0.003366294971596886
2025-11-30,CHRW,0.009678098043341047
2025-11-30,CME,0.0035766884073216917
2025-11-30,CNP,0.010098884914790659
2025-11-30,COR,0.014306753629286767
2025-11-30,CRWD,0.016200294550810016
2025-11-30,CSCO,0.011571638964864297
2025-11-30,DELL,0.0025247212286976647
2025-11-30,DG,0.006522196507468967
2025-11-30,DLTR,0.011361245529139492
2025-11-30,EBAY,0.008626130864717021
2025-11-30,EL,0.0012623606143488324
2025-11-30,EVRG,0.013254786450662739
2025-11-30,EW,0.008415737428992216
2025-11-30,EXC,0.009046917736166631
2025-11-30,F,0.003787081843046497
2025-11-30,FOX,0.014727540500736377
2025-11-30,FOXA,0.016831474857984433
2025-11-30,GD,0.01283399957921313
2025-11-30,GE,0.018725015779507678
2025-11-30,GEV,0.01367557332211235
2025-11-30,GILD,0.013885966757837155
2025-11-30,GL,0.0048390490216705245
2025-11-30,GLW,0.019776982958131708
2025-11-30,GM,0.007994950557542605
2025-11-30,GOOG,0.017252261729434042
2025-11-30,GOOGL,0.01788344203660846
2025-11-30,GS,0.006732589943193772
2025-11-30,HAS,0.001683147485798443
2025-11-30,HCA,0.01409636019356196
2025-11-30,HII,0.015358720807910793
2025-11-30,HWM,0.018514622343782875
2025-11-30,IBM,0.009257311171891438
2025-11-30,IDXX,0.017041868293709236
2025-11-30,INCY,0.0023143277929728594
2025-11-30,INTC,0.012202819272038713
2025-11-30,JBL,0.01641068798653482
2025-11-30,JCI,0.012413212707763518
2025-11-30,JNJ,0.009888491479065854
2025-11-30,JPM,0.00820534399326741
2025-11-30,KLAC,0.019356196086682095
2025-11-30,L,0.007363770250368188
2025-11-30,LHX,0.004418262150220913
2025-11-30,LRCX,0.01998737639385651
2025-11-30,MCK,0.006942983378918578
2025-11-30,MMM,0.006311803071744161
2025-11-30,MNST,0.007784557121817799
2025-11-30,MPC,0.00547022932884494
2025-11-30,MPWR,0.01598990111508521
2025-11-30,MS,0.0061014096360193565
2025-11-30,MSFT,0.010309278350515464
2025-11-30,MU,0.017462655165158845
2025-11-30,NEM,0.01914580265095729
2025-11-30,NFLX,0.0006311803071744164
2025-11-30,NI,0.001051967178624028
2025-11-30,NOC,0.00273511466442247
2025-11-30,NRG,0.015148327372185988
2025-11-30,NVDA,0.012623606143488323
2025-11-30,ORCL,0.004628655585945719
2025-11-30,PLTR,0.02040816326530612
2025-11-30,PWR,0.005049442457395329
2025-11-30,RL,0.011992425836313906
2025-11-30,ROK,0.0014727540500736377
2025-11-30,ROL,0.002103934357248054
2025-11-30,RTX,0.018935409215232485
2025-11-30,STT,0.004207868714496108
2025-11-30,STX,0.0195665895224069
2025-11-30,TEL,0.018093835472333262
2025-11-30,TER,0.010519671786240269
2025-11-30,TPR,0.017673048600883652
2025-11-30,TTWO,0.015779507679360403
2025-11-30,UBER,0.008836524300441826
2025-11-30,ULTA,0.010730065221965075
2025-11-30,VLO,0.00042078687144961075
2025-11-30,VRSN,0.0029455081001472753
2025-11-30,WBD,0.015569114243635598
2025-11-30,WDC,0.013044393014937934
2025-11-30,WELL,0.014517147065011572
2025-11-30,WYNN,0.005891016200294551
2025-11-30,XYL,0.007574163686092994
2025-12-31,ABBV,0.0035766884073216917
2025-12-31,AEE,0.007784557121817799
2025-12-31,AEP,0.010098884914790659
2025-12-31,ALLE,0.0031559015358720807
2025-12-31,AMAT,0.003787081843046497
2025-12-31,AMGN,0.00042078687144961075
2025-12-31,APH,0.020197769829581318
2025-12-31,ATO,0.013885966757837154
2025-12-31,BK,0.015569114243635598
2025-12-31,C,0.010309278350515464
2025-12-31,CAH,0.018935409215232485
2025-12-31,CAT,0.009888491479065854
2025-12-31,CBOE,0.011571638964864297
2025-12-31,CHRW,0.005259835893120134
2025-12-31,CME,0.00820534399326741
2025-12-31,CMI,0.007574163686092994
2025-12-31,CNP,0.01409636019356196
2025-12-31,COR,0.017673048600883652
2025-12-31,CRWD,0.004207868714496108
2025-12-31,CSCO,0.009467704607616242
2025-12-31,CVS,0.012413212707763518
2025-12-31,DG,0.0071533768146433835
2025-12-31,DGX,0.001051967178624027
2025-12-31,DLTR,0.008415737428992216
2025-12-31,EBAY,0.0016831474857984426
2025-12-31,ETR,0.01598990111508521
2025-12-31,EVRG,0.014727540500736377
2025-12-31,EW,0.002314327792972859
2025-12-31,EXC,0.006311803071744161
2025-12-31,F,0.010730065221965075
2025-12-31,FE,0.00273511466442247
2025-12-31,FOX,0.004628655585945718
2025-12-31,FOXA,0.01094045865768988
2025-12-31,FSLR,0.004418262150220913
2025-12-31,GD,0.014306753629286767
2025-12-31,GE,0.017252261729434042
2025-12-31,GEV,0.009678098043341047
2025-12-31,GILD,0.01367557332211235
2025-12-31,GLW,0.016831474857984433
2025-12-31,GM,0.011782032400589101
2025-12-31,GOOG,0.014937933936461182
2025-12-31,GOOGL,0.015779507679360403
2025-12-31,GS,0.009257311171891438
2025-12-31,HAS,0.013044393014937934
2025-12-31,HCA,0.018093835472333262
2025-12-31,HII,0.01641068798653482
2025-12-31,HWM,0.01914580265095729
2025-12-31,IBM,0.0006311803071744164
2025-12-31,IDXX,0.019776982958131708
2025-12-31,INCY,0.011992425836313906
2025-12-31,INTC,0.007994950557542605
2025-12-31,JCI,0.01283399957921313
2025-12-31,JNJ,0.016621081422259626
2025-12-31,JPM,0.006522196507468967
2025-12-31,KLAC,0.017462655165158845
2025-12-31,L,0.016200294550810016
2025-12-31,LDOS,0.004839049021670524
2025-12-31,LHX,0.0029455081001472753
2025-12-31,LRCX,0.0195665895224069
2025-12-31,MCK,0.01830422890805807
2025-12-31,MDT,0.002103934357248054
2025-12-31,MMM,0.003366294971596886
2025-12-31,MNST,0.014517147065011572
2025-12-31,MPC,0.008836524300441826
2025-12-31,MPWR,0.006732589943193772
2025-12-31,MS,0.00547022932884494
2025-12-31,MU,0.018725015779507678
2025-12-31,NEE,0.0018935409215232485
2025-12-31,NEM,0.02040816326530612
2025-12-31,NI,0.011361245529139492
2025-12-31,NRG,0.012202819272038713
2025-12-31,PH,0.005891016200294551
2025-12-31,PLTR,0.018514622343782875
2025-12-31,PWR,0.0025247212286976647
2025-12-31,RL,0.010519671786240269
2025-12-31,ROK,0.00021039343572480532
2025-12-31,ROL,0.015358720807910793
2025-12-31,RTX,0.01788344203660846
2025-12-31,STE,0.006942983378918578
2025-12-31,STLD,0.0061014096360193565
2025-12-31,STX,0.01998737639385651
2025-12-31,TEL,0.013465179886387544
2025-12-31,TJX,0.008626130864717021
2025-12-31,TPR,0.013254786450662739
2025-12-31,TRV,0.005049442457395329
2025-12-31,TTWO,0.009046917736166631
2025-12-31,UBER,0.003997475278771302
2025-12-31,UHS,0.0008415737428992215
2025-12-31,VLO,0.007363770250368188
2025-12-31,VTR,0.011150852093414685
2025-12-31,WBD,0.015148327372185988
2025-12-31,WDC,0.017041868293709236
2025-12-31,WEC,0.0014727540500736377
2025-12-31,WELL,0.019356196086682095
2025-12-31,WRB,0.005680622764569746
2025-12-31,WYNN,0.012623606143488323
2025-12-31,XEL,0.0012623606143488324
2026-01-31,ABBV,0.00820534399326741
2026-01-31,ADI,0.003997475278771302
2026-01-31,ALB,0.007784557121817799
2026-01-31,ALLE,0.00273511466442247
2026-01-31,AMAT,0.0029455081001472753
2026-01-31,AMD,0.0018935409215232485
2026-01-31,APH,0.01998737639385651
2026-01-31,ATO,0.012623606143488323
2026-01-31,AVGO,0.008415737428992216
2026-01-31,BAC,0.0006311803071744162
2026-01-31,BK,0.013465179886387544
2026-01-31,C,0.008836524300441826
2026-01-31,CAH,0.01641068798653482
2026-01-31,CAT,0.011571638964864297
2026-01-31,CB,0.00042078687144961075
2026-01-31,CBOE,0.011150852093414685
2026-01-31,CHRW,0.010519671786240269
2026-01-31,CINF,0.006732589943193772
2026-01-31,CME,0.00547022932884494
2026-01-31,CMI,0.010309278350515464
2026-01-31,CNP,0.006942983378918578
2026-01-31,COR,0.007363770250368188
2026-01-31,CSCO,0.010730065221965075
2026-01-31,CVS,0.004207868714496108
2026-01-31,DG,0.017462655165158845
2026-01-31,DLTR,0.015779507679360403
2026-01-31,EA,0.017041868293709236
2026-01-31,EBAY,0.003787081843046497
2026-01-31,ETR,0.003366294971596885
2026-01-31,EVRG,0.0035766884073216917
2026-01-31,EW,0.0061014096360193565
2026-01-31,EXPD,0.005049442457395329
2026-01-31,EXPE,0.014937933936461182
2026-01-31,F,0.015569114243635598
2026-01-31,FCX,0.001683147485798443
2026-01-31,FOX,0.011361245529139492
2026-01-31,FOXA,0.015358720807910793
2026-01-31,FSLR,0.009888491479065854
2026-01-31,GD,0.018725015779507678
2026-01-31,GE,0.013254786450662739
2026-01-31,GEV,0.009678098043341047
2026-01-31,GILD,0.006311803071744162
2026-01-31,GLW,0.01788344203660846
2026-01-31,GM,0.01914580265095729
2026-01-31,GOOG,0.012413212707763518
2026-01-31,GOOGL,0.01283399957921313
2026-01-31,GS,0.008626130864717021
2026-01-31,HAS,0.01409636019356196
2026-01-31,HCA,0.010098884914790659
2026-01-31,HIG,0.005891016200294551
2026-01-31,HII,0.018514622343782875
2026-01-31,HWM,0.017252261729434042
2026-01-31,IDXX,0.015148327372185988
2026-01-31,INCY,0.002103934357248054
2026-01-31,INTC,0.011992425836313906
2026-01-31,JBL,0.0014727540500736377
2026-01-31,JCI,0.016621081422259626
2026-01-31,JNJ,0.016831474857984433
2026-01-31,JPM,0.0025247212286976647
2026-01-31,KEYS,0.0012623606143488324
2026-01-31,KLAC,0.01598990111508521
2026-01-31,L,0.01367557332211235
2026-01-31,LDOS,0.009257311171891438
2026-01-31,LHX,0.016200294550810016
2026-01-31,LRCX,0.0195665895224069
2026-01-31,MCK,0.014727540500736377
2026-01-31,MNST,0.018935409215232485
2026-01-31,MPWR,0.005259835893120134
2026-01-31,MS,0.004628655585945719
2026-01-31,MU,0.020197769829581318
2026-01-31,NEM,0.02040816326530612
2026-01-31,NI,0.00021039343572480489
2026-01-31,NRG,0.002314327792972859
2026-01-31,NVDA,0.005680622764569746
2026-01-31,PH,0.004839049021670524
2026-01-31,PLTR,0.019356196086682095
2026-01-31,PWR,0.0031559015358720807
2026-01-31,RL,0.0008415737428992213
2026-01-31,ROK,0.006522196507468967
2026-01-31,ROL,0.014306753629286767
2026-01-31,RTX,0.017673048600883652
2026-01-31,STLD,0.007994950557542605
2026-01-31,STT,0.0071533768146433835
2026-01-31,STX,0.019776982958131708
2026-01-31,TEL,0.014517147065011572
2026-01-31,TER,0.007574163686092994
2026-01-31,TJX,0.009467704607616242
2026-01-31,TPR,0.013885966757837155
2026-01-31,TRV,0.009046917736166631
2026-01-31,TTWO,0.013044393014937934
2026-01-31,ULTA,0.01094045865768988
2026-01-31,VTR,0.011782032400589101
2026-01-31,WBD,0.01830422890805807
2026-01-31,WDC,0.018093835472333262
2026-01-31,WELL,0.012202819272038713
2026-01-31,WFC,0.001051967178624027
2026-01-31,WYNN,0.004418262150220913
2026-02-28,ADI,0.00429553264604811
2026-02-28,ADM,0.009450171821305841
2026-02-28,AES,0.0006443298969072165
2026-02-28,ALB,0.0156786941580756
2026-02-28,ALLE,0.005584192439862543
2026-02-28,AMAT,0.01610824742268041
2026-02-28,AMCR,0.007302405498281787
2026-02-28,AMD,0.012242268041237113
2026-02-28,AME,0.0002147766323024055
2026-02-28,ANET,0.0019329896907216496
2026-02-28,APH,0.01997422680412371
2026-02-28,AVGO,0.005798969072164949
2026-02-28,BA,0.000859106529209622
2026-02-28,BEN,0.0015034364261168386
2026-02-28,BG,0.00859106529209622
2026-02-28,BK,0.013745704467353952
2026-02-28,C,0.007517182130584193
2026-02-28,CAH,0.014604810996563574
2026-02-28,CAT,0.016967353951890033
2026-02-28,CBOE,0.010738831615120275
2026-02-28,CFG,0.004939862542955326
2026-02-28,CHRW,0.015034364261168385
2026-02-28,CMI,0.012671821305841924
2026-02-28,CNP,0.0030068728522336776
2026-02-28,COR,0.01245704467353952
2026-02-28,CSCO,0.0017182130584192448
2026-02-28,DG,0.016537800687285224
2026-02-28,DLTR,0.010094501718213059
2026-02-28,EA,0.015893470790378006
2026-02-28,EBAY,0.01052405498281787
2026-02-28,EL,0.004510309278350515
2026-02-28,EXPD,0.003865979381443299
2026-02-28,EXPE,0.0012886597938144336
2026-02-28,F,0.01804123711340206
2026-02-28,FCX,0.009235395189003437
2026-02-28,FE,0.0053694158075601375
2026-02-28,FSLR,0.0036512027491408935
2026-02-28,GD,0.018900343642611683
2026-02-28,GE,0.011812714776632302
2026-02-28,GEV,0.01632302405498282
2026-02-28,GLW,0.018470790378006873
2026-02-28,GM,0.01911512027491409
2026-02-28,GOOG,0.017396907216494846
2026-02-28,GOOGL,0.01761168384879725
2026-02-28,GS,0.014390034364261168
2026-02-28,HAS,0.008805841924398625
2026-02-28,HCA,0.01095360824742268
2026-02-28,HII,0.019329896907216496
2026-02-28,HWM,0.013101374570446736
2026-02-28,IDXX,0.007731958762886598
2026-02-28,INCY,0.0010738831615120276
2026-02-28,INTC,0.01138316151202749
2026-02-28,IVZ,0.004080756013745705
2026-02-28,JBL,0.004725085910652921
2026-02-28,JCI,0.00902061855670103
2026-02-28,JNJ,0.013960481099656358
2026-02-28,KEYS,0.011597938144329897
2026-02-28,KLAC,0.018685567010309278
2026-02-28,L,0.00665807560137457
2026-02-28,LDOS,0.014175257731958763
2026-02-28,LHX,0.01718213058419244
2026-02-28,LRCX,0.0195446735395189
2026-02-28,LUV,0.0023625429553264603
2026-02-28,MCK,0.007946735395189003
2026-02-28,MLM,0.012027491408934709
2026-02-28,MNST,0.017826460481099655
2026-02-28,MPWR,0.013530927835051547
2026-02-28,MS,0.010309278350515464
2026-02-28,MU,0.020189003436426118
2026-02-28,NDSN,0.006013745704467354
2026-02-28,NEE,0.008376288659793814
2026-02-28,NEM,0.020618556701030927
2026-02-28,NOC,0.009664948453608248
2026-02-28,NTRS,0.003436426116838488
2026-02-28,NVDA,0.00622852233676976
2026-02-28,PH,0.01331615120274914
2026-02-28,PLTR,0.006872852233676976
2026-02-28,PWR,0.015463917525773196
2026-02-28,ROK,0.006443298969072165
2026-02-28,ROL,0.01288659793814433
2026-02-28,ROST,0.002577319587628866
2026-02-28,RTX,0.01825601374570447
2026-02-28,SCHW,0.009879725085910653
2026-02-28,STLD,0.011168384879725086
2026-02-28,STT,0.00816151202749141
2026-02-28,STX,0.019759450171821305
2026-02-28,TEL,0.007087628865979381
2026-02-28,TER,0.01524914089347079
2026-02-28,TPR,0.0032216494845360814
2026-02-28,TXT,0.000429553264604811
2026-02-28,ULTA,0.01675257731958763
2026-02-28,VLO,0.005154639175257732
2026-02-28,WAB,0.0027920962199312715
2026-02-28,WBD,0.014819587628865979
2026-02-28,WDC,0.020403780068728523
2026-02-28,XOM,0.002147766323024055
2026-03-31,ADI,0.00515908535361587
2026-03-31,ADM,0.002579542676807935
2026-03-31,ALB,0.007001615837050109
2026-03-31,AMAT,0.007554374982080381
2026-03-31,AMCR,0.002948048773494783
2026-03-31,AME,0.003685060966868479
2026-03-31,APH,0.008752019796312637
2026-03-31,AVGO,0.0038693140152119025
2026-03-31,BEN,0.0010133917658888317
2026-03-31,BG,0.000737012193373696
2026-03-31,BK,0.005527591450302717
2026-03-31,C,0.004790579256929022
2026-03-31,CAH,0.004514199684413887
2026-03-31,CAT,0.007738628030423805
2026-03-31,CBOE,0.002303163104292799
2026-03-31,CFG,0.004422073160242175
2026-03-31,CHRW,0.0027637957251513585
2026-03-31,CMI,0.006540983216191549
2026-03-31,COR,0.0008291387175454086
2026-03-31,CSX,0.0021189100559493752
2026-03-31,DG,0.0042378201118987505
2026-03-31,DLTR,0.004329946636070463
2026-03-31,EA,0.0005527591450302724
2026-03-31,EL,0.003132301821838207
2026-03-31,ETR,0.00027637957251513593
2026-03-31,F,0.008475640223797501
2026-03-31,FCX,0.001105518290060544
2026-03-31,FDX,0.0032244283460099187
2026-03-31,FE,0.0009212652417171195
2026-03-31,GD,0.006909489312878398
2026-03-31,GE,0.005619717974474431
2026-03-31,GEV,0.008015007602938941
2026-03-31,GLW,0.008291387175454077
2026-03-31,GM,0.007370121933736958
2026-03-31,GOOG,0.007185868885393534
2026-03-31,GOOGL,0.007277995409565245
2026-03-31,GS,0.007093742361221822
2026-03-31,HAS,0.006725236264534974
2026-03-31,HCA,0.003592934442696767
2026-03-31,HII,0.007830754554595518
2026-03-31,HLT,0.0019346570076059512
2026-03-31,HST,0.0016582774350908155
2026-03-31,HUBB,0.004145693587727039
2026-03-31,HWM,0.0068173627887066855
2026-03-31,IDXX,0.0012897713384039675
2026-03-31,INCY,0.003500807918525055
2026-03-31,INTC,0.00046063262085855976
2026-03-31,IVZ,0.002487416152636223
2026-03-31,JBHT,9.212652417171197e-05
2026-03-31,JBL,0.005343338401959294
2026-03-31,JCI,0.005803971022817854
2026-03-31,JNJ,0.005988224071161279
2026-03-31,KEY,0.00018425304834342394
2026-03-31,KEYS,0.005435464926131006
2026-03-31,KLAC,0.0061724771195047
2026-03-31,LDOS,0.0006448856692019833
2026-03-31,LHX,0.006264603643676415
2026-03-31,LRCX,0.008199260651282365
2026-03-31,MAR,0.0013818978625756795
2026-03-31,MCK,0.0017504039592625273
2026-03-31,MLM,0.007646501506252092
2026-03-31,MNST,0.0060803505953329895
2026-03-31,MPWR,0.004606326208585598
2026-03-31,MS,0.005711844498646142
2026-03-31,MU,0.008567766747969214
2026-03-31,NDSN,0.004974832305272446
2026-03-31,NEE,0.0030401752976664947
2026-03-31,NEM,0.00884414632048435
2026-03-31,NRG,0.0011976448142322555
2026-03-31,NSC,0.0020267835317776635
2026-03-31,NTRS,0.002395289628464511
2026-03-31,NVDA,0.001474024386747392
2026-03-31,ON,0.00036850609668684787
2026-03-31,PH,0.007462248457908669
2026-03-31,PWR,0.007922881078767229
2026-03-31,RL,0.003316554870181631
2026-03-31,ROK,0.001842530483434239
2026-03-31,ROST,0.005251211877787582
2026-03-31,RTX,0.006633109740363262
2026-03-31,SRE,0.002855922249323071
2026-03-31,STLD,0.006356730167848126
2026-03-31,STT,0.005066958829444158
2026-03-31,STX,0.00838351369962579
2026-03-31,TEL,0.004053567063555327
2026-03-31,TER,0.008659893272140926
2026-03-31,TJX,0.002671669200979647
2026-03-31,TPR,0.0064488566920198375
2026-03-31,TXT,0.0022110365801210874
2026-03-31,ULTA,0.008107134127110654
2026-03-31,USB,0.0015661509109191035
2026-03-31,VLO,0.0034086813943533427
2026-03-31,VMC,0.003961440539383614
2026-03-31,VTRS,0.00469845273275731
2026-03-31,WAB,0.004882705781100734
2026-03-31,WBD,0.005896097546989566
2026-03-31,WDC,0.00893627284465606
2026-03-31,WMT,0.0037771874910401907
2026-04-30,ADI,0.002867745783023423
2026-04-30,ADM,0.0049660963559673916
2026-04-30,ALB,0.006504886776126301
2026-04-30,AMAT,0.005525656508752449
2026-04-30,AMCR,0.0011890653246682487
2026-04-30,AMD,0.0002098350572943968
2026-04-30,APA,0.005945326623341243
2026-04-30,APH,0.0018185704965514391
2026-04-30,AVGO,0.0004196701145887938
2026-04-30,BG,0.0030076358212196876
2026-04-30,BIIB,0.0034273059358084818
2026-04-30,BK,0.005315821451458053
2026-04-30,BKR,0.002587965706630894
2026-04-30,C,0.004476481222280465
2026-04-30,CAH,0.0012590103437663809
2026-04-30,CAT,0.006225106699733773
2026-04-30,CBOE,0.002937690802121555
2026-04-30,CF,0.001049175286471984
2026-04-30,CFG,0.004196701145887936
2026-04-30,CHRW,0.003287415897612217
2026-04-30,CMI,0.005665546546948714
2026-04-30,COP,0.0009792302673738518
2026-04-30,CSCO,0.004056811107691672
2026-04-30,CSX,0.002797800763925291
2026-04-30,CTRA,0.0006295051718831904
2026-04-30,CTVA,0.0007693952100794549
2026-04-30,CVX,0.003357360916710349
2026-04-30,DAL,0.002098350572943968
2026-04-30,DELL,0.0013989003819626456
2026-04-30,DVN,0.003916921069495407
2026-04-30,EA,0.0030775808403178196
2026-04-30,ETR,0.00461637126047673
2026-04-30,EVRG,0.00013989003819626453
2026-04-30,FANG,0.0025180206875327618
2026-04-30,FDX,0.0037770310312991427
2026-04-30,GD,0.005385766470556185
2026-04-30,GEV,0.005805436585144978
2026-04-30,GILD,0.0013289553628645133
2026-04-30,GLW,0.006295051718831905
2026-04-30,GM,0.004756261298672995
2026-04-30,GOOG,0.004686316279574862
2026-04-30,GOOGL,0.0048961513368692595
2026-04-30,GS,0.0038469760503972747
2026-04-30,HAL,0.00587538160424311
2026-04-30,HAS,0.0037070860122010102
2026-04-30,HII,0.0023781306493364978
2026-04-30,HLT,0.002308185630238365
2026-04-30,HOLX,0.004336591184084201
2026-04-30,HPE,0.00027978007639252906
2026-04-30,HST,0.0024480756684346298
2026-04-30,HWM,0.002028405553845836
2026-04-30,INCY,0.0035671959740047458
2026-04-30,INTC,0.0026579107257290267
2026-04-30,IVZ,0.0017486254774533069
2026-04-30,JBHT,0.0021682955920421004
2026-04-30,JBL,0.0034972509549066138
2026-04-30,JCI,0.0022382406111402325
2026-04-30,JNJ,0.006015271642439375
2026-04-30,KEYS,0.003986866088593539
2026-04-30,KLAC,0.004406536203182333
2026-04-30,L,0.0016786804583551744
2026-04-30,LHX,0.004126756126789804
2026-04-30,LRCX,0.006155161680635639
2026-04-30,MAR,0.0008393402291775872
2026-04-30,MPC,0.004826206317771127
2026-04-30,MPWR,0.0011191203055701164
2026-04-30,MRK,0.0003497250954906614
2026-04-30,MS,0.0032174708785140844
2026-04-30,MU,0.006434941757028169
2026-04-30,NDSN,0.0016087354392570422
2026-04-30,NEE,0.0051059863941636556
2026-04-30,NEM,0.00524587643235992
2026-04-30,NI,0.0006994501909813228
2026-04-30,NOC,0.0005595601527850581
2026-04-30,NTRS,0.0027278557448271587
2026-04-30,NVDA,6.994501909813222e-05
2026-04-30,OXY,0.0014688454010607776
2026-04-30,PH,0.0031475258594159524
2026-04-30,PSX,0.005455711489654317
2026-04-30,PWR,0.005735491566046846
2026-04-30,RL,0.0004896151336869258
2026-04-30,ROST,0.005175931413261788
2026-04-30,RTX,0.005595601527850582
2026-04-30,SLB,0.0009092852482757196
2026-04-30,SRE,0.0018885155156495713
2026-04-30,STLD,0.0015387904201589094
2026-04-30,STT,0.004266646164986069
2026-04-30,STX,0.006574831795224434
2026-04-30,TER,0.006644776814322566
2026-04-30,TPR,0.004546426241378598
2026-04-30,VLO,0.006364996737930037
2026-04-30,VTRS,0.0019584605347477036
2026-04-30,WBD,0.006085216661537507
2026-04-30,WDC,0.006714721833420698
2026-04-30,WMT,0.0036371409931028782
2026-04-30,XOM,0.0050360413750655236
2026-05-31,AAPL,0.000619819560209701
2026-05-31,ADI,0.003512310841188305
2026-05-31,ADM,0.004683081121584407
2026-05-31,AEP,0.0006886884002330011
2026-05-31,AES,0.0005509507201864008
2026-05-31,ALB,0.00654253980221351
2026-05-31,AMAT,0.005853851401980509
2026-05-31,AMCR,0.000757557240256301
2026-05-31,AMD,0.003374573161141705
2026-05-31,ANET,0.001308507960442702
2026-05-31,APA,0.004751949961607707
2026-05-31,APH,0.001928327520652403
2026-05-31,ATO,0.00048208188016310075
2026-05-31,BG,0.0023415405607922035
2026-05-31,BIIB,0.002685884760908704
2026-05-31,BK,0.0043387369214679065
2026-05-31,BKR,0.004407605761491206
2026-05-31,C,0.004545343441537807
2026-05-31,CAT,0.00612932676207371
2026-05-31,CBOE,0.003305704321118405
2026-05-31,CFG,0.004820818801631007
2026-05-31,CHRW,0.003925523881328105
2026-05-31,CMI,0.005784982561957208
2026-05-31,COP,0.0022726717207689033
2026-05-31,CSCO,0.0037189173612582056
2026-05-31,CSX,0.001997196360675703
2026-05-31,CTRA,0.002134934040722303
2026-05-31,CVX,0.0016528521605592024
2026-05-31,DELL,0.0010330326003495014
2026-05-31,DVN,0.004063261561374706
2026-05-31,EA,0.002823622440955304
2026-05-31,ETR,0.005578376041887308
2026-05-31,EVRG,0.001446245640489302
2026-05-31,EXPE,0.0002066065200699003
2026-05-31,FANG,0.0041321304013980055
2026-05-31,FDX,0.005302900681794108
2026-05-31,GD,0.003856655041304806
2026-05-31,GEV,0.0050274253217009075
2026-05-31,GLW,0.0061981956020970095
2026-05-31,GM,0.004269868081444606
2026-05-31,GNRC,0.0008264260802796012
2026-05-31,GOOG,0.005371769521817408
2026-05-31,GOOGL,0.0055095072018640084
2026-05-31,GS,0.0029613601210019044
2026-05-31,HAL,0.006404802122166909
2026-05-31,HAS,0.0017905898406058026
2026-05-31,HII,0.0020660652006990027
2026-05-31,HLT,0.00027547536009320034
2026-05-31,HPE,0.0015839833205359023
2026-05-31,HST,0.001515114480512602
2026-05-31,INCY,0.002617015920885404
2026-05-31,INTC,0.005440638361840708
2026-05-31,IVZ,0.0024104094008155037
2026-05-31,JBHT,0.0037877862012815054
2026-05-31,JBL,0.0035811796812116052
2026-05-31,JNJ,0.004958556481677608
2026-05-31,KEY,6.88688400233001e-05
2026-05-31,KEYS,0.004614212281561106
2026-05-31,KLAC,0.004889687641654307
2026-05-31,L,0.0031679666410718045
2026-05-31,LRCX,0.0059915890820271085
2026-05-31,MPC,0.0009641637603262014
2026-05-31,MPWR,0.0025481470808621036
2026-05-31,MRK,0.0011707702803961018
2026-05-31,MS,0.002479278240838804
2026-05-31,MU,0.006335933282143609
2026-05-31,NDSN,0.0008952949203029013
2026-05-31,NEE,0.005234031841770808
2026-05-31,NEM,0.005096294161724207
2026-05-31,NI,0.0030990978010485047
2026-05-31,NTRS,0.002203802880745603
2026-05-31,NUE,0.004200999241421306
2026-05-31,ON,0.0011019014403728016
2026-05-31,PCAR,0.0001377376800466002
2026-05-31,PH,0.0017217210005825026
2026-05-31,PLD,0.0004132130401398006
2026-05-31,PSX,0.0034434420011650053
2026-05-31,PWR,0.005165163001747507
2026-05-31,ROST,0.005922720242003809
2026-05-31,SLB,0.004476474601514507
2026-05-31,STLD,0.003994392721351406
2026-05-31,STT,0.003650048521234905
2026-05-31,STX,0.006267064442120309
2026-05-31,TER,0.00647367096219021
2026-05-31,TGT,0.0013773768004660021
2026-05-31,TJX,0.00034434420011650053
2026-05-31,TPR,0.0027547536009320042
2026-05-31,TRGP,0.002892491280978604
2026-05-31,VLO,0.006060457922050408
2026-05-31,VTR,0.0018594586806291028
2026-05-31,VTRS,0.003236835481095105
2026-05-31,WBD,0.005647244881910608
2026-05-31,WDC,0.00661140864223681
2026-05-31,WELL,0.001239639120419402
2026-05-31,WMT,0.005716113721933908
2026-05-31,XOM,0.003030228961025204
2026-06-30,AAPL,0.008535481025051498
2026-06-30,ADI,0.007045158941312348
2026-06-30,ADM,0.010025803108790648
2026-06-30,AES,0.00013548382579446822
2026-06-30,AKAM,0.0036580632964506423
2026-06-30,ALB,0.012193544321502141
2026-06-30,AMAT,0.011651609018324268
2026-06-30,AMCR,0.0035225794706561743
2026-06-30,AMD,0.009754835457201712
2026-06-30,APA,0.005690320683367665
2026-06-30,APH,0.001761289735328087
2026-06-30,AVGO,0.002032257386917023
2026-06-30,BG,0.004741933902806388
2026-06-30,BIIB,0.009348383979818308
2026-06-30,BKR,0.006096772160751071
2026-06-30,C,0.005554836857573197
2026-06-30,CAT,0.011787092844118736
2026-06-30,CBOE,0.00989031928299618
2026-06-30,CFG,0.004877417728600856
2026-06-30,CHRW,0.0074516104186957526
2026-06-30,CMI,0.01138064136673533
2026-06-30,CSCO,0.007993545721873626
2026-06-30,CSX,0.005012901554395324
2026-06-30,D,0.003387095644861706
2026-06-30,DAL,0.0073161265929012845
2026-06-30,DELL,0.008264513373462562
2026-06-30,EA,0.00027096765158893645
2026-06-30,EBAY,0.004470966251217451
2026-06-30,EIX,0.002980644167478301
2026-06-30,EQIX,0.0006774191289723412
2026-06-30,ETR,0.007858061896079158
2026-06-30,EVRG,0.003929030948039579
2026-06-30,EXPD,0.0010838706063557458
2026-06-30,FANG,0.004064514773834046
2026-06-30,FDX,0.01083870606355746
2026-06-30,FRT,0.005283869205984261
2026-06-30,FSLR,0.0025741926900948965
2026-06-30,GD,0.006503223638134475
2026-06-30,GEV,0.006367739812340007
2026-06-30,GLW,0.012464511973091076
2026-06-30,GM,0.010432254586174054
2026-06-30,GNRC,0.0018967735611225554
2026-06-30,GOOG,0.011109673715146394
2026-06-30,GOOGL,0.011245157540940862
2026-06-30,GS,0.006232255986545538
2026-06-30,HAL,0.011922576669913204
2026-06-30,HLT,0.0014903220837391505
2026-06-30,HPE,0.008941932502434902
2026-06-30,HST,0.008129029547668093
2026-06-30,INCY,0.0032516118190672374
2026-06-30,INTC,0.0115161251925298
2026-06-30,IVZ,0.007722578070284689
2026-06-30,JBHT,0.010161286934585116
2026-06-30,JBL,0.00230322503850596
2026-06-30,JNJ,0.010296770760379586
2026-06-30,KEYS,0.009483867805612776
2026-06-30,KLAC,0.008806448676640436
2026-06-30,LNT,0.002438708864300428
2026-06-30,LRCX,0.012058060495707673
2026-06-30,MAR,0.0037935471222451107
2026-06-30,MNST,0.0021677412127114916
2026-06-30,MPC,0.003116127993272769
2026-06-30,MPWR,0.00541935303177873
2026-06-30,MRK,0.007180642767106815
2026-06-30,MS,0.006909675115517879
2026-06-30,MU,0.012735479624680014
2026-06-30,NDSN,0.004335482425422983
2026-06-30,NEE,0.0009483867805612778
2026-06-30,NEM,0.009619351631407244
2026-06-30,NUE,0.00839999719925703
2026-06-30,ON,0.0028451603416838325
2026-06-30,PFG,0.005148385380189793
2026-06-30,PLD,0.007587094244490221
2026-06-30,PNW,0.0008129029547668093
2026-06-30,PSX,0.006774191289723412
2026-06-30,PWR,0.01070322223776299
2026-06-30,ROK,0.0005419353031778729
2026-06-30,ROST,0.01232902814729661
2026-06-30,SLB,0.008670964850845966
2026-06-30,SNA,0.00040645147738340467
2026-06-30,SPG,0.0013548382579446825
2026-06-30,STLD,0.010567738411968522
2026-06-30,STT,0.006638707463928944
2026-06-30,STX,0.012599995798885544
2026-06-30,TER,0.012870963450474482
2026-06-30,TGT,0.001219354432150214
2026-06-30,TJX,0.00460645007701192
2026-06-30,TPR,0.004199998599628515
2026-06-30,TRGP,0.005961288334956602
2026-06-30,VLO,0.010974189889351928
2026-06-30,VTR,0.005825804509162133
2026-06-30,VTRS,0.00921290015402384
2026-06-30,WBD,0.00907741632822937
2026-06-30,WDC,0.01300644727626895
2026-06-30,WELL,0.0016258059095336187
2026-06-30,WST,0.002709676515889365
