date,ticker,weight
2007-10-31,AAPL*,0.13043478260869565
2007-10-31,AG4,-0.13043478260869565
2007-10-31,AMZN,0.13043478260869565
2007-10-31,APD,0.13043478260869565
2007-10-31,CBE,-0.13043478260869565
2007-10-31,CCTYQ,-0.13043478260869565
2007-10-31,CI,-0.13043478260869565
2007-10-31,CMCSA,-0.13043478260869565
2007-10-31,CVH,0.13043478260869565
2007-10-31,CVX,0.13043478260869565
2007-10-31,DE,0.13043478260869565
2007-10-31,EMC,0.13043478260869565
2007-10-31,EMR,-0.13043478260869565
2007-10-31,ETN,0.13043478260869565
2007-10-31,FLR,0.13043478260869565
2007-10-31,GILD,-0.13043478260869565
2007-10-31,GR,0.13043478260869565
2007-10-31,HBAN,-0.13043478260869565
2007-10-31,HES,0.13043478260869565
2007-10-31,JCI,0.13043478260869565
2007-10-31,JNPR,0.13043478260869565
2007-10-31,LLL,0.13043478260869565
2007-10-31,MHS,0.13043478260869565
2007-10-31,MON,0.13043478260869565
2007-10-31,MTZ,-0.13043478260869565
2007-10-31,MU,-0.13043478260869565
2007-10-31,NCC,-0.13043478260869565
2007-10-31,NKE,-0.13043478260869565
2007-10-31,NOV,0.13043478260869565
2007-10-31,ODP,-0.13043478260869565
2007-10-31,OMC,-0.13043478260869565
2007-10-31,PHM,-0.13043478260869565
2007-10-31,PKI,0.13043478260869565
2007-10-31,PPL,0.13043478260869565
2007-10-31,PX,0.13043478260869565
2007-10-31,RIG,0.13043478260869565
2007-10-31,RN7,-0.13043478260869565
2007-10-31,SBUX,-0.13043478260869565
2007-10-31,SEE,-0.13043478260869565
2007-10-31,SIAL,-0.13043478260869565
2007-10-31,SII,0.13043478260869565
2007-10-31,SLBA,0.13043478260869565
2007-10-31,SOV,-0.13043478260869565
2007-10-31,TGNA,-0.13043478260869565
2007-10-31,TXT,-0.13043478260869565
2007-10-31,YUM,-0.13043478260869565
2007-11-30,8686,0.08070979814262125
2007-11-30,AAPL*,0.08070979814262125
2007-11-30,AG4,-0.08070979814262125
2007-11-30,APD,0.08070979814262125
2007-11-30,APOL,0.08070979814262125
2007-11-30,BAX,0.08070979814262125
2007-11-30,CBE,-0.08070979814262125
2007-11-30,CCTYQ,-0.08070979814262125
2007-11-30,CI,-0.08070979814262125
2007-11-30,CIEN,0.08070979814262125
2007-11-30,CMCSA,-0.08070979814262125
2007-11-30,CTX,-0.08070979814262125
2007-11-30,DE,0.08070979814262125
2007-11-30,EMC,0.08070979814262125
2007-11-30,EMR,-0.08070979814262125
2007-11-30,ETFC,-0.08070979814262125
2007-11-30,FCX*,0.08070979814262125
2007-11-30,FLR,0.08070979814262125
2007-11-30,GR,0.08070979814262125
2007-11-30,KO,0.08070979814262125
2007-11-30,LEN,-0.08070979814262125
2007-11-30,LLL,0.08070979814262125
2007-11-30,LTD,-0.08070979814262125
2007-11-30,MCD,0.08070979814262125
2007-11-30,MHS,0.08070979814262125
2007-11-30,MON,0.08070979814262125
2007-11-30,MTZ,-0.08070979814262125
2007-11-30,MU,-0.08070979814262125
2007-11-30,NCC,-0.08070979814262125
2007-11-30,NKE,-0.08070979814262125
2007-11-30,NTH,0.08070979814262125
2007-11-30,ODP,-0.08070979814262125
2007-11-30,OMC,-0.08070979814262125
2007-11-30,PEG,0.08070979814262125
2007-11-30,PHM,-0.08070979814262125
2007-11-30,PPL,0.08070979814262125
2007-11-30,PX,0.08070979814262125
2007-11-30,RIG,0.08070979814262125
2007-11-30,RN7,-0.08070979814262125
2007-11-30,SEE,-0.08070979814262125
2007-11-30,SIAL,-0.08070979814262125
2007-11-30,SII,0.08070979814262125
2007-11-30,SOV,-0.08070979814262125
2007-11-30,TGNA,-0.08070979814262125
2007-11-30,TXT,-0.08070979814262125
2007-11-30,WAT,0.08070979814262125
2007-12-31,8686,0.09298132632435063
2007-12-31,AAPL*,0.09298132632435063
2007-12-31,AG4,-0.09298132632435063
2007-12-31,AMZN,0.09298132632435063
2007-12-31,AON,0.09298132632435063
2007-12-31,APD,0.09298132632435063
2007-12-31,APOL,0.09298132632435063
2007-12-31,CBE,-0.09298132632435063
2007-12-31,CCTYQ,-0.09298132632435063
2007-12-31,CEG,0.09298132632435063
2007-12-31,CI,-0.09298132632435063
2007-12-31,CMCSA,-0.09298132632435063
2007-12-31,CNX,0.09298132632435063
2007-12-31,CTX,-0.09298132632435063
2007-12-31,DE,0.09298132632435063
2007-12-31,DHI,-0.09298132632435063
2007-12-31,FHN,-0.09298132632435063
2007-12-31,FLR,0.09298132632435063
2007-12-31,GR,0.09298132632435063
2007-12-31,HES,0.09298132632435063
2007-12-31,HUM,0.09298132632435063
2007-12-31,KEY,-0.09298132632435063
2007-12-31,LEN,-0.09298132632435063
2007-12-31,LLL,0.09298132632435063
2007-12-31,MHS,0.09298132632435063
2007-12-31,MON,0.09298132632435063
2007-12-31,MTZ,-0.09298132632435063
2007-12-31,NCC,-0.09298132632435063
2007-12-31,NKE,-0.09298132632435063
2007-12-31,ODP,-0.09298132632435063
2007-12-31,OMC,-0.09298132632435063
2007-12-31,OXY,0.09298132632435063
2007-12-31,PEG,0.09298132632435063
2007-12-31,PPL,0.09298132632435063
2007-12-31,PTV,-0.09298132632435063
2007-12-31,PX,0.09298132632435063
2007-12-31,RIG,0.09298132632435063
2007-12-31,RN7,-0.09298132632435063
2007-12-31,SBUX,-0.09298132632435063
2007-12-31,SEE,-0.09298132632435063
2007-12-31,SIAL,-0.09298132632435063
2007-12-31,SOV,-0.09298132632435063
2007-12-31,TGNA,-0.09298132632435063
2007-12-31,VRSN,0.09298132632435063
2007-12-31,WAT,0.09298132632435063
2007-12-31,ZION,-0.09298132632435063
2008-01-31,0R01,-0.021328798876560157
2008-01-31,8686,0.021328798876560154
2008-01-31,AAPL*,0.021328798876560154
2008-01-31,AG4,-0.021328798876560168
2008-01-31,AMZN,0.021328798876560154
2008-01-31,APD,0.021328798876560154
2008-01-31,BC,-0.021328798876560157
2008-01-31,CBE,-0.021328798876560154
2008-01-31,CCTYQ,-0.021328798876560168
2008-01-31,CEG,0.021328798876560154
2008-01-31,CI,-0.021328798876560154
2008-01-31,CMCSA,-0.021328798876560154
2008-01-31,CNX,0.021328798876560154
2008-01-31,FHN,-0.021328798876560168
2008-01-31,FITB,-0.021328798876560157
2008-01-31,FLR,0.021328798876560154
2008-01-31,GR,0.021328798876560154
2008-01-31,HUM,0.021328798876560168
2008-01-31,JNPR,0.021328798876560157
2008-01-31,KEY,-0.021328798876560168
2008-01-31,LLL,0.021328798876560168
2008-01-31,LTD,-0.021328798876560157
2008-01-31,MER,-0.021328798876560157
2008-01-31,MHS,0.021328798876560154
2008-01-31,MON,0.021328798876560154
2008-01-31,MTZ,-0.021328798876560168
2008-01-31,MUR,0.021328798876560157
2008-01-31,NCC,-0.021328798876560168
2008-01-31,NKE,-0.021328798876560154
2008-01-31,ODP,-0.021328798876560168
2008-01-31,OMC,-0.021328798876560154
2008-01-31,OXY,0.021328798876560154
2008-01-31,PEG,0.021328798876560154
2008-01-31,PPL,0.021328798876560154
2008-01-31,PX,0.021328798876560154
2008-01-31,RIG,0.021328798876560154
2008-01-31,RN7,-0.021328798876560168
2008-01-31,SBUX,-0.021328798876560154
2008-01-31,SEE,-0.021328798876560168
2008-01-31,SIAL,0.021328798876560168
2008-01-31,SII,0.021328798876560157
2008-01-31,SLBA,0.021328798876560157
2008-01-31,SOV,-0.021328798876560168
2008-01-31,WB,-0.021328798876560157
2008-01-31,WFT,0.021328798876560157
2008-01-31,ZION,-0.021328798876560168
2008-02-29,0R01,-0.016714161194446894
2008-02-29,8686,0.016714161194446894
2008-02-29,AAZ,0.016714161194446894
2008-02-29,AG4,-0.016714161194446894
2008-02-29,AMZN,0.016714161194446894
2008-02-29,APOL,0.016714161194446894
2008-02-29,BAX,0.016714161194446894
2008-02-29,BDX,0.016714161194446894
2008-02-29,CBE,-0.016714161194446894
2008-02-29,CBG,-0.016714161194446894
2008-02-29,CFC,-0.016714161194446894
2008-02-29,CI,-0.016714161194446894
2008-02-29,CNX,0.016714161194446894
2008-02-29,COST,0.016714161194446894
2008-02-29,FLR,0.016714161194446894
2008-02-29,GNW,-0.016714161194446894
2008-02-29,GR,0.016714161194446894
2008-02-29,HBAN,-0.016714161194446894
2008-02-29,HES,0.016714161194446894
2008-02-29,HSY,-0.016714161194446894
2008-02-29,HUM,0.016714161194446894
2008-02-29,KO,0.016714161194446894
2008-02-29,LLL,0.016714161194446894
2008-02-29,LM,-0.016714161194446894
2008-02-29,LTD,-0.016714161194446894
2008-02-29,MON,0.016714161194446894
2008-02-29,MUR,0.016714161194446894
2008-02-29,NCC,-0.016714161194446894
2008-02-29,NKE,-0.016714161194446894
2008-02-29,ODP,-0.016714161194446894
2008-02-29,OMC,-0.016714161194446894
2008-02-29,OXY,0.016714161194446894
2008-02-29,PEG,0.016714161194446894
2008-02-29,PPL,0.016714161194446894
2008-02-29,PX,0.016714161194446894
2008-02-29,RIG,0.016714161194446894
2008-02-29,RTN1,0.016714161194446894
2008-02-29,SBUX,-0.016714161194446894
2008-02-29,SEE,-0.016714161194446894
2008-02-29,SOV,-0.016714161194446894
2008-02-29,STR,-0.016714161194446894
2008-02-29,TGNA,-0.016714161194446894
2008-02-29,TWX,-0.016714161194446894
2008-02-29,UIS,-0.016714161194446894
2008-02-29,WB,-0.016714161194446894
2008-02-29,WFT,0.016714161194446894
2008-03-31,0R01,-0.01684076287722635
2008-03-31,8686,0.01684076287722635
2008-03-31,AAZ,0.01684076287722635
2008-03-31,AG4,-0.01684076287722635
2008-03-31,APA,0.01684076287722635
2008-03-31,APD,0.01684076287722635
2008-03-31,BDX,0.01684076287722635
2008-03-31,BMS,-0.01684076287722635
2008-03-31,CFC,-0.01684076287722635
2008-03-31,CHK,0.01684076287722635
2008-03-31,CI,-0.01684076287722635
2008-03-31,CNX,0.01684076287722635
2008-03-31,DVN,0.01684076287722635
2008-03-31,EOG,0.01684076287722635
2008-03-31,FLR,0.01684076287722635
2008-03-31,FTR,-0.01684076287722635
2008-03-31,GNW,-0.01684076287722635
2008-03-31,HBAN,-0.01684076287722635
2008-03-31,HES,0.01684076287722635
2008-03-31,HST,-0.01684076287722635
2008-03-31,HSY,-0.01684076287722635
2008-03-31,IBM,0.01684076287722635
2008-03-31,KO,0.01684076287722635
2008-03-31,KSS,-0.01684076287722635
2008-03-31,LLL,0.01684076287722635
2008-03-31,LM,-0.01684076287722635
2008-03-31,LSI,-0.01684076287722635
2008-03-31,M,-0.01684076287722635
2008-03-31,MON,0.01684076287722635
2008-03-31,MUR,0.01684076287722635
2008-03-31,NCC,-0.01684076287722635
2008-03-31,NKE,-0.01684076287722635
2008-03-31,OMC,-0.01684076287722635
2008-03-31,OXY,0.01684076287722635
2008-03-31,PEG,-0.01684076287722635
2008-03-31,PX,0.01684076287722635
2008-03-31,RIG,0.01684076287722635
2008-03-31,RTN1,0.01684076287722635
2008-03-31,SAF,-0.01684076287722635
2008-03-31,SBUX,-0.01684076287722635
2008-03-31,SIAL,0.01684076287722635
2008-03-31,SOV,-0.01684076287722635
2008-03-31,TGNA,-0.01684076287722635
2008-03-31,UIS,-0.01684076287722635
2008-03-31,VRSN,0.01684076287722635
2008-03-31,WFT,0.01684076287722635
2008-04-30,0R01,-0.03363898705504078
2008-04-30,8686,0.03363898705504078
2008-04-30,AAZ,0.03363898705504078
2008-04-30,AG4,-0.03363898705504078
2008-04-30,APA,0.03363898705504078
2008-04-30,APD,0.03363898705504078
2008-04-30,CFC,-0.03363898705504078
2008-04-30,CHK,0.03363898705504078
2008-04-30,CI,-0.03363898705504078
2008-04-30,CNX,0.03363898705504078
2008-04-30,COST,0.03363898705504078
2008-04-30,DVN,0.03363898705504078
2008-04-30,EDS.,-0.03363898705504078
2008-04-30,EOG,0.03363898705504078
2008-04-30,FLR,0.03363898705504078
2008-04-30,FTR,-0.03363898705504078
2008-04-30,GNW,-0.03363898705504078
2008-04-30,HBAN,-0.03363898705504078
2008-04-30,HCBK,0.03363898705504078
2008-04-30,HES,0.03363898705504078
2008-04-30,HST,-0.03363898705504078
2008-04-30,HSY,-0.03363898705504078
2008-04-30,KSS,-0.03363898705504078
2008-04-30,LLL,0.03363898705504078
2008-04-30,LM,-0.03363898705504078
2008-04-30,M,-0.03363898705504078
2008-04-30,MON,0.03363898705504078
2008-04-30,MUR,0.03363898705504078
2008-04-30,NKE,0.03363898705504078
2008-04-30,OMC,-0.03363898705504078
2008-04-30,OXY,0.03363898705504078
2008-04-30,PEG,-0.03363898705504078
2008-04-30,PX,0.03363898705504078
2008-04-30,RIG,0.03363898705504078
2008-04-30,RTN1,0.03363898705504078
2008-04-30,SAF,-0.03363898705504078
2008-04-30,SBUX,-0.03363898705504078
2008-04-30,SIAL,0.03363898705504078
2008-04-30,SOV,-0.03363898705504078
2008-04-30,STR,-0.03363898705504078
2008-04-30,TGNA,-0.03363898705504078
2008-04-30,TJX,0.03363898705504078
2008-04-30,TWX,-0.03363898705504078
2008-04-30,VMC,-0.03363898705504078
2008-04-30,WB,-0.03363898705504078
2008-04-30,WFT,0.03363898705504078
2008-05-31,8686,0.035309831544515766
2008-05-31,AAZ,0.035309831544515766
2008-05-31,AG4,-0.035309831544515766
2008-05-31,APA,0.035309831544515766
2008-05-31,APD,0.035309831544515766
2008-05-31,BDX,0.035309831544515766
2008-05-31,CFC,-0.035309831544515766
2008-05-31,CHK,0.035309831544515766
2008-05-31,CI,-0.035309831544515766
2008-05-31,CMA,-0.035309831544515766
2008-05-31,CNX,0.035309831544515766
2008-05-31,COST,0.035309831544515766
2008-05-31,CSX,0.035309831544515766
2008-05-31,DVN,0.035309831544515766
2008-05-31,EOG,0.035309831544515766
2008-05-31,EQ,-0.035309831544515766
2008-05-31,FIS,-0.035309831544515766
2008-05-31,FITB,-0.035309831544515766
2008-05-31,FLR,0.035309831544515766
2008-05-31,FTR,-0.035309831544515766
2008-05-31,GNW,-0.035309831544515766
2008-05-31,HBAN,-0.035309831544515766
2008-05-31,HCBK,0.035309831544515766
2008-05-31,HES,0.035309831544515766
2008-05-31,HSY,-0.035309831544515766
2008-05-31,LLL,0.035309831544515766
2008-05-31,LM,-0.035309831544515766
2008-05-31,LUMN,-0.035309831544515766
2008-05-31,MON,0.035309831544515766
2008-05-31,MUR,0.035309831544515766
2008-05-31,OMC,-0.035309831544515766
2008-05-31,OXY,0.035309831544515766
2008-05-31,PBI,-0.035309831544515766
2008-05-31,PEG,-0.035309831544515766
2008-05-31,PX,0.035309831544515766
2008-05-31,RIG,0.035309831544515766
2008-05-31,SBUX,-0.035309831544515766
2008-05-31,SIAL,0.035309831544515766
2008-05-31,SOV,-0.035309831544515766
2008-05-31,STR,-0.035309831544515766
2008-05-31,TGNA,-0.035309831544515766
2008-05-31,TLAB,-0.035309831544515766
2008-05-31,TWX,-0.035309831544515766
2008-05-31,VMC,-0.035309831544515766
2008-05-31,WFT,0.035309831544515766
2008-05-31,WMT,0.035309831544515766
2008-05-31,WWY,0.035309831544515766
2008-05-31,XRX,-0.035309831544515766
2008-06-30,8686,0.032223742979121325
2008-06-30,AAZ,0.032223742979121325
2008-06-30,AIG*,-0.032223742979121325
2008-06-30,AMP,-0.032223742979121325
2008-06-30,APA,0.032223742979121325
2008-06-30,APD,0.032223742979121325
2008-06-30,BNI,0.032223742979121325
2008-06-30,CBS,-0.032223742979121325
2008-06-30,CFC,-0.032223742979121325
2008-06-30,CHK,0.032223742979121325
2008-06-30,CNX,0.032223742979121325
2008-06-30,CSX,0.032223742979121325
2008-06-30,DVN,0.032223742979121325
2008-06-30,EOG,0.032223742979121325
2008-06-30,ESRX,0.032223742979121325
2008-06-30,FHN,-0.032223742979121325
2008-06-30,FITB,-0.032223742979121325
2008-06-30,FLR,0.032223742979121325
2008-06-30,GILD,0.032223742979121325
2008-06-30,GNW,-0.032223742979121325
2008-06-30,HBAN,-0.032223742979121325
2008-06-30,HCBK,0.032223742979121325
2008-06-30,HES,0.032223742979121325
2008-06-30,IBM,0.032223742979121325
2008-06-30,IP,-0.032223742979121325
2008-06-30,LM,-0.032223742979121325
2008-06-30,MDP,-0.032223742979121325
2008-06-30,MON,0.032223742979121325
2008-06-30,MUR,0.032223742979121325
2008-06-30,NCC,-0.032223742979121325
2008-06-30,OXY,0.032223742979121325
2008-06-30,PBI,-0.032223742979121325
2008-06-30,PEG,-0.032223742979121325
2008-06-30,PFE,-0.032223742979121325
2008-06-30,PX,0.032223742979121325
2008-06-30,RHI,-0.032223742979121325
2008-06-30,RIG,0.032223742979121325
2008-06-30,RSHCQ,-0.032223742979121325
2008-06-30,SIAL,0.032223742979121325
2008-06-30,STI,-0.032223742979121325
2008-06-30,TGNA,-0.032223742979121325
2008-06-30,TLAB,-0.032223742979121325
2008-06-30,WB,-0.032223742979121325
2008-06-30,WWY,0.032223742979121325
2008-06-30,WYND,-0.032223742979121325
2008-06-30,XRX,-0.032223742979121325
2008-07-31,0R01,-0.018994768336679353
2008-07-31,8686,0.018994768336679353
2008-07-31,AAZ,0.018994768336679353
2008-07-31,AIG*,-0.018994768336679353
2008-07-31,AMP,-0.018994768336679353
2008-07-31,APA,0.018994768336679353
2008-07-31,BTU,0.018994768336679353
2008-07-31,CBG,-0.018994768336679353
2008-07-31,CBS,-0.018994768336679353
2008-07-31,CHK,0.018994768336679353
2008-07-31,CNX,0.018994768336679353
2008-07-31,DVN,0.018994768336679353
2008-07-31,EOG,0.018994768336679353
2008-07-31,EXC,0.018994768336679353
2008-07-31,FE,0.018994768336679353
2008-07-31,FHN,-0.018994768336679353
2008-07-31,FLR,0.018994768336679353
2008-07-31,FNP,-0.018994768336679353
2008-07-31,GILD,0.018994768336679353
2008-07-31,GNW,-0.018994768336679353
2008-07-31,HAL,0.018994768336679353
2008-07-31,HBAN,-0.018994768336679353
2008-07-31,HCBK,0.018994768336679353
2008-07-31,HES,0.018994768336679353
2008-07-31,IP,-0.018994768336679353
2008-07-31,LM,-0.018994768336679353
2008-07-31,MDP,-0.018994768336679353
2008-07-31,MON,0.018994768336679353
2008-07-31,MUR,0.018994768336679353
2008-07-31,NBR,0.018994768336679353
2008-07-31,NCC,-0.018994768336679353
2008-07-31,NUE,0.018994768336679353
2008-07-31,OXY,0.018994768336679353
2008-07-31,PBI,-0.018994768336679353
2008-07-31,PEG,-0.018994768336679353
2008-07-31,PFE,-0.018994768336679353
2008-07-31,PPG,-0.018994768336679353
2008-07-31,RHI,-0.018994768336679353
2008-07-31,RIG,0.018994768336679353
2008-07-31,RSHCQ,-0.018994768336679353
2008-07-31,STR,0.018994768336679353
2008-07-31,TGNA,-0.018994768336679353
2008-07-31,TLAB,-0.018994768336679353
2008-07-31,USX1,0.018994768336679353
2008-07-31,WYND,-0.018994768336679353
2008-07-31,XRX,-0.018994768336679353
2008-08-31,AIG*,-0.018352201913501568
2008-08-31,BAX,0.018352201913501568
2008-08-31,BNI,0.018352201913501568
2008-08-31,BTU,0.018352201913501568
2008-08-31,BUD.2,0.018352201913501568
2008-08-31,CBS,-0.018352201913501568
2008-08-31,CHK,0.018352201913501568
2008-08-31,CNX,0.018352201913501568
2008-08-31,COV,0.018352201913501568
2008-08-31,CPPRQ,-0.018352201913501568
2008-08-31,CSX,0.018352201913501568
2008-08-31,FNP,-0.018352201913501568
2008-08-31,FO,-0.018352201913501568
2008-08-31,GILD,0.018352201913501568
2008-08-31,GNW,-0.018352201913501568
2008-08-31,HAS,0.018352201913501568
2008-08-31,HES,0.018352201913501568
2008-08-31,KMB,-0.018352201913501568
2008-08-31,LM,-0.018352201913501568
2008-08-31,MAR,-0.018352201913501568
2008-08-31,MDP,-0.018352201913501568
2008-08-31,MMM,-0.018352201913501568
2008-08-31,MON,0.018352201913501568
2008-08-31,NCC,-0.018352201913501568
2008-08-31,NSC,0.018352201913501568
2008-08-31,OXY,0.018352201913501568
2008-08-31,PBI,-0.018352201913501568
2008-08-31,PEG,-0.018352201913501568
2008-08-31,PX,0.018352201913501568
2008-08-31,QCI,0.018352201913501568
2008-08-31,QLG,0.018352201913501568
2008-08-31,RN7,-0.018352201913501568
2008-08-31,SBUX,-0.018352201913501568
2008-08-31,SIAL,0.018352201913501568
2008-08-31,SUN,-0.018352201913501568
2008-08-31,TGNA,-0.018352201913501568
2008-08-31,TLAB,-0.018352201913501568
2008-08-31,USX1,0.018352201913501568
2008-08-31,VAR,0.018352201913501568
2008-08-31,VLO,-0.018352201913501568
2008-08-31,WMT,0.018352201913501568
2008-08-31,WU,0.018352201913501568
2008-08-31,WWY,0.018352201913501568
2008-08-31,WYND,-0.018352201913501568
2008-08-31,XRX,-0.018352201913501568
2008-08-31,ZION,-0.018352201913501568
2008-09-30,AIG*,-0.03016701037516277
2008-09-30,ANF,-0.03016701037516277
2008-09-30,BAX,0.03016701037516277
2008-09-30,BNI,0.03016701037516277
2008-09-30,BUD.2,0.03016701037516277
2008-09-30,CBG,-0.03016701037516277
2008-09-30,CBS,-0.03016701037516277
2008-09-30,COV,0.03016701037516277
2008-09-30,CSX,0.03016701037516277
2008-09-30,EL,0.03016701037516277
2008-09-30,ESRX,0.03016701037516277
2008-09-30,FO,-0.03016701037516277
2008-09-30,GENZ,0.03016701037516277
2008-09-30,GGP,-0.03016701037516277
2008-09-30,GILD,0.03016701037516277
2008-09-30,GIS,0.03016701037516277
2008-09-30,GNW,-0.03016701037516277
2008-09-30,HAS,0.03016701037516277
2008-09-30,HES,0.03016701037516277
2008-09-30,LLY,-0.03016701037516277
2008-09-30,LM,-0.03016701037516277
2008-09-30,MDP,-0.03016701037516277
2008-09-30,MMC,0.03016701037516277
2008-09-30,MMM,-0.03016701037516277
2008-09-30,MON,0.03016701037516277
2008-09-30,MX4A,-0.03016701037516277
2008-09-30,NCC,-0.03016701037516277
2008-09-30,NCRA,-0.03016701037516277
2008-09-30,NSC,0.03016701037516277
2008-09-30,PEG,-0.03016701037516277
2008-09-30,QLG,0.03016701037516277
2008-09-30,QWST,-0.03016701037516277
2008-09-30,R,0.03016701037516277
2008-09-30,RN7,-0.03016701037516277
2008-09-30,SBUX,-0.03016701037516277
2008-09-30,TGNA,-0.03016701037516277
2008-09-30,THC,0.03016701037516277
2008-09-30,TJX,0.03016701037516277
2008-09-30,VAR,0.03016701037516277
2008-09-30,WB,-0.03016701037516277
2008-09-30,WFM,-0.03016701037516277
2008-09-30,WMT,0.03016701037516277
2008-09-30,WU,0.03016701037516277
2008-09-30,WWY,0.03016701037516277
2008-09-30,XRX,-0.03016701037516277
2008-09-30,ZION,-0.03016701037516277
2008-10-31,AMP,-0.032019882615541916
2008-10-31,ANF,-0.032019882615541916
2008-10-31,BAX,0.032019882615541916
2008-10-31,BCR,0.032019882615541916
2008-10-31,BUD.2,0.032019882615541916
2008-10-31,CBS,-0.032019882615541916
2008-10-31,COV,0.032019882615541916
2008-10-31,CSX,0.032019882615541916
2008-10-31,EIX,-0.032019882615541916
2008-10-31,EL,0.032019882615541916
2008-10-31,ESRX,0.032019882615541916
2008-10-31,FO,-0.032019882615541916
2008-10-31,GIS,0.032019882615541916
2008-10-31,HAS,0.032019882615541916
2008-10-31,HCBK,0.032019882615541916
2008-10-31,HNZ,0.032019882615541916
2008-10-31,IGT,-0.032019882615541916
2008-10-31,JNJ,0.032019882615541916
2008-10-31,LLY,-0.032019882615541916
2008-10-31,LM,-0.032019882615541916
2008-10-31,MDP,-0.032019882615541916
2008-10-31,MMC,0.032019882615541916
2008-10-31,NCRA,-0.032019882615541916
2008-10-31,NSC,0.032019882615541916
2008-10-31,NWL,-0.032019882615541916
2008-10-31,NYX,-0.032019882615541916
2008-10-31,PCL,0.032019882615541916
2008-10-31,PEG,-0.032019882615541916
2008-10-31,PFE,-0.032019882615541916
2008-10-31,PSA,0.032019882615541916
2008-10-31,R,0.032019882615541916
2008-10-31,ROH,0.032019882615541916
2008-10-31,SBUX,-0.032019882615541916
2008-10-31,SCN,-0.032019882615541916
2008-10-31,SUN,-0.032019882615541916
2008-10-31,TGNA,-0.032019882615541916
2008-10-31,THC,0.032019882615541916
2008-10-31,UST.1,0.032019882615541916
2008-10-31,VAR,0.032019882615541916
2008-10-31,VLO,-0.032019882615541916
2008-10-31,VZ,-0.032019882615541916
2008-10-31,WFM,-0.032019882615541916
2008-10-31,WMT,0.032019882615541916
2008-10-31,WU,0.032019882615541916
2008-10-31,WYND,-0.032019882615541916
2008-10-31,XRX,-0.032019882615541916
2008-11-30,AEP,-0.03470225326318607
2008-11-30,AMGN,0.03470225326318607
2008-11-30,ANF,-0.03470225326318607
2008-11-30,AYE,-0.03470225326318607
2008-11-30,AZO,0.03470225326318607
2008-11-30,BCR,0.03470225326318607
2008-11-30,BIG,0.03470225326318607
2008-11-30,BK,-0.03470225326318607
2008-11-30,BNI,0.03470225326318607
2008-11-30,BRL,0.03470225326318607
2008-11-30,CBS,-0.03470225326318607
2008-11-30,CELG,0.03470225326318607
2008-11-30,COV,0.03470225326318607
2008-11-30,CPB,0.03470225326318607
2008-11-30,CSX,0.03470225326318607
2008-11-30,EIX,-0.03470225326318607
2008-11-30,FDO,0.03470225326318607
2008-11-30,GAS.2,0.03470225326318607
2008-11-30,GIS,0.03470225326318607
2008-11-30,HAS,0.03470225326318607
2008-11-30,HCBK,0.03470225326318607
2008-11-30,IGT,-0.03470225326318607
2008-11-30,MDP,-0.03470225326318607
2008-11-30,MMC,0.03470225326318607
2008-11-30,MMM,-0.03470225326318607
2008-11-30,MRK,-0.03470225326318607
2008-11-30,MWW,-0.03470225326318607
2008-11-30,MX4A,-0.03470225326318607
2008-11-30,NCRA,-0.03470225326318607
2008-11-30,NSC,0.03470225326318607
2008-11-30,NWL,-0.03470225326318607
2008-11-30,NYX,-0.03470225326318607
2008-11-30,PBG,-0.03470225326318607
2008-11-30,PEG,-0.03470225326318607
2008-11-30,PHM,0.03470225326318607
2008-11-30,PSA,0.03470225326318607
2008-11-30,QWST,-0.03470225326318607
2008-11-30,ROH,0.03470225326318607
2008-11-30,SUN,-0.03470225326318607
2008-11-30,SWY,-0.03470225326318607
2008-11-30,TGNA,-0.03470225326318607
2008-11-30,UST.1,0.03470225326318607
2008-11-30,VIAB,-0.03470225326318607
2008-11-30,VZ,-0.03470225326318607
2008-11-30,WFC*,0.03470225326318607
2008-11-30,WMT,0.03470225326318607
2008-12-31,AEP,-0.03508304141352666
2008-12-31,AMGN,0.03508304141352666
2008-12-31,ANF,-0.03508304141352666
2008-12-31,APOL,0.03508304141352666
2008-12-31,BIG,0.03508304141352666
2008-12-31,BK,-0.03508304141352666
2008-12-31,BMS,0.03508304141352666
2008-12-31,CBS,-0.03508304141352666
2008-12-31,CELG,0.03508304141352666
2008-12-31,EIX,-0.03508304141352666
2008-12-31,EOG,0.03508304141352666
2008-12-31,FDO,0.03508304141352666
2008-12-31,GAS.2,0.03508304141352666
2008-12-31,GHC,-0.03508304141352666
2008-12-31,GIS,0.03508304141352666
2008-12-31,HAS,0.03508304141352666
2008-12-31,HCBK,0.03508304141352666
2008-12-31,HRB,0.03508304141352666
2008-12-31,IGT,-0.03508304141352666
2008-12-31,JAVA,-0.03508304141352666
2008-12-31,KR,0.03508304141352666
2008-12-31,MCD,0.03508304141352666
2008-12-31,MDP,-0.03508304141352666
2008-12-31,MMC,0.03508304141352666
2008-12-31,MRK,-0.03508304141352666
2008-12-31,MWW,-0.03508304141352666
2008-12-31,MX4A,-0.03508304141352666
2008-12-31,NCRA,-0.03508304141352666
2008-12-31,NI,-0.03508304141352666
2008-12-31,NSC,0.03508304141352666
2008-12-31,NTH,-0.03508304141352666
2008-12-31,NWL,-0.03508304141352666
2008-12-31,NYX,-0.03508304141352666
2008-12-31,PBG,-0.03508304141352666
2008-12-31,PEG,-0.03508304141352666
2008-12-31,PHM,0.03508304141352666
2008-12-31,ROH,0.03508304141352666
2008-12-31,SHW,0.03508304141352666
2008-12-31,TFC,0.03508304141352666
2008-12-31,TGNA,-0.03508304141352666
2008-12-31,UST.1,0.03508304141352666
2008-12-31,VIAB,-0.03508304141352666
2008-12-31,VLO,-0.03508304141352666
2008-12-31,WFC*,0.03508304141352666
2008-12-31,WMT,0.03508304141352666
2008-12-31,XRX,-0.03508304141352666
2009-01-31,AEC1,-0.0382446856612293
2009-01-31,AMGN,0.0382446856612293
2009-01-31,AON,0.0382446856612293
2009-01-31,AZO,0.0382446856612293
2009-01-31,BDK,-0.0382446856612293
2009-01-31,BK,-0.0382446856612293
2009-01-31,BMY,0.0382446856612293
2009-01-31,CVS,-0.0382446856612293
2009-01-31,DGX,0.0382446856612293
2009-01-31,DOW,-0.0382446856612293
2009-01-31,DRI,0.0382446856612293
2009-01-31,DTV,0.0382446856612293
2009-01-31,EIX,-0.0382446856612293
2009-01-31,FDO,0.0382446856612293
2009-01-31,FHI,-0.0382446856612293
2009-01-31,GEC,-0.0382446856612293
2009-01-31,GHC,-0.0382446856612293
2009-01-31,GILD,0.0382446856612293
2009-01-31,GIS,0.0382446856612293
2009-01-31,HAS,0.0382446856612293
2009-01-31,HRB,0.0382446856612293
2009-01-31,IGT,-0.0382446856612293
2009-01-31,KG,0.0382446856612293
2009-01-31,KR,0.0382446856612293
2009-01-31,MCD,0.0382446856612293
2009-01-31,MDP,-0.0382446856612293
2009-01-31,MSFT,-0.0382446856612293
2009-01-31,MWW,-0.0382446856612293
2009-01-31,MX4A,-0.0382446856612293
2009-01-31,NI,-0.0382446856612293
2009-01-31,NWL,-0.0382446856612293
2009-01-31,NYX,-0.0382446856612293
2009-01-31,PEG,-0.0382446856612293
2009-01-31,PPG,-0.0382446856612293
2009-01-31,PSA,0.0382446856612293
2009-01-31,ROH,0.0382446856612293
2009-01-31,SHW,0.0382446856612293
2009-01-31,SO,0.0382446856612293
2009-01-31,STT,-0.0382446856612293
2009-01-31,TAP,0.0382446856612293
2009-01-31,TGNA,-0.0382446856612293
2009-01-31,TXN,-0.0382446856612293
2009-01-31,WFM,-0.0382446856612293
2009-01-31,WM,0.0382446856612293
2009-01-31,WMT,0.0382446856612293
2009-01-31,WPI,0.0382446856612293
2009-02-28,ABT,0.03412399211029767
2009-02-28,AEC1,-0.03412399211029767
2009-02-28,AMGN,0.03412399211029767
2009-02-28,APOL,0.03412399211029767
2009-02-28,AZO,0.03412399211029767
2009-02-28,BAX,0.03412399211029767
2009-02-28,BDK,-0.03412399211029767
2009-02-28,BK,-0.03412399211029767
2009-02-28,CVS,-0.03412399211029767
2009-02-28,DD,-0.03412399211029767
2009-02-28,DE,-0.03412399211029767
2009-02-28,DGX,0.03412399211029767
2009-02-28,DOW,-0.03412399211029767
2009-02-28,ED,0.03412399211029767
2009-02-28,EIX,-0.03412399211029767
2009-02-28,ETFC,-0.03412399211029767
2009-02-28,FDO,0.03412399211029767
2009-02-28,GAS.2,0.03412399211029767
2009-02-28,GEC,-0.03412399211029767
2009-02-28,GENZ,0.03412399211029767
2009-02-28,GHC,-0.03412399211029767
2009-02-28,GILD,0.03412399211029767
2009-02-28,GIS,0.03412399211029767
2009-02-28,GWW,0.03412399211029767
2009-02-28,HAS,0.03412399211029767
2009-02-28,HRB,0.03412399211029767
2009-02-28,HSY,0.03412399211029767
2009-02-28,IGT,-0.03412399211029767
2009-02-28,MCD,0.03412399211029767
2009-02-28,MDP,-0.03412399211029767
2009-02-28,MHS,0.03412399211029767
2009-02-28,MMM,-0.03412399211029767
2009-02-28,MWW,-0.03412399211029767
2009-02-28,MX4A,-0.03412399211029767
2009-02-28,MYL,0.03412399211029767
2009-02-28,NI,-0.03412399211029767
2009-02-28,NWL,-0.03412399211029767
2009-02-28,NYX,-0.03412399211029767
2009-02-28,OMC,-0.03412399211029767
2009-02-28,PCG,0.03412399211029767
2009-02-28,PPG,-0.03412399211029767
2009-02-28,ROH,0.03412399211029767
2009-02-28,TGNA,-0.03412399211029767
2009-02-28,TXN,-0.03412399211029767
2009-02-28,WPI,0.03412399211029767
2009-02-28,WYE,0.03412399211029767
2009-03-31,ACS,0.029524612592717218
2009-03-31,AEC1,-0.029524612592717218
2009-03-31,AMGN,0.029524612592717218
2009-03-31,AMZN,0.029524612592717218
2009-03-31,AON,0.029524612592717218
2009-03-31,APOL,0.029524612592717218
2009-03-31,AZO,0.029524612592717218
2009-03-31,BDK,-0.029524612592717218
2009-03-31,BK,-0.029524612592717218
2009-03-31,BMC,0.029524612592717218
2009-03-31,BRCM,0.029524612592717218
2009-03-31,CVS,-0.029524612592717218
2009-03-31,DD,-0.029524612592717218
2009-03-31,DF,0.029524612592717218
2009-03-31,DGX,0.029524612592717218
2009-03-31,DIS,-0.029524612592717218
2009-03-31,DRI,0.029524612592717218
2009-03-31,DUK,-0.029524612592717218
2009-03-31,EIX,-0.029524612592717218
2009-03-31,FDO,0.029524612592717218
2009-03-31,GAS.2,0.029524612592717218
2009-03-31,GEC,-0.029524612592717218
2009-03-31,GHC,-0.029524612592717218
2009-03-31,HOT,-0.029524612592717218
2009-03-31,HRB,0.029524612592717218
2009-03-31,IFF,-0.029524612592717218
2009-03-31,IGT,-0.029524612592717218
2009-03-31,MHS,0.029524612592717218
2009-03-31,MMM,-0.029524612592717218
2009-03-31,MSFT,-0.029524612592717218
2009-03-31,MWW,-0.029524612592717218
2009-03-31,MX4A,-0.029524612592717218
2009-03-31,MYL,0.029524612592717218
2009-03-31,NEM,0.029524612592717218
2009-03-31,NI,-0.029524612592717218
2009-03-31,NWL,-0.029524612592717218
2009-03-31,NYX,-0.029524612592717218
2009-03-31,OMC,-0.029524612592717218
2009-03-31,PCG,0.029524612592717218
2009-03-31,PPG,-0.029524612592717218
2009-03-31,ROH,0.029524612592717218
2009-03-31,SHW,0.029524612592717218
2009-03-31,TGNA,-0.029524612592717218
2009-03-31,WMT,0.029524612592717218
2009-03-31,WPI,0.029524612592717218
2009-03-31,WYE,0.029524612592717218
2009-04-30,AEC1,-0.014459362089779063
2009-04-30,AEP,-0.014459362089779063
2009-04-30,AMGN,0.014459362089779063
2009-04-30,AMZN,0.014459362089779063
2009-04-30,AN,0.014459362089779063
2009-04-30,APOL,0.014459362089779063
2009-04-30,AZO,0.014459362089779063
2009-04-30,BBY,0.014459362089779063
2009-04-30,BMC,0.014459362089779063
2009-04-30,BMY,0.014459362089779063
2009-04-30,BXP,-0.014459362089779063
2009-04-30,CLX,0.014459362089779063
2009-04-30,CPWR,0.014459362089779063
2009-04-30,CVS,-0.014459362089779063
2009-04-30,DGX,0.014459362089779063
2009-04-30,DRI,0.014459362089779063
2009-04-30,EIX,-0.014459362089779063
2009-04-30,EQ,0.014459362089779063
2009-04-30,EXC,-0.014459362089779063
2009-04-30,EXPD,-0.014459362089779063
2009-04-30,FDO,0.014459362089779063
2009-04-30,FDX,-0.014459362089779063
2009-04-30,FHN,0.014459362089779063
2009-04-30,GAS.2,0.014459362089779063
2009-04-30,GHC,-0.014459362089779063
2009-04-30,HOT,-0.014459362089779063
2009-04-30,IGT,-0.014459362089779063
2009-04-30,INTU,0.014459362089779063
2009-04-30,KMB,-0.014459362089779063
2009-04-30,MTW,-0.014459362089779063
2009-04-30,MYL,0.014459362089779063
2009-04-30,NEM,0.014459362089779063
2009-04-30,NI,-0.014459362089779063
2009-04-30,NYX,-0.014459362089779063
2009-04-30,OMC,-0.014459362089779063
2009-04-30,POM,-0.014459362089779063
2009-04-30,PPL,-0.014459362089779063
2009-04-30,QCI,0.014459362089779063
2009-04-30,RRD,-0.014459362089779063
2009-04-30,SHW,0.014459362089779063
2009-04-30,TGNA,-0.014459362089779063
2009-04-30,TXT,-0.014459362089779063
2009-04-30,WMB,-0.014459362089779063
2009-04-30,WPI,0.014459362089779063
2009-04-30,WYE,0.014459362089779063
2009-04-30,XRX,-0.014459362089779063
2009-05-31,AEE,-0.022781675994220173
2009-05-31,AEP,-0.022781675994220173
2009-05-31,AMGN,0.022781675994220173
2009-05-31,AMZN,0.022781675994220173
2009-05-31,AN,0.022781675994220173
2009-05-31,APOL,0.022781675994220173
2009-05-31,AZO,0.022781675994220173
2009-05-31,BBBY,0.022781675994220173
2009-05-31,CLX,0.022781675994220173
2009-05-31,COP,-0.022781675994220173
2009-05-31,CSX,-0.022781675994220173
2009-05-31,D,-0.022781675994220173
2009-05-31,DF,0.022781675994220173
2009-05-31,DGX,0.022781675994220173
2009-05-31,DHI,0.022781675994220173
2009-05-31,DRI,0.022781675994220173
2009-05-31,DUK,-0.022781675994220173
2009-05-31,EIX,-0.022781675994220173
2009-05-31,ETR,-0.022781675994220173
2009-05-31,EXC,-0.022781675994220173
2009-05-31,F,0.022781675994220173
2009-05-31,FDO,0.022781675994220173
2009-05-31,FHN,0.022781675994220173
2009-05-31,FLR,-0.022781675994220173
2009-05-31,HNZ,-0.022781675994220173
2009-05-31,KSS,0.022781675994220173
2009-05-31,MTLQQ,-0.022781675994220173
2009-05-31,MYL,0.022781675994220173
2009-05-31,NI,-0.022781675994220173
2009-05-31,PBG,0.022781675994220173
2009-05-31,PGN,-0.022781675994220173
2009-05-31,PHM,0.022781675994220173
2009-05-31,POM,-0.022781675994220173
2009-05-31,PPL,-0.022781675994220173
2009-05-31,RHI,0.022781675994220173
2009-05-31,RSHCQ,0.022781675994220173
2009-05-31,RX,-0.022781675994220173
2009-05-31,SE,-0.022781675994220173
2009-05-31,SHW,0.022781675994220173
2009-05-31,STR,-0.022781675994220173
2009-05-31,SWY,-0.022781675994220173
2009-05-31,TLAB,0.022781675994220173
2009-05-31,TSS,-0.022781675994220173
2009-05-31,VRSN,-0.022781675994220173
2009-05-31,WPI,0.022781675994220173
2009-05-31,XOM,-0.022781675994220173
2009-06-30,AEE,-0.017464173453143036
2009-06-30,AEP,-0.017464173453143036
2009-06-30,AMGN,0.017464173453143036
2009-06-30,AMZN,0.017464173453143036
2009-06-30,AN,0.017464173453143036
2009-06-30,APOL,0.017464173453143036
2009-06-30,AYE,-0.017464173453143036
2009-06-30,AZO,0.017464173453143036
2009-06-30,BMS,0.017464173453143036
2009-06-30,COP,-0.017464173453143036
2009-06-30,CSX,-0.017464173453143036
2009-06-30,CTXS,0.017464173453143036
2009-06-30,CVX,-0.017464173453143036
2009-06-30,D,-0.017464173453143036
2009-06-30,DGX,0.017464173453143036
2009-06-30,DRI,0.017464173453143036
2009-06-30,EIX,-0.017464173453143036
2009-06-30,EKDKQ,-0.017464173453143036
2009-06-30,ETR,-0.017464173453143036
2009-06-30,EXC,-0.017464173453143036
2009-06-30,FDO,0.017464173453143036
2009-06-30,FE,-0.017464173453143036
2009-06-30,FHN,0.017464173453143036
2009-06-30,FLR,-0.017464173453143036
2009-06-30,GPS,0.017464173453143036
2009-06-30,HSY,0.017464173453143036
2009-06-30,JNPR,0.017464173453143036
2009-06-30,KSS,0.017464173453143036
2009-06-30,LXK,-0.017464173453143036
2009-06-30,MBI,0.017464173453143036
2009-06-30,MCD,0.017464173453143036
2009-06-30,MON,-0.017464173453143036
2009-06-30,MYL,0.017464173453143036
2009-06-30,NI,-0.017464173453143036
2009-06-30,PBG,0.017464173453143036
2009-06-30,POM,-0.017464173453143036
2009-06-30,PPL,-0.017464173453143036
2009-06-30,QWST,0.017464173453143036
2009-06-30,RX,-0.017464173453143036
2009-06-30,SE,-0.017464173453143036
2009-06-30,SHW,0.017464173453143036
2009-06-30,STR,-0.017464173453143036
2009-06-30,TLAB,0.017464173453143036
2009-06-30,TSS,-0.017464173453143036
2009-06-30,WPI,0.017464173453143036
2009-06-30,XOM,-0.017464173453143036
2009-07-31,ABC,-0.025942479996436524
2009-07-31,AEP,-0.025942479996436524
2009-07-31,AMZN,0.025942479996436524
2009-07-31,AN,0.025942479996436524
2009-07-31,APOL,0.025942479996436524
2009-07-31,AZO,0.025942479996436524
2009-07-31,BBBY,0.025942479996436524
2009-07-31,BCR,-0.025942479996436524
2009-07-31,BMC,0.025942479996436524
2009-07-31,CAH,-0.025942479996436524
2009-07-31,CHRW,0.025942479996436524
2009-07-31,CLX,0.025942479996436524
2009-07-31,COH,0.025942479996436524
2009-07-31,COP,-0.025942479996436524
2009-07-31,CSX,-0.025942479996436524
2009-07-31,CTXS,0.025942479996436524
2009-07-31,DGX,0.025942479996436524
2009-07-31,EIX,-0.025942479996436524
2009-07-31,EKDKQ,-0.025942479996436524
2009-07-31,EXC,-0.025942479996436524
2009-07-31,F,0.025942479996436524
2009-07-31,FDO,0.025942479996436524
2009-07-31,FE,-0.025942479996436524
2009-07-31,FHN,0.025942479996436524
2009-07-31,FIS,0.025942479996436524
2009-07-31,GHC,-0.025942479996436524
2009-07-31,HAS,-0.025942479996436524
2009-07-31,HNZ,-0.025942479996436524
2009-07-31,ICE,0.025942479996436524
2009-07-31,INTU,0.025942479996436524
2009-07-31,KEY,-0.025942479996436524
2009-07-31,KR,-0.025942479996436524
2009-07-31,LUV,-0.025942479996436524
2009-07-31,LXK,-0.025942479996436524
2009-07-31,MON,-0.025942479996436524
2009-07-31,NSC,-0.025942479996436524
2009-07-31,PBG,0.025942479996436524
2009-07-31,POM,-0.025942479996436524
2009-07-31,PPL,-0.025942479996436524
2009-07-31,QWST,0.025942479996436524
2009-07-31,SE,-0.025942479996436524
2009-07-31,SII,-0.025942479996436524
2009-07-31,SWN,0.025942479996436524
2009-07-31,TLAB,0.025942479996436524
2009-07-31,WPI,0.025942479996436524
2009-07-31,WYE,0.025942479996436524
2009-08-31,ABC,-0.027452230586288533
2009-08-31,ADM*,0.027452230586288533
2009-08-31,AEE,-0.027452230586288533
2009-08-31,AN,0.027452230586288533
2009-08-31,APOL,0.027452230586288533
2009-08-31,AZO,0.027452230586288533
2009-08-31,BBBY,0.027452230586288533
2009-08-31,BCR,-0.027452230586288533
2009-08-31,BRCM,0.027452230586288533
2009-08-31,COP,-0.027452230586288533
2009-08-31,CTXS,0.027452230586288533
2009-08-31,EIX,-0.027452230586288533
2009-08-31,EKDKQ,-0.027452230586288533
2009-08-31,EXC,-0.027452230586288533
2009-08-31,EXPE,0.027452230586288533
2009-08-31,F,0.027452230586288533
2009-08-31,FDO,0.027452230586288533
2009-08-31,FE,-0.027452230586288533
2009-08-31,FHN,0.027452230586288533
2009-08-31,FIS,0.027452230586288533
2009-08-31,FTR,-0.027452230586288533
2009-08-31,GENZ,-0.027452230586288533
2009-08-31,GME,-0.027452230586288533
2009-08-31,HNZ,-0.027452230586288533
2009-08-31,HSY,0.027452230586288533
2009-08-31,KEY,-0.027452230586288533
2009-08-31,KR,-0.027452230586288533
2009-08-31,LUV,-0.027452230586288533
2009-08-31,LXK,-0.027452230586288533
2009-08-31,MHS,0.027452230586288533
2009-08-31,MU,0.027452230586288533
2009-08-31,NSC,-0.027452230586288533
2009-08-31,PBG,0.027452230586288533
2009-08-31,POM,-0.027452230586288533
2009-08-31,RX,-0.027452230586288533
2009-08-31,SBUX,0.027452230586288533
2009-08-31,SII,-0.027452230586288533
2009-08-31,SNDK,0.027452230586288533
2009-08-31,SWN,0.027452230586288533
2009-08-31,SWY,-0.027452230586288533
2009-08-31,SYK,-0.027452230586288533
2009-08-31,TLAB,0.027452230586288533
2009-08-31,VAR,-0.027452230586288533
2009-08-31,WFM,0.027452230586288533
2009-08-31,WPI,0.027452230586288533
2009-08-31,WYE,0.027452230586288533
2009-09-30,AAPL*,0.02894606631631955
2009-09-30,ABC,-0.02894606631631955
2009-09-30,ABT,-0.02894606631631955
2009-09-30,ADM*,0.02894606631631955
2009-09-30,AEE,-0.02894606631631955
2009-09-30,AIG*,0.02894606631631955
2009-09-30,AN,0.02894606631631955
2009-09-30,BLL,0.02894606631631955
2009-09-30,BMC,0.02894606631631955
2009-09-30,BRCM,0.02894606631631955
2009-09-30,COP,-0.02894606631631955
2009-09-30,COST,-0.02894606631631955
2009-09-30,CTSH,0.02894606631631955
2009-09-30,CTXS,0.02894606631631955
2009-09-30,D,-0.02894606631631955
2009-09-30,EA,-0.02894606631631955
2009-09-30,EMC,0.02894606631631955
2009-09-30,FDO,0.02894606631631955
2009-09-30,FE,-0.02894606631631955
2009-09-30,FHN,0.02894606631631955
2009-09-30,FIS,0.02894606631631955
2009-09-30,FTR,-0.02894606631631955
2009-09-30,GENZ,-0.02894606631631955
2009-09-30,GR,0.02894606631631955
2009-09-30,HES,-0.02894606631631955
2009-09-30,HNZ,-0.02894606631631955
2009-09-30,KEY,-0.02894606631631955
2009-09-30,KR,-0.02894606631631955
2009-09-30,LUV,-0.02894606631631955
2009-09-30,MHS,0.02894606631631955
2009-09-30,MU,0.02894606631631955
2009-09-30,MYL,0.02894606631631955
2009-09-30,NSC,-0.02894606631631955
2009-09-30,NVDA,0.02894606631631955
2009-09-30,PBI,-0.02894606631631955
2009-09-30,PCG,0.02894606631631955
2009-09-30,PCL,-0.02894606631631955
2009-09-30,PG,-0.02894606631631955
2009-09-30,POM,-0.02894606631631955
2009-09-30,SII,-0.02894606631631955
2009-09-30,SO,-0.02894606631631955
2009-09-30,SYK,-0.02894606631631955
2009-09-30,TDC,0.02894606631631955
2009-09-30,TLAB,0.02894606631631955
2009-09-30,WPI,0.02894606631631955
2009-09-30,WYE,0.02894606631631955
2009-10-31,0R01,-0.031547625548526505
2009-10-31,AAPL*,0.031547625548526505
2009-10-31,AAZ,0.031547625548526505
2009-10-31,ABC,-0.031547625548526505
2009-10-31,AEE,-0.031547625548526505
2009-10-31,AIG*,0.031547625548526505
2009-10-31,AN,0.031547625548526505
2009-10-31,BCR,-0.031547625548526505
2009-10-31,BMC,0.031547625548526505
2009-10-31,BRCM,0.031547625548526505
2009-10-31,CAH,-0.031547625548526505
2009-10-31,CCE,0.031547625548526505
2009-10-31,CPB,-0.031547625548526505
2009-10-31,CSC,0.031547625548526505
2009-10-31,CTSH,0.031547625548526505
2009-10-31,EMC,0.031547625548526505
2009-10-31,EXPE,0.031547625548526505
2009-10-31,FCX*,0.031547625548526505
2009-10-31,FIS,0.031547625548526505
2009-10-31,FLS,0.031547625548526505
2009-10-31,GAS.2,-0.031547625548526505
2009-10-31,GENZ,-0.031547625548526505
2009-10-31,GS,0.031547625548526505
2009-10-31,HCBK,-0.031547625548526505
2009-10-31,KEY,-0.031547625548526505
2009-10-31,KR,-0.031547625548526505
2009-10-31,MI,-0.031547625548526505
2009-10-31,MON,-0.031547625548526505
2009-10-31,MYL,0.031547625548526505
2009-10-31,NDAQ,-0.031547625548526505
2009-10-31,NSC,-0.031547625548526505
2009-10-31,NTAP,0.031547625548526505
2009-10-31,NVDA,0.031547625548526505
2009-10-31,POM,-0.031547625548526505
2009-10-31,RN7,-0.031547625548526505
2009-10-31,SNDK,0.031547625548526505
2009-10-31,STI,-0.031547625548526505
2009-10-31,TDC,0.031547625548526505
2009-10-31,TEG,-0.031547625548526505
2009-10-31,TLAB,0.031547625548526505
2009-10-31,USB,-0.031547625548526505
2009-10-31,WFM,0.031547625548526505
2009-10-31,WMT,-0.031547625548526505
2009-10-31,WPI,0.031547625548526505
2009-10-31,XOM,-0.031547625548526505
2009-10-31,ZION,-0.031547625548526505
2009-11-30,AAPL*,0.03289269206042293
2009-11-30,ABC,-0.03289269206042293
2009-11-30,AEE,-0.03289269206042293
2009-11-30,AIG*,0.03289269206042293
2009-11-30,AMZN,0.03289269206042293
2009-11-30,AON,-0.03289269206042293
2009-11-30,APOL,-0.03289269206042293
2009-11-30,AYE,-0.03289269206042293
2009-11-30,CCE,0.03289269206042293
2009-11-30,CEPH,-0.03289269206042293
2009-11-30,CI,0.03289269206042293
2009-11-30,CSC,0.03289269206042293
2009-11-30,CTSH,0.03289269206042293
2009-11-30,EXC,-0.03289269206042293
2009-11-30,EXPE,0.03289269206042293
2009-11-30,FCX*,0.03289269206042293
2009-11-30,FE,-0.03289269206042293
2009-11-30,FLS,0.03289269206042293
2009-11-30,FTR,-0.03289269206042293
2009-11-30,GENZ,-0.03289269206042293
2009-11-30,GNW,0.03289269206042293
2009-11-30,GOOGL,0.03289269206042293
2009-11-30,GS,0.03289269206042293
2009-11-30,HCBK,-0.03289269206042293
2009-11-30,IBM,0.03289269206042293
2009-11-30,JWN,0.03289269206042293
2009-11-30,KEY,-0.03289269206042293
2009-11-30,KR,-0.03289269206042293
2009-11-30,KSS,0.03289269206042293
2009-11-30,LIFE,0.03289269206042293
2009-11-30,MI,-0.03289269206042293
2009-11-30,MS,0.03289269206042293
2009-11-30,MYL,0.03289269206042293
2009-11-30,NTAP,0.03289269206042293
2009-11-30,PBCT,-0.03289269206042293
2009-11-30,POM,-0.03289269206042293
2009-11-30,PPL,-0.03289269206042293
2009-11-30,RN7,-0.03289269206042293
2009-11-30,SNDK,0.03289269206042293
2009-11-30,SO,-0.03289269206042293
2009-11-30,SRCL,-0.03289269206042293
2009-11-30,T,-0.03289269206042293
2009-11-30,TDC,0.03289269206042293
2009-11-30,THC,0.03289269206042293
2009-11-30,WFM,0.03289269206042293
2009-11-30,WMT,-0.03289269206042293
2009-11-30,XOM,-0.03289269206042293
2009-11-30,ZION,-0.03289269206042293
2009-12-31,AAPL*,0.032092887846662255
2009-12-31,ABC,-0.032092887846662255
2009-12-31,AEE,-0.032092887846662255
2009-12-31,AIG*,0.032092887846662255
2009-12-31,AMD,0.032092887846662255
2009-12-31,AMZN,0.032092887846662255
2009-12-31,AON,-0.032092887846662255
2009-12-31,APH,0.032092887846662255
2009-12-31,APOL,-0.032092887846662255
2009-12-31,AYE,-0.032092887846662255
2009-12-31,CEPH,-0.032092887846662255
2009-12-31,CMCSA,-0.032092887846662255
2009-12-31,CTSH,0.032092887846662255
2009-12-31,EXC,-0.032092887846662255
2009-12-31,EXPE,0.032092887846662255
2009-12-31,FCX*,0.032092887846662255
2009-12-31,FLS,0.032092887846662255
2009-12-31,FTR,-0.032092887846662255
2009-12-31,GENZ,-0.032092887846662255
2009-12-31,GOOGL,0.032092887846662255
2009-12-31,GS,0.032092887846662255
2009-12-31,HBAN,-0.032092887846662255
2009-12-31,HCBK,-0.032092887846662255
2009-12-31,IBM,0.032092887846662255
2009-12-31,J,-0.032092887846662255
2009-12-31,JWN,0.032092887846662255
2009-12-31,KEY,-0.032092887846662255
2009-12-31,KR,-0.032092887846662255
2009-12-31,LIFE,0.032092887846662255
2009-12-31,MI,-0.032092887846662255
2009-12-31,MU,0.032092887846662255
2009-12-31,MWV,0.032092887846662255
2009-12-31,MYL,0.032092887846662255
2009-12-31,NDAQ,-0.032092887846662255
2009-12-31,NTAP,0.032092887846662255
2009-12-31,PBCT,-0.032092887846662255
2009-12-31,PXD,0.032092887846662255
2009-12-31,SBUX,0.032092887846662255
2009-12-31,SO,-0.032092887846662255
2009-12-31,SUN,-0.032092887846662255
2009-12-31,TDC,0.032092887846662255
2009-12-31,TJX,0.032092887846662255
2009-12-31,VLO,-0.032092887846662255
2009-12-31,VMC,-0.032092887846662255
2009-12-31,WFM,0.032092887846662255
2009-12-31,WFR,-0.032092887846662255
2009-12-31,XL,0.032092887846662255
2009-12-31,ZION,-0.032092887846662255
2010-01-31,AAPL*,0.02549047443006858
2010-01-31,ABC,-0.02549047443006858
2010-01-31,AEE,-0.02549047443006858
2010-01-31,AIG*,0.02549047443006858
2010-01-31,AMD,0.02549047443006858
2010-01-31,AMZN,0.02549047443006858
2010-01-31,APH,0.02549047443006858
2010-01-31,APOL,-0.02549047443006858
2010-01-31,AYE,-0.02549047443006858
2010-01-31,BCR,-0.02549047443006858
2010-01-31,CAH,-0.02549047443006858
2010-01-31,CEPH,-0.02549047443006858
2010-01-31,CI,0.02549047443006858
2010-01-31,CRM,0.02549047443006858
2010-01-31,CTSH,0.02549047443006858
2010-01-31,EXC,-0.02549047443006858
2010-01-31,F,0.02549047443006858
2010-01-31,FCX*,0.02549047443006858
2010-01-31,FE,-0.02549047443006858
2010-01-31,FTR,-0.02549047443006858
2010-01-31,GENZ,-0.02549047443006858
2010-01-31,GILD,-0.02549047443006858
2010-01-31,GME,-0.02549047443006858
2010-01-31,GOOGL,0.02549047443006858
2010-01-31,GS,0.02549047443006858
2010-01-31,HSY,-0.02549047443006858
2010-01-31,JWN,0.02549047443006858
2010-01-31,KEY,-0.02549047443006858
2010-01-31,KR,-0.02549047443006858
2010-01-31,LIFE,0.02549047443006858
2010-01-31,LOM,-0.02549047443006858
2010-01-31,MA,0.02549047443006858
2010-01-31,MYL,0.02549047443006858
2010-01-31,NDAQ,-0.02549047443006858
2010-01-31,NTAP,0.02549047443006858
2010-01-31,NTRS,-0.02549047443006858
2010-01-31,PXD,0.02549047443006858
2010-01-31,SBUX,0.02549047443006858
2010-01-31,SUN,-0.02549047443006858
2010-01-31,SVU,-0.02549047443006858
2010-01-31,TDC,0.02549047443006858
2010-01-31,THC,0.02549047443006858
2010-01-31,TJX,0.02549047443006858
2010-01-31,TSO,-0.02549047443006858
2010-01-31,TXN,0.02549047443006858
2010-01-31,VLO,-0.02549047443006858
2010-01-31,XL,0.02549047443006858
2010-01-31,XOM,-0.02549047443006858
2010-02-28,AAPL*,0.022737667923386384
2010-02-28,ABC,-0.022737667923386384
2010-02-28,AIG*,0.022737667923386384
2010-02-28,AON,-0.022737667923386384
2010-02-28,APOL,-0.022737667923386384
2010-02-28,AYE,-0.022737667923386384
2010-02-28,BEN,0.022737667923386384
2010-02-28,CAH,-0.022737667923386384
2010-02-28,CBG,0.022737667923386384
2010-02-28,CEPH,-0.022737667923386384
2010-02-28,CI,0.022737667923386384
2010-02-28,CMA,0.022737667923386384
2010-02-28,CTSH,0.022737667923386384
2010-02-28,CTXS,0.022737667923386384
2010-02-28,DF,-0.022737667923386384
2010-02-28,EA,-0.022737667923386384
2010-02-28,EL,0.022737667923386384
2010-02-28,EXC,-0.022737667923386384
2010-02-28,F,0.022737667923386384
2010-02-28,FITB,0.022737667923386384
2010-02-28,GENZ,-0.022737667923386384
2010-02-28,GME,-0.022737667923386384
2010-02-28,GNW,0.022737667923386384
2010-02-28,HAR,0.022737667923386384
2010-02-28,HSP,0.022737667923386384
2010-02-28,ISRG,0.022737667923386384
2010-02-28,KEY,-0.022737667923386384
2010-02-28,LIFE,0.022737667923386384
2010-02-28,LTD,0.022737667923386384
2010-02-28,MON,-0.022737667923386384
2010-02-28,MTZ,0.022737667923386384
2010-02-28,NDAQ,-0.022737667923386384
2010-02-28,NEM,-0.022737667923386384
2010-02-28,NTRS,-0.022737667923386384
2010-02-28,PBCT,-0.022737667923386384
2010-02-28,PXD,0.022737667923386384
2010-02-28,S,-0.022737667923386384
2010-02-28,SE,0.022737667923386384
2010-02-28,SNI,0.022737667923386384
2010-02-28,SUN,-0.022737667923386384
2010-02-28,SVU,-0.022737667923386384
2010-02-28,THC,0.022737667923386384
2010-02-28,TSO,-0.022737667923386384
2010-02-28,VIAB,0.022737667923386384
2010-02-28,VLO,-0.022737667923386384
2010-02-28,WFR,-0.022737667923386384
2010-02-28,XL,0.022737667923386384
2010-02-28,XOM,-0.022737667923386384
2010-03-31,ABC,-0.02427128230813745
2010-03-31,AIG*,0.02427128230813745
2010-03-31,AIV,0.02427128230813745
2010-03-31,APOL,-0.02427128230813745
2010-03-31,AYE,-0.02427128230813745
2010-03-31,BBY,-0.02427128230813745
2010-03-31,CI,0.02427128230813745
2010-03-31,CTSH,0.02427128230813745
2010-03-31,DF,-0.02427128230813745
2010-03-31,DNB,-0.02427128230813745
2010-03-31,DOV,0.02427128230813745
2010-03-31,DTE,0.02427128230813745
2010-03-31,EA,-0.02427128230813745
2010-03-31,EL,0.02427128230813745
2010-03-31,ETN,0.02427128230813745
2010-03-31,EXC,-0.02427128230813745
2010-03-31,FITB,0.02427128230813745
2010-03-31,GENZ,-0.02427128230813745
2010-03-31,GME,-0.02427128230813745
2010-03-31,GNW,0.02427128230813745
2010-03-31,HAR,0.02427128230813745
2010-03-31,HNZ,0.02427128230813745
2010-03-31,HRB,-0.02427128230813745
2010-03-31,HUM,0.02427128230813745
2010-03-31,ISRG,0.02427128230813745
2010-03-31,KEY,-0.02427128230813745
2010-03-31,LTD,0.02427128230813745
2010-03-31,MEE,0.02427128230813745
2010-03-31,MON,-0.02427128230813745
2010-03-31,NDAQ,-0.02427128230813745
2010-03-31,NEE,-0.02427128230813745
2010-03-31,NTRS,-0.02427128230813745
2010-03-31,ODP,0.02427128230813745
2010-03-31,PBCT,-0.02427128230813745
2010-03-31,PKI,0.02427128230813745
2010-03-31,PXD,0.02427128230813745
2010-03-31,QCI,-0.02427128230813745
2010-03-31,S,-0.02427128230813745
2010-03-31,SE,0.02427128230813745
2010-03-31,T,-0.02427128230813745
2010-03-31,TEG,0.02427128230813745
2010-03-31,TGNA,0.02427128230813745
2010-03-31,TSO,-0.02427128230813745
2010-03-31,UNS1,0.02427128230813745
2010-03-31,UTX,0.02427128230813745
2010-03-31,VZ,-0.02427128230813745
2010-03-31,WFR,-0.02427128230813745
2010-03-31,XOM,-0.02427128230813745
2010-04-30,AAPL*,0.033623727318925184
2010-04-30,ABC,-0.033623727318925184
2010-04-30,AIG*,0.033623727318925184
2010-04-30,APOL,-0.033623727318925184
2010-04-30,AYE,-0.033623727318925184
2010-04-30,BEN,0.033623727318925184
2010-04-30,BSX,-0.033623727318925184
2010-04-30,CAG,0.033623727318925184
2010-04-30,CI,0.033623727318925184
2010-04-30,CL,0.033623727318925184
2010-04-30,CMA,0.033623727318925184
2010-04-30,CTSH,0.033623727318925184
2010-04-30,DF,-0.033623727318925184
2010-04-30,DHI,-0.033623727318925184
2010-04-30,DNB,-0.033623727318925184
2010-04-30,DTE,0.033623727318925184
2010-04-30,EA,-0.033623727318925184
2010-04-30,EL,0.033623727318925184
2010-04-30,EXC,-0.033623727318925184
2010-04-30,FE,-0.033623727318925184
2010-04-30,GENZ,-0.033623727318925184
2010-04-30,GILD,-0.033623727318925184
2010-04-30,GIS,0.033623727318925184
2010-04-30,GME,-0.033623727318925184
2010-04-30,GNW,0.033623727318925184
2010-04-30,HAR,0.033623727318925184
2010-04-30,HSP,0.033623727318925184
2010-04-30,HUM,0.033623727318925184
2010-04-30,IFF,0.033623727318925184
2010-04-30,IRM,-0.033623727318925184
2010-04-30,LTD,0.033623727318925184
2010-04-30,MCK,0.033623727318925184
2010-04-30,MKC,0.033623727318925184
2010-04-30,MON,-0.033623727318925184
2010-04-30,MYL,0.033623727318925184
2010-04-30,NEE,-0.033623727318925184
2010-04-30,PEG,-0.033623727318925184
2010-04-30,PHM,-0.033623727318925184
2010-04-30,PKI,0.033623727318925184
2010-04-30,PPL,-0.033623727318925184
2010-04-30,QCI,-0.033623727318925184
2010-04-30,S,-0.033623727318925184
2010-04-30,SE,0.033623727318925184
2010-04-30,SYMC,-0.033623727318925184
2010-04-30,TEG,0.033623727318925184
2010-04-30,TSO,-0.033623727318925184
2010-04-30,VIAB,0.033623727318925184
2010-04-30,WFR,-0.033623727318925184
2010-05-31,AAPL*,0.03583121343072004
2010-05-31,ABC,-0.03583121343072004
2010-05-31,AIG*,0.03583121343072004
2010-05-31,AYE,-0.03583121343072004
2010-05-31,BAX,-0.03583121343072004
2010-05-31,BSX,-0.03583121343072004
2010-05-31,CMA,0.03583121343072004
2010-05-31,CMI,0.03583121343072004
2010-05-31,CTSH,0.03583121343072004
2010-05-31,DF,-0.03583121343072004
2010-05-31,DNB,-0.03583121343072004
2010-05-31,DOFSQ,-0.03583121343072004
2010-05-31,DOV,0.03583121343072004
2010-05-31,DTE,0.03583121343072004
2010-05-31,EA,-0.03583121343072004
2010-05-31,EL,0.03583121343072004
2010-05-31,ETN,0.03583121343072004
2010-05-31,EXC,-0.03583121343072004
2010-05-31,GENZ,-0.03583121343072004
2010-05-31,GILD,-0.03583121343072004
2010-05-31,GIS,0.03583121343072004
2010-05-31,GR,0.03583121343072004
2010-05-31,IFF,0.03583121343072004
2010-05-31,IRM,-0.03583121343072004
2010-05-31,ISRG,0.03583121343072004
2010-05-31,LTD,0.03583121343072004
2010-05-31,MAT,0.03583121343072004
2010-05-31,MCO,-0.03583121343072004
2010-05-31,MFE,-0.03583121343072004
2010-05-31,MKC,0.03583121343072004
2010-05-31,MON,-0.03583121343072004
2010-05-31,MTZ,0.03583121343072004
2010-05-31,NEE,-0.03583121343072004
2010-05-31,NTRS,-0.03583121343072004
2010-05-31,PH,0.03583121343072004
2010-05-31,PPL,-0.03583121343072004
2010-05-31,QCI,-0.03583121343072004
2010-05-31,S,-0.03583121343072004
2010-05-31,SE,0.03583121343072004
2010-05-31,SHLDQ,0.03583121343072004
2010-05-31,SVU,-0.03583121343072004
2010-05-31,SWN,-0.03583121343072004
2010-05-31,SYK,0.03583121343072004
2010-05-31,TEG,0.03583121343072004
2010-05-31,TSO,-0.03583121343072004
2010-05-31,WFR,-0.03583121343072004
2010-05-31,WHR,0.03583121343072004
2010-05-31,WYND,0.03583121343072004
2010-06-30,AAPL*,0.039021173166362014
2010-06-30,ABC,0.039021173166362014
2010-06-30,AIG*,0.039021173166362014
2010-06-30,AIV,0.039021173166362014
2010-06-30,AKAM,0.039021173166362014
2010-06-30,APOL,-0.039021173166362014
2010-06-30,AYE,-0.039021173166362014
2010-06-30,BAX,-0.039021173166362014
2010-06-30,BSX,-0.039021173166362014
2010-06-30,CBS,0.039021173166362014
2010-06-30,CMA,0.039021173166362014
2010-06-30,CRM,0.039021173166362014
2010-06-30,CTSH,0.039021173166362014
2010-06-30,DF,-0.039021173166362014
2010-06-30,DNB,-0.039021173166362014
2010-06-30,DOFSQ,-0.039021173166362014
2010-06-30,EA,-0.039021173166362014
2010-06-30,EL,0.039021173166362014
2010-06-30,EQR,0.039021173166362014
2010-06-30,ESRX,0.039021173166362014
2010-06-30,EXC,-0.039021173166362014
2010-06-30,GENZ,-0.039021173166362014
2010-06-30,GILD,-0.039021173166362014
2010-06-30,HAS,0.039021173166362014
2010-06-30,IRM,-0.039021173166362014
2010-06-30,JWN,0.039021173166362014
2010-06-30,LTD,0.039021173166362014
2010-06-30,LXK,0.039021173166362014
2010-06-30,MCO,-0.039021173166362014
2010-06-30,MFE,-0.039021173166362014
2010-06-30,MON,-0.039021173166362014
2010-06-30,NDAQ,-0.039021173166362014
2010-06-30,NEE,-0.039021173166362014
2010-06-30,NTAP,0.039021173166362014
2010-06-30,PBCT,-0.039021173166362014
2010-06-30,PPL,-0.039021173166362014
2010-06-30,PXD,0.039021173166362014
2010-06-30,QCI,-0.039021173166362014
2010-06-30,SNDK,0.039021173166362014
2010-06-30,SNI,0.039021173166362014
2010-06-30,STT,-0.039021173166362014
2010-06-30,T3W1,0.039021173166362014
2010-06-30,TGNA,0.039021173166362014
2010-06-30,VZ,-0.039021173166362014
2010-06-30,WFR,-0.039021173166362014
2010-06-30,WHR,0.039021173166362014
2010-06-30,WYND,0.039021173166362014
2010-06-30,XOM,-0.039021173166362014
2010-07-31,AAPL*,0.04233472806721618
2010-07-31,ABC,0.04233472806721618
2010-07-31,AES,-0.04233472806721618
2010-07-31,AIV,0.04233472806721618
2010-07-31,AKAM,0.04233472806721618
2010-07-31,APOL,-0.04233472806721618
2010-07-31,AVB,0.04233472806721618
2010-07-31,BAX,-0.04233472806721618
2010-07-31,BSX,-0.04233472806721618
2010-07-31,CMA,0.04233472806721618
2010-07-31,CRM,0.04233472806721618
2010-07-31,CTSH,0.04233472806721618
2010-07-31,DF,-0.04233472806721618
2010-07-31,DHR,-0.04233472806721618
2010-07-31,DOFSQ,-0.04233472806721618
2010-07-31,DTE,0.04233472806721618
2010-07-31,EA,-0.04233472806721618
2010-07-31,EL,0.04233472806721618
2010-07-31,EQR,0.04233472806721618
2010-07-31,ESRX,-0.04233472806721618
2010-07-31,ETFC,0.04233472806721618
2010-07-31,EXC,-0.04233472806721618
2010-07-31,FHI,-0.04233472806721618
2010-07-31,GILD,-0.04233472806721618
2010-07-31,GIS,-0.04233472806721618
2010-07-31,HAS,0.04233472806721618
2010-07-31,HCBK,-0.04233472806721618
2010-07-31,HSP,0.04233472806721618
2010-07-31,HUM,0.04233472806721618
2010-07-31,IRM,-0.04233472806721618
2010-07-31,LTD,0.04233472806721618
2010-07-31,LXK,0.04233472806721618
2010-07-31,MFE,-0.04233472806721618
2010-07-31,MKC,0.04233472806721618
2010-07-31,MON,-0.04233472806721618
2010-07-31,MTZ,0.04233472806721618
2010-07-31,NTAP,0.04233472806721618
2010-07-31,NTRS,-0.04233472806721618
2010-07-31,PBCT,-0.04233472806721618
2010-07-31,PPL,-0.04233472806721618
2010-07-31,PXD,0.04233472806721618
2010-07-31,QCI,-0.04233472806721618
2010-07-31,SNDK,0.04233472806721618
2010-07-31,STT,-0.04233472806721618
2010-07-31,T3W1,0.04233472806721618
2010-07-31,TIE,0.04233472806721618
2010-07-31,WFR,-0.04233472806721618
2010-07-31,XOM,-0.04233472806721618
2010-08-31,AAPL*,0.04609708009919046
2010-08-31,ABC,0.04609708009919046
2010-08-31,AES,-0.04609708009919046
2010-08-31,AKAM,0.04609708009919046
2010-08-31,APOL,-0.04609708009919046
2010-08-31,AZO,0.04609708009919046
2010-08-31,BAX,-0.04609708009919046
2010-08-31,BFB,0.04609708009919046
2010-08-31,BSX,-0.04609708009919046
2010-08-31,CMI,0.04609708009919046
2010-08-31,CRM,0.04609708009919046
2010-08-31,CTSH,0.04609708009919046
2010-08-31,DF,-0.04609708009919046
2010-08-31,DGX,-0.04609708009919046
2010-08-31,DHR,-0.04609708009919046
2010-08-31,DOFSQ,-0.04609708009919046
2010-08-31,DTE,0.04609708009919046
2010-08-31,EL,0.04609708009919046
2010-08-31,EQR,0.04609708009919046
2010-08-31,ESRX,-0.04609708009919046
2010-08-31,ETFC,0.04609708009919046
2010-08-31,EXC,-0.04609708009919046
2010-08-31,FE,-0.04609708009919046
2010-08-31,FHI,-0.04609708009919046
2010-08-31,GILD,-0.04609708009919046
2010-08-31,GIS,-0.04609708009919046
2010-08-31,GT,-0.04609708009919046
2010-08-31,HAS,0.04609708009919046
2010-08-31,IGT,-0.04609708009919046
2010-08-31,INTU,0.04609708009919046
2010-08-31,IRM,-0.04609708009919046
2010-08-31,LXK,0.04609708009919046
2010-08-31,MAS,-0.04609708009919046
2010-08-31,MKC,0.04609708009919046
2010-08-31,MTZ,0.04609708009919046
2010-08-31,NTAP,0.04609708009919046
2010-08-31,NTRS,-0.04609708009919046
2010-08-31,PBCT,-0.04609708009919046
2010-08-31,PXD,0.04609708009919046
2010-08-31,QWST,0.04609708009919046
2010-08-31,RRC,-0.04609708009919046
2010-08-31,SLE,0.04609708009919046
2010-08-31,SNDK,0.04609708009919046
2010-08-31,STT,-0.04609708009919046
2010-08-31,T3W1,0.04609708009919046
2010-08-31,TIE,0.04609708009919046
2010-08-31,WFR,-0.04609708009919046
2010-08-31,WY,-0.04609708009919046
2010-09-30,AES,-0.05018754430873241
2010-09-30,AKAM,0.05018754430873241
2010-09-30,APOL,-0.05018754430873241
2010-09-30,AZO,0.05018754430873241
2010-09-30,BAC,-0.05018754430873241
2010-09-30,BAX,-0.05018754430873241
2010-09-30,BSX,-0.05018754430873241
2010-09-30,CMI,0.05018754430873241
2010-09-30,CRM,0.05018754430873241
2010-09-30,CSC,-0.05018754430873241
2010-09-30,CTSH,0.05018754430873241
2010-09-30,DHR,-0.05018754430873241
2010-09-30,DOFSQ,-0.05018754430873241
2010-09-30,DTE,0.05018754430873241
2010-09-30,EL,0.05018754430873241
2010-09-30,EQR,0.05018754430873241
2010-09-30,EQT,-0.05018754430873241
2010-09-30,ESRX,-0.05018754430873241
2010-09-30,ETFC,0.05018754430873241
2010-09-30,EXC,-0.05018754430873241
2010-09-30,FDO,0.05018754430873241
2010-09-30,FE,-0.05018754430873241
2010-09-30,FHI,-0.05018754430873241
2010-09-30,GILD,-0.05018754430873241
2010-09-30,GIS,-0.05018754430873241
2010-09-30,GT,-0.05018754430873241
2010-09-30,HAS,0.05018754430873241
2010-09-30,HRL,0.05018754430873241
2010-09-30,HUM,0.05018754430873241
2010-09-30,IGT,-0.05018754430873241
2010-09-30,INTU,0.05018754430873241
2010-09-30,MCD,0.05018754430873241
2010-09-30,MKC,0.05018754430873241
2010-09-30,MO,0.05018754430873241
2010-09-30,MTZ,0.05018754430873241
2010-09-30,NTAP,0.05018754430873241
2010-09-30,NTRS,-0.05018754430873241
2010-09-30,PBCT,-0.05018754430873241
2010-09-30,QWST,0.05018754430873241
2010-09-30,RRC,-0.05018754430873241
2010-09-30,SLE,0.05018754430873241
2010-09-30,SRCL,0.05018754430873241
2010-09-30,STT,-0.05018754430873241
2010-09-30,SWG,-0.05018754430873241
2010-09-30,TEG,0.05018754430873241
2010-09-30,VTR,0.05018754430873241
2010-09-30,WAG,-0.05018754430873241
2010-09-30,XRAY,-0.05018754430873241
2010-10-31,ADBE,-0.05184484170907537
2010-10-31,AKAM,0.05184484170907537
2010-10-31,AMT,0.05184484170907537
2010-10-31,AZO,0.05184484170907537
2010-10-31,BSX,-0.05184484170907537
2010-10-31,CMI,0.05184484170907537
2010-10-31,COG,-0.05184484170907537
2010-10-31,CRM,0.05184484170907537
2010-10-31,CTSH,0.05184484170907537
2010-10-31,CTXS,0.05184484170907537
2010-10-31,DF,-0.05184484170907537
2010-10-31,DHR,-0.05184484170907537
2010-10-31,DOFSQ,-0.05184484170907537
2010-10-31,EQR,0.05184484170907537
2010-10-31,EQT,-0.05184484170907537
2010-10-31,ESRX,-0.05184484170907537
2010-10-31,ETFC,0.05184484170907537
2010-10-31,FDO,0.05184484170907537
2010-10-31,FE,-0.05184484170907537
2010-10-31,FHI,-0.05184484170907537
2010-10-31,GILD,-0.05184484170907537
2010-10-31,GIS,-0.05184484170907537
2010-10-31,HAS,0.05184484170907537
2010-10-31,HRB,-0.05184484170907537
2010-10-31,HRL,0.05184484170907537
2010-10-31,HUM,0.05184484170907537
2010-10-31,IGT,-0.05184484170907537
2010-10-31,INTU,0.05184484170907537
2010-10-31,MCD,0.05184484170907537
2010-10-31,MKC,0.05184484170907537
2010-10-31,MO,0.05184484170907537
2010-10-31,MON,-0.05184484170907537
2010-10-31,MS,-0.05184484170907537
2010-10-31,NTAP,0.05184484170907537
2010-10-31,PBCT,-0.05184484170907537
2010-10-31,QWST,0.05184484170907537
2010-10-31,RRC,-0.05184484170907537
2010-10-31,SVU,-0.05184484170907537
2010-10-31,SWG,-0.05184484170907537
2010-10-31,SWN,-0.05184484170907537
2010-10-31,SYMC,-0.05184484170907537
2010-10-31,TEG,0.05184484170907537
2010-10-31,TIE,0.05184484170907537
2010-10-31,VRSN,0.05184484170907537
2010-10-31,VTR,0.05184484170907537
2010-10-31,WEC,0.05184484170907537
2010-10-31,WY,-0.05184484170907537
2010-10-31,XOM,-0.05184484170907537
2010-11-30,ADBE,-0.05607387194724532
2010-11-30,AIV,0.05607387194724532
2010-11-30,AKAM,0.05607387194724532
2010-11-30,AKS,-0.05607387194724532
2010-11-30,APOL,-0.05607387194724532
2010-11-30,AZO,0.05607387194724532
2010-11-30,BAC,-0.05607387194724532
2010-11-30,BSX,-0.05607387194724532
2010-11-30,CMI,0.05607387194724532
2010-11-30,COG,-0.05607387194724532
2010-11-30,CRM,0.05607387194724532
2010-11-30,CTSH,0.05607387194724532
2010-11-30,DF,-0.05607387194724532
2010-11-30,DGX,-0.05607387194724532
2010-11-30,DHR,-0.05607387194724532
2010-11-30,DOFSQ,-0.05607387194724532
2010-11-30,DRI,0.05607387194724532
2010-11-30,ESRX,-0.05607387194724532
2010-11-30,ETFC,0.05607387194724532
2010-11-30,EXC,-0.05607387194724532
2010-11-30,FDO,0.05607387194724532
2010-11-30,FE,-0.05607387194724532
2010-11-30,FHN,-0.05607387194724532
2010-11-30,GIS,-0.05607387194724532
2010-11-30,GPC,0.05607387194724532
2010-11-30,GT,-0.05607387194724532
2010-11-30,HAS,0.05607387194724532
2010-11-30,HCBK,-0.05607387194724532
2010-11-30,HRB,-0.05607387194724532
2010-11-30,HRL,0.05607387194724532
2010-11-30,HSY,0.05607387194724532
2010-11-30,INTU,0.05607387194724532
2010-11-30,LTD,0.05607387194724532
2010-11-30,MKC,0.05607387194724532
2010-11-30,MO,0.05607387194724532
2010-11-30,MS,-0.05607387194724532
2010-11-30,NTAP,0.05607387194724532
2010-11-30,ORLY,0.05607387194724532
2010-11-30,PBCT,-0.05607387194724532
2010-11-30,PXD,0.05607387194724532
2010-11-30,QWST,0.05607387194724532
2010-11-30,RHT,0.05607387194724532
2010-11-30,RRC,-0.05607387194724532
2010-11-30,SWN,-0.05607387194724532
2010-11-30,VRSN,0.05607387194724532
2010-11-30,WEC,0.05607387194724532
2010-11-30,WY,-0.05607387194724532
2010-11-30,ZBH,-0.05607387194724532
2010-12-31,ABT,-0.039547128723115915
2010-12-31,ADBE,-0.039547128723115915
2010-12-31,AKAM,0.039547128723115915
2010-12-31,APOL,-0.039547128723115915
2010-12-31,AZO,0.039547128723115915
2010-12-31,BAC,-0.039547128723115915
2010-12-31,BSX,-0.039547128723115915
2010-12-31,CMI,0.039547128723115915
2010-12-31,CRM,0.039547128723115915
2010-12-31,CTSH,0.039547128723115915
2010-12-31,DF,-0.039547128723115915
2010-12-31,DHR,-0.039547128723115915
2010-12-31,DOFSQ,-0.039547128723115915
2010-12-31,EQR,0.039547128723115915
2010-12-31,ESRX,-0.039547128723115915
2010-12-31,ETFC,0.039547128723115915
2010-12-31,EXC,-0.039547128723115915
2010-12-31,FDO,0.039547128723115915
2010-12-31,FE,-0.039547128723115915
2010-12-31,FHN,-0.039547128723115915
2010-12-31,GIS,-0.039547128723115915
2010-12-31,GT,-0.039547128723115915
2010-12-31,HAS,0.039547128723115915
2010-12-31,HCBK,-0.039547128723115915
2010-12-31,HRB,-0.039547128723115915
2010-12-31,HRL,0.039547128723115915
2010-12-31,INTU,0.039547128723115915
2010-12-31,LDOS,-0.039547128723115915
2010-12-31,LTD,0.039547128723115915
2010-12-31,MCD,0.039547128723115915
2010-12-31,MDT,-0.039547128723115915
2010-12-31,MJN,0.039547128723115915
2010-12-31,MKC,0.039547128723115915
2010-12-31,ORLY,0.039547128723115915
2010-12-31,PBCT,-0.039547128723115915
2010-12-31,PPL,-0.039547128723115915
2010-12-31,PXD,0.039547128723115915
2010-12-31,QWST,0.039547128723115915
2010-12-31,RAI,-0.039547128723115915
2010-12-31,ROST,0.039547128723115915
2010-12-31,RRD,-0.039547128723115915
2010-12-31,SRCL,0.039547128723115915
2010-12-31,SUN,0.039547128723115915
2010-12-31,SWN,-0.039547128723115915
2010-12-31,T3W1,0.039547128723115915
2010-12-31,VRSN,0.039547128723115915
2010-12-31,WY,-0.039547128723115915
2010-12-31,YUM,0.039547128723115915
2011-01-31,AAPL*,0.050614716680236996
2011-01-31,ABT,-0.050614716680236996
2011-01-31,AKAM,0.050614716680236996
2011-01-31,APOL,-0.050614716680236996
2011-01-31,AZO,0.050614716680236996
2011-01-31,CMI,0.050614716680236996
2011-01-31,CRM,0.050614716680236996
2011-01-31,CTSH,0.050614716680236996
2011-01-31,DF,-0.050614716680236996
2011-01-31,DHR,-0.050614716680236996
2011-01-31,DOFSQ,-0.050614716680236996
2011-01-31,EQR,0.050614716680236996
2011-01-31,ESRX,-0.050614716680236996
2011-01-31,ETFC,0.050614716680236996
2011-01-31,FDO,0.050614716680236996
2011-01-31,FE,-0.050614716680236996
2011-01-31,FMC,0.050614716680236996
2011-01-31,GILD,-0.050614716680236996
2011-01-31,GIS,-0.050614716680236996
2011-01-31,HAS,0.050614716680236996
2011-01-31,HRB,-0.050614716680236996
2011-01-31,HRL,0.050614716680236996
2011-01-31,INTU,0.050614716680236996
2011-01-31,ISRG,-0.050614716680236996
2011-01-31,K,-0.050614716680236996
2011-01-31,LDOS,-0.050614716680236996
2011-01-31,LLL,-0.050614716680236996
2011-01-31,MJN,0.050614716680236996
2011-01-31,MKC,0.050614716680236996
2011-01-31,NRG,-0.050614716680236996
2011-01-31,NTAP,0.050614716680236996
2011-01-31,ORLY,0.050614716680236996
2011-01-31,PBCT,-0.050614716680236996
2011-01-31,PCS,0.050614716680236996
2011-01-31,PHM,-0.050614716680236996
2011-01-31,PPL,-0.050614716680236996
2011-01-31,PXD,0.050614716680236996
2011-01-31,QWST,0.050614716680236996
2011-01-31,RAI,-0.050614716680236996
2011-01-31,RHT,0.050614716680236996
2011-01-31,RTN1,-0.050614716680236996
2011-01-31,SRCL,0.050614716680236996
2011-01-31,SUN,0.050614716680236996
2011-01-31,SVU,-0.050614716680236996
2011-01-31,SWN,-0.050614716680236996
2011-01-31,UNP,0.050614716680236996
2011-01-31,VISA,-0.050614716680236996
2011-01-31,WY,-0.050614716680236996
2011-02-28,AAPL*,0.05540689792363327
2011-02-28,ABT,-0.05540689792363327
2011-02-28,AKAM,0.05540689792363327
2011-02-28,APOL,-0.05540689792363327
2011-02-28,AZO,0.05540689792363327
2011-02-28,CAG,-0.05540689792363327
2011-02-28,CAT,0.05540689792363327
2011-02-28,CEPH,-0.05540689792363327
2011-02-28,CL,-0.05540689792363327
2011-02-28,CMI,0.05540689792363327
2011-02-28,CRM,0.05540689792363327
2011-02-28,CTSH,0.05540689792363327
2011-02-28,DD,0.05540689792363327
2011-02-28,DE,0.05540689792363327
2011-02-28,DHR,-0.05540689792363327
2011-02-28,DOFSQ,-0.05540689792363327
2011-02-28,EMC,0.05540689792363327
2011-02-28,EP,0.05540689792363327
2011-02-28,EQR,0.05540689792363327
2011-02-28,ESRX,-0.05540689792363327
2011-02-28,ETFC,0.05540689792363327
2011-02-28,GILD,-0.05540689792363327
2011-02-28,GIS,-0.05540689792363327
2011-02-28,HCBK,-0.05540689792363327
2011-02-28,HRB,-0.05540689792363327
2011-02-28,LDOS,-0.05540689792363327
2011-02-28,MRK,-0.05540689792363327
2011-02-28,NTAP,0.05540689792363327
2011-02-28,NVLS,0.05540689792363327
2011-02-28,PBCT,-0.05540689792363327
2011-02-28,PCS,0.05540689792363327
2011-02-28,PHM,-0.05540689792363327
2011-02-28,PPL,-0.05540689792363327
2011-02-28,PXD,0.05540689792363327
2011-02-28,QWST,0.05540689792363327
2011-02-28,RAI,-0.05540689792363327
2011-02-28,RSHCQ,-0.05540689792363327
2011-02-28,RTN1,-0.05540689792363327
2011-02-28,SRCL,0.05540689792363327
2011-02-28,SUN,0.05540689792363327
2011-02-28,SVU,-0.05540689792363327
2011-02-28,SWY,-0.05540689792363327
2011-02-28,UNP,0.05540689792363327
2011-02-28,VISA,-0.05540689792363327
2011-02-28,VRSN,0.05540689792363327
2011-02-28,WPI,0.05540689792363327
2011-02-28,WY,-0.05540689792363327
2011-02-28,WYNN,0.05540689792363327
2011-03-31,AAPL*,0.05994074091149784
2011-03-31,ADI,0.05994074091149784
2011-03-31,AKS,-0.05994074091149784
2011-03-31,ALTR,0.05994074091149784
2011-03-31,AMGN,-0.05994074091149784
2011-03-31,AN,0.05994074091149784
2011-03-31,AZO,0.05994074091149784
2011-03-31,BLL,-0.05994074091149784
2011-03-31,CAT,0.05994074091149784
2011-03-31,CEPH,-0.05994074091149784
2011-03-31,CRM,0.05994074091149784
2011-03-31,CSCO,-0.05994074091149784
2011-03-31,CTSH,0.05994074091149784
2011-03-31,DHR,-0.05994074091149784
2011-03-31,EMC,0.05994074091149784
2011-03-31,EP,0.05994074091149784
2011-03-31,EQR,0.05994074091149784
2011-03-31,ESRX,-0.05994074091149784
2011-03-31,ETFC,0.05994074091149784
2011-03-31,ETR,-0.05994074091149784
2011-03-31,FCX*,-0.05994074091149784
2011-03-31,GIS,-0.05994074091149784
2011-03-31,GNW,-0.05994074091149784
2011-03-31,HCBK,-0.05994074091149784
2011-03-31,HP,0.05994074091149784
2011-03-31,HPQ,-0.05994074091149784
2011-03-31,HRL,-0.05994074091149784
2011-03-31,INTU,0.05994074091149784
2011-03-31,MRK,-0.05994074091149784
2011-03-31,NOV,0.05994074091149784
2011-03-31,NVLS,0.05994074091149784
2011-03-31,PBCT,-0.05994074091149784
2011-03-31,PCS,0.05994074091149784
2011-03-31,PHM,-0.05994074091149784
2011-03-31,PXD,0.05994074091149784
2011-03-31,RAI,-0.05994074091149784
2011-03-31,ROP,0.05994074091149784
2011-03-31,RSHCQ,-0.05994074091149784
2011-03-31,SRCL,0.05994074091149784
2011-03-31,SVU,-0.05994074091149784
2011-03-31,TDC,0.05994074091149784
2011-03-31,TLAB,-0.05994074091149784
2011-03-31,VISA,-0.05994074091149784
2011-03-31,VRSN,0.05994074091149784
2011-03-31,WDC,-0.05994074091149784
2011-03-31,WFM,0.05994074091149784
2011-03-31,WPI,0.05994074091149784
2011-03-31,WY,-0.05994074091149784
2011-04-30,ALTR,0.06536599834591852
2011-04-30,AN,0.06536599834591852
2011-04-30,AZO,0.06536599834591852
2011-04-30,BAC,-0.06536599834591852
2011-04-30,BBY,-0.06536599834591852
2011-04-30,BLL,-0.06536599834591852
2011-04-30,CAT,0.06536599834591852
2011-04-30,CPB,-0.06536599834591852
2011-04-30,CRM,0.06536599834591852
2011-04-30,CSCO,-0.06536599834591852
2011-04-30,CTSH,0.06536599834591852
2011-04-30,DC7,0.06536599834591852
2011-04-30,DE,0.06536599834591852
2011-04-30,DHR,-0.06536599834591852
2011-04-30,EMC,0.06536599834591852
2011-04-30,ESRX,-0.06536599834591852
2011-04-30,ETFC,0.06536599834591852
2011-04-30,ETN,-0.06536599834591852
2011-04-30,ETR,-0.06536599834591852
2011-04-30,GIS,-0.06536599834591852
2011-04-30,HCBK,-0.06536599834591852
2011-04-30,HP,0.06536599834591852
2011-04-30,HPQ,-0.06536599834591852
2011-04-30,HRL,-0.06536599834591852
2011-04-30,HUM,0.06536599834591852
2011-04-30,IGT,-0.06536599834591852
2011-04-30,INTU,0.06536599834591852
2011-04-30,MRO,0.06536599834591852
2011-04-30,NOV,0.06536599834591852
2011-04-30,PBCT,-0.06536599834591852
2011-04-30,PCS,0.06536599834591852
2011-04-30,PHM,-0.06536599834591852
2011-04-30,PXD,0.06536599834591852
2011-04-30,RAI,-0.06536599834591852
2011-04-30,RHT,0.06536599834591852
2011-04-30,RSHCQ,-0.06536599834591852
2011-04-30,RTN1,-0.06536599834591852
2011-04-30,SRCL,0.06536599834591852
2011-04-30,SVU,-0.06536599834591852
2011-04-30,TDC,0.06536599834591852
2011-04-30,TLAB,-0.06536599834591852
2011-04-30,TSO,0.06536599834591852
2011-04-30,UNH,0.06536599834591852
2011-04-30,VISA,-0.06536599834591852
2011-04-30,VRSN,0.06536599834591852
2011-04-30,WEC,-0.06536599834591852
2011-04-30,WFM,0.06536599834591852
2011-04-30,WY,-0.06536599834591852
2011-05-31,ALTR,0.07126070255928774
2011-05-31,APOL,-0.07126070255928774
2011-05-31,AZO,0.07126070255928774
2011-05-31,BAC,-0.07126070255928774
2011-05-31,BBY,-0.07126070255928774
2011-05-31,BIIB,0.07126070255928774
2011-05-31,BLL,-0.07126070255928774
2011-05-31,CAT,0.07126070255928774
2011-05-31,CB,0.07126070255928774
2011-05-31,CPB,-0.07126070255928774
2011-05-31,CSCO,-0.07126070255928774
2011-05-31,CTSH,0.07126070255928774
2011-05-31,DC7,0.07126070255928774
2011-05-31,DHR,-0.07126070255928774
2011-05-31,EMC,0.07126070255928774
2011-05-31,EP,0.07126070255928774
2011-05-31,ES,0.07126070255928774
2011-05-31,ESRX,-0.07126070255928774
2011-05-31,ETFC,0.07126070255928774
2011-05-31,ETN,-0.07126070255928774
2011-05-31,ETR,-0.07126070255928774
2011-05-31,FCX*,-0.07126070255928774
2011-05-31,FTI,-0.07126070255928774
2011-05-31,GIS,-0.07126070255928774
2011-05-31,GNW,-0.07126070255928774
2011-05-31,HAL,0.07126070255928774
2011-05-31,HCBK,-0.07126070255928774
2011-05-31,HP,0.07126070255928774
2011-05-31,HRL,-0.07126070255928774
2011-05-31,HUM,0.07126070255928774
2011-05-31,OKE,0.07126070255928774
2011-05-31,PCLN,0.07126070255928774
2011-05-31,PCS,0.07126070255928774
2011-05-31,PHM,-0.07126070255928774
2011-05-31,PM,0.07126070255928774
2011-05-31,PXD,0.07126070255928774
2011-05-31,RAI,-0.07126070255928774
2011-05-31,RSHCQ,-0.07126070255928774
2011-05-31,SRCL,0.07126070255928774
2011-05-31,TDC,0.07126070255928774
2011-05-31,TGT,-0.07126070255928774
2011-05-31,TLAB,-0.07126070255928774
2011-05-31,TSO,0.07126070255928774
2011-05-31,UNH,0.07126070255928774
2011-05-31,UNP,0.07126070255928774
2011-05-31,WEC,-0.07126070255928774
2011-05-31,WHR,-0.07126070255928774
2011-05-31,WY,-0.07126070255928774
2011-06-30,AIG*,-0.06657233861114761
2011-06-30,AKAM,-0.06657233861114761
2011-06-30,ALTR,0.06657233861114761
2011-06-30,ANF,0.06657233861114761
2011-06-30,BAC,-0.06657233861114761
2011-06-30,BCR,0.06657233861114761
2011-06-30,BLL,-0.06657233861114761
2011-06-30,CB,0.06657233861114761
2011-06-30,CBS,0.06657233861114761
2011-06-30,CF,0.06657233861114761
2011-06-30,CPB,-0.06657233861114761
2011-06-30,CSC,-0.06657233861114761
2011-06-30,CSCO,-0.06657233861114761
2011-06-30,CVH,0.06657233861114761
2011-06-30,DC7,0.06657233861114761
2011-06-30,EMN,0.06657233861114761
2011-06-30,EP,0.06657233861114761
2011-06-30,EQR,0.06657233861114761
2011-06-30,ES,0.06657233861114761
2011-06-30,ETN,-0.06657233861114761
2011-06-30,ETR,-0.06657233861114761
2011-06-30,FAST,-0.06657233861114761
2011-06-30,FCX*,-0.06657233861114761
2011-06-30,FTI,-0.06657233861114761
2011-06-30,GNW,-0.06657233861114761
2011-06-30,HAL,0.06657233861114761
2011-06-30,HCBK,-0.06657233861114761
2011-06-30,HPQ,-0.06657233861114761
2011-06-30,HRL,-0.06657233861114761
2011-06-30,HUM,0.06657233861114761
2011-06-30,IFF,0.06657233861114761
2011-06-30,MCO,0.06657233861114761
2011-06-30,NBL,0.06657233861114761
2011-06-30,NEM,-0.06657233861114761
2011-06-30,OKE,0.06657233861114761
2011-06-30,PCLN,0.06657233861114761
2011-06-30,PCS,0.06657233861114761
2011-06-30,PM,0.06657233861114761
2011-06-30,RAI,-0.06657233861114761
2011-06-30,RSHCQ,-0.06657233861114761
2011-06-30,SPLS,-0.06657233861114761
2011-06-30,TDC,0.06657233861114761
2011-06-30,TLAB,-0.06657233861114761
2011-06-30,UNH,0.06657233861114761
2011-06-30,UNP,0.06657233861114761
2011-06-30,URBN,-0.06657233861114761
2011-06-30,WEC,-0.06657233861114761
2011-06-30,WY,-0.06657233861114761
2011-07-31,A,0.0687075969239596
2011-07-31,AKAM,-0.0687075969239596
2011-07-31,AMZN,0.0687075969239596
2011-07-31,ANTM,0.0687075969239596
2011-07-31,BAC,-0.0687075969239596
2011-07-31,BCR,0.0687075969239596
2011-07-31,BLL,-0.0687075969239596
2011-07-31,BMC,0.0687075969239596
2011-07-31,CBS,0.0687075969239596
2011-07-31,CERN,-0.0687075969239596
2011-07-31,CI,0.0687075969239596
2011-07-31,COG,0.0687075969239596
2011-07-31,CSCO,-0.0687075969239596
2011-07-31,CSX,-0.0687075969239596
2011-07-31,CVH,0.0687075969239596
2011-07-31,DC7,0.0687075969239596
2011-07-31,ETN,-0.0687075969239596
2011-07-31,ETR,-0.0687075969239596
2011-07-31,FAST,-0.0687075969239596
2011-07-31,FCX*,-0.0687075969239596
2011-07-31,FHN,-0.0687075969239596
2011-07-31,FTI,-0.0687075969239596
2011-07-31,GNW,-0.0687075969239596
2011-07-31,HCBK,-0.0687075969239596
2011-07-31,HPQ,-0.0687075969239596
2011-07-31,HRL,-0.0687075969239596
2011-07-31,HUM,0.0687075969239596
2011-07-31,IFF,0.0687075969239596
2011-07-31,LSI,0.0687075969239596
2011-07-31,LXK,-0.0687075969239596
2011-07-31,MS,-0.0687075969239596
2011-07-31,NOV,0.0687075969239596
2011-07-31,OKE,0.0687075969239596
2011-07-31,PCLN,0.0687075969239596
2011-07-31,PCS,0.0687075969239596
2011-07-31,RAI,-0.0687075969239596
2011-07-31,SPLS,-0.0687075969239596
2011-07-31,SYMC,0.0687075969239596
2011-07-31,TDC,0.0687075969239596
2011-07-31,TGT,-0.0687075969239596
2011-07-31,TIF,0.0687075969239596
2011-07-31,TLAB,-0.0687075969239596
2011-07-31,UNH,0.0687075969239596
2011-07-31,UNP,0.0687075969239596
2011-07-31,VIAB,0.0687075969239596
2011-07-31,VMC,-0.0687075969239596
2011-07-31,WEC,-0.0687075969239596
2011-07-31,WPI,0.0687075969239596
2011-08-31,AKAM,-0.07226705590524968
2011-08-31,AMZN,0.07226705590524968
2011-08-31,AVP,-0.07226705590524968
2011-08-31,BAC,-0.07226705590524968
2011-08-31,BLL,-0.07226705590524968
2011-08-31,BRKB,-0.07226705590524968
2011-08-31,CBS,0.07226705590524968
2011-08-31,CI,0.07226705590524968
2011-08-31,COG,0.07226705590524968
2011-08-31,CPB,-0.07226705590524968
2011-08-31,CSCO,-0.07226705590524968
2011-08-31,CSX,-0.07226705590524968
2011-08-31,DC7,0.07226705590524968
2011-08-31,EL,0.07226705590524968
2011-08-31,EP,0.07226705590524968
2011-08-31,EQR,0.07226705590524968
2011-08-31,EQT,0.07226705590524968
2011-08-31,ETN,-0.07226705590524968
2011-08-31,ETR,-0.07226705590524968
2011-08-31,FAST,-0.07226705590524968
2011-08-31,FCX*,-0.07226705590524968
2011-08-31,FTI,-0.07226705590524968
2011-08-31,GNW,-0.07226705590524968
2011-08-31,HAL,0.07226705590524968
2011-08-31,HCBK,-0.07226705590524968
2011-08-31,HP,0.07226705590524968
2011-08-31,HRL,-0.07226705590524968
2011-08-31,IBM,0.07226705590524968
2011-08-31,LSI,0.07226705590524968
2011-08-31,MS,-0.07226705590524968
2011-08-31,NEM,-0.07226705590524968
2011-08-31,NOV,0.07226705590524968
2011-08-31,OKE,0.07226705590524968
2011-08-31,PCG,-0.07226705590524968
2011-08-31,PCS,0.07226705590524968
2011-08-31,RAI,-0.07226705590524968
2011-08-31,RRC,0.07226705590524968
2011-08-31,SBUX,0.07226705590524968
2011-08-31,SPG,0.07226705590524968
2011-08-31,TIF,0.07226705590524968
2011-08-31,TLAB,-0.07226705590524968
2011-08-31,TMK,-0.07226705590524968
2011-08-31,UNH,0.07226705590524968
2011-08-31,WEC,-0.07226705590524968
2011-08-31,WFM,0.07226705590524968
2011-08-31,WFR,-0.07226705590524968
2011-08-31,WMB,0.07226705590524968
2011-08-31,WPI,0.07226705590524968
2011-09-30,AKAM,-0.07556663782964426
2011-09-30,AN,0.07556663782964426
2011-09-30,AVB,0.07556663782964426
2011-09-30,AVP,-0.07556663782964426
2011-09-30,BAC,-0.07556663782964426
2011-09-30,BLL,-0.07556663782964426
2011-09-30,CERN,-0.07556663782964426
2011-09-30,CF,0.07556663782964426
2011-09-30,COG,0.07556663782964426
2011-09-30,CPB,-0.07556663782964426
2011-09-30,CSCO,-0.07556663782964426
2011-09-30,CSX,-0.07556663782964426
2011-09-30,CVH,0.07556663782964426
2011-09-30,DC7,0.07556663782964426
2011-09-30,EL,0.07556663782964426
2011-09-30,EQR,0.07556663782964426
2011-09-30,EQT,0.07556663782964426
2011-09-30,ETN,-0.07556663782964426
2011-09-30,ETR,-0.07556663782964426
2011-09-30,FAST,-0.07556663782964426
2011-09-30,FCX*,-0.07556663782964426
2011-09-30,FTI,-0.07556663782964426
2011-09-30,GNW,-0.07556663782964426
2011-09-30,GPC,0.07556663782964426
2011-09-30,HCBK,-0.07556663782964426
2011-09-30,HPQ,-0.07556663782964426
2011-09-30,HRL,-0.07556663782964426
2011-09-30,HUM,0.07556663782964426
2011-09-30,KO,0.07556663782964426
2011-09-30,LUV,-0.07556663782964426
2011-09-30,MA,0.07556663782964426
2011-09-30,MCD,0.07556663782964426
2011-09-30,MS,-0.07556663782964426
2011-09-30,NI,0.07556663782964426
2011-09-30,OKE,0.07556663782964426
2011-09-30,PCLN,0.07556663782964426
2011-09-30,PSA,0.07556663782964426
2011-09-30,RAI,-0.07556663782964426
2011-09-30,RRC,0.07556663782964426
2011-09-30,SBUX,0.07556663782964426
2011-09-30,SPG,0.07556663782964426
2011-09-30,TLAB,-0.07556663782964426
2011-09-30,TMK,-0.07556663782964426
2011-09-30,WEC,-0.07556663782964426
2011-09-30,WFM,0.07556663782964426
2011-09-30,WFR,-0.07556663782964426
2011-09-30,WPI,0.07556663782964426
2011-09-30,WYNN,0.07556663782964426
2011-10-31,AAPL*,0.08209939571767653
2011-10-31,AKAM,-0.08209939571767653
2011-10-31,AMZN,0.08209939571767653
2011-10-31,AVP,-0.08209939571767653
2011-10-31,AZO,0.08209939571767653
2011-10-31,BBY,-0.08209939571767653
2011-10-31,BLL,-0.08209939571767653
2011-10-31,CERN,-0.08209939571767653
2011-10-31,COG,0.08209939571767653
2011-10-31,COST,0.08209939571767653
2011-10-31,CSX,-0.08209939571767653
2011-10-31,D,0.08209939571767653
2011-10-31,ED,0.08209939571767653
2011-10-31,EQT,0.08209939571767653
2011-10-31,ETN,-0.08209939571767653
2011-10-31,FAST,-0.08209939571767653
2011-10-31,FCX*,-0.08209939571767653
2011-10-31,FTI,-0.08209939571767653
2011-10-31,GNW,-0.08209939571767653
2011-10-31,GS,-0.08209939571767653
2011-10-31,HAS,-0.08209939571767653
2011-10-31,HCBK,-0.08209939571767653
2011-10-31,HPQ,-0.08209939571767653
2011-10-31,HRL,-0.08209939571767653
2011-10-31,HSP,-0.08209939571767653
2011-10-31,IBM,0.08209939571767653
2011-10-31,IRM,0.08209939571767653
2011-10-31,LUV,-0.08209939571767653
2011-10-31,MA,0.08209939571767653
2011-10-31,NI,0.08209939571767653
2011-10-31,NWL,-0.08209939571767653
2011-10-31,OKE,0.08209939571767653
2011-10-31,PGN,0.08209939571767653
2011-10-31,RAI,-0.08209939571767653
2011-10-31,ROST,0.08209939571767653
2011-10-31,RRC,0.08209939571767653
2011-10-31,SBUX,0.08209939571767653
2011-10-31,SO,0.08209939571767653
2011-10-31,TDC,0.08209939571767653
2011-10-31,TJX,0.08209939571767653
2011-10-31,TMK,-0.08209939571767653
2011-10-31,UNH,0.08209939571767653
2011-10-31,VFC,0.08209939571767653
2011-10-31,WEC,-0.08209939571767653
2011-10-31,WFM,0.08209939571767653
2011-10-31,WFR,-0.08209939571767653
2011-10-31,WPI,0.08209939571767653
2011-10-31,XRX,-0.08209939571767653
2011-11-30,AVP,-0.08565518912032505
2011-11-30,BBBY,0.08565518912032505
2011-11-30,BBY,-0.08565518912032505
2011-11-30,BIIB,0.08565518912032505
2011-11-30,BLL,-0.08565518912032505
2011-11-30,BMY,0.08565518912032505
2011-11-30,CEG,0.08565518912032505
2011-11-30,CERN,-0.08565518912032505
2011-11-30,CNP,0.08565518912032505
2011-11-30,COG,0.08565518912032505
2011-11-30,CSX,-0.08565518912032505
2011-11-30,D,0.08565518912032505
2011-11-30,DUK,0.08565518912032505
2011-11-30,ED,0.08565518912032505
2011-11-30,EMN,-0.08565518912032505
2011-11-30,ETN,-0.08565518912032505
2011-11-30,FAST,-0.08565518912032505
2011-11-30,FCX*,-0.08565518912032505
2011-11-30,FSLR,-0.08565518912032505
2011-11-30,FTI,-0.08565518912032505
2011-11-30,FTR,-0.08565518912032505
2011-11-30,GNW,-0.08565518912032505
2011-11-30,HCBK,-0.08565518912032505
2011-11-30,HPQ,-0.08565518912032505
2011-11-30,HRL,-0.08565518912032505
2011-11-30,HSP,-0.08565518912032505
2011-11-30,HUM,0.08565518912032505
2011-11-30,IBM,0.08565518912032505
2011-11-30,ISRG,0.08565518912032505
2011-11-30,LUV,-0.08565518912032505
2011-11-30,MA,0.08565518912032505
2011-11-30,NI,0.08565518912032505
2011-11-30,OKE,0.08565518912032505
2011-11-30,PGN,0.08565518912032505
2011-11-30,RRC,0.08565518912032505
2011-11-30,SBUX,0.08565518912032505
2011-11-30,SO,0.08565518912032505
2011-11-30,SPLS,-0.08565518912032505
2011-11-30,TDC,0.08565518912032505
2011-11-30,TJX,0.08565518912032505
2011-11-30,TLAB,-0.08565518912032505
2011-11-30,TMK,-0.08565518912032505
2011-11-30,VFC,0.08565518912032505
2011-11-30,WEC,-0.08565518912032505
2011-11-30,WFM,0.08565518912032505
2011-11-30,WFR,-0.08565518912032505
2011-11-30,WPI,0.08565518912032505
2011-11-30,XRX,-0.08565518912032505
2011-12-31,AVP,-0.09145379930276244
2011-12-31,AVY,-0.09145379930276244
2011-12-31,BAC,-0.09145379930276244
2011-12-31,BLL,-0.09145379930276244
2011-12-31,BMY,0.09145379930276244
2011-12-31,CERN,-0.09145379930276244
2011-12-31,CNP,0.09145379930276244
2011-12-31,COG,0.09145379930276244
2011-12-31,CSX,-0.09145379930276244
2011-12-31,CVC,-0.09145379930276244
2011-12-31,D,0.09145379930276244
2011-12-31,DTE,0.09145379930276244
2011-12-31,DUK,0.09145379930276244
2011-12-31,ED,0.09145379930276244
2011-12-31,EMN,-0.09145379930276244
2011-12-31,ETN,-0.09145379930276244
2011-12-31,FAST,-0.09145379930276244
2011-12-31,FTI,-0.09145379930276244
2011-12-31,FTR,-0.09145379930276244
2011-12-31,GNW,-0.09145379930276244
2011-12-31,GS,-0.09145379930276244
2011-12-31,HCBK,-0.09145379930276244
2011-12-31,HRL,-0.09145379930276244
2011-12-31,HSP,-0.09145379930276244
2011-12-31,HUM,0.09145379930276244
2011-12-31,IBM,0.09145379930276244
2011-12-31,ISRG,0.09145379930276244
2011-12-31,LIFE,-0.09145379930276244
2011-12-31,LUV,-0.09145379930276244
2011-12-31,MA,0.09145379930276244
2011-12-31,MCD,0.09145379930276244
2011-12-31,NI,0.09145379930276244
2011-12-31,OKE,0.09145379930276244
2011-12-31,PCG,-0.09145379930276244
2011-12-31,PGN,0.09145379930276244
2011-12-31,ROST,0.09145379930276244
2011-12-31,RRC,0.09145379930276244
2011-12-31,SBUX,0.09145379930276244
2011-12-31,SEE,-0.09145379930276244
2011-12-31,SO,0.09145379930276244
2011-12-31,TJX,0.09145379930276244
2011-12-31,TMK,-0.09145379930276244
2011-12-31,UNH,0.09145379930276244
2011-12-31,VFC,0.09145379930276244
2011-12-31,VISA,0.09145379930276244
2011-12-31,WEC,-0.09145379930276244
2011-12-31,WHR,-0.09145379930276244
2011-12-31,XEL,0.09145379930276244
2012-01-31,ABT,0.03401168527222318
2012-01-31,AVP,-0.03401168527222319
2012-01-31,AZO,0.03401168527222318
2012-01-31,BAC,-0.034011685272223174
2012-01-31,BLL,-0.034011685272223174
2012-01-31,BMY,0.03401168527222319
2012-01-31,CERN,-0.03401168527222319
2012-01-31,COG,0.034011685272223174
2012-01-31,CSC,-0.03401168527222318
2012-01-31,CSX,-0.034011685272223174
2012-01-31,CVC,-0.03401168527222319
2012-01-31,D,0.03401168527222319
2012-01-31,DTE,0.034011685272223174
2012-01-31,DUK,0.034011685272223174
2012-01-31,ED,0.03401168527222319
2012-01-31,EMN,-0.034011685272223174
2012-01-31,ETN,-0.034011685272223174
2012-01-31,FHI,-0.03401168527222318
2012-01-31,FSLR,-0.03401168527222318
2012-01-31,FTI,-0.03401168527222319
2012-01-31,FTR,-0.034011685272223174
2012-01-31,GNW,-0.034011685272223174
2012-01-31,GS,-0.034011685272223174
2012-01-31,GWW,0.03401168527222318
2012-01-31,HRL,-0.03401168527222319
2012-01-31,HSP,-0.034011685272223174
2012-01-31,HSY,0.03401168527222318
2012-01-31,HUM,0.03401168527222319
2012-01-31,LIFE,-0.034011685272223174
2012-01-31,MA,0.034011685272223174
2012-01-31,MCD,0.034011685272223174
2012-01-31,MO,0.03401168527222318
2012-01-31,NI,0.034011685272223174
2012-01-31,OKE,0.03401168527222319
2012-01-31,ORLY,0.03401168527222318
2012-01-31,PGN,0.034011685272223174
2012-01-31,ROST,-0.034011685272223174
2012-01-31,SBUX,0.03401168527222319
2012-01-31,SEE,-0.034011685272223174
2012-01-31,SO,0.03401168527222319
2012-01-31,STI,-0.03401168527222318
2012-01-31,SWG,-0.03401168527222318
2012-01-31,TJX,0.034011685272223174
2012-01-31,VFC,0.034011685272223174
2012-01-31,VISA,0.03401168527222319
2012-01-31,WEC,-0.034011685272223174
2012-01-31,WHR,-0.034011685272223174
2012-01-31,XEL,0.03401168527222319
2012-02-29,AMGN,0.03956722062092056
2012-02-29,ARG,0.03956722062092056
2012-02-29,AVP,-0.03956722062092056
2012-02-29,AZO,0.03956722062092056
2012-02-29,BIIB,0.03956722062092056
2012-02-29,BK,-0.03956722062092056
2012-02-29,BMY,0.03956722062092056
2012-02-29,CCL,-0.03956722062092056
2012-02-29,CELG,0.03956722062092056
2012-02-29,CERN,-0.03956722062092056
2012-02-29,CSX,-0.03956722062092056
2012-02-29,CVC,-0.03956722062092056
2012-02-29,DUK,0.03956722062092056
2012-02-29,ED,0.03956722062092056
2012-02-29,EL,-0.03956722062092056
2012-02-29,ETN,-0.03956722062092056
2012-02-29,EXPE,0.03956722062092056
2012-02-29,FAST,-0.03956722062092056
2012-02-29,FSLR,-0.03956722062092056
2012-02-29,FTI,-0.03956722062092056
2012-02-29,FTR,-0.03956722062092056
2012-02-29,GLW,-0.03956722062092056
2012-02-29,GWW,0.03956722062092056
2012-02-29,HES,-0.03956722062092056
2012-02-29,IBM,0.03956722062092056
2012-02-29,ISRG,0.03956722062092056
2012-02-29,KFT,0.03956722062092056
2012-02-29,LM,-0.03956722062092056
2012-02-29,MA,0.03956722062092056
2012-02-29,MCD,0.03956722062092056
2012-02-29,MHFI,0.03956722062092056
2012-02-29,MX4A,-0.03956722062092056
2012-02-29,NFX,-0.03956722062092056
2012-02-29,NI,0.03956722062092056
2012-02-29,ORLY,0.03956722062092056
2012-02-29,PBI,-0.03956722062092056
2012-02-29,PGN,0.03956722062092056
2012-02-29,ROST,-0.03956722062092056
2012-02-29,S,-0.03956722062092056
2012-02-29,SBUX,0.03956722062092056
2012-02-29,SO,0.03956722062092056
2012-02-29,SWG,-0.03956722062092056
2012-02-29,TJX,0.03956722062092056
2012-02-29,TMK,-0.03956722062092056
2012-02-29,VFC,0.03956722062092056
2012-02-29,VISA,0.03956722062092056
2012-02-29,WAG,-0.03956722062092056
2012-02-29,WEC,-0.03956722062092056
2012-03-31,AA,-0.03812585774297804
2012-03-31,AAPL*,0.03812585774297804
2012-03-31,AG4,0.03812585774297804
2012-03-31,AVP,-0.03812585774297804
2012-03-31,AZO,0.03812585774297804
2012-03-31,BFB,0.03812585774297804
2012-03-31,BTU,-0.03812585774297804
2012-03-31,CELG,0.03812585774297804
2012-03-31,CERN,-0.03812585774297804
2012-03-31,CSX,-0.03812585774297804
2012-03-31,CVC,-0.03812585774297804
2012-03-31,CVS,0.03812585774297804
2012-03-31,DUK,0.03812585774297804
2012-03-31,EL,-0.03812585774297804
2012-03-31,EMN,-0.03812585774297804
2012-03-31,EXPE,0.03812585774297804
2012-03-31,FSLR,-0.03812585774297804
2012-03-31,FTI,-0.03812585774297804
2012-03-31,FTR,-0.03812585774297804
2012-03-31,GLW,-0.03812585774297804
2012-03-31,GWW,0.03812585774297804
2012-03-31,HSP,-0.03812585774297804
2012-03-31,IBM,0.03812585774297804
2012-03-31,ISRG,0.03812585774297804
2012-03-31,KFT,0.03812585774297804
2012-03-31,LDOS,-0.03812585774297804
2012-03-31,LM,-0.03812585774297804
2012-03-31,LUV,-0.03812585774297804
2012-03-31,M,0.03812585774297804
2012-03-31,MA,0.03812585774297804
2012-03-31,MAT,0.03812585774297804
2012-03-31,MCD,0.03812585774297804
2012-03-31,MHFI,0.03812585774297804
2012-03-31,NFX,-0.03812585774297804
2012-03-31,NI,0.03812585774297804
2012-03-31,NKE,0.03812585774297804
2012-03-31,ORLY,0.03812585774297804
2012-03-31,PBI,-0.03812585774297804
2012-03-31,ROST,-0.03812585774297804
2012-03-31,S,-0.03812585774297804
2012-03-31,SO,0.03812585774297804
2012-03-31,TJX,-0.03812585774297804
2012-03-31,TMK,-0.03812585774297804
2012-03-31,USX1,-0.03812585774297804
2012-03-31,VFC,0.03812585774297804
2012-03-31,VISA,0.03812585774297804
2012-03-31,WAG,-0.03812585774297804
2012-03-31,YUM,0.03812585774297804
2012-04-30,AA,-0.05395485304182419
2012-04-30,AAPL*,0.05395485304182419
2012-04-30,AMT,0.05395485304182419
2012-04-30,ARG,0.05395485304182419
2012-04-30,AVP,-0.05395485304182419
2012-04-30,AZO,0.05395485304182419
2012-04-30,BTU,-0.05395485304182419
2012-04-30,CELG,0.05395485304182419
2012-04-30,CERN,-0.05395485304182419
2012-04-30,CHRW,-0.05395485304182419
2012-04-30,CMG,0.05395485304182419
2012-04-30,CSX,-0.05395485304182419
2012-04-30,CVC,-0.05395485304182419
2012-04-30,EL,-0.05395485304182419
2012-04-30,EMN,-0.05395485304182419
2012-04-30,FLIR,-0.05395485304182419
2012-04-30,FSLR,-0.05395485304182419
2012-04-30,FTR,-0.05395485304182419
2012-04-30,GLW,-0.05395485304182419
2012-04-30,GWW,0.05395485304182419
2012-04-30,HD,0.05395485304182419
2012-04-30,HPQ,-0.05395485304182419
2012-04-30,IBM,0.05395485304182419
2012-04-30,ISRG,0.05395485304182419
2012-04-30,LM,-0.05395485304182419
2012-04-30,LUV,-0.05395485304182419
2012-04-30,M,0.05395485304182419
2012-04-30,MA,0.05395485304182419
2012-04-30,MCD,0.05395485304182419
2012-04-30,MHFI,0.05395485304182419
2012-04-30,NFX,-0.05395485304182419
2012-04-30,NI,0.05395485304182419
2012-04-30,NKE,0.05395485304182419
2012-04-30,NRG,-0.05395485304182419
2012-04-30,ORLY,0.05395485304182419
2012-04-30,PBI,-0.05395485304182419
2012-04-30,ROST,-0.05395485304182419
2012-04-30,SBUX,0.05395485304182419
2012-04-30,SHW,0.05395485304182419
2012-04-30,SO,0.05395485304182419
2012-04-30,TIE,-0.05395485304182419
2012-04-30,TJX,-0.05395485304182419
2012-04-30,TMK,-0.05395485304182419
2012-04-30,VFC,0.05395485304182419
2012-04-30,VISA,0.05395485304182419
2012-04-30,WAG,-0.05395485304182419
2012-04-30,WFM,0.05395485304182419
2012-04-30,YUM,0.05395485304182419
2012-05-31,AA,-0.04920794686897831
2012-05-31,AAPL*,0.04920794686897831
2012-05-31,AG4,0.04920794686897831
2012-05-31,ARG,0.04920794686897831
2012-05-31,AZO,0.04920794686897831
2012-05-31,BBY,-0.04920794686897831
2012-05-31,BFB,0.04920794686897831
2012-05-31,CERN,-0.04920794686897831
2012-05-31,CHRW,-0.04920794686897831
2012-05-31,CMG,0.04920794686897831
2012-05-31,CSX,-0.04920794686897831
2012-05-31,CVC,-0.04920794686897831
2012-05-31,EL,-0.04920794686897831
2012-05-31,EMN,-0.04920794686897831
2012-05-31,FLIR,-0.04920794686897831
2012-05-31,FSLR,-0.04920794686897831
2012-05-31,FTR,-0.04920794686897831
2012-05-31,GWW,0.04920794686897831
2012-05-31,HD,0.04920794686897831
2012-05-31,HSP,-0.04920794686897831
2012-05-31,IBM,0.04920794686897831
2012-05-31,ISRG,0.04920794686897831
2012-05-31,LDOS,-0.04920794686897831
2012-05-31,LUV,-0.04920794686897831
2012-05-31,MA,0.04920794686897831
2012-05-31,MCD,0.04920794686897831
2012-05-31,MHFI,0.04920794686897831
2012-05-31,NFX,-0.04920794686897831
2012-05-31,NI,0.04920794686897831
2012-05-31,NKE,0.04920794686897831
2012-05-31,NRG,-0.04920794686897831
2012-05-31,ORLY,0.04920794686897831
2012-05-31,PBI,-0.04920794686897831
2012-05-31,PCS,-0.04920794686897831
2012-05-31,ROST,-0.04920794686897831
2012-05-31,S,-0.04920794686897831
2012-05-31,SBUX,0.04920794686897831
2012-05-31,SCG,0.04920794686897831
2012-05-31,SHW,0.04920794686897831
2012-05-31,TJX,-0.04920794686897831
2012-05-31,TMK,-0.04920794686897831
2012-05-31,VFC,0.04920794686897831
2012-05-31,VISA,0.04920794686897831
2012-05-31,WAG,-0.04920794686897831
2012-05-31,WEC,0.04920794686897831
2012-05-31,WFM,0.04920794686897831
2012-05-31,WIN,-0.04920794686897831
2012-05-31,YUM,0.04920794686897831
2012-06-30,AAPL*,0.03556161997141807
2012-06-30,AMT,0.03556161997141807
2012-06-30,AVP,-0.03556161997141807
2012-06-30,AZO,0.03556161997141807
2012-06-30,BBY,-0.03556161997141807
2012-06-30,BFB,0.03556161997141807
2012-06-30,CHRW,-0.03556161997141807
2012-06-30,CMG,0.03556161997141807
2012-06-30,CMS,0.03556161997141807
2012-06-30,CVC,-0.03556161997141807
2012-06-30,DUK,0.03556161997141807
2012-06-30,DV,-0.03556161997141807
2012-06-30,EA,-0.03556161997141807
2012-06-30,EIX,0.03556161997141807
2012-06-30,EL,-0.03556161997141807
2012-06-30,EMN,-0.03556161997141807
2012-06-30,EXPE,0.03556161997141807
2012-06-30,FLIR,-0.03556161997141807
2012-06-30,FMC,-0.03556161997141807
2012-06-30,FSLR,-0.03556161997141807
2012-06-30,FTR,-0.03556161997141807
2012-06-30,HD,0.03556161997141807
2012-06-30,HSP,-0.03556161997141807
2012-06-30,IRM,-0.03556161997141807
2012-06-30,KMB,0.03556161997141807
2012-06-30,LDOS,-0.03556161997141807
2012-06-30,MO,0.03556161997141807
2012-06-30,NFX,-0.03556161997141807
2012-06-30,NI,0.03556161997141807
2012-06-30,NRG,-0.03556161997141807
2012-06-30,ORLY,0.03556161997141807
2012-06-30,PBI,-0.03556161997141807
2012-06-30,PCS,-0.03556161997141807
2012-06-30,ROST,-0.03556161997141807
2012-06-30,SBUX,0.03556161997141807
2012-06-30,SCG,0.03556161997141807
2012-06-30,SHW,0.03556161997141807
2012-06-30,SO,0.03556161997141807
2012-06-30,SRE,0.03556161997141807
2012-06-30,TIE,-0.03556161997141807
2012-06-30,TJX,-0.03556161997141807
2012-06-30,VISA,0.03556161997141807
2012-06-30,WAG,-0.03556161997141807
2012-06-30,WEC,0.03556161997141807
2012-06-30,WFM,0.03556161997141807
2012-06-30,WIN,-0.03556161997141807
2012-06-30,WYND,0.03556161997141807
2012-06-30,XEL,0.03556161997141807
2012-07-31,ABT,0.0318689789179775
2012-07-31,AMGN,0.0318689789179775
2012-07-31,AMT,0.0318689789179775
2012-07-31,ANRZQ,-0.0318689789179775
2012-07-31,AVP,-0.0318689789179775
2012-07-31,BFB,0.0318689789179775
2012-07-31,BTU,-0.0318689789179775
2012-07-31,CHRW,-0.0318689789179775
2012-07-31,CINF,0.0318689789179775
2012-07-31,CL,0.0318689789179775
2012-07-31,CMS,0.0318689789179775
2012-07-31,DTE,0.0318689789179775
2012-07-31,DUK,0.031868978917977506
2012-07-31,DV,-0.0318689789179775
2012-07-31,EA,-0.0318689789179775
2012-07-31,EIX,0.0318689789179775
2012-07-31,EL,-0.0318689789179775
2012-07-31,EMN,-0.0318689789179775
2012-07-31,EXC,-0.0318689789179775
2012-07-31,FLIR,-0.0318689789179775
2012-07-31,FMC,-0.0318689789179775
2012-07-31,FSLR,-0.0318689789179775
2012-07-31,FTR,-0.0318689789179775
2012-07-31,HAL,-0.0318689789179775
2012-07-31,HD,0.0318689789179775
2012-07-31,HPQ,-0.0318689789179775
2012-07-31,HSY,0.0318689789179775
2012-07-31,KMB,0.0318689789179775
2012-07-31,LEN,0.0318689789179775
2012-07-31,MO,0.0318689789179775
2012-07-31,NFX,-0.0318689789179775
2012-07-31,NI,0.0318689789179775
2012-07-31,NRG,-0.0318689789179775
2012-07-31,OKE,-0.0318689789179775
2012-07-31,PBI,-0.0318689789179775
2012-07-31,PCS,-0.0318689789179775
2012-07-31,ROST,-0.0318689789179775
2012-07-31,SCG,0.0318689789179775
2012-07-31,SHW,0.0318689789179775
2012-07-31,SO,0.0318689789179775
2012-07-31,SRE,0.0318689789179775
2012-07-31,TIE,-0.0318689789179775
2012-07-31,TJX,-0.0318689789179775
2012-07-31,VISA,0.0318689789179775
2012-07-31,WAG,-0.0318689789179775
2012-07-31,WEC,0.0318689789179775
2012-07-31,WFM,0.0318689789179775
2012-07-31,XEL,0.0318689789179775
2012-08-31,AAPL*,0.031939404477683536
2012-08-31,ABT,0.031939404477683536
2012-08-31,AMGN,0.031939404477683536
2012-08-31,AMT,0.031939404477683536
2012-08-31,ANRZQ,-0.031939404477683536
2012-08-31,AVP,-0.031939404477683536
2012-08-31,BSX,-0.031939404477683536
2012-08-31,BTU,-0.031939404477683536
2012-08-31,CHK,-0.031939404477683536
2012-08-31,CHRW,-0.031939404477683536
2012-08-31,CINF,0.031939404477683536
2012-08-31,CMS,0.031939404477683536
2012-08-31,DTE,0.031939404477683536
2012-08-31,DV,-0.031939404477683536
2012-08-31,EA,-0.031939404477683536
2012-08-31,EFX,0.031939404477683536
2012-08-31,EIX,0.031939404477683536
2012-08-31,EL,-0.031939404477683536
2012-08-31,EXPE,0.031939404477683536
2012-08-31,FLIR,-0.031939404477683536
2012-08-31,FMC,-0.031939404477683536
2012-08-31,FSLR,-0.031939404477683536
2012-08-31,FTR,-0.031939404477683536
2012-08-31,GME,-0.031939404477683536
2012-08-31,HD,0.031939404477683536
2012-08-31,KMB,0.031939404477683536
2012-08-31,LEN,0.031939404477683536
2012-08-31,LXK,-0.031939404477683536
2012-08-31,MKC,0.031939404477683536
2012-08-31,MO,0.031939404477683536
2012-08-31,MX4A,-0.031939404477683536
2012-08-31,NEM,-0.031939404477683536
2012-08-31,NFX,-0.031939404477683536
2012-08-31,OKE,-0.031939404477683536
2012-08-31,PBI,-0.031939404477683536
2012-08-31,PHM,0.031939404477683536
2012-08-31,ROST,-0.031939404477683536
2012-08-31,SCG,0.031939404477683536
2012-08-31,SHW,0.031939404477683536
2012-08-31,SRE,0.031939404477683536
2012-08-31,T,0.031939404477683536
2012-08-31,TJX,-0.031939404477683536
2012-08-31,USB,0.031939404477683536
2012-08-31,VISA,0.031939404477683536
2012-08-31,WEC,0.031939404477683536
2012-08-31,WIN,-0.031939404477683536
2012-08-31,WMT,0.031939404477683536
2012-08-31,WYNN,-0.031939404477683536
2012-09-30,AAPL*,0.03710583108977787
2012-09-30,ALL,0.03710583108977787
2012-09-30,AMGN,0.03710583108977787
2012-09-30,AMT,0.03710583108977787
2012-09-30,ANF,-0.03710583108977787
2012-09-30,ANRZQ,-0.03710583108977787
2012-09-30,APOL,-0.03710583108977787
2012-09-30,AVP,-0.03710583108977787
2012-09-30,BBY,-0.03710583108977787
2012-09-30,CHRW,-0.03710583108977787
2012-09-30,CINF,0.03710583108977787
2012-09-30,CMCSA,0.03710583108977787
2012-09-30,DC7,0.03710583108977787
2012-09-30,DELL,-0.03710583108977787
2012-09-30,DHI,0.03710583108977787
2012-09-30,DIS,0.03710583108977787
2012-09-30,DV,-0.03710583108977787
2012-09-30,EA,-0.03710583108977787
2012-09-30,EBAY,0.03710583108977787
2012-09-30,EFX,0.03710583108977787
2012-09-30,EL,-0.03710583108977787
2012-09-30,EXC,-0.03710583108977787
2012-09-30,EXPE,0.03710583108977787
2012-09-30,FLIR,-0.03710583108977787
2012-09-30,FMC,-0.03710583108977787
2012-09-30,FSLR,-0.03710583108977787
2012-09-30,FTR,-0.03710583108977787
2012-09-30,GPS,0.03710583108977787
2012-09-30,HD,0.03710583108977787
2012-09-30,HPQ,-0.03710583108977787
2012-09-30,KO,-0.03710583108977787
2012-09-30,LEN,0.03710583108977787
2012-09-30,MKC,0.03710583108977787
2012-09-30,MX4A,-0.03710583108977787
2012-09-30,NEM,-0.03710583108977787
2012-09-30,OKE,-0.03710583108977787
2012-09-30,PBI,-0.03710583108977787
2012-09-30,PHM,0.03710583108977787
2012-09-30,ROST,-0.03710583108977787
2012-09-30,SHW,0.03710583108977787
2012-09-30,T,0.03710583108977787
2012-09-30,TFC,0.03710583108977787
2012-09-30,TJX,-0.03710583108977787
2012-09-30,USB,0.03710583108977787
2012-09-30,VRSN,0.03710583108977787
2012-09-30,WFM,0.03710583108977787
2012-09-30,WIN,-0.03710583108977787
2012-09-30,WYND,0.03710583108977787
2012-10-31,AAPL*,0.04840681342120372
2012-10-31,ABT,0.04840681342120372
2012-10-31,ALL,0.04840681342120372
2012-10-31,AMD,-0.04840681342120372
2012-10-31,AMGN,0.04840681342120372
2012-10-31,AMT,0.04840681342120372
2012-10-31,ANF,-0.04840681342120372
2012-10-31,APOL,-0.04840681342120372
2012-10-31,BBY,-0.04840681342120372
2012-10-31,BFB,-0.04840681342120372
2012-10-31,BTU,-0.04840681342120372
2012-10-31,CHK,-0.04840681342120372
2012-10-31,CHRW,-0.04840681342120372
2012-10-31,CMCSA,0.04840681342120372
2012-10-31,CNX,-0.04840681342120372
2012-10-31,COG,-0.04840681342120372
2012-10-31,CVS,0.04840681342120372
2012-10-31,DC7,0.04840681342120372
2012-10-31,DELL,-0.04840681342120372
2012-10-31,DHI,0.04840681342120372
2012-10-31,DIS,0.04840681342120372
2012-10-31,EA,-0.04840681342120372
2012-10-31,EBAY,0.04840681342120372
2012-10-31,EL,-0.04840681342120372
2012-10-31,EXC,-0.04840681342120372
2012-10-31,EXPE,0.04840681342120372
2012-10-31,FLIR,-0.04840681342120372
2012-10-31,FMC,-0.04840681342120372
2012-10-31,GPS,0.04840681342120372
2012-10-31,HD,0.04840681342120372
2012-10-31,HPQ,-0.04840681342120372
2012-10-31,KO,-0.04840681342120372
2012-10-31,LEN,0.04840681342120372
2012-10-31,MKC,0.04840681342120372
2012-10-31,MX4A,-0.04840681342120372
2012-10-31,OKE,-0.04840681342120372
2012-10-31,PBI,-0.04840681342120372
2012-10-31,PHM,0.04840681342120372
2012-10-31,RN7,0.04840681342120372
2012-10-31,ROST,-0.04840681342120372
2012-10-31,SHW,0.04840681342120372
2012-10-31,T,0.04840681342120372
2012-10-31,TFC,0.04840681342120372
2012-10-31,TJX,-0.04840681342120372
2012-10-31,USB,0.04840681342120372
2012-10-31,VRSN,0.04840681342120372
2012-10-31,WIN,-0.04840681342120372
2012-10-31,WYND,0.04840681342120372
2012-11-30,ALL,0.05269782721711825
2012-11-30,AMD,-0.05269782721711825
2012-11-30,AMGN,0.05269782721711825
2012-11-30,APOL,-0.05269782721711825
2012-11-30,ATI,-0.05269782721711825
2012-11-30,BBY,-0.05269782721711825
2012-11-30,BFB,-0.05269782721711825
2012-11-30,CINF,0.05269782721711825
2012-11-30,CLF,-0.05269782721711825
2012-11-30,CMCSA,0.05269782721711825
2012-11-30,COG,-0.05269782721711825
2012-11-30,DC7,0.05269782721711825
2012-11-30,DELL,-0.05269782721711825
2012-11-30,DHI,0.05269782721711825
2012-11-30,DIS,0.05269782721711825
2012-11-30,EA,-0.05269782721711825
2012-11-30,EBAY,0.05269782721711825
2012-11-30,EFX,0.05269782721711825
2012-11-30,EL,-0.05269782721711825
2012-11-30,EXC,-0.05269782721711825
2012-11-30,EXPE,0.05269782721711825
2012-11-30,FLIR,-0.05269782721711825
2012-11-30,FMC,-0.05269782721711825
2012-11-30,GILD,0.05269782721711825
2012-11-30,GPS,0.05269782721711825
2012-11-30,HD,0.05269782721711825
2012-11-30,HPQ,-0.05269782721711825
2012-11-30,JCI,-0.05269782721711825
2012-11-30,JNPR,-0.05269782721711825
2012-11-30,KO,-0.05269782721711825
2012-11-30,LEN,0.05269782721711825
2012-11-30,MKC,0.05269782721711825
2012-11-30,MTZ,0.05269782721711825
2012-11-30,MX4A,-0.05269782721711825
2012-11-30,NFX,-0.05269782721711825
2012-11-30,OKE,-0.05269782721711825
2012-11-30,PHM,0.05269782721711825
2012-11-30,ROST,-0.05269782721711825
2012-11-30,SHW,0.05269782721711825
2012-11-30,SNA,0.05269782721711825
2012-11-30,SNI,0.05269782721711825
2012-11-30,SWY,-0.05269782721711825
2012-11-30,T3W1,0.05269782721711825
2012-11-30,TJX,-0.05269782721711825
2012-11-30,USB,0.05269782721711825
2012-11-30,WIN,-0.05269782721711825
2012-11-30,WY,0.05269782721711825
2012-11-30,WYND,0.05269782721711825
2012-12-31,ALL,0.05277950487257567
2012-12-31,AMD,-0.05277950487257567
2012-12-31,APOL,-0.05277950487257567
2012-12-31,ATI,-0.05277950487257567
2012-12-31,BBY,-0.05277950487257567
2012-12-31,CINF,0.05277950487257567
2012-12-31,CLF,-0.05277950487257567
2012-12-31,CMCSA,0.05277950487257567
2012-12-31,COG,-0.05277950487257567
2012-12-31,CPPRQ,-0.05277950487257567
2012-12-31,DC7,0.05277950487257567
2012-12-31,DELL,-0.05277950487257567
2012-12-31,DHI,0.05277950487257567
2012-12-31,DLTR,-0.05277950487257567
2012-12-31,EBAY,0.05277950487257567
2012-12-31,EFX,0.05277950487257567
2012-12-31,EL,-0.05277950487257567
2012-12-31,EXC,-0.05277950487257567
2012-12-31,EXPE,0.05277950487257567
2012-12-31,FISV,0.05277950487257567
2012-12-31,FLIR,-0.05277950487257567
2012-12-31,FMC,-0.05277950487257567
2012-12-31,GILD,0.05277950487257567
2012-12-31,GPS,0.05277950487257567
2012-12-31,HD,0.05277950487257567
2012-12-31,HPQ,-0.05277950487257567
2012-12-31,INCO,-0.05277950487257567
2012-12-31,KO,-0.05277950487257567
2012-12-31,LEN,0.05277950487257567
2012-12-31,MCD,-0.05277950487257567
2012-12-31,MKC,0.05277950487257567
2012-12-31,MX4A,-0.05277950487257567
2012-12-31,NFX,-0.05277950487257567
2012-12-31,OKE,-0.05277950487257567
2012-12-31,PBI,-0.05277950487257567
2012-12-31,PHM,0.05277950487257567
2012-12-31,PKI,0.05277950487257567
2012-12-31,PPG,0.05277950487257567
2012-12-31,S,0.05277950487257567
2012-12-31,SHW,0.05277950487257567
2012-12-31,SNA,0.05277950487257567
2012-12-31,SNI,0.05277950487257567
2012-12-31,TE,-0.05277950487257567
2012-12-31,TJX,-0.05277950487257567
2012-12-31,TT,0.05277950487257567
2012-12-31,VISA,0.05277950487257567
2012-12-31,WIN,-0.05277950487257567
2012-12-31,WY,0.05277950487257567
2013-01-31,AES,-0.05554641500416453
2013-01-31,ALL,0.05554641500416453
2013-01-31,AMD,-0.05554641500416453
2013-01-31,APOL,-0.05554641500416453
2013-01-31,ATI,-0.05554641500416453
2013-01-31,BBY,-0.05554641500416453
2013-01-31,BFB,-0.05554641500416453
2013-01-31,CMCSA,0.05554641500416453
2013-01-31,CPPRQ,-0.05554641500416453
2013-01-31,DC7,0.05554641500416453
2013-01-31,DELL,-0.05554641500416453
2013-01-31,DHI,0.05554641500416453
2013-01-31,DIS,0.05554641500416453
2013-01-31,DISCA,0.05554641500416453
2013-01-31,DLTR,-0.05554641500416453
2013-01-31,EBAY,0.05554641500416453
2013-01-31,EFX,0.05554641500416453
2013-01-31,EXC,-0.05554641500416453
2013-01-31,EXPE,0.05554641500416453
2013-01-31,FISV,0.05554641500416453
2013-01-31,FMC,-0.05554641500416453
2013-01-31,HD,0.05554641500416453
2013-01-31,HPQ,-0.05554641500416453
2013-01-31,INCO,-0.05554641500416453
2013-01-31,KO,-0.05554641500416453
2013-01-31,LEN,0.05554641500416453
2013-01-31,LLY,0.05554641500416453
2013-01-31,MCD,-0.05554641500416453
2013-01-31,MKC,0.05554641500416453
2013-01-31,MX4A,-0.05554641500416453
2013-01-31,NCRA,0.05554641500416453
2013-01-31,NFX,-0.05554641500416453
2013-01-31,NKE,-0.05554641500416453
2013-01-31,OKE,-0.05554641500416453
2013-01-31,OXY,-0.05554641500416453
2013-01-31,PBI,-0.05554641500416453
2013-01-31,PHM,0.05554641500416453
2013-01-31,PPG,0.05554641500416453
2013-01-31,PWR,0.05554641500416453
2013-01-31,S,0.05554641500416453
2013-01-31,SE,-0.05554641500416453
2013-01-31,SHW,0.05554641500416453
2013-01-31,SNA,0.05554641500416453
2013-01-31,SNI,0.05554641500416453
2013-01-31,TJX,-0.05554641500416453
2013-01-31,VISA,0.05554641500416453
2013-01-31,WIN,-0.05554641500416453
2013-01-31,WY,0.05554641500416453
2013-02-28,AA,-0.05927562945002847
2013-02-28,ABT,-0.05927562945002847
2013-02-28,AES,-0.05927562945002847
2013-02-28,ALL,0.05927562945002847
2013-02-28,AMD,-0.05927562945002847
2013-02-28,APA,-0.05927562945002847
2013-02-28,APOL,-0.05927562945002847
2013-02-28,BFB,-0.05927562945002847
2013-02-28,BRKB,0.05927562945002847
2013-02-28,COH,-0.05927562945002847
2013-02-28,CPPRQ,-0.05927562945002847
2013-02-28,DHI,0.05927562945002847
2013-02-28,DISCA,0.05927562945002847
2013-02-28,DLTR,-0.05927562945002847
2013-02-28,DVN,-0.05927562945002847
2013-02-28,EBAY,0.05927562945002847
2013-02-28,EFX,0.05927562945002847
2013-02-28,EXC,-0.05927562945002847
2013-02-28,EXPE,0.05927562945002847
2013-02-28,FMC,-0.05927562945002847
2013-02-28,HD,0.05927562945002847
2013-02-28,HNZ,0.05927562945002847
2013-02-28,HPQ,-0.05927562945002847
2013-02-28,INCO,-0.05927562945002847
2013-02-28,JOY,-0.05927562945002847
2013-02-28,KO,-0.05927562945002847
2013-02-28,LEN,0.05927562945002847
2013-02-28,LLY,0.05927562945002847
2013-02-28,LO,-0.05927562945002847
2013-02-28,MPN,0.05927562945002847
2013-02-28,MX4A,-0.05927562945002847
2013-02-28,NCRA,0.05927562945002847
2013-02-28,NEM,-0.05927562945002847
2013-02-28,NKE,-0.05927562945002847
2013-02-28,NVDA,-0.05927562945002847
2013-02-28,NWL,0.05927562945002847
2013-02-28,OKE,-0.05927562945002847
2013-02-28,PA9,0.05927562945002847
2013-02-28,PHM,0.05927562945002847
2013-02-28,PPG,0.05927562945002847
2013-02-28,PWR,0.05927562945002847
2013-02-28,ROP,0.05927562945002847
2013-02-28,S,0.05927562945002847
2013-02-28,SE,-0.05927562945002847
2013-02-28,SHW,0.05927562945002847
2013-02-28,SNA,0.05927562945002847
2013-02-28,SNI,0.05927562945002847
2013-02-28,WY,0.05927562945002847
2013-03-31,AA,-0.06450813975018735
2013-03-31,AAPL*,-0.06450813975018735
2013-03-31,ABT,-0.06450813975018735
2013-03-31,ALL,0.06450813975018735
2013-03-31,AMD,-0.06450813975018735
2013-03-31,AMGN,0.06450813975018735
2013-03-31,APA,-0.06450813975018735
2013-03-31,APOL,-0.06450813975018735
2013-03-31,BFB,-0.06450813975018735
2013-03-31,BRKB,0.06450813975018735
2013-03-31,CCI,0.06450813975018735
2013-03-31,CINF,0.06450813975018735
2013-03-31,CLF,-0.06450813975018735
2013-03-31,CMCSA,0.06450813975018735
2013-03-31,COG,0.06450813975018735
2013-03-31,COH,-0.06450813975018735
2013-03-31,CPPRQ,-0.06450813975018735
2013-03-31,DLTR,-0.06450813975018735
2013-03-31,DVN,-0.06450813975018735
2013-03-31,EBAY,0.06450813975018735
2013-03-31,EMC,-0.06450813975018735
2013-03-31,EXC,-0.06450813975018735
2013-03-31,EXPE,0.06450813975018735
2013-03-31,FMC,-0.06450813975018735
2013-03-31,HSY,0.06450813975018735
2013-03-31,INCO,-0.06450813975018735
2013-03-31,KMB,0.06450813975018735
2013-03-31,KO,-0.06450813975018735
2013-03-31,LLY,0.06450813975018735
2013-03-31,LO,-0.06450813975018735
2013-03-31,MPN,0.06450813975018735
2013-03-31,MSFT,-0.06450813975018735
2013-03-31,MX4A,-0.06450813975018735
2013-03-31,NCRA,0.06450813975018735
2013-03-31,NFX,-0.06450813975018735
2013-03-31,NKE,-0.06450813975018735
2013-03-31,NWL,0.06450813975018735
2013-03-31,OKE,-0.06450813975018735
2013-03-31,PA9,0.06450813975018735
2013-03-31,PHM,0.06450813975018735
2013-03-31,PPG,0.06450813975018735
2013-03-31,PWR,0.06450813975018735
2013-03-31,S,0.06450813975018735
2013-03-31,SHW,0.06450813975018735
2013-03-31,SNA,0.06450813975018735
2013-03-31,UNP,0.06450813975018735
2013-03-31,VISA,0.06450813975018735
2013-03-31,WPX,-0.06450813975018735
2013-04-30,AA,-0.06810430573120806
2013-04-30,AABA,0.06810430573120806
2013-04-30,AAPL*,-0.06810430573120806
2013-04-30,ABT,-0.06810430573120806
2013-04-30,ALL,0.06810430573120806
2013-04-30,AMD,-0.06810430573120806
2013-04-30,APOL,-0.06810430573120806
2013-04-30,AVB,-0.06810430573120806
2013-04-30,BFB,-0.06810430573120806
2013-04-30,BRKB,0.06810430573120806
2013-04-30,CINF,0.06810430573120806
2013-04-30,CLF,-0.06810430573120806
2013-04-30,CMCSA,0.06810430573120806
2013-04-30,COG,0.06810430573120806
2013-04-30,COH,-0.06810430573120806
2013-04-30,CPPRQ,-0.06810430573120806
2013-04-30,DLTR,-0.06810430573120806
2013-04-30,DVN,-0.06810430573120806
2013-04-30,EQR,-0.06810430573120806
2013-04-30,FFIV,-0.06810430573120806
2013-04-30,FMC,-0.06810430573120806
2013-04-30,HRB,0.06810430573120806
2013-04-30,INCO,-0.06810430573120806
2013-04-30,KO,-0.06810430573120806
2013-04-30,LEG,0.06810430573120806
2013-04-30,LLY,0.06810430573120806
2013-04-30,LO,-0.06810430573120806
2013-04-30,LUV,0.06810430573120806
2013-04-30,MON,0.06810430573120806
2013-04-30,MPN,0.06810430573120806
2013-04-30,MX4A,-0.06810430573120806
2013-04-30,NCRA,0.06810430573120806
2013-04-30,NFX,-0.06810430573120806
2013-04-30,NKE,-0.06810430573120806
2013-04-30,NWL,0.06810430573120806
2013-04-30,OKE,-0.06810430573120806
2013-04-30,PHM,0.06810430573120806
2013-04-30,S,0.06810430573120806
2013-04-30,SHW,0.06810430573120806
2013-04-30,SNA,0.06810430573120806
2013-04-30,TSO,0.06810430573120806
2013-04-30,TWX*,0.06810430573120806
2013-04-30,UNP,0.06810430573120806
2013-04-30,USX1,-0.06810430573120806
2013-04-30,VISA,0.06810430573120806
2013-04-30,WHR,0.06810430573120806
2013-04-30,WIN,-0.06810430573120806
2013-04-30,WY,0.06810430573120806
2013-05-31,AAPL*,-0.07317348242177846
2013-05-31,ABC,0.07317348242177846
2013-05-31,ABT,-0.07317348242177846
2013-05-31,AEP,0.07317348242177846
2013-05-31,ALL,0.07317348242177846
2013-05-31,AMD,-0.07317348242177846
2013-05-31,APOL,-0.07317348242177846
2013-05-31,ATI,-0.07317348242177846
2013-05-31,AVB,-0.07317348242177846
2013-05-31,BFB,-0.07317348242177846
2013-05-31,BRKB,0.07317348242177846
2013-05-31,CLF,-0.07317348242177846
2013-05-31,COG,0.07317348242177846
2013-05-31,CPPRQ,-0.07317348242177846
2013-05-31,CRM,-0.07317348242177846
2013-05-31,DLTR,-0.07317348242177846
2013-05-31,EQR,-0.07317348242177846
2013-05-31,EW,-0.07317348242177846
2013-05-31,FDO,-0.07317348242177846
2013-05-31,FFIV,-0.07317348242177846
2013-05-31,KO,-0.07317348242177846
2013-05-31,LLY,0.07317348242177846
2013-05-31,LO,-0.07317348242177846
2013-05-31,MPN,0.07317348242177846
2013-05-31,MX4A,-0.07317348242177846
2013-05-31,MYL,0.07317348242177846
2013-05-31,NCRA,0.07317348242177846
2013-05-31,NEM,-0.07317348242177846
2013-05-31,NFX,-0.07317348242177846
2013-05-31,NKE,-0.07317348242177846
2013-05-31,NRG,0.07317348242177846
2013-05-31,OKE,-0.07317348242177846
2013-05-31,PA9,0.07317348242177846
2013-05-31,PHM,0.07317348242177846
2013-05-31,PPG,0.07317348242177846
2013-05-31,PSX,0.07317348242177846
2013-05-31,S,0.07317348242177846
2013-05-31,SHW,0.07317348242177846
2013-05-31,SNA,0.07317348242177846
2013-05-31,TDC,-0.07317348242177846
2013-05-31,TMO,0.07317348242177846
2013-05-31,TWX*,0.07317348242177846
2013-05-31,TYC,-0.07317348242177846
2013-05-31,UNP,0.07317348242177846
2013-05-31,VISA,0.07317348242177846
2013-05-31,WHR,0.07317348242177846
2013-05-31,WY,0.07317348242177846
2013-05-31,XL,0.07317348242177846
2013-06-30,AABA,0.07977552674973244
2013-06-30,AAPL*,-0.07977552674973244
2013-06-30,ABT,-0.07977552674973244
2013-06-30,ALD,0.07977552674973244
2013-06-30,AMP,0.07977552674973244
2013-06-30,AON,0.07977552674973244
2013-06-30,APH,0.07977552674973244
2013-06-30,APOL,-0.07977552674973244
2013-06-30,BFB,-0.07977552674973244
2013-06-30,BLK,0.07977552674973244
2013-06-30,BRKB,0.07977552674973244
2013-06-30,C,0.07977552674973244
2013-06-30,CL,-0.07977552674973244
2013-06-30,CLF,-0.07977552674973244
2013-06-30,CPPRQ,-0.07977552674973244
2013-06-30,CRM,-0.07977552674973244
2013-06-30,CTXS,-0.07977552674973244
2013-06-30,EQR,-0.07977552674973244
2013-06-30,EW,-0.07977552674973244
2013-06-30,FE,-0.07977552674973244
2013-06-30,FSLR,0.07977552674973244
2013-06-30,GS,0.07977552674973244
2013-06-30,IFF,0.07977552674973244
2013-06-30,IP,0.07977552674973244
2013-06-30,IVZ,0.07977552674973244
2013-06-30,JPM,0.07977552674973244
2013-06-30,KO,-0.07977552674973244
2013-06-30,LO,-0.07977552674973244
2013-06-30,LUMN,-0.07977552674973244
2013-06-30,MNST,-0.07977552674973244
2013-06-30,MX4A,-0.07977552674973244
2013-06-30,MYL,0.07977552674973244
2013-06-30,NBL,-0.07977552674973244
2013-06-30,NEM,-0.07977552674973244
2013-06-30,PHM,0.07977552674973244
2013-06-30,PPG,0.07977552674973244
2013-06-30,PSX,0.07977552674973244
2013-06-30,RHT,-0.07977552674973244
2013-06-30,SHW,0.07977552674973244
2013-06-30,SNA,0.07977552674973244
2013-06-30,TDC,-0.07977552674973244
2013-06-30,TMO,0.07977552674973244
2013-06-30,TYC,-0.07977552674973244
2013-06-30,USX1,-0.07977552674973244
2013-06-30,VISA,0.07977552674973244
2013-06-30,WFM,-0.07977552674973244
2013-06-30,WHR,0.07977552674973244
2013-06-30,XL,0.07977552674973244
2013-07-31,AA,-0.08568669669865538
2013-07-31,AAPL*,-0.08568669669865538
2013-07-31,ABC,0.08568669669865538
2013-07-31,ABT,-0.08568669669865538
2013-07-31,AET,0.08568669669865538
2013-07-31,ALD,0.08568669669865538
2013-07-31,AMP,0.08568669669865538
2013-07-31,APH,0.08568669669865538
2013-07-31,AVB,-0.08568669669865538
2013-07-31,BFB,-0.08568669669865538
2013-07-31,CI,0.08568669669865538
2013-07-31,CL,-0.08568669669865538
2013-07-31,CLF,-0.08568669669865538
2013-07-31,COG,0.08568669669865538
2013-07-31,CRM,-0.08568669669865538
2013-07-31,EQR,-0.08568669669865538
2013-07-31,EW,-0.08568669669865538
2013-07-31,EXC,-0.08568669669865538
2013-07-31,F,0.08568669669865538
2013-07-31,FCX*,-0.08568669669865538
2013-07-31,FE,-0.08568669669865538
2013-07-31,FLS,-0.08568669669865538
2013-07-31,GME,0.08568669669865538
2013-07-31,GNW,0.08568669669865538
2013-07-31,HD,0.08568669669865538
2013-07-31,HIG,0.08568669669865538
2013-07-31,KO,-0.08568669669865538
2013-07-31,KR,0.08568669669865538
2013-07-31,LNC,0.08568669669865538
2013-07-31,LO,-0.08568669669865538
2013-07-31,LUMN,-0.08568669669865538
2013-07-31,MA,0.08568669669865538
2013-07-31,MU,0.08568669669865538
2013-07-31,MYL,0.08568669669865538
2013-07-31,NBL,-0.08568669669865538
2013-07-31,NEM,-0.08568669669865538
2013-07-31,NWL,0.08568669669865538
2013-07-31,PFG,0.08568669669865538
2013-07-31,PXD,0.08568669669865538
2013-07-31,TDC,-0.08568669669865538
2013-07-31,TMO,0.08568669669865538
2013-07-31,TWX*,0.08568669669865538
2013-07-31,TYC,-0.08568669669865538
2013-07-31,USX1,-0.08568669669865538
2013-07-31,VISA,0.08568669669865538
2013-07-31,WAT,0.08568669669865538
2013-07-31,WFM,-0.08568669669865538
2013-07-31,WIN,-0.08568669669865538
2013-08-31,AA,-0.09342881362081548
2013-08-31,AABA,0.09342881362081548
2013-08-31,AAPL*,-0.09342881362081548
2013-08-31,ABC,0.09342881362081548
2013-08-31,ABT,-0.09342881362081548
2013-08-31,ADBE,0.09342881362081548
2013-08-31,AET,0.09342881362081548
2013-08-31,ALD,0.09342881362081548
2013-08-31,AMP,0.09342881362081548
2013-08-31,BEN,-0.09342881362081548
2013-08-31,BRCM,-0.09342881362081548
2013-08-31,CERN,-0.09342881362081548
2013-08-31,CI,0.09342881362081548
2013-08-31,CL,-0.09342881362081548
2013-08-31,CLF,-0.09342881362081548
2013-08-31,COG,0.09342881362081548
2013-08-31,CPPRQ,-0.09342881362081548
2013-08-31,CRM,-0.09342881362081548
2013-08-31,ECL,0.09342881362081548
2013-08-31,EQR,-0.09342881362081548
2013-08-31,ETN,0.09342881362081548
2013-08-31,EW,-0.09342881362081548
2013-08-31,F,0.09342881362081548
2013-08-31,FCX*,-0.09342881362081548
2013-08-31,FLS,-0.09342881362081548
2013-08-31,GME,0.09342881362081548
2013-08-31,GNW,0.09342881362081548
2013-08-31,HIG,0.09342881362081548
2013-08-31,ISRG,-0.09342881362081548
2013-08-31,KR,0.09342881362081548
2013-08-31,LNC,0.09342881362081548
2013-08-31,LO,-0.09342881362081548
2013-08-31,LUMN,-0.09342881362081548
2013-08-31,MA,0.09342881362081548
2013-08-31,MOS*,-0.09342881362081548
2013-08-31,MYL,0.09342881362081548
2013-08-31,NBL,-0.09342881362081548
2013-08-31,NEM,-0.09342881362081548
2013-08-31,NFLX,0.09342881362081548
2013-08-31,NFX,-0.09342881362081548
2013-08-31,NKE,-0.09342881362081548
2013-08-31,OI,0.09342881362081548
2013-08-31,SNA,0.09342881362081548
2013-08-31,TMO,0.09342881362081548
2013-08-31,TSN,0.09342881362081548
2013-08-31,TYC,-0.09342881362081548
2013-08-31,UNP,0.09342881362081548
2013-08-31,WFM,-0.09342881362081548
2013-09-30,AA,-0.09394464395633254
2013-09-30,AABA,0.09394464395633254
2013-09-30,AAPL*,-0.09394464395633254
2013-09-30,ABC,0.09394464395633254
2013-09-30,ABT,-0.09394464395633254
2013-09-30,AET,0.09394464395633254
2013-09-30,AMP,0.09394464395633254
2013-09-30,BA,0.09394464395633254
2013-09-30,BEN,-0.09394464395633254
2013-09-30,BRCM,-0.09394464395633254
2013-09-30,CERN,-0.09394464395633254
2013-09-30,CI,0.09394464395633254
2013-09-30,CL,-0.09394464395633254
2013-09-30,COG,-0.09394464395633254
2013-09-30,CPPRQ,-0.09394464395633254
2013-09-30,CRM,-0.09394464395633254
2013-09-30,DRI,-0.09394464395633254
2013-09-30,ECL,0.09394464395633254
2013-09-30,EQR,-0.09394464395633254
2013-09-30,EW,-0.09394464395633254
2013-09-30,FCX*,-0.09394464395633254
2013-09-30,FLS,-0.09394464395633254
2013-09-30,GME,0.09394464395633254
2013-09-30,GNW,0.09394464395633254
2013-09-30,HOG,0.09394464395633254
2013-09-30,IRM,-0.09394464395633254
2013-09-30,LNC,0.09394464395633254
2013-09-30,LO,-0.09394464395633254
2013-09-30,LOW,0.09394464395633254
2013-09-30,LUMN,-0.09394464395633254
2013-09-30,MA,0.09394464395633254
2013-09-30,MCK,0.09394464395633254
2013-09-30,MOS*,-0.09394464395633254
2013-09-30,MU,0.09394464395633254
2013-09-30,MYL,0.09394464395633254
2013-09-30,NBL,-0.09394464395633254
2013-09-30,NEM,-0.09394464395633254
2013-09-30,NFLX,0.09394464395633254
2013-09-30,OI,0.09394464395633254
2013-09-30,PXD,0.09394464395633254
2013-09-30,SEE,0.09394464395633254
2013-09-30,T,-0.09394464395633254
2013-09-30,TMO,0.09394464395633254
2013-09-30,TRIP,0.09394464395633254
2013-09-30,TSN,0.09394464395633254
2013-09-30,TYC,-0.09394464395633254
2013-09-30,UNP,0.09394464395633254
2013-09-30,WFM,-0.09394464395633254
2013-10-31,AABA,0.10209678442820183
2013-10-31,AAPL*,-0.10209678442820183
2013-10-31,ABC,0.10209678442820183
2013-10-31,ABT,-0.10209678442820183
2013-10-31,AMP,0.10209678442820183
2013-10-31,APH,0.10209678442820183
2013-10-31,BA,0.10209678442820183
2013-10-31,BEN,-0.10209678442820183
2013-10-31,BRCM,-0.10209678442820183
2013-10-31,BTU,-0.10209678442820183
2013-10-31,BWA,0.10209678442820183
2013-10-31,CCL,-0.10209678442820183
2013-10-31,CERN,-0.10209678442820183
2013-10-31,CI,0.10209678442820183
2013-10-31,CL,-0.10209678442820183
2013-10-31,CLF,-0.10209678442820183
2013-10-31,COG,-0.10209678442820183
2013-10-31,CPPRQ,-0.10209678442820183
2013-10-31,CRM,-0.10209678442820183
2013-10-31,DVA,-0.10209678442820183
2013-10-31,ECL,0.10209678442820183
2013-10-31,FE,-0.10209678442820183
2013-10-31,FLS,-0.10209678442820183
2013-10-31,GHC,0.10209678442820183
2013-10-31,IPG,0.10209678442820183
2013-10-31,IRM,-0.10209678442820183
2013-10-31,ISRG,-0.10209678442820183
2013-10-31,JOY,-0.10209678442820183
2013-10-31,LNC,0.10209678442820183
2013-10-31,LO,-0.10209678442820183
2013-10-31,LUMN,-0.10209678442820183
2013-10-31,MA,0.10209678442820183
2013-10-31,MU,0.10209678442820183
2013-10-31,MYL,0.10209678442820183
2013-10-31,NBL,-0.10209678442820183
2013-10-31,NEM,-0.10209678442820183
2013-10-31,NFLX,0.10209678442820183
2013-10-31,OI,0.10209678442820183
2013-10-31,PNR,0.10209678442820183
2013-10-31,PXD,0.10209678442820183
2013-10-31,SBUX,0.10209678442820183
2013-10-31,SO,-0.10209678442820183
2013-10-31,TEL,0.10209678442820183
2013-10-31,TMK,0.10209678442820183
2013-10-31,TRIP,0.10209678442820183
2013-10-31,TSN,0.10209678442820183
2013-10-31,VIAB,0.10209678442820183
2013-10-31,WFM,-0.10209678442820183
2013-11-30,ABC,0.07887808084453862
2013-11-30,ABT,-0.07887808084453862
2013-11-30,ADP,0.07887808084453862
2013-11-30,AIG*,0.07887808084453862
2013-11-30,AIZ,0.07887808084453862
2013-11-30,AMP,0.07887808084453862
2013-11-30,BA,0.07887808084453862
2013-11-30,BBY,0.07887808084453862
2013-11-30,BEN,-0.07887808084453862
2013-11-30,BRCM,-0.07887808084453862
2013-11-30,BTU,-0.07887808084453862
2013-11-30,BWA,0.07887808084453862
2013-11-30,CBS,0.07887808084453862
2013-11-30,CCL,-0.07887808084453862
2013-11-30,CERN,-0.07887808084453862
2013-11-30,CI,0.07887808084453862
2013-11-30,CL,-0.07887808084453862
2013-11-30,CMG,0.07887808084453862
2013-11-30,COG,-0.07887808084453862
2013-11-30,COH,-0.07887808084453862
2013-11-30,CPPRQ,-0.07887808084453862
2013-11-30,CRM,-0.07887808084453862
2013-11-30,DOFSQ,-0.07887808084453862
2013-11-30,DVA,-0.07887808084453862
2013-11-30,ECL,0.07887808084453862
2013-11-30,EW,-0.07887808084453862
2013-11-30,FLS,-0.07887808084453862
2013-11-30,GHC,0.07887808084453862
2013-11-30,GNW,0.07887808084453862
2013-11-30,HOG,0.07887808084453862
2013-11-30,ISRG,-0.07887808084453862
2013-11-30,LNC,0.07887808084453862
2013-11-30,LO,-0.07887808084453862
2013-11-30,LUMN,-0.07887808084453862
2013-11-30,MA,0.07887808084453862
2013-11-30,MOS*,-0.07887808084453862
2013-11-30,MU,0.07887808084453862
2013-11-30,NBL,-0.07887808084453862
2013-11-30,NEM,-0.07887808084453862
2013-11-30,NFLX,0.07887808084453862
2013-11-30,OI,0.07887808084453862
2013-11-30,PFG,0.07887808084453862
2013-11-30,PXD,0.07887808084453862
2013-11-30,RHT,-0.07887808084453862
2013-11-30,SBUX,0.07887808084453862
2013-11-30,TDC,-0.07887808084453862
2013-11-30,VIAB,0.07887808084453862
2013-11-30,WFM,-0.07887808084453862
2013-12-31,ABC,0.06980723883421053
2013-12-31,ABT,-0.06980723883421053
2013-12-31,ADP,0.06980723883421053
2013-12-31,ADT,-0.06980723883421053
2013-12-31,AIZ,0.06980723883421053
2013-12-31,AMP,0.06980723883421053
2013-12-31,APTV,0.06980723883421053
2013-12-31,AVB,-0.06980723883421053
2013-12-31,BA,0.06980723883421053
2013-12-31,BBY,0.06980723883421053
2013-12-31,BEN,-0.06980723883421053
2013-12-31,BRCM,-0.06980723883421053
2013-12-31,BTU,-0.06980723883421053
2013-12-31,BWA,0.06980723883421053
2013-12-31,CERN,-0.06980723883421053
2013-12-31,CI,0.06980723883421053
2013-12-31,CL,-0.06980723883421053
2013-12-31,COG,-0.06980723883421053
2013-12-31,CRM,-0.06980723883421053
2013-12-31,CTAS,0.06980723883421053
2013-12-31,DOFSQ,-0.06980723883421053
2013-12-31,DVA,-0.06980723883421053
2013-12-31,ECL,0.06980723883421053
2013-12-31,EQR,-0.06980723883421053
2013-12-31,EW,-0.06980723883421053
2013-12-31,FE,-0.06980723883421053
2013-12-31,FLS,-0.06980723883421053
2013-12-31,GHC,0.06980723883421053
2013-12-31,HOG,0.06980723883421053
2013-12-31,ISRG,-0.06980723883421053
2013-12-31,LNC,0.06980723883421053
2013-12-31,LO,-0.06980723883421053
2013-12-31,LUMN,-0.06980723883421053
2013-12-31,MA,0.06980723883421053
2013-12-31,MMC,0.06980723883421053
2013-12-31,MU,0.06980723883421053
2013-12-31,NBL,-0.06980723883421053
2013-12-31,NEM,-0.06980723883421053
2013-12-31,NFLX,0.06980723883421053
2013-12-31,NTH,0.06980723883421053
2013-12-31,PCLN,0.06980723883421053
2013-12-31,PEAK,-0.06980723883421053
2013-12-31,PFG,0.06980723883421053
2013-12-31,PNR,0.06980723883421053
2013-12-31,SBUX,0.06980723883421053
2013-12-31,TDC,-0.06980723883421053
2013-12-31,TJX,0.06980723883421053
2013-12-31,WFM,-0.06980723883421053
2014-01-31,AABA,0.0571994431067651
2014-01-31,ABC,0.0571994431067651
2014-01-31,ADP,0.0571994431067651
2014-01-31,ADT,-0.0571994431067651
2014-01-31,AEC1,0.0571994431067651
2014-01-31,AIZ,0.0571994431067651
2014-01-31,AMP,0.0571994431067651
2014-01-31,APTV,0.0571994431067651
2014-01-31,AVB,-0.0571994431067651
2014-01-31,BA,0.0571994431067651
2014-01-31,BEN,-0.0571994431067651
2014-01-31,BWA,-0.05719944310676511
2014-01-31,CERN,-0.0571994431067651
2014-01-31,CL,-0.0571994431067651
2014-01-31,COG,-0.0571994431067651
2014-01-31,CRM,-0.0571994431067651
2014-01-31,CTAS,0.0571994431067651
2014-01-31,DOFSQ,-0.0571994431067651
2014-01-31,DVA,-0.0571994431067651
2014-01-31,ESV,-0.0571994431067651
2014-01-31,EW,-0.0571994431067651
2014-01-31,FE,-0.0571994431067651
2014-01-31,FIS,0.0571994431067651
2014-01-31,FISV,-0.0571994431067651
2014-01-31,FLS,-0.0571994431067651
2014-01-31,GHC,0.0571994431067651
2014-01-31,ICE,0.0571994431067651
2014-01-31,ISRG,-0.0571994431067651
2014-01-31,LNC,0.0571994431067651
2014-01-31,LOM,0.0571994431067651
2014-01-31,LUMN,-0.0571994431067651
2014-01-31,MA,0.0571994431067651
2014-01-31,MMC,0.0571994431067651
2014-01-31,MOS*,-0.0571994431067651
2014-01-31,MU,0.0571994431067651
2014-01-31,NBL,-0.0571994431067651
2014-01-31,NEM,-0.0571994431067651
2014-01-31,NTH,0.0571994431067651
2014-01-31,PAYX,0.0571994431067651
2014-01-31,PCLN,0.0571994431067651
2014-01-31,PEAK,-0.0571994431067651
2014-01-31,PNR,0.0571994431067651
2014-01-31,RTN1,0.0571994431067651
2014-01-31,TDC,-0.0571994431067651
2014-01-31,TJX,0.0571994431067651
2014-01-31,VFC,-0.0571994431067651
2014-01-31,WDC,0.0571994431067651
2014-01-31,WFM,-0.0571994431067651
2014-02-28,ADT,-0.09172645894168653
2014-02-28,AIZ,0.09172645894168653
2014-02-28,APTV,0.09172645894168653
2014-02-28,BA,0.09172645894168653
2014-02-28,BEN,-0.09172645894168653
2014-02-28,BWA,-0.09172645894168653
2014-02-28,CERN,-0.09172645894168653
2014-02-28,CL,-0.09172645894168653
2014-02-28,CMG,0.09172645894168653
2014-02-28,COG,-0.09172645894168653
2014-02-28,CRM,-0.09172645894168653
2014-02-28,DOFSQ,-0.09172645894168653
2014-02-28,DVA,-0.09172645894168653
2014-02-28,EQT,0.09172645894168653
2014-02-28,ESV,-0.09172645894168653
2014-02-28,ETFC,0.09172645894168653
2014-02-28,EW,-0.09172645894168653
2014-02-28,FISV,-0.09172645894168653
2014-02-28,FLS,-0.09172645894168653
2014-02-28,FRX,0.09172645894168653
2014-02-28,GD,0.09172645894168653
2014-02-28,GHC,0.09172645894168653
2014-02-28,GILD,0.09172645894168653
2014-02-28,HAR,0.09172645894168653
2014-02-28,JOY,-0.09172645894168653
2014-02-28,KMI,-0.09172645894168653
2014-02-28,LLL,0.09172645894168653
2014-02-28,LOM,0.09172645894168653
2014-02-28,MA,-0.09172645894168655
2014-02-28,MOS*,-0.09172645894168653
2014-02-28,MU,0.09172645894168653
2014-02-28,NBL,-0.09172645894168653
2014-02-28,NEM,-0.09172645894168653
2014-02-28,NFLX,0.09172645894168653
2014-02-28,NTH,0.09172645894168653
2014-02-28,PBI,0.09172645894168653
2014-02-28,PCLN,0.09172645894168653
2014-02-28,PEAK,-0.09172645894168653
2014-02-28,PM,-0.09172645894168653
2014-02-28,RTN1,0.09172645894168653
2014-02-28,TDC,-0.09172645894168653
2014-02-28,TEL,0.09172645894168653
2014-02-28,TMO,0.09172645894168653
2014-02-28,TSN,0.09172645894168653
2014-02-28,VFC,-0.09172645894168653
2014-02-28,WDC,0.09172645894168653
2014-02-28,WFM,-0.09172645894168653
2014-02-28,WYNN,0.09172645894168653
2014-03-31,ADT,-0.10062037838698992
2014-03-31,AIZ,0.10062037838698992
2014-03-31,APTV,0.10062037838698992
2014-03-31,BEN,-0.10062037838698992
2014-03-31,BWA,-0.10062037838698992
2014-03-31,CAG,-0.10062037838698992
2014-03-31,CAH,0.10062037838698992
2014-03-31,CERN,-0.10062037838698992
2014-03-31,CL,-0.10062037838698992
2014-03-31,COG,-0.10062037838698992
2014-03-31,CRM,-0.10062037838698992
2014-03-31,CTAS,0.10062037838698992
2014-03-31,DOFSQ,-0.10062037838698992
2014-03-31,DVA,-0.10062037838698992
2014-03-31,ETFC,0.10062037838698992
2014-03-31,FE,-0.10062037838698992
2014-03-31,FISV,-0.10062037838698992
2014-03-31,FLS,-0.10062037838698992
2014-03-31,FRX,0.10062037838698992
2014-03-31,GD,0.10062037838698992
2014-03-31,GT,0.10062037838698992
2014-03-31,HAR,0.10062037838698992
2014-03-31,HRS,0.10062037838698992
2014-03-31,KMI,-0.10062037838698992
2014-03-31,LLL,0.10062037838698992
2014-03-31,MA,-0.10062037838698992
2014-03-31,MU,0.10062037838698992
2014-03-31,MYL,0.10062037838698992
2014-03-31,NBL,-0.10062037838698992
2014-03-31,NEM,-0.10062037838698992
2014-03-31,NFLX,0.10062037838698992
2014-03-31,PCL,-0.10062037838698992
2014-03-31,PCLN,0.10062037838698992
2014-03-31,PEAK,-0.10062037838698992
2014-03-31,PNR,0.10062037838698992
2014-03-31,STJ,0.10062037838698992
2014-03-31,STZ,0.10062037838698992
2014-03-31,T,-0.10062037838698992
2014-03-31,TMO,0.10062037838698992
2014-03-31,TSN,0.10062037838698992
2014-03-31,VFC,-0.10062037838698992
2014-03-31,WDC,0.10062037838698992
2014-03-31,WFM,-0.10062037838698992
2014-03-31,WYNN,0.10062037838698992
2014-04-30,ACT,0.09860426312706168
2014-04-30,ADT,-0.09860426312706168
2014-04-30,APTV,0.09860426312706168
2014-04-30,AVP,-0.09860426312706168
2014-04-30,BEN,-0.09860426312706168
2014-04-30,BWA,-0.09860426312706168
2014-04-30,CAH,0.09860426312706168
2014-04-30,CERN,-0.09860426312706168
2014-04-30,CL,-0.09860426312706168
2014-04-30,COG,-0.09860426312706168
2014-04-30,DOFSQ,-0.09860426312706168
2014-04-30,ED,-0.09860426312706168
2014-04-30,ETFC,0.09860426312706168
2014-04-30,FE,-0.09860426312706168
2014-04-30,FISV,-0.09860426312706168
2014-04-30,FLS,-0.09860426312706168
2014-04-30,FRX,0.09860426312706168
2014-04-30,GD,0.09860426312706168
2014-04-30,GNW,0.09860426312706168
2014-04-30,GT,0.09860426312706168
2014-04-30,HAR,0.09860426312706168
2014-04-30,HCN,-0.09860426312706168
2014-04-30,HP,0.09860426312706168
2014-04-30,HRS,0.09860426312706168
2014-04-30,KMI,-0.09860426312706168
2014-04-30,LLL,0.09860426312706168
2014-04-30,LYB,0.09860426312706168
2014-04-30,MA,-0.09860426312706168
2014-04-30,MCHP,0.09860426312706168
2014-04-30,MU,0.09860426312706168
2014-04-30,NBL,-0.09860426312706168
2014-04-30,NEM,-0.09860426312706168
2014-04-30,PBI,0.09860426312706168
2014-04-30,PCL,-0.09860426312706168
2014-04-30,PEAK,-0.09860426312706168
2014-04-30,PKI,0.09860426312706168
2014-04-30,STJ,0.09860426312706168
2014-04-30,STZ,0.09860426312706168
2014-04-30,TSN,0.09860426312706168
2014-04-30,USB,0.09860426312706168
2014-04-30,VFC,-0.09860426312706168
2014-04-30,VTR,-0.09860426312706168
2014-04-30,WDC,0.09860426312706168
2014-04-30,WFM,-0.09860426312706168
2014-05-31,AA,0.07536063995036682
2014-05-31,ADT,-0.07536063995036682
2014-05-31,AIZ,0.07536063995036682
2014-05-31,APTV,0.07536063995036682
2014-05-31,AVP,-0.07536063995036682
2014-05-31,BEN,-0.07536063995036682
2014-05-31,BHI,0.07536063995036682
2014-05-31,BWA,-0.07536063995036682
2014-05-31,CAH,0.07536063995036682
2014-05-31,CERN,-0.07536063995036682
2014-05-31,COG,-0.07536063995036682
2014-05-31,COH,-0.07536063995036682
2014-05-31,DOFSQ,-0.07536063995036682
2014-05-31,DVA,-0.07536063995036682
2014-05-31,EOG,-0.07536063995036682
2014-05-31,ESV,-0.07536063995036682
2014-05-31,ETFC,0.07536063995036682
2014-05-31,FISV,-0.07536063995036682
2014-05-31,FLS,-0.07536063995036682
2014-05-31,FRX,0.07536063995036682
2014-05-31,GD,0.07536063995036682
2014-05-31,GNW,0.07536063995036682
2014-05-31,GRMN,0.07536063995036682
2014-05-31,HAR,0.07536063995036682
2014-05-31,HP,0.07536063995036682
2014-05-31,HRS,0.07536063995036682
2014-05-31,IGT,-0.07536063995036682
2014-05-31,ISRG,-0.07536063995036682
2014-05-31,KMI,-0.07536063995036682
2014-05-31,LLL,0.07536063995036682
2014-05-31,LUK,-0.07536063995036682
2014-05-31,LUV,0.07536063995036682
2014-05-31,LYB,0.07536063995036682
2014-05-31,MA,-0.07536063995036682
2014-05-31,MAR,0.07536063995036682
2014-05-31,MCHP,0.07536063995036682
2014-05-31,MU,0.07536063995036682
2014-05-31,NEM,-0.07536063995036682
2014-05-31,PBI,0.07536063995036682
2014-05-31,RL,-0.07536063995036682
2014-05-31,STZ,0.07536063995036682
2014-05-31,TSN,0.07536063995036682
2014-05-31,URBN,-0.07536063995036682
2014-05-31,VFC,-0.07536063995036682
2014-06-30,AA,0.08177197746613381
2014-06-30,ADT,-0.08177197746613381
2014-06-30,APTV,0.08177197746613381
2014-06-30,AVP,-0.08177197746613381
2014-06-30,BEN,-0.08177197746613381
2014-06-30,BLL,0.08177197746613381
2014-06-30,BWA,-0.08177197746613381
2014-06-30,CAH,0.08177197746613381
2014-06-30,CERN,-0.08177197746613381
2014-06-30,COG,-0.08177197746613381
2014-06-30,COH,-0.08177197746613381
2014-06-30,DOFSQ,-0.08177197746613381
2014-06-30,DOW,0.08177197746613381
2014-06-30,DVA,-0.08177197746613381
2014-06-30,EOG,-0.08177197746613381
2014-06-30,FISV,-0.08177197746613381
2014-06-30,FRX,0.08177197746613381
2014-06-30,GD,0.08177197746613381
2014-06-30,GOOGL,-0.08177197746613381
2014-06-30,GRMN,0.08177197746613381
2014-06-30,HAR,0.08177197746613381
2014-06-30,HP,0.08177197746613381
2014-06-30,HRS,0.08177197746613381
2014-06-30,ISRG,-0.08177197746613381
2014-06-30,KMI,-0.08177197746613381
2014-06-30,LLL,0.08177197746613381
2014-06-30,LUV,0.08177197746613381
2014-06-30,LYB,0.08177197746613381
2014-06-30,MA,-0.08177197746613381
2014-06-30,MAR,0.08177197746613381
2014-06-30,MCHP,0.08177197746613381
2014-06-30,NEM,-0.08177197746613381
2014-06-30,NI,0.08177197746613381
2014-06-30,PBI,0.08177197746613381
2014-06-30,RL,-0.08177197746613381
2014-06-30,SPLS,-0.08177197746613381
2014-06-30,STZ,0.08177197746613381
2014-06-30,TGT,-0.08177197746613381
2014-06-30,TSN,0.08177197746613381
2014-06-30,UNP,0.08177197746613381
2014-06-30,URBN,-0.08177197746613381
2014-06-30,VFC,-0.08177197746613381
2014-06-30,VNO,0.08177197746613381
2014-06-30,WFM,-0.08177197746613381
2014-07-31,AA,0.1069520427375246
2014-07-31,ADSK,0.1069520427375246
2014-07-31,AVP,-0.1069520427375246
2014-07-31,BBBY,-0.1069520427375246
2014-07-31,BHI,0.1069520427375246
2014-07-31,BLL,0.1069520427375246
2014-07-31,BWA,-0.1069520427375246
2014-07-31,CAG,-0.1069520427375246
2014-07-31,CAT,0.1069520427375246
2014-07-31,CELG,-0.1069520427375246
2014-07-31,COG,-0.1069520427375246
2014-07-31,COH,-0.1069520427375246
2014-07-31,CTAS,0.1069520427375246
2014-07-31,DOFSQ,-0.1069520427375246
2014-07-31,DOW,0.1069520427375246
2014-07-31,DVA,-0.1069520427375246
2014-07-31,DVN,0.1069520427375246
2014-07-31,EOG,-0.1069520427375246
2014-07-31,FISV,-0.1069520427375246
2014-07-31,HAL,0.1069520427375246
2014-07-31,HP,0.1069520427375246
2014-07-31,J,-0.1069520427375246
2014-07-31,LUV,0.1069520427375246
2014-07-31,LYB,0.1069520427375246
2014-07-31,MA,-0.1069520427375246
2014-07-31,MAR,0.1069520427375246
2014-07-31,MU,0.1069520427375246
2014-07-31,NBR,0.1069520427375246
2014-07-31,NI,0.1069520427375246
2014-07-31,NSC,0.1069520427375246
2014-07-31,PBI,0.1069520427375246
2014-07-31,PETM,-0.1069520427375246
2014-07-31,PKI,0.1069520427375246
2014-07-31,RL,-0.1069520427375246
2014-07-31,SNDK,0.1069520427375246
2014-07-31,SPLS,-0.1069520427375246
2014-07-31,STZ,0.1069520427375246
2014-07-31,TDC,-0.1069520427375246
2014-07-31,TGT,-0.1069520427375246
2014-07-31,UNP,-0.1069520427375246
2014-07-31,URBN,-0.1069520427375246
2014-07-31,VFC,-0.1069520427375246
2014-07-31,WFM,-0.1069520427375246
2014-07-31,WMB,0.1069520427375246
2014-08-31,AA,0.11619207843641084
2014-08-31,AMT,0.11619207843641084
2014-08-31,APH,0.11619207843641084
2014-08-31,AVP,-0.11619207843641084
2014-08-31,BLL,0.11619207843641084
2014-08-31,BWA,-0.11619207843641084
2014-08-31,CAH,0.11619207843641084
2014-08-31,CELG,-0.11619207843641084
2014-08-31,COG,-0.11619207843641084
2014-08-31,COH,-0.11619207843641084
2014-08-31,CTSH,-0.11619207843641084
2014-08-31,DOFSQ,-0.11619207843641084
2014-08-31,DPS,0.11619207843641084
2014-08-31,DTV,0.11619207843641084
2014-08-31,DVA,-0.11619207843641084
2014-08-31,EOG,-0.11619207843641084
2014-08-31,FE,-0.11619207843641084
2014-08-31,FISV,-0.11619207843641084
2014-08-31,FOSL,-0.11619207843641084
2014-08-31,GD,0.11619207843641084
2014-08-31,HP,0.11619207843641084
2014-08-31,HSP,0.11619207843641084
2014-08-31,J,-0.11619207843641084
2014-08-31,LUV,0.11619207843641084
2014-08-31,LYB,0.11619207843641084
2014-08-31,MA,-0.11619207843641084
2014-08-31,MAR,0.11619207843641084
2014-08-31,MSFT,0.11619207843641084
2014-08-31,MU,0.11619207843641084
2014-08-31,NEM,-0.11619207843641084
2014-08-31,NSC,0.11619207843641084
2014-08-31,PBI,0.11619207843641084
2014-08-31,PVH,-0.11619207843641084
2014-08-31,R,0.11619207843641084
2014-08-31,STZ,0.11619207843641084
2014-08-31,TDC,-0.11619207843641084
2014-08-31,TEL,0.11619207843641084
2014-08-31,TMK,-0.11619207843641084
2014-08-31,UNP,-0.11619207843641084
2014-08-31,URBN,-0.11619207843641084
2014-08-31,VFC,-0.11619207843641084
2014-08-31,VNO,0.11619207843641084
2014-08-31,WDC,0.11619207843641084
2014-08-31,WFM,-0.11619207843641084
2014-09-30,AA,0.09689533867451758
2014-09-30,AMT,0.09689533867451758
2014-09-30,APH,0.09689533867451758
2014-09-30,AVP,-0.09689533867451758
2014-09-30,BBBY,-0.09689533867451758
2014-09-30,BLL,0.09689533867451758
2014-09-30,BRCM,0.09689533867451758
2014-09-30,BWA,-0.09689533867451758
2014-09-30,CELG,-0.09689533867451758
2014-09-30,COH,-0.09689533867451758
2014-09-30,CTSH,-0.09689533867451758
2014-09-30,DAL,0.09689533867451758
2014-09-30,DISCA,-0.09689533867451758
2014-09-30,DOFSQ,-0.09689533867451758
2014-09-30,DOW,0.09689533867451758
2014-09-30,DPS,0.09689533867451758
2014-09-30,DTV,0.09689533867451758
2014-09-30,EFX,0.09689533867451758
2014-09-30,EOG,-0.09689533867451758
2014-09-30,FISV,-0.09689533867451758
2014-09-30,FOSL,-0.09689533867451758
2014-09-30,FTR,0.09689533867451758
2014-09-30,GD,0.09689533867451758
2014-09-30,GOOGL,-0.09689533867451758
2014-09-30,HPQ,0.09689533867451758
2014-09-30,LUK,-0.09689533867451758
2014-09-30,LUV,0.09689533867451758
2014-09-30,LYB,0.09689533867451758
2014-09-30,MA,-0.09689533867451758
2014-09-30,MAR,0.09689533867451758
2014-09-30,MAT,-0.09689533867451758
2014-09-30,MSFT,0.09689533867451758
2014-09-30,NI,0.09689533867451758
2014-09-30,PCL,-0.09689533867451758
2014-09-30,R,0.09689533867451758
2014-09-30,SPLS,-0.09689533867451758
2014-09-30,TDC,-0.09689533867451758
2014-09-30,TEL,0.09689533867451758
2014-09-30,TMK,-0.09689533867451758
2014-09-30,UNP,-0.09689533867451758
2014-09-30,VFC,-0.09689533867451758
2014-09-30,VNO,0.09689533867451758
2014-09-30,WDC,0.09689533867451758
2014-09-30,WFM,-0.09689533867451758
2014-10-31,AA,0.08215523468885377
2014-10-31,ANTM,0.08215523468885377
2014-10-31,AVP,-0.08215523468885377
2014-10-31,BRCM,0.08215523468885377
2014-10-31,BWA,-0.08215523468885377
2014-10-31,CELG,-0.08215523468885377
2014-10-31,COH,-0.08215523468885377
2014-10-31,CTAS,0.08215523468885377
2014-10-31,DEN,-0.08215523468885377
2014-10-31,DISCA,-0.08215523468885377
2014-10-31,DOFSQ,-0.08215523468885377
2014-10-31,DPS,0.08215523468885377
2014-10-31,DTV,0.08215523468885377
2014-10-31,DVA,0.08215523468885377
2014-10-31,EOG,-0.08215523468885377
2014-10-31,ESV,-0.08215523468885377
2014-10-31,EW,0.08215523468885377
2014-10-31,FISV,-0.08215523468885377
2014-10-31,FMC,-0.08215523468885377
2014-10-31,FOSL,-0.08215523468885377
2014-10-31,FTR,0.08215523468885377
2014-10-31,GD,0.08215523468885377
2014-10-31,HPQ,0.08215523468885377
2014-10-31,J,-0.08215523468885377
2014-10-31,LLY,0.08215523468885377
2014-10-31,LRCX,0.08215523468885377
2014-10-31,LUK,-0.08215523468885377
2014-10-31,LUV,0.08215523468885377
2014-10-31,LYB,0.08215523468885377
2014-10-31,MA,-0.08215523468885377
2014-10-31,MAR,0.08215523468885377
2014-10-31,MAT,-0.08215523468885377
2014-10-31,MCO,0.08215523468885377
2014-10-31,MSFT,0.08215523468885377
2014-10-31,MU,0.08215523468885377
2014-10-31,NI,0.08215523468885377
2014-10-31,PCL,-0.08215523468885377
2014-10-31,R,0.08215523468885377
2014-10-31,RHI,0.08215523468885377
2014-10-31,RIG,-0.08215523468885377
2014-10-31,TMK,-0.08215523468885377
2014-10-31,UNP,-0.08215523468885377
2014-10-31,VFC,-0.08215523468885377
2014-10-31,WFM,-0.08215523468885377
2014-11-30,AA,0.07651438154954367
2014-11-30,AMT,0.07651438154954367
2014-11-30,AMZN,-0.07651438154954367
2014-11-30,AVP,-0.07651438154954367
2014-11-30,BLL,0.07651438154954367
2014-11-30,BRCM,0.07651438154954367
2014-11-30,BWA,-0.07651438154954367
2014-11-30,CELG,-0.07651438154954367
2014-11-30,COH,-0.07651438154954367
2014-11-30,CTAS,0.07651438154954367
2014-11-30,DISCA,-0.07651438154954367
2014-11-30,DPS,0.07651438154954367
2014-11-30,DTV,0.07651438154954367
2014-11-30,DVA,0.07651438154954367
2014-11-30,EOG,-0.07651438154954367
2014-11-30,ESV,-0.07651438154954367
2014-11-30,EW,0.07651438154954367
2014-11-30,FISV,-0.07651438154954367
2014-11-30,FLR,-0.07651438154954367
2014-11-30,FMC,-0.07651438154954367
2014-11-30,FOSL,-0.07651438154954367
2014-11-30,GD,0.07651438154954367
2014-11-30,GM,-0.07651438154954367
2014-11-30,HSP,0.07651438154954367
2014-11-30,LLY,0.07651438154954367
2014-11-30,LRCX,0.07651438154954367
2014-11-30,LUK,-0.07651438154954367
2014-11-30,LUV,0.07651438154954367
2014-11-30,MA,-0.07651438154954367
2014-11-30,MAR,0.07651438154954367
2014-11-30,MAT,-0.07651438154954367
2014-11-30,MCO,0.07651438154954367
2014-11-30,MSFT,0.07651438154954367
2014-11-30,NI,0.07651438154954367
2014-11-30,NSC,0.07651438154954367
2014-11-30,RHI,0.07651438154954367
2014-11-30,RIG,-0.07651438154954367
2014-11-30,SRE,0.07651438154954367
2014-11-30,TMK,-0.07651438154954367
2014-11-30,UNP,-0.07651438154954367
2014-11-30,VFC,-0.07651438154954367
2014-11-30,WFM,-0.07651438154954367
2014-12-31,A,-0.08827129090244444
2014-12-31,AA,0.08827129090244444
2014-12-31,AIV,0.08827129090244444
2014-12-31,AMT,0.08827129090244444
2014-12-31,AVP,-0.08827129090244444
2014-12-31,BLL,0.08827129090244444
2014-12-31,BRCM,0.08827129090244444
2014-12-31,CELG,-0.08827129090244444
2014-12-31,COH,-0.08827129090244444
2014-12-31,DAL,0.08827129090244444
2014-12-31,DISCA,-0.08827129090244444
2014-12-31,DPS,0.08827129090244444
2014-12-31,EA,0.08827129090244444
2014-12-31,EOG,-0.08827129090244444
2014-12-31,ESV,-0.08827129090244444
2014-12-31,EW,0.08827129090244444
2014-12-31,FLR,-0.08827129090244444
2014-12-31,FLS,-0.08827129090244444
2014-12-31,FMC,-0.08827129090244444
2014-12-31,GD,0.08827129090244444
2014-12-31,GM,-0.08827129090244444
2014-12-31,GOOGL,-0.08827129090244444
2014-12-31,HPQ,0.08827129090244444
2014-12-31,HSP,0.08827129090244444
2014-12-31,LLY,0.08827129090244444
2014-12-31,LRCX,0.08827129090244444
2014-12-31,LUK,-0.08827129090244444
2014-12-31,LUV,0.08827129090244444
2014-12-31,MA,-0.08827129090244444
2014-12-31,MAR,0.08827129090244444
2014-12-31,MAT,-0.08827129090244444
2014-12-31,MSFT,0.08827129090244444
2014-12-31,MU,0.08827129090244444
2014-12-31,MUR,-0.08827129090244444
2014-12-31,NI,0.08827129090244444
2014-12-31,OI,-0.08827129090244444
2014-12-31,QEP,-0.08827129090244444
2014-12-31,RIG,-0.08827129090244444
2014-12-31,SHW,0.08827129090244444
2014-12-31,SRE,0.08827129090244444
2014-12-31,TMK,-0.08827129090244444
2014-12-31,UNP,-0.08827129090244444
2015-01-31,A,-0.0912390244910247
2015-01-31,ALL,0.0912390244910247
2015-01-31,ANTM,0.0912390244910247
2015-01-31,AVP,-0.0912390244910247
2015-01-31,BLL,0.0912390244910247
2015-01-31,BRCM,0.0912390244910247
2015-01-31,CELG,-0.0912390244910247
2015-01-31,CHK,-0.0912390244910247
2015-01-31,COG,-0.0912390244910247
2015-01-31,CTAS,0.0912390244910247
2015-01-31,CVS,0.0912390244910247
2015-01-31,DISCA,-0.0912390244910247
2015-01-31,DPS,0.0912390244910247
2015-01-31,EOG,-0.0912390244910247
2015-01-31,ESV,-0.0912390244910247
2015-01-31,EW,0.0912390244910247
2015-01-31,FLR,-0.0912390244910247
2015-01-31,FMC,-0.0912390244910247
2015-01-31,GGP,0.0912390244910247
2015-01-31,GNW,-0.0912390244910247
2015-01-31,GOOGL,-0.0912390244910247
2015-01-31,HPQ,0.0912390244910247
2015-01-31,KR,0.0912390244910247
2015-01-31,LB,0.0912390244910247
2015-01-31,LEG,0.0912390244910247
2015-01-31,LRCX,0.0912390244910247
2015-01-31,LUK,-0.0912390244910247
2015-01-31,LUV,0.0912390244910247
2015-01-31,MAC,0.0912390244910247
2015-01-31,MAR,0.0912390244910247
2015-01-31,MSFT,0.0912390244910247
2015-01-31,NI,0.0912390244910247
2015-01-31,OKE,-0.0912390244910247
2015-01-31,QEP,-0.0912390244910247
2015-01-31,RHI,0.0912390244910247
2015-01-31,RIG,-0.0912390244910247
2015-01-31,RRC,-0.0912390244910247
2015-01-31,SHW,0.0912390244910247
2015-01-31,SWN,-0.0912390244910247
2015-01-31,TMK,-0.0912390244910247
2015-01-31,UNP,-0.0912390244910247
2015-01-31,WYNN,-0.0912390244910247
2015-02-28,A,-0.09462247027630279
2015-02-28,ALL,0.09462247027630279
2015-02-28,ANTM,0.09462247027630279
2015-02-28,AVP,-0.09462247027630279
2015-02-28,BRCM,0.09462247027630279
2015-02-28,CTAS,0.09462247027630279
2015-02-28,DISCA,-0.09462247027630279
2015-02-28,DPS,0.09462247027630279
2015-02-28,EA,0.09462247027630279
2015-02-28,EMR,-0.09462247027630279
2015-02-28,EOG,-0.09462247027630279
2015-02-28,ESV,-0.09462247027630279
2015-02-28,EW,0.09462247027630279
2015-02-28,FLR,-0.09462247027630279
2015-02-28,FLS,-0.09462247027630279
2015-02-28,GGP,0.09462247027630279
2015-02-28,HP,-0.09462247027630279
2015-02-28,HSP,0.09462247027630279
2015-02-28,JNPR,-0.09462247027630279
2015-02-28,KR,0.09462247027630279
2015-02-28,LB,0.09462247027630279
2015-02-28,LRCX,0.09462247027630279
2015-02-28,LUK,-0.09462247027630279
2015-02-28,LUV,0.09462247027630279
2015-02-28,MAC,0.09462247027630279
2015-02-28,MAR,0.09462247027630279
2015-02-28,MAT,-0.09462247027630279
2015-02-28,MO,0.09462247027630279
2015-02-28,NI,0.09462247027630279
2015-02-28,NOV,-0.09462247027630279
2015-02-28,OI,-0.09462247027630279
2015-02-28,RHI,0.09462247027630279
2015-02-28,RIG,-0.09462247027630279
2015-02-28,RRC,-0.09462247027630279
2015-02-28,SHW,0.09462247027630279
2015-02-28,SWN,-0.09462247027630279
2015-02-28,TMK,-0.09462247027630279
2015-02-28,TSO,0.09462247027630279
2015-02-28,UNP,-0.09462247027630279
2015-02-28,VIAB,-0.09462247027630279
2015-02-28,WM,0.09462247027630279
2015-02-28,WYNN,-0.09462247027630279
2015-03-31,AAPL,-0.08699855290839534
2015-03-31,ABC,0.08699855290839534
2015-03-31,ALL,0.08699855290839534
2015-03-31,ANTM,0.08699855290839534
2015-03-31,CHK,-0.08699855290839534
2015-03-31,COST,0.08699855290839534
2015-03-31,CTAS,0.08699855290839534
2015-03-31,CVS,0.08699855290839534
2015-03-31,DISCA,-0.08699855290839534
2015-03-31,DLTR,0.08699855290839534
2015-03-31,DPS,0.08699855290839534
2015-03-31,EA,0.08699855290839534
2015-03-31,EMR,-0.08699855290839534
2015-03-31,EOG,-0.08699855290839534
2015-03-31,ESV,-0.08699855290839534
2015-03-31,EW,0.08699855290839534
2015-03-31,FISV,0.08699855290839534
2015-03-31,FLR,-0.08699855290839534
2015-03-31,FOSL,-0.08699855290839534
2015-03-31,GNW,-0.08699855290839534
2015-03-31,HP,-0.08699855290839534
2015-03-31,HSP,0.08699855290839534
2015-03-31,KORS,-0.08699855290839534
2015-03-31,KR,0.08699855290839534
2015-03-31,LB,0.08699855290839534
2015-03-31,LRCX,0.08699855290839534
2015-03-31,LUK,-0.08699855290839534
2015-03-31,LUV,0.08699855290839534
2015-03-31,MAR,0.08699855290839534
2015-03-31,MAT,-0.08699855290839534
2015-03-31,MO,0.08699855290839534
2015-03-31,NBL,-0.08699855290839534
2015-03-31,NOC,0.08699855290839534
2015-03-31,NOV,-0.08699855290839534
2015-03-31,OXY,-0.08699855290839534
2015-03-31,PBI,-0.08699855290839534
2015-03-31,RHI,0.08699855290839534
2015-03-31,RIG,-0.08699855290839534
2015-03-31,RRC,-0.08699855290839534
2015-03-31,SHW,0.08699855290839534
2015-03-31,SWN,-0.08699855290839534
2015-03-31,TMK,-0.08699855290839534
2015-03-31,TSO,0.08699855290839534
2015-03-31,UNP,-0.08699855290839534
2015-03-31,WM,0.08699855290839534
2015-03-31,WYNN,-0.08699855290839534
2015-04-30,AAPL,-0.027658910350500415
2015-04-30,ABC,0.027658910350500415
2015-04-30,AET,0.027658910350500412
2015-04-30,ALL,0.027658910350500415
2015-04-30,ANTM,0.027658910350500415
2015-04-30,CAH,0.027658910350500412
2015-04-30,CHK,-0.027658910350500415
2015-04-30,CI,0.027658910350500412
2015-04-30,CNP,-0.027658910350500412
2015-04-30,COST,0.027658910350500415
2015-04-30,CTAS,0.027658910350500415
2015-04-30,CVS,0.027658910350500415
2015-04-30,DLTR,0.027658910350500415
2015-04-30,DOV,-0.027658910350500412
2015-04-30,DPS,0.027658910350500415
2015-04-30,EA,0.027658910350500415
2015-04-30,EMR,-0.027658910350500415
2015-04-30,ESV,-0.027658910350500415
2015-04-30,EW,0.027658910350500415
2015-04-30,FIS,0.027658910350500412
2015-04-30,FLR,-0.027658910350500415
2015-04-30,GNW,-0.027658910350500415
2015-04-30,HP,-0.027658910350500415
2015-04-30,HUM,0.027658910350500412
2015-04-30,JOY,-0.027658910350500412
2015-04-30,KORS,-0.027658910350500415
2015-04-30,KR,0.027658910350500415
2015-04-30,LB,0.027658910350500415
2015-04-30,LLY,0.027658910350500412
2015-04-30,LOW,0.027658910350500412
2015-04-30,LUV,0.027658910350500415
2015-04-30,MAT,-0.027658910350500415
2015-04-30,NOC,0.027658910350500415
2015-04-30,NOV,-0.027658910350500415
2015-04-30,OXY,-0.027658910350500415
2015-04-30,PBI,-0.027658910350500415
2015-04-30,RIG,-0.027658910350500415
2015-04-30,RRC,-0.027658910350500415
2015-04-30,SHW,0.027658910350500415
2015-04-30,SWN,-0.027658910350500415
2015-04-30,TMK,-0.027658910350500415
2015-04-30,UNH,0.027658910350500412
2015-04-30,UNP,-0.027658910350500415
2015-04-30,V,-0.027658910350500412
2015-04-30,WYNN,-0.027658910350500415
2015-04-30,XOM,-0.027658910350500412
2015-05-31,A,-0.02096088392486893
2015-05-31,AAPL,-0.02096088392486893
2015-05-31,ABC,0.02096088392486893
2015-05-31,AET,0.02096088392486893
2015-05-31,ANTM,0.02096088392486893
2015-05-31,BRCM,0.02096088392486893
2015-05-31,CELG,-0.02096088392486893
2015-05-31,CERN,0.02096088392486893
2015-05-31,CHK,-0.02096088392486893
2015-05-31,CTAS,0.02096088392486893
2015-05-31,DISCA,-0.02096088392486893
2015-05-31,DLTR,0.02096088392486893
2015-05-31,EFX,0.02096088392486893
2015-05-31,EMR,-0.02096088392486893
2015-05-31,ESV,-0.02096088392486893
2015-05-31,EW,0.02096088392486893
2015-05-31,EXPE,0.02096088392486893
2015-05-31,FISV,0.02096088392486893
2015-05-31,FLR,-0.02096088392486893
2015-05-31,GRMN,-0.02096088392486893
2015-05-31,KORS,-0.02096088392486893
2015-05-31,KR,0.02096088392486893
2015-05-31,LB,0.02096088392486893
2015-05-31,LLY,0.02096088392486893
2015-05-31,LOW,0.02096088392486893
2015-05-31,MNST,0.02096088392486893
2015-05-31,NBL,-0.02096088392486893
2015-05-31,NOC,0.02096088392486893
2015-05-31,NOV,-0.02096088392486893
2015-05-31,NRG,-0.02096088392486893
2015-05-31,OKE,-0.02096088392486893
2015-05-31,ORLY,0.02096088392486893
2015-05-31,PBI,-0.02096088392486893
2015-05-31,REGN,0.02096088392486893
2015-05-31,RHT,0.02096088392486893
2015-05-31,RIG,-0.02096088392486893
2015-05-31,SBUX,-0.02096088392486893
2015-05-31,SHW,0.02096088392486893
2015-05-31,STZ,0.02096088392486893
2015-05-31,SWN,-0.02096088392486893
2015-05-31,TMK,-0.02096088392486893
2015-05-31,UNH,0.02096088392486893
2015-05-31,UNP,-0.02096088392486893
2015-05-31,V,-0.02096088392486893
2015-05-31,WYNN,-0.02096088392486893
2015-05-31,XOM,-0.02096088392486893
2015-06-30,ABC,0.020694060414513365
2015-06-30,AET,0.020694060414513365
2015-06-30,ANTM,0.020694060414513365
2015-06-30,APA,-0.020694060414513365
2015-06-30,AVGO,0.020694060414513365
2015-06-30,BMY,0.020694060414513365
2015-06-30,CHK,-0.020694060414513365
2015-06-30,CI,0.020694060414513365
2015-06-30,CNP,-0.020694060414513365
2015-06-30,COP,-0.020694060414513365
2015-06-30,CTAS,0.020694060414513365
2015-06-30,CVS,0.020694060414513365
2015-06-30,EA,0.020694060414513365
2015-06-30,EFX,0.020694060414513365
2015-06-30,ESV,-0.020694060414513365
2015-06-30,FISV,0.020694060414513365
2015-06-30,FLR,-0.020694060414513365
2015-06-30,GRMN,-0.020694060414513365
2015-06-30,JOY,-0.020694060414513365
2015-06-30,KORS,-0.020694060414513365
2015-06-30,KR,0.020694060414513365
2015-06-30,LB,0.020694060414513365
2015-06-30,LLY,0.020694060414513365
2015-06-30,LOW,0.020694060414513365
2015-06-30,MCK,0.020694060414513365
2015-06-30,MUR,-0.020694060414513365
2015-06-30,NBL,-0.020694060414513365
2015-06-30,NOC,0.020694060414513365
2015-06-30,NOV,-0.020694060414513365
2015-06-30,NRG,-0.020694060414513365
2015-06-30,OKE,-0.020694060414513365
2015-06-30,ORLY,0.020694060414513365
2015-06-30,PBI,-0.020694060414513365
2015-06-30,QEP,-0.020694060414513365
2015-06-30,REGN,0.020694060414513365
2015-06-30,SBUX,-0.020694060414513365
2015-06-30,SHW,0.020694060414513365
2015-06-30,SNI,-0.020694060414513365
2015-06-30,STZ,0.020694060414513365
2015-06-30,SWN,-0.020694060414513365
2015-06-30,TMK,-0.020694060414513365
2015-06-30,TSS,0.020694060414513365
2015-06-30,UNH,0.020694060414513365
2015-06-30,V,-0.020694060414513365
2015-06-30,WYNN,-0.020694060414513365
2015-06-30,XOM,-0.020694060414513365
2015-07-31,AA,-0.03745512243410646
2015-07-31,AET,0.03745512243410646
2015-07-31,ANTM,0.03745512243410646
2015-07-31,APA,-0.03745512243410646
2015-07-31,CAG,0.03745512243410646
2015-07-31,CF,-0.03745512243410646
2015-07-31,CHK,-0.03745512243410646
2015-07-31,CI,0.03745512243410646
2015-07-31,CNP,-0.03745512243410646
2015-07-31,COP,-0.03745512243410646
2015-07-31,CTAS,0.03745512243410646
2015-07-31,CVS,0.03745512243410646
2015-07-31,CVX,-0.03745512243410646
2015-07-31,DRI,0.03745512243410646
2015-07-31,EA,0.03745512243410646
2015-07-31,ETFC,0.03745512243410646
2015-07-31,FISV,0.03745512243410646
2015-07-31,FLR,-0.03745512243410646
2015-07-31,HAS,0.03745512243410646
2015-07-31,JOY,-0.03745512243410646
2015-07-31,KORS,-0.03745512243410646
2015-07-31,KR,0.03745512243410646
2015-07-31,LB,0.03745512243410646
2015-07-31,LLY,0.03745512243410646
2015-07-31,MNST,0.03745512243410646
2015-07-31,MPC,-0.03745512243410646
2015-07-31,MUR,-0.03745512243410646
2015-07-31,NOC,0.03745512243410646
2015-07-31,NOV,-0.03745512243410646
2015-07-31,OKE,-0.03745512243410646
2015-07-31,ORLY,0.03745512243410646
2015-07-31,PBI,-0.03745512243410646
2015-07-31,PPG,-0.03745512243410646
2015-07-31,REGN,0.03745512243410646
2015-07-31,SBUX,-0.03745512243410646
2015-07-31,SE,-0.03745512243410646
2015-07-31,SEE,0.03745512243410646
2015-07-31,SHW,0.03745512243410646
2015-07-31,SNI,-0.03745512243410646
2015-07-31,STZ,0.03745512243410646
2015-07-31,SWN,-0.03745512243410646
2015-07-31,TSS,0.03745512243410646
2015-07-31,UNH,0.03745512243410646
2015-07-31,V,-0.03745512243410646
2015-07-31,WYNN,-0.03745512243410646
2015-07-31,XOM,-0.03745512243410646
2015-08-31,AA,-0.04081701638065468
2015-08-31,ABT,0.04081701638065468
2015-08-31,APA,-0.04081701638065468
2015-08-31,CAG,0.04081701638065468
2015-08-31,CCL,0.04081701638065468
2015-08-31,CF,-0.04081701638065468
2015-08-31,CHK,-0.04081701638065468
2015-08-31,CLX,0.04081701638065468
2015-08-31,CNP,-0.04081701638065468
2015-08-31,CTAS,0.04081701638065468
2015-08-31,CVS,0.04081701638065468
2015-08-31,CVX,-0.04081701638065468
2015-08-31,DIS,0.04081701638065468
2015-08-31,DLTR,0.04081701638065468
2015-08-31,DRI,0.04081701638065468
2015-08-31,EA,0.04081701638065468
2015-08-31,EXPE,0.04081701638065468
2015-08-31,FISV,0.04081701638065468
2015-08-31,FLR,-0.04081701638065468
2015-08-31,GRMN,-0.04081701638065468
2015-08-31,HAS,0.04081701638065468
2015-08-31,JOY,-0.04081701638065468
2015-08-31,KORS,-0.04081701638065468
2015-08-31,LLY,0.04081701638065468
2015-08-31,MPC,-0.04081701638065468
2015-08-31,MUR,-0.04081701638065468
2015-08-31,NBL,-0.04081701638065468
2015-08-31,NKE,0.04081701638065468
2015-08-31,NOC,0.04081701638065468
2015-08-31,NOV,-0.04081701638065468
2015-08-31,NWL,0.04081701638065468
2015-08-31,OKE,-0.04081701638065468
2015-08-31,ORLY,0.04081701638065468
2015-08-31,PBI,-0.04081701638065468
2015-08-31,PPG,-0.04081701638065468
2015-08-31,REGN,0.04081701638065468
2015-08-31,SBUX,-0.04081701638065468
2015-08-31,SE,-0.04081701638065468
2015-08-31,SNA,0.04081701638065468
2015-08-31,SNI,-0.04081701638065468
2015-08-31,STZ,0.04081701638065468
2015-08-31,TSS,0.04081701638065468
2015-08-31,UNH,0.04081701638065468
2015-08-31,V,-0.04081701638065468
2015-08-31,WYNN,-0.04081701638065468
2015-08-31,XOM,-0.04081701638065468
2015-09-30,AA,-0.042405414308455826
2015-09-30,AET,0.042405414308455826
2015-09-30,AMZN,0.042405414308455826
2015-09-30,AZO,0.042405414308455826
2015-09-30,BEN,-0.042405414308455826
2015-09-30,BSX,0.042405414308455826
2015-09-30,CF,-0.042405414308455826
2015-09-30,CHK,-0.042405414308455826
2015-09-30,CI,0.042405414308455826
2015-09-30,CNP,-0.042405414308455826
2015-09-30,DHI,0.042405414308455826
2015-09-30,DLTR,0.042405414308455826
2015-09-30,EA,0.042405414308455826
2015-09-30,EFX,0.042405414308455826
2015-09-30,FISV,0.042405414308455826
2015-09-30,GRMN,-0.042405414308455826
2015-09-30,HAS,0.042405414308455826
2015-09-30,HD,0.042405414308455826
2015-09-30,JOY,-0.042405414308455826
2015-09-30,KLAC,-0.042405414308455826
2015-09-30,LLY,0.042405414308455826
2015-09-30,MHK,0.042405414308455826
2015-09-30,MPC,-0.042405414308455826
2015-09-30,NBL,-0.042405414308455826
2015-09-30,NOV,-0.042405414308455826
2015-09-30,NRG,-0.042405414308455826
2015-09-30,NSC,-0.042405414308455826
2015-09-30,NTAP,-0.042405414308455826
2015-09-30,OKE,-0.042405414308455826
2015-09-30,ORLY,0.042405414308455826
2015-09-30,PBI,-0.042405414308455826
2015-09-30,PPG,-0.042405414308455826
2015-09-30,PWR,-0.042405414308455826
2015-09-30,RAI,0.042405414308455826
2015-09-30,REGN,0.042405414308455826
2015-09-30,SBUX,-0.042405414308455826
2015-09-30,SE,-0.042405414308455826
2015-09-30,SEE,0.042405414308455826
2015-09-30,SNA,0.042405414308455826
2015-09-30,SNI,-0.042405414308455826
2015-09-30,STZ,0.042405414308455826
2015-09-30,TSS,0.042405414308455826
2015-09-30,UNH,0.042405414308455826
2015-09-30,V,-0.042405414308455826
2015-09-30,VMC,0.042405414308455826
2015-09-30,WYNN,-0.042405414308455826
2015-10-31,AA,-0.04459614500568327
2015-10-31,AET,0.04459614500568327
2015-10-31,ALTR,0.04459614500568327
2015-10-31,AMZN,0.04459614500568327
2015-10-31,AVY,0.04459614500568327
2015-10-31,AZO,0.04459614500568327
2015-10-31,BEN,-0.04459614500568327
2015-10-31,CF,-0.04459614500568327
2015-10-31,CHK,-0.04459614500568327
2015-10-31,CLX,0.04459614500568327
2015-10-31,CNP,-0.04459614500568327
2015-10-31,CTAS,0.04459614500568327
2015-10-31,CVC,0.04459614500568327
2015-10-31,CVX,-0.04459614500568327
2015-10-31,DRI,0.04459614500568327
2015-10-31,EA,0.04459614500568327
2015-10-31,EFX,0.04459614500568327
2015-10-31,EMR,-0.04459614500568327
2015-10-31,EXPE,0.04459614500568327
2015-10-31,FISV,0.04459614500568327
2015-10-31,GRMN,-0.04459614500568327
2015-10-31,KLAC,-0.04459614500568327
2015-10-31,LLY,0.04459614500568327
2015-10-31,MHK,0.04459614500568327
2015-10-31,MKC,0.04459614500568327
2015-10-31,MPC,-0.04459614500568327
2015-10-31,NBL,-0.04459614500568327
2015-10-31,NDAQ,0.04459614500568327
2015-10-31,NKE,0.04459614500568327
2015-10-31,NOV,-0.04459614500568327
2015-10-31,NSC,-0.04459614500568327
2015-10-31,NTAP,-0.04459614500568327
2015-10-31,OKE,-0.04459614500568327
2015-10-31,ORLY,0.04459614500568327
2015-10-31,PBI,-0.04459614500568327
2015-10-31,PPG,-0.04459614500568327
2015-10-31,SBUX,-0.04459614500568327
2015-10-31,SE,-0.04459614500568327
2015-10-31,SIAL,0.04459614500568327
2015-10-31,SNI,-0.04459614500568327
2015-10-31,STZ,0.04459614500568327
2015-10-31,TSS,0.04459614500568327
2015-10-31,V,-0.04459614500568327
2015-10-31,VMC,0.04459614500568327
2015-10-31,WYNN,-0.04459614500568327
2015-10-31,XOM,-0.04459614500568327
2015-11-30,AA,-0.045937151172620413
2015-11-30,AET,0.045937151172620413
2015-11-30,AMZN,0.045937151172620413
2015-11-30,AVY,0.045937151172620413
2015-11-30,AZO,0.045937151172620413
2015-11-30,BSX,0.045937151172620413
2015-11-30,CF,-0.045937151172620413
2015-11-30,CHK,-0.045937151172620413
2015-11-30,CLX,0.045937151172620413
2015-11-30,CMI,-0.045937151172620413
2015-11-30,CNP,-0.045937151172620413
2015-11-30,CTAS,0.045937151172620413
2015-11-30,EA,0.045937151172620413
2015-11-30,EFX,0.045937151172620413
2015-11-30,EXC,-0.045937151172620413
2015-11-30,EXPE,0.045937151172620413
2015-11-30,FB,0.045937151172620413
2015-11-30,FISV,0.045937151172620413
2015-11-30,FOSL,-0.045937151172620413
2015-11-30,GMCR,-0.045937151172620413
2015-11-30,GRMN,-0.045937151172620413
2015-11-30,HD,0.045937151172620413
2015-11-30,HOG,-0.045937151172620413
2015-11-30,HRL,0.045937151172620413
2015-11-30,KMI,-0.045937151172620413
2015-11-30,KORS,-0.045937151172620413
2015-11-30,LLY,0.045937151172620413
2015-11-30,MPC,-0.045937151172620413
2015-11-30,NDAQ,0.045937151172620413
2015-11-30,NKE,0.045937151172620413
2015-11-30,NOC,0.045937151172620413
2015-11-30,NOV,-0.045937151172620413
2015-11-30,NRG,-0.045937151172620413
2015-11-30,NSC,-0.045937151172620413
2015-11-30,OKE,-0.045937151172620413
2015-11-30,ORLY,0.045937151172620413
2015-11-30,PBI,-0.045937151172620413
2015-11-30,PGR,0.045937151172620413
2015-11-30,PPG,-0.045937151172620413
2015-11-30,ROST,-0.045937151172620413
2015-11-30,SBUX,-0.045937151172620413
2015-11-30,STZ,0.045937151172620413
2015-11-30,SWN,-0.045937151172620413
2015-11-30,TSO,0.045937151172620413
2015-11-30,TSS,0.045937151172620413
2015-11-30,V,-0.045937151172620413
2015-11-30,VMC,0.045937151172620413
2015-11-30,XRX,-0.045937151172620413
2015-12-31,AA,-0.050094805520190064
2015-12-31,AGN,0.050094805520190064
2015-12-31,AMZN,0.050094805520190064
2015-12-31,AZO,0.050094805520190064
2015-12-31,BBBY,-0.050094805520190064
2015-12-31,BSX,0.050094805520190064
2015-12-31,CF,-0.050094805520190064
2015-12-31,CHK,-0.050094805520190064
2015-12-31,CLX,0.050094805520190064
2015-12-31,CMI,-0.050094805520190064
2015-12-31,CNP,-0.050094805520190064
2015-12-31,EA,0.050094805520190064
2015-12-31,EFX,0.050094805520190064
2015-12-31,EXC,-0.050094805520190064
2015-12-31,EXPE,0.050094805520190064
2015-12-31,FB,0.050094805520190064
2015-12-31,FISV,0.050094805520190064
2015-12-31,FOSL,-0.050094805520190064
2015-12-31,GMCR,-0.050094805520190064
2015-12-31,GOOG,0.050094805520190064
2015-12-31,GOOGL,0.050094805520190064
2015-12-31,GPS,-0.050094805520190064
2015-12-31,GRMN,-0.050094805520190064
2015-12-31,GWW,-0.050094805520190064
2015-12-31,HD,0.050094805520190064
2015-12-31,HRL,0.050094805520190064
2015-12-31,KMI,-0.050094805520190064
2015-12-31,KR,-0.050094805520190064
2015-12-31,NKE,0.050094805520190064
2015-12-31,NOV,-0.050094805520190064
2015-12-31,NRG,-0.050094805520190064
2015-12-31,NVDA,0.050094805520190064
2015-12-31,ORLY,0.050094805520190064
2015-12-31,PPG,-0.050094805520190064
2015-12-31,PSA,0.050094805520190064
2015-12-31,ROST,-0.050094805520190064
2015-12-31,SBUX,-0.050094805520190064
2015-12-31,STZ,0.050094805520190064
2015-12-31,SWN,-0.050094805520190064
2015-12-31,TSO,0.050094805520190064
2015-12-31,TSS,0.050094805520190064
2015-12-31,UNP,-0.050094805520190064
2015-12-31,V,-0.050094805520190064
2015-12-31,VLO,0.050094805520190064
2015-12-31,VMC,0.050094805520190064
2015-12-31,VRSN,0.050094805520190064
2015-12-31,WFM,-0.050094805520190064
2015-12-31,WMT,-0.050094805520190064
2016-01-31,AA,-0.052109461091294926
2016-01-31,ADBE,0.052109461091294926
2016-01-31,AMZN,0.052109461091294926
2016-01-31,AZO,0.052109461091294926
2016-01-31,BBBY,-0.052109461091294926
2016-01-31,CF,-0.052109461091294926
2016-01-31,CHK,-0.052109461091294926
2016-01-31,CLX,0.052109461091294926
2016-01-31,CMI,-0.052109461091294926
2016-01-31,CVC,0.052109461091294926
2016-01-31,EFX,0.052109461091294926
2016-01-31,EW,-0.052109461091294926
2016-01-31,EXC,-0.052109461091294926
2016-01-31,EXPE,0.052109461091294926
2016-01-31,FB,0.052109461091294926
2016-01-31,FISV,0.052109461091294926
2016-01-31,GOOG,0.052109461091294926
2016-01-31,GOOGL,0.052109461091294926
2016-01-31,GPS,-0.052109461091294926
2016-01-31,GRMN,-0.052109461091294926
2016-01-31,HD,0.052109461091294926
2016-01-31,HOG,-0.052109461091294926
2016-01-31,HRL,0.052109461091294926
2016-01-31,HST,-0.052109461091294926
2016-01-31,JWN,-0.052109461091294926
2016-01-31,KMI,-0.052109461091294926
2016-01-31,KR,-0.052109461091294926
2016-01-31,MCD,0.052109461091294926
2016-01-31,MKC,0.052109461091294926
2016-01-31,NDAQ,0.052109461091294926
2016-01-31,NKE,-0.05210946109129493
2016-01-31,NRG,-0.052109461091294926
2016-01-31,NVDA,0.052109461091294926
2016-01-31,OKE,-0.052109461091294926
2016-01-31,ORLY,0.052109461091294926
2016-01-31,PPG,-0.052109461091294926
2016-01-31,ROST,-0.052109461091294926
2016-01-31,SBUX,-0.052109461091294926
2016-01-31,SNA,0.052109461091294926
2016-01-31,STZ,0.052109461091294926
2016-01-31,SWN,-0.052109461091294926
2016-01-31,TSN,0.052109461091294926
2016-01-31,TSS,0.052109461091294926
2016-01-31,UNP,-0.052109461091294926
2016-01-31,V,-0.052109461091294926
2016-01-31,VRSN,0.052109461091294926
2016-01-31,WMT,-0.052109461091294926
2016-01-31,XL,0.052109461091294926
2016-02-29,ACN,0.05118630164328978
2016-02-29,AIZ,0.05118630164328978
2016-02-29,AMZN,0.05118630164328978
2016-02-29,AZO,0.05118630164328978
2016-02-29,BBBY,-0.05118630164328978
2016-02-29,CAG,0.05118630164328978
2016-02-29,CF,-0.05118630164328978
2016-02-29,CHK,-0.05118630164328978
2016-02-29,CLX,0.05118630164328978
2016-02-29,CMI,-0.05118630164328978
2016-02-29,CPB,0.05118630164328978
2016-02-29,CVC,0.05118630164328978
2016-02-29,EW,-0.05118630164328978
2016-02-29,FB,0.05118630164328978
2016-02-29,FISV,0.05118630164328978
2016-02-29,GOOG,0.05118630164328978
2016-02-29,GOOGL,0.05118630164328978
2016-02-29,GPS,-0.05118630164328978
2016-02-29,GRMN,-0.05118630164328978
2016-02-29,GWW,-0.05118630164328978
2016-02-29,HOG,-0.05118630164328978
2016-02-29,HRL,0.05118630164328978
2016-02-29,HST,-0.05118630164328978
2016-02-29,JWN,-0.05118630164328978
2016-02-29,K,0.05118630164328978
2016-02-29,KR,-0.05118630164328978
2016-02-29,LM,-0.05118630164328978
2016-02-29,MCD,0.05118630164328978
2016-02-29,MKC,0.05118630164328978
2016-02-29,NDAQ,0.05118630164328978
2016-02-29,NKE,-0.05118630164328978
2016-02-29,NOV,-0.05118630164328978
2016-02-29,NRG,-0.05118630164328978
2016-02-29,NVDA,0.05118630164328978
2016-02-29,ORLY,0.05118630164328978
2016-02-29,PGR,0.05118630164328978
2016-02-29,PPG,-0.05118630164328978
2016-02-29,PSA,0.05118630164328978
2016-02-29,R,-0.05118630164328978
2016-02-29,RHI,-0.05118630164328978
2016-02-29,ROST,-0.05118630164328978
2016-02-29,SBUX,-0.05118630164328978
2016-02-29,STZ,0.05118630164328978
2016-02-29,TDC,-0.05118630164328978
2016-02-29,TE,0.05118630164328978
2016-02-29,TSN,0.05118630164328978
2016-02-29,UNP,-0.05118630164328978
2016-02-29,V,-0.05118630164328978
2016-03-31,AMP,-0.05150593373541994
2016-03-31,AMZN,0.05150593373541994
2016-03-31,BHI,-0.05150593373541994
2016-03-31,CAM,0.05150593373541994
2016-03-31,CF,-0.05150593373541994
2016-03-31,CHK,-0.05150593373541994
2016-03-31,CLX,0.05150593373541994
2016-03-31,CPB,0.05150593373541994
2016-03-31,CVC,0.05150593373541994
2016-03-31,ENDP,-0.05150593373541994
2016-03-31,EQIX,0.05150593373541994
2016-03-31,FB,0.05150593373541994
2016-03-31,FISV,0.05150593373541994
2016-03-31,GAS,0.05150593373541994
2016-03-31,HRL,-0.05150593373541994
2016-03-31,JWN,-0.05150593373541994
2016-03-31,K,0.05150593373541994
2016-03-31,KMB,0.05150593373541994
2016-03-31,KR,-0.05150593373541994
2016-03-31,KSS,-0.05150593373541994
2016-03-31,LM,-0.05150593373541994
2016-03-31,LUK,-0.05150593373541994
2016-03-31,MCD,0.05150593373541994
2016-03-31,MKC,0.05150593373541994
2016-03-31,MPC,-0.05150593373541994
2016-03-31,MUR,-0.05150593373541994
2016-03-31,NDAQ,0.05150593373541994
2016-03-31,NKE,-0.05150593373541994
2016-03-31,NOV,-0.05150593373541994
2016-03-31,NRG,-0.05150593373541994
2016-03-31,NVDA,0.05150593373541994
2016-03-31,OKE,-0.05150593373541994
2016-03-31,ORLY,0.05150593373541994
2016-03-31,PBI,-0.05150593373541994
2016-03-31,PGR,0.05150593373541994
2016-03-31,PPG,-0.05150593373541994
2016-03-31,PSA,0.05150593373541994
2016-03-31,R,-0.05150593373541994
2016-03-31,RHI,-0.05150593373541994
2016-03-31,ROST,-0.05150593373541994
2016-03-31,SBUX,-0.05150593373541994
2016-03-31,SCG,0.05150593373541994
2016-03-31,STZ,0.05150593373541994
2016-03-31,T,0.05150593373541994
2016-03-31,TDC,-0.05150593373541994
2016-03-31,TE,0.05150593373541994
2016-03-31,TSN,0.05150593373541994
2016-03-31,TWC,0.05150593373541994
2016-04-30,ABC,-0.05060250551741934
2016-04-30,BHI,-0.05060250551741934
2016-04-30,CF,-0.05060250551741934
2016-04-30,CLX,0.05060250551741934
2016-04-30,CPB,0.05060250551741934
2016-04-30,CVC,0.05060250551741934
2016-04-30,ENDP,-0.05060250551741934
2016-04-30,EQIX,0.05060250551741934
2016-04-30,FB,0.05060250551741934
2016-04-30,FISV,0.05060250551741934
2016-04-30,HRL,-0.05060250551741934
2016-04-30,K,0.05060250551741934
2016-04-30,KMI,-0.05060250551741934
2016-04-30,KR,-0.05060250551741934
2016-04-30,KSS,-0.05060250551741934
2016-04-30,LUK,-0.05060250551741934
2016-04-30,MCD,0.05060250551741934
2016-04-30,MKC,0.05060250551741934
2016-04-30,MPC,-0.05060250551741934
2016-04-30,MS,-0.05060250551741934
2016-04-30,MU,-0.05060250551741934
2016-04-30,NDAQ,0.05060250551741934
2016-04-30,NFLX,-0.05060250551741934
2016-04-30,NKE,-0.05060250551741934
2016-04-30,NOC,0.05060250551741934
2016-04-30,NOV,-0.05060250551741934
2016-04-30,NRG,-0.05060250551741934
2016-04-30,NVDA,0.05060250551741934
2016-04-30,O,0.05060250551741934
2016-04-30,ORLY,0.05060250551741934
2016-04-30,PGR,0.05060250551741934
2016-04-30,PPG,-0.05060250551741934
2016-04-30,PSA,0.05060250551741934
2016-04-30,RAI,-0.05060250551741934
2016-04-30,ROST,-0.05060250551741934
2016-04-30,SCG,0.05060250551741934
2016-04-30,STZ,0.05060250551741934
2016-04-30,SYMC,-0.05060250551741934
2016-04-30,SYY,0.05060250551741934
2016-04-30,TDC,-0.05060250551741934
2016-04-30,TJX,0.05060250551741934
2016-04-30,TSN,0.05060250551741934
2016-04-30,TWC,0.05060250551741934
2016-04-30,WDC,-0.05060250551741934
2016-04-30,WMB,-0.05060250551741934
2016-04-30,XEL,0.05060250551741934
2016-05-31,ABC,-0.044189005528362225
2016-05-31,AMZN,0.044189005528362225
2016-05-31,BBBY,-0.044189005528362225
2016-05-31,BCR,0.044189005528362225
2016-05-31,CF,-0.044189005528362225
2016-05-31,CINF,0.044189005528362225
2016-05-31,CLX,0.044189005528362225
2016-05-31,CPB,0.044189005528362225
2016-05-31,ENDP,-0.044189005528362225
2016-05-31,EQIX,0.044189005528362225
2016-05-31,FB,0.044189005528362225
2016-05-31,FISV,0.044189005528362225
2016-05-31,GPS,-0.044189005528362225
2016-05-31,HD,0.044189005528362225
2016-05-31,HRL,-0.044189005528362225
2016-05-31,ISRG,0.044189005528362225
2016-05-31,K,0.044189005528362225
2016-05-31,KMI,-0.044189005528362225
2016-05-31,KR,-0.044189005528362225
2016-05-31,KSS,-0.044189005528362225
2016-05-31,LMT,0.044189005528362225
2016-05-31,LUK,-0.044189005528362225
2016-05-31,MCD,0.044189005528362225
2016-05-31,MKC,0.044189005528362225
2016-05-31,MPC,-0.044189005528362225
2016-05-31,MSI,0.044189005528362225
2016-05-31,MU,-0.044189005528362225
2016-05-31,NFLX,-0.044189005528362225
2016-05-31,NKE,-0.044189005528362225
2016-05-31,NOC,0.044189005528362225
2016-05-31,NVDA,0.044189005528362225
2016-05-31,O,0.044189005528362225
2016-05-31,PPG,-0.044189005528362225
2016-05-31,PRGO,-0.044189005528362225
2016-05-31,RAI,-0.044189005528362225
2016-05-31,ROST,-0.044189005528362225
2016-05-31,SCG,0.044189005528362225
2016-05-31,STX,-0.044189005528362225
2016-05-31,STZ,0.044189005528362225
2016-05-31,SYMC,-0.044189005528362225
2016-05-31,SYY,0.044189005528362225
2016-05-31,TDC,-0.044189005528362225
2016-05-31,TJX,0.044189005528362225
2016-05-31,TSN,0.044189005528362225
2016-05-31,WDC,-0.044189005528362225
2016-05-31,WMB,-0.044189005528362225
2016-06-30,ABC,-0.04382866260542685
2016-06-30,AEE,0.04382866260542685
2016-06-30,AMZN,0.04382866260542685
2016-06-30,ANTM,-0.04382866260542685
2016-06-30,BBBY,-0.04382866260542685
2016-06-30,BHI,-0.04382866260542685
2016-06-30,CF,-0.04382866260542685
2016-06-30,CINF,0.04382866260542685
2016-06-30,CLX,0.04382866260542685
2016-06-30,CMS,0.04382866260542685
2016-06-30,CPB,0.04382866260542685
2016-06-30,ENDP,-0.04382866260542685
2016-06-30,EQIX,0.04382866260542685
2016-06-30,FB,0.04382866260542685
2016-06-30,GPS,-0.04382866260542685
2016-06-30,GS,-0.04382866260542685
2016-06-30,HRL,-0.04382866260542685
2016-06-30,JWN,-0.04382866260542685
2016-06-30,K,0.04382866260542685
2016-06-30,KMI,-0.04382866260542685
2016-06-30,KR,-0.04382866260542685
2016-06-30,KSS,-0.04382866260542685
2016-06-30,LMT,0.04382866260542685
2016-06-30,M,-0.04382866260542685
2016-06-30,MO,0.04382866260542685
2016-06-30,MOS,-0.04382866260542685
2016-06-30,NDAQ,0.04382866260542685
2016-06-30,NFLX,-0.04382866260542685
2016-06-30,NKE,-0.04382866260542685
2016-06-30,NOC,0.04382866260542685
2016-06-30,NOV,-0.04382866260542685
2016-06-30,NVDA,0.04382866260542685
2016-06-30,O,0.04382866260542685
2016-06-30,PRGO,-0.04382866260542685
2016-06-30,RAI,-0.04382866260542685
2016-06-30,RSG,0.04382866260542685
2016-06-30,SCG,0.04382866260542685
2016-06-30,SPLS,-0.04382866260542685
2016-06-30,STZ,0.04382866260542685
2016-06-30,SWKS,-0.04382866260542685
2016-06-30,SYMC,-0.04382866260542685
2016-06-30,SYY,0.04382866260542685
2016-06-30,TSN,0.04382866260542685
2016-06-30,WEC,0.04382866260542685
2016-06-30,WM,0.04382866260542685
2016-06-30,XEL,0.04382866260542685
2016-07-31,ABC,-0.05365318501528047
2016-07-31,AEE,0.05365318501528047
2016-07-31,BBBY,-0.05365318501528047
2016-07-31,CF,-0.05365318501528047
2016-07-31,CINF,0.05365318501528047
2016-07-31,CLX,0.05365318501528047
2016-07-31,CMG,-0.05365318501528047
2016-07-31,CMS,0.05365318501528047
2016-07-31,CPB,0.05365318501528047
2016-07-31,EIX,0.05365318501528047
2016-07-31,ENDP,-0.05365318501528047
2016-07-31,EQIX,0.05365318501528047
2016-07-31,EW,-0.05365318501528047
2016-07-31,GILD,-0.05365318501528047
2016-07-31,GS,-0.05365318501528047
2016-07-31,HRL,-0.05365318501528047
2016-07-31,JWN,-0.05365318501528047
2016-07-31,K,0.05365318501528047
2016-07-31,KSS,-0.05365318501528047
2016-07-31,M,-0.05365318501528047
2016-07-31,MET,-0.05365318501528047
2016-07-31,MKC,0.05365318501528047
2016-07-31,MOS,-0.05365318501528047
2016-07-31,MS,-0.05365318501528047
2016-07-31,NDAQ,0.05365318501528047
2016-07-31,NEM,0.05365318501528047
2016-07-31,NKE,-0.05365318501528047
2016-07-31,NOC,0.05365318501528047
2016-07-31,NVDA,0.05365318501528047
2016-07-31,O,0.05365318501528047
2016-07-31,PNW,0.05365318501528047
2016-07-31,PRGO,-0.05365318501528047
2016-07-31,RAI,-0.05365318501528047
2016-07-31,SCG,0.05365318501528047
2016-07-31,SJM,0.05365318501528047
2016-07-31,STT,-0.05365318501528047
2016-07-31,STZ,0.05365318501528047
2016-07-31,SWKS,-0.05365318501528047
2016-07-31,SYY,0.05365318501528047
2016-07-31,T,0.05365318501528047
2016-07-31,TIF,-0.05365318501528047
2016-07-31,TSN,0.05365318501528047
2016-07-31,VFC,-0.05365318501528047
2016-07-31,WDC,-0.05365318501528047
2016-07-31,WEC,0.05365318501528047
2016-07-31,WM,0.05365318501528047
2016-07-31,WMB,-0.05365318501528047
2016-07-31,XEL,0.05365318501528047
2016-08-31,AEE,0.04328833174179237
2016-08-31,AKAM,-0.04328833174179237
2016-08-31,BBBY,-0.04328833174179237
2016-08-31,CF,-0.04328833174179237
2016-08-31,CINF,0.04328833174179237
2016-08-31,CMG,-0.04328833174179237
2016-08-31,CMS,0.04328833174179237
2016-08-31,COH,0.04328833174179237
2016-08-31,EFX,0.04328833174179237
2016-08-31,ENDP,-0.04328833174179237
2016-08-31,EQIX,0.04328833174179237
2016-08-31,FTI,-0.04328833174179237
2016-08-31,GILD,-0.04328833174179237
2016-08-31,HRB,-0.04328833174179237
2016-08-31,HRL,-0.04328833174179237
2016-08-31,JNJ,0.04328833174179237
2016-08-31,JWN,-0.04328833174179237
2016-08-31,LMT,0.04328833174179237
2016-08-31,M,-0.04328833174179237
2016-08-31,MOS,-0.04328833174179237
2016-08-31,NDAQ,0.04328833174179237
2016-08-31,NEM,0.04328833174179237
2016-08-31,NI,0.04328833174179237
2016-08-31,NKE,-0.04328833174179237
2016-08-31,NOV,-0.04328833174179237
2016-08-31,NVDA,0.04328833174179237
2016-08-31,O,0.04328833174179237
2016-08-31,PCG,0.04328833174179237
2016-08-31,PRGO,-0.04328833174179237
2016-08-31,RAI,-0.04328833174179237
2016-08-31,RHI,-0.04328833174179237
2016-08-31,RSG,0.04328833174179237
2016-08-31,RTN,0.04328833174179237
2016-08-31,SCG,0.04328833174179237
2016-08-31,SIG,-0.04328833174179237
2016-08-31,SPLS,-0.04328833174179237
2016-08-31,SRCL,-0.04328833174179237
2016-08-31,T,0.04328833174179237
2016-08-31,TSN,0.04328833174179237
2016-08-31,TXN,0.04328833174179237
2016-08-31,UA,-0.04328833174179237
2016-08-31,VFC,-0.04328833174179237
2016-08-31,WDC,-0.04328833174179237
2016-08-31,WEC,0.04328833174179237
2016-08-31,WM,0.04328833174179237
2016-08-31,WMB,-0.04328833174179237
2016-08-31,XEL,0.04328833174179237
2016-08-31,XYL,0.04328833174179237
2016-09-30,AMAT,0.04907001678189844
2016-09-30,ANTM,-0.04907001678189844
2016-09-30,BBBY,-0.04907001678189844
2016-09-30,BDX,0.04907001678189844
2016-09-30,BF.B,-0.04907001678189844
2016-09-30,CA,0.04907001678189844
2016-09-30,CF,-0.04907001678189844
2016-09-30,CINF,0.04907001678189844
2016-09-30,CMG,-0.04907001678189844
2016-09-30,CTAS,0.04907001678189844
2016-09-30,EFX,0.04907001678189844
2016-09-30,ENDP,-0.04907001678189844
2016-09-30,EQIX,0.04907001678189844
2016-09-30,EQR,-0.04907001678189844
2016-09-30,EW,-0.04907001678189844
2016-09-30,FB,0.04907001678189844
2016-09-30,GILD,-0.04907001678189844
2016-09-30,HPQ,-0.04907001678189844
2016-09-30,HRB,-0.04907001678189844
2016-09-30,HRL,-0.04907001678189844
2016-09-30,ISRG,0.04907001678189844
2016-09-30,ITW,0.04907001678189844
2016-09-30,JNJ,0.04907001678189844
2016-09-30,JWN,-0.04907001678189844
2016-09-30,M,-0.04907001678189844
2016-09-30,MCHP,0.04907001678189844
2016-09-30,MMC,0.04907001678189844
2016-09-30,MMM,0.04907001678189844
2016-09-30,NDAQ,0.04907001678189844
2016-09-30,NEM,0.04907001678189844
2016-09-30,NKE,-0.04907001678189844
2016-09-30,NVDA,0.04907001678189844
2016-09-30,PG,0.04907001678189844
2016-09-30,PRGO,-0.04907001678189844
2016-09-30,RHI,-0.04907001678189844
2016-09-30,RSG,0.04907001678189844
2016-09-30,RTN,0.04907001678189844
2016-09-30,SIG,-0.04907001678189844
2016-09-30,SPLS,-0.04907001678189844
2016-09-30,SRCL,-0.04907001678189844
2016-09-30,SYY,0.04907001678189844
2016-09-30,TSN,0.04907001678189844
2016-09-30,TSO,-0.04907001678189844
2016-09-30,UA,-0.04907001678189844
2016-09-30,VFC,-0.04907001678189844
2016-09-30,WDC,-0.04907001678189844
2016-09-30,WM,0.04907001678189844
2016-09-30,XYL,0.04907001678189844
2016-10-31,AAP,-0.04412672354977881
2016-10-31,AMAT,0.04412672354977881
2016-10-31,AVGO,0.04412672354977881
2016-10-31,BBBY,-0.04412672354977881
2016-10-31,BCR,0.04412672354977881
2016-10-31,BDX,0.04412672354977881
2016-10-31,BF.B,-0.04412672354977881
2016-10-31,CA,0.04412672354977881
2016-10-31,CAG,0.04412672354977881
2016-10-31,CF,-0.04412672354977881
2016-10-31,CMG,-0.04412672354977881
2016-10-31,CTSH,-0.04412672354977881
2016-10-31,DIS,-0.04412672354977881
2016-10-31,EFX,0.04412672354977881
2016-10-31,ENDP,-0.04412672354977881
2016-10-31,EQR,-0.04412672354977881
2016-10-31,FOXA,-0.04412672354977881
2016-10-31,GILD,-0.04412672354977881
2016-10-31,HBI,-0.04412672354977881
2016-10-31,HRB,-0.04412672354977881
2016-10-31,HRL,-0.04412672354977881
2016-10-31,ISRG,0.04412672354977881
2016-10-31,ITW,0.04412672354977881
2016-10-31,KR,-0.04412672354977881
2016-10-31,LB,-0.04412672354977881
2016-10-31,MMC,0.04412672354977881
2016-10-31,NEM,0.04412672354977881
2016-10-31,NKE,-0.04412672354977881
2016-10-31,NVDA,0.04412672354977881
2016-10-31,O,0.04412672354977881
2016-10-31,PG,0.04412672354977881
2016-10-31,PRGO,-0.04412672354977881
2016-10-31,ROST,0.04412672354977881
2016-10-31,RSG,0.04412672354977881
2016-10-31,SCG,0.04412672354977881
2016-10-31,SE,0.04412672354977881
2016-10-31,SIG,-0.04412672354977881
2016-10-31,SRCL,-0.04412672354977881
2016-10-31,SYK,0.04412672354977881
2016-10-31,T,0.04412672354977881
2016-10-31,TSCO,-0.04412672354977881
2016-10-31,TSN,0.04412672354977881
2016-10-31,TSO,-0.04412672354977881
2016-10-31,UA,-0.04412672354977881
2016-10-31,VAR,0.04412672354977881
2016-10-31,VFC,-0.04412672354977881
2016-10-31,VTR,0.04412672354977881
2016-10-31,XYL,0.04412672354977881
2016-11-30,ABC,-0.05590218681084475
2016-11-30,AGN,-0.05590218681084475
2016-11-30,AMAT,0.05590218681084475
2016-11-30,AME,-0.05590218681084475
2016-11-30,BAX,0.05590218681084475
2016-11-30,BBBY,-0.05590218681084475
2016-11-30,BF.B,-0.05590218681084475
2016-11-30,CAG,0.05590218681084475
2016-11-30,CAH,-0.05590218681084475
2016-11-30,CF,-0.05590218681084475
2016-11-30,CMG,-0.05590218681084475
2016-11-30,CNP,0.05590218681084475
2016-11-30,DIS,-0.05590218681084475
2016-11-30,EIX,0.05590218681084475
2016-11-30,ENDP,-0.05590218681084475
2016-11-30,EQR,-0.05590218681084475
2016-11-30,EW,-0.05590218681084475
2016-11-30,FB,0.05590218681084475
2016-11-30,FFIV,0.05590218681084475
2016-11-30,GILD,-0.05590218681084475
2016-11-30,HRL,-0.05590218681084475
2016-11-30,ISRG,0.05590218681084475
2016-11-30,KHC,0.05590218681084475
2016-11-30,NEE,0.05590218681084475
2016-11-30,NEM,0.05590218681084475
2016-11-30,NKE,-0.05590218681084475
2016-11-30,NOC,0.05590218681084475
2016-11-30,NVDA,0.05590218681084475
2016-11-30,PCG,0.05590218681084475
2016-11-30,PG,0.05590218681084475
2016-11-30,PRGO,-0.05590218681084475
2016-11-30,RSG,0.05590218681084475
2016-11-30,SBUX,-0.05590218681084475
2016-11-30,SCG,0.05590218681084475
2016-11-30,SE,0.05590218681084475
2016-11-30,SIG,-0.05590218681084475
2016-11-30,SYK,0.05590218681084475
2016-11-30,TGNA,-0.05590218681084475
2016-11-30,TROW,-0.05590218681084475
2016-11-30,TSCO,-0.05590218681084475
2016-11-30,TSN,0.05590218681084475
2016-11-30,UA,-0.05590218681084475
2016-11-30,UNH,0.05590218681084475
2016-11-30,VFC,-0.05590218681084475
2016-11-30,VRTX,-0.05590218681084475
2016-11-30,WM,0.05590218681084475
2016-11-30,WMT,0.05590218681084475
2016-11-30,XYL,0.05590218681084475
2016-12-31,AGN,-0.05741001832495429
2016-12-31,AMAT,0.05741001832495429
2016-12-31,APH,0.05741001832495429
2016-12-31,BF.B,-0.05741001832495429
2016-12-31,CAH,-0.05741001832495429
2016-12-31,CHD,-0.05741001832495429
2016-12-31,CINF,0.05741001832495429
2016-12-31,CMI,0.05741001832495429
2016-12-31,CNP,0.05741001832495429
2016-12-31,CVS,-0.05741001832495429
2016-12-31,ENDP,-0.05741001832495429
2016-12-31,EQR,-0.05741001832495429
2016-12-31,FFIV,0.05741001832495429
2016-12-31,FSLR,-0.05741001832495429
2016-12-31,GILD,-0.05741001832495429
2016-12-31,HAL,0.05741001832495429
2016-12-31,HBI,-0.05741001832495429
2016-12-31,HRB,-0.05741001832495429
2016-12-31,HRL,-0.05741001832495429
2016-12-31,ICE,-0.05741001832495429
2016-12-31,ITW,0.05741001832495429
2016-12-31,KR,-0.05741001832495429
2016-12-31,L,0.05741001832495429
2016-12-31,LB,-0.05741001832495429
2016-12-31,LLY,-0.05741001832495429
2016-12-31,LMT,0.05741001832495429
2016-12-31,MCHP,0.05741001832495429
2016-12-31,MLM,0.05741001832495429
2016-12-31,MNST,-0.05741001832495429
2016-12-31,MYL,-0.05741001832495429
2016-12-31,NKE,-0.05741001832495429
2016-12-31,NOC,0.05741001832495429
2016-12-31,NVDA,0.05741001832495429
2016-12-31,OKE,0.05741001832495429
2016-12-31,PH,0.05741001832495429
2016-12-31,PRGO,-0.05741001832495429
2016-12-31,PWR,0.05741001832495429
2016-12-31,RSG,0.05741001832495429
2016-12-31,SE,0.05741001832495429
2016-12-31,SRCL,-0.05741001832495429
2016-12-31,TRIP,-0.05741001832495429
2016-12-31,TWX,0.05741001832495429
2016-12-31,TXN,0.05741001832495429
2016-12-31,UA,-0.05741001832495429
2016-12-31,UNH,0.05741001832495429
2016-12-31,VFC,-0.05741001832495429
2016-12-31,WM,0.05741001832495429
2016-12-31,XYL,0.05741001832495429
2017-07-31,AGN,-0.04488426434416202
2017-07-31,AMAT,0.04488426434416202
2017-07-31,APH,0.04488426434416202
2017-07-31,CERN,-0.04488426434416202
2017-07-31,CHD,-0.04488426434416202
2017-07-31,CMA,0.04488426434416202
2017-07-31,CMI,0.04488426434416202
2017-07-31,CVS,-0.04488426434416202
2017-07-31,DGX,0.04488426434416202
2017-07-31,EL,-0.04488426434416202
2017-07-31,EQR,-0.04488426434416202
2017-07-31,EXPD,0.04488426434416202
2017-07-31,FFIV,0.04488426434416202
2017-07-31,FMC,0.04488426434416202
2017-07-31,HAL,0.04488426434416202
2017-07-31,HBI,-0.04488426434416202
2017-07-31,HRB,-0.04488426434416202
2017-07-31,HRL,-0.04488426434416202
2017-07-31,ICE,-0.04488426434416202
2017-07-31,IP,0.04488426434416202
2017-07-31,IR,0.04488426434416202
2017-07-31,KMB,-0.04488426434416202
2017-07-31,L,0.04488426434416202
2017-07-31,LB,-0.04488426434416202
2017-07-31,MLM,0.04488426434416202
2017-07-31,MNST,-0.04488426434416202
2017-07-31,MU,0.04488426434416202
2017-07-31,MYL,-0.04488426434416202
2017-07-31,NKE,-0.04488426434416202
2017-07-31,NLSN,-0.04488426434416202
2017-07-31,NVDA,0.04488426434416202
2017-07-31,OKE,0.04488426434416202
2017-07-31,PH,0.04488426434416202
2017-07-31,PRGO,-0.04488426434416202
2017-07-31,PWR,0.04488426434416202
2017-07-31,RL,-0.04488426434416202
2017-07-31,RSG,0.04488426434416202
2017-07-31,SRCL,-0.04488426434416202
2017-07-31,TRIP,-0.04488426434416202
2017-07-31,TXN,0.04488426434416202
2017-07-31,UA,-0.04488426434416202
2017-07-31,UNH,0.04488426434416202
2017-07-31,VFC,-0.04488426434416202
2017-07-31,VIAB,-0.04488426434416202
2017-07-31,WM,0.04488426434416202
2017-07-31,ZION,0.04488426434416202
2017-08-31,AMAT,0.05288342102492982
2017-08-31,AZO,-0.05288342102492982
2017-08-31,BBT,0.05288342102492982
2017-08-31,CHD,-0.05288342102492982
2017-08-31,CMA,0.05288342102492982
2017-08-31,CMG,-0.05288342102492982
2017-08-31,CVS,-0.05288342102492982
2017-08-31,DGX,0.05288342102492982
2017-08-31,FITB,0.05288342102492982
2017-08-31,GILD,-0.05288342102492982
2017-08-31,HBI,-0.05288342102492982
2017-08-31,HRL,-0.05288342102492982
2017-08-31,ICE,-0.05288342102492982
2017-08-31,JPM,0.05288342102492982
2017-08-31,KIM,-0.05288342102492982
2017-08-31,KR,-0.05288342102492982
2017-08-31,L,0.05288342102492982
2017-08-31,LB,-0.05288342102492982
2017-08-31,M,-0.05288342102492982
2017-08-31,MAC,-0.05288342102492982
2017-08-31,MAT,-0.05288342102492982
2017-08-31,MCHP,0.05288342102492982
2017-08-31,MNST,-0.05288342102492982
2017-08-31,MS,0.05288342102492982
2017-08-31,MU,0.05288342102492982
2017-08-31,NVDA,0.05288342102492982
2017-08-31,OKE,0.05288342102492982
2017-08-31,PFG,0.05288342102492982
2017-08-31,PRGO,-0.05288342102492982
2017-08-31,PRU,0.05288342102492982
2017-08-31,PSA,-0.05288342102492982
2017-08-31,PWR,0.05288342102492982
2017-08-31,RSG,0.05288342102492982
2017-08-31,SIG,-0.05288342102492982
2017-08-31,SRCL,-0.05288342102492982
2017-08-31,STI,0.05288342102492982
2017-08-31,TGT,-0.05288342102492982
2017-08-31,TMK,0.05288342102492982
2017-08-31,TRIP,-0.05288342102492982
2017-08-31,TSCO,-0.05288342102492982
2017-08-31,TWX,0.05288342102492982
2017-08-31,TXN,0.05288342102492982
2017-08-31,UA,-0.05288342102492982
2017-08-31,URI,0.05288342102492982
2017-08-31,WM,0.05288342102492982
2017-08-31,ZION,0.05288342102492982
2017-09-30,AMAT,0.05692716603603199
2017-09-30,C,0.05692716603603199
2017-09-30,CHD,-0.05692716603603199
2017-09-30,CMA,0.05692716603603199
2017-09-30,CMG,-0.05692716603603199
2017-09-30,CPB,-0.05692716603603199
2017-09-30,CSX,0.05692716603603199
2017-09-30,CTL,-0.05692716603603199
2017-09-30,CVS,-0.05692716603603199
2017-09-30,DGX,0.05692716603603199
2017-09-30,F,-0.05692716603603199
2017-09-30,FMC,0.05692716603603199
2017-09-30,FRT,-0.05692716603603199
2017-09-30,GD,0.05692716603603199
2017-09-30,GGP,-0.05692716603603199
2017-09-30,HRL,-0.05692716603603199
2017-09-30,HRS,0.05692716603603199
2017-09-30,JPM,0.05692716603603199
2017-09-30,KIM,-0.05692716603603199
2017-09-30,KR,-0.05692716603603199
2017-09-30,LB,-0.05692716603603199
2017-09-30,M,-0.05692716603603199
2017-09-30,MAC,-0.05692716603603199
2017-09-30,MAT,-0.05692716603603199
2017-09-30,MCHP,0.05692716603603199
2017-09-30,MS,0.05692716603603199
2017-09-30,MU,0.05692716603603199
2017-09-30,MYL,-0.05692716603603199
2017-09-30,NLSN,-0.05692716603603199
2017-09-30,NVDA,0.05692716603603199
2017-09-30,PFG,0.05692716603603199
2017-09-30,PRGO,-0.05692716603603199
2017-09-30,PSA,-0.05692716603603199
2017-09-30,PWR,0.05692716603603199
2017-09-30,RSG,0.05692716603603199
2017-09-30,SPG,-0.05692716603603199
2017-09-30,SRCL,-0.05692716603603199
2017-09-30,TGT,-0.05692716603603199
2017-09-30,TMK,0.05692716603603199
2017-09-30,TWX,0.05692716603603199
2017-09-30,TXN,0.05692716603603199
2017-09-30,UA,-0.05692716603603199
2017-09-30,UNH,0.05692716603603199
2017-09-30,WM,0.05692716603603199
2017-09-30,WMB,0.05692716603603199
2017-09-30,ZION,0.05692716603603199
2017-10-31,AMAT,0.054603561326970355
2017-10-31,APH,0.054603561326970355
2017-10-31,CHD,-0.054603561326970355
2017-10-31,CME,0.054603561326970355
2017-10-31,CMG,-0.054603561326970355
2017-10-31,CPB,-0.054603561326970355
2017-10-31,CSX,0.054603561326970355
2017-10-31,CTAS,0.054603561326970355
2017-10-31,CTL,-0.054603561326970355
2017-10-31,CVS,-0.054603561326970355
2017-10-31,DISCA,-0.054603561326970355
2017-10-31,DISCK,-0.054603561326970355
2017-10-31,FMC,0.054603561326970355
2017-10-31,FRT,-0.054603561326970355
2017-10-31,GE,-0.054603561326970355
2017-10-31,GGP,-0.054603561326970355
2017-10-31,HRS,0.054603561326970355
2017-10-31,HSIC,-0.054603561326970355
2017-10-31,JPM,0.054603561326970355
2017-10-31,K,-0.054603561326970355
2017-10-31,KIM,-0.054603561326970355
2017-10-31,KR,-0.054603561326970355
2017-10-31,LB,-0.054603561326970355
2017-10-31,LRCX,0.054603561326970355
2017-10-31,M,-0.054603561326970355
2017-10-31,MAT,-0.054603561326970355
2017-10-31,MCHP,0.054603561326970355
2017-10-31,MS,0.054603561326970355
2017-10-31,MU,0.054603561326970355
2017-10-31,NVDA,0.054603561326970355
2017-10-31,PWR,0.054603561326970355
2017-10-31,RSG,0.054603561326970355
2017-10-31,SCG,-0.054603561326970355
2017-10-31,SEE,-0.054603561326970355
2017-10-31,SPG,-0.054603561326970355
2017-10-31,SYMC,0.054603561326970355
2017-10-31,TMK,0.054603561326970355
2017-10-31,TRIP,-0.054603561326970355
2017-10-31,TWX,0.054603561326970355
2017-10-31,TXN,0.054603561326970355
2017-10-31,UA,-0.054603561326970355
2017-10-31,URI,0.054603561326970355
2017-10-31,VIAB,-0.054603561326970355
2017-10-31,WDC,0.054603561326970355
2017-10-31,WM,0.054603561326970355
2017-10-31,XLNX,0.054603561326970355
2017-11-30,ADI,0.03248040686855449
2017-11-30,AMAT,0.03248040686855449
2017-11-30,APH,0.03248040686855449
2017-11-30,AYI,-0.03248040686855449
2017-11-30,BAC,0.03248040686855449
2017-11-30,CAT,0.03248040686855449
2017-11-30,CHD,-0.03248040686855449
2017-11-30,CMG,-0.03248040686855449
2017-11-30,CTAS,0.03248040686855449
2017-11-30,CVS,-0.03248040686855449
2017-11-30,DISCA,-0.03248040686855449
2017-11-30,DISCK,-0.03248040686855449
2017-11-30,FRT,-0.03248040686855449
2017-11-30,GE,-0.03248040686855449
2017-11-30,GGP,-0.03248040686855449
2017-11-30,HRS,0.03248040686855449
2017-11-30,HSIC,-0.03248040686855449
2017-11-30,IPG,-0.03248040686855449
2017-11-30,JPM,0.03248040686855449
2017-11-30,KIM,-0.03248040686855449
2017-11-30,KR,-0.03248040686855449
2017-11-30,LRCX,0.03248040686855449
2017-11-30,MAT,-0.03248040686855449
2017-11-30,MCHP,0.03248040686855449
2017-11-30,MPC,0.03248040686855449
2017-11-30,MS,0.03248040686855449
2017-11-30,MSFT,0.03248040686855449
2017-11-30,MU,0.03248040686855449
2017-11-30,NLSN,-0.03248040686855449
2017-11-30,NSC,0.03248040686855449
2017-11-30,NVDA,0.03248040686855449
2017-11-30,PSA,-0.03248040686855449
2017-11-30,PWR,0.03248040686855449
2017-11-30,ROK,0.03248040686855449
2017-11-30,RRC,-0.03248040686855449
2017-11-30,SCG,-0.03248040686855449
2017-11-30,SRCL,-0.03248040686855449
2017-11-30,TMK,0.03248040686855449
2017-11-30,TRIP,-0.03248040686855449
2017-11-30,TXN,0.03248040686855449
2017-11-30,UA,-0.03248040686855449
2017-11-30,UHS,-0.03248040686855449
2017-11-30,VIAB,-0.03248040686855449
2017-11-30,WDC,0.03248040686855449
2017-11-30,WM,0.03248040686855449
2017-11-30,XLNX,0.03248040686855449
2017-12-31,APH,0.03352325783604865
2017-12-31,AXP,0.03352325783604865
2017-12-31,AYI,-0.03352325783604865
2017-12-31,BAC,0.03352325783604865
2017-12-31,BWA,0.03352325783604865
2017-12-31,C,0.03352325783604865
2017-12-31,CAH,-0.03352325783604865
2017-12-31,CAT,0.03352325783604865
2017-12-31,CHD,-0.03352325783604865
2017-12-31,CMA,0.03352325783604865
2017-12-31,CTL,-0.03352325783604865
2017-12-31,DISCA,-0.03352325783604865
2017-12-31,EQT,-0.03352325783604865
2017-12-31,FITB,0.03352325783604865
2017-12-31,FRT,-0.03352325783604865
2017-12-31,GE,-0.03352325783604865
2017-12-31,HRS,0.03352325783604865
2017-12-31,HSIC,-0.03352325783604865
2017-12-31,JPM,0.03352325783604865
2017-12-31,K,-0.03352325783604865
2017-12-31,KIM,-0.03352325783604865
2017-12-31,MAR,0.03352325783604865
2017-12-31,MPC,0.03352325783604865
2017-12-31,MS,0.03352325783604865
2017-12-31,MSFT,0.03352325783604865
2017-12-31,MU,0.03352325783604865
2017-12-31,NLSN,-0.03352325783604865
2017-12-31,NSC,0.03352325783604865
2017-12-31,NVDA,0.03352325783604865
2017-12-31,NWL,-0.03352325783604865
2017-12-31,PDCO,-0.03352325783604865
2017-12-31,PNC,0.03352325783604865
2017-12-31,PSA,-0.03352325783604865
2017-12-31,RRC,-0.03352325783604865
2017-12-31,SCG,-0.03352325783604865
2017-12-31,SPG,-0.03352325783604865
2017-12-31,SRCL,-0.03352325783604865
2017-12-31,TAP,-0.03352325783604865
2017-12-31,TEL,0.03352325783604865
2017-12-31,TMK,0.03352325783604865
2017-12-31,TRIP,-0.03352325783604865
2017-12-31,TXN,0.03352325783604865
2017-12-31,UA,-0.03352325783604865
2017-12-31,UHS,-0.03352325783604865
2017-12-31,URI,0.03352325783604865
2017-12-31,ZION,0.03352325783604865
2018-01-31,APH,0.030921955645453972
2018-01-31,AXP,0.030921955645453972
2018-01-31,AYI,-0.030921955645453972
2018-01-31,BAC,0.030921955645453972
2018-01-31,C,0.030921955645453972
2018-01-31,CAH,-0.030921955645453972
2018-01-31,CAT,0.030921955645453972
2018-01-31,CHD,-0.030921955645453972
2018-01-31,CMA,0.030921955645453972
2018-01-31,CTL,-0.030921955645453972
2018-01-31,DE,0.030921955645453972
2018-01-31,EQT,-0.030921955645453972
2018-01-31,ETFC,0.030921955645453972
2018-01-31,FDX,0.030921955645453972
2018-01-31,FRT,-0.030921955645453972
2018-01-31,GE,-0.030921955645453972
2018-01-31,HCP,-0.030921955645453972
2018-01-31,HSIC,-0.030921955645453972
2018-01-31,JPM,0.030921955645453972
2018-01-31,K,-0.030921955645453972
2018-01-31,KIM,-0.030921955645453972
2018-01-31,MPC,0.030921955645453972
2018-01-31,MS,0.030921955645453972
2018-01-31,MU,0.030921955645453972
2018-01-31,NLSN,-0.030921955645453972
2018-01-31,NSC,0.030921955645453972
2018-01-31,NVDA,0.030921955645453972
2018-01-31,NWL,-0.030921955645453972
2018-01-31,O,-0.030921955645453972
2018-01-31,PDCO,-0.030921955645453972
2018-01-31,PH,0.030921955645453972
2018-01-31,PNC,0.030921955645453972
2018-01-31,RF,0.030921955645453972
2018-01-31,RRC,-0.030921955645453972
2018-01-31,SCG,-0.030921955645453972
2018-01-31,SPG,-0.030921955645453972
2018-01-31,SRCL,-0.030921955645453972
2018-01-31,STI,0.030921955645453972
2018-01-31,TAP,-0.030921955645453972
2018-01-31,TEL,0.030921955645453972
2018-01-31,TMK,0.030921955645453972
2018-01-31,TRIP,-0.030921955645453972
2018-01-31,UA,-0.030921955645453972
2018-01-31,VLO,0.030921955645453972
2018-01-31,VTR,-0.030921955645453972
2018-01-31,ZION,0.030921955645453972
2018-02-28,APH,0.04797634335147836
2018-02-28,AYI,-0.04797634335147836
2018-02-28,BAC,0.04797634335147836
2018-02-28,BLL,-0.04797634335147836
2018-02-28,BRKB,0.04797634335147836
2018-02-28,CAT,0.04797634335147836
2018-02-28,CHD,-0.04797634335147836
2018-02-28,CMA,0.04797634335147836
2018-02-28,DE,0.04797634335147836
2018-02-28,EMN,0.04797634335147836
2018-02-28,EQT,-0.04797634335147836
2018-02-28,ETFC,0.04797634335147836
2018-02-28,FDX,0.04797634335147836
2018-02-28,FRT,-0.04797634335147836
2018-02-28,GE,-0.04797634335147836
2018-02-28,HCP,-0.04797634335147836
2018-02-28,HSIC,-0.04797634335147836
2018-02-28,JPM,0.04797634335147836
2018-02-28,K,-0.04797634335147836
2018-02-28,KIM,-0.04797634335147836
2018-02-28,MAR,0.04797634335147836
2018-02-28,MAT,-0.04797634335147836
2018-02-28,MPC,0.04797634335147836
2018-02-28,MSFT,0.04797634335147836
2018-02-28,MU,0.04797634335147836
2018-02-28,NLSN,-0.04797634335147836
2018-02-28,NSC,0.04797634335147836
2018-02-28,NVDA,0.04797634335147836
2018-02-28,NWL,-0.04797634335147836
2018-02-28,O,-0.04797634335147836
2018-02-28,PCG,-0.04797634335147836
2018-02-28,PDCO,-0.04797634335147836
2018-02-28,PNC,0.04797634335147836
2018-02-28,RF,0.04797634335147836
2018-02-28,RRC,-0.04797634335147836
2018-02-28,SCG,-0.04797634335147836
2018-02-28,SPG,-0.04797634335147836
2018-02-28,STI,0.04797634335147836
2018-02-28,TEL,0.04797634335147836
2018-02-28,TRIP,-0.04797634335147836
2018-02-28,TXN,0.04797634335147836
2018-02-28,UA,-0.04797634335147836
2018-02-28,VLO,0.04797634335147836
2018-02-28,VNO,-0.04797634335147836
2018-02-28,VTR,-0.04797634335147836
2018-02-28,WM,0.04797634335147836
2018-03-31,AIV,-0.050485541720908196
2018-03-31,AXP,0.050485541720908196
2018-03-31,AYI,-0.050485541720908196
2018-03-31,BA,0.050485541720908196
2018-03-31,BAC,0.050485541720908196
2018-03-31,BLL,-0.050485541720908196
2018-03-31,CMA,0.050485541720908196
2018-03-31,CME,0.050485541720908196
2018-03-31,EMN,0.050485541720908196
2018-03-31,EQT,-0.050485541720908196
2018-03-31,FRT,-0.050485541720908196
2018-03-31,GE,-0.050485541720908196
2018-03-31,HBI,-0.050485541720908196
2018-03-31,HCP,-0.050485541720908196
2018-03-31,HSIC,-0.050485541720908196
2018-03-31,JPM,0.050485541720908196
2018-03-31,KHC,-0.050485541720908196
2018-03-31,KIM,-0.050485541720908196
2018-03-31,KMI,-0.050485541720908196
2018-03-31,MAR,0.050485541720908196
2018-03-31,MU,0.050485541720908196
2018-03-31,NFLX,0.050485541720908196
2018-03-31,NLSN,-0.050485541720908196
2018-03-31,NOC,0.050485541720908196
2018-03-31,NTRS,0.050485541720908196
2018-03-31,NVDA,0.050485541720908196
2018-03-31,NWL,-0.050485541720908196
2018-03-31,O,-0.050485541720908196
2018-03-31,PCG,-0.050485541720908196
2018-03-31,PNC,0.050485541720908196
2018-03-31,RF,0.050485541720908196
2018-03-31,RRC,-0.050485541720908196
2018-03-31,SCG,-0.050485541720908196
2018-03-31,SPG,-0.050485541720908196
2018-03-31,STI,0.050485541720908196
2018-03-31,TAP,-0.050485541720908196
2018-03-31,TEL,0.050485541720908196
2018-03-31,TROW,0.050485541720908196
2018-03-31,TXN,0.050485541720908196
2018-03-31,UA,-0.050485541720908196
2018-03-31,URI,0.050485541720908196
2018-03-31,VLO,0.050485541720908196
2018-03-31,VNO,-0.050485541720908196
2018-03-31,VTR,-0.050485541720908196
2018-03-31,WM,0.050485541720908196
2018-03-31,ZION,0.050485541720908196
2018-04-30,AYI,-0.05305719586039537
2018-04-30,BAC,0.05305719586039537
2018-04-30,BLK,0.05305719586039537
2018-04-30,BLL,-0.05305719586039537
2018-04-30,CMA,0.05305719586039537
2018-04-30,CME,0.05305719586039537
2018-04-30,CTAS,0.05305719586039537
2018-04-30,CTL,-0.05305719586039537
2018-04-30,EMN,0.05305719586039537
2018-04-30,EQT,-0.05305719586039537
2018-04-30,ETFC,0.05305719586039537
2018-04-30,FRT,-0.05305719586039537
2018-04-30,GE,-0.05305719586039537
2018-04-30,GIS,-0.05305719586039537
2018-04-30,HBI,-0.05305719586039537
2018-04-30,HCP,-0.05305719586039537
2018-04-30,HRS,0.05305719586039537
2018-04-30,HSIC,-0.05305719586039537
2018-04-30,INTU,0.05305719586039537
2018-04-30,JPM,0.05305719586039537
2018-04-30,K,-0.05305719586039537
2018-04-30,KHC,-0.05305719586039537
2018-04-30,KIM,-0.05305719586039537
2018-04-30,KMI,-0.05305719586039537
2018-04-30,MAR,0.05305719586039537
2018-04-30,MAT,-0.05305719586039537
2018-04-30,MPC,0.05305719586039537
2018-04-30,MU,0.05305719586039537
2018-04-30,NLSN,-0.05305719586039537
2018-04-30,NVDA,0.05305719586039537
2018-04-30,NWL,-0.05305719586039537
2018-04-30,PGR,0.05305719586039537
2018-04-30,PNC,0.05305719586039537
2018-04-30,RRC,-0.05305719586039537
2018-04-30,SCG,-0.05305719586039537
2018-04-30,SRCL,-0.05305719586039537
2018-04-30,TAP,-0.05305719586039537
2018-04-30,TEL,0.05305719586039537
2018-04-30,TROW,0.05305719586039537
2018-04-30,TXN,0.05305719586039537
2018-04-30,UA,-0.05305719586039537
2018-04-30,URI,0.05305719586039537
2018-04-30,VLO,0.05305719586039537
2018-04-30,VTR,-0.05305719586039537
2018-04-30,XYL,0.05305719586039537
2018-04-30,ZTS,0.05305719586039537
2018-05-31,ADBE,0.05736304416720805
2018-05-31,AJG,0.05736304416720805
2018-05-31,AMZN,0.05736304416720805
2018-05-31,AYI,-0.05736304416720805
2018-05-31,BLL,-0.05736304416720805
2018-05-31,CBS,-0.05736304416720805
2018-05-31,CMCSA,-0.05736304416720805
2018-05-31,CPB,-0.05736304416720805
2018-05-31,CSCO,0.05736304416720805
2018-05-31,CTAS,0.05736304416720805
2018-05-31,EL,0.05736304416720805
2018-05-31,EMN,0.05736304416720805
2018-05-31,EQT,-0.05736304416720805
2018-05-31,ETFC,0.05736304416720805
2018-05-31,FRT,-0.05736304416720805
2018-05-31,GE,-0.05736304416720805
2018-05-31,GIS,-0.05736304416720805
2018-05-31,HOG,-0.05736304416720805
2018-05-31,HRS,0.05736304416720805
2018-05-31,HSIC,-0.05736304416720805
2018-05-31,INTC,0.05736304416720805
2018-05-31,INTU,0.05736304416720805
2018-05-31,JCI,-0.05736304416720805
2018-05-31,K,-0.05736304416720805
2018-05-31,KHC,-0.05736304416720805
2018-05-31,KIM,-0.05736304416720805
2018-05-31,KMI,-0.05736304416720805
2018-05-31,LEG,-0.05736304416720805
2018-05-31,MA,0.05736304416720805
2018-05-31,MAR,0.05736304416720805
2018-05-31,MPC,0.05736304416720805
2018-05-31,MSFT,0.05736304416720805
2018-05-31,MU,0.05736304416720805
2018-05-31,NFLX,0.05736304416720805
2018-05-31,NLSN,-0.05736304416720805
2018-05-31,NVDA,0.05736304416720805
2018-05-31,NWL,-0.05736304416720805
2018-05-31,PGR,0.05736304416720805
2018-05-31,RHT,0.05736304416720805
2018-05-31,RRC,-0.05736304416720805
2018-05-31,SCG,-0.05736304416720805
2018-05-31,TAP,-0.05736304416720805
2018-05-31,TROW,0.05736304416720805
2018-05-31,VLO,0.05736304416720805
2018-05-31,VNO,-0.05736304416720805
2018-05-31,ZTS,0.05736304416720805
2018-06-30,ADBE,0.04245459054257807
2018-06-30,AIG,-0.04245459054257807
2018-06-30,ALK,-0.04245459054257807
2018-06-30,AMZN,0.04245459054257807
2018-06-30,BLL,-0.04245459054257807
2018-06-30,CBS,-0.04245459054257807
2018-06-30,CMCSA,-0.04245459054257807
2018-06-30,CME,0.04245459054257807
2018-06-30,CPB,-0.04245459054257807
2018-06-30,CRM,0.04245459054257807
2018-06-30,CSCO,0.04245459054257807
2018-06-30,CTAS,0.04245459054257807
2018-06-30,D,-0.04245459054257807
2018-06-30,EL,0.04245459054257807
2018-06-30,EMN,0.04245459054257807
2018-06-30,EQT,-0.04245459054257807
2018-06-30,ETFC,0.04245459054257807
2018-06-30,GE,-0.04245459054257807
2018-06-30,GIS,-0.04245459054257807
2018-06-30,HOG,-0.04245459054257807
2018-06-30,HSIC,-0.04245459054257807
2018-06-30,ILMN,0.04245459054257807
2018-06-30,INTU,0.04245459054257807
2018-06-30,JCI,-0.04245459054257807
2018-06-30,KHC,-0.04245459054257807
2018-06-30,KIM,-0.04245459054257807
2018-06-30,KMI,-0.04245459054257807
2018-06-30,LEG,-0.04245459054257807
2018-06-30,MA,0.04245459054257807
2018-06-30,MPC,0.04245459054257807
2018-06-30,MSFT,0.04245459054257807
2018-06-30,MU,0.04245459054257807
2018-06-30,NFLX,0.04245459054257807
2018-06-30,NLSN,-0.04245459054257807
2018-06-30,NWL,-0.04245459054257807
2018-06-30,RHT,0.04245459054257807
2018-06-30,SCG,-0.04245459054257807
2018-06-30,TAP,-0.04245459054257807
2018-06-30,TROW,0.04245459054257807
2018-06-30,TXN,0.04245459054257807
2018-06-30,TXT,0.04245459054257807
2018-06-30,UNP,0.04245459054257807
2018-06-30,VLO,0.04245459054257807
2018-06-30,VNO,-0.04245459054257807
2018-06-30,WBA,-0.04245459054257807
2018-06-30,ZTS,0.04245459054257807
2018-07-31,ACN,0.037589961797268645
2018-07-31,AIG,-0.037589961797268645
2018-07-31,ALGN,0.037589961797268645
2018-07-31,ALK,-0.037589961797268645
2018-07-31,BEN,-0.037589961797268645
2018-07-31,CAH,-0.037589961797268645
2018-07-31,CELG,-0.037589961797268645
2018-07-31,CINF,-0.037589961797268645
2018-07-31,CME,0.037589961797268645
2018-07-31,COP,0.037589961797268645
2018-07-31,CSCO,0.037589961797268645
2018-07-31,CTAS,0.037589961797268645
2018-07-31,DISH,-0.037589961797268645
2018-07-31,ETFC,0.037589961797268645
2018-07-31,EXR,0.037589961797268645
2018-07-31,FOXA,0.037589961797268645
2018-07-31,GE,-0.037589961797268645
2018-07-31,GT,-0.037589961797268645
2018-07-31,GWW,0.037589961797268645
2018-07-31,HSIC,-0.037589961797268645
2018-07-31,INCY,-0.037589961797268645
2018-07-31,INTU,0.037589961797268645
2018-07-31,ISRG,-0.037589961797268645
2018-07-31,IVZ,-0.037589961797268645
2018-07-31,JCI,-0.037589961797268645
2018-07-31,KHC,-0.037589961797268645
2018-07-31,KORS,0.037589961797268645
2018-07-31,KSS,0.037589961797268645
2018-07-31,MA,0.037589961797268645
2018-07-31,MET,-0.037589961797268645
2018-07-31,NFLX,0.037589961797268645
2018-07-31,NLSN,-0.037589961797268645
2018-07-31,NSC,0.037589961797268645
2018-07-31,NTAP,0.037589961797268645
2018-07-31,NWL,-0.037589961797268645
2018-07-31,PCG,-0.037589961797268645
2018-07-31,PPL,-0.037589961797268645
2018-07-31,RHI,0.037589961797268645
2018-07-31,SCG,-0.037589961797268645
2018-07-31,SYY,0.037589961797268645
2018-07-31,TAP,-0.037589961797268645
2018-07-31,TJX,0.037589961797268645
2018-07-31,TROW,0.037589961797268645
2018-07-31,TXT,0.037589961797268645
2018-07-31,UNP,0.037589961797268645
2018-07-31,VLO,0.037589961797268645
2018-07-31,WBA,-0.037589961797268645
2018-07-31,XRAY,-0.037589961797268645
2018-08-31,AKAM,0.03270167684804394
2018-08-31,AMZN,0.03270167684804394
2018-08-31,APC,0.03270167684804394
2018-08-31,BEN,-0.03270167684804394
2018-08-31,CBS,-0.03270167684804394
2018-08-31,CCL,-0.03270167684804394
2018-08-31,CELG,-0.03270167684804394
2018-08-31,COP,0.03270167684804394
2018-08-31,CRM,0.03270167684804394
2018-08-31,CTAS,0.03270167684804394
2018-08-31,CTXS,0.03270167684804394
2018-08-31,DISH,-0.03270167684804394
2018-08-31,EQT,-0.03270167684804394
2018-08-31,ETFC,0.03270167684804394
2018-08-31,GE,-0.03270167684804394
2018-08-31,GWW,0.03270167684804394
2018-08-31,HSIC,-0.03270167684804394
2018-08-31,INCY,-0.03270167684804394
2018-08-31,INTU,0.03270167684804394
2018-08-31,ISRG,-0.03270167684804394
2018-08-31,IVZ,-0.03270167684804394
2018-08-31,KHC,-0.03270167684804394
2018-08-31,KSS,0.03270167684804394
2018-08-31,MA,0.03270167684804394
2018-08-31,MHK,-0.03270167684804394
2018-08-31,NLSN,-0.03270167684804394
2018-08-31,NTAP,0.03270167684804394
2018-08-31,NWL,-0.03270167684804394
2018-08-31,PCG,-0.03270167684804394
2018-08-31,PM,-0.03270167684804394
2018-08-31,PPL,-0.03270167684804394
2018-08-31,REGN,-0.03270167684804394
2018-08-31,RHI,0.03270167684804394
2018-08-31,SCG,-0.03270167684804394
2018-08-31,SPGI,0.03270167684804394
2018-08-31,SYMC,-0.03270167684804394
2018-08-31,SYY,0.03270167684804394
2018-08-31,TAP,-0.03270167684804394
2018-08-31,TJX,0.03270167684804394
2018-08-31,TROW,0.03270167684804394
2018-08-31,TXT,0.03270167684804394
2018-08-31,UNP,0.03270167684804394
2018-08-31,V,0.03270167684804394
2018-08-31,VLO,0.03270167684804394
2018-08-31,VRSN,0.03270167684804394
2018-08-31,VTR,-0.03270167684804394
2018-08-31,WHR,-0.03270167684804394
2018-08-31,ZTS,0.03270167684804394
2018-09-30,ADBE,0.050538149501175224
2018-09-30,AKAM,0.050538149501175224
2018-09-30,ALB,-0.050538149501175224
2018-09-30,AMG,-0.050538149501175224
2018-09-30,AMZN,0.050538149501175224
2018-09-30,BEN,-0.050538149501175224
2018-09-30,BHF,-0.050538149501175224
2018-09-30,CRM,0.050538149501175224
2018-09-30,CTAS,0.050538149501175224
2018-09-30,CTXS,0.050538149501175224
2018-09-30,DISH,-0.050538149501175224
2018-09-30,EQT,-0.050538149501175224
2018-09-30,F,-0.050538149501175224
2018-09-30,FFIV,0.050538149501175224
2018-09-30,GE,-0.050538149501175224
2018-09-30,GT,-0.050538149501175224
2018-09-30,GWW,0.050538149501175224
2018-09-30,IDXX,0.050538149501175224
2018-09-30,ILMN,0.050538149501175224
2018-09-30,INCY,-0.050538149501175224
2018-09-30,INTU,0.050538149501175224
2018-09-30,ISRG,-0.050538149501175224
2018-09-30,IVZ,-0.050538149501175224
2018-09-30,KHC,-0.050538149501175224
2018-09-30,MA,0.050538149501175224
2018-09-30,MSFT,0.050538149501175224
2018-09-30,MSI,0.050538149501175224
2018-09-30,NKE,0.050538149501175224
2018-09-30,NLSN,-0.050538149501175224
2018-09-30,NTAP,0.050538149501175224
2018-09-30,NWL,-0.050538149501175224
2018-09-30,PCG,-0.050538149501175224
2018-09-30,PM,-0.050538149501175224
2018-09-30,PNR,-0.050538149501175224
2018-09-30,PPL,-0.050538149501175224
2018-09-30,RHI,0.050538149501175224
2018-09-30,SPGI,0.050538149501175224
2018-09-30,SYMC,-0.050538149501175224
2018-09-30,SYY,0.050538149501175224
2018-09-30,TJX,0.050538149501175224
2018-09-30,UNM,-0.050538149501175224
2018-09-30,V,0.050538149501175224
2018-09-30,VRSK,0.050538149501175224
2018-09-30,VRSN,0.050538149501175224
2018-09-30,WDC,-0.050538149501175224
2018-09-30,WHR,-0.050538149501175224
2018-09-30,XRAY,-0.050538149501175224
2018-09-30,ZTS,0.050538149501175224
2018-10-31,AAP,0.054001557025149444
2018-10-31,ALB,-0.054001557025149444
2018-10-31,AMAT,-0.054001557025149444
2018-10-31,AMG,-0.054001557025149444
2018-10-31,AMZN,0.054001557025149444
2018-10-31,BEN,-0.054001557025149444
2018-10-31,BHF,-0.054001557025149444
2018-10-31,CNC,0.054001557025149444
2018-10-31,COG,-0.054001557025149444
2018-10-31,COP,0.054001557025149444
2018-10-31,COST,0.054001557025149444
2018-10-31,CRM,0.054001557025149444
2018-10-31,EQT,-0.054001557025149444
2018-10-31,F,-0.054001557025149444
2018-10-31,FBHS,-0.054001557025149444
2018-10-31,FFIV,0.054001557025149444
2018-10-31,GE,-0.054001557025149444
2018-10-31,GT,-0.054001557025149444
2018-10-31,GWW,0.054001557025149444
2018-10-31,HCA,0.054001557025149444
2018-10-31,ILMN,0.054001557025149444
2018-10-31,INCY,-0.054001557025149444
2018-10-31,INTU,0.054001557025149444
2018-10-31,IVZ,-0.054001557025149444
2018-10-31,KHC,-0.054001557025149444
2018-10-31,MA,0.054001557025149444
2018-10-31,MET,-0.054001557025149444
2018-10-31,MHK,-0.054001557025149444
2018-10-31,MSI,0.054001557025149444
2018-10-31,NKE,0.054001557025149444
2018-10-31,NTAP,0.054001557025149444
2018-10-31,NWL,-0.054001557025149444
2018-10-31,ORLY,0.054001557025149444
2018-10-31,PNR,-0.054001557025149444
2018-10-31,PPL,-0.054001557025149444
2018-10-31,SYMC,-0.054001557025149444
2018-10-31,TAP,-0.054001557025149444
2018-10-31,TJX,0.054001557025149444
2018-10-31,TXT,0.054001557025149444
2018-10-31,UAL,0.054001557025149444
2018-10-31,UNP,0.054001557025149444
2018-10-31,V,0.054001557025149444
2018-10-31,VRSK,0.054001557025149444
2018-10-31,VRSN,0.054001557025149444
2018-10-31,WDC,-0.054001557025149444
2018-10-31,WHR,-0.054001557025149444
2018-10-31,XRAY,-0.054001557025149444
2018-10-31,ZTS,0.054001557025149444
2018-11-30,AAP,0.05820194376273302
2018-11-30,AES,0.05820194376273302
2018-11-30,ALB,-0.05820194376273302
2018-11-30,AMAT,-0.05820194376273302
2018-11-30,AMG,-0.05820194376273302
2018-11-30,AOS,-0.05820194376273302
2018-11-30,BEN,-0.05820194376273302
2018-11-30,BSX,0.05820194376273302
2018-11-30,COP,0.05820194376273302
2018-11-30,DISCA,0.05820194376273302
2018-11-30,ESRX,0.05820194376273302
2018-11-30,F,-0.05820194376273302
2018-11-30,FBHS,-0.05820194376273302
2018-11-30,GE,-0.05820194376273302
2018-11-30,GT,-0.05820194376273302
2018-11-30,HCA,0.05820194376273302
2018-11-30,INFO,0.05820194376273302
2018-11-30,INTU,0.05820194376273302
2018-11-30,ITW,-0.05820194376273302
2018-11-30,IVZ,-0.05820194376273302
2018-11-30,JWN,0.05820194376273302
2018-11-30,KHC,-0.05820194376273302
2018-11-30,KSS,0.05820194376273302
2018-11-30,LEN,-0.05820194376273302
2018-11-30,MA,0.05820194376273302
2018-11-30,MET,-0.05820194376273302
2018-11-30,MHK,-0.05820194376273302
2018-11-30,MKC,0.05820194376273302
2018-11-30,MRK,0.05820194376273302
2018-11-30,MSFT,0.05820194376273302
2018-11-30,MSI,0.05820194376273302
2018-11-30,NWL,-0.05820194376273302
2018-11-30,PBCT,-0.05820194376273302
2018-11-30,PFG,-0.05820194376273302
2018-11-30,PGR,0.05820194376273302
2018-11-30,SEE,-0.05820194376273302
2018-11-30,TGT,0.05820194376273302
2018-11-30,TJX,0.05820194376273302
2018-11-30,UA,0.05820194376273302
2018-11-30,UAA,0.05820194376273302
2018-11-30,UAL,0.05820194376273302
2018-11-30,UNM,-0.05820194376273302
2018-11-30,VRSK,0.05820194376273302
2018-11-30,WDC,-0.05820194376273302
2018-11-30,WHR,-0.05820194376273302
2018-11-30,WRK,-0.05820194376273302
2018-11-30,XRAY,-0.05820194376273302
2018-11-30,ZTS,0.05820194376273302
2018-12-31,AAP,0.06222725657824658
2018-12-31,ADBE,0.06222725657824658
2018-12-31,AES,0.06222725657824658
2018-12-31,ALB,-0.06222725657824658
2018-12-31,AMG,-0.06222725657824658
2018-12-31,AMP,-0.06222725657824658
2018-12-31,AON,0.06222725657824658
2018-12-31,BSX,0.06222725657824658
2018-12-31,CME,0.06222725657824658
2018-12-31,CMG,0.06222725657824658
2018-12-31,CNC,0.06222725657824658
2018-12-31,COST,0.06222725657824658
2018-12-31,COTY,-0.06222725657824658
2018-12-31,F,-0.06222725657824658
2018-12-31,FBHS,-0.06222725657824658
2018-12-31,GE,-0.06222725657824658
2018-12-31,GIS,-0.06222725657824658
2018-12-31,GS,-0.06222725657824658
2018-12-31,HCA,0.06222725657824658
2018-12-31,HIG,-0.06222725657824658
2018-12-31,ILMN,0.06222725657824658
2018-12-31,INFO,0.06222725657824658
2018-12-31,INTU,0.06222725657824658
2018-12-31,IVZ,-0.06222725657824658
2018-12-31,KHC,-0.06222725657824658
2018-12-31,LEN,-0.06222725657824658
2018-12-31,LLY,0.06222725657824658
2018-12-31,MAC,-0.06222725657824658
2018-12-31,MHK,-0.06222725657824658
2018-12-31,MKC,0.06222725657824658
2018-12-31,MRK,0.06222725657824658
2018-12-31,MSI,0.06222725657824658
2018-12-31,NWS,-0.06222725657824658
2018-12-31,ORLY,0.06222725657824658
2018-12-31,PFE,0.06222725657824658
2018-12-31,PRGO,-0.06222725657824658
2018-12-31,SLB,-0.06222725657824658
2018-12-31,SYF,-0.06222725657824658
2018-12-31,T,-0.06222725657824658
2018-12-31,TJX,-0.06222725657824657
2018-12-31,TSN,-0.06222725657824658
2018-12-31,UA,0.06222725657824658
2018-12-31,UAA,0.06222725657824658
2018-12-31,UAL,0.06222725657824658
2018-12-31,UNM,-0.06222725657824658
2018-12-31,VRSK,0.06222725657824658
2018-12-31,XRAY,-0.06222725657824658
2018-12-31,ZTS,0.06222725657824658
2019-01-31,AAP,0.039613022570150036
2019-01-31,AEE,0.039613022570150036
2019-01-31,AES,0.039613022570150036
2019-01-31,AMG,-0.039613022570150036
2019-01-31,AOS,-0.039613022570150036
2019-01-31,BLL,0.039613022570150036
2019-01-31,BSX,0.039613022570150036
2019-01-31,CHD,0.039613022570150036
2019-01-31,CME,0.039613022570150036
2019-01-31,CMG,0.039613022570150036
2019-01-31,COTY,-0.039613022570150036
2019-01-31,ETR,0.039613022570150036
2019-01-31,EXC,0.039613022570150036
2019-01-31,FBHS,-0.039613022570150036
2019-01-31,FCX,-0.039613022570150036
2019-01-31,FE,0.039613022570150036
2019-01-31,FOX,0.039613022570150036
2019-01-31,FOXA,0.039613022570150036
2019-01-31,GE,-0.039613022570150036
2019-01-31,GIS,-0.039613022570150036
2019-01-31,GS,-0.039613022570150036
2019-01-31,HAL,-0.039613022570150036
2019-01-31,HRL,0.039613022570150036
2019-01-31,ILMN,0.039613022570150036
2019-01-31,IP,-0.039613022570150036
2019-01-31,IVZ,-0.039613022570150036
2019-01-31,KHC,-0.039613022570150036
2019-01-31,LEN,-0.039613022570150036
2019-01-31,LLY,0.039613022570150036
2019-01-31,MAC,-0.039613022570150036
2019-01-31,MHK,-0.039613022570150036
2019-01-31,MKC,0.039613022570150036
2019-01-31,MRK,0.039613022570150036
2019-01-31,MS,-0.039613022570150036
2019-01-31,NRG,0.039613022570150036
2019-01-31,NWS,-0.039613022570150036
2019-01-31,NWSA,-0.039613022570150036
2019-01-31,O,0.039613022570150036
2019-01-31,ORLY,0.039613022570150036
2019-01-31,PFE,0.039613022570150036
2019-01-31,SJM,-0.039613022570150036
2019-01-31,SLB,-0.039613022570150036
2019-01-31,SYF,-0.039613022570150036
2019-01-31,T,-0.039613022570150036
2019-01-31,TJX,-0.039613022570150036
2019-01-31,TRIP,0.039613022570150036
2019-01-31,UNM,-0.039613022570150036
2019-01-31,VRSN,0.039613022570150036
2019-02-28,AEE,0.037253728043714074
2019-02-28,AEP,0.037253728043714074
2019-02-28,AES,0.037253728043714074
2019-02-28,AMG,-0.037253728043714074
2019-02-28,AOS,-0.037253728043714074
2019-02-28,BFB,-0.037253728043714074
2019-02-28,BLK,-0.037253728043714074
2019-02-28,BSX,0.037253728043714074
2019-02-28,CAG,-0.037253728043714074
2019-02-28,CHD,0.037253728043714074
2019-02-28,CMG,0.037253728043714074
2019-02-28,CMS,0.037253728043714074
2019-02-28,COTY,-0.037253728043714074
2019-02-28,ETR,0.037253728043714074
2019-02-28,EXC,0.037253728043714074
2019-02-28,FCX,-0.037253728043714074
2019-02-28,FE,0.037253728043714074
2019-02-28,HCP,0.037253728043714074
2019-02-28,HRL,0.037253728043714074
2019-02-28,INTU,0.037253728043714074
2019-02-28,IVZ,-0.037253728043714074
2019-02-28,LB,-0.037253728043714074
2019-02-28,LKQ,-0.037253728043714074
2019-02-28,LLY,0.037253728043714074
2019-02-28,MAC,-0.037253728043714074
2019-02-28,MAR,-0.037253728043714074
2019-02-28,MHK,-0.037253728043714074
2019-02-28,MRK,0.037253728043714074
2019-02-28,MS,-0.037253728043714074
2019-02-28,NEE,0.037253728043714074
2019-02-28,NRG,0.037253728043714074
2019-02-28,O,0.037253728043714074
2019-02-28,ORLY,0.037253728043714074
2019-02-28,PNC,-0.037253728043714074
2019-02-28,PNR,-0.037253728043714074
2019-02-28,RTN,-0.037253728043714074
2019-02-28,STT,-0.037253728043714074
2019-02-28,SWKS,-0.037253728043714074
2019-02-28,T,-0.037253728043714074
2019-02-28,TEL,-0.037253728043714074
2019-02-28,TJX,-0.037253728043714074
2019-02-28,UDR,0.037253728043714074
2019-02-28,VRSN,0.037253728043714074
2019-02-28,WDC,-0.037253728043714074
2019-02-28,WEC,0.037253728043714074
2019-02-28,WELL,0.037253728043714074
2019-02-28,WRK,-0.037253728043714074
2019-02-28,XLNX,0.037253728043714074
2019-03-31,ABT,0.03640596457482608
2019-03-31,AEE,0.03640596457482608
2019-03-31,AES,0.03640596457482608
2019-03-31,AMG,-0.03640596457482608
2019-03-31,ATVI,-0.03640596457482608
2019-03-31,AWK,0.03640596457482608
2019-03-31,AZO,0.03640596457482608
2019-03-31,BKNG,-0.03640596457482608
2019-03-31,BLK,-0.03640596457482608
2019-03-31,BSX,0.03640596457482608
2019-03-31,CAG,-0.03640596457482608
2019-03-31,CDNS,0.03640596457482608
2019-03-31,CMG,0.03640596457482608
2019-03-31,CMS,0.03640596457482608
2019-03-31,CNC,-0.03640596457482608
2019-03-31,CRM,0.03640596457482608
2019-03-31,EMN,-0.03640596457482608
2019-03-31,ETR,0.03640596457482608
2019-03-31,EXC,0.03640596457482608
2019-03-31,FE,0.03640596457482608
2019-03-31,GPS,-0.03640596457482608
2019-03-31,HAL,-0.03640596457482608
2019-03-31,HCP,0.03640596457482608
2019-03-31,INTU,0.03640596457482608
2019-03-31,IVZ,-0.03640596457482608
2019-03-31,KHC,-0.03640596457482608
2019-03-31,LLY,0.03640596457482608
2019-03-31,LYB,-0.03640596457482608
2019-03-31,MAC,-0.03640596457482608
2019-03-31,MHK,-0.03640596457482608
2019-03-31,MRK,0.03640596457482608
2019-03-31,MS,-0.03640596457482608
2019-03-31,MYL,-0.03640596457482608
2019-03-31,O,0.03640596457482608
2019-03-31,ORLY,0.03640596457482608
2019-03-31,PNR,-0.03640596457482608
2019-03-31,STT,-0.03640596457482608
2019-03-31,STZ,-0.03640596457482608
2019-03-31,TEL,-0.03640596457482608
2019-03-31,TJX,-0.03640596457482608
2019-03-31,TPR,-0.03640596457482608
2019-03-31,TSCO,0.03640596457482608
2019-03-31,VRSN,0.03640596457482608
2019-03-31,WDC,-0.03640596457482608
2019-03-31,WEC,0.03640596457482608
2019-03-31,WELL,0.03640596457482608
2019-03-31,WRK,-0.03640596457482608
2019-03-31,XLNX,0.03640596457482608
2019-04-30,ABT,0.05120376459495444
2019-04-30,AEE,0.05120376459495444
2019-04-30,AES,0.05120376459495444
2019-04-30,AMG,-0.05120376459495444
2019-04-30,AMT,0.05120376459495444
2019-04-30,APC,-0.05120376459495444
2019-04-30,AZO,0.05120376459495444
2019-04-30,BKNG,-0.05120376459495444
2019-04-30,BLL,0.05120376459495444
2019-04-30,CDNS,0.05120376459495444
2019-04-30,CHD,0.05120376459495444
2019-04-30,CNC,-0.05120376459495444
2019-04-30,CTL,-0.05120376459495444
2019-04-30,DXC,-0.05120376459495444
2019-04-30,EMN,-0.05120376459495444
2019-04-30,ETR,0.05120376459495444
2019-04-30,EXC,0.05120376459495444
2019-04-30,FE,0.05120376459495444
2019-04-30,FITB,-0.05120376459495444
2019-04-30,HAL,-0.05120376459495444
2019-04-30,HCP,0.05120376459495444
2019-04-30,HSY,0.05120376459495444
2019-04-30,IVZ,-0.05120376459495444
2019-04-30,KHC,-0.05120376459495444
2019-04-30,LLY,0.05120376459495444
2019-04-30,LYB,-0.05120376459495444
2019-04-30,MAC,-0.05120376459495444
2019-04-30,MHK,-0.05120376459495444
2019-04-30,MRK,0.05120376459495444
2019-04-30,MS,-0.05120376459495444
2019-04-30,NEE,0.05120376459495444
2019-04-30,NWS,-0.05120376459495444
2019-04-30,NWSA,-0.05120376459495444
2019-04-30,O,0.05120376459495444
2019-04-30,ORLY,0.05120376459495444
2019-04-30,PG,0.05120376459495444
2019-04-30,SCHW,-0.05120376459495444
2019-04-30,SLB,-0.05120376459495444
2019-04-30,STT,-0.05120376459495444
2019-04-30,STZ,-0.05120376459495444
2019-04-30,TJX,-0.05120376459495444
2019-04-30,TPR,-0.05120376459495444
2019-04-30,TSCO,0.05120376459495444
2019-04-30,VRSN,0.05120376459495444
2019-04-30,WEC,0.05120376459495444
2019-04-30,WELL,0.05120376459495444
2019-04-30,WRK,-0.05120376459495444
2019-04-30,XLNX,0.05120376459495444
2019-05-31,AEE,0.028601044252253547
2019-05-31,AEP,0.028601044252253547
2019-05-31,AMG,-0.028601044252253547
2019-05-31,AMT,0.028601044252253547
2019-05-31,AWK,0.028601044252253547
2019-05-31,AZO,0.028601044252253547
2019-05-31,BHGE,-0.028601044252253547
2019-05-31,BLL,0.028601044252253547
2019-05-31,CDNS,0.028601044252253547
2019-05-31,CHD,0.028601044252253547
2019-05-31,CINF,0.028601044252253547
2019-05-31,CMS,0.028601044252253547
2019-05-31,CNC,-0.028601044252253547
2019-05-31,CTL,-0.028601044252253547
2019-05-31,DG,0.028601044252253547
2019-05-31,DWDP,-0.028601044252253547
2019-05-31,EMN,-0.028601044252253547
2019-05-31,ETR,0.028601044252253547
2019-05-31,EXC,0.028601044252253547
2019-05-31,FE,0.028601044252253547
2019-05-31,HAL,-0.028601044252253547
2019-05-31,HSY,0.028601044252253547
2019-05-31,JBHT,-0.028601044252253547
2019-05-31,KHC,-0.028601044252253547
2019-05-31,LYB,-0.028601044252253547
2019-05-31,M,-0.028601044252253547
2019-05-31,MAC,-0.028601044252253547
2019-05-31,MHK,-0.028601044252253547
2019-05-31,MKC,0.028601044252253547
2019-05-31,MRK,0.028601044252253547
2019-05-31,MYL,-0.028601044252253547
2019-05-31,NEM,-0.028601044252253547
2019-05-31,NKTR,-0.028601044252253547
2019-05-31,NOV,-0.028601044252253547
2019-05-31,O,0.028601044252253547
2019-05-31,ORLY,0.028601044252253547
2019-05-31,OXY,-0.028601044252253547
2019-05-31,PG,0.028601044252253547
2019-05-31,SCHW,-0.028601044252253547
2019-05-31,SLB,-0.028601044252253547
2019-05-31,STT,-0.028601044252253547
2019-05-31,TJX,-0.028601044252253547
2019-05-31,VRSN,0.028601044252253547
2019-05-31,WDC,-0.028601044252253547
2019-05-31,WEC,0.028601044252253547
2019-05-31,WM,0.028601044252253547
2019-05-31,WRK,-0.028601044252253547
2019-05-31,XLNX,0.028601044252253547
2019-06-30,AEE,0.025496535511037262
2019-06-30,AEP,0.025496535511037262
2019-06-30,AJG,0.025496535511037262
2019-06-30,AMG,-0.025496535511037262
2019-06-30,AMT,0.025496535511037262
2019-06-30,AWK,0.025496535511037262
2019-06-30,AZO,0.025496535511037262
2019-06-30,BLL,0.025496535511037262
2019-06-30,CHD,0.025496535511037262
2019-06-30,CINF,0.025496535511037262
2019-06-30,CMS,0.025496535511037262
2019-06-30,CNC,-0.025496535511037262
2019-06-30,CTL,-0.025496535511037262
2019-06-30,DVA,-0.025496535511037262
2019-06-30,ECL,0.025496535511037262
2019-06-30,EMN,-0.025496535511037262
2019-06-30,ES,0.025496535511037262
2019-06-30,ETR,0.025496535511037262
2019-06-30,FCX,-0.025496535511037262
2019-06-30,GPS,-0.025496535511037262
2019-06-30,HAL,-0.025496535511037262
2019-06-30,HFC,-0.025496535511037262
2019-06-30,HSY,0.025496535511037262
2019-06-30,JBHT,-0.025496535511037262
2019-06-30,K,-0.025496535511037262
2019-06-30,KHC,-0.025496535511037262
2019-06-30,LYB,-0.025496535511037262
2019-06-30,M,-0.025496535511037262
2019-06-30,MAC,-0.025496535511037262
2019-06-30,MCD,0.025496535511037262
2019-06-30,MYL,-0.025496535511037262
2019-06-30,NEE,0.025496535511037262
2019-06-30,NOV,-0.025496535511037262
2019-06-30,NWS,-0.025496535511037262
2019-06-30,O,0.025496535511037262
2019-06-30,OXY,-0.025496535511037262
2019-06-30,PG,0.025496535511037262
2019-06-30,RSG,0.025496535511037262
2019-06-30,SBUX,0.025496535511037262
2019-06-30,SLB,-0.025496535511037262
2019-06-30,STT,-0.025496535511037262
2019-06-30,TJX,-0.025496535511037262
2019-06-30,TPR,-0.025496535511037262
2019-06-30,WEC,0.025496535511037262
2019-06-30,WM,0.025496535511037262
2019-06-30,WRK,-0.025496535511037262
2019-06-30,XEL,0.025496535511037262
2019-06-30,YUM,0.025496535511037262
2019-07-31,ADS,-0.029609862039281433
2019-07-31,AEP,0.029609862039281433
2019-07-31,AMG,-0.029609862039281433
2019-07-31,AMT,0.029609862039281433
2019-07-31,APD,0.029609862039281433
2019-07-31,AWK,0.029609862039281433
2019-07-31,AZO,0.029609862039281433
2019-07-31,BLL,0.029609862039281433
2019-07-31,BMY,-0.029609862039281433
2019-07-31,CDNS,0.029609862039281433
2019-07-31,CHD,0.029609862039281433
2019-07-31,CINF,0.029609862039281433
2019-07-31,CMG,0.029609862039281433
2019-07-31,CNC,-0.029609862039281433
2019-07-31,CTL,-0.029609862039281433
2019-07-31,DG,0.029609862039281433
2019-07-31,ECL,0.029609862039281433
2019-07-31,ES,0.029609862039281433
2019-07-31,ETR,0.029609862039281433
2019-07-31,FAST,-0.029609862039281433
2019-07-31,FE,0.029609862039281433
2019-07-31,GPS,-0.029609862039281433
2019-07-31,HAL,-0.029609862039281433
2019-07-31,HSY,0.029609862039281433
2019-07-31,JWN,-0.029609862039281433
2019-07-31,K,-0.029609862039281433
2019-07-31,KHC,-0.029609862039281433
2019-07-31,KR,-0.029609862039281433
2019-07-31,KSS,-0.029609862039281433
2019-07-31,M,-0.029609862039281433
2019-07-31,MAC,-0.029609862039281433
2019-07-31,MCD,0.029609862039281433
2019-07-31,MYL,-0.029609862039281433
2019-07-31,NEE,0.029609862039281433
2019-07-31,NOV,-0.029609862039281433
2019-07-31,OXY,-0.029609862039281433
2019-07-31,PG,0.029609862039281433
2019-07-31,SBAC,0.029609862039281433
2019-07-31,SBUX,0.029609862039281433
2019-07-31,SCHW,-0.029609862039281433
2019-07-31,SLB,-0.029609862039281433
2019-07-31,STT,-0.029609862039281433
2019-07-31,TJX,-0.029609862039281433
2019-07-31,TPR,-0.029609862039281433
2019-07-31,WEC,0.029609862039281433
2019-07-31,WRK,-0.029609862039281433
2019-07-31,XEL,0.029609862039281433
2019-07-31,YUM,0.029609862039281433
2019-08-31,ABBV,-0.02226643568038024
2019-08-31,AEP,0.02226643568038024
2019-08-31,AJG,0.02226643568038024
2019-08-31,AMG,-0.02226643568038024
2019-08-31,AMT,0.02226643568038024
2019-08-31,APD,0.02226643568038024
2019-08-31,AWK,0.02226643568038024
2019-08-31,AZO,0.02226643568038024
2019-08-31,BLL,0.02226643568038024
2019-08-31,BMY,-0.02226643568038024
2019-08-31,CDNS,0.02226643568038024
2019-08-31,CHD,0.02226643568038024
2019-08-31,CINF,0.02226643568038024
2019-08-31,CMG,0.02226643568038024
2019-08-31,CNC,-0.02226643568038024
2019-08-31,COP,-0.02226643568038024
2019-08-31,CTL,-0.02226643568038024
2019-08-31,CTXS,-0.02226643568038024
2019-08-31,ECL,0.02226643568038024
2019-08-31,ETR,0.02226643568038024
2019-08-31,FAST,-0.02226643568038024
2019-08-31,FE,0.02226643568038024
2019-08-31,GPS,-0.02226643568038024
2019-08-31,HAL,-0.02226643568038024
2019-08-31,HSY,0.02226643568038024
2019-08-31,JWN,-0.02226643568038024
2019-08-31,KHC,-0.02226643568038024
2019-08-31,KR,-0.02226643568038024
2019-08-31,M,-0.02226643568038024
2019-08-31,MAC,-0.02226643568038024
2019-08-31,MCD,0.02226643568038024
2019-08-31,MRO,-0.02226643568038024
2019-08-31,MYL,-0.02226643568038024
2019-08-31,NEE,0.02226643568038024
2019-08-31,NOV,-0.02226643568038024
2019-08-31,NTAP,-0.02226643568038024
2019-08-31,OXY,-0.02226643568038024
2019-08-31,PG,0.02226643568038024
2019-08-31,SBAC,0.02226643568038024
2019-08-31,SBUX,0.02226643568038024
2019-08-31,STT,-0.02226643568038024
2019-08-31,TJX,-0.02226643568038024
2019-08-31,TPR,-0.02226643568038024
2019-08-31,WEC,0.02226643568038024
2019-08-31,WM,0.02226643568038024
2019-08-31,WRK,-0.02226643568038024
2019-08-31,XEL,0.02226643568038024
2019-08-31,YUM,0.02226643568038024
2019-09-30,ABMD,-0.018717851946022563
2019-09-30,AEP,0.018717851946022563
2019-09-30,AMG,-0.018717851946022563
2019-09-30,AMT,0.018717851946022563
2019-09-30,AWK,0.018717851946022563
2019-09-30,AZO,0.018717851946022563
2019-09-30,BLL,0.018717851946022563
2019-09-30,CHD,0.018717851946022563
2019-09-30,CINF,0.018717851946022563
2019-09-30,CMG,0.018717851946022563
2019-09-30,CMS,0.018717851946022563
2019-09-30,CNC,-0.018717851946022563
2019-09-30,COP,-0.018717851946022563
2019-09-30,CTL,-0.018717851946022563
2019-09-30,CXO,-0.018717851946022563
2019-09-30,DG,0.018717851946022563
2019-09-30,ES,0.018717851946022563
2019-09-30,ETR,0.018717851946022563
2019-09-30,FAST,-0.018717851946022563
2019-09-30,FE,0.018717851946022563
2019-09-30,FFIV,-0.018717851946022563
2019-09-30,GPS,-0.018717851946022563
2019-09-30,HAL,-0.018717851946022563
2019-09-30,HP,-0.018717851946022563
2019-09-30,HSY,0.018717851946022563
2019-09-30,JWN,-0.018717851946022563
2019-09-30,KHC,-0.018717851946022563
2019-09-30,M,-0.018717851946022563
2019-09-30,MAC,-0.018717851946022563
2019-09-30,MCD,0.018717851946022563
2019-09-30,MRO,-0.018717851946022563
2019-09-30,NEE,0.018717851946022563
2019-09-30,NOV,-0.018717851946022563
2019-09-30,NTAP,-0.018717851946022563
2019-09-30,OXY,-0.018717851946022563
2019-09-30,PG,0.018717851946022563
2019-09-30,ROL,-0.018717851946022563
2019-09-30,SBAC,0.018717851946022563
2019-09-30,SBUX,0.018717851946022563
2019-09-30,SO,0.018717851946022563
2019-09-30,STT,-0.018717851946022563
2019-09-30,TJX,-0.018717851946022563
2019-09-30,TPR,-0.018717851946022563
2019-09-30,WEC,0.018717851946022563
2019-09-30,WM,0.018717851946022563
2019-09-30,XEC,-0.018717851946022563
2019-09-30,XEL,0.018717851946022563
2019-09-30,YUM,0.018717851946022563
2019-10-31,ABMD,-0.017801234706879124
2019-10-31,AEP,0.017801234706879124
2019-10-31,APD,0.017801234706879124
2019-10-31,AWK,0.017801234706879124
2019-10-31,AZO,0.017801234706879124
2019-10-31,BLL,0.017801234706879124
2019-10-31,CB,0.017801234706879124
2019-10-31,CBS,-0.017801234706879124
2019-10-31,CI,-0.017801234706879124
2019-10-31,CINF,0.017801234706879124
2019-10-31,CMG,0.017801234706879124
2019-10-31,CMS,0.017801234706879124
2019-10-31,CNC,-0.017801234706879124
2019-10-31,COG,-0.017801234706879124
2019-10-31,CPRT,0.017801234706879124
2019-10-31,CTL,-0.017801234706879124
2019-10-31,CXO,-0.017801234706879124
2019-10-31,DG,0.017801234706879124
2019-10-31,DXC,-0.017801234706879124
2019-10-31,ES,0.017801234706879124
2019-10-31,ETR,0.017801234706879124
2019-10-31,FAST,-0.017801234706879124
2019-10-31,FE,0.017801234706879124
2019-10-31,FOXA,-0.017801234706879124
2019-10-31,GPS,-0.017801234706879124
2019-10-31,HAL,-0.017801234706879124
2019-10-31,HSY,0.017801234706879124
2019-10-31,JWN,-0.017801234706879124
2019-10-31,KHC,-0.017801234706879124
2019-10-31,M,-0.017801234706879124
2019-10-31,MAC,-0.017801234706879124
2019-10-31,MLM,0.017801234706879124
2019-10-31,MO,-0.017801234706879124
2019-10-31,MRO,-0.017801234706879124
2019-10-31,NEE,0.017801234706879124
2019-10-31,NOV,-0.017801234706879124
2019-10-31,NTAP,-0.017801234706879124
2019-10-31,OXY,-0.017801234706879124
2019-10-31,PFE,-0.017801234706879124
2019-10-31,PG,0.017801234706879124
2019-10-31,PHM,0.017801234706879124
2019-10-31,ROL,-0.017801234706879124
2019-10-31,SO,0.017801234706879124
2019-10-31,SRE,0.017801234706879124
2019-10-31,TJX,-0.017801234706879124
2019-10-31,VMC,0.017801234706879124
2019-10-31,WEC,0.017801234706879124
2019-10-31,XEL,0.017801234706879124
2019-11-30,ABMD,-0.03082287532080132
2019-11-30,ADS,-0.03082287532080132
2019-11-30,AEP,0.03082287532080132
2019-11-30,AZO,0.03082287532080132
2019-11-30,BFB,0.03082287532080132
2019-11-30,CBS,-0.03082287532080132
2019-11-30,CHRW,-0.03082287532080132
2019-11-30,CINF,0.03082287532080132
2019-11-30,CNC,-0.03082287532080132
2019-11-30,CPRT,0.03082287532080132
2019-11-30,CTL,-0.03082287532080132
2019-11-30,CXO,-0.03082287532080132
2019-11-30,DG,0.03082287532080132
2019-11-30,DHI,0.03082287532080132
2019-11-30,DXC,-0.03082287532080132
2019-11-30,EOG,-0.03082287532080132
2019-11-30,EQIX,0.03082287532080132
2019-11-30,ETR,0.03082287532080132
2019-11-30,FAST,-0.03082287532080132
2019-11-30,FE,0.03082287532080132
2019-11-30,FLT,0.03082287532080132
2019-11-30,FOX,-0.03082287532080132
2019-11-30,FOXA,-0.03082287532080132
2019-11-30,GPN,0.03082287532080132
2019-11-30,GPS,-0.03082287532080132
2019-11-30,HAL,-0.03082287532080132
2019-11-30,HIG,0.03082287532080132
2019-11-30,HSIC,-0.03082287532080132
2019-11-30,HSY,0.03082287532080132
2019-11-30,M,-0.03082287532080132
2019-11-30,MA,0.03082287532080132
2019-11-30,MAA,0.03082287532080132
2019-11-30,MAC,-0.03082287532080132
2019-11-30,NEE,0.03082287532080132
2019-11-30,NLSN,-0.03082287532080132
2019-11-30,OXY,-0.03082287532080132
2019-11-30,PG,0.03082287532080132
2019-11-30,PHM,0.03082287532080132
2019-11-30,ROL,-0.03082287532080132
2019-11-30,SNPS,0.03082287532080132
2019-11-30,SO,0.03082287532080132
2019-11-30,SPG,-0.03082287532080132
2019-11-30,SPGI,0.03082287532080132
2019-11-30,VIAB,-0.03082287532080132
2019-11-30,WBA,-0.03082287532080132
2019-11-30,WEC,0.03082287532080132
2019-11-30,WU,0.03082287532080132
2019-11-30,XEC,-0.03082287532080132
2019-12-31,ABMD,-0.033324279065317305
2019-12-31,ADS,-0.033324279065317305
2019-12-31,AMD,0.033324279065317305
2019-12-31,AZO,0.033324279065317305
2019-12-31,CNC,-0.033324279065317305
2019-12-31,CNP,-0.033324279065317305
2019-12-31,COG,-0.033324279065317305
2019-12-31,CPRT,0.033324279065317305
2019-12-31,CXO,-0.033324279065317305
2019-12-31,DHI,0.033324279065317305
2019-12-31,EOG,-0.033324279065317305
2019-12-31,EQIX,0.033324279065317305
2019-12-31,ETR,0.033324279065317305
2019-12-31,FANG,-0.033324279065317305
2019-12-31,FAST,-0.033324279065317305
2019-12-31,FE,0.033324279065317305
2019-12-31,FIS,0.033324279065317305
2019-12-31,FLT,0.033324279065317305
2019-12-31,FOX,-0.033324279065317305
2019-12-31,FOXA,-0.033324279065317305
2019-12-31,GPN,0.033324279065317305
2019-12-31,GPS,-0.033324279065317305
2019-12-31,HAL,-0.033324279065317305
2019-12-31,HIG,0.033324279065317305
2019-12-31,INFO,0.033324279065317305
2019-12-31,KHC,-0.033324279065317305
2019-12-31,KSS,-0.033324279065317305
2019-12-31,KSU,0.033324279065317305
2019-12-31,M,-0.033324279065317305
2019-12-31,MA,0.033324279065317305
2019-12-31,MAA,0.033324279065317305
2019-12-31,MOS,-0.033324279065317305
2019-12-31,MRO,-0.033324279065317305
2019-12-31,MSCI,0.033324279065317305
2019-12-31,MYL,-0.033324279065317305
2019-12-31,NEE,0.033324279065317305
2019-12-31,NLSN,-0.033324279065317305
2019-12-31,OXY,-0.033324279065317305
2019-12-31,PFE,-0.033324279065317305
2019-12-31,PHM,0.033324279065317305
2019-12-31,SNPS,0.033324279065317305
2019-12-31,SO,0.033324279065317305
2019-12-31,SPG,-0.033324279065317305
2019-12-31,SPGI,0.033324279065317305
2019-12-31,SRE,0.033324279065317305
2019-12-31,TGT,0.033324279065317305
2019-12-31,WU,0.033324279065317305
2019-12-31,XEC,-0.033324279065317305
2020-01-31,AAPL,0.02520367026854954
2020-01-31,ABMD,-0.02520367026854954
2020-01-31,ADS,-0.02520367026854954
2020-01-31,AJG,0.02520367026854954
2020-01-31,ARNC,0.02520367026854954
2020-01-31,AZO,0.02520367026854954
2020-01-31,CHRW,-0.02520367026854954
2020-01-31,CNC,-0.02520367026854954
2020-01-31,COG,-0.02520367026854954
2020-01-31,CPRT,0.02520367026854954
2020-01-31,CXO,-0.02520367026854954
2020-01-31,DXC,-0.02520367026854954
2020-01-31,EQIX,0.02520367026854954
2020-01-31,ETR,0.02520367026854954
2020-01-31,FAST,-0.02520367026854954
2020-01-31,FE,0.02520367026854954
2020-01-31,FIS,0.02520367026854954
2020-01-31,FOX,-0.02520367026854954
2020-01-31,FOXA,-0.02520367026854954
2020-01-31,GPN,0.02520367026854954
2020-01-31,GPS,-0.02520367026854954
2020-01-31,HLT,0.02520367026854954
2020-01-31,INFO,0.02520367026854954
2020-01-31,IRM,-0.02520367026854954
2020-01-31,KHC,-0.02520367026854954
2020-01-31,KSS,-0.02520367026854954
2020-01-31,LB,-0.02520367026854954
2020-01-31,LNT,0.02520367026854954
2020-01-31,M,-0.02520367026854954
2020-01-31,MA,0.02520367026854954
2020-01-31,MDT,0.02520367026854954
2020-01-31,MLM,0.02520367026854954
2020-01-31,MOS,-0.02520367026854954
2020-01-31,MSFT,0.02520367026854954
2020-01-31,MYL,-0.02520367026854954
2020-01-31,NEE,0.02520367026854954
2020-01-31,NLSN,-0.02520367026854954
2020-01-31,OXY,-0.02520367026854954
2020-01-31,SO,0.02520367026854954
2020-01-31,SPG,-0.02520367026854954
2020-01-31,SRE,0.02520367026854954
2020-01-31,TGT,0.02520367026854954
2020-01-31,TPR,-0.02520367026854954
2020-01-31,V,0.02520367026854954
2020-01-31,WBA,-0.02520367026854954
2020-01-31,WU,0.02520367026854954
2020-01-31,XEC,-0.02520367026854954
2020-01-31,ZTS,0.02520367026854954
2020-02-29,AAPL,0.03095077791077712
2020-02-29,ABMD,-0.03095077791077712
2020-02-29,ADS,-0.03095077791077712
2020-02-29,AMD,0.03095077791077712
2020-02-29,BA,-0.03095077791077712
2020-02-29,CCL,-0.03095077791077712
2020-02-29,CHRW,-0.03095077791077712
2020-02-29,CHTR,0.03095077791077712
2020-02-29,CMA,-0.03095077791077712
2020-02-29,COG,-0.03095077791077712
2020-02-29,CPRT,0.03095077791077712
2020-02-29,DHI,0.03095077791077712
2020-02-29,EQIX,0.03095077791077712
2020-02-29,ES,0.03095077791077712
2020-02-29,ETR,0.03095077791077712
2020-02-29,FAST,-0.03095077791077712
2020-02-29,FE,0.03095077791077712
2020-02-29,FFIV,-0.03095077791077712
2020-02-29,FIS,0.03095077791077712
2020-02-29,GLW,-0.03095077791077712
2020-02-29,GPS,-0.03095077791077712
2020-02-29,INFO,0.03095077791077712
2020-02-29,KSS,-0.03095077791077712
2020-02-29,KSU,0.03095077791077712
2020-02-29,LNT,0.03095077791077712
2020-02-29,M,-0.03095077791077712
2020-02-29,MA,0.03095077791077712
2020-02-29,MDT,0.03095077791077712
2020-02-29,MMM,-0.03095077791077712
2020-02-29,MOS,-0.03095077791077712
2020-02-29,MRO,-0.03095077791077712
2020-02-29,MSFT,0.03095077791077712
2020-02-29,NEE,0.03095077791077712
2020-02-29,NLSN,-0.03095077791077712
2020-02-29,OXY,-0.03095077791077712
2020-02-29,PHM,0.03095077791077712
2020-02-29,RMD,0.03095077791077712
2020-02-29,RSG,0.03095077791077712
2020-02-29,SO,0.03095077791077712
2020-02-29,SPG,-0.03095077791077712
2020-02-29,SPGI,0.03095077791077712
2020-02-29,SRE,0.03095077791077712
2020-02-29,WBA,-0.03095077791077712
2020-02-29,WMB,-0.03095077791077712
2020-02-29,WU,0.03095077791077712
2020-02-29,XEC,-0.03095077791077712
2020-02-29,XLNX,-0.03095077791077712
2020-02-29,XOM,-0.03095077791077712
2020-03-31,AAPL,0.026040952594665188
2020-03-31,ABMD,-0.026040952594665188
2020-03-31,ADS,-0.026040952594665188
2020-03-31,AJG,0.026040952594665188
2020-03-31,AMAT,0.026040952594665188
2020-03-31,AMD,0.026040952594665188
2020-03-31,AON,0.026040952594665188
2020-03-31,ARNC,0.026040952594665188
2020-03-31,BEN,-0.026040952594665188
2020-03-31,CHRW,-0.026040952594665188
2020-03-31,CHTR,0.026040952594665188
2020-03-31,COG,-0.026040952594665188
2020-03-31,CPRT,0.026040952594665188
2020-03-31,CTAS,0.026040952594665188
2020-03-31,CVX,-0.026040952594665188
2020-03-31,EQIX,0.026040952594665188
2020-03-31,ES,0.026040952594665188
2020-03-31,FAST,-0.026040952594665188
2020-03-31,FIS,0.026040952594665188
2020-03-31,FRT,-0.026040952594665188
2020-03-31,GLW,-0.026040952594665188
2020-03-31,GPN,0.026040952594665188
2020-03-31,GPS,-0.026040952594665188
2020-03-31,INFO,0.026040952594665188
2020-03-31,KSS,-0.026040952594665188
2020-03-31,LRCX,0.026040952594665188
2020-03-31,M,-0.026040952594665188
2020-03-31,MA,0.026040952594665188
2020-03-31,MCO,0.026040952594665188
2020-03-31,MMM,-0.026040952594665188
2020-03-31,MO,-0.026040952594665188
2020-03-31,MRO,-0.026040952594665188
2020-03-31,MSCI,0.026040952594665188
2020-03-31,MSFT,0.026040952594665188
2020-03-31,NEE,0.026040952594665188
2020-03-31,NLSN,-0.026040952594665188
2020-03-31,OXY,-0.026040952594665188
2020-03-31,PFE,-0.026040952594665188
2020-03-31,PHM,0.026040952594665188
2020-03-31,REG,-0.026040952594665188
2020-03-31,RMD,0.026040952594665188
2020-03-31,SBAC,0.026040952594665188
2020-03-31,SEE,-0.026040952594665188
2020-03-31,SPG,-0.026040952594665188
2020-03-31,WMB,-0.026040952594665188
2020-03-31,XLNX,-0.026040952594665188
2020-03-31,XOM,-0.026040952594665188
2020-03-31,ZTS,0.026040952594665188
2020-04-30,AAPL,0.01689362882290354
2020-04-30,ABC,0.01689362882290354
2020-04-30,AMD,0.01689362882290354
2020-04-30,ATVI,0.01689362882290354
2020-04-30,BEN,-0.01689362882290354
2020-04-30,BIIB,0.01689362882290354
2020-04-30,BMY,0.01689362882290354
2020-04-30,CCI,0.01689362882290354
2020-04-30,CNP,-0.01689362882290354
2020-04-30,COST,0.01689362882290354
2020-04-30,CPB,0.01689362882290354
2020-04-30,CTSH,-0.01689362882290354
2020-04-30,CTXS,0.01689362882290354
2020-04-30,CVX,-0.01689362882290354
2020-04-30,DG,0.01689362882290354
2020-04-30,DLR,0.01689362882290354
2020-04-30,EQIX,0.01689362882290354
2020-04-30,EXC,-0.01689362882290354
2020-04-30,FAST,-0.01689362882290354
2020-04-30,FDX,-0.01689362882290354
2020-04-30,FRT,-0.01689362882290354
2020-04-30,FTV,-0.01689362882290354
2020-04-30,GLW,-0.01689362882290354
2020-04-30,HST,-0.01689362882290354
2020-04-30,IR,-0.01689362882290354
2020-04-30,IVZ,-0.01689362882290354
2020-04-30,MCK,0.01689362882290354
2020-04-30,MSCI,0.01689362882290354
2020-04-30,MSFT,0.01689362882290354
2020-04-30,NEE,0.01689362882290354
2020-04-30,NEM,0.01689362882290354
2020-04-30,NLSN,-0.01689362882290354
2020-04-30,NVDA,0.01689362882290354
2020-04-30,OXY,-0.01689362882290354
2020-04-30,PEG,-0.01689362882290354
2020-04-30,REG,-0.01689362882290354
2020-04-30,REGN,0.01689362882290354
2020-04-30,RMD,0.01689362882290354
2020-04-30,SBAC,0.01689362882290354
2020-04-30,SEE,-0.01689362882290354
2020-04-30,SPG,-0.01689362882290354
2020-04-30,TRV,-0.01689362882290354
2020-04-30,TTWO,0.01689362882290354
2020-04-30,VNO,-0.01689362882290354
2020-04-30,VRTX,0.01689362882290354
2020-04-30,WMB,-0.01689362882290354
2020-04-30,XLNX,-0.01689362882290354
2020-04-30,XOM,-0.01689362882290354
2020-05-31,AAL,-0.016538872860287032
2020-05-31,AAPL,0.016538872860287032
2020-05-31,AIG,-0.016538872860287032
2020-05-31,AKAM,0.016538872860287032
2020-05-31,AMD,0.016538872860287032
2020-05-31,ANSS,0.016538872860287032
2020-05-31,ATVI,0.016538872860287032
2020-05-31,BA,-0.016538872860287032
2020-05-31,BEN,-0.016538872860287032
2020-05-31,CB,-0.016538872860287032
2020-05-31,CCL,-0.016538872860287032
2020-05-31,CINF,-0.016538872860287032
2020-05-31,CLX,0.016538872860287032
2020-05-31,COST,0.016538872860287032
2020-05-31,COTY,-0.016538872860287032
2020-05-31,CPB,0.016538872860287032
2020-05-31,DAL,-0.016538872860287032
2020-05-31,DG,0.016538872860287032
2020-05-31,DVA,0.016538872860287032
2020-05-31,EQIX,0.016538872860287032
2020-05-31,EXC,-0.016538872860287032
2020-05-31,F,-0.016538872860287032
2020-05-31,GILD,0.016538872860287032
2020-05-31,HUM,0.016538872860287032
2020-05-31,IR,-0.016538872860287032
2020-05-31,IVZ,-0.016538872860287032
2020-05-31,KLAC,0.016538872860287032
2020-05-31,KR,0.016538872860287032
2020-05-31,L,-0.016538872860287032
2020-05-31,LLY,0.016538872860287032
2020-05-31,LUV,-0.016538872860287032
2020-05-31,MSCI,0.016538872860287032
2020-05-31,MSFT,0.016538872860287032
2020-05-31,NEM,0.016538872860287032
2020-05-31,NVDA,0.016538872860287032
2020-05-31,OMC,-0.016538872860287032
2020-05-31,PSA,-0.016538872860287032
2020-05-31,RE,-0.016538872860287032
2020-05-31,REGN,0.016538872860287032
2020-05-31,RMD,0.016538872860287032
2020-05-31,SBAC,0.016538872860287032
2020-05-31,SPG,-0.016538872860287032
2020-05-31,TRV,-0.016538872860287032
2020-05-31,TXT,-0.016538872860287032
2020-05-31,UA,-0.016538872860287032
2020-05-31,UAA,-0.016538872860287032
2020-05-31,UAL,-0.016538872860287032
2020-05-31,VRTX,0.016538872860287032
2020-06-30,AAL,-0.02364471026331949
2020-06-30,AAPL,0.02364471026331949
2020-06-30,AFL,-0.02364471026331949
2020-06-30,AKAM,0.02364471026331949
2020-06-30,AMD,0.02364471026331949
2020-06-30,ATVI,0.02364471026331949
2020-06-30,BA,-0.02364471026331949
2020-06-30,BEN,-0.02364471026331949
2020-06-30,CCI,0.02364471026331949
2020-06-30,CINF,-0.02364471026331949
2020-06-30,CLX,0.02364471026331949
2020-06-30,COTY,-0.02364471026331949
2020-06-30,CPB,0.02364471026331949
2020-06-30,DAL,-0.02364471026331949
2020-06-30,DG,0.02364471026331949
2020-06-30,EQIX,0.02364471026331949
2020-06-30,F,-0.02364471026331949
2020-06-30,FTNT,0.02364471026331949
2020-06-30,GLW,-0.02364471026331949
2020-06-30,HPE,-0.02364471026331949
2020-06-30,HUM,0.02364471026331949
2020-06-30,IR,-0.02364471026331949
2020-06-30,IVZ,-0.02364471026331949
2020-06-30,JKHY,0.02364471026331949
2020-06-30,KLAC,0.02364471026331949
2020-06-30,KR,0.02364471026331949
2020-06-30,L,-0.02364471026331949
2020-06-30,LLY,0.02364471026331949
2020-06-30,LRCX,0.02364471026331949
2020-06-30,LUV,-0.02364471026331949
2020-06-30,MSCI,0.02364471026331949
2020-06-30,MSFT,0.02364471026331949
2020-06-30,MTB,-0.02364471026331949
2020-06-30,NVDA,0.02364471026331949
2020-06-30,OMC,-0.02364471026331949
2020-06-30,REGN,0.02364471026331949
2020-06-30,RMD,0.02364471026331949
2020-06-30,SBAC,0.02364471026331949
2020-06-30,SPG,-0.02364471026331949
2020-06-30,SPGI,0.02364471026331949
2020-06-30,TAP,-0.02364471026331949
2020-06-30,TRV,-0.02364471026331949
2020-06-30,UA,-0.02364471026331949
2020-06-30,UAA,-0.02364471026331949
2020-06-30,UAL,-0.02364471026331949
2020-06-30,VRTX,0.02364471026331949
2020-06-30,WFC,-0.02364471026331949
2020-06-30,XRX,-0.02364471026331949
2020-07-31,AAL,-0.02662114268569441
2020-07-31,AAPL,0.02662114268569441
2020-07-31,ABBV,0.02662114268569441
2020-07-31,ADBE,0.02662114268569441
2020-07-31,AFL,-0.02662114268569441
2020-07-31,AMD,0.02662114268569441
2020-07-31,AMZN,0.02662114268569441
2020-07-31,ANSS,0.02662114268569441
2020-07-31,ATVI,0.02662114268569441
2020-07-31,CF,-0.02662114268569441
2020-07-31,CINF,-0.02662114268569441
2020-07-31,CLX,0.02662114268569441
2020-07-31,DAL,-0.02662114268569441
2020-07-31,DG,0.02662114268569441
2020-07-31,EA,0.02662114268569441
2020-07-31,EQIX,0.02662114268569441
2020-07-31,EQR,-0.02662114268569441
2020-07-31,EW,-0.02662114268569441
2020-07-31,FTI,-0.02662114268569441
2020-07-31,FTNT,0.02662114268569441
2020-07-31,HAS,-0.02662114268569441
2020-07-31,HPE,-0.02662114268569441
2020-07-31,HRB,-0.02662114268569441
2020-07-31,HST,-0.02662114268569441
2020-07-31,IR,-0.02662114268569441
2020-07-31,JKHY,0.02662114268569441
2020-07-31,KR,0.02662114268569441
2020-07-31,L,-0.02662114268569441
2020-07-31,LLY,0.02662114268569441
2020-07-31,LRCX,0.02662114268569441
2020-07-31,LUV,-0.02662114268569441
2020-07-31,MSCI,0.02662114268569441
2020-07-31,MSFT,0.02662114268569441
2020-07-31,MTB,-0.02662114268569441
2020-07-31,NEM,0.02662114268569441
2020-07-31,NI,-0.02662114268569441
2020-07-31,NVDA,0.02662114268569441
2020-07-31,OMC,-0.02662114268569441
2020-07-31,REGN,0.02662114268569441
2020-07-31,RMD,0.02662114268569441
2020-07-31,SNPS,0.02662114268569441
2020-07-31,TAP,-0.02662114268569441
2020-07-31,UAL,-0.02662114268569441
2020-07-31,UHS,-0.02662114268569441
2020-07-31,USB,-0.02662114268569441
2020-07-31,VRTX,0.02662114268569441
2020-07-31,WFC,-0.02662114268569441
2020-07-31,XRX,-0.02662114268569441
2020-08-31,AAL,-0.028732209471386466
2020-08-31,AAPL,0.028732209471386466
2020-08-31,ADBE,0.028732209471386466
2020-08-31,ADP,-0.028732209471386466
2020-08-31,AFL,-0.028732209471386466
2020-08-31,AMD,0.028732209471386466
2020-08-31,AMZN,0.028732209471386466
2020-08-31,ANSS,0.028732209471386466
2020-08-31,ATVI,0.028732209471386466
2020-08-31,BA,-0.028732209471386466
2020-08-31,CCL,-0.028732209471386466
2020-08-31,CDNS,0.028732209471386466
2020-08-31,CF,-0.028732209471386466
2020-08-31,CLX,0.028732209471386466
2020-08-31,COTY,-0.028732209471386466
2020-08-31,DAL,-0.028732209471386466
2020-08-31,DVA,0.028732209471386466
2020-08-31,EA,0.028732209471386466
2020-08-31,EQIX,0.028732209471386466
2020-08-31,EQR,-0.028732209471386466
2020-08-31,ESS,-0.028732209471386466
2020-08-31,EW,-0.028732209471386466
2020-08-31,FAST,0.028732209471386466
2020-08-31,FE,-0.028732209471386466
2020-08-31,FRT,-0.028732209471386466
2020-08-31,GD,-0.028732209471386466
2020-08-31,HAS,-0.028732209471386466
2020-08-31,IR,-0.028732209471386466
2020-08-31,KR,0.028732209471386466
2020-08-31,LRCX,0.028732209471386466
2020-08-31,LUV,-0.028732209471386466
2020-08-31,MSCI,0.028732209471386466
2020-08-31,MSFT,0.028732209471386466
2020-08-31,NEM,0.028732209471386466
2020-08-31,NFLX,0.028732209471386466
2020-08-31,NVDA,0.028732209471386466
2020-08-31,OMC,-0.028732209471386466
2020-08-31,PSA,-0.028732209471386466
2020-08-31,PYPL,0.028732209471386466
2020-08-31,REGN,0.028732209471386466
2020-08-31,RMD,0.028732209471386466
2020-08-31,SWKS,0.028732209471386466
2020-08-31,TSN,-0.028732209471386466
2020-08-31,UAL,-0.028732209471386466
2020-08-31,UDR,-0.028732209471386466
2020-08-31,VRTX,0.028732209471386466
2020-08-31,WFC,-0.028732209471386466
2020-08-31,XOM,-0.028732209471386466
2020-09-30,AAPL,-0.031106460485124384
2020-09-30,ADBE,0.03110646048512438
2020-09-30,AFL,-0.03110646048512438
2020-09-30,AIV,-0.03110646048512438
2020-09-30,AMD,0.03110646048512438
2020-09-30,AMZN,0.03110646048512438
2020-09-30,ANSS,0.03110646048512438
2020-09-30,ATVI,0.03110646048512438
2020-09-30,CDNS,0.03110646048512438
2020-09-30,CLX,0.03110646048512438
2020-09-30,DVA,0.03110646048512438
2020-09-30,EA,0.03110646048512438
2020-09-30,ED,-0.03110646048512438
2020-09-30,EQIX,0.03110646048512438
2020-09-30,EQR,-0.03110646048512438
2020-09-30,ESS,-0.03110646048512438
2020-09-30,EW,-0.03110646048512438
2020-09-30,EXC,-0.03110646048512438
2020-09-30,FE,-0.03110646048512438
2020-09-30,FRT,-0.03110646048512438
2020-09-30,HPE,-0.03110646048512438
2020-09-30,IR,-0.03110646048512438
2020-09-30,KMI,-0.03110646048512438
2020-09-30,KR,0.03110646048512438
2020-09-30,L,-0.03110646048512438
2020-09-30,MSCI,0.03110646048512438
2020-09-30,MSFT,0.03110646048512438
2020-09-30,MTB,-0.03110646048512438
2020-09-30,NEM,0.03110646048512438
2020-09-30,NFLX,0.03110646048512438
2020-09-30,NI,-0.03110646048512438
2020-09-30,NVDA,0.03110646048512438
2020-09-30,OMC,-0.03110646048512438
2020-09-30,PYPL,0.03110646048512438
2020-09-30,REG,-0.03110646048512438
2020-09-30,REGN,0.03110646048512438
2020-09-30,ROL,0.03110646048512438
2020-09-30,SNPS,0.03110646048512438
2020-09-30,SWKS,0.03110646048512438
2020-09-30,TAP,-0.03110646048512438
2020-09-30,TMO,0.03110646048512438
2020-09-30,TMUS,0.03110646048512438
2020-09-30,UDR,-0.03110646048512438
2020-09-30,USB,-0.03110646048512438
2020-09-30,VRTX,0.03110646048512438
2020-09-30,WBA,-0.03110646048512438
2020-09-30,WFC,-0.03110646048512438
2020-09-30,XOM,-0.03110646048512438
2020-10-31,AAPL,-0.03346474632184932
2020-10-31,ADBE,0.03346474632184932
2020-10-31,AFL,-0.03346474632184932
2020-10-31,AIV,-0.03346474632184932
2020-10-31,AMD,0.03346474632184932
2020-10-31,AMZN,0.03346474632184932
2020-10-31,ANSS,0.03346474632184932
2020-10-31,ATVI,0.03346474632184932
2020-10-31,BXP,-0.03346474632184932
2020-10-31,CDNS,0.03346474632184932
2020-10-31,CLX,0.03346474632184932
2020-10-31,DHR,0.03346474632184932
2020-10-31,DVA,0.03346474632184932
2020-10-31,EA,0.03346474632184932
2020-10-31,EQIX,0.03346474632184932
2020-10-31,EQR,-0.03346474632184932
2020-10-31,ESS,-0.03346474632184932
2020-10-31,EW,-0.03346474632184932
2020-10-31,FE,-0.03346474632184932
2020-10-31,FRT,-0.03346474632184932
2020-10-31,HFC,-0.03346474632184932
2020-10-31,HPE,-0.03346474632184932
2020-10-31,IR,-0.03346474632184932
2020-10-31,KMI,-0.03346474632184932
2020-10-31,KR,0.03346474632184932
2020-10-31,MSCI,0.03346474632184932
2020-10-31,MSFT,0.03346474632184932
2020-10-31,MTB,-0.03346474632184932
2020-10-31,NEM,0.03346474632184932
2020-10-31,NFLX,0.03346474632184932
2020-10-31,NVDA,0.03346474632184932
2020-10-31,OMC,-0.03346474632184932
2020-10-31,PBCT,-0.03346474632184932
2020-10-31,PYPL,0.03346474632184932
2020-10-31,REG,-0.03346474632184932
2020-10-31,REGN,0.03346474632184932
2020-10-31,SBAC,0.03346474632184932
2020-10-31,SNPS,0.03346474632184932
2020-10-31,T,-0.03346474632184932
2020-10-31,TAP,-0.03346474632184932
2020-10-31,TMO,0.03346474632184932
2020-10-31,TMUS,0.03346474632184932
2020-10-31,TSCO,0.03346474632184932
2020-10-31,UDR,-0.03346474632184932
2020-10-31,USB,-0.03346474632184932
2020-10-31,WBA,-0.03346474632184932
2020-10-31,WFC,-0.03346474632184932
2020-10-31,XOM,-0.03346474632184932
2020-11-30,AAPL,-0.02869879300451349
2020-11-30,ADBE,0.02869879300451349
2020-11-30,AFL,-0.02869879300451349
2020-11-30,AIV,-0.02869879300451349
2020-11-30,AMD,0.02869879300451349
2020-11-30,AMZN,0.02869879300451349
2020-11-30,ATVI,0.02869879300451349
2020-11-30,BLL,0.02869879300451349
2020-11-30,BXP,-0.02869879300451349
2020-11-30,CDNS,0.02869879300451349
2020-11-30,CLX,0.02869879300451349
2020-11-30,DG,0.02869879300451349
2020-11-30,DHR,0.02869879300451349
2020-11-30,EQIX,0.02869879300451349
2020-11-30,EQR,-0.02869879300451349
2020-11-30,ESS,-0.02869879300451349
2020-11-30,EW,-0.02869879300451349
2020-11-30,FDX,0.02869879300451349
2020-11-30,FE,-0.02869879300451349
2020-11-30,FRT,-0.02869879300451349
2020-11-30,HFC,-0.02869879300451349
2020-11-30,HII,-0.02869879300451349
2020-11-30,HPE,-0.02869879300451349
2020-11-30,HST,-0.02869879300451349
2020-11-30,IDXX,0.02869879300451349
2020-11-30,IR,-0.02869879300451349
2020-11-30,KMI,-0.02869879300451349
2020-11-30,MSCI,0.02869879300451349
2020-11-30,MTD,0.02869879300451349
2020-11-30,NEE,-0.02869879300451349
2020-11-30,NEM,0.02869879300451349
2020-11-30,NFLX,0.02869879300451349
2020-11-30,NOW,0.02869879300451349
2020-11-30,NTRS,-0.02869879300451349
2020-11-30,NVDA,0.02869879300451349
2020-11-30,OMC,-0.02869879300451349
2020-11-30,PYPL,0.02869879300451349
2020-11-30,QCOM,0.02869879300451349
2020-11-30,ROL,0.02869879300451349
2020-11-30,SNPS,0.02869879300451349
2020-11-30,T,-0.02869879300451349
2020-11-30,TMO,0.02869879300451349
2020-11-30,TMUS,0.02869879300451349
2020-11-30,TSN,-0.02869879300451349
2020-11-30,UDR,-0.02869879300451349
2020-11-30,WBA,-0.02869879300451349
2020-11-30,WFC,-0.02869879300451349
2020-11-30,XOM,-0.02869879300451349
2020-12-31,AAL,-0.03129039142880899
2020-12-31,AAPL,-0.03129039142880899
2020-12-31,AMD,0.03129039142880899
2020-12-31,AMZN,0.03129039142880899
2020-12-31,ATO,-0.03129039142880899
2020-12-31,ATVI,0.03129039142880899
2020-12-31,BLL,0.03129039142880899
2020-12-31,BSX,-0.03129039142880899
2020-12-31,CDNS,0.03129039142880899
2020-12-31,CLX,0.03129039142880899
2020-12-31,COST,0.03129039142880899
2020-12-31,DE,0.03129039142880899
2020-12-31,DG,0.03129039142880899
2020-12-31,DHR,0.03129039142880899
2020-12-31,EQR,-0.03129039142880899
2020-12-31,EW,-0.03129039142880899
2020-12-31,FDX,0.03129039142880899
2020-12-31,FE,-0.03129039142880899
2020-12-31,HFC,-0.03129039142880899
2020-12-31,HII,-0.03129039142880899
2020-12-31,HPE,-0.03129039142880899
2020-12-31,IDXX,0.03129039142880899
2020-12-31,IR,-0.03129039142880899
2020-12-31,KMI,-0.03129039142880899
2020-12-31,MO,-0.03129039142880899
2020-12-31,MSCI,0.03129039142880899
2020-12-31,MTB,-0.03129039142880899
2020-12-31,MTD,0.03129039142880899
2020-12-31,NEE,-0.03129039142880899
2020-12-31,NFLX,0.03129039142880899
2020-12-31,NOW,0.03129039142880899
2020-12-31,NVDA,0.03129039142880899
2020-12-31,PBCT,-0.03129039142880899
2020-12-31,PWR,0.03129039142880899
2020-12-31,PYPL,0.03129039142880899
2020-12-31,QCOM,0.03129039142880899
2020-12-31,ROL,0.03129039142880899
2020-12-31,SNPS,0.03129039142880899
2020-12-31,T,-0.03129039142880899
2020-12-31,TMO,0.03129039142880899
2020-12-31,TMUS,0.03129039142880899
2020-12-31,TSN,-0.03129039142880899
2020-12-31,USB,-0.03129039142880899
2020-12-31,VNO,-0.03129039142880899
2020-12-31,WBA,-0.03129039142880899
2020-12-31,WFC,-0.03129039142880899
2020-12-31,XOM,-0.03129039142880899
2020-12-31,XRX,-0.03129039142880899
2021-01-31,AAPL,-0.0339683234863417
2021-01-31,ALGN,0.0339683234863417
2021-01-31,AMZN,0.0339683234863417
2021-01-31,ATO,-0.0339683234863417
2021-01-31,ATVI,0.0339683234863417
2021-01-31,CAT,0.0339683234863417
2021-01-31,CBOE,-0.0339683234863417
2021-01-31,CDNS,0.0339683234863417
2021-01-31,DE,0.0339683234863417
2021-01-31,DG,0.0339683234863417
2021-01-31,ED,-0.0339683234863417
2021-01-31,EQR,-0.0339683234863417
2021-01-31,ETR,-0.0339683234863417
2021-01-31,EW,-0.0339683234863417
2021-01-31,FCX,0.0339683234863417
2021-01-31,FDX,0.0339683234863417
2021-01-31,FE,-0.0339683234863417
2021-01-31,HII,-0.0339683234863417
2021-01-31,IDXX,0.0339683234863417
2021-01-31,IPGP,0.0339683234863417
2021-01-31,IR,-0.0339683234863417
2021-01-31,KMI,-0.0339683234863417
2021-01-31,MKC,-0.0339683234863417
2021-01-31,MSCI,0.0339683234863417
2021-01-31,MTD,0.0339683234863417
2021-01-31,NEE,-0.0339683234863417
2021-01-31,NFLX,0.0339683234863417
2021-01-31,NI,-0.0339683234863417
2021-01-31,NOC,-0.0339683234863417
2021-01-31,NOW,0.0339683234863417
2021-01-31,NVDA,0.0339683234863417
2021-01-31,PPL,-0.0339683234863417
2021-01-31,PRGO,-0.0339683234863417
2021-01-31,PWR,0.0339683234863417
2021-01-31,PYPL,0.0339683234863417
2021-01-31,QCOM,0.0339683234863417
2021-01-31,SNPS,0.0339683234863417
2021-01-31,SRE,-0.0339683234863417
2021-01-31,T,-0.0339683234863417
2021-01-31,TMO,0.0339683234863417
2021-01-31,TMUS,0.0339683234863417
2021-01-31,TSN,-0.0339683234863417
2021-01-31,TTWO,0.0339683234863417
2021-01-31,VNO,-0.0339683234863417
2021-01-31,WBA,-0.0339683234863417
2021-01-31,WFC,-0.0339683234863417
2021-01-31,XLNX,0.0339683234863417
2021-01-31,XOM,-0.0339683234863417
2021-02-28,A,0.0359283647114879
2021-02-28,AAPL,-0.0359283647114879
2021-02-28,ABMD,0.0359283647114879
2021-02-28,ABT,0.0359283647114879
2021-02-28,ALGN,0.0359283647114879
2021-02-28,ATO,-0.0359283647114879
2021-02-28,ATVI,0.0359283647114879
2021-02-28,BXP,-0.0359283647114879
2021-02-28,CAT,0.0359283647114879
2021-02-28,CBOE,-0.0359283647114879
2021-02-28,CCL,-0.0359283647114879
2021-02-28,CDNS,0.0359283647114879
2021-02-28,DE,0.0359283647114879
2021-02-28,DHR,0.0359283647114879
2021-02-28,EQR,-0.0359283647114879
2021-02-28,ETR,-0.0359283647114879
2021-02-28,EVRG,-0.0359283647114879
2021-02-28,EW,-0.0359283647114879
2021-02-28,FCX,0.0359283647114879
2021-02-28,FE,-0.0359283647114879
2021-02-28,HII,-0.0359283647114879
2021-02-28,IDXX,0.0359283647114879
2021-02-28,IPGP,0.0359283647114879
2021-02-28,KLAC,0.0359283647114879
2021-02-28,KMI,-0.0359283647114879
2021-02-28,LMT,-0.0359283647114879
2021-02-28,MKC,-0.0359283647114879
2021-02-28,MTD,0.0359283647114879
2021-02-28,NEE,-0.0359283647114879
2021-02-28,NFLX,0.0359283647114879
2021-02-28,NI,-0.0359283647114879
2021-02-28,NOC,-0.0359283647114879
2021-02-28,NOW,0.0359283647114879
2021-02-28,NVDA,0.0359283647114879
2021-02-28,O,-0.0359283647114879
2021-02-28,PKG,0.0359283647114879
2021-02-28,PNW,-0.0359283647114879
2021-02-28,PRGO,-0.0359283647114879
2021-02-28,PYPL,0.0359283647114879
2021-02-28,QCOM,0.0359283647114879
2021-02-28,SNPS,0.0359283647114879
2021-02-28,T,-0.0359283647114879
2021-02-28,TGT,0.0359283647114879
2021-02-28,TMO,0.0359283647114879
2021-02-28,TTWO,0.0359283647114879
2021-02-28,UAL,-0.0359283647114879
2021-02-28,WFC,-0.0359283647114879
2021-02-28,XRX,-0.0359283647114879
2021-03-31,A,0.03614695973468119
2021-03-31,AAPL,-0.03614695973468119
2021-03-31,ADM,0.03614695973468119
2021-03-31,AEP,-0.03614695973468119
2021-03-31,ALGN,0.03614695973468119
2021-03-31,APTV,0.03614695973468119
2021-03-31,ATO,-0.03614695973468119
2021-03-31,AVGO,0.03614695973468119
2021-03-31,BAX,-0.03614695973468119
2021-03-31,BIIB,-0.03614695973468119
2021-03-31,CAT,0.03614695973468119
2021-03-31,CDNS,0.03614695973468119
2021-03-31,CMI,0.03614695973468119
2021-03-31,CMS,-0.03614695973468119
2021-03-31,CTVA,0.03614695973468119
2021-03-31,D,-0.03614695973468119
2021-03-31,DE,0.03614695973468119
2021-03-31,ED,-0.03614695973468119
2021-03-31,ETR,-0.03614695973468119
2021-03-31,EW,-0.03614695973468119
2021-03-31,FCX,0.03614695973468119
2021-03-31,FE,-0.03614695973468119
2021-03-31,GILD,-0.03614695973468119
2021-03-31,GPS,0.03614695973468119
2021-03-31,IDXX,0.03614695973468119
2021-03-31,K,-0.03614695973468119
2021-03-31,KLAC,0.03614695973468119
2021-03-31,LB,0.03614695973468119
2021-03-31,LNT,-0.03614695973468119
2021-03-31,MKC,-0.03614695973468119
2021-03-31,MRK,-0.03614695973468119
2021-03-31,MXIM,0.03614695973468119
2021-03-31,NEE,-0.03614695973468119
2021-03-31,NI,-0.03614695973468119
2021-03-31,PNW,-0.03614695973468119
2021-03-31,PRGO,-0.03614695973468119
2021-03-31,PWR,0.03614695973468119
2021-03-31,PYPL,0.03614695973468119
2021-03-31,REGN,-0.03614695973468119
2021-03-31,SBAC,-0.03614695973468119
2021-03-31,SIVB,0.03614695973468119
2021-03-31,SWKS,0.03614695973468119
2021-03-31,TWTR,0.03614695973468119
2021-03-31,URI,0.03614695973468119
2021-03-31,VIAC,0.03614695973468119
2021-03-31,VRTX,-0.03614695973468119
2021-03-31,WEC,-0.03614695973468119
2021-03-31,ZBRA,0.03614695973468119
2021-04-30,AAPL,-0.039231687754350326
2021-04-30,ADM,0.039231687754350326
2021-04-30,AES,0.039231687754350326
2021-04-30,ALGN,0.039231687754350326
2021-04-30,AMAT,0.039231687754350326
2021-04-30,AMP,0.039231687754350326
2021-04-30,APH,-0.039231687754350326
2021-04-30,BAX,-0.039231687754350326
2021-04-30,BIIB,-0.039231687754350326
2021-04-30,CARR,0.039231687754350326
2021-04-30,CAT,0.039231687754350326
2021-04-30,CMA,0.039231687754350326
2021-04-30,CNC,-0.039231687754350326
2021-04-30,COG,-0.039231687754350326
2021-04-30,DE,0.039231687754350326
2021-04-30,DFS,0.039231687754350326
2021-04-30,DLR,-0.039231687754350326
2021-04-30,ED,-0.039231687754350326
2021-04-30,EW,-0.039231687754350326
2021-04-30,F,0.039231687754350326
2021-04-30,FCX,0.039231687754350326
2021-04-30,FE,-0.039231687754350326
2021-04-30,FITB,0.039231687754350326
2021-04-30,GILD,-0.039231687754350326
2021-04-30,GM,0.039231687754350326
2021-04-30,GPS,0.039231687754350326
2021-04-30,INCY,-0.039231687754350326
2021-04-30,IVZ,0.039231687754350326
2021-04-30,JCI,0.039231687754350326
2021-04-30,JKHY,-0.039231687754350326
2021-04-30,K,-0.039231687754350326
2021-04-30,LB,0.039231687754350326
2021-04-30,LMT,-0.039231687754350326
2021-04-30,MKC,-0.039231687754350326
2021-04-30,MOS,0.039231687754350326
2021-04-30,NEE,-0.039231687754350326
2021-04-30,NI,-0.039231687754350326
2021-04-30,PNR,0.039231687754350326
2021-04-30,PRGO,-0.039231687754350326
2021-04-30,PWR,0.039231687754350326
2021-04-30,REGN,-0.039231687754350326
2021-04-30,RJF,0.039231687754350326
2021-04-30,ROL,-0.039231687754350326
2021-04-30,SBAC,-0.039231687754350326
2021-04-30,SIVB,0.039231687754350326
2021-04-30,URI,0.039231687754350326
2021-04-30,VRSN,-0.039231687754350326
2021-04-30,VRTX,-0.039231687754350326
2021-05-31,AAPL,-0.03954699415599179
2021-05-31,AES,0.03954699415599179
2021-05-31,ALGN,0.03954699415599179
2021-05-31,APH,-0.03954699415599179
2021-05-31,AVY,0.03954699415599179
2021-05-31,BAX,-0.03954699415599179
2021-05-31,BIIB,-0.03954699415599179
2021-05-31,CARR,0.03954699415599179
2021-05-31,CAT,0.03954699415599179
2021-05-31,CLX,-0.03954699415599179
2021-05-31,CMA,0.03954699415599179
2021-05-31,CNC,-0.03954699415599179
2021-05-31,COF,0.03954699415599179
2021-05-31,COG,-0.03954699415599179
2021-05-31,CPB,-0.03954699415599179
2021-05-31,CTXS,-0.03954699415599179
2021-05-31,D,-0.03954699415599179
2021-05-31,DE,0.03954699415599179
2021-05-31,DFS,0.03954699415599179
2021-05-31,EW,-0.03954699415599179
2021-05-31,FCX,0.03954699415599179
2021-05-31,FE,-0.03954699415599179
2021-05-31,FITB,0.03954699415599179
2021-05-31,GILD,-0.03954699415599179
2021-05-31,GPS,0.03954699415599179
2021-05-31,HRL,-0.03954699415599179
2021-05-31,INCY,-0.03954699415599179
2021-05-31,IP,0.03954699415599179
2021-05-31,IVZ,0.03954699415599179
2021-05-31,JCI,0.03954699415599179
2021-05-31,JKHY,-0.03954699415599179
2021-05-31,KMB,-0.03954699415599179
2021-05-31,LB,0.03954699415599179
2021-05-31,MKC,-0.03954699415599179
2021-05-31,MOS,0.03954699415599179
2021-05-31,MRK,-0.03954699415599179
2021-05-31,NEE,-0.03954699415599179
2021-05-31,PRGO,-0.03954699415599179
2021-05-31,PWR,0.03954699415599179
2021-05-31,REGN,-0.03954699415599179
2021-05-31,SHW,-0.03954699415599179
2021-05-31,SIVB,0.03954699415599179
2021-05-31,SNA,0.03954699415599179
2021-05-31,SYF,0.03954699415599179
2021-05-31,TPR,0.03954699415599179
2021-05-31,UAA,0.03954699415599179
2021-05-31,URI,0.03954699415599179
2021-05-31,VRTX,-0.03954699415599179
2021-06-30,AAPL,-0.04072385743896904
2021-06-30,ADM,0.04072385743896904
2021-06-30,APH,-0.04072385743896904
2021-06-30,AVY,0.04072385743896904
2021-06-30,BAX,-0.04072385743896904
2021-06-30,CAT,0.04072385743896904
2021-06-30,CLX,-0.04072385743896904
2021-06-30,CMA,0.04072385743896904
2021-06-30,COF,0.04072385743896904
2021-06-30,COG,-0.04072385743896904
2021-06-30,CPB,-0.04072385743896904
2021-06-30,CTXS,-0.04072385743896904
2021-06-30,D,-0.04072385743896904
2021-06-30,DE,0.04072385743896904
2021-06-30,DFS,0.04072385743896904
2021-06-30,DXCM,-0.04072385743896904
2021-06-30,ES,-0.04072385743896904
2021-06-30,FCX,0.04072385743896904
2021-06-30,FITB,0.04072385743896904
2021-06-30,GILD,-0.04072385743896904
2021-06-30,INCY,-0.04072385743896904
2021-06-30,INTC,-0.04072385743896904
2021-06-30,IP,0.04072385743896904
2021-06-30,IVZ,0.04072385743896904
2021-06-30,JCI,0.04072385743896904
2021-06-30,JKHY,-0.04072385743896904
2021-06-30,KMB,-0.04072385743896904
2021-06-30,LB,0.04072385743896904
2021-06-30,MKC,-0.04072385743896904
2021-06-30,MKTX,-0.04072385743896904
2021-06-30,MOS,0.04072385743896904
2021-06-30,NEE,-0.04072385743896904
2021-06-30,PNR,0.04072385743896904
2021-06-30,PRGO,-0.04072385743896904
2021-06-30,PWR,0.04072385743896904
2021-06-30,REGN,-0.04072385743896904
2021-06-30,RF,0.04072385743896904
2021-06-30,ROL,-0.04072385743896904
2021-06-30,SCHW,0.04072385743896904
2021-06-30,SHW,-0.04072385743896904
2021-06-30,SIVB,0.04072385743896904
2021-06-30,SNA,0.04072385743896904
2021-06-30,SYF,0.04072385743896904
2021-06-30,T,-0.04072385743896904
2021-06-30,TPR,0.04072385743896904
2021-06-30,TT,0.04072385743896904
2021-06-30,VRTX,-0.04072385743896904
2021-06-30,XYL,0.04072385743896904
2021-07-31,A,0.04437919333556824
2021-07-31,AAPL,-0.04437919333556824
2021-07-31,APH,-0.04437919333556824
2021-07-31,APTV,0.04437919333556824
2021-07-31,ATO,-0.04437919333556824
2021-07-31,AVY,0.04437919333556824
2021-07-31,BAX,-0.04437919333556824
2021-07-31,BDX,-0.04437919333556824
2021-07-31,CHD,-0.04437919333556824
2021-07-31,CLX,-0.04437919333556824
2021-07-31,COF,0.04437919333556824
2021-07-31,CPB,-0.04437919333556824
2021-07-31,CSX,-0.04437919333556824
2021-07-31,CTXS,-0.04437919333556824
2021-07-31,D,-0.04437919333556824
2021-07-31,DE,0.04437919333556824
2021-07-31,DFS,0.04437919333556824
2021-07-31,ES,-0.04437919333556824
2021-07-31,F,0.04437919333556824
2021-07-31,FCX,0.04437919333556824
2021-07-31,FITB,0.04437919333556824
2021-07-31,GM,0.04437919333556824
2021-07-31,GPS,0.04437919333556824
2021-07-31,HRL,-0.04437919333556824
2021-07-31,INCY,-0.04437919333556824
2021-07-31,IP,0.04437919333556824
2021-07-31,IVZ,0.04437919333556824
2021-07-31,JCI,0.04437919333556824
2021-07-31,K,-0.04437919333556824
2021-07-31,KMB,-0.04437919333556824
2021-07-31,MKC,-0.04437919333556824
2021-07-31,MKTX,-0.04437919333556824
2021-07-31,MSI,0.04437919333556824
2021-07-31,NEE,-0.04437919333556824
2021-07-31,PNR,0.04437919333556824
2021-07-31,PRGO,-0.04437919333556824
2021-07-31,PWR,0.04437919333556824
2021-07-31,REGN,-0.04437919333556824
2021-07-31,RJF,0.04437919333556824
2021-07-31,ROL,-0.04437919333556824
2021-07-31,SCHW,0.04437919333556824
2021-07-31,SHW,-0.04437919333556824
2021-07-31,SIVB,0.04437919333556824
2021-07-31,SYF,0.04437919333556824
2021-07-31,TGT,0.04437919333556824
2021-07-31,TPR,0.04437919333556824
2021-07-31,VRTX,-0.04437919333556824
2021-07-31,XYL,0.04437919333556824
2021-08-31,A,0.04683674371991437
2021-08-31,ALGN,0.04683674371991437
2021-08-31,APH,-0.04683674371991437
2021-08-31,APTV,0.04683674371991437
2021-08-31,AVY,0.04683674371991437
2021-08-31,BAX,-0.04683674371991437
2021-08-31,CAG,-0.04683674371991437
2021-08-31,CARR,0.04683674371991437
2021-08-31,CBRE,0.04683674371991437
2021-08-31,CHD,-0.04683674371991437
2021-08-31,CHRW,-0.04683674371991437
2021-08-31,CLX,-0.04683674371991437
2021-08-31,COF,0.04683674371991437
2021-08-31,COG,-0.04683674371991437
2021-08-31,CPB,-0.04683674371991437
2021-08-31,CSX,-0.04683674371991437
2021-08-31,CTXS,-0.04683674371991437
2021-08-31,DFS,0.04683674371991437
2021-08-31,EXR,0.04683674371991437
2021-08-31,GIS,-0.04683674371991437
2021-08-31,HRL,-0.04683674371991437
2021-08-31,IDXX,0.04683674371991437
2021-08-31,INCY,-0.04683674371991437
2021-08-31,IPG,0.04683674371991437
2021-08-31,IVZ,0.04683674371991437
2021-08-31,JCI,0.04683674371991437
2021-08-31,K,-0.04683674371991437
2021-08-31,KEYS,0.04683674371991437
2021-08-31,KMB,-0.04683674371991437
2021-08-31,LH,0.04683674371991437
2021-08-31,MAA,0.04683674371991437
2021-08-31,MHK,0.04683674371991437
2021-08-31,MKC,-0.04683674371991437
2021-08-31,MLM,0.04683674371991437
2021-08-31,MRK,-0.04683674371991437
2021-08-31,NEE,-0.04683674371991437
2021-08-31,NVDA,-0.04683674371991437
2021-08-31,PNR,0.04683674371991437
2021-08-31,ROL,-0.04683674371991437
2021-08-31,SHW,-0.04683674371991437
2021-08-31,SIVB,0.04683674371991437
2021-08-31,T,-0.04683674371991437
2021-08-31,TPR,0.04683674371991437
2021-08-31,TT,0.04683674371991437
2021-08-31,VRTX,-0.04683674371991437
2021-08-31,VZ,-0.04683674371991437
2021-08-31,WAT,0.04683674371991437
2021-08-31,XYL,0.04683674371991437
2021-09-30,A,0.04938822945753228
2021-09-30,AMGN,-0.04938822945753228
2021-09-30,AMP,0.04938822945753228
2021-09-30,APD,-0.04938822945753228
2021-09-30,APH,-0.04938822945753228
2021-09-30,CAG,-0.04938822945753228
2021-09-30,CARR,0.04938822945753228
2021-09-30,CHD,-0.04938822945753228
2021-09-30,CHRW,-0.04938822945753228
2021-09-30,CLX,-0.04938822945753228
2021-09-30,COF,0.04938822945753228
2021-09-30,CPB,-0.04938822945753228
2021-09-30,CSX,-0.04938822945753228
2021-09-30,CTXS,-0.04938822945753228
2021-09-30,DFS,0.04938822945753228
2021-09-30,EXR,0.04938822945753228
2021-09-30,FMC,-0.04938822945753228
2021-09-30,FTNT,0.04938822945753228
2021-09-30,GE,0.04938822945753228
2021-09-30,GIS,-0.04938822945753228
2021-09-30,GOOG,0.04938822945753228
2021-09-30,GOOGL,0.04938822945753228
2021-09-30,GRMN,0.04938822945753228
2021-09-30,HRL,-0.04938822945753228
2021-09-30,INCY,-0.04938822945753228
2021-09-30,IPG,0.04938822945753228
2021-09-30,IT,0.04938822945753228
2021-09-30,JCI,0.04938822945753228
2021-09-30,KEYS,0.04938822945753228
2021-09-30,KMB,-0.04938822945753228
2021-09-30,LH,0.04938822945753228
2021-09-30,MAA,0.04938822945753228
2021-09-30,MKC,-0.04938822945753228
2021-09-30,MRK,-0.04938822945753228
2021-09-30,MSI,0.04938822945753228
2021-09-30,NEE,-0.04938822945753228
2021-09-30,NVDA,-0.04938822945753228
2021-09-30,PCAR,-0.04938822945753228
2021-09-30,PNR,0.04938822945753228
2021-09-30,RJF,0.04938822945753228
2021-09-30,ROL,-0.04938822945753228
2021-09-30,SHW,-0.04938822945753228
2021-09-30,SIVB,0.04938822945753228
2021-09-30,TROW,0.04938822945753228
2021-09-30,VRTX,-0.04938822945753228
2021-09-30,VZ,-0.04938822945753228
2021-09-30,WAT,0.04938822945753228
2021-09-30,XYL,0.04938822945753228
2021-10-31,AMP,0.052502367770433774
2021-10-31,APH,-0.052502367770433774
2021-10-31,CHD,-0.052502367770433774
2021-10-31,CLX,-0.052502367770433774
2021-10-31,COF,0.052502367770433774
2021-10-31,CPB,-0.052502367770433774
2021-10-31,CSX,-0.052502367770433774
2021-10-31,D,-0.052502367770433774
2021-10-31,DTE,-0.052502367770433774
2021-10-31,DVN,0.052502367770433774
2021-10-31,FANG,0.052502367770433774
2021-10-31,FDX,-0.052502367770433774
2021-10-31,FITB,0.052502367770433774
2021-10-31,FMC,-0.052502367770433774
2021-10-31,FTNT,0.052502367770433774
2021-10-31,GE,0.052502367770433774
2021-10-31,GS,0.052502367770433774
2021-10-31,HCA,0.052502367770433774
2021-10-31,HRL,-0.052502367770433774
2021-10-31,INCY,-0.052502367770433774
2021-10-31,INTU,0.052502367770433774
2021-10-31,IPG,0.052502367770433774
2021-10-31,IPGP,-0.052502367770433774
2021-10-31,IT,0.052502367770433774
2021-10-31,JCI,0.052502367770433774
2021-10-31,LVS,-0.052502367770433774
2021-10-31,MAA,0.052502367770433774
2021-10-31,MKC,-0.052502367770433774
2021-10-31,MKTX,-0.052502367770433774
2021-10-31,MOS,0.052502367770433774
2021-10-31,MRO,0.052502367770433774
2021-10-31,MS,0.052502367770433774
2021-10-31,NDAQ,0.052502367770433774
2021-10-31,NEM,-0.052502367770433774
2021-10-31,NTAP,0.052502367770433774
2021-10-31,NVDA,-0.052502367770433774
2021-10-31,OKE,0.052502367770433774
2021-10-31,PCAR,-0.052502367770433774
2021-10-31,PNW,-0.052502367770433774
2021-10-31,ROL,-0.052502367770433774
2021-10-31,SHW,-0.052502367770433774
2021-10-31,SIVB,0.052502367770433774
2021-10-31,SYF,0.052502367770433774
2021-10-31,VRTX,-0.052502367770433774
2021-10-31,WEC,-0.052502367770433774
2021-10-31,WFC,0.052502367770433774
2021-10-31,XEL,-0.052502367770433774
2021-10-31,ZION,0.052502367770433774
2021-11-30,AMP,0.055097790187634776
2021-11-30,APH,-0.055097790187634776
2021-11-30,CBOE,0.055097790187634776
2021-11-30,CLX,-0.055097790187634776
2021-11-30,CMA,0.055097790187634776
2021-11-30,CPB,-0.055097790187634776
2021-11-30,CSX,-0.055097790187634776
2021-11-30,CTXS,-0.055097790187634776
2021-11-30,DVN,0.055097790187634776
2021-11-30,DXCM,0.055097790187634776
2021-11-30,EXR,0.055097790187634776
2021-11-30,FIS,-0.055097790187634776
2021-11-30,FMC,-0.055097790187634776
2021-11-30,FRC,0.055097790187634776
2021-11-30,FTNT,0.055097790187634776
2021-11-30,GE,0.055097790187634776
2021-11-30,GOOG,0.055097790187634776
2021-11-30,GOOGL,0.055097790187634776
2021-11-30,HRL,-0.055097790187634776
2021-11-30,INCY,-0.055097790187634776
2021-11-30,INTU,0.055097790187634776
2021-11-30,IPGP,-0.055097790187634776
2021-11-30,IRM,0.055097790187634776
2021-11-30,ISRG,-0.055097790187634776
2021-11-30,IT,0.055097790187634776
2021-11-30,JCI,0.055097790187634776
2021-11-30,LKQ,0.055097790187634776
2021-11-30,LW,-0.055097790187634776
2021-11-30,MAA,0.055097790187634776
2021-11-30,MCHP,-0.055097790187634776
2021-11-30,MKC,-0.055097790187634776
2021-11-30,MKTX,-0.055097790187634776
2021-11-30,MOS,0.055097790187634776
2021-11-30,NDAQ,0.055097790187634776
2021-11-30,NVDA,-0.055097790187634776
2021-11-30,OKE,0.055097790187634776
2021-11-30,ORCL,0.055097790187634776
2021-11-30,PNW,-0.055097790187634776
2021-11-30,PWR,0.055097790187634776
2021-11-30,ROL,-0.055097790187634776
2021-11-30,SHW,-0.055097790187634776
2021-11-30,SIVB,0.055097790187634776
2021-11-30,T,-0.055097790187634776
2021-11-30,TSCO,0.055097790187634776
2021-11-30,VRTX,-0.055097790187634776
2021-11-30,VTRS,-0.055097790187634776
2021-11-30,VZ,-0.055097790187634776
2021-11-30,WU,-0.055097790187634776
2021-12-31,ANET,-0.05826186122901891
2021-12-31,APH,-0.05826186122901891
2021-12-31,ATVI,-0.05826186122901891
2021-12-31,AVB,0.05826186122901891
2021-12-31,CL,-0.05826186122901891
2021-12-31,CLX,-0.05826186122901891
2021-12-31,CPB,-0.05826186122901891
2021-12-31,CSX,-0.05826186122901891
2021-12-31,CTXS,-0.05826186122901891
2021-12-31,DVN,0.05826186122901891
2021-12-31,EQR,0.05826186122901891
2021-12-31,ESS,0.05826186122901891
2021-12-31,EXR,0.05826186122901891
2021-12-31,F,0.05826186122901891
2021-12-31,FANG,0.05826186122901891
2021-12-31,FIS,-0.05826186122901891
2021-12-31,FTNT,0.05826186122901891
2021-12-31,GE,0.05826186122901891
2021-12-31,GPN,-0.05826186122901891
2021-12-31,INCY,-0.05826186122901891
2021-12-31,INTU,0.05826186122901891
2021-12-31,IPGP,-0.05826186122901891
2021-12-31,ISRG,-0.05826186122901891
2021-12-31,IT,0.05826186122901891
2021-12-31,JCI,0.05826186122901891
2021-12-31,KLAC,0.05826186122901891
2021-12-31,LKQ,0.05826186122901891
2021-12-31,LW,-0.05826186122901891
2021-12-31,MAA,0.05826186122901891
2021-12-31,MCHP,-0.05826186122901891
2021-12-31,MKTX,-0.05826186122901891
2021-12-31,MSI,0.05826186122901891
2021-12-31,NDAQ,0.05826186122901891
2021-12-31,ODFL,0.05826186122901891
2021-12-31,REG,0.05826186122901891
2021-12-31,RHI,0.05826186122901891
2021-12-31,SHW,-0.05826186122901891
2021-12-31,SIVB,0.05826186122901891
2021-12-31,SPG,0.05826186122901891
2021-12-31,T,-0.05826186122901891
2021-12-31,TFX,-0.05826186122901891
2021-12-31,TMUS,-0.05826186122901891
2021-12-31,TSCO,0.05826186122901891
2021-12-31,UDR,0.05826186122901891
2021-12-31,VRTX,-0.05826186122901891
2021-12-31,VTRS,-0.05826186122901891
2021-12-31,VZ,-0.05826186122901891
2021-12-31,ZBH,-0.05826186122901891
2022-01-31,ANET,-0.06204133472671928
2022-01-31,APH,-0.06204133472671928
2022-01-31,ATVI,-0.06204133472671928
2022-01-31,AVB,0.06204133472671928
2022-01-31,AZO,0.06204133472671928
2022-01-31,CBOE,0.06204133472671928
2022-01-31,CLX,-0.06204133472671928
2022-01-31,COST,0.06204133472671928
2022-01-31,CPB,-0.06204133472671928
2022-01-31,CSX,-0.06204133472671928
2022-01-31,CTXS,-0.06204133472671928
2022-01-31,DISCA,-0.06204133472671928
2022-01-31,DISCK,-0.06204133472671928
2022-01-31,DVN,0.06204133472671928
2022-01-31,EQR,0.06204133472671928
2022-01-31,ESS,0.06204133472671928
2022-01-31,EXR,0.06204133472671928
2022-01-31,FTNT,0.06204133472671928
2022-01-31,GE,0.06204133472671928
2022-01-31,GPN,-0.06204133472671928
2022-01-31,INCY,-0.06204133472671928
2022-01-31,INTU,0.06204133472671928
2022-01-31,IPGP,-0.06204133472671928
2022-01-31,ISRG,-0.06204133472671928
2022-01-31,IT,0.06204133472671928
2022-01-31,JCI,0.06204133472671928
2022-01-31,LDOS,-0.06204133472671928
2022-01-31,LKQ,0.06204133472671928
2022-01-31,MAA,0.06204133472671928
2022-01-31,MCHP,-0.06204133472671928
2022-01-31,MKTX,-0.06204133472671928
2022-01-31,MMC,0.06204133472671928
2022-01-31,MSI,0.06204133472671928
2022-01-31,NDAQ,0.06204133472671928
2022-01-31,NVDA,-0.06204133472671928
2022-01-31,ODFL,0.06204133472671928
2022-01-31,ORLY,0.06204133472671928
2022-01-31,PYPL,-0.06204133472671928
2022-01-31,REG,0.06204133472671928
2022-01-31,SHW,-0.06204133472671928
2022-01-31,SPG,0.06204133472671928
2022-01-31,T,-0.06204133472671928
2022-01-31,TFX,-0.06204133472671928
2022-01-31,TSCO,0.06204133472671928
2022-01-31,UDR,0.06204133472671928
2022-01-31,VIAC,-0.06204133472671928
2022-01-31,VTRS,-0.06204133472671928
2022-01-31,ZBH,-0.06204133472671928
2022-02-28,AAP,0.062087225087705214
2022-02-28,AES,-0.062087225087705214
2022-02-28,ANET,-0.062087225087705214
2022-02-28,APH,-0.062087225087705214
2022-02-28,AVB,0.062087225087705214
2022-02-28,AZO,0.062087225087705214
2022-02-28,CNP,0.062087225087705214
2022-02-28,COST,0.062087225087705214
2022-02-28,CSX,-0.062087225087705214
2022-02-28,CTXS,-0.062087225087705214
2022-02-28,CVS,0.062087225087705214
2022-02-28,DIS,-0.062087225087705214
2022-02-28,DISCA,-0.062087225087705214
2022-02-28,DISCK,-0.062087225087705214
2022-02-28,DVN,0.062087225087705214
2022-02-28,EQR,0.062087225087705214
2022-02-28,EXC,0.062087225087705214
2022-02-28,F,0.062087225087705214
2022-02-28,FTNT,0.062087225087705214
2022-02-28,GE,0.062087225087705214
2022-02-28,HSY,0.062087225087705214
2022-02-28,INTC,-0.062087225087705214
2022-02-28,IPGP,-0.062087225087705214
2022-02-28,ISRG,-0.062087225087705214
2022-02-28,JNPR,0.062087225087705214
2022-02-28,MAA,0.062087225087705214
2022-02-28,MCHP,-0.062087225087705214
2022-02-28,MCK,0.062087225087705214
2022-02-28,MKTX,-0.062087225087705214
2022-02-28,NVDA,-0.062087225087705214
2022-02-28,ORLY,0.062087225087705214
2022-02-28,PEP,0.062087225087705214
2022-02-28,PLD,0.062087225087705214
2022-02-28,PSA,0.062087225087705214
2022-02-28,PYPL,-0.062087225087705214
2022-02-28,QRVO,-0.062087225087705214
2022-02-28,RHI,0.062087225087705214
2022-02-28,ROST,-0.062087225087705214
2022-02-28,RSG,0.062087225087705214
2022-02-28,SEE,0.062087225087705214
2022-02-28,SHW,-0.062087225087705214
2022-02-28,SWKS,-0.062087225087705214
2022-02-28,TFX,-0.062087225087705214
2022-02-28,TWTR,-0.062087225087705214
2022-02-28,UDR,0.062087225087705214
2022-02-28,VFC,-0.062087225087705214
2022-02-28,WYNN,-0.062087225087705214
2022-02-28,ZBH,-0.062087225087705214
2022-03-31,ADM,0.05249580846804298
2022-03-31,ANET,-0.05249580846804298
2022-03-31,APA,0.05249580846804298
2022-03-31,AVB,0.05249580846804298
2022-03-31,AXP,0.05249580846804298
2022-03-31,CF,0.05249580846804298
2022-03-31,CLX,-0.05249580846804298
2022-03-31,CMA,0.05249580846804298
2022-03-31,CMI,-0.05249580846804298
2022-03-31,COP,0.05249580846804298
2022-03-31,COST,0.05249580846804298
2022-03-31,CSX,-0.05249580846804298
2022-03-31,CVX,0.05249580846804298
2022-03-31,DISCA,-0.05249580846804298
2022-03-31,DVN,0.05249580846804298
2022-03-31,FANG,0.05249580846804298
2022-03-31,FIS,-0.05249580846804298
2022-03-31,FTNT,0.05249580846804298
2022-03-31,GE,0.05249580846804298
2022-03-31,HSY,0.05249580846804298
2022-03-31,INTC,-0.05249580846804298
2022-03-31,IPGP,-0.05249580846804298
2022-03-31,ISRG,-0.05249580846804298
2022-03-31,IT,0.05249580846804298
2022-03-31,JNPR,0.05249580846804298
2022-03-31,LUV,-0.05249580846804298
2022-03-31,MAA,0.05249580846804298
2022-03-31,MCHP,-0.05249580846804298
2022-03-31,MCK,0.05249580846804298
2022-03-31,MMM,-0.05249580846804298
2022-03-31,MPC,0.05249580846804298
2022-03-31,MRO,0.05249580846804298
2022-03-31,NLSN,-0.05249580846804298
2022-03-31,NVDA,-0.05249580846804298
2022-03-31,PENN,-0.05249580846804298
2022-03-31,PSA,0.05249580846804298
2022-03-31,PXD,0.05249580846804298
2022-03-31,PYPL,-0.05249580846804298
2022-03-31,QRVO,-0.05249580846804298
2022-03-31,RHI,0.05249580846804298
2022-03-31,ROST,-0.05249580846804298
2022-03-31,SEE,0.05249580846804298
2022-03-31,SHW,-0.05249580846804298
2022-03-31,SWKS,-0.05249580846804298
2022-03-31,T,-0.05249580846804298
2022-03-31,TWTR,-0.05249580846804298
2022-03-31,VFC,-0.05249580846804298
2022-03-31,WYNN,-0.05249580846804298
2022-04-30,ABBV,0.05842996561637183
2022-04-30,ADM,0.05842996561637183
2022-04-30,ANET,-0.05842996561637183
2022-04-30,APA,0.05842996561637183
2022-04-30,AVB,0.05842996561637183
2022-04-30,BA,-0.05842996561637183
2022-04-30,BKR,0.05842996561637183
2022-04-30,CF,0.05842996561637183
2022-04-30,CLX,-0.05842996561637183
2022-04-30,COP,0.05842996561637183
2022-04-30,COST,0.05842996561637183
2022-04-30,CSX,-0.05842996561637183
2022-04-30,CVX,0.05842996561637183
2022-04-30,DIS,-0.05842996561637183
2022-04-30,DVN,0.05842996561637183
2022-04-30,FTNT,0.05842996561637183
2022-04-30,GE,0.05842996561637183
2022-04-30,HAL,0.05842996561637183
2022-04-30,HSY,0.05842996561637183
2022-04-30,IPGP,-0.05842996561637183
2022-04-30,ISRG,-0.05842996561637183
2022-04-30,JNPR,0.05842996561637183
2022-04-30,KR,0.05842996561637183
2022-04-30,LLY,0.05842996561637183
2022-04-30,LUV,-0.05842996561637183
2022-04-30,MCHP,-0.05842996561637183
2022-04-30,MCK,0.05842996561637183
2022-04-30,MHK,-0.05842996561637183
2022-04-30,MMM,-0.05842996561637183
2022-04-30,MOS,0.05842996561637183
2022-04-30,MPC,0.05842996561637183
2022-04-30,MRO,0.05842996561637183
2022-04-30,OKE,0.05842996561637183
2022-04-30,OXY,0.05842996561637183
2022-04-30,PENN,-0.05842996561637183
2022-04-30,PVH,-0.05842996561637183
2022-04-30,PXD,0.05842996561637183
2022-04-30,PYPL,-0.05842996561637183
2022-04-30,QRVO,-0.05842996561637183
2022-04-30,RJF,-0.05842996561637183
2022-04-30,ROST,-0.05842996561637183
2022-04-30,SWK,-0.05842996561637183
2022-04-30,SWKS,-0.05842996561637183
2022-04-30,T,-0.05842996561637183
2022-04-30,VFC,-0.05842996561637183
2022-04-30,VZ,-0.05842996561637183
2022-04-30,WYNN,-0.05842996561637183
2022-04-30,ZBH,-0.05842996561637183
2022-05-31,ABC,0.04524331226948226
2022-05-31,ADM,0.04524331226948226
2022-05-31,ANET,-0.04524331226948226
2022-05-31,APA,0.04524331226948226
2022-05-31,AZO,0.04524331226948226
2022-05-31,BA,-0.04524331226948226
2022-05-31,BWA,-0.04524331226948226
2022-05-31,C,-0.04524331226948226
2022-05-31,CF,0.04524331226948226
2022-05-31,CMCSA,-0.04524331226948226
2022-05-31,COP,0.04524331226948226
2022-05-31,COST,0.04524331226948226
2022-05-31,CSX,-0.04524331226948226
2022-05-31,CTVA,0.04524331226948226
2022-05-31,CVX,0.04524331226948226
2022-05-31,DIS,-0.04524331226948226
2022-05-31,DLTR,0.04524331226948226
2022-05-31,DVN,0.04524331226948226
2022-05-31,GD,0.04524331226948226
2022-05-31,GE,0.04524331226948226
2022-05-31,HSY,0.04524331226948226
2022-05-31,INTC,-0.04524331226948226
2022-05-31,IPGP,-0.04524331226948226
2022-05-31,ISRG,-0.04524331226948226
2022-05-31,JPM,-0.04524331226948226
2022-05-31,KR,0.04524331226948226
2022-05-31,LLY,0.04524331226948226
2022-05-31,MCHP,-0.04524331226948226
2022-05-31,MCK,0.04524331226948226
2022-05-31,MMM,-0.04524331226948226
2022-05-31,MOS,0.04524331226948226
2022-05-31,MPC,0.04524331226948226
2022-05-31,MRO,0.04524331226948226
2022-05-31,NWSA,-0.04524331226948226
2022-05-31,OXY,0.04524331226948226
2022-05-31,PVH,-0.04524331226948226
2022-05-31,PXD,0.04524331226948226
2022-05-31,PYPL,-0.04524331226948226
2022-05-31,QRVO,-0.04524331226948226
2022-05-31,RJF,-0.04524331226948226
2022-05-31,SWK,-0.04524331226948226
2022-05-31,T,-0.04524331226948226
2022-05-31,VFC,-0.04524331226948226
2022-05-31,VZ,-0.04524331226948226
2022-05-31,WMB,0.04524331226948226
2022-05-31,WYNN,-0.04524331226948226
2022-05-31,XOM,0.04524331226948226
2022-05-31,ZBH,-0.04524331226948226
2022-06-30,ABC,0.0453262761292209
2022-06-30,ADM,0.0453262761292209
2022-06-30,ANET,-0.0453262761292209
2022-06-30,APA,0.0453262761292209
2022-06-30,AZO,0.0453262761292209
2022-06-30,BA,-0.0453262761292209
2022-06-30,CF,0.0453262761292209
2022-06-30,CNP,0.0453262761292209
2022-06-30,COP,0.0453262761292209
2022-06-30,CTVA,0.0453262761292209
2022-06-30,CVX,0.0453262761292209
2022-06-30,DIS,-0.0453262761292209
2022-06-30,DISH,-0.0453262761292209
2022-06-30,DLTR,0.0453262761292209
2022-06-30,DVN,0.0453262761292209
2022-06-30,ED,0.0453262761292209
2022-06-30,EOG,0.0453262761292209
2022-06-30,GE,0.0453262761292209
2022-06-30,GM,-0.0453262761292209
2022-06-30,HAL,0.0453262761292209
2022-06-30,ILMN,-0.0453262761292209
2022-06-30,INTC,-0.0453262761292209
2022-06-30,ISRG,-0.0453262761292209
2022-06-30,MCHP,-0.0453262761292209
2022-06-30,MCK,0.0453262761292209
2022-06-30,MMM,-0.0453262761292209
2022-06-30,MOS,0.0453262761292209
2022-06-30,MPC,0.0453262761292209
2022-06-30,MRO,0.0453262761292209
2022-06-30,NWS,-0.0453262761292209
2022-06-30,NWSA,-0.0453262761292209
2022-06-30,OXY,0.0453262761292209
2022-06-30,PENN,-0.0453262761292209
2022-06-30,PVH,-0.0453262761292209
2022-06-30,PXD,0.0453262761292209
2022-06-30,PYPL,-0.0453262761292209
2022-06-30,QRVO,-0.0453262761292209
2022-06-30,RJF,-0.0453262761292209
2022-06-30,ROST,-0.0453262761292209
2022-06-30,SWK,-0.0453262761292209
2022-06-30,SWKS,-0.0453262761292209
2022-06-30,VFC,-0.0453262761292209
2022-06-30,VLO,0.0453262761292209
2022-06-30,WMB,0.0453262761292209
2022-06-30,WYNN,-0.0453262761292209
2022-06-30,XOM,0.0453262761292209
2022-06-30,XRAY,-0.0453262761292209
2022-06-30,ZBH,-0.0453262761292209
2022-07-31,ABBV,0.036427949274347254
2022-07-31,ANET,-0.036427949274347254
2022-07-31,APA,0.036427949274347254
2022-07-31,AZO,0.036427949274347254
2022-07-31,BA,-0.036427949274347254
2022-07-31,BIIB,-0.036427949274347254
2022-07-31,CF,0.036427949274347254
2022-07-31,COP,0.036427949274347254
2022-07-31,CVX,0.036427949274347254
2022-07-31,DIS,-0.036427949274347254
2022-07-31,DISH,-0.036427949274347254
2022-07-31,DLTR,0.036427949274347254
2022-07-31,DVN,0.036427949274347254
2022-07-31,DXCM,-0.036427949274347254
2022-07-31,ED,0.036427949274347254
2022-07-31,FTNT,-0.036427949274347254
2022-07-31,GE,0.036427949274347254
2022-07-31,GIS,0.036427949274347254
2022-07-31,HSY,0.036427949274347254
2022-07-31,ILMN,-0.036427949274347254
2022-07-31,ISRG,-0.036427949274347254
2022-07-31,K,0.036427949274347254
2022-07-31,LLY,0.036427949274347254
2022-07-31,MCHP,-0.036427949274347254
2022-07-31,MCK,0.036427949274347254
2022-07-31,MDT,-0.036427949274347254
2022-07-31,MMM,-0.036427949274347254
2022-07-31,MPC,0.036427949274347254
2022-07-31,MRO,0.036427949274347254
2022-07-31,NOC,0.036427949274347254
2022-07-31,NWS,-0.036427949274347254
2022-07-31,NWSA,-0.036427949274347254
2022-07-31,OXY,0.036427949274347254
2022-07-31,PNR,-0.036427949274347254
2022-07-31,PVH,-0.036427949274347254
2022-07-31,PXD,0.036427949274347254
2022-07-31,PYPL,-0.036427949274347254
2022-07-31,QRVO,-0.036427949274347254
2022-07-31,RJF,-0.036427949274347254
2022-07-31,SWK,-0.036427949274347254
2022-07-31,SWKS,-0.036427949274347254
2022-07-31,TSN,0.036427949274347254
2022-07-31,VFC,-0.036427949274347254
2022-07-31,VLO,0.036427949274347254
2022-07-31,VRTX,0.036427949274347254
2022-07-31,XOM,0.036427949274347254
2022-07-31,XRAY,-0.036427949274347254
2022-07-31,ZBH,-0.036427949274347254
2022-08-31,ANET,-0.049153518188314996
2022-08-31,APA,0.049153518188314996
2022-08-31,AZO,0.049153518188314996
2022-08-31,BIIB,-0.049153518188314996
2022-08-31,CF,0.049153518188314996
2022-08-31,CHTR,-0.049153518188314996
2022-08-31,CMCSA,-0.049153518188314996
2022-08-31,CNC,0.049153518188314996
2022-08-31,COF,-0.049153518188314996
2022-08-31,COP,0.049153518188314996
2022-08-31,CPB,0.049153518188314996
2022-08-31,CVX,0.049153518188314996
2022-08-31,DIS,-0.049153518188314996
2022-08-31,DISH,-0.049153518188314996
2022-08-31,DLTR,0.049153518188314996
2022-08-31,DVN,0.049153518188314996
2022-08-31,DXCM,-0.049153518188314996
2022-08-31,ED,0.049153518188314996
2022-08-31,FANG,0.049153518188314996
2022-08-31,FTNT,-0.049153518188314996
2022-08-31,GIS,0.049153518188314996
2022-08-31,GRMN,-0.049153518188314996
2022-08-31,HES,0.049153518188314996
2022-08-31,HSY,0.049153518188314996
2022-08-31,ILMN,-0.049153518188314996
2022-08-31,INTC,-0.049153518188314996
2022-08-31,ISRG,-0.049153518188314996
2022-08-31,K,0.049153518188314996
2022-08-31,MCHP,-0.049153518188314996
2022-08-31,MCK,0.049153518188314996
2022-08-31,MDT,-0.049153518188314996
2022-08-31,MPC,0.049153518188314996
2022-08-31,MRO,0.049153518188314996
2022-08-31,OXY,0.049153518188314996
2022-08-31,PNR,-0.049153518188314996
2022-08-31,PVH,-0.049153518188314996
2022-08-31,PXD,0.049153518188314996
2022-08-31,PYPL,-0.049153518188314996
2022-08-31,QRVO,-0.049153518188314996
2022-08-31,RJF,-0.049153518188314996
2022-08-31,SWK,-0.049153518188314996
2022-08-31,SWKS,-0.049153518188314996
2022-08-31,TAP,0.049153518188314996
2022-08-31,VFC,-0.049153518188314996
2022-08-31,VLO,0.049153518188314996
2022-08-31,VRTX,0.049153518188314996
2022-08-31,XOM,0.049153518188314996
2022-08-31,XRAY,-0.049153518188314996
2022-09-30,ADM,0.05327723111092154
2022-09-30,ALGN,-0.05327723111092154
2022-09-30,APA,0.05327723111092154
2022-09-30,BIIB,-0.05327723111092154
2022-09-30,CAH,0.05327723111092154
2022-09-30,CF,0.05327723111092154
2022-09-30,CHTR,-0.05327723111092154
2022-09-30,CI,0.05327723111092154
2022-09-30,CMCSA,-0.05327723111092154
2022-09-30,CNC,0.05327723111092154
2022-09-30,CNP,0.05327723111092154
2022-09-30,COF,-0.05327723111092154
2022-09-30,COP,0.05327723111092154
2022-09-30,CPB,0.05327723111092154
2022-09-30,CRL,-0.05327723111092154
2022-09-30,CRM,-0.05327723111092154
2022-09-30,CTVA,0.05327723111092154
2022-09-30,CVX,0.05327723111092154
2022-09-30,DISH,-0.05327723111092154
2022-09-30,DVN,0.05327723111092154
2022-09-30,DXCM,-0.05327723111092154
2022-09-30,ED,0.05327723111092154
2022-09-30,FTNT,-0.05327723111092154
2022-09-30,GIS,0.05327723111092154
2022-09-30,GRMN,-0.05327723111092154
2022-09-30,HES,0.05327723111092154
2022-09-30,HSY,0.05327723111092154
2022-09-30,INTC,-0.05327723111092154
2022-09-30,ISRG,-0.05327723111092154
2022-09-30,MCHP,-0.05327723111092154
2022-09-30,MCK,0.05327723111092154
2022-09-30,MDT,-0.05327723111092154
2022-09-30,MPC,0.05327723111092154
2022-09-30,MRO,0.05327723111092154
2022-09-30,MTCH,-0.05327723111092154
2022-09-30,NDAQ,-0.05327723111092154
2022-09-30,NOW,-0.05327723111092154
2022-09-30,OXY,0.05327723111092154
2022-09-30,PGR,0.05327723111092154
2022-09-30,PNR,-0.05327723111092154
2022-09-30,QRVO,-0.05327723111092154
2022-09-30,SWK,-0.05327723111092154
2022-09-30,SWKS,-0.05327723111092154
2022-09-30,VFC,-0.05327723111092154
2022-09-30,VLO,0.05327723111092154
2022-09-30,VRTX,0.05327723111092154
2022-09-30,XOM,0.05327723111092154
2022-09-30,XRAY,-0.05327723111092154
2022-10-31,ADM,0.051426096661380934
2022-10-31,AZO,0.051426096661380934
2022-10-31,BMY,0.051426096661380934
2022-10-31,CAH,0.051426096661380934
2022-10-31,CF,0.051426096661380934
2022-10-31,CI,0.051426096661380934
2022-10-31,CMCSA,-0.051426096661380934
2022-10-31,COP,0.051426096661380934
2022-10-31,CPB,0.051426096661380934
2022-10-31,CRL,-0.051426096661380934
2022-10-31,CRM,-0.051426096661380934
2022-10-31,CTVA,0.051426096661380934
2022-10-31,DISH,-0.051426096661380934
2022-10-31,DVN,0.051426096661380934
2022-10-31,DXCM,-0.051426096661380934
2022-10-31,EBAY,-0.051426096661380934
2022-10-31,FTNT,-0.051426096661380934
2022-10-31,GIS,0.051426096661380934
2022-10-31,GL,0.051426096661380934
2022-10-31,GRMN,-0.051426096661380934
2022-10-31,HSY,0.051426096661380934
2022-10-31,INTC,-0.051426096661380934
2022-10-31,JPM,-0.051426096661380934
2022-10-31,K,0.051426096661380934
2022-10-31,LLY,0.051426096661380934
2022-10-31,LW,0.051426096661380934
2022-10-31,MCK,0.051426096661380934
2022-10-31,MDT,-0.051426096661380934
2022-10-31,MPC,0.051426096661380934
2022-10-31,MTCH,-0.051426096661380934
2022-10-31,NDAQ,-0.051426096661380934
2022-10-31,NOC,0.051426096661380934
2022-10-31,NOW,-0.051426096661380934
2022-10-31,NWSA,-0.051426096661380934
2022-10-31,OXY,0.051426096661380934
2022-10-31,PGR,0.051426096661380934
2022-10-31,PNR,-0.051426096661380934
2022-10-31,QRVO,-0.051426096661380934
2022-10-31,SIVB,-0.051426096661380934
2022-10-31,SWK,-0.051426096661380934
2022-10-31,SWKS,-0.051426096661380934
2022-10-31,TROW,-0.051426096661380934
2022-10-31,VFC,-0.051426096661380934
2022-10-31,VLO,0.051426096661380934
2022-10-31,VNO,-0.051426096661380934
2022-10-31,VRTX,0.051426096661380934
2022-10-31,XOM,0.051426096661380934
2022-10-31,XRAY,-0.051426096661380934
2022-11-30,ADM,0.045046597431213316
2022-11-30,ALGN,-0.045046597431213316
2022-11-30,ANSS,-0.045046597431213316
2022-11-30,BIO,-0.045046597431213316
2022-11-30,BMY,0.045046597431213316
2022-11-30,CAH,0.045046597431213316
2022-11-30,CF,0.045046597431213316
2022-11-30,CI,0.045046597431213316
2022-11-30,COP,0.045046597431213316
2022-11-30,CPB,0.045046597431213316
2022-11-30,CTVA,0.045046597431213316
2022-11-30,DISH,-0.045046597431213316
2022-11-30,DLR,-0.045046597431213316
2022-11-30,EL,-0.045046597431213316
2022-11-30,ESS,-0.045046597431213316
2022-11-30,FRC,-0.045046597431213316
2022-11-30,FTNT,-0.045046597431213316
2022-11-30,GIS,0.045046597431213316
2022-11-30,GL,0.045046597431213316
2022-11-30,GRMN,-0.045046597431213316
2022-11-30,HES,0.045046597431213316
2022-11-30,HII,0.045046597431213316
2022-11-30,HSY,0.045046597431213316
2022-11-30,K,0.045046597431213316
2022-11-30,KMX,-0.045046597431213316
2022-11-30,LLY,0.045046597431213316
2022-11-30,LW,0.045046597431213316
2022-11-30,MCK,0.045046597431213316
2022-11-30,MPC,0.045046597431213316
2022-11-30,MSFT,-0.045046597431213316
2022-11-30,MTCH,-0.045046597431213316
2022-11-30,NDAQ,-0.045046597431213316
2022-11-30,NOC,0.045046597431213316
2022-11-30,NOW,-0.045046597431213316
2022-11-30,OXY,0.045046597431213316
2022-11-30,PGR,0.045046597431213316
2022-11-30,PNR,-0.045046597431213316
2022-11-30,POOL,-0.045046597431213316
2022-11-30,SIVB,-0.045046597431213316
2022-11-30,SWK,-0.045046597431213316
2022-11-30,SWKS,-0.045046597431213316
2022-11-30,TROW,-0.045046597431213316
2022-11-30,TSLA,-0.045046597431213316
2022-11-30,UDR,-0.045046597431213316
2022-11-30,VFC,-0.045046597431213316
2022-11-30,VLO,0.045046597431213316
2022-11-30,VRTX,0.045046597431213316
2022-11-30,XOM,0.045046597431213316
2022-12-31,ADM,0.04479821501426408
2022-12-31,ALGN,-0.04479821501426408
2022-12-31,APA,0.04479821501426408
2022-12-31,AVB,-0.04479821501426408
2022-12-31,BMY,0.04479821501426408
2022-12-31,CAH,0.04479821501426408
2022-12-31,CF,0.04479821501426408
2022-12-31,CI,0.04479821501426408
2022-12-31,CME,-0.04479821501426408
2022-12-31,COP,0.04479821501426408
2022-12-31,CPB,0.04479821501426408
2022-12-31,CPRT,-0.04479821501426408
2022-12-31,CTVA,0.04479821501426408
2022-12-31,CVX,0.04479821501426408
2022-12-31,DISH,-0.04479821501426408
2022-12-31,EL,-0.04479821501426408
2022-12-31,EOG,0.04479821501426408
2022-12-31,EQR,-0.04479821501426408
2022-12-31,ESS,-0.04479821501426408
2022-12-31,FRC,-0.04479821501426408
2022-12-31,FTNT,-0.04479821501426408
2022-12-31,GIS,0.04479821501426408
2022-12-31,GL,0.04479821501426408
2022-12-31,HAS,-0.04479821501426408
2022-12-31,HES,0.04479821501426408
2022-12-31,MCK,0.04479821501426408
2022-12-31,MPC,0.04479821501426408
2022-12-31,MRK,0.04479821501426408
2022-12-31,MRO,0.04479821501426408
2022-12-31,MTCH,-0.04479821501426408
2022-12-31,NDAQ,-0.04479821501426408
2022-12-31,NOC,0.04479821501426408
2022-12-31,NOW,-0.04479821501426408
2022-12-31,OXY,0.04479821501426408
2022-12-31,PGR,0.04479821501426408
2022-12-31,PNR,-0.04479821501426408
2022-12-31,POOL,-0.04479821501426408
2022-12-31,SBNY,-0.04479821501426408
2022-12-31,SIVB,-0.04479821501426408
2022-12-31,STX,-0.04479821501426408
2022-12-31,SWK,-0.04479821501426408
2022-12-31,TSLA,-0.04479821501426408
2022-12-31,UDR,-0.04479821501426408
2022-12-31,VFC,-0.04479821501426408
2022-12-31,VLO,0.04479821501426408
2022-12-31,VRTX,0.04479821501426408
2022-12-31,XOM,0.04479821501426408
2022-12-31,ZTS,-0.04479821501426408
2023-01-31,AVB,-0.037958410601428835
2023-01-31,AZO,0.037958410601428835
2023-01-31,BAX,-0.037958410601428835
2023-01-31,BXP,-0.037958410601428835
2023-01-31,CAH,0.037958410601428835
2023-01-31,CI,0.037958410601428835
2023-01-31,CME,-0.037958410601428835
2023-01-31,CPB,0.037958410601428835
2023-01-31,CPRT,-0.037958410601428835
2023-01-31,CTSH,-0.037958410601428835
2023-01-31,DISH,-0.037958410601428835
2023-01-31,ENPH,0.037958410601428835
2023-01-31,EQR,-0.037958410601428835
2023-01-31,ESS,-0.037958410601428835
2023-01-31,FTNT,-0.037958410601428835
2023-01-31,GIS,0.037958410601428835
2023-01-31,GPC,0.037958410601428835
2023-01-31,HES,0.037958410601428835
2023-01-31,HSY,0.037958410601428835
2023-01-31,HUM,0.037958410601428835
2023-01-31,INTC,-0.037958410601428835
2023-01-31,LLY,0.037958410601428835
2023-01-31,LW,0.037958410601428835
2023-01-31,MCK,0.037958410601428835
2023-01-31,MPC,0.037958410601428835
2023-01-31,MRK,0.037958410601428835
2023-01-31,MTCH,-0.037958410601428835
2023-01-31,NDAQ,-0.037958410601428835
2023-01-31,NOC,0.037958410601428835
2023-01-31,NOW,-0.037958410601428835
2023-01-31,ORLY,0.037958410601428835
2023-01-31,OXY,0.037958410601428835
2023-01-31,PGR,0.037958410601428835
2023-01-31,POOL,-0.037958410601428835
2023-01-31,PWR,0.037958410601428835
2023-01-31,RHI,-0.037958410601428835
2023-01-31,SBNY,-0.037958410601428835
2023-01-31,SIVB,-0.037958410601428835
2023-01-31,STX,-0.037958410601428835
2023-01-31,SWK,-0.037958410601428835
2023-01-31,TECH,-0.037958410601428835
2023-01-31,TMUS,0.037958410601428835
2023-01-31,TSN,-0.037958410601428835
2023-01-31,UDR,-0.037958410601428835
2023-01-31,ULTA,0.037958410601428835
2023-01-31,VFC,-0.037958410601428835
2023-01-31,VLO,0.037958410601428835
2023-01-31,XOM,0.037958410601428835
2023-02-28,AJG,0.02811640785105393
2023-02-28,APD,0.02811640785105393
2023-02-28,AVB,-0.02811640785105393
2023-02-28,AZO,0.02811640785105393
2023-02-28,BAX,-0.02811640785105393
2023-02-28,BXP,-0.02811640785105393
2023-02-28,CAH,0.02811640785105393
2023-02-28,CEG,0.02811640785105393
2023-02-28,CI,0.02811640785105393
2023-02-28,CME,-0.02811640785105393
2023-02-28,CPRT,-0.02811640785105393
2023-02-28,DISH,-0.02811640785105393
2023-02-28,EQR,-0.02811640785105393
2023-02-28,ESS,-0.02811640785105393
2023-02-28,EW,-0.02811640785105393
2023-02-28,FTNT,-0.02811640785105393
2023-02-28,GILD,0.02811640785105393
2023-02-28,GIS,0.02811640785105393
2023-02-28,GL,0.02811640785105393
2023-02-28,GOOG,-0.02811640785105393
2023-02-28,GOOGL,-0.02811640785105393
2023-02-28,GPC,0.02811640785105393
2023-02-28,HAS,-0.02811640785105393
2023-02-28,HES,0.02811640785105393
2023-02-28,INTC,-0.02811640785105393
2023-02-28,LLY,0.02811640785105393
2023-02-28,LW,0.02811640785105393
2023-02-28,MAA,-0.02811640785105393
2023-02-28,MCK,0.02811640785105393
2023-02-28,MNST,0.02811640785105393
2023-02-28,MPC,0.02811640785105393
2023-02-28,MRK,0.02811640785105393
2023-02-28,NDAQ,-0.02811640785105393
2023-02-28,PFG,0.02811640785105393
2023-02-28,PGR,0.02811640785105393
2023-02-28,PWR,0.02811640785105393
2023-02-28,RHI,-0.02811640785105393
2023-02-28,SBNY,-0.02811640785105393
2023-02-28,SWK,-0.02811640785105393
2023-02-28,TECH,-0.02811640785105393
2023-02-28,TSN,-0.02811640785105393
2023-02-28,UDR,-0.02811640785105393
2023-02-28,ULTA,0.02811640785105393
2023-02-28,VFC,-0.02811640785105393
2023-02-28,VLO,0.02811640785105393
2023-02-28,VRTX,0.02811640785105393
2023-02-28,XOM,0.02811640785105393
2023-02-28,ZION,-0.02811640785105393
2023-03-31,AIZ,-0.026122176464888812
2023-03-31,AKAM,-0.026122176464888812
2023-03-31,AVB,-0.026122176464888812
2023-03-31,AZO,0.026122176464888812
2023-03-31,BAX,-0.026122176464888812
2023-03-31,BXP,-0.026122176464888812
2023-03-31,CAH,0.026122176464888812
2023-03-31,CEG,0.026122176464888812
2023-03-31,CI,0.026122176464888812
2023-03-31,CME,-0.026122176464888812
2023-03-31,CPB,0.026122176464888812
2023-03-31,CPRT,-0.026122176464888812
2023-03-31,D,-0.026122176464888812
2023-03-31,DISH,-0.026122176464888812
2023-03-31,EQR,-0.026122176464888812
2023-03-31,ESS,-0.026122176464888812
2023-03-31,EW,-0.026122176464888812
2023-03-31,FTNT,-0.026122176464888812
2023-03-31,GILD,0.026122176464888812
2023-03-31,GIS,0.026122176464888812
2023-03-31,GL,0.026122176464888812
2023-03-31,GOOG,-0.026122176464888812
2023-03-31,GOOGL,-0.026122176464888812
2023-03-31,GPC,0.026122176464888812
2023-03-31,GWW,0.026122176464888812
2023-03-31,HAS,-0.026122176464888812
2023-03-31,HUM,0.026122176464888812
2023-03-31,INTC,-0.026122176464888812
2023-03-31,LKQ,0.026122176464888812
2023-03-31,LUMN,-0.026122176464888812
2023-03-31,LVS,0.026122176464888812
2023-03-31,LW,0.026122176464888812
2023-03-31,MNST,0.026122176464888812
2023-03-31,MPC,0.026122176464888812
2023-03-31,MRK,0.026122176464888812
2023-03-31,NDAQ,-0.026122176464888812
2023-03-31,ORLY,0.026122176464888812
2023-03-31,PGR,0.026122176464888812
2023-03-31,RE,0.026122176464888812
2023-03-31,SBNY,-0.026122176464888812
2023-03-31,SWK,-0.026122176464888812
2023-03-31,TECH,-0.026122176464888812
2023-03-31,TJX,0.026122176464888812
2023-03-31,TSN,-0.026122176464888812
2023-03-31,TT,0.026122176464888812
2023-03-31,ULTA,0.026122176464888812
2023-03-31,VFC,-0.026122176464888812
2023-03-31,XOM,0.026122176464888812
2023-04-30,AIZ,-0.04457283112419425
2023-04-30,AVB,-0.04457283112419425
2023-04-30,AZO,0.04457283112419425
2023-04-30,BAX,-0.04457283112419425
2023-04-30,BXP,-0.04457283112419425
2023-04-30,CAH,0.04457283112419425
2023-04-30,CBOE,0.04457283112419425
2023-04-30,CDNS,0.04457283112419425
2023-04-30,CPT,-0.04457283112419425
2023-04-30,CVS,-0.04457283112419425
2023-04-30,D,-0.04457283112419425
2023-04-30,DHI,0.04457283112419425
2023-04-30,DISH,-0.04457283112419425
2023-04-30,DLR,-0.04457283112419425
2023-04-30,EQR,-0.04457283112419425
2023-04-30,ESS,-0.04457283112419425
2023-04-30,FTNT,-0.04457283112419425
2023-04-30,GILD,0.04457283112419425
2023-04-30,GIS,0.04457283112419425
2023-04-30,GOOGL,-0.04457283112419425
2023-04-30,HAS,-0.04457283112419425
2023-04-30,HRL,-0.04457283112419425
2023-04-30,LEN,0.04457283112419425
2023-04-30,LVS,0.04457283112419425
2023-04-30,LW,0.04457283112419425
2023-04-30,MAA,-0.04457283112419425
2023-04-30,MNST,-0.04457283112419425
2023-04-30,MPC,0.04457283112419425
2023-04-30,MSI,0.04457283112419425
2023-04-30,NDAQ,-0.04457283112419425
2023-04-30,NFLX,0.04457283112419425
2023-04-30,NVR,0.04457283112419425
2023-04-30,ORLY,0.04457283112419425
2023-04-30,PGR,0.04457283112419425
2023-04-30,PHM,0.04457283112419425
2023-04-30,PWR,0.04457283112419425
2023-04-30,RE,0.04457283112419425
2023-04-30,SBAC,-0.04457283112419425
2023-04-30,SBUX,0.04457283112419425
2023-04-30,SWK,-0.04457283112419425
2023-04-30,TECH,-0.04457283112419425
2023-04-30,TJX,0.04457283112419425
2023-04-30,TSN,-0.04457283112419425
2023-04-30,TT,0.04457283112419425
2023-04-30,UDR,-0.04457283112419425
2023-04-30,ULTA,0.04457283112419425
2023-04-30,VFC,-0.04457283112419425
2023-04-30,WYNN,0.04457283112419425
2023-05-31,AIZ,-0.04852685425882536
2023-05-31,AJG,0.04852685425882536
2023-05-31,ANET,0.04852685425882536
2023-05-31,AZO,0.04852685425882536
2023-05-31,BAX,-0.04852685425882536
2023-05-31,BSX,0.04852685425882536
2023-05-31,BXP,-0.04852685425882536
2023-05-31,CAH,0.04852685425882536
2023-05-31,CBOE,0.04852685425882536
2023-05-31,CCI,-0.04852685425882536
2023-05-31,CMA,-0.04852685425882536
2023-05-31,CPT,-0.04852685425882536
2023-05-31,CVS,-0.04852685425882536
2023-05-31,D,-0.04852685425882536
2023-05-31,DHI,0.04852685425882536
2023-05-31,DISH,-0.04852685425882536
2023-05-31,FTNT,-0.04852685425882536
2023-05-31,GIS,0.04852685425882536
2023-05-31,GOOG,-0.04852685425882536
2023-05-31,GOOGL,-0.04852685425882536
2023-05-31,HAS,-0.04852685425882536
2023-05-31,HSY,0.04852685425882536
2023-05-31,LEN,0.04852685425882536
2023-05-31,LNC,-0.04852685425882536
2023-05-31,LVS,0.04852685425882536
2023-05-31,LW,0.04852685425882536
2023-05-31,MNST,-0.04852685425882536
2023-05-31,MSI,0.04852685425882536
2023-05-31,NDAQ,-0.04852685425882536
2023-05-31,NFLX,0.04852685425882536
2023-05-31,NTRS,-0.04852685425882536
2023-05-31,NVR,0.04852685425882536
2023-05-31,NWL,-0.04852685425882536
2023-05-31,ORLY,0.04852685425882536
2023-05-31,PHM,0.04852685425882536
2023-05-31,PWR,0.04852685425882536
2023-05-31,SBAC,-0.04852685425882536
2023-05-31,SBUX,0.04852685425882536
2023-05-31,SJM,0.04852685425882536
2023-05-31,TECH,-0.04852685425882536
2023-05-31,TSCO,0.04852685425882536
2023-05-31,TSN,-0.04852685425882536
2023-05-31,TT,0.04852685425882536
2023-05-31,ULTA,0.04852685425882536
2023-05-31,VFC,-0.04852685425882536
2023-05-31,VZ,-0.04852685425882536
2023-05-31,WYNN,0.04852685425882536
2023-05-31,ZION,-0.04852685425882536
2023-06-30,AIZ,-0.052280045084312804
2023-06-30,AMCR,-0.052280045084312804
2023-06-30,AMT,-0.052280045084312804
2023-06-30,ANET,0.052280045084312804
2023-06-30,AVGO,0.052280045084312804
2023-06-30,BAX,-0.052280045084312804
2023-06-30,BSX,0.052280045084312804
2023-06-30,BXP,-0.052280045084312804
2023-06-30,CAH,0.052280045084312804
2023-06-30,CCI,-0.052280045084312804
2023-06-30,CDNS,0.052280045084312804
2023-06-30,CMA,-0.052280045084312804
2023-06-30,CMG,0.052280045084312804
2023-06-30,CPT,-0.052280045084312804
2023-06-30,CVS,-0.052280045084312804
2023-06-30,D,-0.052280045084312804
2023-06-30,DHI,0.052280045084312804
2023-06-30,DISH,-0.052280045084312804
2023-06-30,DRI,0.052280045084312804
2023-06-30,ETN,0.052280045084312804
2023-06-30,GOOG,-0.052280045084312804
2023-06-30,GOOGL,-0.052280045084312804
2023-06-30,HAS,-0.052280045084312804
2023-06-30,IT,0.052280045084312804
2023-06-30,LEN,0.052280045084312804
2023-06-30,LVS,0.052280045084312804
2023-06-30,LW,0.052280045084312804
2023-06-30,MNST,-0.052280045084312804
2023-06-30,MSI,0.052280045084312804
2023-06-30,NDAQ,-0.052280045084312804
2023-06-30,NFLX,0.052280045084312804
2023-06-30,NVDA,0.052280045084312804
2023-06-30,NVR,0.052280045084312804
2023-06-30,NWL,-0.052280045084312804
2023-06-30,OGN,-0.052280045084312804
2023-06-30,OMC,0.052280045084312804
2023-06-30,ORLY,0.052280045084312804
2023-06-30,PFE,-0.052280045084312804
2023-06-30,PHM,0.052280045084312804
2023-06-30,PWR,0.052280045084312804
2023-06-30,RCL,0.052280045084312804
2023-06-30,SBAC,-0.052280045084312804
2023-06-30,TDG,0.052280045084312804
2023-06-30,TECH,-0.052280045084312804
2023-06-30,TSN,-0.052280045084312804
2023-06-30,VFC,-0.052280045084312804
2023-06-30,VZ,-0.052280045084312804
2023-06-30,WYNN,0.052280045084312804
2023-07-31,AAP,-0.0520287255237828
2023-07-31,AIZ,-0.0520287255237828
2023-07-31,AMCR,-0.0520287255237828
2023-07-31,AMT,-0.0520287255237828
2023-07-31,AVGO,0.0520287255237828
2023-07-31,BSX,0.0520287255237828
2023-07-31,BXP,-0.0520287255237828
2023-07-31,CAH,0.0520287255237828
2023-07-31,CCI,-0.0520287255237828
2023-07-31,CPT,-0.0520287255237828
2023-07-31,CVS,-0.0520287255237828
2023-07-31,D,-0.0520287255237828
2023-07-31,DG,-0.0520287255237828
2023-07-31,DHI,0.0520287255237828
2023-07-31,DRI,0.0520287255237828
2023-07-31,FIS,-0.0520287255237828
2023-07-31,KDP,-0.0520287255237828
2023-07-31,KEY,-0.0520287255237828
2023-07-31,LEN,0.0520287255237828
2023-07-31,LLY,0.0520287255237828
2023-07-31,LVS,0.0520287255237828
2023-07-31,LW,0.0520287255237828
2023-07-31,META,0.0520287255237828
2023-07-31,MNST,-0.0520287255237828
2023-07-31,NDAQ,-0.0520287255237828
2023-07-31,NFLX,0.0520287255237828
2023-07-31,NTRS,-0.0520287255237828
2023-07-31,NVDA,0.0520287255237828
2023-07-31,NVR,0.0520287255237828
2023-07-31,NWL,-0.0520287255237828
2023-07-31,OMC,0.0520287255237828
2023-07-31,ORLY,0.0520287255237828
2023-07-31,PFE,-0.0520287255237828
2023-07-31,PHM,0.0520287255237828
2023-07-31,PWR,0.0520287255237828
2023-07-31,RCL,0.0520287255237828
2023-07-31,SBAC,-0.0520287255237828
2023-07-31,SYK,0.0520287255237828
2023-07-31,TDG,0.0520287255237828
2023-07-31,TECH,-0.0520287255237828
2023-07-31,TFC,-0.0520287255237828
2023-07-31,TJX,0.0520287255237828
2023-07-31,TSN,-0.0520287255237828
2023-07-31,VFC,-0.0520287255237828
2023-07-31,VMC,0.0520287255237828
2023-07-31,WYNN,0.0520287255237828
2023-07-31,ZBH,0.0520287255237828
2023-07-31,ZION,-0.0520287255237828
2023-08-31,AAP,-0.05568102977962297
2023-08-31,AMT,-0.05568102977962297
2023-08-31,AVGO,0.05568102977962297
2023-08-31,BKNG,0.05568102977962297
2023-08-31,BSX,0.05568102977962297
2023-08-31,CCI,-0.05568102977962297
2023-08-31,CNC,-0.05568102977962297
2023-08-31,CPRT,-0.05568102977962297
2023-08-31,CPT,-0.05568102977962297
2023-08-31,CVS,-0.05568102977962297
2023-08-31,D,-0.05568102977962297
2023-08-31,DG,-0.05568102977962297
2023-08-31,DHI,0.05568102977962297
2023-08-31,DRI,0.05568102977962297
2023-08-31,ENPH,-0.05568102977962297
2023-08-31,EPAM,-0.05568102977962297
2023-08-31,ES,-0.05568102977962297
2023-08-31,ETN,0.05568102977962297
2023-08-31,EXR,-0.05568102977962297
2023-08-31,HAS,-0.05568102977962297
2023-08-31,HRL,-0.05568102977962297
2023-08-31,HWM,0.05568102977962297
2023-08-31,IDXX,0.05568102977962297
2023-08-31,LEN,0.05568102977962297
2023-08-31,LIN,0.05568102977962297
2023-08-31,LLY,0.05568102977962297
2023-08-31,LVS,0.05568102977962297
2023-08-31,META,0.05568102977962297
2023-08-31,MNST,-0.05568102977962297
2023-08-31,NFLX,0.05568102977962297
2023-08-31,NVDA,0.05568102977962297
2023-08-31,NVR,0.05568102977962297
2023-08-31,ODFL,0.05568102977962297
2023-08-31,PFE,-0.05568102977962297
2023-08-31,PHM,0.05568102977962297
2023-08-31,PNR,0.05568102977962297
2023-08-31,PSA,-0.05568102977962297
2023-08-31,PWR,0.05568102977962297
2023-08-31,RCL,0.05568102977962297
2023-08-31,SBAC,-0.05568102977962297
2023-08-31,TDG,0.05568102977962297
2023-08-31,TECH,-0.05568102977962297
2023-08-31,TFC,-0.05568102977962297
2023-08-31,TJX,0.05568102977962297
2023-08-31,TSN,-0.05568102977962297
2023-08-31,VFC,-0.05568102977962297
2023-08-31,VZ,-0.05568102977962297
2023-08-31,WYNN,0.05568102977962297
2023-09-30,AMAT,0.060475816331966525
2023-09-30,AVGO,0.060475816331966525
2023-09-30,BKNG,0.060475816331966525
2023-09-30,BMY,-0.060475816331966525
2023-09-30,BSX,0.060475816331966525
2023-09-30,CCI,-0.060475816331966525
2023-09-30,CNC,-0.060475816331966525
2023-09-30,CPRT,-0.060475816331966525
2023-09-30,CVS,-0.060475816331966525
2023-09-30,D,-0.060475816331966525
2023-09-30,DG,-0.060475816331966525
2023-09-30,DHI,0.060475816331966525
2023-09-30,ENPH,-0.060475816331966525
2023-09-30,EPAM,-0.060475816331966525
2023-09-30,ES,-0.060475816331966525
2023-09-30,ETN,0.060475816331966525
2023-09-30,EXR,-0.060475816331966525
2023-09-30,GE,0.060475816331966525
2023-09-30,HWM,0.060475816331966525
2023-09-30,IR,0.060475816331966525
2023-09-30,LEN,0.060475816331966525
2023-09-30,LIN,0.060475816331966525
2023-09-30,LLY,0.060475816331966525
2023-09-30,LNC,-0.060475816331966525
2023-09-30,LRCX,0.060475816331966525
2023-09-30,MNST,-0.060475816331966525
2023-09-30,MTB,-0.060475816331966525
2023-09-30,NEE,-0.060475816331966525
2023-09-30,NFLX,0.060475816331966525
2023-09-30,NVDA,0.060475816331966525
2023-09-30,NVR,0.060475816331966525
2023-09-30,ODFL,0.060475816331966525
2023-09-30,ORCL,0.060475816331966525
2023-09-30,PFE,-0.060475816331966525
2023-09-30,PH,0.060475816331966525
2023-09-30,PHM,0.060475816331966525
2023-09-30,PNR,0.060475816331966525
2023-09-30,PWR,0.060475816331966525
2023-09-30,PYPL,-0.060475816331966525
2023-09-30,RCL,0.060475816331966525
2023-09-30,RMD,-0.060475816331966525
2023-09-30,SBAC,-0.060475816331966525
2023-09-30,SRE,-0.060475816331966525
2023-09-30,TDG,0.060475816331966525
2023-09-30,TECH,-0.060475816331966525
2023-09-30,TFC,-0.060475816331966525
2023-09-30,TSN,-0.060475816331966525
2023-09-30,VFC,-0.060475816331966525
2023-10-31,ACGL,0.06583880166965446
2023-10-31,ADBE,0.06583880166965446
2023-10-31,AES,-0.06583880166965446
2023-10-31,AMCR,-0.06583880166965446
2023-10-31,AVGO,0.06583880166965446
2023-10-31,BKNG,0.06583880166965446
2023-10-31,BMY,-0.06583880166965446
2023-10-31,CAG,-0.06583880166965446
2023-10-31,CBOE,0.06583880166965446
2023-10-31,CCI,-0.06583880166965446
2023-10-31,CDNS,0.06583880166965446
2023-10-31,CMCSA,0.06583880166965446
2023-10-31,CPRT,-0.06583880166965446
2023-10-31,CVS,-0.06583880166965446
2023-10-31,D,-0.06583880166965446
2023-10-31,DG,-0.06583880166965446
2023-10-31,ENPH,-0.06583880166965446
2023-10-31,EPAM,-0.06583880166965446
2023-10-31,ETN,0.06583880166965446
2023-10-31,EXR,-0.06583880166965446
2023-10-31,FDX,0.06583880166965446
2023-10-31,FLT,0.06583880166965446
2023-10-31,FMC,-0.06583880166965446
2023-10-31,K,-0.06583880166965446
2023-10-31,LEN,0.06583880166965446
2023-10-31,LLY,0.06583880166965446
2023-10-31,LRCX,0.06583880166965446
2023-10-31,MAA,-0.06583880166965446
2023-10-31,META,0.06583880166965446
2023-10-31,MNST,-0.06583880166965446
2023-10-31,MSFT,0.06583880166965446
2023-10-31,NEE,-0.06583880166965446
2023-10-31,NVDA,0.06583880166965446
2023-10-31,NVR,0.06583880166965446
2023-10-31,ODFL,0.06583880166965446
2023-10-31,PFE,-0.06583880166965446
2023-10-31,PHM,0.06583880166965446
2023-10-31,PNR,0.06583880166965446
2023-10-31,PSA,-0.06583880166965446
2023-10-31,PWR,0.06583880166965446
2023-10-31,SNPS,0.06583880166965446
2023-10-31,SRE,-0.06583880166965446
2023-10-31,TDG,0.06583880166965446
2023-10-31,TECH,-0.06583880166965446
2023-10-31,TGT,-0.06583880166965446
2023-10-31,TSN,-0.06583880166965446
2023-10-31,WBA,-0.06583880166965446
2023-10-31,WST,0.06583880166965446
2023-11-30,A,-0.0688357703638974
2023-11-30,ACGL,0.0688357703638974
2023-11-30,ADBE,0.0688357703638974
2023-11-30,AES,-0.0688357703638974
2023-11-30,AJG,0.0688357703638974
2023-11-30,AMCR,-0.0688357703638974
2023-11-30,AMZN,0.0688357703638974
2023-11-30,AVGO,0.0688357703638974
2023-11-30,BKNG,0.0688357703638974
2023-11-30,BMY,-0.0688357703638974
2023-11-30,CAG,-0.0688357703638974
2023-11-30,CBOE,0.0688357703638974
2023-11-30,CCI,-0.0688357703638974
2023-11-30,CDNS,0.0688357703638974
2023-11-30,CME,0.0688357703638974
2023-11-30,CPRT,-0.0688357703638974
2023-11-30,CTVA,-0.0688357703638974
2023-11-30,ENPH,-0.0688357703638974
2023-11-30,EPAM,-0.0688357703638974
2023-11-30,ES,-0.0688357703638974
2023-11-30,EXR,-0.0688357703638974
2023-11-30,FAST,0.0688357703638974
2023-11-30,FDX,0.0688357703638974
2023-11-30,FMC,-0.0688357703638974
2023-11-30,GE,0.0688357703638974
2023-11-30,GPC,-0.0688357703638974
2023-11-30,HRL,-0.0688357703638974
2023-11-30,ILMN,-0.0688357703638974
2023-11-30,K,-0.0688357703638974
2023-11-30,LLY,0.0688357703638974
2023-11-30,MAA,-0.0688357703638974
2023-11-30,META,0.0688357703638974
2023-11-30,MNST,-0.0688357703638974
2023-11-30,MSFT,0.0688357703638974
2023-11-30,NDAQ,-0.0688357703638974
2023-11-30,NFLX,0.0688357703638974
2023-11-30,NOW,0.0688357703638974
2023-11-30,NVDA,0.0688357703638974
2023-11-30,PFE,-0.0688357703638974
2023-11-30,PHM,0.0688357703638974
2023-11-30,PNR,0.0688357703638974
2023-11-30,ROP,0.0688357703638974
2023-11-30,SNPS,0.0688357703638974
2023-11-30,SRE,-0.0688357703638974
2023-11-30,TDG,0.0688357703638974
2023-11-30,TECH,-0.0688357703638974
2023-11-30,VRSK,0.0688357703638974
2023-11-30,WBA,-0.0688357703638974
2023-12-31,AAPL,0.042080922093820694
2023-12-31,ACGL,0.042080922093820694
2023-12-31,ADBE,0.042080922093820694
2023-12-31,AES,-0.042080922093820694
2023-12-31,AJG,0.042080922093820694
2023-12-31,AMCR,-0.042080922093820694
2023-12-31,AMZN,0.042080922093820694
2023-12-31,ANET,0.042080922093820694
2023-12-31,AVGO,0.042080922093820694
2023-12-31,BKNG,0.042080922093820694
2023-12-31,BMY,-0.042080922093820694
2023-12-31,CAG,-0.042080922093820694
2023-12-31,CBOE,0.042080922093820694
2023-12-31,CDNS,0.042080922093820694
2023-12-31,CME,0.042080922093820694
2023-12-31,CPB,-0.042080922093820694
2023-12-31,CTVA,-0.042080922093820694
2023-12-31,CVS,-0.042080922093820694
2023-12-31,EL,-0.042080922093820694
2023-12-31,FAST,0.042080922093820694
2023-12-31,FDX,0.042080922093820694
2023-12-31,FMC,-0.042080922093820694
2023-12-31,GE,0.042080922093820694
2023-12-31,GIS,-0.042080922093820694
2023-12-31,HRL,-0.042080922093820694
2023-12-31,ILMN,-0.042080922093820694
2023-12-31,INCY,-0.042080922093820694
2023-12-31,K,-0.042080922093820694
2023-12-31,LLY,0.042080922093820694
2023-12-31,MAA,-0.042080922093820694
2023-12-31,META,0.042080922093820694
2023-12-31,MNST,-0.042080922093820694
2023-12-31,MRNA,-0.042080922093820694
2023-12-31,MSFT,0.042080922093820694
2023-12-31,NEE,-0.042080922093820694
2023-12-31,NOW,0.042080922093820694
2023-12-31,NVDA,0.042080922093820694
2023-12-31,PEAK,-0.042080922093820694
2023-12-31,PFE,-0.042080922093820694
2023-12-31,PHM,0.042080922093820694
2023-12-31,RCL,0.042080922093820694
2023-12-31,SEDG,-0.042080922093820694
2023-12-31,SJM,-0.042080922093820694
2023-12-31,SNPS,0.042080922093820694
2023-12-31,SRE,-0.042080922093820694
2023-12-31,TDG,0.042080922093820694
2023-12-31,TTWO,0.042080922093820694
2023-12-31,WBA,-0.042080922093820694
2024-01-31,ADBE,0.02816475434358398
2024-01-31,AEE,-0.02816475434358398
2024-01-31,AMCR,-0.02816475434358398
2024-01-31,AMZN,0.02816475434358398
2024-01-31,ANET,0.02816475434358398
2024-01-31,AOS,0.02816475434358398
2024-01-31,AVGO,0.02816475434358398
2024-01-31,BMY,-0.02816475434358398
2024-01-31,CAG,-0.02816475434358398
2024-01-31,CBOE,0.02816475434358398
2024-01-31,CDNS,0.02816475434358398
2024-01-31,CEG,0.02816475434358398
2024-01-31,CPB,-0.02816475434358398
2024-01-31,CPRT,-0.02816475434358398
2024-01-31,CTAS,0.02816475434358398
2024-01-31,CTVA,-0.02816475434358398
2024-01-31,DG,-0.02816475434358398
2024-01-31,DVN,-0.02816475434358398
2024-01-31,EL,-0.02816475434358398
2024-01-31,ES,-0.02816475434358398
2024-01-31,ETN,0.02816475434358398
2024-01-31,EVRG,-0.02816475434358398
2024-01-31,EXC,-0.02816475434358398
2024-01-31,FAST,0.02816475434358398
2024-01-31,FMC,-0.02816475434358398
2024-01-31,GE,0.02816475434358398
2024-01-31,GIS,-0.02816475434358398
2024-01-31,HRL,-0.02816475434358398
2024-01-31,HSY,-0.02816475434358398
2024-01-31,INTC,0.02816475434358398
2024-01-31,K,-0.02816475434358398
2024-01-31,LIN,0.02816475434358398
2024-01-31,LLY,0.02816475434358398
2024-01-31,META,0.02816475434358398
2024-01-31,MNST,-0.02816475434358398
2024-01-31,MRNA,-0.02816475434358398
2024-01-31,MSFT,0.02816475434358398
2024-01-31,NEE,-0.02816475434358398
2024-01-31,NOW,0.02816475434358398
2024-01-31,NRG,0.02816475434358398
2024-01-31,NVDA,0.02816475434358398
2024-01-31,PFE,-0.02816475434358398
2024-01-31,PHM,0.02816475434358398
2024-01-31,RCL,0.02816475434358398
2024-01-31,ROP,0.02816475434358398
2024-01-31,RSG,0.02816475434358398
2024-01-31,SRE,-0.02816475434358398
2024-01-31,VFC,-0.02816475434358398
2024-02-29,ADBE,0.026456096987509177
2024-02-29,ADM,-0.026456096987509177
2024-02-29,AEE,-0.026456096987509177
2024-02-29,AKAM,0.026456096987509177
2024-02-29,ALB,-0.026456096987509177
2024-02-29,AMCR,-0.026456096987509177
2024-02-29,AMZN,0.026456096987509177
2024-02-29,APTV,-0.026456096987509177
2024-02-29,AVGO,0.026456096987509177
2024-02-29,BMY,-0.026456096987509177
2024-02-29,BWA,-0.026456096987509177
2024-02-29,CAG,-0.026456096987509177
2024-02-29,CBOE,0.026456096987509177
2024-02-29,CDNS,0.026456096987509177
2024-02-29,CEG,0.026456096987509177
2024-02-29,COST,0.026456096987509177
2024-02-29,CPRT,-0.026456096987509177
2024-02-29,CRM,0.026456096987509177
2024-02-29,CTAS,0.026456096987509177
2024-02-29,CTVA,-0.026456096987509177
2024-02-29,DVN,-0.026456096987509177
2024-02-29,EL,-0.026456096987509177
2024-02-29,ES,-0.026456096987509177
2024-02-29,EXC,-0.026456096987509177
2024-02-29,FAST,0.026456096987509177
2024-02-29,FMC,-0.026456096987509177
2024-02-29,GE,0.026456096987509177
2024-02-29,GIS,-0.026456096987509177
2024-02-29,GOOG,0.026456096987509177
2024-02-29,GOOGL,0.026456096987509177
2024-02-29,GPC,-0.026456096987509177
2024-02-29,HRL,-0.026456096987509177
2024-02-29,HUM,-0.026456096987509177
2024-02-29,LLY,0.026456096987509177
2024-02-29,MCK,0.026456096987509177
2024-02-29,META,0.026456096987509177
2024-02-29,MNST,-0.026456096987509177
2024-02-29,MOS,-0.026456096987509177
2024-02-29,MSFT,0.026456096987509177
2024-02-29,NOW,0.026456096987509177
2024-02-29,NRG,0.026456096987509177
2024-02-29,NVDA,0.026456096987509177
2024-02-29,PFE,-0.026456096987509177
2024-02-29,PHM,0.026456096987509177
2024-02-29,ROP,0.026456096987509177
2024-02-29,RSG,0.026456096987509177
2024-02-29,SRE,-0.026456096987509177
2024-02-29,WBD,-0.026456096987509177
2024-03-31,ADM,-0.04259343287078444
2024-03-31,AIZ,0.04259343287078444
2024-03-31,AMCR,-0.04259343287078444
2024-03-31,AMZN,0.04259343287078444
2024-03-31,APTV,-0.04259343287078444
2024-03-31,AVGO,0.04259343287078444
2024-03-31,BMY,-0.04259343287078444
2024-03-31,BWA,-0.04259343287078444
2024-03-31,CAG,-0.04259343287078444
2024-03-31,CBOE,0.04259343287078444
2024-03-31,CEG,0.04259343287078444
2024-03-31,CHRW,-0.04259343287078444
2024-03-31,COO,-0.04259343287078444
2024-03-31,COST,0.04259343287078444
2024-03-31,CPB,-0.04259343287078444
2024-03-31,CPRT,-0.04259343287078444
2024-03-31,EL,-0.04259343287078444
2024-03-31,ETN,0.04259343287078444
2024-03-31,EVRG,-0.04259343287078444
2024-03-31,FAST,0.04259343287078444
2024-03-31,FICO,0.04259343287078444
2024-03-31,FMC,-0.04259343287078444
2024-03-31,GE,0.04259343287078444
2024-03-31,GIS,-0.04259343287078444
2024-03-31,HLT,0.04259343287078444
2024-03-31,HSY,-0.04259343287078444
2024-03-31,HUM,-0.04259343287078444
2024-03-31,LLY,0.04259343287078444
2024-03-31,MAR,0.04259343287078444
2024-03-31,MCK,0.04259343287078444
2024-03-31,META,0.04259343287078444
2024-03-31,NEE,-0.04259343287078444
2024-03-31,NEM,-0.04259343287078444
2024-03-31,NOW,0.04259343287078444
2024-03-31,NRG,0.04259343287078444
2024-03-31,NVDA,0.04259343287078444
2024-03-31,NWS,0.04259343287078444
2024-03-31,NWSA,0.04259343287078444
2024-03-31,PCAR,0.04259343287078444
2024-03-31,PFE,-0.04259343287078444
2024-03-31,PHM,0.04259343287078444
2024-03-31,PNW,-0.04259343287078444
2024-03-31,RSG,0.04259343287078444
2024-03-31,SRE,-0.04259343287078444
2024-03-31,TDG,0.04259343287078444
2024-03-31,WBD,-0.04259343287078444
2024-03-31,WEC,-0.04259343287078444
2024-03-31,WMT,-0.04259343287078444
2024-04-30,AEE,-0.04916468430619786
2024-04-30,AIG,0.04916468430619786
2024-04-30,AIZ,0.04916468430619786
2024-04-30,AMZN,0.04916468430619786
2024-04-30,APD,-0.04916468430619786
2024-04-30,AVGO,0.04916468430619786
2024-04-30,BIIB,-0.04916468430619786
2024-04-30,BMY,-0.04916468430619786
2024-04-30,BWA,-0.04916468430619786
2024-04-30,CAG,-0.04916468430619786
2024-04-30,CEG,0.04916468430619786
2024-04-30,CHRW,-0.04916468430619786
2024-04-30,COO,-0.04916468430619786
2024-04-30,CPB,-0.04916468430619786
2024-04-30,CPRT,-0.04916468430619786
2024-04-30,CTAS,0.04916468430619786
2024-04-30,EL,-0.04916468430619786
2024-04-30,ETN,0.04916468430619786
2024-04-30,FAST,0.04916468430619786
2024-04-30,FMC,-0.04916468430619786
2024-04-30,GE,0.04916468430619786
2024-04-30,GIS,-0.04916468430619786
2024-04-30,HIG,0.04916468430619786
2024-04-30,HLT,0.04916468430619786
2024-04-30,HSY,-0.04916468430619786
2024-04-30,HUM,-0.04916468430619786
2024-04-30,L,0.04916468430619786
2024-04-30,LLY,0.04916468430619786
2024-04-30,MAR,0.04916468430619786
2024-04-30,MCK,0.04916468430619786
2024-04-30,META,0.04916468430619786
2024-04-30,MLM,0.04916468430619786
2024-04-30,NRG,0.04916468430619786
2024-04-30,NVDA,0.04916468430619786
2024-04-30,NWS,0.04916468430619786
2024-04-30,NWSA,0.04916468430619786
2024-04-30,ODFL,-0.04916468430619786
2024-04-30,PARA,-0.04916468430619786
2024-04-30,PCAR,0.04916468430619786
2024-04-30,PFE,-0.04916468430619786
2024-04-30,RSG,0.04916468430619786
2024-04-30,SRE,-0.04916468430619786
2024-04-30,VFC,-0.04916468430619786
2024-04-30,VRSN,-0.04916468430619786
2024-04-30,WBD,-0.04916468430619786
2024-04-30,WMT,-0.04916468430619786
2024-04-30,WRK,0.04916468430619786
2024-04-30,XEL,-0.04916468430619786
2024-05-31,AIG,0.05249473734049774
2024-05-31,AIZ,0.05249473734049774
2024-05-31,ALB,-0.05249473734049774
2024-05-31,ALL,0.05249473734049774
2024-05-31,AMZN,0.05249473734049774
2024-05-31,APD,-0.05249473734049774
2024-05-31,APH,0.05249473734049774
2024-05-31,BFB,-0.05249473734049774
2024-05-31,BIIB,-0.05249473734049774
2024-05-31,BMY,-0.05249473734049774
2024-05-31,BWA,-0.05249473734049774
2024-05-31,CEG,0.05249473734049774
2024-05-31,CHRW,-0.05249473734049774
2024-05-31,COO,-0.05249473734049774
2024-05-31,CPRT,-0.05249473734049774
2024-05-31,ETN,0.05249473734049774
2024-05-31,FANG,0.05249473734049774
2024-05-31,FMC,-0.05249473734049774
2024-05-31,GD,0.05249473734049774
2024-05-31,GE,0.05249473734049774
2024-05-31,GILD,-0.05249473734049774
2024-05-31,GIS,-0.05249473734049774
2024-05-31,HLT,0.05249473734049774
2024-05-31,HSY,-0.05249473734049774
2024-05-31,HUM,-0.05249473734049774
2024-05-31,L,0.05249473734049774
2024-05-31,LLY,0.05249473734049774
2024-05-31,LW,-0.05249473734049774
2024-05-31,MCK,0.05249473734049774
2024-05-31,MPC,0.05249473734049774
2024-05-31,NRG,0.05249473734049774
2024-05-31,ODFL,-0.05249473734049774
2024-05-31,PFE,-0.05249473734049774
2024-05-31,PGR,0.05249473734049774
2024-05-31,RSG,0.05249473734049774
2024-05-31,SJM,-0.05249473734049774
2024-05-31,SRE,-0.05249473734049774
2024-05-31,TDG,0.05249473734049774
2024-05-31,TRGP,0.05249473734049774
2024-05-31,TT,0.05249473734049774
2024-05-31,URI,0.05249473734049774
2024-05-31,VRSN,-0.05249473734049774
2024-05-31,WAB,0.05249473734049774
2024-05-31,WBA,-0.05249473734049774
2024-05-31,WBD,-0.05249473734049774
2024-05-31,WMT,-0.05249473734049774
2024-05-31,WRK,0.05249473734049774
2024-05-31,XEL,-0.05249473734049774
2024-06-30,AIG,0.057157181879240654
2024-06-30,ALB,-0.057157181879240654
2024-06-30,ALL,0.057157181879240654
2024-06-30,AMZN,0.057157181879240654
2024-06-30,APH,0.057157181879240654
2024-06-30,BFB,-0.057157181879240654
2024-06-30,BIIB,-0.057157181879240654
2024-06-30,BMY,-0.057157181879240654
2024-06-30,BWA,-0.057157181879240654
2024-06-30,CB,0.057157181879240654
2024-06-30,CEG,0.057157181879240654
2024-06-30,COO,-0.057157181879240654
2024-06-30,COST,0.057157181879240654
2024-06-30,CPRT,-0.057157181879240654
2024-06-30,EL,-0.057157181879240654
2024-06-30,ETN,0.057157181879240654
2024-06-30,FANG,0.057157181879240654
2024-06-30,FMC,-0.057157181879240654
2024-06-30,GD,0.057157181879240654
2024-06-30,GILD,-0.057157181879240654
2024-06-30,HIG,0.057157181879240654
2024-06-30,HSY,-0.057157181879240654
2024-06-30,KLAC,0.057157181879240654
2024-06-30,LDOS,0.057157181879240654
2024-06-30,LKQ,-0.057157181879240654
2024-06-30,LLY,0.057157181879240654
2024-06-30,MCD,-0.057157181879240654
2024-06-30,MCK,0.057157181879240654
2024-06-30,NRG,0.057157181879240654
2024-06-30,NVDA,0.057157181879240654
2024-06-30,ODFL,-0.057157181879240654
2024-06-30,PAYC,-0.057157181879240654
2024-06-30,PFE,-0.057157181879240654
2024-06-30,PGR,0.057157181879240654
2024-06-30,SBUX,-0.057157181879240654
2024-06-30,SJM,-0.057157181879240654
2024-06-30,SRE,-0.057157181879240654
2024-06-30,TMUS,0.057157181879240654
2024-06-30,TRGP,0.057157181879240654
2024-06-30,TT,0.057157181879240654
2024-06-30,UPS,-0.057157181879240654
2024-06-30,VRSN,-0.057157181879240654
2024-06-30,WAB,0.057157181879240654
2024-06-30,WBA,-0.057157181879240654
2024-06-30,WBD,-0.057157181879240654
2024-06-30,WDC,0.057157181879240654
2024-06-30,WMT,-0.057157181879240654
2024-06-30,WRK,0.057157181879240654
2024-07-31,AEE,-0.04105146846133454
2024-07-31,ALB,-0.04105146846133454
2024-07-31,ALL,0.04105146846133454
2024-07-31,AMZN,0.04105146846133454
2024-07-31,ANET,0.04105146846133454
2024-07-31,APH,-0.04105146846133455
2024-07-31,APTV,-0.04105146846133454
2024-07-31,AVGO,0.04105146846133454
2024-07-31,BDX,-0.04105146846133454
2024-07-31,BFB,-0.04105146846133454
2024-07-31,BMY,-0.04105146846133454
2024-07-31,BSX,0.04105146846133454
2024-07-31,BWA,-0.04105146846133454
2024-07-31,CEG,0.04105146846133454
2024-07-31,CL,0.04105146846133454
2024-07-31,CMG,-0.04105146846133454
2024-07-31,COO,-0.04105146846133454
2024-07-31,COST,0.04105146846133454
2024-07-31,CPRT,-0.04105146846133454
2024-07-31,CTAS,0.04105146846133454
2024-07-31,EL,-0.04105146846133454
2024-07-31,EXC,-0.04105146846133454
2024-07-31,FICO,0.04105146846133454
2024-07-31,GD,0.04105146846133454
2024-07-31,HIG,0.04105146846133454
2024-07-31,HSY,-0.04105146846133454
2024-07-31,KLAC,0.04105146846133454
2024-07-31,LDOS,0.04105146846133454
2024-07-31,LLY,0.04105146846133454
2024-07-31,MCK,0.04105146846133454
2024-07-31,MU,0.04105146846133454
2024-07-31,NRG,0.04105146846133454
2024-07-31,NVDA,-0.04105146846133454
2024-07-31,ODFL,-0.04105146846133454
2024-07-31,PAYC,-0.04105146846133454
2024-07-31,PFE,-0.04105146846133454
2024-07-31,PGR,0.04105146846133454
2024-07-31,SBUX,-0.04105146846133454
2024-07-31,SRE,-0.04105146846133454
2024-07-31,STX,0.04105146846133454
2024-07-31,TMUS,0.04105146846133454
2024-07-31,TRGP,0.04105146846133454
2024-07-31,TT,0.04105146846133454
2024-07-31,UPS,-0.04105146846133454
2024-07-31,WBA,-0.04105146846133454
2024-07-31,WBD,-0.04105146846133454
2024-07-31,WDC,0.04105146846133454
2024-07-31,WMT,-0.04105146846133454
2024-08-31,AIG,0.03749892801544322
2024-08-31,ALB,-0.03749892801544322
2024-08-31,ALL,0.03749892801544322
2024-08-31,APA,-0.03749892801544322
2024-08-31,APH,-0.03749892801544322
2024-08-31,APTV,-0.03749892801544322
2024-08-31,AVGO,-0.03749892801544322
2024-08-31,BDX,-0.03749892801544322
2024-08-31,BFB,-0.03749892801544322
2024-08-31,BIIB,-0.03749892801544322
2024-08-31,BK,0.03749892801544322
2024-08-31,CB,0.03749892801544322
2024-08-31,CL,0.03749892801544322
2024-08-31,CMG,-0.03749892801544322
2024-08-31,COO,-0.03749892801544322
2024-08-31,COST,0.03749892801544322
2024-08-31,CTAS,0.03749892801544322
2024-08-31,EL,-0.03749892801544322
2024-08-31,EQT,-0.03749892801544322
2024-08-31,FICO,0.03749892801544322
2024-08-31,GD,0.03749892801544322
2024-08-31,GRMN,0.03749892801544322
2024-08-31,HIG,0.03749892801544322
2024-08-31,HLT,0.03749892801544322
2024-08-31,IRM,0.03749892801544322
2024-08-31,L,0.03749892801544322
2024-08-31,LVS,-0.03749892801544322
2024-08-31,LW,-0.03749892801544322
2024-08-31,MCK,0.03749892801544322
2024-08-31,MOS,-0.03749892801544322
2024-08-31,MTCH,-0.03749892801544322
2024-08-31,NKE,-0.03749892801544322
2024-08-31,NRG,0.03749892801544322
2024-08-31,NVDA,-0.03749892801544322
2024-08-31,ODFL,-0.03749892801544322
2024-08-31,OKE,0.03749892801544322
2024-08-31,PAYC,-0.03749892801544322
2024-08-31,PGR,0.03749892801544322
2024-08-31,SBUX,-0.03749892801544322
2024-08-31,T,0.03749892801544322
2024-08-31,TMUS,0.03749892801544322
2024-08-31,TRGP,0.03749892801544322
2024-08-31,TT,0.03749892801544322
2024-08-31,UHS,0.03749892801544322
2024-08-31,UPS,-0.03749892801544322
2024-08-31,WBA,-0.03749892801544322
2024-08-31,WELL,0.03749892801544322
2024-08-31,WMT,-0.03749892801544322
2024-09-30,ALB,-0.03906271945887385
2024-09-30,ALL,0.03906271945887385
2024-09-30,APA,-0.03906271945887385
2024-09-30,APH,-0.03906271945887385
2024-09-30,APTV,-0.03906271945887385
2024-09-30,AVGO,-0.03906271945887385
2024-09-30,AXP,0.03906271945887385
2024-09-30,BFB,-0.03906271945887385
2024-09-30,BIIB,-0.03906271945887385
2024-09-30,BK,0.03906271945887385
2024-09-30,CL,0.03906271945887385
2024-09-30,CMG,-0.03906271945887385
2024-09-30,COO,-0.03906271945887385
2024-09-30,CTAS,0.03906271945887385
2024-09-30,CTRA,-0.03906271945887385
2024-09-30,EL,-0.03906271945887385
2024-09-30,EQT,-0.03906271945887385
2024-09-30,FICO,0.03906271945887385
2024-09-30,GD,0.03906271945887385
2024-09-30,HAL,-0.03906271945887385
2024-09-30,HIG,0.03906271945887385
2024-09-30,HUM,-0.03906271945887385
2024-09-30,HWM,0.03906271945887385
2024-09-30,IRM,0.03906271945887385
2024-09-30,KLAC,0.03906271945887385
2024-09-30,LDOS,0.03906271945887385
2024-09-30,LW,-0.03906271945887385
2024-09-30,MOS,-0.03906271945887385
2024-09-30,MSI,0.03906271945887385
2024-09-30,NRG,0.03906271945887385
2024-09-30,NVDA,-0.03906271945887385
2024-09-30,ODFL,-0.03906271945887385
2024-09-30,OKE,0.03906271945887385
2024-09-30,PAYC,-0.03906271945887385
2024-09-30,PGR,0.03906271945887385
2024-09-30,RSG,0.03906271945887385
2024-09-30,SLB,-0.03906271945887385
2024-09-30,T,0.03906271945887385
2024-09-30,TMUS,0.03906271945887385
2024-09-30,TRGP,0.03906271945887385
2024-09-30,TT,0.03906271945887385
2024-09-30,UHS,0.03906271945887385
2024-09-30,UPS,-0.03906271945887385
2024-09-30,WAB,0.03906271945887385
2024-09-30,WBA,-0.03906271945887385
2024-09-30,WELL,0.03906271945887385
2024-09-30,WMT,-0.03906271945887385
2024-09-30,WYNN,-0.03906271945887385
2024-10-31,APA,-0.05431388834505317
2024-10-31,APH,-0.05431388834505317
2024-10-31,AVGO,-0.05431388834505317
2024-10-31,AXP,0.05431388834505317
2024-10-31,BFB,-0.05431388834505317
2024-10-31,BIIB,-0.05431388834505317
2024-10-31,BK,0.05431388834505317
2024-10-31,BSX,0.05431388834505317
2024-10-31,CL,0.05431388834505317
2024-10-31,CMG,-0.05431388834505317
2024-10-31,COO,-0.05431388834505317
2024-10-31,CTAS,-0.05431388834505317
2024-10-31,CTRA,-0.05431388834505317
2024-10-31,DG,-0.05431388834505317
2024-10-31,DLTR,-0.05431388834505317
2024-10-31,DVN,-0.05431388834505317
2024-10-31,FICO,0.05431388834505317
2024-10-31,GD,0.05431388834505317
2024-10-31,HAL,-0.05431388834505317
2024-10-31,HCA,0.05431388834505317
2024-10-31,HIG,0.05431388834505317
2024-10-31,HUM,-0.05431388834505317
2024-10-31,HWM,0.05431388834505317
2024-10-31,IRM,0.05431388834505317
2024-10-31,KO,0.05431388834505317
2024-10-31,LDOS,0.05431388834505317
2024-10-31,LULU,-0.05431388834505317
2024-10-31,MOS,-0.05431388834505317
2024-10-31,MSI,0.05431388834505317
2024-10-31,NI,0.05431388834505317
2024-10-31,NRG,0.05431388834505317
2024-10-31,NVDA,-0.05431388834505317
2024-10-31,ODFL,-0.05431388834505317
2024-10-31,OKE,0.05431388834505317
2024-10-31,OXY,-0.05431388834505317
2024-10-31,PAYC,-0.05431388834505317
2024-10-31,SLB,-0.05431388834505317
2024-10-31,T,0.05431388834505317
2024-10-31,TDG,0.05431388834505317
2024-10-31,TMUS,0.05431388834505317
2024-10-31,TRGP,0.05431388834505317
2024-10-31,TT,0.05431388834505317
2024-10-31,UHS,0.05431388834505317
2024-10-31,WAB,0.05431388834505317
2024-10-31,WBA,-0.05431388834505317
2024-10-31,WELL,0.05431388834505317
2024-10-31,WMT,-0.05431388834505317
2024-10-31,WRB,-0.05431388834505317
2024-11-30,AMP,0.059226526505607405
2024-11-30,APA,-0.059226526505607405
2024-11-30,APH,-0.059226526505607405
2024-11-30,AVGO,-0.059226526505607405
2024-11-30,AXON,0.059226526505607405
2024-11-30,AXP,0.059226526505607405
2024-11-30,BFB,-0.059226526505607405
2024-11-30,BIIB,-0.059226526505607405
2024-11-30,BK,0.059226526505607405
2024-11-30,BSX,0.059226526505607405
2024-11-30,CMG,-0.059226526505607405
2024-11-30,CMI,0.059226526505607405
2024-11-30,COO,-0.059226526505607405
2024-11-30,CTAS,-0.059226526505607405
2024-11-30,DG,-0.059226526505607405
2024-11-30,DLTR,-0.059226526505607405
2024-11-30,EBAY,0.059226526505607405
2024-11-30,EL,-0.059226526505607405
2024-11-30,FICO,0.059226526505607405
2024-11-30,GD,0.059226526505607405
2024-11-30,GLW,0.059226526505607405
2024-11-30,HAL,-0.059226526505607405
2024-11-30,HUM,-0.059226526505607405
2024-11-30,HWM,0.059226526505607405
2024-11-30,INTC,-0.059226526505607405
2024-11-30,IRM,0.059226526505607405
2024-11-30,LDOS,0.059226526505607405
2024-11-30,LRCX,-0.059226526505607405
2024-11-30,MOS,-0.059226526505607405
2024-11-30,NI,0.059226526505607405
2024-11-30,NKE,-0.059226526505607405
2024-11-30,NRG,0.059226526505607405
2024-11-30,NVDA,-0.059226526505607405
2024-11-30,ODFL,-0.059226526505607405
2024-11-30,OKE,0.059226526505607405
2024-11-30,OXY,-0.059226526505607405
2024-11-30,PKG,0.059226526505607405
2024-11-30,RCL,0.059226526505607405
2024-11-30,SLB,-0.059226526505607405
2024-11-30,SYF,0.059226526505607405
2024-11-30,TMUS,0.059226526505607405
2024-11-30,TRGP,0.059226526505607405
2024-11-30,TT,0.059226526505607405
2024-11-30,VRSN,-0.059226526505607405
2024-11-30,WAB,0.059226526505607405
2024-11-30,WBA,-0.059226526505607405
2024-11-30,WELL,0.059226526505607405
2024-11-30,WMT,-0.059226526505607405
2024-12-31,AMP,0.05873385795356082
2024-12-31,APA,-0.05873385795356082
2024-12-31,APH,-0.05873385795356082
2024-12-31,APTV,-0.05873385795356082
2024-12-31,AVGO,-0.05873385795356082
2024-12-31,AXP,0.05873385795356082
2024-12-31,BA,-0.05873385795356082
2024-12-31,BFB,-0.05873385795356082
2024-12-31,BIIB,-0.05873385795356082
2024-12-31,BK,0.05873385795356082
2024-12-31,BRO,0.05873385795356082
2024-12-31,BSX,0.05873385795356082
2024-12-31,CE,-0.05873385795356082
2024-12-31,CMG,-0.05873385795356082
2024-12-31,CMI,0.05873385795356082
2024-12-31,COO,-0.05873385795356082
2024-12-31,CTAS,-0.05873385795356082
2024-12-31,DG,-0.05873385795356082
2024-12-31,DLTR,-0.05873385795356082
2024-12-31,EL,-0.05873385795356082
2024-12-31,ETR,0.05873385795356082
2024-12-31,FI,0.05873385795356082
2024-12-31,FICO,0.05873385795356082
2024-12-31,HWM,0.05873385795356082
2024-12-31,INTC,-0.05873385795356082
2024-12-31,IRM,0.05873385795356082
2024-12-31,KMI,0.05873385795356082
2024-12-31,LRCX,-0.05873385795356082
2024-12-31,LYB,-0.05873385795356082
2024-12-31,MCHP,-0.05873385795356082
2024-12-31,MOS,-0.05873385795356082
2024-12-31,MSI,0.05873385795356082
2024-12-31,NI,0.05873385795356082
2024-12-31,NVDA,-0.05873385795356082
2024-12-31,ODFL,-0.05873385795356082
2024-12-31,OKE,0.05873385795356082
2024-12-31,PEG,0.05873385795356082
2024-12-31,PGR,0.05873385795356082
2024-12-31,PKG,0.05873385795356082
2024-12-31,PPG,-0.05873385795356082
2024-12-31,TMUS,0.05873385795356082
2024-12-31,TRGP,0.05873385795356082
2024-12-31,TT,0.05873385795356082
2024-12-31,WAB,0.05873385795356082
2024-12-31,WBA,-0.05873385795356082
2024-12-31,WELL,0.05873385795356082
2024-12-31,WMB,0.05873385795356082
2024-12-31,WMT,-0.05873385795356082
2025-01-31,ANET,-0.0637051305619494
2025-01-31,APH,-0.0637051305619494
2025-01-31,AVGO,-0.0637051305619494
2025-01-31,AXON,0.0637051305619494
2025-01-31,AXP,0.0637051305619494
2025-01-31,BFB,-0.0637051305619494
2025-01-31,BIIB,-0.0637051305619494
2025-01-31,BK,0.0637051305619494
2025-01-31,BSX,0.0637051305619494
2025-01-31,CMG,-0.0637051305619494
2025-01-31,CMI,0.0637051305619494
2025-01-31,COO,-0.0637051305619494
2025-01-31,CTAS,-0.0637051305619494
2025-01-31,DLTR,-0.0637051305619494
2025-01-31,DOW,-0.0637051305619494
2025-01-31,EBAY,0.0637051305619494
2025-01-31,EL,-0.0637051305619494
2025-01-31,ETR,-0.0637051305619494
2025-01-31,FOX,0.0637051305619494
2025-01-31,FOXA,0.0637051305619494
2025-01-31,GLW,0.0637051305619494
2025-01-31,GRMN,0.0637051305619494
2025-01-31,GS,0.0637051305619494
2025-01-31,HWM,0.0637051305619494
2025-01-31,KMI,0.0637051305619494
2025-01-31,LRCX,-0.0637051305619494
2025-01-31,LYB,-0.0637051305619494
2025-01-31,MCHP,-0.0637051305619494
2025-01-31,MDLZ,-0.0637051305619494
2025-01-31,MOS,-0.0637051305619494
2025-01-31,MSI,0.0637051305619494
2025-01-31,NI,0.0637051305619494
2025-01-31,NUE,-0.0637051305619494
2025-01-31,NVDA,-0.0637051305619494
2025-01-31,ODFL,-0.0637051305619494
2025-01-31,PEG,0.0637051305619494
2025-01-31,PPG,-0.0637051305619494
2025-01-31,RCL,0.0637051305619494
2025-01-31,SYF,0.0637051305619494
2025-01-31,TRGP,0.0637051305619494
2025-01-31,TSCO,-0.0637051305619494
2025-01-31,UAL,0.0637051305619494
2025-01-31,WAB,0.0637051305619494
2025-01-31,WBA,-0.0637051305619494
2025-01-31,WELL,0.0637051305619494
2025-01-31,WMB,0.0637051305619494
2025-01-31,WMT,-0.0637051305619494
2025-01-31,ZBRA,0.0637051305619494
2025-02-28,ANET,-0.06929739556078772
2025-02-28,APH,-0.06929739556078772
2025-02-28,ARE,-0.06929739556078772
2025-02-28,AVGO,-0.06929739556078772
2025-02-28,AXP,0.06929739556078772
2025-02-28,BFB,-0.06929739556078772
2025-02-28,BIIB,-0.06929739556078772
2025-02-28,BK,0.06929739556078772
2025-02-28,BSX,0.06929739556078772
2025-02-28,CMG,-0.06929739556078772
2025-02-28,CTAS,-0.06929739556078772
2025-02-28,DG,-0.06929739556078772
2025-02-28,DLTR,-0.06929739556078772
2025-02-28,DOW,-0.06929739556078772
2025-02-28,FOX,0.06929739556078772
2025-02-28,FOXA,0.06929739556078772
2025-02-28,GLW,0.06929739556078772
2025-02-28,GRMN,0.06929739556078772
2025-02-28,GS,0.06929739556078772
2025-02-28,HST,-0.06929739556078772
2025-02-28,HWM,0.06929739556078772
2025-02-28,IDXX,-0.06929739556078772
2025-02-28,ISRG,0.06929739556078772
2025-02-28,KMI,0.06929739556078772
2025-02-28,LRCX,-0.06929739556078772
2025-02-28,LYB,-0.06929739556078772
2025-02-28,MCHP,-0.06929739556078772
2025-02-28,MDLZ,-0.06929739556078772
2025-02-28,MRK,-0.06929739556078772
2025-02-28,MS,0.06929739556078772
2025-02-28,MSI,0.06929739556078772
2025-02-28,NI,0.06929739556078772
2025-02-28,NRG,0.06929739556078772
2025-02-28,NVDA,-0.06929739556078772
2025-02-28,ODFL,-0.06929739556078772
2025-02-28,ON,-0.06929739556078772
2025-02-28,RCL,0.06929739556078772
2025-02-28,SYF,0.06929739556078772
2025-02-28,T,0.06929739556078772
2025-02-28,TRGP,0.06929739556078772
2025-02-28,TSCO,-0.06929739556078772
2025-02-28,UAL,0.06929739556078772
2025-02-28,UPS,-0.06929739556078772
2025-02-28,WAB,0.06929739556078772
2025-02-28,WELL,0.06929739556078772
2025-02-28,WMB,0.06929739556078772
2025-02-28,WMT,0.06929739556078772
2025-02-28,WRB,-0.06929739556078772
2025-03-31,AAPL,0.0746091050262398
2025-03-31,AMD,-0.0746091050262398
2025-03-31,ANET,-0.0746091050262398
2025-03-31,APA,-0.0746091050262398
2025-03-31,APH,-0.0746091050262398
2025-03-31,AVGO,-0.0746091050262398
2025-03-31,BFB,-0.0746091050262398
2025-03-31,BIIB,-0.0746091050262398
2025-03-31,BK,0.0746091050262398
2025-03-31,BSX,0.0746091050262398
2025-03-31,CSCO,0.0746091050262398
2025-03-31,CTAS,-0.0746091050262398
2025-03-31,DECK,-0.0746091050262398
2025-03-31,DG,-0.0746091050262398
2025-03-31,DLTR,-0.0746091050262398
2025-03-31,DOW,-0.0746091050262398
2025-03-31,EL,-0.0746091050262398
2025-03-31,FI,0.0746091050262398
2025-03-31,FOX,0.0746091050262398
2025-03-31,FOXA,0.0746091050262398
2025-03-31,GILD,0.0746091050262398
2025-03-31,GLW,0.0746091050262398
2025-03-31,GRMN,0.0746091050262398
2025-03-31,HII,-0.0746091050262398
2025-03-31,HST,-0.0746091050262398
2025-03-31,HWM,0.0746091050262398
2025-03-31,LRCX,-0.0746091050262398
2025-03-31,LYB,-0.0746091050262398
2025-03-31,MCHP,-0.0746091050262398
2025-03-31,MRK,-0.0746091050262398
2025-03-31,NFLX,0.0746091050262398
2025-03-31,NI,0.0746091050262398
2025-03-31,NVDA,-0.0746091050262398
2025-03-31,ON,-0.0746091050262398
2025-03-31,PM,0.0746091050262398
2025-03-31,PODD,0.0746091050262398
2025-03-31,PPG,-0.0746091050262398
2025-03-31,RCL,0.0746091050262398
2025-03-31,STZ,-0.0746091050262398
2025-03-31,T,0.0746091050262398
2025-03-31,TMUS,0.0746091050262398
2025-03-31,TPR,0.0746091050262398
2025-03-31,TRGP,0.0746091050262398
2025-03-31,TSCO,-0.0746091050262398
2025-03-31,VTR,0.0746091050262398
2025-03-31,WELL,0.0746091050262398
2025-03-31,WMB,0.0746091050262398
2025-03-31,WMT,0.0746091050262398
2025-04-30,ADM,-0.08113778231555918
2025-04-30,AJG,0.08113778231555918
2025-04-30,ANET,-0.08113778231555918
2025-04-30,APA,-0.08113778231555918
2025-04-30,APH,-0.08113778231555918
2025-04-30,AVGO,-0.08113778231555918
2025-04-30,AVY,-0.08113778231555918
2025-04-30,BFB,-0.08113778231555918
2025-04-30,BIIB,-0.08113778231555918
2025-04-30,BK,0.08113778231555918
2025-04-30,BRO,0.08113778231555918
2025-04-30,BSX,0.08113778231555918
2025-04-30,CSCO,0.08113778231555918
2025-04-30,CTAS,-0.08113778231555918
2025-04-30,DECK,-0.08113778231555918
2025-04-30,DOW,-0.08113778231555918
2025-04-30,EL,-0.08113778231555918
2025-04-30,FOX,0.08113778231555918
2025-04-30,FOXA,0.08113778231555918
2025-04-30,GILD,0.08113778231555918
2025-04-30,GLW,0.08113778231555918
2025-04-30,HST,-0.08113778231555918
2025-04-30,HWM,0.08113778231555918
2025-04-30,KMI,0.08113778231555918
2025-04-30,LRCX,-0.08113778231555918
2025-04-30,LYB,-0.08113778231555918
2025-04-30,MCHP,-0.08113778231555918
2025-04-30,MRK,-0.08113778231555918
2025-04-30,NFLX,0.08113778231555918
2025-04-30,NI,0.08113778231555918
2025-04-30,NVDA,-0.08113778231555918
2025-04-30,ON,-0.08113778231555918
2025-04-30,OXY,-0.08113778231555918
2025-04-30,PAYX,0.08113778231555918
2025-04-30,PEP,-0.08113778231555918
2025-04-30,PM,0.08113778231555918
2025-04-30,T,0.08113778231555918
2025-04-30,TGT,-0.08113778231555918
2025-04-30,TMUS,0.08113778231555918
2025-04-30,TRGP,0.08113778231555918
2025-04-30,TSCO,-0.08113778231555918
2025-04-30,TTWO,0.08113778231555918
2025-04-30,UPS,-0.08113778231555918
2025-04-30,VRSN,0.08113778231555918
2025-04-30,VTR,0.08113778231555918
2025-04-30,WELL,0.08113778231555918
2025-04-30,WMB,0.08113778231555918
2025-04-30,WTW,0.08113778231555918
2025-05-31,AEE,0.08174734459335456
2025-05-31,ANET,-0.08174734459335456
2025-05-31,APA,-0.08174734459335456
2025-05-31,APH,-0.08174734459335456
2025-05-31,ATO,0.08174734459335456
2025-05-31,AVGO,-0.08174734459335456
2025-05-31,AVY,-0.08174734459335456
2025-05-31,AXON,0.08174734459335456
2025-05-31,BIIB,-0.08174734459335456
2025-05-31,BRKB,0.08174734459335456
2025-05-31,BSX,0.08174734459335456
2025-05-31,CAH,0.08174734459335456
2025-05-31,CME,0.08174734459335456
2025-05-31,CTAS,-0.08174734459335456
2025-05-31,DECK,-0.08174734459335456
2025-05-31,DOW,-0.08174734459335456
2025-05-31,DRI,0.08174734459335456
2025-05-31,FOXA,0.08174734459335456
2025-05-31,FTNT,0.08174734459335456
2025-05-31,GEV,0.08174734459335456
2025-05-31,GILD,0.08174734459335456
2025-05-31,GL,0.08174734459335456
2025-05-31,HAL,-0.08174734459335456
2025-05-31,HST,-0.08174734459335456
2025-05-31,LRCX,-0.08174734459335456
2025-05-31,LYB,-0.08174734459335456
2025-05-31,MCHP,-0.08174734459335456
2025-05-31,MRK,-0.08174734459335456
2025-05-31,NFLX,0.08174734459335456
2025-05-31,NI,0.08174734459335456
2025-05-31,NVDA,-0.08174734459335456
2025-05-31,NXPI,-0.08174734459335456
2025-05-31,ON,-0.08174734459335456
2025-05-31,ORLY,0.08174734459335456
2025-05-31,OXY,-0.08174734459335456
2025-05-31,PEP,-0.08174734459335456
2025-05-31,PM,0.08174734459335456
2025-05-31,PPG,-0.08174734459335456
2025-05-31,T,0.08174734459335456
2025-05-31,TGT,-0.08174734459335456
2025-05-31,TSCO,-0.08174734459335456
2025-05-31,TTWO,0.08174734459335456
2025-05-31,UPS,-0.08174734459335456
2025-05-31,VRSN,0.08174734459335456
2025-05-31,WEC,0.08174734459335456
2025-05-31,WELL,0.08174734459335456
2025-05-31,WMB,0.08174734459335456
2025-05-31,WMT,0.08174734459335456
2025-06-30,ADP,0.06909684170569852
2025-06-30,ANET,-0.06909684170569852
2025-06-30,ARE,-0.06909684170569852
2025-06-30,AVGO,-0.06909684170569852
2025-06-30,AVY,-0.06909684170569852
2025-06-30,AXON,0.06909684170569852
2025-06-30,BIIB,-0.06909684170569852
2025-06-30,BK,0.06909684170569852
2025-06-30,CAH,0.06909684170569852
2025-06-30,CME,0.06909684170569852
2025-06-30,CPB,-0.06909684170569852
2025-06-30,CTAS,-0.06909684170569852
2025-06-30,DECK,-0.06909684170569852
2025-06-30,DOW,-0.06909684170569852
2025-06-30,DRI,0.06909684170569852
2025-06-30,EBAY,0.06909684170569852
2025-06-30,ENPH,-0.06909684170569852
2025-06-30,FANG,-0.06909684170569852
2025-06-30,FAST,-0.06909684170569852
2025-06-30,FFIV,0.06909684170569852
2025-06-30,FOX,0.06909684170569852
2025-06-30,FOXA,0.06909684170569852
2025-06-30,GEV,0.06909684170569852
2025-06-30,GILD,0.06909684170569852
2025-06-30,GL,0.06909684170569852
2025-06-30,HAL,-0.06909684170569852
2025-06-30,HPQ,-0.06909684170569852
2025-06-30,HWM,0.06909684170569852
2025-06-30,LRCX,-0.06909684170569852
2025-06-30,LYB,-0.06909684170569852
2025-06-30,MA,0.06909684170569852
2025-06-30,MRK,-0.06909684170569852
2025-06-30,MRNA,-0.06909684170569852
2025-06-30,NFLX,0.06909684170569852
2025-06-30,NI,0.06909684170569852
2025-06-30,NXPI,-0.06909684170569852
2025-06-30,OXY,-0.06909684170569852
2025-06-30,PAYX,0.06909684170569852
2025-06-30,PEP,-0.06909684170569852
2025-06-30,PM,0.06909684170569852
2025-06-30,T,0.06909684170569852
2025-06-30,TGT,-0.06909684170569852
2025-06-30,TPR,0.06909684170569852
2025-06-30,TSCO,-0.06909684170569852
2025-06-30,UPS,-0.06909684170569852
2025-06-30,V,0.06909684170569852
2025-06-30,VRSN,0.06909684170569852
2025-06-30,WELL,0.06909684170569852
2025-07-31,ANET,-0.07233659631730079
2025-07-31,AVY,-0.07233659631730079
2025-07-31,AXON,0.07233659631730079
2025-07-31,BFB,-0.07233659631730079
2025-07-31,BIIB,-0.07233659631730079
2025-07-31,BKNG,0.07233659631730079
2025-07-31,BSX,0.07233659631730079
2025-07-31,CAG,-0.07233659631730079
2025-07-31,CAH,0.07233659631730079
2025-07-31,CME,0.07233659631730079
2025-07-31,CPB,-0.07233659631730079
2025-07-31,CRWD,0.07233659631730079
2025-07-31,CSCO,0.07233659631730079
2025-07-31,CTAS,-0.07233659631730079
2025-07-31,DECK,-0.07233659631730079
2025-07-31,DHR,-0.07233659631730079
2025-07-31,DOW,-0.07233659631730079
2025-07-31,DRI,0.07233659631730079
2025-07-31,ENPH,-0.07233659631730079
2025-07-31,EQT,0.07233659631730079
2025-07-31,ETR,-0.07233659631730079
2025-07-31,FAST,-0.07233659631730079
2025-07-31,FOXA,0.07233659631730079
2025-07-31,FTNT,0.07233659631730079
2025-07-31,GEV,0.07233659631730079
2025-07-31,GIS,-0.07233659631730079
2025-07-31,HPQ,-0.07233659631730079
2025-07-31,HWM,0.07233659631730079
2025-07-31,IFF,-0.07233659631730079
2025-07-31,JBL,0.07233659631730079
2025-07-31,KHC,-0.07233659631730079
2025-07-31,LRCX,-0.07233659631730079
2025-07-31,LYB,-0.07233659631730079
2025-07-31,MRK,-0.07233659631730079
2025-07-31,MRNA,-0.07233659631730079
2025-07-31,NFLX,0.07233659631730079
2025-07-31,NRG,0.07233659631730079
2025-07-31,OXY,-0.07233659631730079
2025-07-31,PEP,-0.07233659631730079
2025-07-31,PM,0.07233659631730079
2025-07-31,RCL,0.07233659631730079
2025-07-31,REGN,-0.07233659631730079
2025-07-31,T,0.07233659631730079
2025-07-31,TPR,0.07233659631730079
2025-07-31,TSCO,-0.07233659631730079
2025-07-31,TTWO,0.07233659631730079
2025-07-31,V,0.07233659631730079
2025-07-31,VRSN,0.07233659631730079
2025-07-31,VST,0.07233659631730079
2025-07-31,WMB,0.07233659631730079
2025-08-31,ANET,-0.07996042185789692
2025-08-31,APH,0.07996042185789692
2025-08-31,AVY,-0.07996042185789692
2025-08-31,BIIB,-0.07996042185789692
2025-08-31,BK,0.07996042185789692
2025-08-31,CAG,-0.07996042185789692
2025-08-31,CL,-0.07996042185789692
2025-08-31,CME,0.07996042185789692
2025-08-31,CNP,0.07996042185789692
2025-08-31,CPB,-0.07996042185789692
2025-08-31,CRWD,0.07996042185789692
2025-08-31,CSCO,0.07996042185789692
2025-08-31,CTAS,-0.07996042185789692
2025-08-31,DECK,-0.07996042185789692
2025-08-31,DHR,-0.07996042185789692
2025-08-31,DOW,-0.07996042185789692
2025-08-31,ENPH,-0.07996042185789692
2025-08-31,EQT,0.07996042185789692
2025-08-31,FFIV,0.07996042185789692
2025-08-31,FRT,-0.07996042185789692
2025-08-31,GEV,0.07996042185789692
2025-08-31,GILD,0.07996042185789692
2025-08-31,GIS,-0.07996042185789692
2025-08-31,GLW,0.07996042185789692
2025-08-31,HPQ,-0.07996042185789692
2025-08-31,HWM,0.07996042185789692
2025-08-31,IFF,-0.07996042185789692
2025-08-31,IPG,-0.07996042185789692
2025-08-31,JBL,0.07996042185789692
2025-08-31,LEN,-0.07996042185789692
2025-08-31,LMT,-0.07996042185789692
2025-08-31,LRCX,-0.07996042185789692
2025-08-31,LYB,-0.07996042185789692
2025-08-31,LYV,0.07996042185789692
2025-08-31,MRK,-0.07996042185789692
2025-08-31,NFLX,0.07996042185789692
2025-08-31,NI,0.07996042185789692
2025-08-31,NRG,0.07996042185789692
2025-08-31,PARA,0.07996042185789692
2025-08-31,RCL,0.07996042185789692
2025-08-31,REGN,-0.07996042185789692
2025-08-31,RL,0.07996042185789692
2025-08-31,T,0.07996042185789692
2025-08-31,TPR,0.07996042185789692
2025-08-31,TSCO,-0.07996042185789692
2025-08-31,UPS,-0.07996042185789692
2025-08-31,VRSN,0.07996042185789692
2025-08-31,VST,0.07996042185789692
2025-09-30,ANET,-0.057111024182961934
2025-09-30,APH,0.057111024182961934
2025-09-30,AVY,-0.057111024182961934
2025-09-30,AZO,0.057111024182961934
2025-09-30,BA,0.057111024182961934
2025-09-30,BIIB,-0.057111024182961934
2025-09-30,BK,0.057111024182961934
2025-09-30,C,0.057111024182961934
2025-09-30,CAG,-0.057111024182961934
2025-09-30,CL,-0.057111024182961934
2025-09-30,CLX,-0.057111024182961934
2025-09-30,COO,-0.057111024182961934
2025-09-30,CPB,-0.057111024182961934
2025-09-30,DHR,-0.057111024182961934
2025-09-30,DOW,-0.057111024182961934
2025-09-30,EBAY,0.057111024182961934
2025-09-30,EMN,-0.057111024182961934
2025-09-30,ENPH,-0.057111024182961934
2025-09-30,ERIE,-0.057111024182961934
2025-09-30,ETR,-0.057111024182961934
2025-09-30,EW,0.057111024182961934
2025-09-30,FFIV,0.057111024182961934
2025-09-30,FOXA,0.057111024182961934
2025-09-30,GEV,0.057111024182961934
2025-09-30,GIS,-0.057111024182961934
2025-09-30,GL,0.057111024182961934
2025-09-30,GLW,0.057111024182961934
2025-09-30,HWM,0.057111024182961934
2025-09-30,IFF,-0.057111024182961934
2025-09-30,JBL,0.057111024182961934
2025-09-30,JPM,0.057111024182961934
2025-09-30,LRCX,-0.057111024182961934
2025-09-30,LYB,-0.057111024182961934
2025-09-30,MRK,-0.057111024182961934
2025-09-30,NFLX,0.057111024182961934
2025-09-30,PLTR,0.057111024182961934
2025-09-30,RCL,0.057111024182961934
2025-09-30,REGN,-0.057111024182961934
2025-09-30,SCHW,0.057111024182961934
2025-09-30,STZ,-0.057111024182961934
2025-09-30,T,0.057111024182961934
2025-09-30,TGT,-0.057111024182961934
2025-09-30,TPR,0.057111024182961934
2025-09-30,TSCO,-0.057111024182961934
2025-09-30,TTWO,0.057111024182961934
2025-09-30,UPS,-0.057111024182961934
2025-09-30,V,0.057111024182961934
2025-09-30,VRSN,0.057111024182961934
2025-10-31,AMCR,-0.042618607288160394
2025-10-31,ANET,-0.042618607288160394
2025-10-31,APH,0.042618607288160394
2025-10-31,AVB,-0.042618607288160394
2025-10-31,AVY,-0.042618607288160394
2025-10-31,AZO,0.042618607288160394
2025-10-31,BFB,-0.042618607288160394
2025-10-31,BK,0.042618607288160394
2025-10-31,C,0.042618607288160394
2025-10-31,CAG,-0.042618607288160394
2025-10-31,CAH,0.042618607288160394
2025-10-31,CNP,0.042618607288160394
2025-10-31,COO,-0.042618607288160394
2025-10-31,CPB,-0.042618607288160394
2025-10-31,DHR,-0.042618607288160394
2025-10-31,DOW,-0.042618607288160394
2025-10-31,EBAY,0.042618607288160394
2025-10-31,EMN,-0.042618607288160394
2025-10-31,ERIE,-0.042618607288160394
2025-10-31,ETR,-0.042618607288160394
2025-10-31,FAST,-0.042618607288160394
2025-10-31,FOX,0.042618607288160394
2025-10-31,FOXA,0.042618607288160394
2025-10-31,GE,0.042618607288160394
2025-10-31,GEV,0.042618607288160394
2025-10-31,GIS,-0.042618607288160394
2025-10-31,GLW,0.042618607288160394
2025-10-31,HWM,0.042618607288160394
2025-10-31,IFF,-0.042618607288160394
2025-10-31,JBL,0.042618607288160394
2025-10-31,JPM,0.042618607288160394
2025-10-31,KHC,-0.042618607288160394
2025-10-31,LYB,-0.042618607288160394
2025-10-31,MRK,-0.042618607288160394
2025-10-31,NEM,0.042618607288160394
2025-10-31,NFLX,0.042618607288160394
2025-10-31,PLTR,0.042618607288160394
2025-10-31,REGN,-0.042618607288160394
2025-10-31,RTX,0.042618607288160394
2025-10-31,STX,0.042618607288160394
2025-10-31,STZ,-0.042618607288160394
2025-10-31,TGT,-0.042618607288160394
2025-10-31,TPR,0.042618607288160394
2025-10-31,TSCO,-0.042618607288160394
2025-10-31,TTWO,0.042618607288160394
2025-10-31,UPS,-0.042618607288160394
2025-10-31,VRSN,0.042618607288160394
2025-10-31,WBD,0.042618607288160394
2025-11-30,AMCR,-0.043116642872979144
2025-11-30,ANET,-0.043116642872979144
2025-11-30,APH,0.043116642872979144
2025-11-30,AVB,-0.043116642872979144
2025-11-30,AVGO,0.043116642872979144
2025-11-30,CAG,-0.043116642872979144
2025-11-30,CAH,0.043116642872979144
2025-11-30,CHD,-0.043116642872979144
2025-11-30,CL,-0.043116642872979144
2025-11-30,CLX,-0.043116642872979144
2025-11-30,CMCSA,-0.043116642872979144
2025-11-30,CPB,-0.043116642872979144
2025-11-30,CRWD,0.043116642872979144
2025-11-30,DOW,-0.043116642872979144
2025-11-30,EMN,-0.043116642872979144
2025-11-30,EQR,-0.043116642872979144
2025-11-30,ERIE,-0.043116642872979144
2025-11-30,ETR,-0.043116642872979144
2025-11-30,FAST,-0.043116642872979144
2025-11-30,FDS,-0.043116642872979144
2025-11-30,FOXA,0.043116642872979144
2025-11-30,GE,0.043116642872979144
2025-11-30,GIS,-0.043116642872979144
2025-11-30,GLW,0.043116642872979144
2025-11-30,GOOG,0.043116642872979144
2025-11-30,GOOGL,0.043116642872979144
2025-11-30,HRL,-0.043116642872979144
2025-11-30,HWM,0.043116642872979144
2025-11-30,IDXX,0.043116642872979144
2025-11-30,IFF,-0.043116642872979144
2025-11-30,JBL,0.043116642872979144
2025-11-30,KLAC,0.043116642872979144
2025-11-30,LRCX,0.043116642872979144
2025-11-30,LYB,-0.043116642872979144
2025-11-30,MPWR,0.043116642872979144
2025-11-30,MU,0.043116642872979144
2025-11-30,NEM,0.043116642872979144
2025-11-30,OKE,-0.043116642872979144
2025-11-30,PLTR,0.043116642872979144
2025-11-30,RTX,0.043116642872979144
2025-11-30,STX,0.043116642872979144
2025-11-30,STZ,-0.043116642872979144
2025-11-30,TEL,0.043116642872979144
2025-11-30,TPR,0.043116642872979144
2025-11-30,TSCO,-0.043116642872979144
2025-11-30,TTWO,0.043116642872979144
2025-11-30,UDR,-0.043116642872979144
2025-11-30,WBD,0.043116642872979144
2025-12-31,ACN,-0.04046140086965368
2025-12-31,APH,0.04046140086965368
2025-12-31,AVB,-0.04046140086965368
2025-12-31,BK,0.04046140086965368
2025-12-31,CAG,-0.04046140086965368
2025-12-31,CAH,0.04046140086965368
2025-12-31,CHD,-0.04046140086965368
2025-12-31,CLX,-0.04046140086965368
2025-12-31,CMG,-0.04046140086965368
2025-12-31,COR,0.04046140086965368
2025-12-31,CPB,-0.04046140086965368
2025-12-31,CPRT,-0.04046140086965368
2025-12-31,CRM,-0.04046140086965368
2025-12-31,DOW,-0.04046140086965368
2025-12-31,ERIE,-0.04046140086965368
2025-12-31,ETR,0.04046140086965368
2025-12-31,FAST,-0.04046140086965368
2025-12-31,FDS,-0.04046140086965368
2025-12-31,GDDY,-0.04046140086965368
2025-12-31,GE,0.04046140086965368
2025-12-31,GIS,-0.04046140086965368
2025-12-31,GLW,0.04046140086965368
2025-12-31,GOOGL,0.04046140086965368
2025-12-31,HCA,0.04046140086965368
2025-12-31,HII,0.04046140086965368
2025-12-31,HON,-0.04046140086965368
2025-12-31,HWM,0.04046140086965368
2025-12-31,IDXX,0.04046140086965368
2025-12-31,IT,-0.04046140086965368
2025-12-31,JNJ,0.04046140086965368
2025-12-31,KLAC,0.04046140086965368
2025-12-31,L,0.04046140086965368
2025-12-31,LRCX,0.04046140086965368
2025-12-31,LYB,-0.04046140086965368
2025-12-31,MCK,0.04046140086965368
2025-12-31,MU,0.04046140086965368
2025-12-31,NEM,0.04046140086965368
2025-12-31,NFLX,-0.04046140086965368
2025-12-31,OKE,-0.04046140086965368
2025-12-31,PLTR,0.04046140086965368
2025-12-31,POOL,-0.04046140086965368
2025-12-31,RTX,0.04046140086965368
2025-12-31,STX,0.04046140086965368
2025-12-31,STZ,-0.04046140086965368
2025-12-31,SW,-0.04046140086965368
2025-12-31,TGT,-0.04046140086965368
2025-12-31,WDC,0.04046140086965368
2025-12-31,WELL,0.04046140086965368
2026-01-31,APH,0.030266498441758414
2026-01-31,AVB,-0.030266498441758414
2026-01-31,BAX,-0.030266498441758414
2026-01-31,CAG,-0.030266498441758414
2026-01-31,CAH,0.030266498441758414
2026-01-31,CHD,-0.030266498441758414
2026-01-31,CLX,-0.030266498441758414
2026-01-31,CPB,-0.030266498441758414
2026-01-31,CPRT,-0.030266498441758414
2026-01-31,DG,0.030266498441758414
2026-01-31,DLTR,0.030266498441758414
2026-01-31,DOW,-0.030266498441758414
2026-01-31,EA,0.030266498441758414
2026-01-31,ERIE,-0.030266498441758414
2026-01-31,F,0.030266498441758414
2026-01-31,FAST,-0.030266498441758414
2026-01-31,FDS,-0.030266498441758414
2026-01-31,GD,0.030266498441758414
2026-01-31,GDDY,-0.030266498441758414
2026-01-31,GIS,-0.030266498441758414
2026-01-31,GLW,0.030266498441758414
2026-01-31,GM,0.030266498441758414
2026-01-31,HII,0.030266498441758414
2026-01-31,HWM,0.030266498441758414
2026-01-31,IT,-0.030266498441758414
2026-01-31,JCI,0.030266498441758414
2026-01-31,JNJ,0.030266498441758414
2026-01-31,KLAC,0.030266498441758414
2026-01-31,LHX,0.030266498441758414
2026-01-31,LRCX,0.030266498441758414
2026-01-31,LYB,-0.030266498441758414
2026-01-31,MNST,0.030266498441758414
2026-01-31,MU,0.030266498441758414
2026-01-31,NEM,0.030266498441758414
2026-01-31,NFLX,-0.030266498441758414
2026-01-31,NOW,-0.030266498441758414
2026-01-31,OKE,-0.030266498441758414
2026-01-31,PG,-0.030266498441758414
2026-01-31,PLTR,0.030266498441758414
2026-01-31,POOL,-0.030266498441758414
2026-01-31,PYPL,-0.030266498441758414
2026-01-31,RTX,0.030266498441758414
2026-01-31,STX,0.030266498441758414
2026-01-31,TPL,-0.030266498441758414
2026-01-31,TYL,-0.030266498441758414
2026-01-31,WBD,0.030266498441758414
2026-01-31,WDC,0.030266498441758414
2026-01-31,ZTS,-0.030266498441758414
2026-02-28,ALB,0.0396739157013043
2026-02-28,AMAT,0.0396739157013043
2026-02-28,APH,0.0396739157013043
2026-02-28,AVB,-0.0396739157013043
2026-02-28,BAX,-0.0396739157013043
2026-02-28,CAG,-0.0396739157013043
2026-02-28,CAT,0.0396739157013043
2026-02-28,CLX,-0.0396739157013043
2026-02-28,CPB,-0.0396739157013043
2026-02-28,DG,0.0396739157013043
2026-02-28,DVA,-0.0396739157013043
2026-02-28,EA,0.0396739157013043
2026-02-28,EQR,-0.0396739157013043
2026-02-28,ERIE,-0.0396739157013043
2026-02-28,F,0.0396739157013043
2026-02-28,FAST,-0.0396739157013043
2026-02-28,FDS,-0.0396739157013043
2026-02-28,GD,0.0396739157013043
2026-02-28,GDDY,-0.0396739157013043
2026-02-28,GEV,0.0396739157013043
2026-02-28,GIS,-0.0396739157013043
2026-02-28,GLW,0.0396739157013043
2026-02-28,GM,0.0396739157013043
2026-02-28,GOOG,0.0396739157013043
2026-02-28,GOOGL,0.0396739157013043
2026-02-28,HII,0.0396739157013043
2026-02-28,HPQ,-0.0396739157013043
2026-02-28,INVH,-0.0396739157013043
2026-02-28,IT,-0.0396739157013043
2026-02-28,KLAC,0.0396739157013043
2026-02-28,LHX,0.0396739157013043
2026-02-28,LRCX,0.0396739157013043
2026-02-28,MKC,-0.0396739157013043
2026-02-28,MNST,0.0396739157013043
2026-02-28,MU,0.0396739157013043
2026-02-28,NEM,0.0396739157013043
2026-02-28,NFLX,-0.0396739157013043
2026-02-28,NOW,-0.0396739157013043
2026-02-28,PAYX,-0.0396739157013043
2026-02-28,ROP,-0.0396739157013043
2026-02-28,RTX,0.0396739157013043
2026-02-28,STX,0.0396739157013043
2026-02-28,TPL,-0.0396739157013043
2026-02-28,TYL,-0.0396739157013043
2026-02-28,ULTA,0.0396739157013043
2026-02-28,WDAY,-0.0396739157013043
2026-02-28,WDC,0.0396739157013043
2026-02-28,ZTS,-0.0396739157013043
2026-03-31,ADP,-0.025719820052794398
2026-03-31,AJG,-0.025719820052794398
2026-03-31,ALB,0.025719820052794398
2026-03-31,AMAT,0.025719820052794398
2026-03-31,APH,0.025719820052794398
2026-03-31,BAX,-0.025719820052794398
2026-03-31,BRO,-0.025719820052794398
2026-03-31,CAG,-0.025719820052794398
2026-03-31,CAT,0.025719820052794398
2026-03-31,CPB,-0.025719820052794398
2026-03-31,CPRT,-0.025719820052794398
2026-03-31,ERIE,-0.025719820052794398
2026-03-31,F,0.025719820052794398
2026-03-31,FAST,-0.025719820052794398
2026-03-31,FDS,-0.025719820052794398
2026-03-31,GD,0.025719820052794398
2026-03-31,GDDY,-0.025719820052794398
2026-03-31,GEV,0.025719820052794398
2026-03-31,GIS,-0.025719820052794398
2026-03-31,GLW,0.025719820052794398
2026-03-31,GM,0.025719820052794398
2026-03-31,GOOG,0.025719820052794398
2026-03-31,GOOGL,0.025719820052794398
2026-03-31,GS,0.025719820052794398
2026-03-31,HII,0.025719820052794398
2026-03-31,HWM,0.025719820052794398
2026-03-31,INVH,-0.025719820052794398
2026-03-31,IT,-0.025719820052794398
2026-03-31,LRCX,0.025719820052794398
2026-03-31,MAA,-0.025719820052794398
2026-03-31,MLM,0.025719820052794398
2026-03-31,MU,0.025719820052794398
2026-03-31,NEM,0.025719820052794398
2026-03-31,NFLX,-0.025719820052794398
2026-03-31,NOW,-0.025719820052794398
2026-03-31,PAYC,-0.025719820052794398
2026-03-31,PAYX,-0.025719820052794398
2026-03-31,PH,0.025719820052794398
2026-03-31,PWR,0.025719820052794398
2026-03-31,PYPL,-0.025719820052794398
2026-03-31,ROP,-0.025719820052794398
2026-03-31,STX,0.025719820052794398
2026-03-31,TER,0.025719820052794398
2026-03-31,TYL,-0.025719820052794398
2026-03-31,ULTA,0.025719820052794398
2026-03-31,VRSK,-0.025719820052794398
2026-03-31,WDAY,-0.025719820052794398
2026-03-31,WDC,0.025719820052794398
2026-04-30,ADP,-0.01832694391227027
2026-04-30,ALB,0.01832694391227027
2026-04-30,AMAT,0.01832694391227027
2026-04-30,AMT,-0.01832694391227027
2026-04-30,APA,0.01832694391227027
2026-04-30,BAX,-0.01832694391227027
2026-04-30,BK,0.01832694391227027
2026-04-30,BR,-0.01832694391227027
2026-04-30,BRO,-0.01832694391227027
2026-04-30,CAG,-0.01832694391227027
2026-04-30,CAT,0.01832694391227027
2026-04-30,CCI,-0.01832694391227027
2026-04-30,CMI,0.01832694391227027
2026-04-30,CPB,-0.01832694391227027
2026-04-30,CPRT,-0.01832694391227027
2026-04-30,ERIE,-0.01832694391227027
2026-04-30,FAST,-0.01832694391227027
2026-04-30,FDS,-0.01832694391227027
2026-04-30,FIS,-0.01832694391227027
2026-04-30,GD,0.01832694391227027
2026-04-30,GDDY,-0.01832694391227027
2026-04-30,GEV,0.01832694391227027
2026-04-30,GIS,-0.01832694391227027
2026-04-30,GLW,0.01832694391227027
2026-04-30,HAL,0.01832694391227027
2026-04-30,INVH,-0.01832694391227027
2026-04-30,JNJ,0.01832694391227027
2026-04-30,LRCX,0.01832694391227027
2026-04-30,MU,0.01832694391227027
2026-04-30,NEE,0.01832694391227027
2026-04-30,NEM,0.01832694391227027
2026-04-30,NFLX,-0.01832694391227027
2026-04-30,NOW,-0.01832694391227027
2026-04-30,PAYX,-0.01832694391227027
2026-04-30,PSX,0.01832694391227027
2026-04-30,PWR,0.01832694391227027
2026-04-30,PYPL,-0.01832694391227027
2026-04-30,ROP,-0.01832694391227027
2026-04-30,ROST,0.01832694391227027
2026-04-30,RTX,0.01832694391227027
2026-04-30,STX,0.01832694391227027
2026-04-30,TER,0.01832694391227027
2026-04-30,TYL,-0.01832694391227027
2026-04-30,VLO,0.01832694391227027
2026-04-30,VRSK,-0.01832694391227027
2026-04-30,WBD,0.01832694391227027
2026-04-30,WDAY,-0.01832694391227027
2026-04-30,WDC,0.01832694391227027
2026-05-31,ACN,-0.018691264092069778
2026-05-31,ADP,-0.018691264092069778
2026-05-31,AJG,-0.018691264092069778
2026-05-31,ALB,0.018691264092069778
2026-05-31,AMAT,0.018691264092069778
2026-05-31,BAX,-0.018691264092069778
2026-05-31,BR,-0.018691264092069778
2026-05-31,BRO,-0.018691264092069778
2026-05-31,BSX,-0.018691264092069778
2026-05-31,CAG,-0.018691264092069778
2026-05-31,CAT,0.018691264092069778
2026-05-31,CMI,0.018691264092069778
2026-05-31,CPB,-0.018691264092069778
2026-05-31,CPRT,-0.018691264092069778
2026-05-31,DPZ,-0.018691264092069778
2026-05-31,ERIE,-0.018691264092069778
2026-05-31,ETR,0.018691264092069778
2026-05-31,FDX,0.018691264092069778
2026-05-31,FIS,-0.018691264092069778
2026-05-31,GDDY,-0.018691264092069778
2026-05-31,GEV,0.018691264092069778
2026-05-31,GIS,-0.018691264092069778
2026-05-31,GLW,0.018691264092069778
2026-05-31,GOOG,0.018691264092069778
2026-05-31,GOOGL,0.018691264092069778
2026-05-31,HAL,0.018691264092069778
2026-05-31,INTC,0.018691264092069778
2026-05-31,IT,-0.018691264092069778
2026-05-31,LRCX,0.018691264092069778
2026-05-31,MU,0.018691264092069778
2026-05-31,NEE,0.018691264092069778
2026-05-31,NEM,0.018691264092069778
2026-05-31,NFLX,-0.018691264092069778
2026-05-31,NOW,-0.018691264092069778
2026-05-31,PAYX,-0.018691264092069778
2026-05-31,PWR,0.018691264092069778
2026-05-31,ROP,-0.018691264092069778
2026-05-31,ROST,0.018691264092069778
2026-05-31,STX,0.018691264092069778
2026-05-31,TER,0.018691264092069778
2026-05-31,TYL,-0.018691264092069778
2026-05-31,VLO,0.018691264092069778
2026-05-31,VRSK,-0.018691264092069778
2026-05-31,WBD,0.018691264092069778
2026-05-31,WDAY,-0.018691264092069778
2026-05-31,WDC,0.018691264092069778
2026-05-31,WMT,0.018691264092069778
2026-05-31,ZTS,-0.018691264092069778
2026-06-30,ACN,-0.02893826524868827
2026-06-30,ADM,0.02893826524868827
2026-06-30,ADP,-0.02893826524868827
2026-06-30,AJG,-0.02893826524868827
2026-06-30,ALB,0.02893826524868827
2026-06-30,AMAT,0.02893826524868827
2026-06-30,BR,-0.02893826524868827
2026-06-30,BRO,-0.02893826524868827
2026-06-30,BSX,-0.02893826524868827
2026-06-30,CAG,-0.02893826524868827
2026-06-30,CAT,0.02893826524868827
2026-06-30,CBOE,0.02893826524868827
2026-06-30,CMI,0.02893826524868827
2026-06-30,CPB,-0.02893826524868827
2026-06-30,CPRT,-0.02893826524868827
2026-06-30,DPZ,-0.02893826524868827
2026-06-30,EFX,-0.02893826524868827
2026-06-30,ERIE,-0.02893826524868827
2026-06-30,FDX,0.02893826524868827
2026-06-30,FIS,-0.02893826524868827
2026-06-30,GDDY,-0.02893826524868827
2026-06-30,GIS,-0.02893826524868827
2026-06-30,GLW,0.02893826524868827
2026-06-30,GM,0.02893826524868827
2026-06-30,GOOG,0.02893826524868827
2026-06-30,GOOGL,0.02893826524868827
2026-06-30,HAL,0.02893826524868827
2026-06-30,INTC,0.02893826524868827
2026-06-30,JBHT,0.02893826524868827
2026-06-30,JNJ,0.02893826524868827
2026-06-30,LRCX,0.02893826524868827
2026-06-30,MU,0.02893826524868827
2026-06-30,NFLX,-0.02893826524868827
2026-06-30,NOW,-0.02893826524868827
2026-06-30,PAYX,-0.02893826524868827
2026-06-30,PODD,-0.02893826524868827
2026-06-30,PWR,0.02893826524868827
2026-06-30,PYPL,-0.02893826524868827
2026-06-30,ROP,-0.02893826524868827
2026-06-30,ROST,0.02893826524868827
2026-06-30,STLD,0.02893826524868827
2026-06-30,STX,0.02893826524868827
2026-06-30,TER,0.02893826524868827
2026-06-30,TYL,-0.02893826524868827
2026-06-30,VLO,0.02893826524868827
2026-06-30,VRSK,-0.02893826524868827
2026-06-30,WDC,0.02893826524868827
2026-06-30,ZTS,-0.02893826524868827
