date,ticker,weight
2023-11-10,ACGL,0.125
2023-11-10,ADBE,0.125
2023-11-10,AES,-0.125
2023-11-10,AJG,0.125
2023-11-10,AMCR,-0.125
2023-11-10,AVGO,0.125
2023-11-10,BKNG,0.125
2023-11-10,BMY,-0.125
2023-11-10,CAG,-0.125
2023-11-10,CBOE,0.125
2023-11-10,CCI,-0.125
2023-11-10,CDNS,0.125
2023-11-10,CMCSA,0.125
2023-11-10,CME,0.125
2023-11-10,CPB,-0.125
2023-11-10,D,-0.125
2023-11-10,DG,-0.125
2023-11-10,DGX,-0.125
2023-11-10,ES,-0.125
2023-11-10,FDX,0.125
2023-11-10,FMC,-0.125
2023-11-10,GIS,-0.125
2023-11-10,GOOG,0.125
2023-11-10,GOOGL,0.125
2023-11-10,HRL,-0.125
2023-11-10,INCY,-0.125
2023-11-10,K,-0.125
2023-11-10,KDP,-0.125
2023-11-10,LLY,0.125
2023-11-10,META,0.125
2023-11-10,MNST,-0.125
2023-11-10,MSFT,0.125
2023-11-10,NEE,-0.125
2023-11-10,NVDA,0.125
2023-11-10,NVR,0.125
2023-11-10,O,-0.125
2023-11-10,ORCL,0.125
2023-11-10,PFE,-0.125
2023-11-10,PHM,0.125
2023-11-10,RMD,-0.125
2023-11-10,SNPS,0.125
2023-11-10,SRE,-0.125
2023-11-10,SYY,-0.125
2023-11-10,TDG,0.125
2023-11-10,TECH,-0.125
2023-11-10,TTWO,0.125
2023-11-10,VRSK,0.125
2023-11-10,WST,0.125
2023-11-17,ACGL,0.125
2023-11-17,ADBE,0.125
2023-11-17,AES,-0.125
2023-11-17,AJG,0.125
2023-11-17,AMCR,-0.125
2023-11-17,AVGO,0.125
2023-11-17,BKNG,0.125
2023-11-17,BMY,-0.125
2023-11-17,CAG,-0.125
2023-11-17,CBOE,0.125
2023-11-17,CCI,-0.125
2023-11-17,CDNS,0.125
2023-11-17,CME,0.125
2023-11-17,CPRT,-0.125
2023-11-17,DG,-0.125
2023-11-17,EL,-0.125
2023-11-17,ENPH,-0.125
2023-11-17,ES,-0.125
2023-11-17,FDX,0.125
2023-11-17,FMC,-0.125
2023-11-17,GOOG,0.125
2023-11-17,GOOGL,0.125
2023-11-17,HRL,-0.125
2023-11-17,INCY,-0.125
2023-11-17,K,-0.125
2023-11-17,LLY,0.125
2023-11-17,META,0.125
2023-11-17,MNST,-0.125
2023-11-17,MSFT,0.125
2023-11-17,NEE,-0.125
2023-11-17,NOW,0.125
2023-11-17,NVDA,0.125
2023-11-17,O,-0.125
2023-11-17,ORCL,0.125
2023-11-17,PEAK,-0.125
2023-11-17,PFE,-0.125
2023-11-17,PHM,0.125
2023-11-17,PNR,0.125
2023-11-17,SEDG,-0.125
2023-11-17,SNPS,0.125
2023-11-17,SRE,-0.125
2023-11-17,SYY,-0.125
2023-11-17,TDG,0.125
2023-11-17,TECH,-0.125
2023-11-17,TTWO,0.125
2023-11-17,VRSK,0.125
2023-11-17,WBA,-0.125
2023-11-17,WST,0.125
2023-11-24,A,-0.125
2023-11-24,ACGL,0.125
2023-11-24,ADBE,0.125
2023-11-24,AES,-0.125
2023-11-24,AJG,0.125
2023-11-24,AMCR,-0.125
2023-11-24,AVGO,0.125
2023-11-24,BKNG,0.125
2023-11-24,BMY,-0.125
2023-11-24,BRO,0.125
2023-11-24,CAG,-0.125
2023-11-24,CBOE,0.125
2023-11-24,CDNS,0.125
2023-11-24,CHD,0.125
2023-11-24,CME,0.125
2023-11-24,CPRT,-0.125
2023-11-24,CVS,-0.125
2023-11-24,DG,-0.125
2023-11-24,ENPH,-0.125
2023-11-24,ES,-0.125
2023-11-24,FDX,0.125
2023-11-24,FMC,-0.125
2023-11-24,HRL,-0.125
2023-11-24,INCY,-0.125
2023-11-24,K,-0.125
2023-11-24,LLY,0.125
2023-11-24,META,0.125
2023-11-24,MNST,-0.125
2023-11-24,MSFT,0.125
2023-11-24,MTD,-0.125
2023-11-24,NFLX,0.125
2023-11-24,NOW,0.125
2023-11-24,NVDA,0.125
2023-11-24,O,-0.125
2023-11-24,PEAK,-0.125
2023-11-24,PFE,-0.125
2023-11-24,PHM,0.125
2023-11-24,RCL,0.125
2023-11-24,SEDG,-0.125
2023-11-24,SNPS,0.125
2023-11-24,SRE,-0.125
2023-11-24,SYY,-0.125
2023-11-24,TDG,0.125
2023-11-24,TECH,-0.125
2023-11-24,TTWO,0.125
2023-11-24,VRSK,0.125
2023-11-24,WBA,-0.125
2023-11-24,WST,0.125
2023-12-01,A,-0.125
2023-12-01,ACGL,0.125
2023-12-01,ADBE,0.125
2023-12-01,AES,-0.125
2023-12-01,AIZ,0.125
2023-12-01,AJG,0.125
2023-12-01,AMCR,-0.125
2023-12-01,AMZN,0.125
2023-12-01,ANET,0.125
2023-12-01,AVGO,0.125
2023-12-01,BKNG,0.125
2023-12-01,BMY,-0.125
2023-12-01,BRO,0.125
2023-12-01,CAG,-0.125
2023-12-01,CBOE,0.125
2023-12-01,CDNS,0.125
2023-12-01,CME,0.125
2023-12-01,CPRT,-0.125
2023-12-01,CRM,0.125
2023-12-01,DG,-0.125
2023-12-01,EL,-0.125
2023-12-01,ENPH,-0.125
2023-12-01,ES,-0.125
2023-12-01,ETN,0.125
2023-12-01,FDX,0.125
2023-12-01,FMC,-0.125
2023-12-01,HRL,-0.125
2023-12-01,ILMN,-0.125
2023-12-01,INCY,-0.125
2023-12-01,K,-0.125
2023-12-01,LLY,0.125
2023-12-01,META,0.125
2023-12-01,MNST,-0.125
2023-12-01,MSFT,0.125
2023-12-01,MTD,-0.125
2023-12-01,NOW,0.125
2023-12-01,NVDA,0.125
2023-12-01,PEAK,-0.125
2023-12-01,PFE,-0.125
2023-12-01,PHM,0.125
2023-12-01,SEDG,-0.125
2023-12-01,SNPS,0.125
2023-12-01,SRE,-0.125
2023-12-01,SYY,-0.125
2023-12-01,TDG,0.125
2023-12-01,TTWO,0.125
2023-12-01,WAT,-0.125
2023-12-01,WBA,-0.125
2023-12-08,A,-0.10612167591522928
2023-12-08,ACGL,0.10612167591522928
2023-12-08,ADBE,0.10612167591522928
2023-12-08,AJG,0.10612167591522928
2023-12-08,AMCR,-0.10612167591522928
2023-12-08,AMZN,0.10612167591522928
2023-12-08,ANET,0.10612167591522928
2023-12-08,AVGO,0.10612167591522928
2023-12-08,BKNG,0.10612167591522928
2023-12-08,BMY,-0.10612167591522928
2023-12-08,BRO,0.10612167591522928
2023-12-08,CAG,-0.10612167591522928
2023-12-08,CBOE,0.10612167591522928
2023-12-08,CDNS,0.10612167591522928
2023-12-08,CPB,-0.10612167591522928
2023-12-08,CRM,0.10612167591522928
2023-12-08,CVS,-0.10612167591522928
2023-12-08,DG,-0.10612167591522928
2023-12-08,DHI,0.10612167591522928
2023-12-08,EL,-0.10612167591522928
2023-12-08,ENPH,-0.10612167591522928
2023-12-08,ES,-0.10612167591522928
2023-12-08,FDX,0.10612167591522928
2023-12-08,FMC,-0.10612167591522928
2023-12-08,GIS,-0.10612167591522928
2023-12-08,HRL,-0.10612167591522928
2023-12-08,ILMN,-0.10612167591522928
2023-12-08,INCY,-0.10612167591522928
2023-12-08,K,-0.10612167591522928
2023-12-08,LLY,0.10612167591522928
2023-12-08,META,0.10612167591522928
2023-12-08,MNST,-0.10612167591522928
2023-12-08,MSFT,0.10612167591522928
2023-12-08,MTD,-0.10612167591522928
2023-12-08,NOW,0.10612167591522928
2023-12-08,NVDA,0.10612167591522928
2023-12-08,PEAK,-0.10612167591522928
2023-12-08,PFE,-0.10612167591522928
2023-12-08,PHM,0.10612167591522928
2023-12-08,RCL,0.10612167591522928
2023-12-08,SEDG,-0.10612167591522928
2023-12-08,SJM,-0.10612167591522928
2023-12-08,SNPS,0.10612167591522928
2023-12-08,SRE,-0.10612167591522928
2023-12-08,TDG,0.10612167591522928
2023-12-08,TTWO,0.10612167591522928
2023-12-08,VRSK,0.10612167591522928
2023-12-08,WBA,-0.10612167591522928
2023-12-15,AAPL,0.09272029203800898
2023-12-15,ACGL,0.09272029203800898
2023-12-15,ADBE,0.09272029203800898
2023-12-15,AES,-0.09272029203800898
2023-12-15,AJG,0.09272029203800898
2023-12-15,AMCR,-0.09272029203800898
2023-12-15,AVGO,0.09272029203800898
2023-12-15,BKNG,0.09272029203800898
2023-12-15,BMY,-0.09272029203800898
2023-12-15,BRO,0.09272029203800898
2023-12-15,CAG,-0.09272029203800898
2023-12-15,CBOE,0.09272029203800898
2023-12-15,CDNS,0.09272029203800898
2023-12-15,CPB,-0.09272029203800898
2023-12-15,CRM,0.09272029203800898
2023-12-15,CVS,-0.09272029203800898
2023-12-15,DG,-0.09272029203800898
2023-12-15,EL,-0.09272029203800898
2023-12-15,ENPH,-0.09272029203800898
2023-12-15,ES,-0.09272029203800898
2023-12-15,FDX,0.09272029203800898
2023-12-15,FMC,-0.09272029203800898
2023-12-15,GE,0.09272029203800898
2023-12-15,GIS,-0.09272029203800898
2023-12-15,HRL,-0.09272029203800898
2023-12-15,ILMN,-0.09272029203800898
2023-12-15,INCY,-0.09272029203800898
2023-12-15,K,-0.09272029203800898
2023-12-15,LLY,0.09272029203800898
2023-12-15,META,0.09272029203800898
2023-12-15,MNST,-0.09272029203800898
2023-12-15,MRNA,-0.09272029203800898
2023-12-15,MSFT,0.09272029203800898
2023-12-15,NOW,0.09272029203800898
2023-12-15,NVDA,0.09272029203800898
2023-12-15,PEAK,-0.09272029203800898
2023-12-15,PFE,-0.09272029203800898
2023-12-15,PHM,0.09272029203800898
2023-12-15,RCL,0.09272029203800898
2023-12-15,ROP,0.09272029203800898
2023-12-15,SEDG,-0.09272029203800898
2023-12-15,SJM,-0.09272029203800898
2023-12-15,SNPS,0.09272029203800898
2023-12-15,SRE,-0.09272029203800898
2023-12-15,TDG,0.09272029203800898
2023-12-15,TTWO,0.09272029203800898
2023-12-15,VRSK,0.09272029203800898
2023-12-15,WBA,-0.09272029203800898
2023-12-22,AAPL,0.09141551709640168
2023-12-22,ADBE,0.09141551709640168
2023-12-22,AES,-0.09141551709640168
2023-12-22,AJG,0.09141551709640168
2023-12-22,AMCR,-0.09141551709640168
2023-12-22,AMD,0.09141551709640168
2023-12-22,AMZN,0.09141551709640168
2023-12-22,AVGO,0.09141551709640168
2023-12-22,BKNG,0.09141551709640168
2023-12-22,BMY,-0.09141551709640168
2023-12-22,BRO,0.09141551709640168
2023-12-22,CAG,-0.09141551709640168
2023-12-22,CBOE,0.09141551709640168
2023-12-22,CDNS,0.09141551709640168
2023-12-22,CPB,-0.09141551709640168
2023-12-22,CRM,0.09141551709640168
2023-12-22,CVS,-0.09141551709640168
2023-12-22,DG,-0.09141551709640168
2023-12-22,EL,-0.09141551709640168
2023-12-22,ENPH,-0.09141551709640168
2023-12-22,ES,-0.09141551709640168
2023-12-22,FMC,-0.09141551709640168
2023-12-22,GIS,-0.09141551709640168
2023-12-22,HRL,-0.09141551709640168
2023-12-22,ILMN,-0.09141551709640168
2023-12-22,INCY,-0.09141551709640168
2023-12-22,K,-0.09141551709640168
2023-12-22,LLY,0.09141551709640168
2023-12-22,LRCX,0.09141551709640168
2023-12-22,MAR,0.09141551709640168
2023-12-22,META,0.09141551709640168
2023-12-22,MNST,-0.09141551709640168
2023-12-22,MRNA,-0.09141551709640168
2023-12-22,MSFT,0.09141551709640168
2023-12-22,MTD,-0.09141551709640168
2023-12-22,NOW,0.09141551709640168
2023-12-22,NVDA,0.09141551709640168
2023-12-22,PEAK,-0.09141551709640168
2023-12-22,PFE,-0.09141551709640168
2023-12-22,PHM,0.09141551709640168
2023-12-22,RCL,0.09141551709640168
2023-12-22,SJM,-0.09141551709640168
2023-12-22,SNPS,0.09141551709640168
2023-12-22,SRE,-0.09141551709640168
2023-12-22,TDG,0.09141551709640168
2023-12-22,TTWO,0.09141551709640168
2023-12-22,VRSK,0.09141551709640168
2023-12-22,WBA,-0.09141551709640168
2023-12-29,AAPL,0.09043390468214457
2023-12-29,ADBE,0.09043390468214457
2023-12-29,AES,-0.09043390468214457
2023-12-29,AJG,0.09043390468214457
2023-12-29,AMCR,-0.09043390468214457
2023-12-29,AMZN,0.09043390468214457
2023-12-29,AVGO,0.09043390468214457
2023-12-29,BKNG,0.09043390468214457
2023-12-29,BMY,-0.09043390468214457
2023-12-29,CAG,-0.09043390468214457
2023-12-29,CBOE,0.09043390468214457
2023-12-29,CDNS,0.09043390468214457
2023-12-29,CMG,0.09043390468214457
2023-12-29,CPB,-0.09043390468214457
2023-12-29,CRM,0.09043390468214457
2023-12-29,CVS,-0.09043390468214457
2023-12-29,DG,-0.09043390468214457
2023-12-29,EL,-0.09043390468214457
2023-12-29,ENPH,-0.09043390468214457
2023-12-29,ES,-0.09043390468214457
2023-12-29,FDX,0.09043390468214457
2023-12-29,FMC,-0.09043390468214457
2023-12-29,GIS,-0.09043390468214457
2023-12-29,HRL,-0.09043390468214457
2023-12-29,ILMN,-0.09043390468214457
2023-12-29,INCY,-0.09043390468214457
2023-12-29,K,-0.09043390468214457
2023-12-29,LLY,0.09043390468214457
2023-12-29,LRCX,0.09043390468214457
2023-12-29,META,0.09043390468214457
2023-12-29,MNST,-0.09043390468214457
2023-12-29,MRNA,-0.09043390468214457
2023-12-29,MSFT,0.09043390468214457
2023-12-29,MTD,-0.09043390468214457
2023-12-29,NOW,0.09043390468214457
2023-12-29,NTAP,0.09043390468214457
2023-12-29,NVDA,0.09043390468214457
2023-12-29,PEAK,-0.09043390468214457
2023-12-29,PFE,-0.09043390468214457
2023-12-29,PHM,0.09043390468214457
2023-12-29,RCL,0.09043390468214457
2023-12-29,SJM,-0.09043390468214457
2023-12-29,SNPS,0.09043390468214457
2023-12-29,SRE,-0.09043390468214457
2023-12-29,TDG,0.09043390468214457
2023-12-29,TTWO,0.09043390468214457
2023-12-29,VRSK,0.09043390468214457
2023-12-29,WBA,-0.09043390468214457
2024-01-05,AAPL,0.08368426644673632
2024-01-05,ADBE,0.08368426644673632
2024-01-05,AMCR,-0.08368426644673632
2024-01-05,AMD,0.08368426644673632
2024-01-05,AMZN,0.08368426644673632
2024-01-05,ANET,0.08368426644673632
2024-01-05,AVGO,0.08368426644673632
2024-01-05,BMY,-0.08368426644673632
2024-01-05,BR,0.08368426644673632
2024-01-05,CAG,-0.08368426644673632
2024-01-05,CBOE,0.08368426644673632
2024-01-05,CDNS,0.08368426644673632
2024-01-05,CMG,0.08368426644673632
2024-01-05,COST,0.08368426644673632
2024-01-05,CPB,-0.08368426644673632
2024-01-05,CPRT,-0.08368426644673632
2024-01-05,CRM,0.08368426644673632
2024-01-05,CTVA,-0.08368426644673632
2024-01-05,DG,-0.08368426644673632
2024-01-05,EL,-0.08368426644673632
2024-01-05,ES,-0.08368426644673632
2024-01-05,FMC,-0.08368426644673632
2024-01-05,GE,0.08368426644673632
2024-01-05,GIS,-0.08368426644673632
2024-01-05,HRL,-0.08368426644673632
2024-01-05,ILMN,-0.08368426644673632
2024-01-05,INCY,-0.08368426644673632
2024-01-05,K,-0.08368426644673632
2024-01-05,LLY,0.08368426644673632
2024-01-05,META,0.08368426644673632
2024-01-05,MNST,-0.08368426644673632
2024-01-05,MRNA,-0.08368426644673632
2024-01-05,MSFT,0.08368426644673632
2024-01-05,MTD,-0.08368426644673632
2024-01-05,NEE,-0.08368426644673632
2024-01-05,NOW,0.08368426644673632
2024-01-05,NRG,0.08368426644673632
2024-01-05,NVDA,0.08368426644673632
2024-01-05,PEAK,-0.08368426644673632
2024-01-05,PFE,-0.08368426644673632
2024-01-05,PHM,0.08368426644673632
2024-01-05,RCL,0.08368426644673632
2024-01-05,SJM,-0.08368426644673632
2024-01-05,SNPS,0.08368426644673632
2024-01-05,SRE,-0.08368426644673632
2024-01-05,TDG,0.08368426644673632
2024-01-05,TSLA,0.08368426644673632
2024-01-05,WBA,-0.08368426644673632
2024-01-12,AAPL,0.05130477849388733
2024-01-12,ADBE,0.05130477849388733
2024-01-12,AMCR,-0.05130477849388733
2024-01-12,AMD,0.05130477849388733
2024-01-12,ANET,0.05130477849388733
2024-01-12,AVGO,0.05130477849388733
2024-01-12,BKNG,0.05130477849388733
2024-01-12,BMY,-0.05130477849388733
2024-01-12,CAG,-0.05130477849388733
2024-01-12,CBOE,0.05130477849388733
2024-01-12,CDNS,0.05130477849388733
2024-01-12,CPB,-0.05130477849388733
2024-01-12,CPRT,-0.05130477849388733
2024-01-12,CRM,0.05130477849388733
2024-01-12,CTVA,-0.05130477849388733
2024-01-12,DG,-0.05130477849388733
2024-01-12,DHI,0.05130477849388733
2024-01-12,DVN,-0.05130477849388733
2024-01-12,EL,-0.05130477849388733
2024-01-12,ES,-0.05130477849388733
2024-01-12,ETSY,-0.05130477849388733
2024-01-12,FDX,0.05130477849388733
2024-01-12,FMC,-0.05130477849388733
2024-01-12,GE,0.05130477849388733
2024-01-12,GIS,-0.05130477849388733
2024-01-12,HRL,-0.05130477849388733
2024-01-12,HSY,-0.05130477849388733
2024-01-12,K,-0.05130477849388733
2024-01-12,LEN,0.05130477849388733
2024-01-12,LKQ,-0.05130477849388733
2024-01-12,LLY,0.05130477849388733
2024-01-12,META,0.05130477849388733
2024-01-12,MNST,-0.05130477849388733
2024-01-12,MRNA,-0.05130477849388733
2024-01-12,MSFT,0.05130477849388733
2024-01-12,NEE,-0.05130477849388733
2024-01-12,NOW,0.05130477849388733
2024-01-12,NRG,0.05130477849388733
2024-01-12,NVDA,0.05130477849388733
2024-01-12,PEAK,-0.05130477849388733
2024-01-12,PFE,-0.05130477849388733
2024-01-12,PHM,0.05130477849388733
2024-01-12,RCL,0.05130477849388733
2024-01-12,RSG,0.05130477849388733
2024-01-12,SJM,-0.05130477849388733
2024-01-12,SNPS,0.05130477849388733
2024-01-12,SRE,-0.05130477849388733
2024-01-12,TTWO,0.05130477849388733
2024-01-19,AAPL,0.04590195882232767
2024-01-19,ADBE,0.04590195882232767
2024-01-19,AMCR,-0.04590195882232767
2024-01-19,AMD,0.04590195882232767
2024-01-19,ANET,0.04590195882232767
2024-01-19,AVGO,0.04590195882232767
2024-01-19,BMY,-0.04590195882232767
2024-01-19,CAG,-0.04590195882232767
2024-01-19,CBOE,0.04590195882232767
2024-01-19,CDNS,0.04590195882232767
2024-01-19,COST,0.04590195882232767
2024-01-19,CPB,-0.04590195882232767
2024-01-19,CPRT,-0.04590195882232767
2024-01-19,CRM,0.04590195882232767
2024-01-19,CTVA,-0.04590195882232767
2024-01-19,D,-0.04590195882232767
2024-01-19,DG,-0.04590195882232767
2024-01-19,DHI,0.04590195882232767
2024-01-19,DVN,-0.04590195882232767
2024-01-19,EL,-0.04590195882232767
2024-01-19,ES,-0.04590195882232767
2024-01-19,ETN,0.04590195882232767
2024-01-19,ETSY,-0.04590195882232767
2024-01-19,FMC,-0.04590195882232767
2024-01-19,GE,0.04590195882232767
2024-01-19,GIS,-0.04590195882232767
2024-01-19,HRL,-0.04590195882232767
2024-01-19,HSY,-0.04590195882232767
2024-01-19,INCY,-0.04590195882232767
2024-01-19,INTU,0.04590195882232767
2024-01-19,K,-0.04590195882232767
2024-01-19,LLY,0.04590195882232767
2024-01-19,META,0.04590195882232767
2024-01-19,MNST,-0.04590195882232767
2024-01-19,MRNA,-0.04590195882232767
2024-01-19,MSFT,0.04590195882232767
2024-01-19,NEE,-0.04590195882232767
2024-01-19,NOW,0.04590195882232767
2024-01-19,NRG,0.04590195882232767
2024-01-19,NVDA,0.04590195882232767
2024-01-19,PEAK,-0.04590195882232767
2024-01-19,PFE,-0.04590195882232767
2024-01-19,PHM,0.04590195882232767
2024-01-19,RCL,0.04590195882232767
2024-01-19,RSG,0.04590195882232767
2024-01-19,SNPS,0.04590195882232767
2024-01-19,SRE,-0.04590195882232767
2024-01-19,TTWO,0.04590195882232767
2024-01-26,ADBE,0.0434268711327368
2024-01-26,ALB,-0.0434268711327368
2024-01-26,AMCR,-0.0434268711327368
2024-01-26,AMD,0.0434268711327368
2024-01-26,ANET,0.0434268711327368
2024-01-26,AVGO,0.0434268711327368
2024-01-26,BIO,-0.0434268711327368
2024-01-26,BMY,-0.0434268711327368
2024-01-26,CAG,-0.0434268711327368
2024-01-26,CBOE,0.0434268711327368
2024-01-26,CDNS,0.0434268711327368
2024-01-26,COST,0.0434268711327368
2024-01-26,CPRT,-0.0434268711327368
2024-01-26,CRM,0.0434268711327368
2024-01-26,CTAS,0.0434268711327368
2024-01-26,CTVA,-0.0434268711327368
2024-01-26,CVX,-0.0434268711327368
2024-01-26,D,-0.0434268711327368
2024-01-26,DG,-0.0434268711327368
2024-01-26,DHI,0.0434268711327368
2024-01-26,DVN,-0.0434268711327368
2024-01-26,EL,-0.0434268711327368
2024-01-26,ES,-0.0434268711327368
2024-01-26,ETN,0.0434268711327368
2024-01-26,ETSY,-0.0434268711327368
2024-01-26,FMC,-0.0434268711327368
2024-01-26,GE,0.0434268711327368
2024-01-26,HRL,-0.0434268711327368
2024-01-26,HSY,-0.0434268711327368
2024-01-26,INCY,-0.0434268711327368
2024-01-26,INTU,0.0434268711327368
2024-01-26,K,-0.0434268711327368
2024-01-26,LLY,0.0434268711327368
2024-01-26,META,0.0434268711327368
2024-01-26,MNST,-0.0434268711327368
2024-01-26,MRNA,-0.0434268711327368
2024-01-26,MSFT,0.0434268711327368
2024-01-26,NRG,0.0434268711327368
2024-01-26,NVDA,0.0434268711327368
2024-01-26,PEAK,-0.0434268711327368
2024-01-26,PFE,-0.0434268711327368
2024-01-26,PHM,0.0434268711327368
2024-01-26,RCL,0.0434268711327368
2024-01-26,ROP,0.0434268711327368
2024-01-26,RSG,0.0434268711327368
2024-01-26,SRE,-0.0434268711327368
2024-01-26,TTWO,0.0434268711327368
2024-01-26,VRSK,0.0434268711327368
2024-02-02,ALB,-0.04320806241103173
2024-02-02,AMCR,-0.04320806241103173
2024-02-02,ANET,0.04320806241103173
2024-02-02,AVGO,0.04320806241103173
2024-02-02,BIO,-0.04320806241103173
2024-02-02,BKNG,0.04320806241103173
2024-02-02,BMY,-0.04320806241103173
2024-02-02,CAG,-0.04320806241103173
2024-02-02,CAH,0.04320806241103173
2024-02-02,CBOE,0.04320806241103173
2024-02-02,CEG,0.04320806241103173
2024-02-02,CPRT,-0.04320806241103173
2024-02-02,CTAS,0.04320806241103173
2024-02-02,CTVA,-0.04320806241103173
2024-02-02,DG,-0.04320806241103173
2024-02-02,DHI,0.04320806241103173
2024-02-02,EL,-0.04320806241103173
2024-02-02,ES,-0.04320806241103173
2024-02-02,ETN,0.04320806241103173
2024-02-02,ETSY,-0.04320806241103173
2024-02-02,FMC,-0.04320806241103173
2024-02-02,GE,0.04320806241103173
2024-02-02,HRL,-0.04320806241103173
2024-02-02,HSY,-0.04320806241103173
2024-02-02,ILMN,-0.04320806241103173
2024-02-02,LKQ,-0.04320806241103173
2024-02-02,LLY,0.04320806241103173
2024-02-02,MAA,-0.04320806241103173
2024-02-02,MCK,0.04320806241103173
2024-02-02,META,0.04320806241103173
2024-02-02,MNST,-0.04320806241103173
2024-02-02,MSFT,0.04320806241103173
2024-02-02,MTD,-0.04320806241103173
2024-02-02,NRG,0.04320806241103173
2024-02-02,NVDA,0.04320806241103173
2024-02-02,PEAK,-0.04320806241103173
2024-02-02,PFE,-0.04320806241103173
2024-02-02,PHM,0.04320806241103173
2024-02-02,PYPL,-0.04320806241103173
2024-02-02,RCL,0.04320806241103173
2024-02-02,ROP,0.04320806241103173
2024-02-02,RSG,0.04320806241103173
2024-02-02,SRE,-0.04320806241103173
2024-02-02,TDG,0.04320806241103173
2024-02-02,TTWO,0.04320806241103173
2024-02-02,VRSK,0.04320806241103173
2024-02-02,VRTX,0.04320806241103173
2024-02-02,WBA,-0.04320806241103173
2024-02-09,ADBE,0.039471806780709044
2024-02-09,AES,-0.039471806780709044
2024-02-09,ALB,-0.039471806780709044
2024-02-09,ANET,0.039471806780709044
2024-02-09,AVGO,0.039471806780709044
2024-02-09,BIO,-0.039471806780709044
2024-02-09,BMY,-0.039471806780709044
2024-02-09,BR,0.039471806780709044
2024-02-09,BWA,-0.039471806780709044
2024-02-09,CAG,-0.039471806780709044
2024-02-09,CBOE,0.039471806780709044
2024-02-09,COST,0.039471806780709044
2024-02-09,CPRT,-0.039471806780709044
2024-02-09,CTAS,0.039471806780709044
2024-02-09,CTVA,-0.039471806780709044
2024-02-09,DG,-0.039471806780709044
2024-02-09,DHI,0.039471806780709044
2024-02-09,EL,-0.039471806780709044
2024-02-09,ES,-0.039471806780709044
2024-02-09,ETSY,-0.039471806780709044
2024-02-09,FMC,-0.039471806780709044
2024-02-09,GE,0.039471806780709044
2024-02-09,GIS,-0.039471806780709044
2024-02-09,HRL,-0.039471806780709044
2024-02-09,HSY,-0.039471806780709044
2024-02-09,K,-0.039471806780709044
2024-02-09,LEN,0.039471806780709044
2024-02-09,LLY,0.039471806780709044
2024-02-09,MAA,-0.039471806780709044
2024-02-09,META,0.039471806780709044
2024-02-09,MNST,-0.039471806780709044
2024-02-09,MOS,-0.039471806780709044
2024-02-09,MSFT,0.039471806780709044
2024-02-09,MTD,-0.039471806780709044
2024-02-09,NOW,0.039471806780709044
2024-02-09,NRG,0.039471806780709044
2024-02-09,NVDA,0.039471806780709044
2024-02-09,NVR,0.039471806780709044
2024-02-09,PFE,-0.039471806780709044
2024-02-09,PHM,0.039471806780709044
2024-02-09,RCL,0.039471806780709044
2024-02-09,ROP,0.039471806780709044
2024-02-09,RSG,0.039471806780709044
2024-02-09,SRE,-0.039471806780709044
2024-02-09,TTWO,0.039471806780709044
2024-02-09,VRSK,0.039471806780709044
2024-02-09,VRTX,0.039471806780709044
2024-02-09,WBA,-0.039471806780709044
2024-02-16,ADBE,0.039328131533693814
2024-02-16,AEE,-0.039328131533693814
2024-02-16,AES,-0.039328131533693814
2024-02-16,AKAM,0.039328131533693814
2024-02-16,ALB,-0.039328131533693814
2024-02-16,AMD,0.039328131533693814
2024-02-16,ANET,0.039328131533693814
2024-02-16,APTV,-0.039328131533693814
2024-02-16,AVGO,0.039328131533693814
2024-02-16,BIO,-0.039328131533693814
2024-02-16,BMY,-0.039328131533693814
2024-02-16,BR,0.039328131533693814
2024-02-16,BRO,0.039328131533693814
2024-02-16,BWA,-0.039328131533693814
2024-02-16,CAG,-0.039328131533693814
2024-02-16,CBOE,0.039328131533693814
2024-02-16,COST,0.039328131533693814
2024-02-16,CPRT,-0.039328131533693814
2024-02-16,CRM,0.039328131533693814
2024-02-16,CTAS,0.039328131533693814
2024-02-16,CTVA,-0.039328131533693814
2024-02-16,DG,-0.039328131533693814
2024-02-16,EL,-0.039328131533693814
2024-02-16,ES,-0.039328131533693814
2024-02-16,ETSY,-0.039328131533693814
2024-02-16,FMC,-0.039328131533693814
2024-02-16,GE,0.039328131533693814
2024-02-16,GPC,-0.039328131533693814
2024-02-16,HRL,-0.039328131533693814
2024-02-16,HSY,-0.039328131533693814
2024-02-16,LLY,0.039328131533693814
2024-02-16,MAA,-0.039328131533693814
2024-02-16,META,0.039328131533693814
2024-02-16,MNST,-0.039328131533693814
2024-02-16,MOS,-0.039328131533693814
2024-02-16,MSFT,0.039328131533693814
2024-02-16,NOW,0.039328131533693814
2024-02-16,NRG,0.039328131533693814
2024-02-16,NVDA,0.039328131533693814
2024-02-16,PFE,-0.039328131533693814
2024-02-16,PHM,0.039328131533693814
2024-02-16,RCL,0.039328131533693814
2024-02-16,ROP,0.039328131533693814
2024-02-16,RSG,0.039328131533693814
2024-02-16,SRE,-0.039328131533693814
2024-02-16,VRSK,0.039328131533693814
2024-02-16,VRTX,0.039328131533693814
2024-02-16,WBA,-0.039328131533693814
2024-02-23,ADBE,0.0393955691680946
2024-02-23,ADM,-0.0393955691680946
2024-02-23,AES,-0.0393955691680946
2024-02-23,AKAM,0.0393955691680946
2024-02-23,ALB,-0.0393955691680946
2024-02-23,AMD,0.0393955691680946
2024-02-23,ANET,0.0393955691680946
2024-02-23,AVGO,0.0393955691680946
2024-02-23,BIO,-0.0393955691680946
2024-02-23,BMY,-0.0393955691680946
2024-02-23,BR,0.0393955691680946
2024-02-23,BRO,0.0393955691680946
2024-02-23,BWA,-0.0393955691680946
2024-02-23,CAG,-0.0393955691680946
2024-02-23,CBOE,0.0393955691680946
2024-02-23,COST,0.0393955691680946
2024-02-23,CPRT,-0.0393955691680946
2024-02-23,CRM,0.0393955691680946
2024-02-23,CTVA,-0.0393955691680946
2024-02-23,DG,-0.0393955691680946
2024-02-23,EL,-0.0393955691680946
2024-02-23,ES,-0.0393955691680946
2024-02-23,ETSY,-0.0393955691680946
2024-02-23,FMC,-0.0393955691680946
2024-02-23,GE,0.0393955691680946
2024-02-23,GIS,-0.0393955691680946
2024-02-23,HRL,-0.0393955691680946
2024-02-23,HSY,-0.0393955691680946
2024-02-23,HUM,-0.0393955691680946
2024-02-23,IBM,0.0393955691680946
2024-02-23,K,-0.0393955691680946
2024-02-23,LLY,0.0393955691680946
2024-02-23,LRCX,0.0393955691680946
2024-02-23,META,0.0393955691680946
2024-02-23,MNST,-0.0393955691680946
2024-02-23,MOS,-0.0393955691680946
2024-02-23,MSFT,0.0393955691680946
2024-02-23,NOW,0.0393955691680946
2024-02-23,NRG,0.0393955691680946
2024-02-23,NVDA,0.0393955691680946
2024-02-23,PFE,-0.0393955691680946
2024-02-23,PHM,0.0393955691680946
2024-02-23,ROP,0.0393955691680946
2024-02-23,RSG,0.0393955691680946
2024-02-23,SRE,-0.0393955691680946
2024-02-23,TTWO,0.0393955691680946
2024-02-23,VRSK,0.0393955691680946
2024-02-23,WBA,-0.0393955691680946
2024-03-01,ADBE,0.03955371517467899
2024-03-01,ADM,-0.03955371517467899
2024-03-01,AKAM,0.03955371517467899
2024-03-01,ALB,-0.03955371517467899
2024-03-01,AMD,0.03955371517467899
2024-03-01,ANET,0.03955371517467899
2024-03-01,AVGO,0.03955371517467899
2024-03-01,BIO,-0.03955371517467899
2024-03-01,BMY,-0.03955371517467899
2024-03-01,BRO,0.03955371517467899
2024-03-01,BWA,-0.03955371517467899
2024-03-01,CAG,-0.03955371517467899
2024-03-01,CBOE,0.03955371517467899
2024-03-01,CEG,0.03955371517467899
2024-03-01,CHRW,-0.03955371517467899
2024-03-01,CMG,0.03955371517467899
2024-03-01,COST,0.03955371517467899
2024-03-01,CPRT,-0.03955371517467899
2024-03-01,CTAS,0.03955371517467899
2024-03-01,DG,-0.03955371517467899
2024-03-01,EL,-0.03955371517467899
2024-03-01,ES,-0.03955371517467899
2024-03-01,ETSY,-0.03955371517467899
2024-03-01,FMC,-0.03955371517467899
2024-03-01,GE,0.03955371517467899
2024-03-01,GIS,-0.03955371517467899
2024-03-01,HRL,-0.03955371517467899
2024-03-01,HSY,-0.03955371517467899
2024-03-01,INCY,-0.03955371517467899
2024-03-01,LKQ,-0.03955371517467899
2024-03-01,LLY,0.03955371517467899
2024-03-01,META,0.03955371517467899
2024-03-01,MKTX,-0.03955371517467899
2024-03-01,MNST,-0.03955371517467899
2024-03-01,MOS,-0.03955371517467899
2024-03-01,MSFT,0.03955371517467899
2024-03-01,NFLX,0.03955371517467899
2024-03-01,NOW,0.03955371517467899
2024-03-01,NRG,0.03955371517467899
2024-03-01,NVDA,0.03955371517467899
2024-03-01,PFE,-0.03955371517467899
2024-03-01,PHM,0.03955371517467899
2024-03-01,PTC,0.03955371517467899
2024-03-01,ROP,0.03955371517467899
2024-03-01,RSG,0.03955371517467899
2024-03-01,SRE,-0.03955371517467899
2024-03-01,UPS,-0.03955371517467899
2024-03-01,VRTX,0.03955371517467899
2024-03-08,ADBE,0.04378433863015048
2024-03-08,ADM,-0.04378433863015048
2024-03-08,AES,-0.04378433863015048
2024-03-08,AKAM,0.04378433863015048
2024-03-08,ALB,-0.04378433863015048
2024-03-08,AMCR,-0.04378433863015048
2024-03-08,AMZN,0.04378433863015048
2024-03-08,APD,-0.04378433863015048
2024-03-08,AVGO,0.04378433863015048
2024-03-08,BIO,-0.04378433863015048
2024-03-08,BMY,-0.04378433863015048
2024-03-08,BRKB,0.04378433863015048
2024-03-08,BRO,0.04378433863015048
2024-03-08,BWA,-0.04378433863015048
2024-03-08,CAG,-0.04378433863015048
2024-03-08,CBOE,0.04378433863015048
2024-03-08,CEG,0.04378433863015048
2024-03-08,CHRW,-0.04378433863015048
2024-03-08,CMG,0.04378433863015048
2024-03-08,COST,0.04378433863015048
2024-03-08,CPB,-0.04378433863015048
2024-03-08,CPRT,-0.04378433863015048
2024-03-08,CTAS,0.04378433863015048
2024-03-08,DG,-0.04378433863015048
2024-03-08,EL,-0.04378433863015048
2024-03-08,ES,-0.04378433863015048
2024-03-08,FMC,-0.04378433863015048
2024-03-08,GE,0.04378433863015048
2024-03-08,GIS,-0.04378433863015048
2024-03-08,HRL,-0.04378433863015048
2024-03-08,HSY,-0.04378433863015048
2024-03-08,LLY,0.04378433863015048
2024-03-08,META,0.04378433863015048
2024-03-08,MKTX,-0.04378433863015048
2024-03-08,MNST,-0.04378433863015048
2024-03-08,MOS,-0.04378433863015048
2024-03-08,MSFT,0.04378433863015048
2024-03-08,NFLX,0.04378433863015048
2024-03-08,NOW,0.04378433863015048
2024-03-08,NRG,0.04378433863015048
2024-03-08,NVDA,0.04378433863015048
2024-03-08,NWS,0.04378433863015048
2024-03-08,PFE,-0.04378433863015048
2024-03-08,PHM,0.04378433863015048
2024-03-08,PTC,0.04378433863015048
2024-03-08,ROP,0.04378433863015048
2024-03-08,RSG,0.04378433863015048
2024-03-08,SRE,-0.04378433863015048
2024-03-15,AEE,-0.045548215516774404
2024-03-15,ALB,-0.045548215516774404
2024-03-15,AMCR,-0.045548215516774404
2024-03-15,AVGO,0.045548215516774404
2024-03-15,BIO,-0.045548215516774404
2024-03-15,BMY,-0.045548215516774404
2024-03-15,BRKB,0.045548215516774404
2024-03-15,BRO,0.045548215516774404
2024-03-15,BWA,-0.045548215516774404
2024-03-15,CAG,-0.045548215516774404
2024-03-15,CBOE,0.045548215516774404
2024-03-15,CEG,0.045548215516774404
2024-03-15,CHRW,-0.045548215516774404
2024-03-15,COST,0.045548215516774404
2024-03-15,CPB,-0.045548215516774404
2024-03-15,CPRT,-0.045548215516774404
2024-03-15,DG,-0.045548215516774404
2024-03-15,EL,-0.045548215516774404
2024-03-15,ES,-0.045548215516774404
2024-03-15,ETN,0.045548215516774404
2024-03-15,FMC,-0.045548215516774404
2024-03-15,GE,0.045548215516774404
2024-03-15,GIS,-0.045548215516774404
2024-03-15,HRL,-0.045548215516774404
2024-03-15,HSY,-0.045548215516774404
2024-03-15,HUM,-0.045548215516774404
2024-03-15,HWM,0.045548215516774404
2024-03-15,IR,0.045548215516774404
2024-03-15,LLY,0.045548215516774404
2024-03-15,META,0.045548215516774404
2024-03-15,MKTX,-0.045548215516774404
2024-03-15,MLM,0.045548215516774404
2024-03-15,MNST,-0.045548215516774404
2024-03-15,NFLX,0.045548215516774404
2024-03-15,NOW,0.045548215516774404
2024-03-15,NRG,0.045548215516774404
2024-03-15,NVDA,0.045548215516774404
2024-03-15,NWS,0.045548215516774404
2024-03-15,NWSA,0.045548215516774404
2024-03-15,PCAR,0.045548215516774404
2024-03-15,PFE,-0.045548215516774404
2024-03-15,PHM,0.045548215516774404
2024-03-15,PODD,-0.045548215516774404
2024-03-15,PTC,0.045548215516774404
2024-03-15,ROP,0.045548215516774404
2024-03-15,SRE,-0.045548215516774404
2024-03-15,TDG,0.045548215516774404
2024-03-15,UPS,-0.045548215516774404
2024-03-22,ALB,-0.04532620290366007
2024-03-22,AVGO,0.04532620290366007
2024-03-22,BMY,-0.04532620290366007
2024-03-22,BRKB,0.04532620290366007
2024-03-22,BRO,0.04532620290366007
2024-03-22,BWA,-0.04532620290366007
2024-03-22,CAG,-0.04532620290366007
2024-03-22,CBOE,0.04532620290366007
2024-03-22,CEG,0.04532620290366007
2024-03-22,CHRW,-0.04532620290366007
2024-03-22,COO,-0.04532620290366007
2024-03-22,COST,0.04532620290366007
2024-03-22,CPB,-0.04532620290366007
2024-03-22,CPRT,-0.04532620290366007
2024-03-22,DG,-0.04532620290366007
2024-03-22,EL,-0.04532620290366007
2024-03-22,ETN,0.04532620290366007
2024-03-22,ETSY,-0.04532620290366007
2024-03-22,FICO,0.04532620290366007
2024-03-22,FMC,-0.04532620290366007
2024-03-22,GE,0.04532620290366007
2024-03-22,GIS,-0.04532620290366007
2024-03-22,HRL,-0.04532620290366007
2024-03-22,HSY,-0.04532620290366007
2024-03-22,HWM,0.04532620290366007
2024-03-22,ILMN,-0.04532620290366007
2024-03-22,LLY,0.04532620290366007
2024-03-22,META,0.04532620290366007
2024-03-22,MKTX,-0.04532620290366007
2024-03-22,MLM,0.04532620290366007
2024-03-22,MNST,-0.04532620290366007
2024-03-22,NEM,-0.04532620290366007
2024-03-22,NOW,0.04532620290366007
2024-03-22,NRG,0.04532620290366007
2024-03-22,NVDA,0.04532620290366007
2024-03-22,NWS,0.04532620290366007
2024-03-22,NWSA,0.04532620290366007
2024-03-22,PARA,-0.04532620290366007
2024-03-22,PCAR,0.04532620290366007
2024-03-22,PFE,-0.04532620290366007
2024-03-22,PHM,0.04532620290366007
2024-03-22,PODD,-0.04532620290366007
2024-03-22,RCL,0.04532620290366007
2024-03-22,ROP,0.04532620290366007
2024-03-22,RSG,0.04532620290366007
2024-03-22,SRE,-0.04532620290366007
2024-03-22,TDG,0.04532620290366007
2024-03-22,WBA,-0.04532620290366007
2024-03-29,ADM,-0.04533409776838426
2024-03-29,AES,-0.04533409776838426
2024-03-29,AMCR,-0.04533409776838426
2024-03-29,AVGO,0.04533409776838426
2024-03-29,BIIB,-0.04533409776838426
2024-03-29,BMY,-0.04533409776838426
2024-03-29,BRKB,0.04533409776838426
2024-03-29,BRO,0.04533409776838426
2024-03-29,BWA,-0.04533409776838426
2024-03-29,CAG,-0.04533409776838426
2024-03-29,CBOE,0.04533409776838426
2024-03-29,CEG,0.04533409776838426
2024-03-29,CHRW,-0.04533409776838426
2024-03-29,COO,-0.04533409776838426
2024-03-29,COST,0.04533409776838426
2024-03-29,CPB,-0.04533409776838426
2024-03-29,CPRT,-0.04533409776838426
2024-03-29,EL,-0.04533409776838426
2024-03-29,ETN,0.04533409776838426
2024-03-29,FICO,0.04533409776838426
2024-03-29,FMC,-0.04533409776838426
2024-03-29,GE,0.04533409776838426
2024-03-29,GIS,-0.04533409776838426
2024-03-29,HLT,0.04533409776838426
2024-03-29,HSY,-0.04533409776838426
2024-03-29,HWM,0.04533409776838426
2024-03-29,LLY,0.04533409776838426
2024-03-29,MAR,0.04533409776838426
2024-03-29,META,0.04533409776838426
2024-03-29,MKTX,-0.04533409776838426
2024-03-29,MLM,0.04533409776838426
2024-03-29,NEM,-0.04533409776838426
2024-03-29,NOW,0.04533409776838426
2024-03-29,NRG,0.04533409776838426
2024-03-29,NVDA,0.04533409776838426
2024-03-29,NWS,0.04533409776838426
2024-03-29,NWSA,0.04533409776838426
2024-03-29,PFE,-0.04533409776838426
2024-03-29,PHM,0.04533409776838426
2024-03-29,PODD,-0.04533409776838426
2024-03-29,ROST,0.04533409776838426
2024-03-29,SHW,0.04533409776838426
2024-03-29,SJM,-0.04533409776838426
2024-03-29,SRE,-0.04533409776838426
2024-03-29,VMC,0.04533409776838426
2024-03-29,WBA,-0.04533409776838426
2024-03-29,WMT,-0.04533409776838426
2024-03-29,XEL,-0.04533409776838426
2024-04-05,AMD,0.049922269430813855
2024-04-05,AVGO,0.049922269430813855
2024-04-05,AWK,-0.049922269430813855
2024-04-05,BIIB,-0.049922269430813855
2024-04-05,BMY,-0.049922269430813855
2024-04-05,BRO,0.049922269430813855
2024-04-05,CAG,-0.049922269430813855
2024-04-05,CEG,0.049922269430813855
2024-04-05,COO,-0.049922269430813855
2024-04-05,COST,0.049922269430813855
2024-04-05,CPB,-0.049922269430813855
2024-04-05,CPRT,-0.049922269430813855
2024-04-05,ES,-0.049922269430813855
2024-04-05,ETN,0.049922269430813855
2024-04-05,FICO,0.049922269430813855
2024-04-05,FMC,-0.049922269430813855
2024-04-05,GE,0.049922269430813855
2024-04-05,GIS,-0.049922269430813855
2024-04-05,HSY,-0.049922269430813855
2024-04-05,HUM,-0.049922269430813855
2024-04-05,HWM,0.049922269430813855
2024-04-05,IR,0.049922269430813855
2024-04-05,JPM,0.049922269430813855
2024-04-05,K,-0.049922269430813855
2024-04-05,KDP,-0.049922269430813855
2024-04-05,KLAC,0.049922269430813855
2024-04-05,LLY,0.049922269430813855
2024-04-05,LRCX,0.049922269430813855
2024-04-05,META,0.049922269430813855
2024-04-05,MKTX,-0.049922269430813855
2024-04-05,MLM,0.049922269430813855
2024-04-05,NEM,-0.049922269430813855
2024-04-05,NRG,0.049922269430813855
2024-04-05,NVDA,0.049922269430813855
2024-04-05,PARA,-0.049922269430813855
2024-04-05,PCAR,0.049922269430813855
2024-04-05,PFE,-0.049922269430813855
2024-04-05,PHM,0.049922269430813855
2024-04-05,PODD,-0.049922269430813855
2024-04-05,RCL,0.049922269430813855
2024-04-05,SHW,0.049922269430813855
2024-04-05,SJM,-0.049922269430813855
2024-04-05,SRE,-0.049922269430813855
2024-04-05,TT,0.049922269430813855
2024-04-05,VMC,0.049922269430813855
2024-04-05,WBA,-0.049922269430813855
2024-04-05,WMT,-0.049922269430813855
2024-04-05,XEL,-0.049922269430813855
2024-04-12,AEE,-0.058373655024992185
2024-04-12,AES,-0.058373655024992185
2024-04-12,AIG,0.058373655024992185
2024-04-12,AVGO,0.058373655024992185
2024-04-12,AWK,-0.058373655024992185
2024-04-12,BIIB,-0.058373655024992185
2024-04-12,BMY,-0.058373655024992185
2024-04-12,BRO,0.058373655024992185
2024-04-12,BWA,-0.058373655024992185
2024-04-12,CAG,-0.058373655024992185
2024-04-12,CEG,0.058373655024992185
2024-04-12,COO,-0.058373655024992185
2024-04-12,COST,0.058373655024992185
2024-04-12,CPB,-0.058373655024992185
2024-04-12,CPRT,-0.058373655024992185
2024-04-12,ETN,0.058373655024992185
2024-04-12,FICO,0.058373655024992185
2024-04-12,FMC,-0.058373655024992185
2024-04-12,GE,0.058373655024992185
2024-04-12,GIS,-0.058373655024992185
2024-04-12,GWW,0.058373655024992185
2024-04-12,HIG,0.058373655024992185
2024-04-12,HSY,-0.058373655024992185
2024-04-12,HUM,-0.058373655024992185
2024-04-12,ILMN,-0.058373655024992185
2024-04-12,IR,0.058373655024992185
2024-04-12,JPM,0.058373655024992185
2024-04-12,K,-0.058373655024992185
2024-04-12,KLAC,0.058373655024992185
2024-04-12,LLY,0.058373655024992185
2024-04-12,META,0.058373655024992185
2024-04-12,MLM,0.058373655024992185
2024-04-12,MOS,-0.058373655024992185
2024-04-12,NEM,-0.058373655024992185
2024-04-12,NRG,0.058373655024992185
2024-04-12,NVDA,0.058373655024992185
2024-04-12,PCAR,0.058373655024992185
2024-04-12,PFE,-0.058373655024992185
2024-04-12,PH,0.058373655024992185
2024-04-12,PHM,0.058373655024992185
2024-04-12,PODD,-0.058373655024992185
2024-04-12,RCL,0.058373655024992185
2024-04-12,SRE,-0.058373655024992185
2024-04-12,TT,0.058373655024992185
2024-04-12,VMC,0.058373655024992185
2024-04-12,WBA,-0.058373655024992185
2024-04-12,WMT,-0.058373655024992185
2024-04-12,XEL,-0.058373655024992185
2024-04-19,AEE,-0.06075406193397321
2024-04-19,AES,-0.06075406193397321
2024-04-19,AIG,0.06075406193397321
2024-04-19,AVGO,0.06075406193397321
2024-04-19,AWK,-0.06075406193397321
2024-04-19,BIIB,-0.06075406193397321
2024-04-19,BMY,-0.06075406193397321
2024-04-19,BRO,0.06075406193397321
2024-04-19,BWA,-0.06075406193397321
2024-04-19,CAG,-0.06075406193397321
2024-04-19,CEG,0.06075406193397321
2024-04-19,CHRW,-0.06075406193397321
2024-04-19,COO,-0.06075406193397321
2024-04-19,COST,0.06075406193397321
2024-04-19,CPB,-0.06075406193397321
2024-04-19,CPRT,-0.06075406193397321
2024-04-19,EL,-0.06075406193397321
2024-04-19,ES,-0.06075406193397321
2024-04-19,ETN,0.06075406193397321
2024-04-19,FICO,0.06075406193397321
2024-04-19,FMC,-0.06075406193397321
2024-04-19,GE,0.06075406193397321
2024-04-19,GIS,-0.06075406193397321
2024-04-19,HIG,0.06075406193397321
2024-04-19,HSY,-0.06075406193397321
2024-04-19,HUM,-0.06075406193397321
2024-04-19,ILMN,-0.06075406193397321
2024-04-19,IR,0.06075406193397321
2024-04-19,KLAC,0.06075406193397321
2024-04-19,L,0.06075406193397321
2024-04-19,LLY,0.06075406193397321
2024-04-19,META,0.06075406193397321
2024-04-19,MLM,0.06075406193397321
2024-04-19,NRG,0.06075406193397321
2024-04-19,NVDA,0.06075406193397321
2024-04-19,PCAR,0.06075406193397321
2024-04-19,PFE,-0.06075406193397321
2024-04-19,PH,0.06075406193397321
2024-04-19,PHM,0.06075406193397321
2024-04-19,PODD,-0.06075406193397321
2024-04-19,RCL,0.06075406193397321
2024-04-19,RSG,0.06075406193397321
2024-04-19,SRE,-0.06075406193397321
2024-04-19,TT,0.06075406193397321
2024-04-19,VMC,0.06075406193397321
2024-04-19,WBA,-0.06075406193397321
2024-04-19,WMT,-0.06075406193397321
2024-04-19,XEL,-0.06075406193397321
2024-04-26,AEE,-0.06486721112067
2024-04-26,AIG,0.06486721112067
2024-04-26,AIZ,0.06486721112067
2024-04-26,APH,0.06486721112067
2024-04-26,AVGO,0.06486721112067
2024-04-26,AWK,-0.06486721112067
2024-04-26,BFB,-0.06486721112067
2024-04-26,BIIB,-0.06486721112067
2024-04-26,BMY,-0.06486721112067
2024-04-26,CAG,-0.06486721112067
2024-04-26,CEG,0.06486721112067
2024-04-26,CHRW,-0.06486721112067
2024-04-26,COO,-0.06486721112067
2024-04-26,CPB,-0.06486721112067
2024-04-26,CPRT,-0.06486721112067
2024-04-26,CTAS,0.06486721112067
2024-04-26,EL,-0.06486721112067
2024-04-26,ES,-0.06486721112067
2024-04-26,ETN,0.06486721112067
2024-04-26,FMC,-0.06486721112067
2024-04-26,GE,0.06486721112067
2024-04-26,GIS,-0.06486721112067
2024-04-26,HIG,0.06486721112067
2024-04-26,HLT,0.06486721112067
2024-04-26,HSY,-0.06486721112067
2024-04-26,HUM,-0.06486721112067
2024-04-26,IR,0.06486721112067
2024-04-26,L,0.06486721112067
2024-04-26,LLY,0.06486721112067
2024-04-26,META,0.06486721112067
2024-04-26,MLM,0.06486721112067
2024-04-26,NRG,0.06486721112067
2024-04-26,NVDA,0.06486721112067
2024-04-26,ODFL,-0.06486721112067
2024-04-26,PARA,-0.06486721112067
2024-04-26,PCAR,0.06486721112067
2024-04-26,PFE,-0.06486721112067
2024-04-26,PH,0.06486721112067
2024-04-26,PHM,0.06486721112067
2024-04-26,PODD,-0.06486721112067
2024-04-26,PTC,0.06486721112067
2024-04-26,RCL,0.06486721112067
2024-04-26,RSG,0.06486721112067
2024-04-26,SRE,-0.06486721112067
2024-04-26,VMC,0.06486721112067
2024-04-26,WBA,-0.06486721112067
2024-04-26,WMT,-0.06486721112067
2024-04-26,XEL,-0.06486721112067
2024-05-03,AEE,-0.06126200826975338
2024-05-03,AIG,0.06126200826975338
2024-05-03,ANET,0.06126200826975338
2024-05-03,APH,0.06126200826975338
2024-05-03,AVGO,0.06126200826975338
2024-05-03,AWK,-0.06126200826975338
2024-05-03,BIIB,-0.06126200826975338
2024-05-03,BMY,-0.06126200826975338
2024-05-03,CAG,-0.06126200826975338
2024-05-03,CEG,0.06126200826975338
2024-05-03,CHRW,-0.06126200826975338
2024-05-03,COO,-0.06126200826975338
2024-05-03,CPB,-0.06126200826975338
2024-05-03,CPRT,-0.06126200826975338
2024-05-03,ES,-0.06126200826975338
2024-05-03,ETN,0.06126200826975338
2024-05-03,FMC,-0.06126200826975338
2024-05-03,GIS,-0.06126200826975338
2024-05-03,HIG,0.06126200826975338
2024-05-03,HSY,-0.06126200826975338
2024-05-03,HUM,-0.06126200826975338
2024-05-03,IR,0.06126200826975338
2024-05-03,L,0.06126200826975338
2024-05-03,LDOS,0.06126200826975338
2024-05-03,MCK,0.06126200826975338
2024-05-03,META,0.06126200826975338
2024-05-03,MPC,0.06126200826975338
2024-05-03,NKE,-0.06126200826975338
2024-05-03,NOW,0.06126200826975338
2024-05-03,NRG,0.06126200826975338
2024-05-03,NVDA,0.06126200826975338
2024-05-03,ODFL,-0.06126200826975338
2024-05-03,PCAR,0.06126200826975338
2024-05-03,PFE,-0.06126200826975338
2024-05-03,PH,0.06126200826975338
2024-05-03,PODD,-0.06126200826975338
2024-05-03,PSX,0.06126200826975338
2024-05-03,SJM,-0.06126200826975338
2024-05-03,SRE,-0.06126200826975338
2024-05-03,TRGP,0.06126200826975338
2024-05-03,TT,0.06126200826975338
2024-05-03,URI,0.06126200826975338
2024-05-03,VRSN,-0.06126200826975338
2024-05-03,WAB,0.06126200826975338
2024-05-03,WBA,-0.06126200826975338
2024-05-03,WDC,0.06126200826975338
2024-05-03,WMT,-0.06126200826975338
2024-05-03,XEL,-0.06126200826975338
2024-05-10,AEE,-0.06342540989933357
2024-05-10,AIG,0.06342540989933357
2024-05-10,ANET,0.06342540989933357
2024-05-10,APH,0.06342540989933357
2024-05-10,AVGO,0.06342540989933357
2024-05-10,AWK,-0.06342540989933357
2024-05-10,BIIB,-0.06342540989933357
2024-05-10,BMY,-0.06342540989933357
2024-05-10,CAG,-0.06342540989933357
2024-05-10,CAT,0.06342540989933357
2024-05-10,CEG,0.06342540989933357
2024-05-10,CHRW,-0.06342540989933357
2024-05-10,COO,-0.06342540989933357
2024-05-10,CPB,-0.06342540989933357
2024-05-10,CPRT,-0.06342540989933357
2024-05-10,ETN,0.06342540989933357
2024-05-10,EVRG,-0.06342540989933357
2024-05-10,FMC,-0.06342540989933357
2024-05-10,GIS,-0.06342540989933357
2024-05-10,HIG,0.06342540989933357
2024-05-10,HLT,0.06342540989933357
2024-05-10,HSY,-0.06342540989933357
2024-05-10,HUM,-0.06342540989933357
2024-05-10,IR,0.06342540989933357
2024-05-10,K,-0.06342540989933357
2024-05-10,LDOS,0.06342540989933357
2024-05-10,META,0.06342540989933357
2024-05-10,MPC,0.06342540989933357
2024-05-10,MU,0.06342540989933357
2024-05-10,NOW,0.06342540989933357
2024-05-10,NRG,0.06342540989933357
2024-05-10,NVDA,0.06342540989933357
2024-05-10,ODFL,-0.06342540989933357
2024-05-10,PCAR,0.06342540989933357
2024-05-10,PEP,-0.06342540989933357
2024-05-10,PFE,-0.06342540989933357
2024-05-10,PH,0.06342540989933357
2024-05-10,SJM,-0.06342540989933357
2024-05-10,SRE,-0.06342540989933357
2024-05-10,TRGP,0.06342540989933357
2024-05-10,TT,0.06342540989933357
2024-05-10,URI,0.06342540989933357
2024-05-10,VRSN,-0.06342540989933357
2024-05-10,WAB,0.06342540989933357
2024-05-10,WBA,-0.06342540989933357
2024-05-10,WDC,0.06342540989933357
2024-05-10,WMT,-0.06342540989933357
2024-05-10,XEL,-0.06342540989933357
2024-05-17,AIG,0.06458158710307092
2024-05-17,ALB,-0.06458158710307092
2024-05-17,APH,0.06458158710307092
2024-05-17,AVGO,0.06458158710307092
2024-05-17,AWK,-0.06458158710307092
2024-05-17,BFB,-0.06458158710307092
2024-05-17,BIIB,-0.06458158710307092
2024-05-17,BMY,-0.06458158710307092
2024-05-17,BWA,-0.06458158710307092
2024-05-17,CAT,0.06458158710307092
2024-05-17,CEG,0.06458158710307092
2024-05-17,CHRW,-0.06458158710307092
2024-05-17,COO,-0.06458158710307092
2024-05-17,COST,0.06458158710307092
2024-05-17,CPRT,-0.06458158710307092
2024-05-17,CTAS,0.06458158710307092
2024-05-17,ETN,0.06458158710307092
2024-05-17,FMC,-0.06458158710307092
2024-05-17,GD,0.06458158710307092
2024-05-17,GIS,-0.06458158710307092
2024-05-17,HIG,0.06458158710307092
2024-05-17,HSY,-0.06458158710307092
2024-05-17,HUM,-0.06458158710307092
2024-05-17,ILMN,-0.06458158710307092
2024-05-17,IR,0.06458158710307092
2024-05-17,KMB,-0.06458158710307092
2024-05-17,LDOS,0.06458158710307092
2024-05-17,LLY,0.06458158710307092
2024-05-17,META,0.06458158710307092
2024-05-17,MPC,0.06458158710307092
2024-05-17,NRG,0.06458158710307092
2024-05-17,NVDA,0.06458158710307092
2024-05-17,ODFL,-0.06458158710307092
2024-05-17,PCAR,0.06458158710307092
2024-05-17,PFE,-0.06458158710307092
2024-05-17,PH,0.06458158710307092
2024-05-17,PODD,-0.06458158710307092
2024-05-17,RSG,0.06458158710307092
2024-05-17,SJM,-0.06458158710307092
2024-05-17,SRE,-0.06458158710307092
2024-05-17,TRGP,0.06458158710307092
2024-05-17,TT,0.06458158710307092
2024-05-17,VRSN,-0.06458158710307092
2024-05-17,WAB,0.06458158710307092
2024-05-17,WBA,-0.06458158710307092
2024-05-17,WMT,-0.06458158710307092
2024-05-17,WRK,0.06458158710307092
2024-05-17,XEL,-0.06458158710307092
2024-05-24,AIG,0.055292952679798
2024-05-24,ALB,-0.055292952679798
2024-05-24,ALL,0.055292952679798
2024-05-24,APH,0.055292952679798
2024-05-24,AWK,-0.055292952679798
2024-05-24,BFB,-0.055292952679798
2024-05-24,BIIB,-0.055292952679798
2024-05-24,BMY,-0.055292952679798
2024-05-24,BWA,-0.055292952679798
2024-05-24,CEG,0.055292952679798
2024-05-24,CHRW,-0.055292952679798
2024-05-24,COO,-0.055292952679798
2024-05-24,COST,0.055292952679798
2024-05-24,CPRT,-0.055292952679798
2024-05-24,CTAS,0.055292952679798
2024-05-24,DG,-0.055292952679798
2024-05-24,ETN,0.055292952679798
2024-05-24,FMC,-0.055292952679798
2024-05-24,GD,0.055292952679798
2024-05-24,GIS,-0.055292952679798
2024-05-24,HIG,0.055292952679798
2024-05-24,HLT,0.055292952679798
2024-05-24,HSY,-0.055292952679798
2024-05-24,HUM,-0.055292952679798
2024-05-24,ILMN,-0.055292952679798
2024-05-24,IR,0.055292952679798
2024-05-24,L,0.055292952679798
2024-05-24,LDOS,0.055292952679798
2024-05-24,LKQ,-0.055292952679798
2024-05-24,MPC,0.055292952679798
2024-05-24,NRG,0.055292952679798
2024-05-24,NVDA,0.055292952679798
2024-05-24,ODFL,-0.055292952679798
2024-05-24,PCAR,0.055292952679798
2024-05-24,PFE,-0.055292952679798
2024-05-24,PH,0.055292952679798
2024-05-24,PODD,-0.055292952679798
2024-05-24,RSG,0.055292952679798
2024-05-24,SJM,-0.055292952679798
2024-05-24,SRE,-0.055292952679798
2024-05-24,TDG,0.055292952679798
2024-05-24,TRGP,0.055292952679798
2024-05-24,TT,0.055292952679798
2024-05-24,URI,0.055292952679798
2024-05-24,VRSN,-0.055292952679798
2024-05-24,WAB,0.055292952679798
2024-05-24,WBA,-0.055292952679798
2024-05-24,WMT,-0.055292952679798
2024-05-31,AIG,0.05514351678377255
2024-05-31,ALL,0.05514351678377255
2024-05-31,APH,0.05514351678377255
2024-05-31,BFB,-0.05514351678377255
2024-05-31,BIIB,-0.05514351678377255
2024-05-31,BMY,-0.05514351678377255
2024-05-31,CEG,0.05514351678377255
2024-05-31,COO,-0.05514351678377255
2024-05-31,CPRT,-0.05514351678377255
2024-05-31,DPZ,0.05514351678377255
2024-05-31,ETN,0.05514351678377255
2024-05-31,FMC,-0.05514351678377255
2024-05-31,GD,0.05514351678377255
2024-05-31,GIS,-0.05514351678377255
2024-05-31,HIG,0.05514351678377255
2024-05-31,HSY,-0.05514351678377255
2024-05-31,HUM,-0.05514351678377255
2024-05-31,HWM,0.05514351678377255
2024-05-31,ILMN,-0.05514351678377255
2024-05-31,IPG,-0.05514351678377255
2024-05-31,IR,0.05514351678377255
2024-05-31,L,0.05514351678377255
2024-05-31,LDOS,0.05514351678377255
2024-05-31,LKQ,-0.05514351678377255
2024-05-31,LW,-0.05514351678377255
2024-05-31,MPC,0.05514351678377255
2024-05-31,NRG,0.05514351678377255
2024-05-31,NVDA,0.05514351678377255
2024-05-31,ODFL,-0.05514351678377255
2024-05-31,PAYC,-0.05514351678377255
2024-05-31,PFE,-0.05514351678377255
2024-05-31,PGR,0.05514351678377255
2024-05-31,PH,0.05514351678377255
2024-05-31,PODD,-0.05514351678377255
2024-05-31,RSG,0.05514351678377255
2024-05-31,SBUX,-0.05514351678377255
2024-05-31,SJM,-0.05514351678377255
2024-05-31,SRE,-0.05514351678377255
2024-05-31,TDG,0.05514351678377255
2024-05-31,TRGP,0.05514351678377255
2024-05-31,TT,0.05514351678377255
2024-05-31,URI,0.05514351678377255
2024-05-31,VRSN,-0.05514351678377255
2024-05-31,WAB,0.05514351678377255
2024-05-31,WBA,-0.05514351678377255
2024-05-31,WMT,-0.05514351678377255
2024-05-31,WRK,0.05514351678377255
2024-05-31,XEL,-0.05514351678377255
2024-06-07,AIG,0.04877997061301331
2024-06-07,ALL,0.04877997061301331
2024-06-07,APH,0.04877997061301331
2024-06-07,BFB,-0.04877997061301331
2024-06-07,BIIB,-0.04877997061301331
2024-06-07,BMY,-0.04877997061301331
2024-06-07,CEG,0.04877997061301331
2024-06-07,CMG,0.04877997061301331
2024-06-07,COO,-0.04877997061301331
2024-06-07,COST,0.04877997061301331
2024-06-07,CPRT,-0.04877997061301331
2024-06-07,CTAS,0.04877997061301331
2024-06-07,DPZ,0.04877997061301331
2024-06-07,ETN,0.04877997061301331
2024-06-07,FMC,-0.04877997061301331
2024-06-07,GD,0.04877997061301331
2024-06-07,GILD,-0.04877997061301331
2024-06-07,GIS,-0.04877997061301331
2024-06-07,HIG,0.04877997061301331
2024-06-07,HSY,-0.04877997061301331
2024-06-07,HUM,-0.04877997061301331
2024-06-07,HWM,0.04877997061301331
2024-06-07,ILMN,-0.04877997061301331
2024-06-07,IPG,-0.04877997061301331
2024-06-07,L,0.04877997061301331
2024-06-07,LDOS,0.04877997061301331
2024-06-07,LKQ,-0.04877997061301331
2024-06-07,MCK,0.04877997061301331
2024-06-07,NRG,0.04877997061301331
2024-06-07,NVDA,0.04877997061301331
2024-06-07,ODFL,-0.04877997061301331
2024-06-07,PAYC,-0.04877997061301331
2024-06-07,PFE,-0.04877997061301331
2024-06-07,PGR,0.04877997061301331
2024-06-07,PODD,-0.04877997061301331
2024-06-07,RSG,0.04877997061301331
2024-06-07,SBUX,-0.04877997061301331
2024-06-07,SJM,-0.04877997061301331
2024-06-07,SRE,-0.04877997061301331
2024-06-07,TDG,0.04877997061301331
2024-06-07,TRGP,0.04877997061301331
2024-06-07,TT,0.04877997061301331
2024-06-07,VRSN,-0.04877997061301331
2024-06-07,WAB,0.04877997061301331
2024-06-07,WBA,-0.04877997061301331
2024-06-07,WBD,-0.04877997061301331
2024-06-07,WMT,-0.04877997061301331
2024-06-07,WRK,0.04877997061301331
2024-06-14,AIG,0.047780692604547356
2024-06-14,ALB,-0.047780692604547356
2024-06-14,ALL,0.047780692604547356
2024-06-14,APH,0.047780692604547356
2024-06-14,BFB,-0.047780692604547356
2024-06-14,BIIB,-0.047780692604547356
2024-06-14,BMY,-0.047780692604547356
2024-06-14,BRO,0.047780692604547356
2024-06-14,CB,0.047780692604547356
2024-06-14,CEG,0.047780692604547356
2024-06-14,COO,-0.047780692604547356
2024-06-14,COST,0.047780692604547356
2024-06-14,CPRT,-0.047780692604547356
2024-06-14,EL,-0.047780692604547356
2024-06-14,ETN,0.047780692604547356
2024-06-14,ETSY,-0.047780692604547356
2024-06-14,FICO,0.047780692604547356
2024-06-14,FMC,-0.047780692604547356
2024-06-14,GD,0.047780692604547356
2024-06-14,GRMN,0.047780692604547356
2024-06-14,HIG,0.047780692604547356
2024-06-14,HLT,0.047780692604547356
2024-06-14,HSY,-0.047780692604547356
2024-06-14,HUM,-0.047780692604547356
2024-06-14,HWM,0.047780692604547356
2024-06-14,ILMN,-0.047780692604547356
2024-06-14,IPG,-0.047780692604547356
2024-06-14,L,0.047780692604547356
2024-06-14,LDOS,0.047780692604547356
2024-06-14,LKQ,-0.047780692604547356
2024-06-14,NRG,0.047780692604547356
2024-06-14,NVDA,0.047780692604547356
2024-06-14,ODFL,-0.047780692604547356
2024-06-14,PAYC,-0.047780692604547356
2024-06-14,PFE,-0.047780692604547356
2024-06-14,PGR,0.047780692604547356
2024-06-14,RSG,0.047780692604547356
2024-06-14,SBUX,-0.047780692604547356
2024-06-14,SJM,-0.047780692604547356
2024-06-14,SRE,-0.047780692604547356
2024-06-14,TRGP,0.047780692604547356
2024-06-14,TT,0.047780692604547356
2024-06-14,VRSN,-0.047780692604547356
2024-06-14,WAB,0.047780692604547356
2024-06-14,WBA,-0.047780692604547356
2024-06-14,WBD,-0.047780692604547356
2024-06-14,WMT,-0.047780692604547356
2024-06-14,WRK,0.047780692604547356
2024-06-21,AIG,0.047419892446164694
2024-06-21,ALB,-0.047419892446164694
2024-06-21,ALL,0.047419892446164694
2024-06-21,ANET,0.047419892446164694
2024-06-21,APH,0.047419892446164694
2024-06-21,BAX,-0.047419892446164694
2024-06-21,BFB,-0.047419892446164694
2024-06-21,BIIB,-0.047419892446164694
2024-06-21,BMY,-0.047419892446164694
2024-06-21,BRO,0.047419892446164694
2024-06-21,CB,0.047419892446164694
2024-06-21,CEG,0.047419892446164694
2024-06-21,COO,-0.047419892446164694
2024-06-21,COST,0.047419892446164694
2024-06-21,CPRT,-0.047419892446164694
2024-06-21,CTAS,0.047419892446164694
2024-06-21,EL,-0.047419892446164694
2024-06-21,ETN,0.047419892446164694
2024-06-21,FMC,-0.047419892446164694
2024-06-21,GD,0.047419892446164694
2024-06-21,GIS,-0.047419892446164694
2024-06-21,HIG,0.047419892446164694
2024-06-21,HLT,0.047419892446164694
2024-06-21,HSY,-0.047419892446164694
2024-06-21,HWM,0.047419892446164694
2024-06-21,ILMN,-0.047419892446164694
2024-06-21,IPG,-0.047419892446164694
2024-06-21,LDOS,0.047419892446164694
2024-06-21,LKQ,-0.047419892446164694
2024-06-21,LLY,0.047419892446164694
2024-06-21,MKC,-0.047419892446164694
2024-06-21,NRG,0.047419892446164694
2024-06-21,NVDA,0.047419892446164694
2024-06-21,ODFL,-0.047419892446164694
2024-06-21,PFE,-0.047419892446164694
2024-06-21,SBUX,-0.047419892446164694
2024-06-21,SJM,-0.047419892446164694
2024-06-21,SRE,-0.047419892446164694
2024-06-21,TAP,-0.047419892446164694
2024-06-21,TDG,0.047419892446164694
2024-06-21,TRGP,0.047419892446164694
2024-06-21,TT,0.047419892446164694
2024-06-21,VRSN,-0.047419892446164694
2024-06-21,WAB,0.047419892446164694
2024-06-21,WBA,-0.047419892446164694
2024-06-21,WDC,0.047419892446164694
2024-06-21,WMT,-0.047419892446164694
2024-06-21,WRK,0.047419892446164694
2024-06-28,AIG,0.048558940573625406
2024-06-28,ALL,0.048558940573625406
2024-06-28,ANET,0.048558940573625406
2024-06-28,AON,-0.048558940573625406
2024-06-28,APH,0.048558940573625406
2024-06-28,BAX,-0.048558940573625406
2024-06-28,BFB,-0.048558940573625406
2024-06-28,BIIB,-0.048558940573625406
2024-06-28,BMY,-0.048558940573625406
2024-06-28,CB,0.048558940573625406
2024-06-28,CEG,0.048558940573625406
2024-06-28,COO,-0.048558940573625406
2024-06-28,COST,0.048558940573625406
2024-06-28,CPRT,-0.048558940573625406
2024-06-28,EL,-0.048558940573625406
2024-06-28,ETN,0.048558940573625406
2024-06-28,FMC,-0.048558940573625406
2024-06-28,GD,0.048558940573625406
2024-06-28,GRMN,0.048558940573625406
2024-06-28,HIG,0.048558940573625406
2024-06-28,HSY,-0.048558940573625406
2024-06-28,HWM,0.048558940573625406
2024-06-28,LDOS,0.048558940573625406
2024-06-28,LH,-0.048558940573625406
2024-06-28,LKQ,-0.048558940573625406
2024-06-28,LLY,0.048558940573625406
2024-06-28,MCD,-0.048558940573625406
2024-06-28,MU,0.048558940573625406
2024-06-28,NRG,0.048558940573625406
2024-06-28,NVDA,0.048558940573625406
2024-06-28,ODFL,-0.048558940573625406
2024-06-28,PAYC,-0.048558940573625406
2024-06-28,PFE,-0.048558940573625406
2024-06-28,PGR,0.048558940573625406
2024-06-28,QCOM,0.048558940573625406
2024-06-28,SJM,-0.048558940573625406
2024-06-28,SRE,-0.048558940573625406
2024-06-28,TAP,-0.048558940573625406
2024-06-28,TRGP,0.048558940573625406
2024-06-28,TT,0.048558940573625406
2024-06-28,UPS,-0.048558940573625406
2024-06-28,VRSN,-0.048558940573625406
2024-06-28,WAB,0.048558940573625406
2024-06-28,WBA,-0.048558940573625406
2024-06-28,WDC,0.048558940573625406
2024-06-28,WMT,-0.048558940573625406
2024-06-28,WRK,0.048558940573625406
2024-06-28,ZBH,-0.048558940573625406
2024-07-05,AAL,-0.04835445415777957
2024-07-05,AIG,0.04835445415777957
2024-07-05,ALB,-0.04835445415777957
2024-07-05,ALL,0.04835445415777957
2024-07-05,APH,0.04835445415777957
2024-07-05,BAX,-0.04835445415777957
2024-07-05,BFB,-0.04835445415777957
2024-07-05,BMY,-0.04835445415777957
2024-07-05,BRO,0.04835445415777957
2024-07-05,CB,0.04835445415777957
2024-07-05,CEG,0.04835445415777957
2024-07-05,COO,-0.04835445415777957
2024-07-05,COST,0.04835445415777957
2024-07-05,CPRT,-0.04835445415777957
2024-07-05,EL,-0.04835445415777957
2024-07-05,FMC,-0.04835445415777957
2024-07-05,GD,0.04835445415777957
2024-07-05,HIG,0.04835445415777957
2024-07-05,HSY,-0.04835445415777957
2024-07-05,HWM,0.04835445415777957
2024-07-05,IPG,-0.04835445415777957
2024-07-05,LDOS,0.04835445415777957
2024-07-05,LKQ,-0.04835445415777957
2024-07-05,LLY,0.04835445415777957
2024-07-05,MCK,0.04835445415777957
2024-07-05,MU,0.04835445415777957
2024-07-05,NRG,0.04835445415777957
2024-07-05,NVDA,0.04835445415777957
2024-07-05,ODFL,-0.04835445415777957
2024-07-05,PAYC,-0.04835445415777957
2024-07-05,PFE,-0.04835445415777957
2024-07-05,PGR,0.04835445415777957
2024-07-05,QCOM,0.04835445415777957
2024-07-05,REGN,0.04835445415777957
2024-07-05,SJM,-0.04835445415777957
2024-07-05,SRE,-0.04835445415777957
2024-07-05,TAP,-0.04835445415777957
2024-07-05,TRGP,0.04835445415777957
2024-07-05,TT,0.04835445415777957
2024-07-05,UPS,-0.04835445415777957
2024-07-05,VRSN,-0.04835445415777957
2024-07-05,WAB,0.04835445415777957
2024-07-05,WBA,-0.04835445415777957
2024-07-05,WBD,-0.04835445415777957
2024-07-05,WDC,0.04835445415777957
2024-07-05,WMT,-0.04835445415777957
2024-07-05,WRK,0.04835445415777957
2024-07-05,ZBH,-0.04835445415777957
2024-07-12,AEE,-0.04905309867988879
2024-07-12,ALB,-0.04905309867988879
2024-07-12,ALL,0.04905309867988879
2024-07-12,BAX,-0.04905309867988879
2024-07-12,BFB,-0.04905309867988879
2024-07-12,BMY,-0.04905309867988879
2024-07-12,BRO,0.04905309867988879
2024-07-12,BSX,0.04905309867988879
2024-07-12,CB,0.04905309867988879
2024-07-12,CEG,0.04905309867988879
2024-07-12,CMG,0.04905309867988879
2024-07-12,COO,-0.04905309867988879
2024-07-12,COST,0.04905309867988879
2024-07-12,CPRT,-0.04905309867988879
2024-07-12,EL,-0.04905309867988879
2024-07-12,ETN,0.04905309867988879
2024-07-12,GD,0.04905309867988879
2024-07-12,HIG,0.04905309867988879
2024-07-12,HSY,-0.04905309867988879
2024-07-12,HWM,0.04905309867988879
2024-07-12,IPG,-0.04905309867988879
2024-07-12,KLAC,0.04905309867988879
2024-07-12,LDOS,0.04905309867988879
2024-07-12,LKQ,-0.04905309867988879
2024-07-12,LLY,0.04905309867988879
2024-07-12,MCK,0.04905309867988879
2024-07-12,MU,0.04905309867988879
2024-07-12,NRG,0.04905309867988879
2024-07-12,NVDA,-0.049053098679888794
2024-07-12,ODFL,-0.04905309867988879
2024-07-12,PAYC,-0.04905309867988879
2024-07-12,PFE,-0.04905309867988879
2024-07-12,PGR,0.04905309867988879
2024-07-12,QCOM,0.04905309867988879
2024-07-12,REGN,0.04905309867988879
2024-07-12,SJM,-0.04905309867988879
2024-07-12,SRE,-0.04905309867988879
2024-07-12,TAP,-0.04905309867988879
2024-07-12,TRGP,0.04905309867988879
2024-07-12,TT,0.04905309867988879
2024-07-12,UPS,-0.04905309867988879
2024-07-12,VRSN,-0.04905309867988879
2024-07-12,WBA,-0.04905309867988879
2024-07-12,WBD,-0.04905309867988879
2024-07-12,WDC,0.04905309867988879
2024-07-12,WMT,-0.04905309867988879
2024-07-12,WRK,0.04905309867988879
2024-07-12,ZBH,-0.04905309867988879
2024-07-19,AEE,-0.04184802770028208
2024-07-19,ALB,-0.04184802770028208
2024-07-19,ALL,0.04184802770028208
2024-07-19,AMAT,0.04184802770028208
2024-07-19,ANET,0.04184802770028208
2024-07-19,BAX,-0.04184802770028208
2024-07-19,BFB,-0.04184802770028208
2024-07-19,BMY,-0.04184802770028208
2024-07-19,BSX,0.04184802770028208
2024-07-19,CB,0.04184802770028208
2024-07-19,CEG,0.04184802770028208
2024-07-19,CMG,0.04184802770028208
2024-07-19,COO,-0.04184802770028208
2024-07-19,COST,0.04184802770028208
2024-07-19,CPRT,-0.04184802770028208
2024-07-19,EL,-0.04184802770028208
2024-07-19,GD,0.04184802770028208
2024-07-19,HIG,0.04184802770028208
2024-07-19,HLT,0.04184802770028208
2024-07-19,HSY,-0.04184802770028208
2024-07-19,IPG,-0.04184802770028208
2024-07-19,KLAC,0.04184802770028208
2024-07-19,LDOS,0.04184802770028208
2024-07-19,LKQ,-0.04184802770028208
2024-07-19,LLY,0.04184802770028208
2024-07-19,MCK,0.04184802770028208
2024-07-19,MOS,-0.04184802770028208
2024-07-19,MU,0.04184802770028208
2024-07-19,NRG,0.04184802770028208
2024-07-19,NVDA,-0.04184802770028208
2024-07-19,ODFL,-0.04184802770028208
2024-07-19,PAYC,-0.04184802770028208
2024-07-19,PFE,-0.04184802770028208
2024-07-19,PGR,0.04184802770028208
2024-07-19,QCOM,0.04184802770028208
2024-07-19,REGN,0.04184802770028208
2024-07-19,SJM,-0.04184802770028208
2024-07-19,SRE,-0.04184802770028208
2024-07-19,STX,0.04184802770028208
2024-07-19,TAP,-0.04184802770028208
2024-07-19,TRGP,0.04184802770028208
2024-07-19,TT,0.04184802770028208
2024-07-19,UPS,-0.04184802770028208
2024-07-19,WBA,-0.04184802770028208
2024-07-19,WBD,-0.04184802770028208
2024-07-19,WDC,0.04184802770028208
2024-07-19,WMT,-0.04184802770028208
2024-07-19,ZBH,-0.04184802770028208
2024-07-26,AEE,-0.04016381866284485
2024-07-26,ALB,-0.04016381866284485
2024-07-26,ANET,0.04016381866284485
2024-07-26,APH,-0.04016381866284485
2024-07-26,BFB,-0.04016381866284485
2024-07-26,BIO,-0.04016381866284485
2024-07-26,BMY,-0.04016381866284485
2024-07-26,BSX,0.04016381866284485
2024-07-26,CEG,0.04016381866284485
2024-07-26,CMG,-0.04016381866284485
2024-07-26,COO,-0.04016381866284485
2024-07-26,COST,0.04016381866284485
2024-07-26,CPRT,-0.04016381866284485
2024-07-26,CTAS,0.04016381866284485
2024-07-26,DLTR,-0.04016381866284485
2024-07-26,ETSY,-0.04016381866284485
2024-07-26,FICO,0.04016381866284485
2024-07-26,GD,0.04016381866284485
2024-07-26,HIG,0.04016381866284485
2024-07-26,HLT,0.04016381866284485
2024-07-26,HSY,-0.04016381866284485
2024-07-26,JNJ,-0.04016381866284485
2024-07-26,KLAC,0.04016381866284485
2024-07-26,LDOS,0.04016381866284485
2024-07-26,LKQ,-0.04016381866284485
2024-07-26,LLY,0.04016381866284485
2024-07-26,MCK,0.04016381866284485
2024-07-26,NRG,0.04016381866284485
2024-07-26,NTAP,0.04016381866284485
2024-07-26,NVDA,-0.04016381866284485
2024-07-26,NWS,0.04016381866284485
2024-07-26,NWSA,0.04016381866284485
2024-07-26,ODFL,-0.04016381866284485
2024-07-26,PAYC,-0.04016381866284485
2024-07-26,PFE,-0.04016381866284485
2024-07-26,PGR,0.04016381866284485
2024-07-26,REGN,0.04016381866284485
2024-07-26,RSG,0.04016381866284485
2024-07-26,SJM,-0.04016381866284485
2024-07-26,SRE,-0.04016381866284485
2024-07-26,TAP,-0.04016381866284485
2024-07-26,TRGP,0.04016381866284485
2024-07-26,TT,0.04016381866284485
2024-07-26,UPS,-0.04016381866284485
2024-07-26,WBA,-0.04016381866284485
2024-07-26,WDC,0.04016381866284485
2024-07-26,WM,0.04016381866284485
2024-07-26,WMT,-0.04016381866284485
2024-08-02,ALL,0.04105464008468619
2024-08-02,ANET,0.04105464008468619
2024-08-02,APH,-0.04105464008468619
2024-08-02,APTV,-0.04105464008468619
2024-08-02,BFB,-0.04105464008468619
2024-08-02,BIO,-0.04105464008468619
2024-08-02,BMY,-0.04105464008468619
2024-08-02,BSX,0.04105464008468619
2024-08-02,CEG,0.04105464008468619
2024-08-02,CMG,-0.04105464008468619
2024-08-02,COO,-0.04105464008468619
2024-08-02,COST,0.04105464008468619
2024-08-02,CPRT,-0.04105464008468619
2024-08-02,CTAS,0.04105464008468619
2024-08-02,DLTR,-0.04105464008468619
2024-08-02,EL,-0.04105464008468619
2024-08-02,FICO,0.04105464008468619
2024-08-02,HIG,0.04105464008468619
2024-08-02,HLT,0.04105464008468619
2024-08-02,HSY,-0.04105464008468619
2024-08-02,HWM,0.04105464008468619
2024-08-02,IRM,0.04105464008468619
2024-08-02,JNJ,-0.04105464008468619
2024-08-02,LDOS,0.04105464008468619
2024-08-02,LKQ,-0.04105464008468619
2024-08-02,LLY,0.04105464008468619
2024-08-02,MOS,-0.04105464008468619
2024-08-02,MSFT,0.04105464008468619
2024-08-02,MU,0.04105464008468619
2024-08-02,NRG,0.04105464008468619
2024-08-02,NTAP,0.04105464008468619
2024-08-02,NVDA,-0.04105464008468619
2024-08-02,ODFL,-0.04105464008468619
2024-08-02,PAYC,-0.04105464008468619
2024-08-02,PGR,0.04105464008468619
2024-08-02,RSG,0.04105464008468619
2024-08-02,SJM,-0.04105464008468619
2024-08-02,SRE,-0.04105464008468619
2024-08-02,TAP,-0.04105464008468619
2024-08-02,TMUS,0.04105464008468619
2024-08-02,TRGP,0.04105464008468619
2024-08-02,TT,0.04105464008468619
2024-08-02,UPS,-0.04105464008468619
2024-08-02,WBA,-0.04105464008468619
2024-08-02,WBD,-0.04105464008468619
2024-08-02,WDC,0.04105464008468619
2024-08-02,WM,0.04105464008468619
2024-08-02,WMT,-0.04105464008468619
2024-08-09,ALL,0.040071174830117504
2024-08-09,ANET,0.040071174830117504
2024-08-09,APA,-0.040071174830117504
2024-08-09,APH,-0.040071174830117504
2024-08-09,AVGO,0.040071174830117504
2024-08-09,BDX,-0.040071174830117504
2024-08-09,BFB,-0.040071174830117504
2024-08-09,BMY,-0.040071174830117504
2024-08-09,BSX,0.040071174830117504
2024-08-09,CEG,0.040071174830117504
2024-08-09,CMG,-0.040071174830117504
2024-08-09,COO,-0.040071174830117504
2024-08-09,COST,0.040071174830117504
2024-08-09,CPRT,-0.040071174830117504
2024-08-09,CTAS,0.040071174830117504
2024-08-09,EL,-0.040071174830117504
2024-08-09,FICO,0.040071174830117504
2024-08-09,GRMN,0.040071174830117504
2024-08-09,HIG,0.040071174830117504
2024-08-09,IRM,0.040071174830117504
2024-08-09,LDOS,0.040071174830117504
2024-08-09,LKQ,-0.040071174830117504
2024-08-09,LLY,0.040071174830117504
2024-08-09,LVS,-0.040071174830117504
2024-08-09,MOS,-0.040071174830117504
2024-08-09,MU,0.040071174830117504
2024-08-09,NKE,-0.040071174830117504
2024-08-09,NRG,0.040071174830117504
2024-08-09,NTAP,0.040071174830117504
2024-08-09,NVDA,-0.040071174830117504
2024-08-09,ODFL,-0.040071174830117504
2024-08-09,PAYC,-0.040071174830117504
2024-08-09,PGR,0.040071174830117504
2024-08-09,REGN,0.040071174830117504
2024-08-09,RSG,0.040071174830117504
2024-08-09,SBUX,-0.040071174830117504
2024-08-09,SJM,-0.040071174830117504
2024-08-09,SRE,-0.040071174830117504
2024-08-09,TAP,-0.040071174830117504
2024-08-09,TMUS,0.040071174830117504
2024-08-09,TRGP,0.040071174830117504
2024-08-09,TT,0.040071174830117504
2024-08-09,UPS,-0.040071174830117504
2024-08-09,WBA,-0.040071174830117504
2024-08-09,WBD,-0.040071174830117504
2024-08-09,WDC,0.040071174830117504
2024-08-09,WM,0.040071174830117504
2024-08-09,WMT,-0.040071174830117504
2024-08-16,AIG,0.04013310333139278
2024-08-16,ALB,-0.04013310333139278
2024-08-16,ALL,0.04013310333139278
2024-08-16,APA,-0.04013310333139278
2024-08-16,APH,-0.04013310333139278
2024-08-16,AVGO,-0.040133103331392785
2024-08-16,AXP,0.04013310333139278
2024-08-16,BDX,-0.04013310333139278
2024-08-16,BFB,-0.04013310333139278
2024-08-16,BK,0.04013310333139278
2024-08-16,BMY,-0.04013310333139278
2024-08-16,BSX,0.04013310333139278
2024-08-16,CL,0.04013310333139278
2024-08-16,CMG,-0.04013310333139278
2024-08-16,COO,-0.04013310333139278
2024-08-16,COST,0.04013310333139278
2024-08-16,CPRT,-0.04013310333139278
2024-08-16,CTAS,0.04013310333139278
2024-08-16,CZR,-0.04013310333139278
2024-08-16,DLTR,-0.04013310333139278
2024-08-16,EL,-0.04013310333139278
2024-08-16,FICO,0.04013310333139278
2024-08-16,GRMN,0.04013310333139278
2024-08-16,HIG,0.04013310333139278
2024-08-16,HLT,0.04013310333139278
2024-08-16,IRM,0.04013310333139278
2024-08-16,LDOS,0.04013310333139278
2024-08-16,LVS,-0.04013310333139278
2024-08-16,MOS,-0.04013310333139278
2024-08-16,MSI,0.04013310333139278
2024-08-16,NKE,-0.04013310333139278
2024-08-16,NRG,0.04013310333139278
2024-08-16,NTAP,0.04013310333139278
2024-08-16,NVDA,-0.04013310333139278
2024-08-16,ODFL,-0.04013310333139278
2024-08-16,PAYC,-0.04013310333139278
2024-08-16,PFE,-0.04013310333139278
2024-08-16,PGR,0.04013310333139278
2024-08-16,RSG,0.04013310333139278
2024-08-16,SBUX,-0.04013310333139278
2024-08-16,SRE,-0.04013310333139278
2024-08-16,TMUS,0.04013310333139278
2024-08-16,TRGP,0.04013310333139278
2024-08-16,TT,0.04013310333139278
2024-08-16,WAB,0.04013310333139278
2024-08-16,WBA,-0.04013310333139278
2024-08-16,WM,0.04013310333139278
2024-08-16,WMT,-0.04013310333139278
2024-08-23,ALB,-0.04520946965556725
2024-08-23,ALL,0.04520946965556725
2024-08-23,APH,-0.04520946965556725
2024-08-23,AVGO,-0.04520946965556725
2024-08-23,AXP,0.04520946965556725
2024-08-23,BDX,-0.04520946965556725
2024-08-23,BFB,-0.04520946965556725
2024-08-23,BK,0.04520946965556725
2024-08-23,BMY,-0.04520946965556725
2024-08-23,BRO,0.04520946965556725
2024-08-23,BSX,0.04520946965556725
2024-08-23,C,0.04520946965556725
2024-08-23,CMG,-0.04520946965556725
2024-08-23,COO,-0.04520946965556725
2024-08-23,COST,0.04520946965556725
2024-08-23,CSCO,-0.04520946965556725
2024-08-23,CTAS,0.04520946965556725
2024-08-23,CZR,-0.04520946965556725
2024-08-23,EL,-0.04520946965556725
2024-08-23,FICO,0.04520946965556725
2024-08-23,GRMN,0.04520946965556725
2024-08-23,GS,0.04520946965556725
2024-08-23,HIG,0.04520946965556725
2024-08-23,HLT,0.04520946965556725
2024-08-23,HWM,0.04520946965556725
2024-08-23,IRM,0.04520946965556725
2024-08-23,JPM,0.04520946965556725
2024-08-23,KVUE,-0.04520946965556725
2024-08-23,LDOS,0.04520946965556725
2024-08-23,LKQ,-0.04520946965556725
2024-08-23,LVS,-0.04520946965556725
2024-08-23,LW,-0.04520946965556725
2024-08-23,MCK,0.04520946965556725
2024-08-23,MOS,-0.04520946965556725
2024-08-23,NRG,0.04520946965556725
2024-08-23,NTAP,0.04520946965556725
2024-08-23,NVDA,-0.04520946965556725
2024-08-23,ODFL,-0.04520946965556725
2024-08-23,PGR,0.04520946965556725
2024-08-23,SBUX,-0.04520946965556725
2024-08-23,TMUS,0.04520946965556725
2024-08-23,TRGP,0.04520946965556725
2024-08-23,TT,0.04520946965556725
2024-08-23,UPS,-0.04520946965556725
2024-08-23,WBA,-0.04520946965556725
2024-08-23,WBD,-0.04520946965556725
2024-08-23,WMT,-0.04520946965556725
2024-08-23,WST,-0.04520946965556725
2024-08-30,ALB,-0.04561067458653623
2024-08-30,ALL,0.04561067458653623
2024-08-30,APA,-0.04561067458653623
2024-08-30,APH,-0.04561067458653623
2024-08-30,AVGO,-0.04561067458653623
2024-08-30,AXP,0.04561067458653623
2024-08-30,BDX,-0.04561067458653623
2024-08-30,BFB,-0.04561067458653623
2024-08-30,BIIB,-0.04561067458653623
2024-08-30,BK,0.04561067458653623
2024-08-30,BMY,-0.04561067458653623
2024-08-30,BRO,0.04561067458653623
2024-08-30,C,0.04561067458653623
2024-08-30,CB,0.04561067458653623
2024-08-30,CL,0.04561067458653623
2024-08-30,CMG,-0.04561067458653623
2024-08-30,COO,-0.04561067458653623
2024-08-30,COST,0.04561067458653623
2024-08-30,CSCO,-0.04561067458653623
2024-08-30,CTAS,0.04561067458653623
2024-08-30,EL,-0.04561067458653623
2024-08-30,FICO,0.04561067458653623
2024-08-30,GPN,-0.04561067458653623
2024-08-30,GRMN,0.04561067458653623
2024-08-30,GS,0.04561067458653623
2024-08-30,HIG,0.04561067458653623
2024-08-30,HWM,0.04561067458653623
2024-08-30,IRM,0.04561067458653623
2024-08-30,JPM,0.04561067458653623
2024-08-30,LDOS,0.04561067458653623
2024-08-30,LKQ,-0.04561067458653623
2024-08-30,LVS,-0.04561067458653623
2024-08-30,MCK,0.04561067458653623
2024-08-30,MOS,-0.04561067458653623
2024-08-30,NRG,0.04561067458653623
2024-08-30,NVDA,-0.04561067458653623
2024-08-30,ODFL,-0.04561067458653623
2024-08-30,PAYC,-0.04561067458653623
2024-08-30,PGR,0.04561067458653623
2024-08-30,RSG,0.04561067458653623
2024-08-30,SBUX,-0.04561067458653623
2024-08-30,TAP,-0.04561067458653623
2024-08-30,TMUS,0.04561067458653623
2024-08-30,TRGP,0.04561067458653623
2024-08-30,TT,0.04561067458653623
2024-08-30,UPS,-0.04561067458653623
2024-08-30,WBA,-0.04561067458653623
2024-08-30,WMT,-0.04561067458653623
2024-09-06,ALB,-0.050277547896408134
2024-09-06,ALL,0.050277547896408134
2024-09-06,APA,-0.050277547896408134
2024-09-06,APH,-0.050277547896408134
2024-09-06,APTV,-0.050277547896408134
2024-09-06,AVGO,-0.050277547896408134
2024-09-06,BFB,-0.050277547896408134
2024-09-06,BIIB,-0.050277547896408134
2024-09-06,BK,0.050277547896408134
2024-09-06,BMY,-0.050277547896408134
2024-09-06,BRO,0.050277547896408134
2024-09-06,CB,0.050277547896408134
2024-09-06,CL,0.050277547896408134
2024-09-06,CMG,-0.050277547896408134
2024-09-06,COO,-0.050277547896408134
2024-09-06,COST,0.050277547896408134
2024-09-06,CSCO,-0.050277547896408134
2024-09-06,CTAS,0.050277547896408134
2024-09-06,EL,-0.050277547896408134
2024-09-06,EQT,-0.050277547896408134
2024-09-06,FICO,0.050277547896408134
2024-09-06,GRMN,0.050277547896408134
2024-09-06,GS,0.050277547896408134
2024-09-06,HIG,0.050277547896408134
2024-09-06,HUM,-0.050277547896408134
2024-09-06,HWM,0.050277547896408134
2024-09-06,INTC,-0.050277547896408134
2024-09-06,IRM,0.050277547896408134
2024-09-06,JPM,0.050277547896408134
2024-09-06,LDOS,0.050277547896408134
2024-09-06,MOS,-0.050277547896408134
2024-09-06,MSI,0.050277547896408134
2024-09-06,NRG,0.050277547896408134
2024-09-06,NVDA,-0.050277547896408134
2024-09-06,ODFL,-0.050277547896408134
2024-09-06,PAYC,-0.050277547896408134
2024-09-06,PGR,0.050277547896408134
2024-09-06,RSG,0.050277547896408134
2024-09-06,SLB,-0.050277547896408134
2024-09-06,TAP,-0.050277547896408134
2024-09-06,TMUS,0.050277547896408134
2024-09-06,TRGP,0.050277547896408134
2024-09-06,TT,0.050277547896408134
2024-09-06,UHS,0.050277547896408134
2024-09-06,UPS,-0.050277547896408134
2024-09-06,WBA,-0.050277547896408134
2024-09-06,WELL,0.050277547896408134
2024-09-06,WMT,-0.050277547896408134
2024-09-13,ALB,-0.053232642386095375
2024-09-13,ALL,0.053232642386095375
2024-09-13,APA,-0.053232642386095375
2024-09-13,APH,-0.053232642386095375
2024-09-13,APTV,-0.053232642386095375
2024-09-13,AVGO,-0.053232642386095375
2024-09-13,BFB,-0.053232642386095375
2024-09-13,BIIB,-0.053232642386095375
2024-09-13,BK,0.053232642386095375
2024-09-13,BRO,0.053232642386095375
2024-09-13,BSX,0.053232642386095375
2024-09-13,CL,0.053232642386095375
2024-09-13,CMG,-0.053232642386095375
2024-09-13,COO,-0.053232642386095375
2024-09-13,COST,0.053232642386095375
2024-09-13,CTAS,0.053232642386095375
2024-09-13,EL,-0.053232642386095375
2024-09-13,EQT,-0.053232642386095375
2024-09-13,FICO,0.053232642386095375
2024-09-13,GRMN,0.053232642386095375
2024-09-13,HAL,-0.053232642386095375
2024-09-13,HIG,0.053232642386095375
2024-09-13,HUM,-0.053232642386095375
2024-09-13,HWM,0.053232642386095375
2024-09-13,INTC,-0.053232642386095375
2024-09-13,IRM,0.053232642386095375
2024-09-13,LDOS,0.053232642386095375
2024-09-13,MOS,-0.053232642386095375
2024-09-13,MSI,0.053232642386095375
2024-09-13,NRG,0.053232642386095375
2024-09-13,NVDA,-0.053232642386095375
2024-09-13,ODFL,-0.053232642386095375
2024-09-13,PAYC,-0.053232642386095375
2024-09-13,PGR,0.053232642386095375
2024-09-13,REGN,0.053232642386095375
2024-09-13,RSG,0.053232642386095375
2024-09-13,RTX,0.053232642386095375
2024-09-13,SLB,-0.053232642386095375
2024-09-13,TAP,-0.053232642386095375
2024-09-13,TMUS,0.053232642386095375
2024-09-13,TRGP,0.053232642386095375
2024-09-13,TT,0.053232642386095375
2024-09-13,UHS,0.053232642386095375
2024-09-13,WBA,-0.053232642386095375
2024-09-13,WBD,-0.053232642386095375
2024-09-13,WELL,0.053232642386095375
2024-09-13,WMT,-0.053232642386095375
2024-09-13,WYNN,-0.053232642386095375
2024-09-20,ADM,-0.05063427614605077
2024-09-20,ALB,-0.05063427614605077
2024-09-20,ALL,0.05063427614605077
2024-09-20,APA,-0.05063427614605077
2024-09-20,APH,-0.05063427614605077
2024-09-20,APTV,-0.05063427614605077
2024-09-20,AVGO,-0.05063427614605077
2024-09-20,BFB,-0.05063427614605077
2024-09-20,BIIB,-0.05063427614605077
2024-09-20,BK,0.05063427614605077
2024-09-20,BMY,-0.05063427614605077
2024-09-20,BRO,0.05063427614605077
2024-09-20,CL,0.05063427614605077
2024-09-20,CMG,-0.05063427614605077
2024-09-20,COO,-0.05063427614605077
2024-09-20,COST,0.05063427614605077
2024-09-20,CTAS,0.05063427614605077
2024-09-20,EL,-0.05063427614605077
2024-09-20,FI,0.05063427614605077
2024-09-20,FICO,0.05063427614605077
2024-09-20,GRMN,0.05063427614605077
2024-09-20,HAL,-0.05063427614605077
2024-09-20,HIG,0.05063427614605077
2024-09-20,HUM,-0.05063427614605077
2024-09-20,HWM,0.05063427614605077
2024-09-20,INTC,-0.05063427614605077
2024-09-20,IRM,0.05063427614605077
2024-09-20,LDOS,0.05063427614605077
2024-09-20,MOS,-0.05063427614605077
2024-09-20,MSI,0.05063427614605077
2024-09-20,NRG,0.05063427614605077
2024-09-20,NVDA,-0.05063427614605077
2024-09-20,ODFL,-0.05063427614605077
2024-09-20,PAYC,-0.05063427614605077
2024-09-20,PGR,0.05063427614605077
2024-09-20,REGN,0.05063427614605077
2024-09-20,RSG,0.05063427614605077
2024-09-20,RTX,0.05063427614605077
2024-09-20,SLB,-0.05063427614605077
2024-09-20,TAP,-0.05063427614605077
2024-09-20,TMUS,0.05063427614605077
2024-09-20,TRGP,0.05063427614605077
2024-09-20,TT,0.05063427614605077
2024-09-20,UHS,0.05063427614605077
2024-09-20,WAB,0.05063427614605077
2024-09-20,WBA,-0.05063427614605077
2024-09-20,WBD,-0.05063427614605077
2024-09-20,WMT,-0.05063427614605077
2024-09-27,ALB,-0.050648488298902464
2024-09-27,ALL,0.050648488298902464
2024-09-27,APA,-0.050648488298902464
2024-09-27,APH,-0.050648488298902464
2024-09-27,APTV,-0.050648488298902464
2024-09-27,AVGO,-0.050648488298902464
2024-09-27,AXP,0.050648488298902464
2024-09-27,BFB,-0.050648488298902464
2024-09-27,BIIB,-0.050648488298902464
2024-09-27,BK,0.050648488298902464
2024-09-27,BRO,0.050648488298902464
2024-09-27,BSX,0.050648488298902464
2024-09-27,CL,0.050648488298902464
2024-09-27,CMG,-0.050648488298902464
2024-09-27,COO,-0.050648488298902464
2024-09-27,COST,0.050648488298902464
2024-09-27,CTAS,0.050648488298902464
2024-09-27,EL,-0.050648488298902464
2024-09-27,FI,0.050648488298902464
2024-09-27,FICO,0.050648488298902464
2024-09-27,HAL,-0.050648488298902464
2024-09-27,HIG,0.050648488298902464
2024-09-27,HUM,-0.050648488298902464
2024-09-27,HWM,0.050648488298902464
2024-09-27,INTC,-0.050648488298902464
2024-09-27,IRM,0.050648488298902464
2024-09-27,LDOS,0.050648488298902464
2024-09-27,LW,-0.050648488298902464
2024-09-27,MOS,-0.050648488298902464
2024-09-27,MSI,0.050648488298902464
2024-09-27,NRG,0.050648488298902464
2024-09-27,NVDA,-0.050648488298902464
2024-09-27,ODFL,-0.050648488298902464
2024-09-27,PAYC,-0.050648488298902464
2024-09-27,PGR,0.050648488298902464
2024-09-27,RSG,0.050648488298902464
2024-09-27,RTX,0.050648488298902464
2024-09-27,SLB,-0.050648488298902464
2024-09-27,TAP,-0.050648488298902464
2024-09-27,TMUS,0.050648488298902464
2024-09-27,TRGP,0.050648488298902464
2024-09-27,TT,0.050648488298902464
2024-09-27,UHS,0.050648488298902464
2024-09-27,UPS,-0.050648488298902464
2024-09-27,WBA,-0.050648488298902464
2024-09-27,WELL,0.050648488298902464
2024-09-27,WMT,-0.050648488298902464
2024-09-27,WYNN,-0.050648488298902464
2024-10-04,ALB,-0.05198351313522568
2024-10-04,ALL,0.05198351313522568
2024-10-04,APA,-0.05198351313522568
2024-10-04,APH,-0.05198351313522568
2024-10-04,APTV,-0.05198351313522568
2024-10-04,AVGO,-0.05198351313522568
2024-10-04,BFB,-0.05198351313522568
2024-10-04,BIIB,-0.05198351313522568
2024-10-04,BK,0.05198351313522568
2024-10-04,BRO,0.05198351313522568
2024-10-04,BSX,0.05198351313522568
2024-10-04,CL,0.05198351313522568
2024-10-04,CMG,-0.05198351313522568
2024-10-04,COO,-0.05198351313522568
2024-10-04,COST,0.05198351313522568
2024-10-04,CTAS,0.05198351313522568
2024-10-04,DLTR,-0.05198351313522568
2024-10-04,EL,-0.05198351313522568
2024-10-04,EQT,-0.05198351313522568
2024-10-04,FI,0.05198351313522568
2024-10-04,FICO,0.05198351313522568
2024-10-04,GRMN,0.05198351313522568
2024-10-04,HAL,-0.05198351313522568
2024-10-04,HIG,0.05198351313522568
2024-10-04,HUM,-0.05198351313522568
2024-10-04,HWM,0.05198351313522568
2024-10-04,INTC,-0.05198351313522568
2024-10-04,IRM,0.05198351313522568
2024-10-04,LDOS,0.05198351313522568
2024-10-04,LW,-0.05198351313522568
2024-10-04,MOS,-0.05198351313522568
2024-10-04,MSI,0.05198351313522568
2024-10-04,NRG,0.05198351313522568
2024-10-04,NVDA,-0.05198351313522568
2024-10-04,ODFL,-0.05198351313522568
2024-10-04,PAYC,-0.05198351313522568
2024-10-04,PGR,0.05198351313522568
2024-10-04,RSG,0.05198351313522568
2024-10-04,RTX,0.05198351313522568
2024-10-04,SLB,-0.05198351313522568
2024-10-04,TMUS,0.05198351313522568
2024-10-04,TRGP,0.05198351313522568
2024-10-04,UHS,0.05198351313522568
2024-10-04,UPS,-0.05198351313522568
2024-10-04,WAB,0.05198351313522568
2024-10-04,WBA,-0.05198351313522568
2024-10-04,WELL,0.05198351313522568
2024-10-04,WMT,-0.05198351313522568
2024-10-11,ALB,-0.051175701313657895
2024-10-11,APA,-0.051175701313657895
2024-10-11,APH,-0.051175701313657895
2024-10-11,APTV,-0.051175701313657895
2024-10-11,AVGO,-0.051175701313657895
2024-10-11,BIIB,-0.051175701313657895
2024-10-11,BK,0.051175701313657895
2024-10-11,BRO,0.051175701313657895
2024-10-11,BSX,0.051175701313657895
2024-10-11,CL,0.051175701313657895
2024-10-11,CMG,-0.051175701313657895
2024-10-11,COO,-0.051175701313657895
2024-10-11,COST,0.051175701313657895
2024-10-11,CTAS,-0.051175701313657895
2024-10-11,CTRA,-0.051175701313657895
2024-10-11,DLTR,-0.051175701313657895
2024-10-11,DVA,0.051175701313657895
2024-10-11,ECL,0.051175701313657895
2024-10-11,EL,-0.051175701313657895
2024-10-11,EQT,-0.051175701313657895
2024-10-11,FI,0.051175701313657895
2024-10-11,FICO,0.051175701313657895
2024-10-11,HAL,-0.051175701313657895
2024-10-11,HIG,0.051175701313657895
2024-10-11,HUM,-0.051175701313657895
2024-10-11,HWM,0.051175701313657895
2024-10-11,INTC,-0.051175701313657895
2024-10-11,IRM,0.051175701313657895
2024-10-11,ISRG,0.051175701313657895
2024-10-11,LDOS,0.051175701313657895
2024-10-11,LKQ,-0.051175701313657895
2024-10-11,MOS,-0.051175701313657895
2024-10-11,NFLX,0.051175701313657895
2024-10-11,NRG,0.051175701313657895
2024-10-11,NVDA,-0.051175701313657895
2024-10-11,ODFL,-0.051175701313657895
2024-10-11,OXY,-0.051175701313657895
2024-10-11,PGR,0.051175701313657895
2024-10-11,RTX,0.051175701313657895
2024-10-11,SLB,-0.051175701313657895
2024-10-11,TMUS,0.051175701313657895
2024-10-11,TRGP,0.051175701313657895
2024-10-11,TT,0.051175701313657895
2024-10-11,UHS,0.051175701313657895
2024-10-11,WAB,0.051175701313657895
2024-10-11,WBA,-0.051175701313657895
2024-10-11,WELL,0.051175701313657895
2024-10-11,WMT,-0.051175701313657895
2024-10-18,ALB,-0.0556924261566883
2024-10-18,APA,-0.0556924261566883
2024-10-18,APH,-0.0556924261566883
2024-10-18,AVGO,-0.0556924261566883
2024-10-18,AXP,0.0556924261566883
2024-10-18,BIIB,-0.0556924261566883
2024-10-18,BK,0.0556924261566883
2024-10-18,BRO,0.0556924261566883
2024-10-18,BSX,0.0556924261566883
2024-10-18,CMG,-0.0556924261566883
2024-10-18,COO,-0.0556924261566883
2024-10-18,COST,0.0556924261566883
2024-10-18,CTAS,-0.0556924261566883
2024-10-18,CTRA,-0.0556924261566883
2024-10-18,DLTR,-0.0556924261566883
2024-10-18,ECL,0.0556924261566883
2024-10-18,EL,-0.0556924261566883
2024-10-18,FI,0.0556924261566883
2024-10-18,FICO,0.0556924261566883
2024-10-18,GS,0.0556924261566883
2024-10-18,HAL,-0.0556924261566883
2024-10-18,HIG,0.0556924261566883
2024-10-18,HUM,-0.0556924261566883
2024-10-18,HWM,0.0556924261566883
2024-10-18,INTC,-0.0556924261566883
2024-10-18,IRM,0.0556924261566883
2024-10-18,LDOS,0.0556924261566883
2024-10-18,LULU,-0.0556924261566883
2024-10-18,MOS,-0.0556924261566883
2024-10-18,MSI,0.0556924261566883
2024-10-18,NRG,0.0556924261566883
2024-10-18,NVDA,-0.0556924261566883
2024-10-18,NVR,0.0556924261566883
2024-10-18,ODFL,-0.0556924261566883
2024-10-18,OXY,-0.0556924261566883
2024-10-18,PAYC,-0.0556924261566883
2024-10-18,PHM,0.0556924261566883
2024-10-18,RCL,0.0556924261566883
2024-10-18,RTX,0.0556924261566883
2024-10-18,SLB,-0.0556924261566883
2024-10-18,TMUS,0.0556924261566883
2024-10-18,TRGP,0.0556924261566883
2024-10-18,TT,0.0556924261566883
2024-10-18,UHS,0.0556924261566883
2024-10-18,VRSN,-0.0556924261566883
2024-10-18,WAB,0.0556924261566883
2024-10-18,WBA,-0.0556924261566883
2024-10-18,WMT,-0.0556924261566883
2024-10-25,APA,-0.056855352633973275
2024-10-25,APH,-0.056855352633973275
2024-10-25,AVGO,-0.056855352633973275
2024-10-25,AXP,0.056855352633973275
2024-10-25,BFB,-0.056855352633973275
2024-10-25,BIIB,-0.056855352633973275
2024-10-25,BK,0.056855352633973275
2024-10-25,BRO,0.056855352633973275
2024-10-25,BSX,0.056855352633973275
2024-10-25,CMG,-0.056855352633973275
2024-10-25,COO,-0.056855352633973275
2024-10-25,COST,0.056855352633973275
2024-10-25,CTAS,-0.056855352633973275
2024-10-25,CTRA,-0.056855352633973275
2024-10-25,DG,-0.056855352633973275
2024-10-25,DLTR,-0.056855352633973275
2024-10-25,DVN,-0.056855352633973275
2024-10-25,EBAY,0.056855352633973275
2024-10-25,ECL,0.056855352633973275
2024-10-25,FI,0.056855352633973275
2024-10-25,FICO,0.056855352633973275
2024-10-25,FIS,0.056855352633973275
2024-10-25,HAL,-0.056855352633973275
2024-10-25,HIG,0.056855352633973275
2024-10-25,HLT,0.056855352633973275
2024-10-25,HUM,-0.056855352633973275
2024-10-25,HWM,0.056855352633973275
2024-10-25,IRM,0.056855352633973275
2024-10-25,ISRG,0.056855352633973275
2024-10-25,LDOS,0.056855352633973275
2024-10-25,LULU,-0.056855352633973275
2024-10-25,MOS,-0.056855352633973275
2024-10-25,MSI,0.056855352633973275
2024-10-25,NRG,0.056855352633973275
2024-10-25,NVDA,-0.056855352633973275
2024-10-25,NVR,0.056855352633973275
2024-10-25,ODFL,-0.056855352633973275
2024-10-25,OXY,-0.056855352633973275
2024-10-25,PAYC,-0.056855352633973275
2024-10-25,RCL,0.056855352633973275
2024-10-25,SLB,-0.056855352633973275
2024-10-25,TT,0.056855352633973275
2024-10-25,UHS,0.056855352633973275
2024-10-25,WAB,0.056855352633973275
2024-10-25,WBA,-0.056855352633973275
2024-10-25,WELL,0.056855352633973275
2024-10-25,WMT,-0.056855352633973275
2024-10-25,WRB,-0.056855352633973275
2024-11-01,APA,-0.05775242351535431
2024-11-01,APH,-0.05775242351535431
2024-11-01,AVGO,-0.05775242351535431
2024-11-01,AXP,0.05775242351535431
2024-11-01,BA,-0.05775242351535431
2024-11-01,BFB,-0.05775242351535431
2024-11-01,BIIB,-0.05775242351535431
2024-11-01,BK,0.05775242351535431
2024-11-01,BRO,0.05775242351535431
2024-11-01,BSX,0.05775242351535431
2024-11-01,CMG,-0.05775242351535431
2024-11-01,COO,-0.05775242351535431
2024-11-01,CTAS,-0.05775242351535431
2024-11-01,DG,-0.05775242351535431
2024-11-01,DLTR,-0.05775242351535431
2024-11-01,DXCM,-0.05775242351535431
2024-11-01,EBAY,0.05775242351535431
2024-11-01,ECL,0.05775242351535431
2024-11-01,FI,0.05775242351535431
2024-11-01,FICO,0.05775242351535431
2024-11-01,FIS,0.05775242351535431
2024-11-01,HAL,-0.05775242351535431
2024-11-01,HIG,0.05775242351535431
2024-11-01,HLT,0.05775242351535431
2024-11-01,HUM,-0.05775242351535431
2024-11-01,HWM,0.05775242351535431
2024-11-01,INTC,-0.05775242351535431
2024-11-01,IRM,0.05775242351535431
2024-11-01,LDOS,0.05775242351535431
2024-11-01,LRCX,-0.05775242351535431
2024-11-01,LULU,-0.05775242351535431
2024-11-01,MOS,-0.05775242351535431
2024-11-01,MSI,0.05775242351535431
2024-11-01,NRG,0.05775242351535431
2024-11-01,NVDA,-0.05775242351535431
2024-11-01,NVR,0.05775242351535431
2024-11-01,ODFL,-0.05775242351535431
2024-11-01,RCL,0.05775242351535431
2024-11-01,SLB,-0.05775242351535431
2024-11-01,TMUS,0.05775242351535431
2024-11-01,TRGP,0.05775242351535431
2024-11-01,TT,0.05775242351535431
2024-11-01,VLTO,0.05775242351535431
2024-11-01,WAB,0.05775242351535431
2024-11-01,WBA,-0.05775242351535431
2024-11-01,WELL,0.05775242351535431
2024-11-01,WMT,-0.05775242351535431
2024-11-01,WRB,-0.05775242351535431
2024-11-08,ADM,-0.05896023140998549
2024-11-08,APA,-0.05896023140998549
2024-11-08,APH,-0.05896023140998549
2024-11-08,AVGO,-0.05896023140998549
2024-11-08,AXP,0.05896023140998549
2024-11-08,BA,-0.05896023140998549
2024-11-08,BFB,-0.05896023140998549
2024-11-08,BIIB,-0.05896023140998549
2024-11-08,BK,0.05896023140998549
2024-11-08,BRO,0.05896023140998549
2024-11-08,BSX,0.05896023140998549
2024-11-08,CMG,-0.05896023140998549
2024-11-08,COO,-0.05896023140998549
2024-11-08,COST,0.05896023140998549
2024-11-08,CTAS,-0.05896023140998549
2024-11-08,DG,-0.05896023140998549
2024-11-08,DLTR,-0.05896023140998549
2024-11-08,DVA,0.05896023140998549
2024-11-08,EBAY,0.05896023140998549
2024-11-08,FI,0.05896023140998549
2024-11-08,FICO,0.05896023140998549
2024-11-08,FIS,0.05896023140998549
2024-11-08,HAL,-0.05896023140998549
2024-11-08,HIG,0.05896023140998549
2024-11-08,HUM,-0.05896023140998549
2024-11-08,HWM,0.05896023140998549
2024-11-08,INTC,-0.05896023140998549
2024-11-08,IRM,0.05896023140998549
2024-11-08,ISRG,0.05896023140998549
2024-11-08,KMI,0.05896023140998549
2024-11-08,LDOS,0.05896023140998549
2024-11-08,LRCX,-0.05896023140998549
2024-11-08,LULU,-0.05896023140998549
2024-11-08,MOS,-0.05896023140998549
2024-11-08,MSI,0.05896023140998549
2024-11-08,NKE,-0.05896023140998549
2024-11-08,NRG,0.05896023140998549
2024-11-08,NVDA,-0.05896023140998549
2024-11-08,ODFL,-0.05896023140998549
2024-11-08,RCL,0.05896023140998549
2024-11-08,TMUS,0.05896023140998549
2024-11-08,TRGP,0.05896023140998549
2024-11-08,TT,0.05896023140998549
2024-11-08,VLTO,0.05896023140998549
2024-11-08,WAB,0.05896023140998549
2024-11-08,WBA,-0.05896023140998549
2024-11-08,WMT,-0.05896023140998549
2024-11-08,WRB,-0.05896023140998549
2024-11-15,APA,-0.05881687250909555
2024-11-15,APH,-0.05881687250909555
2024-11-15,AVGO,-0.05881687250909555
2024-11-15,AXP,0.05881687250909555
2024-11-15,BA,-0.05881687250909555
2024-11-15,BFB,-0.05881687250909555
2024-11-15,BIIB,-0.05881687250909555
2024-11-15,BK,0.05881687250909555
2024-11-15,BRO,0.05881687250909555
2024-11-15,BSX,0.05881687250909555
2024-11-15,CMG,-0.05881687250909555
2024-11-15,COO,-0.05881687250909555
2024-11-15,CTAS,-0.05881687250909555
2024-11-15,DG,-0.05881687250909555
2024-11-15,DLTR,-0.05881687250909555
2024-11-15,DXCM,-0.05881687250909555
2024-11-15,EBAY,0.05881687250909555
2024-11-15,FI,0.05881687250909555
2024-11-15,FICO,0.05881687250909555
2024-11-15,FIS,0.05881687250909555
2024-11-15,HAL,-0.05881687250909555
2024-11-15,HIG,0.05881687250909555
2024-11-15,HUM,-0.05881687250909555
2024-11-15,HWM,0.05881687250909555
2024-11-15,INTC,-0.05881687250909555
2024-11-15,IRM,0.05881687250909555
2024-11-15,KMI,0.05881687250909555
2024-11-15,LDOS,0.05881687250909555
2024-11-15,LRCX,-0.05881687250909555
2024-11-15,LULU,-0.05881687250909555
2024-11-15,MOH,-0.05881687250909555
2024-11-15,MOS,-0.05881687250909555
2024-11-15,MSI,0.05881687250909555
2024-11-15,NKE,-0.05881687250909555
2024-11-15,NVDA,-0.05881687250909555
2024-11-15,ODFL,-0.05881687250909555
2024-11-15,PGR,0.05881687250909555
2024-11-15,RCL,0.05881687250909555
2024-11-15,RTX,0.05881687250909555
2024-11-15,SYF,0.05881687250909555
2024-11-15,TMUS,0.05881687250909555
2024-11-15,TRGP,0.05881687250909555
2024-11-15,TT,0.05881687250909555
2024-11-15,VLTO,0.05881687250909555
2024-11-15,WAB,0.05881687250909555
2024-11-15,WBA,-0.05881687250909555
2024-11-15,WELL,0.05881687250909555
2024-11-15,WMT,-0.05881687250909555
2024-11-22,APA,-0.05861936634359272
2024-11-22,APH,-0.05861936634359272
2024-11-22,AVGO,-0.05861936634359272
2024-11-22,AXON,0.05861936634359272
2024-11-22,BA,-0.05861936634359272
2024-11-22,BFB,-0.05861936634359272
2024-11-22,BG,-0.05861936634359272
2024-11-22,BIIB,-0.05861936634359272
2024-11-22,BK,0.05861936634359272
2024-11-22,BRO,0.05861936634359272
2024-11-22,BSX,0.05861936634359272
2024-11-22,CMG,-0.05861936634359272
2024-11-22,COO,-0.05861936634359272
2024-11-22,COST,0.05861936634359272
2024-11-22,CTAS,-0.05861936634359272
2024-11-22,DG,-0.05861936634359272
2024-11-22,DLTR,-0.05861936634359272
2024-11-22,FI,0.05861936634359272
2024-11-22,FICO,0.05861936634359272
2024-11-22,FIS,0.05861936634359272
2024-11-22,HAL,-0.05861936634359272
2024-11-22,HIG,0.05861936634359272
2024-11-22,HUM,-0.05861936634359272
2024-11-22,HWM,0.05861936634359272
2024-11-22,ICE,0.05861936634359272
2024-11-22,INTC,-0.05861936634359272
2024-11-22,IRM,0.05861936634359272
2024-11-22,KMI,0.05861936634359272
2024-11-22,LDOS,0.05861936634359272
2024-11-22,LRCX,-0.05861936634359272
2024-11-22,LULU,-0.05861936634359272
2024-11-22,MOS,-0.05861936634359272
2024-11-22,NKE,-0.05861936634359272
2024-11-22,NRG,0.05861936634359272
2024-11-22,NVDA,-0.05861936634359272
2024-11-22,ODFL,-0.05861936634359272
2024-11-22,PGR,0.05861936634359272
2024-11-22,RCL,0.05861936634359272
2024-11-22,RTX,0.05861936634359272
2024-11-22,SLB,-0.05861936634359272
2024-11-22,SYF,0.05861936634359272
2024-11-22,TMUS,0.05861936634359272
2024-11-22,TRGP,0.05861936634359272
2024-11-22,TT,0.05861936634359272
2024-11-22,WAB,0.05861936634359272
2024-11-22,WBA,-0.05861936634359272
2024-11-22,WELL,0.05861936634359272
2024-11-22,WMT,-0.05861936634359272
2024-11-29,APA,-0.05969167241575879
2024-11-29,APH,-0.05969167241575879
2024-11-29,AVGO,-0.05969167241575879
2024-11-29,BA,-0.05969167241575879
2024-11-29,BFB,-0.05969167241575879
2024-11-29,BG,-0.05969167241575879
2024-11-29,BIIB,-0.05969167241575879
2024-11-29,BK,0.05969167241575879
2024-11-29,BRO,0.05969167241575879
2024-11-29,BSX,0.05969167241575879
2024-11-29,CMG,-0.05969167241575879
2024-11-29,COO,-0.05969167241575879
2024-11-29,COST,0.05969167241575879
2024-11-29,CTAS,-0.05969167241575879
2024-11-29,DG,-0.05969167241575879
2024-11-29,DLTR,-0.05969167241575879
2024-11-29,EL,-0.05969167241575879
2024-11-29,ETR,0.05969167241575879
2024-11-29,FI,0.05969167241575879
2024-11-29,FICO,0.05969167241575879
2024-11-29,FIS,0.05969167241575879
2024-11-29,GLW,0.05969167241575879
2024-11-29,HUM,-0.05969167241575879
2024-11-29,HWM,0.05969167241575879
2024-11-29,INTC,-0.05969167241575879
2024-11-29,IRM,0.05969167241575879
2024-11-29,ISRG,0.05969167241575879
2024-11-29,KMI,0.05969167241575879
2024-11-29,LDOS,0.05969167241575879
2024-11-29,LRCX,-0.05969167241575879
2024-11-29,LULU,-0.05969167241575879
2024-11-29,MOS,-0.05969167241575879
2024-11-29,NRG,0.05969167241575879
2024-11-29,NVDA,-0.05969167241575879
2024-11-29,ODFL,-0.05969167241575879
2024-11-29,PGR,0.05969167241575879
2024-11-29,RCL,0.05969167241575879
2024-11-29,RTX,0.05969167241575879
2024-11-29,TMUS,0.05969167241575879
2024-11-29,TRGP,0.05969167241575879
2024-11-29,TT,0.05969167241575879
2024-11-29,VRSN,-0.05969167241575879
2024-11-29,WAB,0.05969167241575879
2024-11-29,WBA,-0.05969167241575879
2024-11-29,WELL,0.05969167241575879
2024-11-29,WMB,0.05969167241575879
2024-11-29,WMT,-0.05969167241575879
2024-11-29,WRB,-0.05969167241575879
2024-12-06,ADM,-0.0600819727320266
2024-12-06,APA,-0.0600819727320266
2024-12-06,APH,-0.0600819727320266
2024-12-06,APTV,-0.0600819727320266
2024-12-06,AVGO,-0.0600819727320266
2024-12-06,AXON,0.0600819727320266
2024-12-06,AXP,0.0600819727320266
2024-12-06,BA,-0.0600819727320266
2024-12-06,BFB,-0.0600819727320266
2024-12-06,BIIB,-0.0600819727320266
2024-12-06,BK,0.0600819727320266
2024-12-06,BRO,0.0600819727320266
2024-12-06,BSX,0.0600819727320266
2024-12-06,CE,-0.0600819727320266
2024-12-06,CMG,-0.0600819727320266
2024-12-06,COO,-0.0600819727320266
2024-12-06,CTAS,-0.0600819727320266
2024-12-06,DG,-0.0600819727320266
2024-12-06,DLTR,-0.0600819727320266
2024-12-06,DXCM,-0.0600819727320266
2024-12-06,EL,-0.0600819727320266
2024-12-06,FI,0.0600819727320266
2024-12-06,FICO,0.0600819727320266
2024-12-06,GS,0.0600819727320266
2024-12-06,HUM,-0.0600819727320266
2024-12-06,HWM,0.0600819727320266
2024-12-06,IRM,0.0600819727320266
2024-12-06,KMI,0.0600819727320266
2024-12-06,LDOS,0.0600819727320266
2024-12-06,LRCX,-0.0600819727320266
2024-12-06,LULU,-0.0600819727320266
2024-12-06,MSI,0.0600819727320266
2024-12-06,NKE,-0.0600819727320266
2024-12-06,NRG,0.0600819727320266
2024-12-06,NVDA,-0.0600819727320266
2024-12-06,ODFL,-0.0600819727320266
2024-12-06,OKE,0.0600819727320266
2024-12-06,PGR,0.0600819727320266
2024-12-06,PH,0.0600819727320266
2024-12-06,RTX,0.0600819727320266
2024-12-06,TMUS,0.0600819727320266
2024-12-06,TRGP,0.0600819727320266
2024-12-06,TT,0.0600819727320266
2024-12-06,WAB,0.0600819727320266
2024-12-06,WBA,-0.0600819727320266
2024-12-06,WELL,0.0600819727320266
2024-12-06,WMB,0.0600819727320266
2024-12-06,WMT,-0.0600819727320266
2024-12-13,APA,-0.05371620264565264
2024-12-13,APH,-0.05371620264565264
2024-12-13,APTV,-0.05371620264565264
2024-12-13,AVGO,-0.05371620264565264
2024-12-13,AXON,0.05371620264565264
2024-12-13,BA,-0.05371620264565264
2024-12-13,BEN,-0.05371620264565264
2024-12-13,BFB,-0.05371620264565264
2024-12-13,BIIB,-0.05371620264565264
2024-12-13,BK,0.05371620264565264
2024-12-13,BRO,0.05371620264565264
2024-12-13,BSX,0.05371620264565264
2024-12-13,CE,-0.05371620264565264
2024-12-13,CMG,-0.05371620264565264
2024-12-13,COO,-0.05371620264565264
2024-12-13,CTAS,-0.05371620264565264
2024-12-13,DG,-0.05371620264565264
2024-12-13,DLTR,-0.05371620264565264
2024-12-13,EL,-0.05371620264565264
2024-12-13,FI,0.05371620264565264
2024-12-13,FICO,0.05371620264565264
2024-12-13,HUM,-0.05371620264565264
2024-12-13,HWM,0.05371620264565264
2024-12-13,ISRG,0.05371620264565264
2024-12-13,KMI,0.05371620264565264
2024-12-13,LRCX,-0.05371620264565264
2024-12-13,MOS,-0.05371620264565264
2024-12-13,MSI,0.05371620264565264
2024-12-13,NFLX,0.05371620264565264
2024-12-13,NKE,-0.05371620264565264
2024-12-13,NRG,0.05371620264565264
2024-12-13,NVDA,-0.05371620264565264
2024-12-13,ODFL,-0.05371620264565264
2024-12-13,OKE,0.05371620264565264
2024-12-13,ORCL,0.05371620264565264
2024-12-13,PGR,0.05371620264565264
2024-12-13,PH,0.05371620264565264
2024-12-13,PPG,-0.05371620264565264
2024-12-13,RCL,0.05371620264565264
2024-12-13,RTX,0.05371620264565264
2024-12-13,TMUS,0.05371620264565264
2024-12-13,TRGP,0.05371620264565264
2024-12-13,TT,0.05371620264565264
2024-12-13,WAB,0.05371620264565264
2024-12-13,WBA,-0.05371620264565264
2024-12-13,WELL,0.05371620264565264
2024-12-13,WMB,0.05371620264565264
2024-12-13,WMT,-0.05371620264565264
2024-12-20,APA,-0.0547805152459431
2024-12-20,APH,-0.0547805152459431
2024-12-20,APTV,-0.0547805152459431
2024-12-20,AVGO,-0.0547805152459431
2024-12-20,AXON,0.0547805152459431
2024-12-20,BA,-0.0547805152459431
2024-12-20,BFB,-0.0547805152459431
2024-12-20,BIIB,-0.0547805152459431
2024-12-20,BK,0.0547805152459431
2024-12-20,BRO,0.0547805152459431
2024-12-20,BSX,0.0547805152459431
2024-12-20,CE,-0.0547805152459431
2024-12-20,CINF,0.0547805152459431
2024-12-20,CMG,-0.0547805152459431
2024-12-20,COO,-0.0547805152459431
2024-12-20,CTAS,-0.0547805152459431
2024-12-20,DG,-0.0547805152459431
2024-12-20,DLTR,-0.0547805152459431
2024-12-20,EL,-0.0547805152459431
2024-12-20,FI,0.0547805152459431
2024-12-20,FICO,0.0547805152459431
2024-12-20,HWM,0.0547805152459431
2024-12-20,IRM,0.0547805152459431
2024-12-20,ISRG,0.0547805152459431
2024-12-20,KMI,0.0547805152459431
2024-12-20,LRCX,-0.0547805152459431
2024-12-20,LULU,-0.0547805152459431
2024-12-20,LYB,-0.0547805152459431
2024-12-20,MOS,-0.0547805152459431
2024-12-20,MRNA,-0.0547805152459431
2024-12-20,MSI,0.0547805152459431
2024-12-20,NFLX,0.0547805152459431
2024-12-20,NI,0.0547805152459431
2024-12-20,NKE,-0.0547805152459431
2024-12-20,NRG,0.0547805152459431
2024-12-20,NVDA,-0.0547805152459431
2024-12-20,ODFL,-0.0547805152459431
2024-12-20,OKE,0.0547805152459431
2024-12-20,PGR,0.0547805152459431
2024-12-20,RCL,0.0547805152459431
2024-12-20,RTX,0.0547805152459431
2024-12-20,TMUS,0.0547805152459431
2024-12-20,TRGP,0.0547805152459431
2024-12-20,TT,0.0547805152459431
2024-12-20,WBA,-0.0547805152459431
2024-12-20,WELL,0.0547805152459431
2024-12-20,WMB,0.0547805152459431
2024-12-20,WMT,-0.0547805152459431
2024-12-27,APA,-0.05591193872793272
2024-12-27,APH,-0.05591193872793272
2024-12-27,APTV,-0.05591193872793272
2024-12-27,AVGO,-0.05591193872793272
2024-12-27,AXON,0.05591193872793272
2024-12-27,BA,-0.05591193872793272
2024-12-27,BFB,-0.05591193872793272
2024-12-27,BIIB,-0.05591193872793272
2024-12-27,BK,0.05591193872793272
2024-12-27,BRO,0.05591193872793272
2024-12-27,BSX,0.05591193872793272
2024-12-27,CE,-0.05591193872793272
2024-12-27,CINF,0.05591193872793272
2024-12-27,CMG,-0.05591193872793272
2024-12-27,COO,-0.05591193872793272
2024-12-27,CTAS,-0.05591193872793272
2024-12-27,DG,-0.05591193872793272
2024-12-27,DLTR,-0.05591193872793272
2024-12-27,DOW,-0.05591193872793272
2024-12-27,EL,-0.05591193872793272
2024-12-27,FI,0.05591193872793272
2024-12-27,FICO,0.05591193872793272
2024-12-27,HIG,0.05591193872793272
2024-12-27,HWM,0.05591193872793272
2024-12-27,INTC,-0.05591193872793272
2024-12-27,IRM,0.05591193872793272
2024-12-27,KMI,0.05591193872793272
2024-12-27,LRCX,-0.05591193872793272
2024-12-27,LULU,-0.05591193872793272
2024-12-27,MOS,-0.05591193872793272
2024-12-27,MSI,0.05591193872793272
2024-12-27,NI,0.05591193872793272
2024-12-27,NRG,0.05591193872793272
2024-12-27,NVDA,-0.05591193872793272
2024-12-27,ODFL,-0.05591193872793272
2024-12-27,OKE,0.05591193872793272
2024-12-27,PGR,0.05591193872793272
2024-12-27,PKG,0.05591193872793272
2024-12-27,PPG,-0.05591193872793272
2024-12-27,RCL,0.05591193872793272
2024-12-27,TMUS,0.05591193872793272
2024-12-27,TRGP,0.05591193872793272
2024-12-27,TT,0.05591193872793272
2024-12-27,WAB,0.05591193872793272
2024-12-27,WBA,-0.05591193872793272
2024-12-27,WELL,0.05591193872793272
2024-12-27,WMB,0.05591193872793272
2024-12-27,WMT,-0.05591193872793272
2025-01-03,ANET,-0.0570035618591478
2025-01-03,APA,-0.0570035618591478
2025-01-03,AVGO,-0.0570035618591478
2025-01-03,AXON,0.0570035618591478
2025-01-03,BA,-0.0570035618591478
2025-01-03,BIIB,-0.0570035618591478
2025-01-03,BK,0.0570035618591478
2025-01-03,BRO,0.0570035618591478
2025-01-03,BSX,0.0570035618591478
2025-01-03,CE,-0.0570035618591478
2025-01-03,CMG,-0.0570035618591478
2025-01-03,COO,-0.0570035618591478
2025-01-03,CTAS,-0.0570035618591478
2025-01-03,DG,-0.0570035618591478
2025-01-03,DLTR,-0.0570035618591478
2025-01-03,DOW,-0.0570035618591478
2025-01-03,EL,-0.0570035618591478
2025-01-03,FI,0.0570035618591478
2025-01-03,FICO,0.0570035618591478
2025-01-03,HUM,-0.0570035618591478
2025-01-03,HWM,0.0570035618591478
2025-01-03,INTC,-0.0570035618591478
2025-01-03,IRM,0.0570035618591478
2025-01-03,ISRG,0.0570035618591478
2025-01-03,KHC,-0.0570035618591478
2025-01-03,KMI,0.0570035618591478
2025-01-03,LRCX,-0.0570035618591478
2025-01-03,LYB,-0.0570035618591478
2025-01-03,MOS,-0.0570035618591478
2025-01-03,MRNA,-0.0570035618591478
2025-01-03,MSI,0.0570035618591478
2025-01-03,NFLX,0.0570035618591478
2025-01-03,NRG,0.0570035618591478
2025-01-03,NVDA,-0.0570035618591478
2025-01-03,ODFL,-0.0570035618591478
2025-01-03,PGR,0.0570035618591478
2025-01-03,PKG,0.0570035618591478
2025-01-03,RCL,0.0570035618591478
2025-01-03,TMUS,0.0570035618591478
2025-01-03,TRGP,0.0570035618591478
2025-01-03,TT,0.0570035618591478
2025-01-03,TYL,0.0570035618591478
2025-01-03,UAL,0.0570035618591478
2025-01-03,WAB,0.0570035618591478
2025-01-03,WBA,-0.0570035618591478
2025-01-03,WELL,0.0570035618591478
2025-01-03,WMB,0.0570035618591478
2025-01-03,WMT,-0.0570035618591478
2025-01-10,ANET,-0.05780948116041307
2025-01-10,AVGO,-0.05780948116041307
2025-01-10,AXON,0.05780948116041307
2025-01-10,AXP,0.05780948116041307
2025-01-10,BEN,-0.05780948116041307
2025-01-10,BIIB,-0.05780948116041307
2025-01-10,BK,0.05780948116041307
2025-01-10,BRO,0.05780948116041307
2025-01-10,BSX,0.05780948116041307
2025-01-10,CE,-0.05780948116041307
2025-01-10,CMG,-0.05780948116041307
2025-01-10,COO,-0.05780948116041307
2025-01-10,CTAS,-0.05780948116041307
2025-01-10,CVS,-0.05780948116041307
2025-01-10,DG,-0.05780948116041307
2025-01-10,DLTR,-0.05780948116041307
2025-01-10,DOW,-0.05780948116041307
2025-01-10,EL,-0.05780948116041307
2025-01-10,ELV,-0.05780948116041307
2025-01-10,FI,0.05780948116041307
2025-01-10,FICO,0.05780948116041307
2025-01-10,FOX,0.05780948116041307
2025-01-10,GS,0.05780948116041307
2025-01-10,HLT,0.05780948116041307
2025-01-10,HUM,-0.05780948116041307
2025-01-10,HWM,0.05780948116041307
2025-01-10,INTC,-0.05780948116041307
2025-01-10,IRM,0.05780948116041307
2025-01-10,KMI,0.05780948116041307
2025-01-10,LRCX,-0.05780948116041307
2025-01-10,LYB,-0.05780948116041307
2025-01-10,MRNA,-0.05780948116041307
2025-01-10,MSI,0.05780948116041307
2025-01-10,NFLX,0.05780948116041307
2025-01-10,NRG,0.05780948116041307
2025-01-10,NVDA,-0.05780948116041307
2025-01-10,ODFL,-0.05780948116041307
2025-01-10,PKG,0.05780948116041307
2025-01-10,RCL,0.05780948116041307
2025-01-10,SYF,0.05780948116041307
2025-01-10,TFX,-0.05780948116041307
2025-01-10,TMUS,0.05780948116041307
2025-01-10,TRGP,0.05780948116041307
2025-01-10,TT,0.05780948116041307
2025-01-10,WAB,0.05780948116041307
2025-01-10,WBA,-0.05780948116041307
2025-01-10,WMB,0.05780948116041307
2025-01-10,WMT,-0.05780948116041307
2025-01-17,ANET,-0.05893048372594077
2025-01-17,APH,-0.05893048372594077
2025-01-17,AVGO,-0.05893048372594077
2025-01-17,AXON,0.05893048372594077
2025-01-17,AXP,0.05893048372594077
2025-01-17,BEN,-0.05893048372594077
2025-01-17,BIIB,-0.05893048372594077
2025-01-17,BK,0.05893048372594077
2025-01-17,BRO,0.05893048372594077
2025-01-17,BSX,0.05893048372594077
2025-01-17,CE,-0.05893048372594077
2025-01-17,CMG,-0.05893048372594077
2025-01-17,COO,-0.05893048372594077
2025-01-17,CTAS,-0.05893048372594077
2025-01-17,CVS,-0.05893048372594077
2025-01-17,DG,-0.05893048372594077
2025-01-17,DLTR,-0.05893048372594077
2025-01-17,DOW,-0.05893048372594077
2025-01-17,EBAY,0.05893048372594077
2025-01-17,FI,0.05893048372594077
2025-01-17,FOX,0.05893048372594077
2025-01-17,FOXA,0.05893048372594077
2025-01-17,HUM,-0.05893048372594077
2025-01-17,HWM,0.05893048372594077
2025-01-17,INTC,-0.05893048372594077
2025-01-17,KMI,0.05893048372594077
2025-01-17,LRCX,-0.05893048372594077
2025-01-17,LYB,-0.05893048372594077
2025-01-17,MDLZ,-0.05893048372594077
2025-01-17,MRNA,-0.05893048372594077
2025-01-17,MSI,0.05893048372594077
2025-01-17,NFLX,0.05893048372594077
2025-01-17,NI,0.05893048372594077
2025-01-17,NRG,0.05893048372594077
2025-01-17,NVDA,-0.05893048372594077
2025-01-17,ODFL,-0.05893048372594077
2025-01-17,PWR,0.05893048372594077
2025-01-17,RCL,0.05893048372594077
2025-01-17,SYF,0.05893048372594077
2025-01-17,TFX,-0.05893048372594077
2025-01-17,TPR,0.05893048372594077
2025-01-17,TRGP,0.05893048372594077
2025-01-17,TT,0.05893048372594077
2025-01-17,UAL,0.05893048372594077
2025-01-17,WAB,0.05893048372594077
2025-01-17,WBA,-0.05893048372594077
2025-01-17,WMB,0.05893048372594077
2025-01-17,WMT,-0.05893048372594077
2025-01-24,ANET,-0.05961598093706308
2025-01-24,APH,-0.05961598093706308
2025-01-24,AVGO,-0.05961598093706308
2025-01-24,AXON,0.05961598093706308
2025-01-24,AXP,0.05961598093706308
2025-01-24,BFB,-0.05961598093706308
2025-01-24,BIIB,-0.05961598093706308
2025-01-24,BK,0.05961598093706308
2025-01-24,BSX,0.05961598093706308
2025-01-24,CE,-0.05961598093706308
2025-01-24,CMG,-0.05961598093706308
2025-01-24,COO,-0.05961598093706308
2025-01-24,CTAS,-0.05961598093706308
2025-01-24,DG,-0.05961598093706308
2025-01-24,DLTR,-0.05961598093706308
2025-01-24,DOW,-0.05961598093706308
2025-01-24,FI,0.05961598093706308
2025-01-24,FOX,0.05961598093706308
2025-01-24,FOXA,0.05961598093706308
2025-01-24,GS,0.05961598093706308
2025-01-24,HWM,0.05961598093706308
2025-01-24,INTC,-0.05961598093706308
2025-01-24,KMI,0.05961598093706308
2025-01-24,LRCX,-0.05961598093706308
2025-01-24,LYB,-0.05961598093706308
2025-01-24,MDLZ,-0.05961598093706308
2025-01-24,MRNA,-0.05961598093706308
2025-01-24,MSI,0.05961598093706308
2025-01-24,NFLX,0.05961598093706308
2025-01-24,NI,0.05961598093706308
2025-01-24,NRG,0.05961598093706308
2025-01-24,NVDA,-0.05961598093706308
2025-01-24,ODFL,-0.05961598093706308
2025-01-24,PEG,0.05961598093706308
2025-01-24,PWR,0.05961598093706308
2025-01-24,RCL,0.05961598093706308
2025-01-24,REGN,-0.05961598093706308
2025-01-24,TPR,0.05961598093706308
2025-01-24,TRGP,0.05961598093706308
2025-01-24,TSCO,-0.05961598093706308
2025-01-24,TSLA,0.05961598093706308
2025-01-24,UAL,0.05961598093706308
2025-01-24,WAB,0.05961598093706308
2025-01-24,WBA,-0.05961598093706308
2025-01-24,WELL,0.05961598093706308
2025-01-24,WMB,0.05961598093706308
2025-01-24,WMT,-0.05961598093706308
2025-01-24,WRB,-0.05961598093706308
2025-01-31,ANET,-0.05824640348996693
2025-01-31,APH,-0.05824640348996693
2025-01-31,AVGO,-0.05824640348996693
2025-01-31,AXON,0.05824640348996693
2025-01-31,BFB,-0.05824640348996693
2025-01-31,BIIB,-0.05824640348996693
2025-01-31,BK,0.05824640348996693
2025-01-31,BSX,0.05824640348996693
2025-01-31,CE,-0.05824640348996693
2025-01-31,CMG,-0.05824640348996693
2025-01-31,COO,-0.05824640348996693
2025-01-31,CTAS,-0.05824640348996693
2025-01-31,CVS,-0.05824640348996693
2025-01-31,DLTR,-0.05824640348996693
2025-01-31,DOW,-0.05824640348996693
2025-01-31,EBAY,0.05824640348996693
2025-01-31,ELV,-0.05824640348996693
2025-01-31,FI,0.05824640348996693
2025-01-31,FOX,0.05824640348996693
2025-01-31,FOXA,0.05824640348996693
2025-01-31,GRMN,0.05824640348996693
2025-01-31,GS,0.05824640348996693
2025-01-31,HWM,0.05824640348996693
2025-01-31,KMI,0.05824640348996693
2025-01-31,LRCX,-0.05824640348996693
2025-01-31,LYB,-0.05824640348996693
2025-01-31,MDLZ,-0.05824640348996693
2025-01-31,MSI,0.05824640348996693
2025-01-31,NI,0.05824640348996693
2025-01-31,NRG,0.05824640348996693
2025-01-31,NUE,-0.05824640348996693
2025-01-31,NVDA,-0.05824640348996693
2025-01-31,ODFL,-0.05824640348996693
2025-01-31,OKE,0.05824640348996693
2025-01-31,PEG,0.05824640348996693
2025-01-31,PKG,0.05824640348996693
2025-01-31,PWR,0.05824640348996693
2025-01-31,RCL,0.05824640348996693
2025-01-31,REGN,-0.05824640348996693
2025-01-31,SYF,0.05824640348996693
2025-01-31,TRGP,0.05824640348996693
2025-01-31,TSCO,-0.05824640348996693
2025-01-31,UAL,0.05824640348996693
2025-01-31,WBA,-0.05824640348996693
2025-01-31,WELL,0.05824640348996693
2025-01-31,WMB,0.05824640348996693
2025-01-31,WMT,-0.05824640348996693
2025-01-31,WRB,-0.05824640348996693
2025-02-07,ANET,-0.05811513538827891
2025-02-07,APH,-0.05811513538827891
2025-02-07,AVGO,-0.05811513538827891
2025-02-07,AXON,0.05811513538827891
2025-02-07,BFB,-0.05811513538827891
2025-02-07,BIIB,-0.05811513538827891
2025-02-07,BK,0.05811513538827891
2025-02-07,BSX,0.05811513538827891
2025-02-07,CE,-0.05811513538827891
2025-02-07,CMG,-0.05811513538827891
2025-02-07,COO,-0.05811513538827891
2025-02-07,CTAS,-0.05811513538827891
2025-02-07,CVS,-0.05811513538827891
2025-02-07,DG,-0.05811513538827891
2025-02-07,DLTR,-0.05811513538827891
2025-02-07,DOW,-0.05811513538827891
2025-02-07,EBAY,0.05811513538827891
2025-02-07,EL,-0.05811513538827891
2025-02-07,FI,0.05811513538827891
2025-02-07,FOX,0.05811513538827891
2025-02-07,FOXA,0.05811513538827891
2025-02-07,GRMN,0.05811513538827891
2025-02-07,GS,0.05811513538827891
2025-02-07,HWM,0.05811513538827891
2025-02-07,KMI,0.05811513538827891
2025-02-07,LRCX,-0.05811513538827891
2025-02-07,LYB,-0.05811513538827891
2025-02-07,MDLZ,-0.05811513538827891
2025-02-07,MSI,0.05811513538827891
2025-02-07,NI,0.05811513538827891
2025-02-07,NRG,0.05811513538827891
2025-02-07,NVDA,-0.05811513538827891
2025-02-07,ODFL,-0.05811513538827891
2025-02-07,OKE,0.05811513538827891
2025-02-07,PEG,0.05811513538827891
2025-02-07,PKG,0.05811513538827891
2025-02-07,RCL,0.05811513538827891
2025-02-07,SYF,0.05811513538827891
2025-02-07,TFX,-0.05811513538827891
2025-02-07,TRGP,0.05811513538827891
2025-02-07,TSCO,-0.05811513538827891
2025-02-07,UAL,0.05811513538827891
2025-02-07,WBA,-0.05811513538827891
2025-02-07,WELL,0.05811513538827891
2025-02-07,WMB,0.05811513538827891
2025-02-07,WMT,-0.05811513538827891
2025-02-07,WRB,-0.05811513538827891
2025-02-07,ZBRA,0.05811513538827891
2025-02-14,ANET,-0.058641071999684366
2025-02-14,APH,-0.058641071999684366
2025-02-14,AVGO,-0.058641071999684366
2025-02-14,AXON,0.058641071999684366
2025-02-14,BEN,-0.058641071999684366
2025-02-14,BFB,-0.058641071999684366
2025-02-14,BIIB,-0.058641071999684366
2025-02-14,BK,0.058641071999684366
2025-02-14,BSX,0.058641071999684366
2025-02-14,CE,-0.058641071999684366
2025-02-14,CEG,0.058641071999684366
2025-02-14,CMG,-0.058641071999684366
2025-02-14,COO,-0.058641071999684366
2025-02-14,CTAS,-0.058641071999684366
2025-02-14,DG,-0.058641071999684366
2025-02-14,DLTR,-0.058641071999684366
2025-02-14,DOW,-0.058641071999684366
2025-02-14,EL,-0.058641071999684366
2025-02-14,FOX,0.058641071999684366
2025-02-14,FOXA,0.058641071999684366
2025-02-14,GRMN,0.058641071999684366
2025-02-14,GS,0.058641071999684366
2025-02-14,HWM,0.058641071999684366
2025-02-14,ISRG,0.058641071999684366
2025-02-14,KMI,0.058641071999684366
2025-02-14,LRCX,-0.058641071999684366
2025-02-14,LYB,-0.058641071999684366
2025-02-14,MDLZ,-0.058641071999684366
2025-02-14,MSI,0.058641071999684366
2025-02-14,NDAQ,0.058641071999684366
2025-02-14,NI,0.058641071999684366
2025-02-14,NRG,0.058641071999684366
2025-02-14,NVDA,-0.058641071999684366
2025-02-14,ODFL,-0.058641071999684366
2025-02-14,OKE,0.058641071999684366
2025-02-14,PEG,0.058641071999684366
2025-02-14,PKG,0.058641071999684366
2025-02-14,RCL,0.058641071999684366
2025-02-14,REGN,-0.058641071999684366
2025-02-14,STZ,-0.058641071999684366
2025-02-14,SYF,0.058641071999684366
2025-02-14,TRGP,0.058641071999684366
2025-02-14,TSCO,-0.058641071999684366
2025-02-14,UAL,0.058641071999684366
2025-02-14,WAB,0.058641071999684366
2025-02-14,WMB,0.058641071999684366
2025-02-14,WMT,-0.058641071999684366
2025-02-14,WRB,-0.058641071999684366
2025-02-21,ANET,-0.061008947043945536
2025-02-21,AVGO,-0.061008947043945536
2025-02-21,AXON,0.061008947043945536
2025-02-21,BEN,-0.061008947043945536
2025-02-21,BFB,-0.061008947043945536
2025-02-21,BIIB,-0.061008947043945536
2025-02-21,BK,0.061008947043945536
2025-02-21,BSX,0.061008947043945536
2025-02-21,CE,-0.061008947043945536
2025-02-21,CEG,0.061008947043945536
2025-02-21,CMG,-0.061008947043945536
2025-02-21,CTAS,-0.061008947043945536
2025-02-21,DG,-0.061008947043945536
2025-02-21,DLTR,-0.061008947043945536
2025-02-21,DOW,-0.061008947043945536
2025-02-21,EL,-0.061008947043945536
2025-02-21,FOX,0.061008947043945536
2025-02-21,FOXA,0.061008947043945536
2025-02-21,GLW,0.061008947043945536
2025-02-21,GS,0.061008947043945536
2025-02-21,HSY,-0.061008947043945536
2025-02-21,HWM,0.061008947043945536
2025-02-21,ISRG,0.061008947043945536
2025-02-21,KMI,0.061008947043945536
2025-02-21,LRCX,-0.061008947043945536
2025-02-21,LYB,-0.061008947043945536
2025-02-21,MDLZ,-0.061008947043945536
2025-02-21,MRK,-0.061008947043945536
2025-02-21,MSI,0.061008947043945536
2025-02-21,NDAQ,0.061008947043945536
2025-02-21,NFLX,0.061008947043945536
2025-02-21,NI,0.061008947043945536
2025-02-21,NRG,0.061008947043945536
2025-02-21,NVDA,-0.061008947043945536
2025-02-21,ODFL,-0.061008947043945536
2025-02-21,RCL,0.061008947043945536
2025-02-21,REGN,-0.061008947043945536
2025-02-21,RTX,0.061008947043945536
2025-02-21,STZ,-0.061008947043945536
2025-02-21,SYF,0.061008947043945536
2025-02-21,TRGP,0.061008947043945536
2025-02-21,TSCO,-0.061008947043945536
2025-02-21,UAL,0.061008947043945536
2025-02-21,WAB,0.061008947043945536
2025-02-21,WELL,0.061008947043945536
2025-02-21,WMB,0.061008947043945536
2025-02-21,WMT,-0.061008947043945536
2025-02-21,WRB,-0.061008947043945536
2025-02-28,ANET,-0.061594023791540754
2025-02-28,APH,-0.061594023791540754
2025-02-28,ARE,-0.061594023791540754
2025-02-28,AVGO,-0.061594023791540754
2025-02-28,AXON,0.061594023791540754
2025-02-28,BEN,-0.061594023791540754
2025-02-28,BFB,-0.061594023791540754
2025-02-28,BIIB,-0.061594023791540754
2025-02-28,BK,0.061594023791540754
2025-02-28,BSX,0.061594023791540754
2025-02-28,CE,-0.061594023791540754
2025-02-28,CMG,-0.061594023791540754
2025-02-28,CTAS,-0.061594023791540754
2025-02-28,DG,-0.061594023791540754
2025-02-28,DLTR,-0.061594023791540754
2025-02-28,DOW,-0.061594023791540754
2025-02-28,EL,-0.061594023791540754
2025-02-28,FFIV,0.061594023791540754
2025-02-28,FI,0.061594023791540754
2025-02-28,FOX,0.061594023791540754
2025-02-28,FOXA,0.061594023791540754
2025-02-28,GS,0.061594023791540754
2025-02-28,HWM,0.061594023791540754
2025-02-28,ISRG,0.061594023791540754
2025-02-28,KMI,0.061594023791540754
2025-02-28,LRCX,-0.061594023791540754
2025-02-28,LYB,-0.061594023791540754
2025-02-28,MDLZ,-0.061594023791540754
2025-02-28,MRK,-0.061594023791540754
2025-02-28,MS,0.061594023791540754
2025-02-28,MSI,0.061594023791540754
2025-02-28,NDAQ,0.061594023791540754
2025-02-28,NI,0.061594023791540754
2025-02-28,NRG,0.061594023791540754
2025-02-28,NVDA,-0.061594023791540754
2025-02-28,ODFL,-0.061594023791540754
2025-02-28,RCL,0.061594023791540754
2025-02-28,REGN,-0.061594023791540754
2025-02-28,RTX,0.061594023791540754
2025-02-28,STZ,-0.061594023791540754
2025-02-28,T,0.061594023791540754
2025-02-28,TRGP,0.061594023791540754
2025-02-28,TSCO,-0.061594023791540754
2025-02-28,UAL,0.061594023791540754
2025-02-28,WELL,0.061594023791540754
2025-02-28,WMB,0.061594023791540754
2025-02-28,WMT,0.061594023791540754
2025-02-28,WRB,-0.061594023791540754
2025-03-07,AMD,-0.05429393774664599
2025-03-07,ANET,-0.05429393774664599
2025-03-07,APH,-0.05429393774664599
2025-03-07,AVGO,-0.05429393774664599
2025-03-07,AXON,0.05429393774664599
2025-03-07,BFB,-0.05429393774664599
2025-03-07,BIIB,-0.05429393774664599
2025-03-07,BK,0.05429393774664599
2025-03-07,BSX,0.05429393774664599
2025-03-07,CE,-0.05429393774664599
2025-03-07,CMG,-0.05429393774664599
2025-03-07,CTAS,-0.05429393774664599
2025-03-07,DG,-0.05429393774664599
2025-03-07,DLTR,-0.05429393774664599
2025-03-07,DOW,-0.05429393774664599
2025-03-07,EL,-0.05429393774664599
2025-03-07,FFIV,0.05429393774664599
2025-03-07,FI,0.05429393774664599
2025-03-07,FOX,0.05429393774664599
2025-03-07,FOXA,0.05429393774664599
2025-03-07,GS,0.05429393774664599
2025-03-07,HII,-0.05429393774664599
2025-03-07,HWM,0.05429393774664599
2025-03-07,KMI,0.05429393774664599
2025-03-07,LRCX,-0.05429393774664599
2025-03-07,LYB,-0.05429393774664599
2025-03-07,MCHP,-0.05429393774664599
2025-03-07,MDLZ,-0.05429393774664599
2025-03-07,MRK,-0.05429393774664599
2025-03-07,MS,0.05429393774664599
2025-03-07,MSI,0.05429393774664599
2025-03-07,NI,0.05429393774664599
2025-03-07,NVDA,-0.05429393774664599
2025-03-07,ODFL,-0.05429393774664599
2025-03-07,PM,0.05429393774664599
2025-03-07,RCL,0.05429393774664599
2025-03-07,RTX,0.05429393774664599
2025-03-07,STZ,-0.05429393774664599
2025-03-07,T,0.05429393774664599
2025-03-07,TMUS,0.05429393774664599
2025-03-07,TPR,0.05429393774664599
2025-03-07,TRGP,0.05429393774664599
2025-03-07,TSCO,-0.05429393774664599
2025-03-07,UAL,0.05429393774664599
2025-03-07,WELL,0.05429393774664599
2025-03-07,WMB,0.05429393774664599
2025-03-07,WMT,0.05429393774664599
2025-03-07,WRB,-0.05429393774664599
2025-03-14,ANET,-0.05782960755626912
2025-03-14,APH,-0.05782960755626912
2025-03-14,AVGO,-0.05782960755626912
2025-03-14,AXON,0.05782960755626912
2025-03-14,BFB,-0.05782960755626912
2025-03-14,BG,-0.05782960755626912
2025-03-14,BIIB,-0.05782960755626912
2025-03-14,BK,0.05782960755626912
2025-03-14,BSX,0.05782960755626912
2025-03-14,CE,-0.05782960755626912
2025-03-14,CMG,-0.05782960755626912
2025-03-14,CTAS,-0.05782960755626912
2025-03-14,DG,-0.05782960755626912
2025-03-14,DLTR,-0.05782960755626912
2025-03-14,DOW,-0.05782960755626912
2025-03-14,EL,-0.05782960755626912
2025-03-14,FFIV,0.05782960755626912
2025-03-14,FI,0.05782960755626912
2025-03-14,FOX,0.05782960755626912
2025-03-14,FOXA,0.05782960755626912
2025-03-14,GS,0.05782960755626912
2025-03-14,HII,-0.05782960755626912
2025-03-14,HWM,0.05782960755626912
2025-03-14,ISRG,0.05782960755626912
2025-03-14,LRCX,-0.05782960755626912
2025-03-14,LYB,-0.05782960755626912
2025-03-14,MCHP,-0.05782960755626912
2025-03-14,MRK,-0.05782960755626912
2025-03-14,NFLX,0.05782960755626912
2025-03-14,NI,0.05782960755626912
2025-03-14,NVDA,-0.05782960755626912
2025-03-14,ODFL,-0.05782960755626912
2025-03-14,PM,0.05782960755626912
2025-03-14,RCL,0.05782960755626912
2025-03-14,REGN,-0.05782960755626912
2025-03-14,STZ,-0.05782960755626912
2025-03-14,T,0.05782960755626912
2025-03-14,TMUS,0.05782960755626912
2025-03-14,TPR,0.05782960755626912
2025-03-14,TRGP,0.05782960755626912
2025-03-14,TSCO,-0.05782960755626912
2025-03-14,TYL,0.05782960755626912
2025-03-14,UAL,0.05782960755626912
2025-03-14,VTR,0.05782960755626912
2025-03-14,WELL,0.05782960755626912
2025-03-14,WMB,0.05782960755626912
2025-03-14,WMT,0.05782960755626912
2025-03-14,WRB,-0.05782960755626912
2025-03-21,AEE,0.056526204472715474
2025-03-21,ALGN,-0.056526204472715474
2025-03-21,ANET,-0.056526204472715474
2025-03-21,AOS,-0.056526204472715474
2025-03-21,APH,-0.056526204472715474
2025-03-21,ARE,-0.056526204472715474
2025-03-21,AVGO,-0.056526204472715474
2025-03-21,BFB,-0.056526204472715474
2025-03-21,BG,-0.056526204472715474
2025-03-21,BIIB,-0.056526204472715474
2025-03-21,BK,0.056526204472715474
2025-03-21,BSX,0.056526204472715474
2025-03-21,CE,-0.056526204472715474
2025-03-21,CMG,-0.056526204472715474
2025-03-21,CTAS,-0.056526204472715474
2025-03-21,DECK,-0.056526204472715474
2025-03-21,DG,-0.056526204472715474
2025-03-21,DOW,-0.056526204472715474
2025-03-21,FFIV,0.056526204472715474
2025-03-21,FI,0.056526204472715474
2025-03-21,FOX,0.056526204472715474
2025-03-21,FOXA,0.056526204472715474
2025-03-21,GS,0.056526204472715474
2025-03-21,HWM,0.056526204472715474
2025-03-21,ISRG,0.056526204472715474
2025-03-21,LRCX,-0.056526204472715474
2025-03-21,LYB,-0.056526204472715474
2025-03-21,MRK,-0.056526204472715474
2025-03-21,NFLX,0.056526204472715474
2025-03-21,NI,0.056526204472715474
2025-03-21,NVDA,-0.056526204472715474
2025-03-21,ODFL,-0.056526204472715474
2025-03-21,PM,0.056526204472715474
2025-03-21,RCL,0.056526204472715474
2025-03-21,REGN,-0.056526204472715474
2025-03-21,STZ,-0.056526204472715474
2025-03-21,T,0.056526204472715474
2025-03-21,TMUS,0.056526204472715474
2025-03-21,TPR,0.056526204472715474
2025-03-21,TRGP,0.056526204472715474
2025-03-21,TSCO,-0.056526204472715474
2025-03-21,TYL,0.056526204472715474
2025-03-21,UAL,0.056526204472715474
2025-03-21,VTR,0.056526204472715474
2025-03-21,WELL,0.056526204472715474
2025-03-21,WMB,0.056526204472715474
2025-03-21,WMT,0.056526204472715474
2025-03-21,WRB,-0.056526204472715474
2025-03-28,AEE,0.05728637896138655
2025-03-28,ALGN,-0.05728637896138655
2025-03-28,ANET,-0.05728637896138655
2025-03-28,AOS,-0.05728637896138655
2025-03-28,APH,-0.05728637896138655
2025-03-28,AVGO,-0.05728637896138655
2025-03-28,BEN,-0.05728637896138655
2025-03-28,BFB,-0.05728637896138655
2025-03-28,BG,-0.05728637896138655
2025-03-28,BIIB,-0.05728637896138655
2025-03-28,BK,0.05728637896138655
2025-03-28,BRO,0.05728637896138655
2025-03-28,BSX,0.05728637896138655
2025-03-28,CMG,-0.05728637896138655
2025-03-28,CTAS,-0.05728637896138655
2025-03-28,DECK,-0.05728637896138655
2025-03-28,DG,-0.05728637896138655
2025-03-28,DLTR,-0.05728637896138655
2025-03-28,DOW,-0.05728637896138655
2025-03-28,EL,-0.05728637896138655
2025-03-28,FFIV,0.05728637896138655
2025-03-28,FI,0.05728637896138655
2025-03-28,FOX,0.05728637896138655
2025-03-28,FOXA,0.05728637896138655
2025-03-28,GILD,0.05728637896138655
2025-03-28,HWM,0.05728637896138655
2025-03-28,KMI,0.05728637896138655
2025-03-28,LRCX,-0.05728637896138655
2025-03-28,LYB,-0.05728637896138655
2025-03-28,MRK,-0.05728637896138655
2025-03-28,NI,0.05728637896138655
2025-03-28,NVDA,-0.05728637896138655
2025-03-28,PM,0.05728637896138655
2025-03-28,PPG,-0.05728637896138655
2025-03-28,RCL,0.05728637896138655
2025-03-28,RTX,0.05728637896138655
2025-03-28,STZ,-0.05728637896138655
2025-03-28,T,0.05728637896138655
2025-03-28,TMUS,0.05728637896138655
2025-03-28,TPR,0.05728637896138655
2025-03-28,TRGP,0.05728637896138655
2025-03-28,TSCO,-0.05728637896138655
2025-03-28,VTR,0.05728637896138655
2025-03-28,WELL,0.05728637896138655
2025-03-28,WMB,0.05728637896138655
2025-03-28,WMT,0.05728637896138655
2025-03-28,WRB,-0.05728637896138655
2025-03-28,XEL,0.05728637896138655
2025-04-04,AEE,0.053674184051730994
2025-04-04,AJG,0.053674184051730994
2025-04-04,ALGN,-0.053674184051730994
2025-04-04,ANET,-0.053674184051730994
2025-04-04,APH,-0.053674184051730994
2025-04-04,AVGO,-0.053674184051730994
2025-04-04,BFB,-0.053674184051730994
2025-04-04,BG,-0.053674184051730994
2025-04-04,BIIB,-0.053674184051730994
2025-04-04,BK,0.053674184051730994
2025-04-04,BRO,0.053674184051730994
2025-04-04,BSX,0.053674184051730994
2025-04-04,CMG,-0.053674184051730994
2025-04-04,COP,-0.053674184051730994
2025-04-04,COST,0.053674184051730994
2025-04-04,CTAS,-0.053674184051730994
2025-04-04,DECK,-0.053674184051730994
2025-04-04,DG,-0.053674184051730994
2025-04-04,DLTR,-0.053674184051730994
2025-04-04,DOW,-0.053674184051730994
2025-04-04,FI,0.053674184051730994
2025-04-04,FOX,0.053674184051730994
2025-04-04,FOXA,0.053674184051730994
2025-04-04,GEV,0.053674184051730994
2025-04-04,GILD,0.053674184051730994
2025-04-04,HAL,-0.053674184051730994
2025-04-04,HWM,0.053674184051730994
2025-04-04,LRCX,-0.053674184051730994
2025-04-04,LYB,-0.053674184051730994
2025-04-04,MPC,-0.053674184051730994
2025-04-04,MRK,-0.053674184051730994
2025-04-04,NI,0.053674184051730994
2025-04-04,NVDA,-0.053674184051730994
2025-04-04,OXY,-0.053674184051730994
2025-04-04,PM,0.053674184051730994
2025-04-04,STZ,-0.053674184051730994
2025-04-04,T,0.053674184051730994
2025-04-04,TMUS,0.053674184051730994
2025-04-04,TPR,0.053674184051730994
2025-04-04,TRGP,0.053674184051730994
2025-04-04,TSCO,-0.053674184051730994
2025-04-04,TYL,0.053674184051730994
2025-04-04,UAL,0.053674184051730994
2025-04-04,VRSK,0.053674184051730994
2025-04-04,VTR,0.053674184051730994
2025-04-04,WELL,0.053674184051730994
2025-04-04,WMT,0.053674184051730994
2025-04-04,WRB,-0.053674184051730994
2025-04-11,AEE,0.0537027584067422
2025-04-11,ALGN,-0.0537027584067422
2025-04-11,ANET,-0.0537027584067422
2025-04-11,APH,-0.0537027584067422
2025-04-11,AVGO,-0.0537027584067422
2025-04-11,BFB,-0.0537027584067422
2025-04-11,BG,-0.0537027584067422
2025-04-11,BIIB,-0.0537027584067422
2025-04-11,BK,0.0537027584067422
2025-04-11,BRO,0.0537027584067422
2025-04-11,BSX,0.0537027584067422
2025-04-11,CMG,-0.0537027584067422
2025-04-11,CTAS,-0.0537027584067422
2025-04-11,DECK,-0.0537027584067422
2025-04-11,DG,-0.0537027584067422
2025-04-11,DLTR,-0.0537027584067422
2025-04-11,DOW,-0.0537027584067422
2025-04-11,EL,-0.0537027584067422
2025-04-11,EVRG,0.0537027584067422
2025-04-11,FOX,0.0537027584067422
2025-04-11,FOXA,0.0537027584067422
2025-04-11,GEV,0.0537027584067422
2025-04-11,GILD,0.0537027584067422
2025-04-11,GL,0.0537027584067422
2025-04-11,HAL,-0.0537027584067422
2025-04-11,HOLX,-0.0537027584067422
2025-04-11,HST,-0.0537027584067422
2025-04-11,HWM,0.0537027584067422
2025-04-11,KMI,0.0537027584067422
2025-04-11,LRCX,-0.0537027584067422
2025-04-11,LYB,-0.0537027584067422
2025-04-11,MO,0.0537027584067422
2025-04-11,MPC,-0.0537027584067422
2025-04-11,NI,0.0537027584067422
2025-04-11,NVDA,-0.0537027584067422
2025-04-11,OXY,-0.0537027584067422
2025-04-11,PM,0.0537027584067422
2025-04-11,PPL,0.0537027584067422
2025-04-11,STZ,-0.0537027584067422
2025-04-11,T,0.0537027584067422
2025-04-11,TMUS,0.0537027584067422
2025-04-11,TPR,0.0537027584067422
2025-04-11,TRGP,0.0537027584067422
2025-04-11,TSCO,-0.0537027584067422
2025-04-11,VRSK,0.0537027584067422
2025-04-11,VTR,0.0537027584067422
2025-04-11,WELL,0.0537027584067422
2025-04-11,WMB,0.0537027584067422
2025-04-18,ADM,-0.053841856902297765
2025-04-18,AEE,0.053841856902297765
2025-04-18,ALGN,-0.053841856902297765
2025-04-18,ANET,-0.053841856902297765
2025-04-18,APH,-0.053841856902297765
2025-04-18,AVGO,-0.053841856902297765
2025-04-18,BFB,-0.053841856902297765
2025-04-18,BG,-0.053841856902297765
2025-04-18,BIIB,-0.053841856902297765
2025-04-18,BK,0.053841856902297765
2025-04-18,BRKB,0.053841856902297765
2025-04-18,BRO,0.053841856902297765
2025-04-18,BSX,0.053841856902297765
2025-04-18,CMG,-0.053841856902297765
2025-04-18,CTAS,-0.053841856902297765
2025-04-18,DECK,-0.053841856902297765
2025-04-18,DG,-0.053841856902297765
2025-04-18,DLTR,-0.053841856902297765
2025-04-18,DOW,-0.053841856902297765
2025-04-18,EL,-0.053841856902297765
2025-04-18,EVRG,0.053841856902297765
2025-04-18,FI,0.053841856902297765
2025-04-18,FOX,0.053841856902297765
2025-04-18,FOXA,0.053841856902297765
2025-04-18,GEV,0.053841856902297765
2025-04-18,GILD,0.053841856902297765
2025-04-18,HAL,-0.053841856902297765
2025-04-18,HWM,0.053841856902297765
2025-04-18,KMI,0.053841856902297765
2025-04-18,LRCX,-0.053841856902297765
2025-04-18,LYB,-0.053841856902297765
2025-04-18,MO,0.053841856902297765
2025-04-18,MRK,-0.053841856902297765
2025-04-18,NI,0.053841856902297765
2025-04-18,NVDA,-0.053841856902297765
2025-04-18,PM,0.053841856902297765
2025-04-18,PPL,0.053841856902297765
2025-04-18,REGN,-0.053841856902297765
2025-04-18,STZ,-0.053841856902297765
2025-04-18,T,0.053841856902297765
2025-04-18,TGT,-0.053841856902297765
2025-04-18,TMUS,0.053841856902297765
2025-04-18,TPR,0.053841856902297765
2025-04-18,TRGP,0.053841856902297765
2025-04-18,TSCO,-0.053841856902297765
2025-04-18,VTR,0.053841856902297765
2025-04-18,WELL,0.053841856902297765
2025-04-18,WMB,0.053841856902297765
2025-04-25,AEE,0.05193456523006691
2025-04-25,AJG,0.05193456523006691
2025-04-25,ALGN,-0.05193456523006691
2025-04-25,ANET,-0.05193456523006691
2025-04-25,APH,-0.05193456523006691
2025-04-25,AVGO,-0.05193456523006691
2025-04-25,BFB,-0.05193456523006691
2025-04-25,BG,-0.05193456523006691
2025-04-25,BIIB,-0.05193456523006691
2025-04-25,BK,0.05193456523006691
2025-04-25,BRKB,0.05193456523006691
2025-04-25,BRO,0.05193456523006691
2025-04-25,BSX,0.05193456523006691
2025-04-25,CDW,-0.05193456523006691
2025-04-25,CMG,-0.05193456523006691
2025-04-25,CTAS,-0.05193456523006691
2025-04-25,DECK,-0.05193456523006691
2025-04-25,DOW,-0.05193456523006691
2025-04-25,EL,-0.05193456523006691
2025-04-25,FOX,0.05193456523006691
2025-04-25,FOXA,0.05193456523006691
2025-04-25,GEV,0.05193456523006691
2025-04-25,GILD,0.05193456523006691
2025-04-25,HAL,-0.05193456523006691
2025-04-25,HWM,0.05193456523006691
2025-04-25,KHC,-0.05193456523006691
2025-04-25,KMI,0.05193456523006691
2025-04-25,LRCX,-0.05193456523006691
2025-04-25,LYB,-0.05193456523006691
2025-04-25,MCHP,-0.05193456523006691
2025-04-25,MRK,-0.05193456523006691
2025-04-25,MRNA,-0.05193456523006691
2025-04-25,NFLX,0.05193456523006691
2025-04-25,NI,0.05193456523006691
2025-04-25,NVDA,-0.05193456523006691
2025-04-25,PM,0.05193456523006691
2025-04-25,REGN,-0.05193456523006691
2025-04-25,STZ,-0.05193456523006691
2025-04-25,T,0.05193456523006691
2025-04-25,TMUS,0.05193456523006691
2025-04-25,TPR,0.05193456523006691
2025-04-25,TRGP,0.05193456523006691
2025-04-25,TSCO,-0.05193456523006691
2025-04-25,VRSK,0.05193456523006691
2025-04-25,VTR,0.05193456523006691
2025-04-25,WELL,0.05193456523006691
2025-04-25,WMB,0.05193456523006691
2025-04-25,WTW,0.05193456523006691
2025-05-02,AEE,0.0550180528648106
2025-05-02,AJG,0.0550180528648106
2025-05-02,ALGN,-0.0550180528648106
2025-05-02,ANET,-0.0550180528648106
2025-05-02,AON,0.0550180528648106
2025-05-02,APH,-0.0550180528648106
2025-05-02,ARE,-0.0550180528648106
2025-05-02,AVGO,-0.0550180528648106
2025-05-02,BFB,-0.0550180528648106
2025-05-02,BIIB,-0.0550180528648106
2025-05-02,BK,0.0550180528648106
2025-05-02,BRKB,0.0550180528648106
2025-05-02,BRO,0.0550180528648106
2025-05-02,CMG,-0.0550180528648106
2025-05-02,CTAS,-0.0550180528648106
2025-05-02,DECK,-0.0550180528648106
2025-05-02,DOW,-0.0550180528648106
2025-05-02,EL,-0.0550180528648106
2025-05-02,FI,0.0550180528648106
2025-05-02,FOX,0.0550180528648106
2025-05-02,FOXA,0.0550180528648106
2025-05-02,GEV,0.0550180528648106
2025-05-02,GILD,0.0550180528648106
2025-05-02,HAL,-0.0550180528648106
2025-05-02,KMI,0.0550180528648106
2025-05-02,LRCX,-0.0550180528648106
2025-05-02,LYB,-0.0550180528648106
2025-05-02,MCHP,-0.0550180528648106
2025-05-02,MRK,-0.0550180528648106
2025-05-02,MRNA,-0.0550180528648106
2025-05-02,NI,0.0550180528648106
2025-05-02,NVDA,-0.0550180528648106
2025-05-02,ON,-0.0550180528648106
2025-05-02,PM,0.0550180528648106
2025-05-02,REGN,-0.0550180528648106
2025-05-02,RSG,0.0550180528648106
2025-05-02,STZ,-0.0550180528648106
2025-05-02,T,0.0550180528648106
2025-05-02,TMUS,0.0550180528648106
2025-05-02,TSCO,-0.0550180528648106
2025-05-02,UPS,-0.0550180528648106
2025-05-02,VRSK,0.0550180528648106
2025-05-02,VRSN,0.0550180528648106
2025-05-02,VTR,0.0550180528648106
2025-05-02,WELL,0.0550180528648106
2025-05-02,WMB,0.0550180528648106
2025-05-02,WMT,0.0550180528648106
2025-05-02,XEL,0.0550180528648106
2025-05-09,ADM,-0.055584238842081225
2025-05-09,AEE,0.055584238842081225
2025-05-09,ANET,-0.055584238842081225
2025-05-09,APH,-0.055584238842081225
2025-05-09,ARE,-0.055584238842081225
2025-05-09,AVGO,-0.055584238842081225
2025-05-09,AVY,-0.055584238842081225
2025-05-09,AXON,0.055584238842081225
2025-05-09,BALL,-0.055584238842081225
2025-05-09,BG,-0.055584238842081225
2025-05-09,BIIB,-0.055584238842081225
2025-05-09,BK,0.055584238842081225
2025-05-09,BRKB,0.055584238842081225
2025-05-09,BRO,0.055584238842081225
2025-05-09,CTAS,-0.055584238842081225
2025-05-09,DECK,-0.055584238842081225
2025-05-09,DOW,-0.055584238842081225
2025-05-09,FFIV,0.055584238842081225
2025-05-09,FOX,0.055584238842081225
2025-05-09,FOXA,0.055584238842081225
2025-05-09,FTNT,0.055584238842081225
2025-05-09,GEV,0.055584238842081225
2025-05-09,GILD,0.055584238842081225
2025-05-09,HAL,-0.055584238842081225
2025-05-09,KMI,0.055584238842081225
2025-05-09,LRCX,-0.055584238842081225
2025-05-09,LYB,-0.055584238842081225
2025-05-09,MCHP,-0.055584238842081225
2025-05-09,MRK,-0.055584238842081225
2025-05-09,NDSN,-0.055584238842081225
2025-05-09,NFLX,0.055584238842081225
2025-05-09,NI,0.055584238842081225
2025-05-09,NVDA,-0.055584238842081225
2025-05-09,OXY,-0.055584238842081225
2025-05-09,PM,0.055584238842081225
2025-05-09,PPG,-0.055584238842081225
2025-05-09,REGN,-0.055584238842081225
2025-05-09,RSG,0.055584238842081225
2025-05-09,T,0.055584238842081225
2025-05-09,TMUS,0.055584238842081225
2025-05-09,TPR,0.055584238842081225
2025-05-09,TSCO,-0.055584238842081225
2025-05-09,UPS,-0.055584238842081225
2025-05-09,VRSN,0.055584238842081225
2025-05-09,VTR,0.055584238842081225
2025-05-09,WELL,0.055584238842081225
2025-05-09,WMB,0.055584238842081225
2025-05-09,WMT,0.055584238842081225
2025-05-16,AEE,0.05244201162439014
2025-05-16,ALB,-0.05244201162439014
2025-05-16,ANET,-0.05244201162439014
2025-05-16,APH,-0.05244201162439014
2025-05-16,ARE,-0.05244201162439014
2025-05-16,ATO,0.05244201162439014
2025-05-16,AVGO,-0.05244201162439014
2025-05-16,AVY,-0.05244201162439014
2025-05-16,AXON,0.05244201162439014
2025-05-16,BALL,-0.05244201162439014
2025-05-16,BIIB,-0.05244201162439014
2025-05-16,BRKB,0.05244201162439014
2025-05-16,BRO,0.05244201162439014
2025-05-16,CTAS,-0.05244201162439014
2025-05-16,DECK,-0.05244201162439014
2025-05-16,DOW,-0.05244201162439014
2025-05-16,FFIV,0.05244201162439014
2025-05-16,FI,0.05244201162439014
2025-05-16,FOX,0.05244201162439014
2025-05-16,FOXA,0.05244201162439014
2025-05-16,GEV,0.05244201162439014
2025-05-16,GILD,0.05244201162439014
2025-05-16,IPG,-0.05244201162439014
2025-05-16,IQV,-0.05244201162439014
2025-05-16,LRCX,-0.05244201162439014
2025-05-16,LYB,-0.05244201162439014
2025-05-16,MCHP,-0.05244201162439014
2025-05-16,MRK,-0.05244201162439014
2025-05-16,NFLX,0.05244201162439014
2025-05-16,NI,0.05244201162439014
2025-05-16,NVDA,-0.05244201162439014
2025-05-16,ON,-0.05244201162439014
2025-05-16,ORLY,0.05244201162439014
2025-05-16,PEP,-0.05244201162439014
2025-05-16,PM,0.05244201162439014
2025-05-16,PPG,-0.05244201162439014
2025-05-16,REGN,-0.05244201162439014
2025-05-16,RSG,0.05244201162439014
2025-05-16,T,0.05244201162439014
2025-05-16,TMUS,0.05244201162439014
2025-05-16,TSCO,-0.05244201162439014
2025-05-16,TTWO,0.05244201162439014
2025-05-16,UPS,-0.05244201162439014
2025-05-16,VRSN,0.05244201162439014
2025-05-16,VTR,0.05244201162439014
2025-05-16,WELL,0.05244201162439014
2025-05-16,WMB,0.05244201162439014
2025-05-16,WMT,0.05244201162439014
2025-05-23,AEE,0.05003345809915212
2025-05-23,AES,-0.05003345809915212
2025-05-23,ALB,-0.05003345809915212
2025-05-23,ANET,-0.05003345809915212
2025-05-23,APH,-0.05003345809915212
2025-05-23,ARE,-0.05003345809915212
2025-05-23,ATO,0.05003345809915212
2025-05-23,AVGO,-0.05003345809915212
2025-05-23,AVY,-0.05003345809915212
2025-05-23,AXON,0.05003345809915212
2025-05-23,BIIB,-0.05003345809915212
2025-05-23,BK,0.05003345809915212
2025-05-23,BRKB,0.05003345809915212
2025-05-23,BRO,0.05003345809915212
2025-05-23,BSX,0.05003345809915212
2025-05-23,CMG,-0.05003345809915212
2025-05-23,CTAS,-0.05003345809915212
2025-05-23,DECK,-0.05003345809915212
2025-05-23,DOW,-0.05003345809915212
2025-05-23,ENPH,-0.05003345809915212
2025-05-23,FFIV,0.05003345809915212
2025-05-23,FOX,0.05003345809915212
2025-05-23,FOXA,0.05003345809915212
2025-05-23,GEV,0.05003345809915212
2025-05-23,GILD,0.05003345809915212
2025-05-23,GL,0.05003345809915212
2025-05-23,HAL,-0.05003345809915212
2025-05-23,IQV,-0.05003345809915212
2025-05-23,LRCX,-0.05003345809915212
2025-05-23,LYB,-0.05003345809915212
2025-05-23,MRK,-0.05003345809915212
2025-05-23,MRNA,-0.05003345809915212
2025-05-23,NFLX,0.05003345809915212
2025-05-23,NI,0.05003345809915212
2025-05-23,NVDA,-0.05003345809915212
2025-05-23,PEP,-0.05003345809915212
2025-05-23,PM,0.05003345809915212
2025-05-23,REGN,-0.05003345809915212
2025-05-23,T,0.05003345809915212
2025-05-23,TMO,-0.05003345809915212
2025-05-23,TMUS,0.05003345809915212
2025-05-23,TSCO,-0.05003345809915212
2025-05-23,VRSN,0.05003345809915212
2025-05-23,VTR,0.05003345809915212
2025-05-23,WEC,0.05003345809915212
2025-05-23,WELL,0.05003345809915212
2025-05-23,WMB,0.05003345809915212
2025-05-23,WMT,0.05003345809915212
2025-05-30,AEE,0.05031433237544475
2025-05-30,AES,-0.05031433237544475
2025-05-30,ALB,-0.05031433237544475
2025-05-30,ANET,-0.05031433237544475
2025-05-30,APH,-0.05031433237544475
2025-05-30,ARE,-0.05031433237544475
2025-05-30,ATO,0.05031433237544475
2025-05-30,AVGO,-0.05031433237544475
2025-05-30,AVY,-0.05031433237544475
2025-05-30,AXON,0.05031433237544475
2025-05-30,BIIB,-0.05031433237544475
2025-05-30,BK,0.05031433237544475
2025-05-30,BRKB,0.05031433237544475
2025-05-30,BSX,0.05031433237544475
2025-05-30,CAH,0.05031433237544475
2025-05-30,CME,0.05031433237544475
2025-05-30,CMG,-0.05031433237544475
2025-05-30,CTAS,-0.05031433237544475
2025-05-30,DECK,-0.05031433237544475
2025-05-30,DOW,-0.05031433237544475
2025-05-30,ENPH,-0.05031433237544475
2025-05-30,FFIV,0.05031433237544475
2025-05-30,FOX,0.05031433237544475
2025-05-30,FTNT,0.05031433237544475
2025-05-30,GEV,0.05031433237544475
2025-05-30,GILD,0.05031433237544475
2025-05-30,HAL,-0.05031433237544475
2025-05-30,HWM,0.05031433237544475
2025-05-30,LRCX,-0.05031433237544475
2025-05-30,LYB,-0.05031433237544475
2025-05-30,MRK,-0.05031433237544475
2025-05-30,MRNA,-0.05031433237544475
2025-05-30,NFLX,0.05031433237544475
2025-05-30,NI,0.05031433237544475
2025-05-30,NVDA,-0.05031433237544475
2025-05-30,ORLY,0.05031433237544475
2025-05-30,PEP,-0.05031433237544475
2025-05-30,PM,0.05031433237544475
2025-05-30,REGN,-0.05031433237544475
2025-05-30,RSG,0.05031433237544475
2025-05-30,T,0.05031433237544475
2025-05-30,TER,-0.05031433237544475
2025-05-30,TSCO,-0.05031433237544475
2025-05-30,UPS,-0.05031433237544475
2025-05-30,VRSN,0.05031433237544475
2025-05-30,WEC,0.05031433237544475
2025-05-30,WELL,0.05031433237544475
2025-05-30,WMT,0.05031433237544475
2025-06-06,AEE,0.05803919026274868
2025-06-06,AES,-0.05803919026274868
2025-06-06,ALB,-0.05803919026274868
2025-06-06,ANET,-0.05803919026274868
2025-06-06,ARE,-0.05803919026274868
2025-06-06,ATO,0.05803919026274868
2025-06-06,AVGO,-0.05803919026274868
2025-06-06,AVY,-0.05803919026274868
2025-06-06,AXON,0.05803919026274868
2025-06-06,BDX,-0.05803919026274868
2025-06-06,BIIB,-0.05803919026274868
2025-06-06,BK,0.05803919026274868
2025-06-06,CAH,0.05803919026274868
2025-06-06,CME,0.05803919026274868
2025-06-06,CMG,-0.05803919026274868
2025-06-06,CTAS,-0.05803919026274868
2025-06-06,DECK,-0.05803919026274868
2025-06-06,DOW,-0.05803919026274868
2025-06-06,ENPH,-0.05803919026274868
2025-06-06,FFIV,0.05803919026274868
2025-06-06,FICO,0.05803919026274868
2025-06-06,FOX,0.05803919026274868
2025-06-06,FOXA,0.05803919026274868
2025-06-06,GEV,0.05803919026274868
2025-06-06,GL,0.05803919026274868
2025-06-06,HOLX,-0.05803919026274868
2025-06-06,HWM,0.05803919026274868
2025-06-06,IBM,0.05803919026274868
2025-06-06,IFF,-0.05803919026274868
2025-06-06,LRCX,-0.05803919026274868
2025-06-06,LYB,-0.05803919026274868
2025-06-06,MRK,-0.05803919026274868
2025-06-06,MRNA,-0.05803919026274868
2025-06-06,NFLX,0.05803919026274868
2025-06-06,NI,0.05803919026274868
2025-06-06,NVDA,-0.05803919026274868
2025-06-06,PEP,-0.05803919026274868
2025-06-06,PM,0.05803919026274868
2025-06-06,REGN,-0.05803919026274868
2025-06-06,RSG,0.05803919026274868
2025-06-06,T,0.05803919026274868
2025-06-06,TMO,-0.05803919026274868
2025-06-06,TPR,0.05803919026274868
2025-06-06,TSCO,-0.05803919026274868
2025-06-06,VRSN,0.05803919026274868
2025-06-06,WEC,0.05803919026274868
2025-06-06,WELL,0.05803919026274868
2025-06-06,WMT,0.05803919026274868
2025-06-13,AEE,0.0545629955558959
2025-06-13,ANET,-0.0545629955558959
2025-06-13,ARE,-0.0545629955558959
2025-06-13,AVGO,-0.0545629955558959
2025-06-13,AVY,-0.0545629955558959
2025-06-13,AXON,0.0545629955558959
2025-06-13,BIIB,-0.0545629955558959
2025-06-13,BK,0.0545629955558959
2025-06-13,CAH,0.0545629955558959
2025-06-13,CME,0.0545629955558959
2025-06-13,CMG,-0.0545629955558959
2025-06-13,CTAS,-0.0545629955558959
2025-06-13,DECK,-0.0545629955558959
2025-06-13,DOW,-0.0545629955558959
2025-06-13,ELV,-0.0545629955558959
2025-06-13,ENPH,-0.0545629955558959
2025-06-13,FFIV,0.0545629955558959
2025-06-13,FICO,0.0545629955558959
2025-06-13,FOX,0.0545629955558959
2025-06-13,FOXA,0.0545629955558959
2025-06-13,GEV,0.0545629955558959
2025-06-13,GILD,0.0545629955558959
2025-06-13,GL,0.0545629955558959
2025-06-13,HAL,-0.0545629955558959
2025-06-13,HOLX,-0.0545629955558959
2025-06-13,HWM,0.0545629955558959
2025-06-13,IBM,0.0545629955558959
2025-06-13,IQV,-0.0545629955558959
2025-06-13,LRCX,-0.0545629955558959
2025-06-13,LYB,-0.0545629955558959
2025-06-13,LYV,0.0545629955558959
2025-06-13,MRK,-0.0545629955558959
2025-06-13,MRNA,-0.0545629955558959
2025-06-13,NFLX,0.0545629955558959
2025-06-13,NI,0.0545629955558959
2025-06-13,NRG,0.0545629955558959
2025-06-13,PEP,-0.0545629955558959
2025-06-13,PM,0.0545629955558959
2025-06-13,REGN,-0.0545629955558959
2025-06-13,STZ,-0.0545629955558959
2025-06-13,T,0.0545629955558959
2025-06-13,TECH,-0.0545629955558959
2025-06-13,TMO,-0.0545629955558959
2025-06-13,TPR,0.0545629955558959
2025-06-13,TSCO,-0.0545629955558959
2025-06-13,VRSN,0.0545629955558959
2025-06-13,WELL,0.0545629955558959
2025-06-13,WMT,0.0545629955558959
2025-06-20,AEE,0.05224024250730261
2025-06-20,ANET,-0.05224024250730261
2025-06-20,ARE,-0.05224024250730261
2025-06-20,ATO,0.05224024250730261
2025-06-20,AVGO,-0.05224024250730261
2025-06-20,AXON,0.05224024250730261
2025-06-20,BIIB,-0.05224024250730261
2025-06-20,BK,0.05224024250730261
2025-06-20,CAH,0.05224024250730261
2025-06-20,CME,0.05224024250730261
2025-06-20,CMG,-0.05224024250730261
2025-06-20,CPB,-0.05224024250730261
2025-06-20,CTAS,-0.05224024250730261
2025-06-20,DECK,-0.05224024250730261
2025-06-20,DOW,-0.05224024250730261
2025-06-20,ELV,-0.05224024250730261
2025-06-20,ENPH,-0.05224024250730261
2025-06-20,FAST,-0.05224024250730261
2025-06-20,FFIV,0.05224024250730261
2025-06-20,FOX,0.05224024250730261
2025-06-20,FOXA,0.05224024250730261
2025-06-20,FTNT,0.05224024250730261
2025-06-20,GEV,0.05224024250730261
2025-06-20,GILD,0.05224024250730261
2025-06-20,GIS,-0.05224024250730261
2025-06-20,GL,0.05224024250730261
2025-06-20,HOLX,-0.05224024250730261
2025-06-20,HWM,0.05224024250730261
2025-06-20,IQV,-0.05224024250730261
2025-06-20,LRCX,-0.05224024250730261
2025-06-20,LYB,-0.05224024250730261
2025-06-20,LYV,0.05224024250730261
2025-06-20,MRK,-0.05224024250730261
2025-06-20,MRNA,-0.05224024250730261
2025-06-20,NFLX,0.05224024250730261
2025-06-20,NI,0.05224024250730261
2025-06-20,NRG,0.05224024250730261
2025-06-20,PEP,-0.05224024250730261
2025-06-20,PM,0.05224024250730261
2025-06-20,REGN,-0.05224024250730261
2025-06-20,STZ,-0.05224024250730261
2025-06-20,T,0.05224024250730261
2025-06-20,TMO,-0.05224024250730261
2025-06-20,TPR,0.05224024250730261
2025-06-20,TSCO,-0.05224024250730261
2025-06-20,VRSN,0.05224024250730261
2025-06-20,WEC,0.05224024250730261
2025-06-20,WELL,0.05224024250730261
2025-06-27,ADP,0.05277572064454206
2025-06-27,AEE,0.05277572064454206
2025-06-27,ANET,-0.05277572064454206
2025-06-27,ARE,-0.05277572064454206
2025-06-27,AVGO,-0.05277572064454206
2025-06-27,AVY,-0.05277572064454206
2025-06-27,AXON,0.05277572064454206
2025-06-27,BIIB,-0.05277572064454206
2025-06-27,BK,0.05277572064454206
2025-06-27,CAH,0.05277572064454206
2025-06-27,CME,0.05277572064454206
2025-06-27,CPB,-0.05277572064454206
2025-06-27,CTAS,-0.05277572064454206
2025-06-27,DECK,-0.05277572064454206
2025-06-27,DOW,-0.05277572064454206
2025-06-27,ELV,-0.05277572064454206
2025-06-27,ENPH,-0.05277572064454206
2025-06-27,FAST,-0.05277572064454206
2025-06-27,FFIV,0.05277572064454206
2025-06-27,FOX,0.05277572064454206
2025-06-27,FOXA,0.05277572064454206
2025-06-27,GEV,0.05277572064454206
2025-06-27,GILD,0.05277572064454206
2025-06-27,GL,0.05277572064454206
2025-06-27,HAL,-0.05277572064454206
2025-06-27,HWM,0.05277572064454206
2025-06-27,IBM,0.05277572064454206
2025-06-27,IFF,-0.05277572064454206
2025-06-27,IQV,-0.05277572064454206
2025-06-27,LRCX,-0.05277572064454206
2025-06-27,LYB,-0.05277572064454206
2025-06-27,MRK,-0.05277572064454206
2025-06-27,MRNA,-0.05277572064454206
2025-06-27,NFLX,0.05277572064454206
2025-06-27,NI,0.05277572064454206
2025-06-27,NRG,0.05277572064454206
2025-06-27,PAYC,0.05277572064454206
2025-06-27,PEP,-0.05277572064454206
2025-06-27,PM,0.05277572064454206
2025-06-27,REGN,-0.05277572064454206
2025-06-27,STZ,-0.05277572064454206
2025-06-27,T,0.05277572064454206
2025-06-27,TMO,-0.05277572064454206
2025-06-27,TPR,0.05277572064454206
2025-06-27,TSCO,-0.05277572064454206
2025-06-27,VRSN,0.05277572064454206
2025-06-27,WEC,0.05277572064454206
2025-06-27,WELL,0.05277572064454206
2025-07-04,ADM,-0.05535657189603358
2025-07-04,ADP,0.05535657189603358
2025-07-04,AEE,0.05535657189603358
2025-07-04,ANET,-0.05535657189603358
2025-07-04,ARE,-0.05535657189603358
2025-07-04,AVGO,-0.05535657189603358
2025-07-04,AXON,0.05535657189603358
2025-07-04,BFB,-0.05535657189603358
2025-07-04,BG,-0.05535657189603358
2025-07-04,BIIB,-0.05535657189603358
2025-07-04,BK,0.05535657189603358
2025-07-04,CAH,0.05535657189603358
2025-07-04,CME,0.05535657189603358
2025-07-04,CPB,-0.05535657189603358
2025-07-04,CTAS,-0.05535657189603358
2025-07-04,DECK,-0.05535657189603358
2025-07-04,DOW,-0.05535657189603358
2025-07-04,ELV,-0.05535657189603358
2025-07-04,FAST,-0.05535657189603358
2025-07-04,FFIV,0.05535657189603358
2025-07-04,FOX,0.05535657189603358
2025-07-04,FOXA,0.05535657189603358
2025-07-04,GEV,0.05535657189603358
2025-07-04,GILD,0.05535657189603358
2025-07-04,GL,0.05535657189603358
2025-07-04,HAL,-0.05535657189603358
2025-07-04,HWM,0.05535657189603358
2025-07-04,IPG,-0.05535657189603358
2025-07-04,LRCX,-0.05535657189603358
2025-07-04,LYB,-0.05535657189603358
2025-07-04,MRK,-0.05535657189603358
2025-07-04,MRNA,-0.05535657189603358
2025-07-04,NFLX,0.05535657189603358
2025-07-04,NI,0.05535657189603358
2025-07-04,NRG,0.05535657189603358
2025-07-04,PAYC,0.05535657189603358
2025-07-04,PEP,-0.05535657189603358
2025-07-04,PM,0.05535657189603358
2025-07-04,REGN,-0.05535657189603358
2025-07-04,STZ,-0.05535657189603358
2025-07-04,T,0.05535657189603358
2025-07-04,TMO,-0.05535657189603358
2025-07-04,TPR,0.05535657189603358
2025-07-04,TSCO,-0.05535657189603358
2025-07-04,VRSN,0.05535657189603358
2025-07-04,WEC,0.05535657189603358
2025-07-04,WELL,0.05535657189603358
2025-07-04,WMT,0.05535657189603358
2025-07-11,AEE,0.05310320188944622
2025-07-11,ANET,-0.05310320188944622
2025-07-11,AOS,-0.05310320188944622
2025-07-11,ARE,-0.05310320188944622
2025-07-11,AVGO,-0.05310320188944622
2025-07-11,AXON,0.05310320188944622
2025-07-11,BFB,-0.05310320188944622
2025-07-11,BG,-0.05310320188944622
2025-07-11,BIIB,-0.05310320188944622
2025-07-11,BK,0.05310320188944622
2025-07-11,CAG,-0.05310320188944622
2025-07-11,CAH,0.05310320188944622
2025-07-11,CME,0.05310320188944622
2025-07-11,CPB,-0.05310320188944622
2025-07-11,CTAS,-0.05310320188944622
2025-07-11,DECK,-0.05310320188944622
2025-07-11,DOW,-0.05310320188944622
2025-07-11,DRI,0.05310320188944622
2025-07-11,EIX,-0.05310320188944622
2025-07-11,ELV,-0.05310320188944622
2025-07-11,FAST,-0.05310320188944622
2025-07-11,FFIV,0.05310320188944622
2025-07-11,FOX,0.05310320188944622
2025-07-11,FOXA,0.05310320188944622
2025-07-11,FTNT,0.05310320188944622
2025-07-11,GEV,0.05310320188944622
2025-07-11,GILD,0.05310320188944622
2025-07-11,GL,0.05310320188944622
2025-07-11,HWM,0.05310320188944622
2025-07-11,IBM,0.05310320188944622
2025-07-11,LRCX,-0.05310320188944622
2025-07-11,LYB,-0.05310320188944622
2025-07-11,MRK,-0.05310320188944622
2025-07-11,MRNA,-0.05310320188944622
2025-07-11,NFLX,0.05310320188944622
2025-07-11,NI,0.05310320188944622
2025-07-11,OMC,-0.05310320188944622
2025-07-11,ORLY,-0.05310320188944622
2025-07-11,PEP,-0.05310320188944622
2025-07-11,PM,0.05310320188944622
2025-07-11,REGN,-0.05310320188944622
2025-07-11,RTX,0.05310320188944622
2025-07-11,STZ,-0.05310320188944622
2025-07-11,T,0.05310320188944622
2025-07-11,TPR,0.05310320188944622
2025-07-11,TSCO,-0.05310320188944622
2025-07-11,TTWO,0.05310320188944622
2025-07-11,V,0.05310320188944622
2025-07-11,VRSN,0.05310320188944622
2025-07-11,WELL,0.05310320188944622
2025-07-18,ANET,-0.053550325582679845
2025-07-18,AOS,-0.053550325582679845
2025-07-18,ARE,-0.053550325582679845
2025-07-18,AVY,-0.053550325582679845
2025-07-18,AXON,0.053550325582679845
2025-07-18,BFB,-0.053550325582679845
2025-07-18,BIIB,-0.053550325582679845
2025-07-18,BK,0.053550325582679845
2025-07-18,CAG,-0.053550325582679845
2025-07-18,CAH,0.053550325582679845
2025-07-18,CME,0.053550325582679845
2025-07-18,CPB,-0.053550325582679845
2025-07-18,CTAS,-0.053550325582679845
2025-07-18,DECK,-0.053550325582679845
2025-07-18,DOW,-0.053550325582679845
2025-07-18,DRI,0.053550325582679845
2025-07-18,EQT,0.053550325582679845
2025-07-18,FAST,-0.053550325582679845
2025-07-18,FFIV,0.053550325582679845
2025-07-18,FOXA,0.053550325582679845
2025-07-18,FTNT,0.053550325582679845
2025-07-18,GEV,0.053550325582679845
2025-07-18,HWM,0.053550325582679845
2025-07-18,IBM,0.053550325582679845
2025-07-18,JBL,0.053550325582679845
2025-07-18,KHC,-0.053550325582679845
2025-07-18,LEN,-0.053550325582679845
2025-07-18,LRCX,-0.053550325582679845
2025-07-18,LYB,-0.053550325582679845
2025-07-18,LYV,0.053550325582679845
2025-07-18,MRK,-0.053550325582679845
2025-07-18,MRNA,-0.053550325582679845
2025-07-18,NFLX,0.053550325582679845
2025-07-18,NRG,0.053550325582679845
2025-07-18,OMC,-0.053550325582679845
2025-07-18,ORLY,-0.053550325582679845
2025-07-18,PEP,-0.053550325582679845
2025-07-18,PM,0.053550325582679845
2025-07-18,REGN,-0.053550325582679845
2025-07-18,RTX,0.053550325582679845
2025-07-18,STZ,-0.053550325582679845
2025-07-18,T,0.053550325582679845
2025-07-18,TPR,0.053550325582679845
2025-07-18,TSCO,-0.053550325582679845
2025-07-18,TTWO,0.053550325582679845
2025-07-18,VRSN,0.053550325582679845
2025-07-18,VST,0.053550325582679845
2025-07-18,WELL,0.053550325582679845
2025-07-25,ANET,-0.05336646056809536
2025-07-25,ARE,-0.05336646056809536
2025-07-25,AXON,0.05336646056809536
2025-07-25,BFB,-0.05336646056809536
2025-07-25,BIIB,-0.05336646056809536
2025-07-25,BSX,0.05336646056809536
2025-07-25,CAG,-0.05336646056809536
2025-07-25,CAH,0.05336646056809536
2025-07-25,CME,0.05336646056809536
2025-07-25,CPB,-0.05336646056809536
2025-07-25,CSCO,0.05336646056809536
2025-07-25,CTAS,-0.05336646056809536
2025-07-25,DECK,-0.05336646056809536
2025-07-25,DOW,-0.05336646056809536
2025-07-25,ELV,-0.05336646056809536
2025-07-25,FAST,-0.05336646056809536
2025-07-25,FFIV,0.05336646056809536
2025-07-25,FOX,0.05336646056809536
2025-07-25,FOXA,0.05336646056809536
2025-07-25,FTNT,0.05336646056809536
2025-07-25,GEV,0.05336646056809536
2025-07-25,GIS,-0.05336646056809536
2025-07-25,HWM,0.05336646056809536
2025-07-25,IFF,-0.05336646056809536
2025-07-25,JBL,0.05336646056809536
2025-07-25,LEN,-0.05336646056809536
2025-07-25,LRCX,-0.05336646056809536
2025-07-25,LYB,-0.05336646056809536
2025-07-25,LYV,0.05336646056809536
2025-07-25,MRK,-0.05336646056809536
2025-07-25,MRNA,-0.05336646056809536
2025-07-25,NFLX,0.05336646056809536
2025-07-25,NRG,0.05336646056809536
2025-07-25,ORLY,-0.05336646056809536
2025-07-25,PEP,-0.05336646056809536
2025-07-25,PM,0.05336646056809536
2025-07-25,RCL,0.05336646056809536
2025-07-25,REGN,-0.05336646056809536
2025-07-25,STZ,-0.05336646056809536
2025-07-25,T,0.05336646056809536
2025-07-25,TMO,-0.05336646056809536
2025-07-25,TPR,0.05336646056809536
2025-07-25,TSCO,-0.05336646056809536
2025-07-25,TTWO,0.05336646056809536
2025-07-25,VRSN,0.05336646056809536
2025-07-25,VST,0.05336646056809536
2025-07-25,WELL,0.05336646056809536
2025-07-25,WMB,0.05336646056809536
2025-08-01,ANET,-0.04765249910478803
2025-08-01,ARE,-0.04765249910478803
2025-08-01,AXON,0.04765249910478803
2025-08-01,BIIB,-0.04765249910478803
2025-08-01,BK,0.04765249910478803
2025-08-01,BKNG,0.04765249910478803
2025-08-01,CAG,-0.04765249910478803
2025-08-01,CAH,0.04765249910478803
2025-08-01,CME,0.04765249910478803
2025-08-01,CNC,-0.04765249910478803
2025-08-01,CPB,-0.04765249910478803
2025-08-01,CRWD,0.04765249910478803
2025-08-01,CSCO,0.04765249910478803
2025-08-01,CTAS,-0.04765249910478803
2025-08-01,DECK,-0.04765249910478803
2025-08-01,DOW,-0.04765249910478803
2025-08-01,EIX,-0.04765249910478803
2025-08-01,ELV,-0.04765249910478803
2025-08-01,FAST,-0.04765249910478803
2025-08-01,FOX,0.04765249910478803
2025-08-01,FOXA,0.04765249910478803
2025-08-01,FTNT,0.04765249910478803
2025-08-01,GEV,0.04765249910478803
2025-08-01,GIS,-0.04765249910478803
2025-08-01,HWM,0.04765249910478803
2025-08-01,IBM,0.04765249910478803
2025-08-01,IFF,-0.04765249910478803
2025-08-01,JBL,0.04765249910478803
2025-08-01,KHC,-0.04765249910478803
2025-08-01,LEN,-0.04765249910478803
2025-08-01,LRCX,-0.04765249910478803
2025-08-01,LYB,-0.04765249910478803
2025-08-01,LYV,0.04765249910478803
2025-08-01,NFLX,0.04765249910478803
2025-08-01,NRG,0.04765249910478803
2025-08-01,ORLY,-0.04765249910478803
2025-08-01,PEP,-0.04765249910478803
2025-08-01,PM,0.04765249910478803
2025-08-01,RCL,0.04765249910478803
2025-08-01,REGN,-0.04765249910478803
2025-08-01,STZ,-0.04765249910478803
2025-08-01,T,0.04765249910478803
2025-08-01,TMO,-0.04765249910478803
2025-08-01,TPR,0.04765249910478803
2025-08-01,TSCO,-0.04765249910478803
2025-08-01,TTWO,0.04765249910478803
2025-08-01,VRSN,0.04765249910478803
2025-08-01,VST,0.04765249910478803
2025-08-08,ANET,-0.046618290677445245
2025-08-08,ARE,-0.046618290677445245
2025-08-08,BFB,-0.046618290677445245
2025-08-08,BIIB,-0.046618290677445245
2025-08-08,BK,0.046618290677445245
2025-08-08,BKNG,0.046618290677445245
2025-08-08,CAG,-0.046618290677445245
2025-08-08,CAH,0.046618290677445245
2025-08-08,CME,0.046618290677445245
2025-08-08,CNC,-0.046618290677445245
2025-08-08,CNP,0.046618290677445245
2025-08-08,CPB,-0.046618290677445245
2025-08-08,CRWD,0.046618290677445245
2025-08-08,CSCO,0.046618290677445245
2025-08-08,CTAS,-0.046618290677445245
2025-08-08,DECK,-0.046618290677445245
2025-08-08,DOW,-0.046618290677445245
2025-08-08,EIX,-0.046618290677445245
2025-08-08,ELV,-0.046618290677445245
2025-08-08,EQT,0.046618290677445245
2025-08-08,FAST,-0.046618290677445245
2025-08-08,FFIV,0.046618290677445245
2025-08-08,GEV,0.046618290677445245
2025-08-08,GIS,-0.046618290677445245
2025-08-08,HWM,0.046618290677445245
2025-08-08,JBL,0.046618290677445245
2025-08-08,JCI,0.046618290677445245
2025-08-08,KHC,-0.046618290677445245
2025-08-08,LEN,-0.046618290677445245
2025-08-08,LRCX,-0.046618290677445245
2025-08-08,LYB,-0.046618290677445245
2025-08-08,NFLX,0.046618290677445245
2025-08-08,NRG,0.046618290677445245
2025-08-08,ORLY,-0.046618290677445245
2025-08-08,PEP,-0.046618290677445245
2025-08-08,PM,0.046618290677445245
2025-08-08,RCL,0.046618290677445245
2025-08-08,REGN,-0.046618290677445245
2025-08-08,RL,0.046618290677445245
2025-08-08,STZ,-0.046618290677445245
2025-08-08,T,0.046618290677445245
2025-08-08,TMO,-0.046618290677445245
2025-08-08,TPR,0.046618290677445245
2025-08-08,TSCO,-0.046618290677445245
2025-08-08,TTWO,0.046618290677445245
2025-08-08,UAL,0.046618290677445245
2025-08-08,VRSN,0.046618290677445245
2025-08-08,VST,0.046618290677445245
2025-08-15,ANET,-0.04835838064295165
2025-08-15,ARE,-0.04835838064295165
2025-08-15,BIIB,-0.04835838064295165
2025-08-15,BK,0.04835838064295165
2025-08-15,BKNG,0.04835838064295165
2025-08-15,CAG,-0.04835838064295165
2025-08-15,CAH,0.04835838064295165
2025-08-15,CME,0.04835838064295165
2025-08-15,CNC,-0.04835838064295165
2025-08-15,CNP,0.04835838064295165
2025-08-15,CPB,-0.04835838064295165
2025-08-15,CSCO,0.04835838064295165
2025-08-15,CTAS,-0.04835838064295165
2025-08-15,DECK,-0.04835838064295165
2025-08-15,DOW,-0.04835838064295165
2025-08-15,EIX,-0.04835838064295165
2025-08-15,ELV,-0.04835838064295165
2025-08-15,EQT,0.04835838064295165
2025-08-15,FAST,-0.04835838064295165
2025-08-15,FFIV,0.04835838064295165
2025-08-15,GEV,0.04835838064295165
2025-08-15,GIS,-0.04835838064295165
2025-08-15,HWM,0.04835838064295165
2025-08-15,IFF,-0.04835838064295165
2025-08-15,JBL,0.04835838064295165
2025-08-15,JCI,0.04835838064295165
2025-08-15,LEN,-0.04835838064295165
2025-08-15,LRCX,-0.04835838064295165
2025-08-15,LYB,-0.04835838064295165
2025-08-15,LYV,0.04835838064295165
2025-08-15,NFLX,0.04835838064295165
2025-08-15,OMC,-0.04835838064295165
2025-08-15,ORCL,0.04835838064295165
2025-08-15,ORLY,-0.04835838064295165
2025-08-15,PCG,-0.04835838064295165
2025-08-15,PM,0.04835838064295165
2025-08-15,RCL,0.04835838064295165
2025-08-15,REGN,-0.04835838064295165
2025-08-15,RL,0.04835838064295165
2025-08-15,STZ,-0.04835838064295165
2025-08-15,T,0.04835838064295165
2025-08-15,TMO,-0.04835838064295165
2025-08-15,TPR,0.04835838064295165
2025-08-15,TSCO,-0.04835838064295165
2025-08-15,TTWO,0.04835838064295165
2025-08-15,UAL,0.04835838064295165
2025-08-15,VRSN,0.04835838064295165
2025-08-15,VST,0.04835838064295165
2025-08-22,ANET,-0.05073188490724499
2025-08-22,ARE,-0.05073188490724499
2025-08-22,BIIB,-0.05073188490724499
2025-08-22,BK,0.05073188490724499
2025-08-22,CAG,-0.05073188490724499
2025-08-22,CAH,0.05073188490724499
2025-08-22,CCL,0.05073188490724499
2025-08-22,CME,0.05073188490724499
2025-08-22,CNC,-0.05073188490724499
2025-08-22,CNP,0.05073188490724499
2025-08-22,CPB,-0.05073188490724499
2025-08-22,CTAS,-0.05073188490724499
2025-08-22,DECK,-0.05073188490724499
2025-08-22,DOW,-0.05073188490724499
2025-08-22,EIX,-0.05073188490724499
2025-08-22,ELV,-0.05073188490724499
2025-08-22,ENPH,-0.05073188490724499
2025-08-22,FAST,-0.05073188490724499
2025-08-22,FFIV,0.05073188490724499
2025-08-22,GE,0.05073188490724499
2025-08-22,GEV,0.05073188490724499
2025-08-22,GIS,-0.05073188490724499
2025-08-22,HWM,0.05073188490724499
2025-08-22,IFF,-0.05073188490724499
2025-08-22,JBL,0.05073188490724499
2025-08-22,JCI,0.05073188490724499
2025-08-22,LEN,-0.05073188490724499
2025-08-22,LMT,-0.05073188490724499
2025-08-22,LRCX,-0.05073188490724499
2025-08-22,LYB,-0.05073188490724499
2025-08-22,LYV,0.05073188490724499
2025-08-22,MOH,-0.05073188490724499
2025-08-22,NFLX,0.05073188490724499
2025-08-22,NI,0.05073188490724499
2025-08-22,NRG,0.05073188490724499
2025-08-22,ORLY,-0.05073188490724499
2025-08-22,RCL,0.05073188490724499
2025-08-22,REGN,-0.05073188490724499
2025-08-22,RL,0.05073188490724499
2025-08-22,SCHW,0.05073188490724499
2025-08-22,T,0.05073188490724499
2025-08-22,TPR,0.05073188490724499
2025-08-22,TSCO,-0.05073188490724499
2025-08-22,UAL,0.05073188490724499
2025-08-22,UNH,-0.05073188490724499
2025-08-22,VRSN,0.05073188490724499
2025-08-22,VST,0.05073188490724499
2025-08-22,WELL,0.05073188490724499
2025-08-29,ANET,-0.049643983759663286
2025-08-29,ARE,-0.049643983759663286
2025-08-29,AVY,-0.049643983759663286
2025-08-29,AXON,0.049643983759663286
2025-08-29,BIIB,-0.049643983759663286
2025-08-29,BK,0.049643983759663286
2025-08-29,CAG,-0.049643983759663286
2025-08-29,CME,0.049643983759663286
2025-08-29,CNC,-0.049643983759663286
2025-08-29,CNP,0.049643983759663286
2025-08-29,CPB,-0.049643983759663286
2025-08-29,CRWD,0.049643983759663286
2025-08-29,CTAS,-0.049643983759663286
2025-08-29,DECK,-0.049643983759663286
2025-08-29,DOW,-0.049643983759663286
2025-08-29,EIX,-0.049643983759663286
2025-08-29,ELV,-0.049643983759663286
2025-08-29,FAST,-0.049643983759663286
2025-08-29,FFIV,0.049643983759663286
2025-08-29,GE,0.049643983759663286
2025-08-29,GEV,0.049643983759663286
2025-08-29,GIS,-0.049643983759663286
2025-08-29,HWM,0.049643983759663286
2025-08-29,IFF,-0.049643983759663286
2025-08-29,IT,-0.049643983759663286
2025-08-29,JBL,0.049643983759663286
2025-08-29,LEN,-0.049643983759663286
2025-08-29,LMT,-0.049643983759663286
2025-08-29,LRCX,-0.049643983759663286
2025-08-29,LYB,-0.049643983759663286
2025-08-29,LYV,0.049643983759663286
2025-08-29,MOH,-0.049643983759663286
2025-08-29,MRK,-0.049643983759663286
2025-08-29,NFLX,0.049643983759663286
2025-08-29,NI,0.049643983759663286
2025-08-29,NRG,0.049643983759663286
2025-08-29,ORCL,0.049643983759663286
2025-08-29,RCL,0.049643983759663286
2025-08-29,REGN,-0.049643983759663286
2025-08-29,RL,0.049643983759663286
2025-08-29,SCHW,0.049643983759663286
2025-08-29,T,0.049643983759663286
2025-08-29,TPR,0.049643983759663286
2025-08-29,TSCO,-0.049643983759663286
2025-08-29,UAL,0.049643983759663286
2025-08-29,VRSN,0.049643983759663286
2025-08-29,VST,0.049643983759663286
2025-08-29,WELL,0.049643983759663286
2025-09-05,ADBE,-0.0498086215274513
2025-09-05,ANET,-0.0498086215274513
2025-09-05,APH,0.0498086215274513
2025-09-05,ARE,-0.0498086215274513
2025-09-05,AVGO,0.0498086215274513
2025-09-05,AXON,0.0498086215274513
2025-09-05,BIIB,-0.0498086215274513
2025-09-05,BK,0.0498086215274513
2025-09-05,CAG,-0.0498086215274513
2025-09-05,CLX,-0.0498086215274513
2025-09-05,CME,0.0498086215274513
2025-09-05,CNC,-0.0498086215274513
2025-09-05,CNP,0.0498086215274513
2025-09-05,CPB,-0.0498086215274513
2025-09-05,CSCO,0.0498086215274513
2025-09-05,CTAS,-0.0498086215274513
2025-09-05,DECK,-0.0498086215274513
2025-09-05,DOW,-0.0498086215274513
2025-09-05,EIX,-0.0498086215274513
2025-09-05,ELV,-0.0498086215274513
2025-09-05,ENPH,-0.0498086215274513
2025-09-05,FFIV,0.0498086215274513
2025-09-05,GE,0.0498086215274513
2025-09-05,GEV,0.0498086215274513
2025-09-05,GIS,-0.0498086215274513
2025-09-05,GLW,0.0498086215274513
2025-09-05,HWM,0.0498086215274513
2025-09-05,IFF,-0.0498086215274513
2025-09-05,IT,-0.0498086215274513
2025-09-05,JBL,0.0498086215274513
2025-09-05,JCI,0.0498086215274513
2025-09-05,LRCX,-0.0498086215274513
2025-09-05,LYB,-0.0498086215274513
2025-09-05,LYV,0.0498086215274513
2025-09-05,MOH,-0.0498086215274513
2025-09-05,MRK,-0.0498086215274513
2025-09-05,NFLX,0.0498086215274513
2025-09-05,NRG,0.0498086215274513
2025-09-05,RCL,0.0498086215274513
2025-09-05,REGN,-0.0498086215274513
2025-09-05,SCHW,0.0498086215274513
2025-09-05,T,0.0498086215274513
2025-09-05,TPR,0.0498086215274513
2025-09-05,TSCO,-0.0498086215274513
2025-09-05,UNH,-0.0498086215274513
2025-09-05,VRSN,0.0498086215274513
2025-09-05,VST,0.0498086215274513
2025-09-05,WELL,0.0498086215274513
2025-09-12,ACN,-0.05206582434733591
2025-09-12,ADBE,-0.05206582434733591
2025-09-12,ANET,-0.05206582434733591
2025-09-12,APH,0.05206582434733591
2025-09-12,ARE,-0.05206582434733591
2025-09-12,BIIB,-0.05206582434733591
2025-09-12,BK,0.05206582434733591
2025-09-12,C,0.05206582434733591
2025-09-12,CAG,-0.05206582434733591
2025-09-12,CLX,-0.05206582434733591
2025-09-12,CNC,-0.05206582434733591
2025-09-12,CNP,0.05206582434733591
2025-09-12,CPB,-0.05206582434733591
2025-09-12,CSCO,0.05206582434733591
2025-09-12,DECK,-0.05206582434733591
2025-09-12,DOW,-0.05206582434733591
2025-09-12,ELV,-0.05206582434733591
2025-09-12,ENPH,-0.05206582434733591
2025-09-12,FAST,-0.05206582434733591
2025-09-12,FFIV,0.05206582434733591
2025-09-12,FOX,0.05206582434733591
2025-09-12,FOXA,0.05206582434733591
2025-09-12,GE,0.05206582434733591
2025-09-12,GEV,0.05206582434733591
2025-09-12,GIS,-0.05206582434733591
2025-09-12,GLW,0.05206582434733591
2025-09-12,GS,0.05206582434733591
2025-09-12,HWM,0.05206582434733591
2025-09-12,IFF,-0.05206582434733591
2025-09-12,IT,-0.05206582434733591
2025-09-12,JBL,0.05206582434733591
2025-09-12,LRCX,-0.05206582434733591
2025-09-12,LYB,-0.05206582434733591
2025-09-12,LYV,0.05206582434733591
2025-09-12,MOH,-0.05206582434733591
2025-09-12,NFLX,0.05206582434733591
2025-09-12,NRG,0.05206582434733591
2025-09-12,ORLY,-0.05206582434733591
2025-09-12,RCL,0.05206582434733591
2025-09-12,REGN,-0.05206582434733591
2025-09-12,SCHW,0.05206582434733591
2025-09-12,STZ,-0.05206582434733591
2025-09-12,TPR,0.05206582434733591
2025-09-12,TSCO,-0.05206582434733591
2025-09-12,TTWO,0.05206582434733591
2025-09-12,UAL,0.05206582434733591
2025-09-12,VRSN,0.05206582434733591
2025-09-12,VST,0.05206582434733591
2025-09-19,ANET,-0.056376732285998946
2025-09-19,APH,0.056376732285998946
2025-09-19,ARE,-0.056376732285998946
2025-09-19,AXON,0.056376732285998946
2025-09-19,BIIB,-0.056376732285998946
2025-09-19,BK,0.056376732285998946
2025-09-19,CAG,-0.056376732285998946
2025-09-19,CAH,0.056376732285998946
2025-09-19,CLX,-0.056376732285998946
2025-09-19,CME,0.056376732285998946
2025-09-19,CNC,-0.056376732285998946
2025-09-19,CNP,0.056376732285998946
2025-09-19,CPB,-0.056376732285998946
2025-09-19,DOW,-0.056376732285998946
2025-09-19,EBAY,0.056376732285998946
2025-09-19,EIX,-0.056376732285998946
2025-09-19,ELV,-0.056376732285998946
2025-09-19,EMN,-0.056376732285998946
2025-09-19,ENPH,-0.056376732285998946
2025-09-19,FAST,-0.056376732285998946
2025-09-19,FFIV,0.056376732285998946
2025-09-19,FOX,0.056376732285998946
2025-09-19,FOXA,0.056376732285998946
2025-09-19,FTV,-0.056376732285998946
2025-09-19,GEV,0.056376732285998946
2025-09-19,GIS,-0.056376732285998946
2025-09-19,HWM,0.056376732285998946
2025-09-19,IFF,-0.056376732285998946
2025-09-19,IT,-0.056376732285998946
2025-09-19,JBL,0.056376732285998946
2025-09-19,LRCX,-0.056376732285998946
2025-09-19,LYB,-0.056376732285998946
2025-09-19,LYV,0.056376732285998946
2025-09-19,MO,0.056376732285998946
2025-09-19,NFLX,0.056376732285998946
2025-09-19,ORLY,-0.056376732285998946
2025-09-19,RCL,0.056376732285998946
2025-09-19,REGN,-0.056376732285998946
2025-09-19,RTX,0.056376732285998946
2025-09-19,SCHW,0.056376732285998946
2025-09-19,STZ,-0.056376732285998946
2025-09-19,T,0.056376732285998946
2025-09-19,TPR,0.056376732285998946
2025-09-19,TSCO,-0.056376732285998946
2025-09-19,TTWO,0.056376732285998946
2025-09-19,UPS,-0.056376732285998946
2025-09-19,VRSN,0.056376732285998946
2025-09-19,VST,0.056376732285998946
2025-09-26,ANET,-0.05536178340720996
2025-09-26,APH,0.05536178340720996
2025-09-26,AVY,-0.05536178340720996
2025-09-26,AXON,0.05536178340720996
2025-09-26,BIIB,-0.05536178340720996
2025-09-26,BK,0.05536178340720996
2025-09-26,C,0.05536178340720996
2025-09-26,CAG,-0.05536178340720996
2025-09-26,CAH,0.05536178340720996
2025-09-26,CLX,-0.05536178340720996
2025-09-26,CNC,-0.05536178340720996
2025-09-26,CNP,0.05536178340720996
2025-09-26,COO,-0.05536178340720996
2025-09-26,CPB,-0.05536178340720996
2025-09-26,DOW,-0.05536178340720996
2025-09-26,EIX,-0.05536178340720996
2025-09-26,ELV,-0.05536178340720996
2025-09-26,EMN,-0.05536178340720996
2025-09-26,FAST,-0.05536178340720996
2025-09-26,FFIV,0.05536178340720996
2025-09-26,FTV,-0.05536178340720996
2025-09-26,GE,0.05536178340720996
2025-09-26,GEV,0.05536178340720996
2025-09-26,GIS,-0.05536178340720996
2025-09-26,GLW,0.05536178340720996
2025-09-26,HWM,0.05536178340720996
2025-09-26,IFF,-0.05536178340720996
2025-09-26,IT,-0.05536178340720996
2025-09-26,JPM,0.05536178340720996
2025-09-26,LRCX,-0.05536178340720996
2025-09-26,LYB,-0.05536178340720996
2025-09-26,LYV,0.05536178340720996
2025-09-26,MO,0.05536178340720996
2025-09-26,NFLX,0.05536178340720996
2025-09-26,ORLY,-0.05536178340720996
2025-09-26,PLTR,0.05536178340720996
2025-09-26,RCL,0.05536178340720996
2025-09-26,REGN,-0.05536178340720996
2025-09-26,RTX,0.05536178340720996
2025-09-26,SCHW,0.05536178340720996
2025-09-26,STZ,-0.05536178340720996
2025-09-26,T,0.05536178340720996
2025-09-26,TPR,0.05536178340720996
2025-09-26,TSCO,-0.05536178340720996
2025-09-26,TTWO,0.05536178340720996
2025-09-26,UPS,-0.05536178340720996
2025-09-26,VRSN,0.05536178340720996
2025-09-26,WELL,0.05536178340720996
2025-10-03,ACN,-0.05313505531600999
2025-10-03,AMCR,-0.05313505531600999
2025-10-03,ANET,-0.05313505531600999
2025-10-03,APH,0.05313505531600999
2025-10-03,BFB,-0.05313505531600999
2025-10-03,BK,0.05313505531600999
2025-10-03,C,0.05313505531600999
2025-10-03,CAG,-0.05313505531600999
2025-10-03,CAH,0.05313505531600999
2025-10-03,CCL,0.05313505531600999
2025-10-03,CLX,-0.05313505531600999
2025-10-03,CNC,-0.05313505531600999
2025-10-03,COO,-0.05313505531600999
2025-10-03,CPB,-0.05313505531600999
2025-10-03,DOW,-0.05313505531600999
2025-10-03,EIX,-0.05313505531600999
2025-10-03,ELV,-0.05313505531600999
2025-10-03,ERIE,-0.05313505531600999
2025-10-03,FAST,-0.05313505531600999
2025-10-03,FFIV,0.05313505531600999
2025-10-03,FOXA,0.05313505531600999
2025-10-03,GE,0.05313505531600999
2025-10-03,GEV,0.05313505531600999
2025-10-03,GIS,-0.05313505531600999
2025-10-03,GLW,0.05313505531600999
2025-10-03,GS,0.05313505531600999
2025-10-03,HWM,0.05313505531600999
2025-10-03,IFF,-0.05313505531600999
2025-10-03,IT,-0.05313505531600999
2025-10-03,JBL,0.05313505531600999
2025-10-03,JPM,0.05313505531600999
2025-10-03,LMT,-0.05313505531600999
2025-10-03,LYB,-0.05313505531600999
2025-10-03,MO,0.05313505531600999
2025-10-03,NFLX,0.05313505531600999
2025-10-03,ORLY,-0.05313505531600999
2025-10-03,PLTR,0.05313505531600999
2025-10-03,RCL,0.05313505531600999
2025-10-03,REGN,-0.05313505531600999
2025-10-03,RL,0.05313505531600999
2025-10-03,SCHW,0.05313505531600999
2025-10-03,STZ,-0.05313505531600999
2025-10-03,T,0.05313505531600999
2025-10-03,TPR,0.05313505531600999
2025-10-03,TSCO,-0.05313505531600999
2025-10-03,TTWO,0.05313505531600999
2025-10-03,UPS,-0.05313505531600999
2025-10-03,VRSN,0.05313505531600999
2025-10-10,ACN,-0.05426084779633232
2025-10-10,ANET,-0.05426084779633232
2025-10-10,APH,0.05426084779633232
2025-10-10,AVGO,0.05426084779633232
2025-10-10,BFB,-0.05426084779633232
2025-10-10,BK,0.05426084779633232
2025-10-10,C,0.05426084779633232
2025-10-10,CAG,-0.05426084779633232
2025-10-10,CAH,0.05426084779633232
2025-10-10,CLX,-0.05426084779633232
2025-10-10,CMG,-0.05426084779633232
2025-10-10,CNP,0.05426084779633232
2025-10-10,COO,-0.05426084779633232
2025-10-10,CPB,-0.05426084779633232
2025-10-10,DOW,-0.05426084779633232
2025-10-10,ELV,-0.05426084779633232
2025-10-10,EMN,-0.05426084779633232
2025-10-10,ERIE,-0.05426084779633232
2025-10-10,FAST,-0.05426084779633232
2025-10-10,FFIV,0.05426084779633232
2025-10-10,GEV,0.05426084779633232
2025-10-10,GIS,-0.05426084779633232
2025-10-10,GLW,0.05426084779633232
2025-10-10,GS,0.05426084779633232
2025-10-10,HWM,0.05426084779633232
2025-10-10,IFF,-0.05426084779633232
2025-10-10,IT,-0.05426084779633232
2025-10-10,JBL,0.05426084779633232
2025-10-10,JPM,0.05426084779633232
2025-10-10,KHC,-0.05426084779633232
2025-10-10,LYB,-0.05426084779633232
2025-10-10,LYV,0.05426084779633232
2025-10-10,MO,0.05426084779633232
2025-10-10,NFLX,0.05426084779633232
2025-10-10,ORLY,-0.05426084779633232
2025-10-10,PLTR,0.05426084779633232
2025-10-10,RCL,0.05426084779633232
2025-10-10,REGN,-0.05426084779633232
2025-10-10,STZ,-0.05426084779633232
2025-10-10,T,0.05426084779633232
2025-10-10,TGT,-0.05426084779633232
2025-10-10,TPR,0.05426084779633232
2025-10-10,TSCO,-0.05426084779633232
2025-10-10,TTWO,0.05426084779633232
2025-10-10,UPS,-0.05426084779633232
2025-10-10,VRSN,0.05426084779633232
2025-10-10,WBD,0.05426084779633232
2025-10-10,WELL,0.05426084779633232
2025-10-17,ACN,-0.056685586514753306
2025-10-17,AMCR,-0.056685586514753306
2025-10-17,ANET,-0.056685586514753306
2025-10-17,APH,0.056685586514753306
2025-10-17,AVGO,0.056685586514753306
2025-10-17,AVY,-0.056685586514753306
2025-10-17,BFB,-0.056685586514753306
2025-10-17,BK,0.056685586514753306
2025-10-17,C,0.056685586514753306
2025-10-17,CAG,-0.056685586514753306
2025-10-17,CAH,0.056685586514753306
2025-10-17,CLX,-0.056685586514753306
2025-10-17,COO,-0.056685586514753306
2025-10-17,CPB,-0.056685586514753306
2025-10-17,DOW,-0.056685586514753306
2025-10-17,EIX,-0.056685586514753306
2025-10-17,EMN,-0.056685586514753306
2025-10-17,FAST,-0.056685586514753306
2025-10-17,FDS,-0.056685586514753306
2025-10-17,FFIV,0.056685586514753306
2025-10-17,GE,0.056685586514753306
2025-10-17,GEV,0.056685586514753306
2025-10-17,GIS,-0.056685586514753306
2025-10-17,GLW,0.056685586514753306
2025-10-17,GOOG,0.056685586514753306
2025-10-17,GOOGL,0.056685586514753306
2025-10-17,GS,0.056685586514753306
2025-10-17,HWM,0.056685586514753306
2025-10-17,IFF,-0.056685586514753306
2025-10-17,IT,-0.056685586514753306
2025-10-17,JBL,0.056685586514753306
2025-10-17,KHC,-0.056685586514753306
2025-10-17,LRCX,0.056685586514753306
2025-10-17,LYB,-0.056685586514753306
2025-10-17,NFLX,0.056685586514753306
2025-10-17,NRG,0.056685586514753306
2025-10-17,ORLY,-0.056685586514753306
2025-10-17,PLTR,0.056685586514753306
2025-10-17,STX,0.056685586514753306
2025-10-17,STZ,-0.056685586514753306
2025-10-17,T,0.056685586514753306
2025-10-17,TGT,-0.056685586514753306
2025-10-17,TPR,0.056685586514753306
2025-10-17,TSCO,-0.056685586514753306
2025-10-17,TTWO,0.056685586514753306
2025-10-17,UPS,-0.056685586514753306
2025-10-17,VRSN,0.056685586514753306
2025-10-17,WBD,0.056685586514753306
2025-10-24,ACN,-0.05578258298684863
2025-10-24,AMCR,-0.05578258298684863
2025-10-24,ANET,-0.05578258298684863
2025-10-24,APH,0.05578258298684863
2025-10-24,AVGO,0.05578258298684863
2025-10-24,BFB,-0.05578258298684863
2025-10-24,BK,0.05578258298684863
2025-10-24,C,0.05578258298684863
2025-10-24,CAG,-0.05578258298684863
2025-10-24,CLX,-0.05578258298684863
2025-10-24,CMG,-0.05578258298684863
2025-10-24,CNP,0.05578258298684863
2025-10-24,COO,-0.05578258298684863
2025-10-24,CPB,-0.05578258298684863
2025-10-24,DOW,-0.05578258298684863
2025-10-24,EIX,-0.05578258298684863
2025-10-24,EMN,-0.05578258298684863
2025-10-24,FAST,-0.05578258298684863
2025-10-24,FDS,-0.05578258298684863
2025-10-24,FFIV,0.05578258298684863
2025-10-24,FOXA,0.05578258298684863
2025-10-24,GE,0.05578258298684863
2025-10-24,GEV,0.05578258298684863
2025-10-24,GIS,-0.05578258298684863
2025-10-24,GLW,0.05578258298684863
2025-10-24,GOOG,0.05578258298684863
2025-10-24,GOOGL,0.05578258298684863
2025-10-24,HWM,0.05578258298684863
2025-10-24,IFF,-0.05578258298684863
2025-10-24,IT,-0.05578258298684863
2025-10-24,JBL,0.05578258298684863
2025-10-24,KHC,-0.05578258298684863
2025-10-24,LYB,-0.05578258298684863
2025-10-24,MO,0.05578258298684863
2025-10-24,NEM,0.05578258298684863
2025-10-24,NFLX,0.05578258298684863
2025-10-24,NRG,0.05578258298684863
2025-10-24,ORLY,-0.05578258298684863
2025-10-24,PLTR,0.05578258298684863
2025-10-24,STX,0.05578258298684863
2025-10-24,STZ,-0.05578258298684863
2025-10-24,TGT,-0.05578258298684863
2025-10-24,TPR,0.05578258298684863
2025-10-24,TSCO,-0.05578258298684863
2025-10-24,TTWO,0.05578258298684863
2025-10-24,UPS,-0.05578258298684863
2025-10-24,VRSN,0.05578258298684863
2025-10-24,WBD,0.05578258298684863
2025-10-31,ACN,-0.04714372597981212
2025-10-31,AMCR,-0.04714372597981212
2025-10-31,ANET,-0.04714372597981212
2025-10-31,APH,0.04714372597981212
2025-10-31,AVGO,0.04714372597981212
2025-10-31,AVY,-0.04714372597981212
2025-10-31,AZO,0.04714372597981212
2025-10-31,BK,0.04714372597981212
2025-10-31,CAG,-0.04714372597981212
2025-10-31,CAH,0.04714372597981212
2025-10-31,CLX,-0.04714372597981212
2025-10-31,CMCSA,-0.04714372597981212
2025-10-31,CNP,0.04714372597981212
2025-10-31,COO,-0.04714372597981212
2025-10-31,CPB,-0.04714372597981212
2025-10-31,DOW,-0.04714372597981212
2025-10-31,EIX,-0.04714372597981212
2025-10-31,EMN,-0.04714372597981212
2025-10-31,FAST,-0.04714372597981212
2025-10-31,FDS,-0.04714372597981212
2025-10-31,FOXA,0.04714372597981212
2025-10-31,GE,0.04714372597981212
2025-10-31,GEV,0.04714372597981212
2025-10-31,GIS,-0.04714372597981212
2025-10-31,GLW,0.04714372597981212
2025-10-31,HWM,0.04714372597981212
2025-10-31,IFF,-0.04714372597981212
2025-10-31,IT,-0.04714372597981212
2025-10-31,JBL,0.04714372597981212
2025-10-31,KHC,-0.04714372597981212
2025-10-31,KLAC,0.04714372597981212
2025-10-31,LRCX,0.04714372597981212
2025-10-31,LYB,-0.04714372597981212
2025-10-31,MCK,0.04714372597981212
2025-10-31,NEM,0.04714372597981212
2025-10-31,NRG,0.04714372597981212
2025-10-31,ORLY,-0.04714372597981212
2025-10-31,PLTR,0.04714372597981212
2025-10-31,RTX,0.04714372597981212
2025-10-31,STX,0.04714372597981212
2025-10-31,STZ,-0.04714372597981212
2025-10-31,TGT,-0.04714372597981212
2025-10-31,TPR,0.04714372597981212
2025-10-31,TSCO,-0.04714372597981212
2025-10-31,TTWO,0.04714372597981212
2025-10-31,UPS,-0.04714372597981212
2025-10-31,VRSN,0.04714372597981212
2025-10-31,WBD,0.04714372597981212
2025-11-07,ACN,-0.0472411010909645
2025-11-07,ANET,-0.0472411010909645
2025-11-07,APH,0.0472411010909645
2025-11-07,ARE,-0.0472411010909645
2025-11-07,ATO,0.0472411010909645
2025-11-07,AVGO,0.0472411010909645
2025-11-07,AVY,-0.0472411010909645
2025-11-07,BK,0.0472411010909645
2025-11-07,CAG,-0.0472411010909645
2025-11-07,CAH,0.0472411010909645
2025-11-07,CLX,-0.0472411010909645
2025-11-07,CMCSA,-0.0472411010909645
2025-11-07,CNP,0.0472411010909645
2025-11-07,CPB,-0.0472411010909645
2025-11-07,DOW,-0.0472411010909645
2025-11-07,EIX,-0.0472411010909645
2025-11-07,EMN,-0.0472411010909645
2025-11-07,EVRG,0.0472411010909645
2025-11-07,FAST,-0.0472411010909645
2025-11-07,FDS,-0.0472411010909645
2025-11-07,FFIV,0.0472411010909645
2025-11-07,FI,-0.0472411010909645
2025-11-07,GE,0.0472411010909645
2025-11-07,GEV,0.0472411010909645
2025-11-07,GIS,-0.0472411010909645
2025-11-07,GLW,0.0472411010909645
2025-11-07,HWM,0.0472411010909645
2025-11-07,IFF,-0.0472411010909645
2025-11-07,IT,-0.0472411010909645
2025-11-07,KHC,-0.0472411010909645
2025-11-07,L,0.0472411010909645
2025-11-07,LRCX,0.0472411010909645
2025-11-07,LYB,-0.0472411010909645
2025-11-07,NEM,0.0472411010909645
2025-11-07,NFLX,0.0472411010909645
2025-11-07,NRG,0.0472411010909645
2025-11-07,ORLY,-0.0472411010909645
2025-11-07,PLTR,0.0472411010909645
2025-11-07,RTX,0.0472411010909645
2025-11-07,STX,0.0472411010909645
2025-11-07,STZ,-0.0472411010909645
2025-11-07,TGT,-0.0472411010909645
2025-11-07,TPR,0.0472411010909645
2025-11-07,TSCO,-0.0472411010909645
2025-11-07,TTWO,0.0472411010909645
2025-11-07,UPS,-0.0472411010909645
2025-11-07,VRSN,0.0472411010909645
2025-11-07,WRB,0.0472411010909645
2025-11-14,ACN,-0.0459716499004206
2025-11-14,ADBE,-0.0459716499004206
2025-11-14,ANET,-0.0459716499004206
2025-11-14,APH,0.0459716499004206
2025-11-14,AVGO,0.0459716499004206
2025-11-14,BA,0.0459716499004206
2025-11-14,BK,0.0459716499004206
2025-11-14,CAG,-0.0459716499004206
2025-11-14,CLX,-0.0459716499004206
2025-11-14,CMCSA,-0.0459716499004206
2025-11-14,CNP,0.0459716499004206
2025-11-14,CPB,-0.0459716499004206
2025-11-14,DOW,-0.0459716499004206
2025-11-14,FAST,-0.0459716499004206
2025-11-14,FDS,-0.0459716499004206
2025-11-14,FI,-0.0459716499004206
2025-11-14,GE,0.0459716499004206
2025-11-14,GEV,0.0459716499004206
2025-11-14,GIS,-0.0459716499004206
2025-11-14,GLW,0.0459716499004206
2025-11-14,HWM,0.0459716499004206
2025-11-14,IFF,-0.0459716499004206
2025-11-14,IT,-0.0459716499004206
2025-11-14,JBL,0.0459716499004206
2025-11-14,KLAC,0.0459716499004206
2025-11-14,KVUE,-0.0459716499004206
2025-11-14,LRCX,0.0459716499004206
2025-11-14,LYB,-0.0459716499004206
2025-11-14,MU,0.0459716499004206
2025-11-14,NEM,0.0459716499004206
2025-11-14,NRG,0.0459716499004206
2025-11-14,ODFL,-0.0459716499004206
2025-11-14,OKE,-0.0459716499004206
2025-11-14,OMC,-0.0459716499004206
2025-11-14,ORLY,-0.0459716499004206
2025-11-14,PLTR,0.0459716499004206
2025-11-14,RTX,0.0459716499004206
2025-11-14,SMCI,0.0459716499004206
2025-11-14,STX,0.0459716499004206
2025-11-14,STZ,-0.0459716499004206
2025-11-14,TEL,0.0459716499004206
2025-11-14,TGT,-0.0459716499004206
2025-11-14,TPR,0.0459716499004206
2025-11-14,TSCO,-0.0459716499004206
2025-11-14,TTWO,0.0459716499004206
2025-11-14,UPS,-0.0459716499004206
2025-11-14,VRSN,0.0459716499004206
2025-11-14,WDC,0.0459716499004206
2025-11-21,ACN,-0.045707033495320716
2025-11-21,ANET,-0.045707033495320716
2025-11-21,APH,0.045707033495320716
2025-11-21,AVGO,0.045707033495320716
2025-11-21,BK,0.045707033495320716
2025-11-21,CAG,-0.045707033495320716
2025-11-21,CHD,-0.045707033495320716
2025-11-21,CLX,-0.045707033495320716
2025-11-21,CMCSA,-0.045707033495320716
2025-11-21,CMG,-0.045707033495320716
2025-11-21,CNP,0.045707033495320716
2025-11-21,COR,0.045707033495320716
2025-11-21,CPB,-0.045707033495320716
2025-11-21,DOW,-0.045707033495320716
2025-11-21,EBAY,0.045707033495320716
2025-11-21,EIX,-0.045707033495320716
2025-11-21,FAST,-0.045707033495320716
2025-11-21,FDS,-0.045707033495320716
2025-11-21,GDDY,-0.045707033495320716
2025-11-21,GE,0.045707033495320716
2025-11-21,GEV,0.045707033495320716
2025-11-21,GIS,-0.045707033495320716
2025-11-21,GLW,0.045707033495320716
2025-11-21,GOOG,0.045707033495320716
2025-11-21,GOOGL,0.045707033495320716
2025-11-21,HWM,0.045707033495320716
2025-11-21,IFF,-0.045707033495320716
2025-11-21,IT,-0.045707033495320716
2025-11-21,KLAC,0.045707033495320716
2025-11-21,KVUE,-0.045707033495320716
2025-11-21,LRCX,0.045707033495320716
2025-11-21,LYB,-0.045707033495320716
2025-11-21,MPWR,0.045707033495320716
2025-11-21,MU,0.045707033495320716
2025-11-21,NEM,0.045707033495320716
2025-11-21,ODFL,-0.045707033495320716
2025-11-21,OKE,-0.045707033495320716
2025-11-21,ORLY,-0.045707033495320716
2025-11-21,PLTR,0.045707033495320716
2025-11-21,RL,0.045707033495320716
2025-11-21,RTX,0.045707033495320716
2025-11-21,STX,0.045707033495320716
2025-11-21,STZ,-0.045707033495320716
2025-11-21,TEL,0.045707033495320716
2025-11-21,TPR,0.045707033495320716
2025-11-21,TSCO,-0.045707033495320716
2025-11-21,UPS,-0.045707033495320716
2025-11-21,WBD,0.045707033495320716
2025-11-28,ANET,-0.04438753045268261
2025-11-28,APH,0.04438753045268261
2025-11-28,ARE,-0.04438753045268261
2025-11-28,AVB,-0.04438753045268261
2025-11-28,AVGO,0.04438753045268261
2025-11-28,BK,0.04438753045268261
2025-11-28,CAG,-0.04438753045268261
2025-11-28,CAH,0.04438753045268261
2025-11-28,CHD,-0.04438753045268261
2025-11-28,CLX,-0.04438753045268261
2025-11-28,CMCSA,-0.04438753045268261
2025-11-28,CMG,-0.04438753045268261
2025-11-28,COR,0.04438753045268261
2025-11-28,CPB,-0.04438753045268261
2025-11-28,DOW,-0.04438753045268261
2025-11-28,EIX,-0.04438753045268261
2025-11-28,FAST,-0.04438753045268261
2025-11-28,FDS,-0.04438753045268261
2025-11-28,GDDY,-0.04438753045268261
2025-11-28,GE,0.04438753045268261
2025-11-28,GIS,-0.04438753045268261
2025-11-28,GLW,0.04438753045268261
2025-11-28,GOOG,0.04438753045268261
2025-11-28,GOOGL,0.04438753045268261
2025-11-28,HCA,0.04438753045268261
2025-11-28,HII,0.04438753045268261
2025-11-28,HRL,-0.04438753045268261
2025-11-28,HWM,0.04438753045268261
2025-11-28,IFF,-0.04438753045268261
2025-11-28,IT,-0.04438753045268261
2025-11-28,JBL,0.04438753045268261
2025-11-28,KLAC,0.04438753045268261
2025-11-28,LRCX,0.04438753045268261
2025-11-28,LYB,-0.04438753045268261
2025-11-28,MPWR,0.04438753045268261
2025-11-28,MU,0.04438753045268261
2025-11-28,NEM,0.04438753045268261
2025-11-28,OKE,-0.04438753045268261
2025-11-28,PLTR,0.04438753045268261
2025-11-28,RTX,0.04438753045268261
2025-11-28,STX,0.04438753045268261
2025-11-28,STZ,-0.04438753045268261
2025-11-28,TEL,0.04438753045268261
2025-11-28,TPR,0.04438753045268261
2025-11-28,TSCO,-0.04438753045268261
2025-11-28,UDR,-0.04438753045268261
2025-11-28,VRSK,-0.04438753045268261
2025-11-28,WBD,0.04438753045268261
2025-12-05,ACN,-0.04439898925422601
2025-12-05,APH,0.04439898925422601
2025-12-05,ARE,-0.04439898925422601
2025-12-05,AVGO,0.04439898925422601
2025-12-05,BRO,-0.04439898925422601
2025-12-05,CAG,-0.04439898925422601
2025-12-05,CAH,0.04439898925422601
2025-12-05,CLX,-0.04439898925422601
2025-12-05,CMCSA,-0.04439898925422601
2025-12-05,CMG,-0.04439898925422601
2025-12-05,COR,0.04439898925422601
2025-12-05,CPB,-0.04439898925422601
2025-12-05,CPRT,-0.04439898925422601
2025-12-05,DECK,-0.04439898925422601
2025-12-05,DOW,-0.04439898925422601
2025-12-05,FAST,-0.04439898925422601
2025-12-05,FDS,-0.04439898925422601
2025-12-05,GDDY,-0.04439898925422601
2025-12-05,GE,0.04439898925422601
2025-12-05,GIS,-0.04439898925422601
2025-12-05,GLW,0.04439898925422601
2025-12-05,GOOG,0.04439898925422601
2025-12-05,GOOGL,0.04439898925422601
2025-12-05,HCA,0.04439898925422601
2025-12-05,HII,0.04439898925422601
2025-12-05,HRL,-0.04439898925422601
2025-12-05,HWM,0.04439898925422601
2025-12-05,IDXX,0.04439898925422601
2025-12-05,IFF,-0.04439898925422601
2025-12-05,IT,-0.04439898925422601
2025-12-05,JCI,0.04439898925422601
2025-12-05,KLAC,0.04439898925422601
2025-12-05,LRCX,0.04439898925422601
2025-12-05,LYB,-0.04439898925422601
2025-12-05,MCK,0.04439898925422601
2025-12-05,MU,0.04439898925422601
2025-12-05,NEM,0.04439898925422601
2025-12-05,OKE,-0.04439898925422601
2025-12-05,PLTR,0.04439898925422601
2025-12-05,RTX,0.04439898925422601
2025-12-05,STX,0.04439898925422601
2025-12-05,STZ,-0.04439898925422601
2025-12-05,TEL,0.04439898925422601
2025-12-05,TSCO,-0.04439898925422601
2025-12-05,UDR,-0.04439898925422601
2025-12-05,VRSK,-0.04439898925422601
2025-12-05,WDC,0.04439898925422601
2025-12-05,WELL,0.04439898925422601
2025-12-12,ACN,-0.04311180123667511
2025-12-12,AEP,0.04311180123667511
2025-12-12,APH,0.04311180123667511
2025-12-12,ARE,-0.04311180123667511
2025-12-12,AVGO,0.04311180123667511
2025-12-12,BK,0.04311180123667511
2025-12-12,CAG,-0.04311180123667511
2025-12-12,CAH,0.04311180123667511
2025-12-12,CLX,-0.04311180123667511
2025-12-12,CMCSA,-0.04311180123667511
2025-12-12,CMG,-0.04311180123667511
2025-12-12,COR,0.04311180123667511
2025-12-12,CPB,-0.04311180123667511
2025-12-12,CPRT,-0.04311180123667511
2025-12-12,CRM,-0.04311180123667511
2025-12-12,DECK,-0.04311180123667511
2025-12-12,DOW,-0.04311180123667511
2025-12-12,FAST,-0.04311180123667511
2025-12-12,FDS,-0.04311180123667511
2025-12-12,GD,0.04311180123667511
2025-12-12,GDDY,-0.04311180123667511
2025-12-12,GE,0.04311180123667511
2025-12-12,GIS,-0.04311180123667511
2025-12-12,GLW,0.04311180123667511
2025-12-12,HCA,0.04311180123667511
2025-12-12,HII,0.04311180123667511
2025-12-12,HRL,-0.04311180123667511
2025-12-12,HWM,0.04311180123667511
2025-12-12,IT,-0.04311180123667511
2025-12-12,JNJ,0.04311180123667511
2025-12-12,KLAC,0.04311180123667511
2025-12-12,LRCX,0.04311180123667511
2025-12-12,LYB,-0.04311180123667511
2025-12-12,MCK,0.04311180123667511
2025-12-12,MOH,-0.04311180123667511
2025-12-12,MU,0.04311180123667511
2025-12-12,NEM,0.04311180123667511
2025-12-12,ORLY,-0.04311180123667511
2025-12-12,PLTR,0.04311180123667511
2025-12-12,RTX,0.04311180123667511
2025-12-12,STX,0.04311180123667511
2025-12-12,STZ,-0.04311180123667511
2025-12-12,TEL,0.04311180123667511
2025-12-12,TSCO,-0.04311180123667511
2025-12-12,VRSK,-0.04311180123667511
2025-12-12,WDC,0.04311180123667511
2025-12-12,WELL,0.04311180123667511
2025-12-12,ZTS,-0.04311180123667511
2025-12-19,ACN,-0.04029176911850206
2025-12-19,AEP,0.04029176911850206
2025-12-19,APH,0.04029176911850206
2025-12-19,ARE,-0.04029176911850206
2025-12-19,BK,0.04029176911850206
2025-12-19,CAG,-0.04029176911850206
2025-12-19,CAH,0.04029176911850206
2025-12-19,CLX,-0.04029176911850206
2025-12-19,CMCSA,-0.04029176911850206
2025-12-19,CMG,-0.04029176911850206
2025-12-19,COR,0.04029176911850206
2025-12-19,CPB,-0.04029176911850206
2025-12-19,CRM,-0.04029176911850206
2025-12-19,DECK,-0.04029176911850206
2025-12-19,DOW,-0.04029176911850206
2025-12-19,FAST,-0.04029176911850206
2025-12-19,FDS,-0.04029176911850206
2025-12-19,GD,0.04029176911850206
2025-12-19,GDDY,-0.04029176911850206
2025-12-19,GE,0.04029176911850206
2025-12-19,GIS,-0.04029176911850206
2025-12-19,GLW,0.04029176911850206
2025-12-19,HCA,0.04029176911850206
2025-12-19,HII,0.04029176911850206
2025-12-19,HRL,-0.04029176911850206
2025-12-19,HWM,0.04029176911850206
2025-12-19,IDXX,0.04029176911850206
2025-12-19,IT,-0.04029176911850206
2025-12-19,JNJ,0.04029176911850206
2025-12-19,KLAC,0.04029176911850206
2025-12-19,LRCX,0.04029176911850206
2025-12-19,LYB,-0.04029176911850206
2025-12-19,MCK,0.04029176911850206
2025-12-19,MOH,-0.04029176911850206
2025-12-19,MU,0.04029176911850206
2025-12-19,NEM,0.04029176911850206
2025-12-19,NFLX,-0.04029176911850206
2025-12-19,ORLY,-0.04029176911850206
2025-12-19,PAYX,-0.04029176911850206
2025-12-19,RTX,0.04029176911850206
2025-12-19,STX,0.04029176911850206
2025-12-19,STZ,-0.04029176911850206
2025-12-19,TGT,-0.04029176911850206
2025-12-19,TSCO,-0.04029176911850206
2025-12-19,VTR,0.04029176911850206
2025-12-19,WBD,0.04029176911850206
2025-12-19,WDC,0.04029176911850206
2025-12-19,WELL,0.04029176911850206
2025-12-26,ACN,-0.038436178505921806
2025-12-26,AEP,0.038436178505921806
2025-12-26,APH,0.038436178505921806
2025-12-26,ARE,-0.038436178505921806
2025-12-26,BK,0.038436178505921806
2025-12-26,CAG,-0.038436178505921806
2025-12-26,CAH,0.038436178505921806
2025-12-26,CLX,-0.038436178505921806
2025-12-26,CMCSA,-0.038436178505921806
2025-12-26,CMG,-0.038436178505921806
2025-12-26,COR,0.038436178505921806
2025-12-26,CPB,-0.038436178505921806
2025-12-26,CPRT,-0.038436178505921806
2025-12-26,CRM,-0.038436178505921806
2025-12-26,DECK,-0.038436178505921806
2025-12-26,ERIE,-0.038436178505921806
2025-12-26,FAST,-0.038436178505921806
2025-12-26,FDS,-0.038436178505921806
2025-12-26,GDDY,-0.038436178505921806
2025-12-26,GE,0.038436178505921806
2025-12-26,GIS,-0.038436178505921806
2025-12-26,GLW,0.038436178505921806
2025-12-26,GOOG,0.038436178505921806
2025-12-26,GOOGL,0.038436178505921806
2025-12-26,HCA,0.038436178505921806
2025-12-26,HII,0.038436178505921806
2025-12-26,HRL,-0.038436178505921806
2025-12-26,HWM,0.038436178505921806
2025-12-26,IDXX,0.038436178505921806
2025-12-26,IT,-0.038436178505921806
2025-12-26,JNJ,0.038436178505921806
2025-12-26,KLAC,0.038436178505921806
2025-12-26,LRCX,0.038436178505921806
2025-12-26,MCK,0.038436178505921806
2025-12-26,MOH,-0.038436178505921806
2025-12-26,MU,0.038436178505921806
2025-12-26,NEM,0.038436178505921806
2025-12-26,NFLX,-0.038436178505921806
2025-12-26,OKE,-0.038436178505921806
2025-12-26,ORLY,-0.038436178505921806
2025-12-26,PAYX,-0.038436178505921806
2025-12-26,RTX,0.038436178505921806
2025-12-26,STX,0.038436178505921806
2025-12-26,STZ,-0.038436178505921806
2025-12-26,TGT,-0.038436178505921806
2025-12-26,WBD,0.038436178505921806
2025-12-26,WDC,0.038436178505921806
2025-12-26,WELL,0.038436178505921806
2026-01-02,APH,0.04014966581399545
2026-01-02,ARE,-0.04014966581399545
2026-01-02,BK,0.04014966581399545
2026-01-02,CAG,-0.04014966581399545
2026-01-02,CAH,0.04014966581399545
2026-01-02,CAT,0.04014966581399545
2026-01-02,CHTR,-0.04014966581399545
2026-01-02,CLX,-0.04014966581399545
2026-01-02,CMCSA,-0.04014966581399545
2026-01-02,CMG,-0.04014966581399545
2026-01-02,COR,0.04014966581399545
2026-01-02,CPB,-0.04014966581399545
2026-01-02,CPRT,-0.04014966581399545
2026-01-02,DECK,-0.04014966581399545
2026-01-02,DOW,-0.04014966581399545
2026-01-02,FAST,-0.04014966581399545
2026-01-02,FDS,-0.04014966581399545
2026-01-02,GDDY,-0.04014966581399545
2026-01-02,GE,0.04014966581399545
2026-01-02,GIS,-0.04014966581399545
2026-01-02,GLW,0.04014966581399545
2026-01-02,GOOG,0.04014966581399545
2026-01-02,GOOGL,0.04014966581399545
2026-01-02,HCA,0.04014966581399545
2026-01-02,HII,0.04014966581399545
2026-01-02,HWM,0.04014966581399545
2026-01-02,IT,-0.04014966581399545
2026-01-02,JNJ,0.04014966581399545
2026-01-02,KHC,-0.04014966581399545
2026-01-02,KLAC,0.04014966581399545
2026-01-02,LRCX,0.04014966581399545
2026-01-02,LYB,-0.04014966581399545
2026-01-02,MOH,-0.04014966581399545
2026-01-02,MU,0.04014966581399545
2026-01-02,NEM,0.04014966581399545
2026-01-02,NFLX,-0.04014966581399545
2026-01-02,ORLY,-0.04014966581399545
2026-01-02,PAYX,-0.04014966581399545
2026-01-02,PLTR,0.04014966581399545
2026-01-02,RTX,0.04014966581399545
2026-01-02,STX,0.04014966581399545
2026-01-02,STZ,-0.04014966581399545
2026-01-02,TGT,-0.04014966581399545
2026-01-02,VTR,0.04014966581399545
2026-01-02,WBD,0.04014966581399545
2026-01-02,WDC,0.04014966581399545
2026-01-02,WELL,0.04014966581399545
2026-01-02,WY,-0.04014966581399545
2026-01-09,APH,0.039704005758601175
2026-01-09,ARE,-0.039704005758601175
2026-01-09,BK,0.039704005758601175
2026-01-09,CAG,-0.039704005758601175
2026-01-09,CAH,0.039704005758601175
2026-01-09,CAT,0.039704005758601175
2026-01-09,CLX,-0.039704005758601175
2026-01-09,CMCSA,-0.039704005758601175
2026-01-09,CMG,-0.039704005758601175
2026-01-09,COR,0.039704005758601175
2026-01-09,CPB,-0.039704005758601175
2026-01-09,CPRT,-0.039704005758601175
2026-01-09,DECK,-0.039704005758601175
2026-01-09,DG,0.039704005758601175
2026-01-09,ERIE,-0.039704005758601175
2026-01-09,FAST,-0.039704005758601175
2026-01-09,FDS,-0.039704005758601175
2026-01-09,GDDY,-0.039704005758601175
2026-01-09,GE,0.039704005758601175
2026-01-09,GEV,0.039704005758601175
2026-01-09,GIS,-0.039704005758601175
2026-01-09,GLW,0.039704005758601175
2026-01-09,HCA,0.039704005758601175
2026-01-09,HII,0.039704005758601175
2026-01-09,HWM,0.039704005758601175
2026-01-09,IT,-0.039704005758601175
2026-01-09,JNJ,0.039704005758601175
2026-01-09,LHX,0.039704005758601175
2026-01-09,LRCX,0.039704005758601175
2026-01-09,LULU,-0.039704005758601175
2026-01-09,LYB,-0.039704005758601175
2026-01-09,MSI,-0.039704005758601175
2026-01-09,MU,0.039704005758601175
2026-01-09,NEM,0.039704005758601175
2026-01-09,NFLX,-0.039704005758601175
2026-01-09,OKE,-0.039704005758601175
2026-01-09,ORLY,-0.039704005758601175
2026-01-09,PAYX,-0.039704005758601175
2026-01-09,PLTR,0.039704005758601175
2026-01-09,RTX,0.039704005758601175
2026-01-09,STX,0.039704005758601175
2026-01-09,STZ,-0.039704005758601175
2026-01-09,TEL,0.039704005758601175
2026-01-09,TGT,-0.039704005758601175
2026-01-09,VRSK,-0.039704005758601175
2026-01-09,WBD,0.039704005758601175
2026-01-09,WDC,0.039704005758601175
2026-01-09,WELL,0.039704005758601175
2026-01-16,APH,0.037103500819219884
2026-01-16,ARE,-0.037103500819219884
2026-01-16,BK,0.037103500819219884
2026-01-16,BRO,-0.037103500819219884
2026-01-16,CAG,-0.037103500819219884
2026-01-16,CAH,0.037103500819219884
2026-01-16,CHD,-0.037103500819219884
2026-01-16,CLX,-0.037103500819219884
2026-01-16,COR,0.037103500819219884
2026-01-16,CPB,-0.037103500819219884
2026-01-16,CPRT,-0.037103500819219884
2026-01-16,DECK,-0.037103500819219884
2026-01-16,DG,0.037103500819219884
2026-01-16,DOC,-0.037103500819219884
2026-01-16,DOW,-0.037103500819219884
2026-01-16,DVA,-0.037103500819219884
2026-01-16,FAST,-0.037103500819219884
2026-01-16,FDS,-0.037103500819219884
2026-01-16,GDDY,-0.037103500819219884
2026-01-16,GE,0.037103500819219884
2026-01-16,GIS,-0.037103500819219884
2026-01-16,GLW,0.037103500819219884
2026-01-16,GOOG,0.037103500819219884
2026-01-16,GOOGL,0.037103500819219884
2026-01-16,HCA,0.037103500819219884
2026-01-16,HWM,0.037103500819219884
2026-01-16,IT,-0.037103500819219884
2026-01-16,JNJ,0.037103500819219884
2026-01-16,LRCX,0.037103500819219884
2026-01-16,LYB,-0.037103500819219884
2026-01-16,MNST,0.037103500819219884
2026-01-16,MU,0.037103500819219884
2026-01-16,NEM,0.037103500819219884
2026-01-16,NFLX,-0.037103500819219884
2026-01-16,NOW,-0.037103500819219884
2026-01-16,OKE,-0.037103500819219884
2026-01-16,ORLY,-0.037103500819219884
2026-01-16,PAYX,-0.037103500819219884
2026-01-16,PLTR,0.037103500819219884
2026-01-16,POOL,-0.037103500819219884
2026-01-16,RTX,0.037103500819219884
2026-01-16,STX,0.037103500819219884
2026-01-16,TPR,0.037103500819219884
2026-01-16,VRSK,-0.037103500819219884
2026-01-16,VTR,0.037103500819219884
2026-01-16,WBD,0.037103500819219884
2026-01-16,WDC,0.037103500819219884
2026-01-16,WELL,0.037103500819219884
2026-01-23,APH,0.03934044330716767
2026-01-23,ARE,-0.03934044330716767
2026-01-23,BK,0.03934044330716767
2026-01-23,CAG,-0.03934044330716767
2026-01-23,CAH,0.03934044330716767
2026-01-23,CLX,-0.03934044330716767
2026-01-23,CPB,-0.03934044330716767
2026-01-23,CPRT,-0.03934044330716767
2026-01-23,DECK,-0.03934044330716767
2026-01-23,DG,0.03934044330716767
2026-01-23,DOC,-0.03934044330716767
2026-01-23,DOW,-0.03934044330716767
2026-01-23,DVA,-0.03934044330716767
2026-01-23,EA,0.03934044330716767
2026-01-23,FAST,-0.03934044330716767
2026-01-23,FDS,-0.03934044330716767
2026-01-23,GDDY,-0.03934044330716767
2026-01-23,GE,0.03934044330716767
2026-01-23,GIS,-0.03934044330716767
2026-01-23,GOOG,0.03934044330716767
2026-01-23,GOOGL,0.03934044330716767
2026-01-23,HCA,0.03934044330716767
2026-01-23,HII,0.03934044330716767
2026-01-23,HWM,0.03934044330716767
2026-01-23,IT,-0.03934044330716767
2026-01-23,JNJ,0.03934044330716767
2026-01-23,LHX,0.03934044330716767
2026-01-23,LRCX,0.03934044330716767
2026-01-23,LYB,-0.03934044330716767
2026-01-23,MNST,0.03934044330716767
2026-01-23,MU,0.03934044330716767
2026-01-23,NEM,0.03934044330716767
2026-01-23,NFLX,-0.03934044330716767
2026-01-23,NOW,-0.03934044330716767
2026-01-23,OKE,-0.03934044330716767
2026-01-23,ORLY,-0.03934044330716767
2026-01-23,PAYX,-0.03934044330716767
2026-01-23,PLTR,0.03934044330716767
2026-01-23,POOL,-0.03934044330716767
2026-01-23,RTX,0.03934044330716767
2026-01-23,STX,0.03934044330716767
2026-01-23,TGT,-0.03934044330716767
2026-01-23,TPL,-0.03934044330716767
2026-01-23,TPR,0.03934044330716767
2026-01-23,VRSK,-0.03934044330716767
2026-01-23,WBD,0.03934044330716767
2026-01-23,WDC,0.03934044330716767
2026-01-23,WELL,0.03934044330716767
2026-01-30,ACN,-0.03865775628954381
2026-01-30,APD,-0.03865775628954381
2026-01-30,APH,0.03865775628954381
2026-01-30,ARE,-0.03865775628954381
2026-01-30,CAG,-0.03865775628954381
2026-01-30,CAH,0.03865775628954381
2026-01-30,CHD,-0.03865775628954381
2026-01-30,CLX,-0.03865775628954381
2026-01-30,CPB,-0.03865775628954381
2026-01-30,CPRT,-0.03865775628954381
2026-01-30,DG,0.03865775628954381
2026-01-30,DVA,-0.03865775628954381
2026-01-30,EA,0.03865775628954381
2026-01-30,FAST,-0.03865775628954381
2026-01-30,FDS,-0.03865775628954381
2026-01-30,GD,0.03865775628954381
2026-01-30,GDDY,-0.03865775628954381
2026-01-30,GE,0.03865775628954381
2026-01-30,GIS,-0.03865775628954381
2026-01-30,GLW,0.03865775628954381
2026-01-30,GM,0.03865775628954381
2026-01-30,GOOG,0.03865775628954381
2026-01-30,GOOGL,0.03865775628954381
2026-01-30,HII,0.03865775628954381
2026-01-30,HWM,0.03865775628954381
2026-01-30,IT,-0.03865775628954381
2026-01-30,JCI,0.03865775628954381
2026-01-30,JNJ,0.03865775628954381
2026-01-30,LHX,0.03865775628954381
2026-01-30,LRCX,0.03865775628954381
2026-01-30,LYB,-0.03865775628954381
2026-01-30,MNST,0.03865775628954381
2026-01-30,MU,0.03865775628954381
2026-01-30,NEM,0.03865775628954381
2026-01-30,NFLX,-0.03865775628954381
2026-01-30,ORLY,-0.03865775628954381
2026-01-30,PAYX,-0.03865775628954381
2026-01-30,PLTR,0.03865775628954381
2026-01-30,POOL,-0.03865775628954381
2026-01-30,ROP,-0.03865775628954381
2026-01-30,RTX,0.03865775628954381
2026-01-30,STX,0.03865775628954381
2026-01-30,TGT,-0.03865775628954381
2026-01-30,TPL,-0.03865775628954381
2026-01-30,TYL,-0.03865775628954381
2026-01-30,VRSK,-0.03865775628954381
2026-01-30,WBD,0.03865775628954381
2026-01-30,WDC,0.03865775628954381
2026-02-06,APH,0.03509205171701432
2026-02-06,ARE,-0.03509205171701432
2026-02-06,BK,0.03509205171701432
2026-02-06,BRO,-0.03509205171701432
2026-02-06,CAG,-0.03509205171701432
2026-02-06,CAH,0.03509205171701432
2026-02-06,CAT,0.03509205171701432
2026-02-06,CDW,-0.03509205171701432
2026-02-06,CHRW,0.03509205171701432
2026-02-06,CLX,-0.03509205171701432
2026-02-06,CPB,-0.03509205171701432
2026-02-06,CPRT,-0.03509205171701432
2026-02-06,DG,0.03509205171701432
2026-02-06,DVA,-0.03509205171701432
2026-02-06,ERIE,-0.03509205171701432
2026-02-06,F,0.03509205171701432
2026-02-06,FAST,-0.03509205171701432
2026-02-06,FDS,-0.03509205171701432
2026-02-06,GD,0.03509205171701432
2026-02-06,GDDY,-0.03509205171701432
2026-02-06,GE,0.03509205171701432
2026-02-06,GIS,-0.03509205171701432
2026-02-06,GM,0.03509205171701432
2026-02-06,GOOG,0.03509205171701432
2026-02-06,GOOGL,0.03509205171701432
2026-02-06,HCA,0.03509205171701432
2026-02-06,HII,0.03509205171701432
2026-02-06,HWM,0.03509205171701432
2026-02-06,IT,-0.03509205171701432
2026-02-06,KHC,-0.03509205171701432
2026-02-06,LHX,0.03509205171701432
2026-02-06,LRCX,0.03509205171701432
2026-02-06,MNST,0.03509205171701432
2026-02-06,MSI,-0.03509205171701432
2026-02-06,MU,0.03509205171701432
2026-02-06,NEM,0.03509205171701432
2026-02-06,NFLX,-0.03509205171701432
2026-02-06,NOW,-0.03509205171701432
2026-02-06,ORLY,-0.03509205171701432
2026-02-06,PAYX,-0.03509205171701432
2026-02-06,ROP,-0.03509205171701432
2026-02-06,RTX,0.03509205171701432
2026-02-06,STX,0.03509205171701432
2026-02-06,TPL,-0.03509205171701432
2026-02-06,TYL,-0.03509205171701432
2026-02-06,VRSK,-0.03509205171701432
2026-02-06,WBD,0.03509205171701432
2026-02-06,WDC,0.03509205171701432
2026-02-13,ADBE,-0.03568463322974191
2026-02-13,AMCR,0.03568463322974191
2026-02-13,APH,0.03568463322974191
2026-02-13,BK,0.03568463322974191
2026-02-13,BRO,-0.03568463322974191
2026-02-13,CAG,-0.03568463322974191
2026-02-13,CAH,0.03568463322974191
2026-02-13,CAT,0.03568463322974191
2026-02-13,CHTR,-0.03568463322974191
2026-02-13,CLX,-0.03568463322974191
2026-02-13,CPB,-0.03568463322974191
2026-02-13,CPRT,-0.03568463322974191
2026-02-13,DG,0.03568463322974191
2026-02-13,DLTR,0.03568463322974191
2026-02-13,DVA,-0.03568463322974191
2026-02-13,FAST,-0.03568463322974191
2026-02-13,FDS,-0.03568463322974191
2026-02-13,GD,0.03568463322974191
2026-02-13,GDDY,-0.03568463322974191
2026-02-13,GIS,-0.03568463322974191
2026-02-13,GM,0.03568463322974191
2026-02-13,GOOG,0.03568463322974191
2026-02-13,GOOGL,0.03568463322974191
2026-02-13,HII,0.03568463322974191
2026-02-13,HPQ,-0.03568463322974191
2026-02-13,HWM,0.03568463322974191
2026-02-13,IT,-0.03568463322974191
2026-02-13,KLAC,0.03568463322974191
2026-02-13,LHX,0.03568463322974191
2026-02-13,LRCX,0.03568463322974191
2026-02-13,MNST,0.03568463322974191
2026-02-13,MU,0.03568463322974191
2026-02-13,NEM,0.03568463322974191
2026-02-13,NFLX,-0.03568463322974191
2026-02-13,NOW,-0.03568463322974191
2026-02-13,ORLY,-0.03568463322974191
2026-02-13,PAYX,-0.03568463322974191
2026-02-13,PGR,-0.03568463322974191
2026-02-13,ROP,-0.03568463322974191
2026-02-13,RTX,0.03568463322974191
2026-02-13,STX,0.03568463322974191
2026-02-13,TMUS,-0.03568463322974191
2026-02-13,TPL,-0.03568463322974191
2026-02-13,TYL,-0.03568463322974191
2026-02-13,ULTA,0.03568463322974191
2026-02-13,VRSK,-0.03568463322974191
2026-02-13,WBD,0.03568463322974191
2026-02-13,WDC,0.03568463322974191
2026-02-20,ADBE,-0.03693984362733658
2026-02-20,ALB,0.03693984362733658
2026-02-20,AMCR,0.03693984362733658
2026-02-20,APH,0.03693984362733658
2026-02-20,AVB,-0.03693984362733658
2026-02-20,BRO,-0.03693984362733658
2026-02-20,CAG,-0.03693984362733658
2026-02-20,CAH,0.03693984362733658
2026-02-20,CAT,0.03693984362733658
2026-02-20,CDW,-0.03693984362733658
2026-02-20,CHRW,0.03693984362733658
2026-02-20,CHTR,-0.03693984362733658
2026-02-20,CLX,-0.03693984362733658
2026-02-20,CPB,-0.03693984362733658
2026-02-20,CPRT,-0.03693984362733658
2026-02-20,DG,0.03693984362733658
2026-02-20,FAST,-0.03693984362733658
2026-02-20,FDS,-0.03693984362733658
2026-02-20,GD,0.03693984362733658
2026-02-20,GDDY,-0.03693984362733658
2026-02-20,GIS,-0.03693984362733658
2026-02-20,GLW,0.03693984362733658
2026-02-20,GM,0.03693984362733658
2026-02-20,GOOG,0.03693984362733658
2026-02-20,GOOGL,0.03693984362733658
2026-02-20,HII,0.03693984362733658
2026-02-20,HPQ,-0.03693984362733658
2026-02-20,IT,-0.03693984362733658
2026-02-20,KHC,-0.03693984362733658
2026-02-20,KLAC,0.03693984362733658
2026-02-20,LHX,0.03693984362733658
2026-02-20,LRCX,0.03693984362733658
2026-02-20,MNST,0.03693984362733658
2026-02-20,MU,0.03693984362733658
2026-02-20,NEM,0.03693984362733658
2026-02-20,NFLX,-0.03693984362733658
2026-02-20,ORLY,-0.03693984362733658
2026-02-20,PAYX,-0.03693984362733658
2026-02-20,ROP,-0.03693984362733658
2026-02-20,RTX,0.03693984362733658
2026-02-20,STX,0.03693984362733658
2026-02-20,TMUS,-0.03693984362733658
2026-02-20,TPL,-0.03693984362733658
2026-02-20,TYL,-0.03693984362733658
2026-02-20,ULTA,0.03693984362733658
2026-02-20,VRSK,-0.03693984362733658
2026-02-20,WBD,0.03693984362733658
2026-02-20,WDC,0.03693984362733658
2026-02-27,ADP,-0.03628580147040662
2026-02-27,AMAT,0.03628580147040662
2026-02-27,AMCR,0.03628580147040662
2026-02-27,AMD,0.03628580147040662
2026-02-27,APH,0.03628580147040662
2026-02-27,AVB,-0.03628580147040662
2026-02-27,BRO,-0.03628580147040662
2026-02-27,CAG,-0.03628580147040662
2026-02-27,CAT,0.03628580147040662
2026-02-27,CHRW,0.03628580147040662
2026-02-27,CLX,-0.03628580147040662
2026-02-27,CPB,-0.03628580147040662
2026-02-27,DG,0.03628580147040662
2026-02-27,FAST,-0.03628580147040662
2026-02-27,FDS,-0.03628580147040662
2026-02-27,GDDY,-0.03628580147040662
2026-02-27,GEV,0.03628580147040662
2026-02-27,GIS,-0.03628580147040662
2026-02-27,GLW,0.03628580147040662
2026-02-27,GM,0.03628580147040662
2026-02-27,GOOG,0.03628580147040662
2026-02-27,GOOGL,0.03628580147040662
2026-02-27,HII,0.03628580147040662
2026-02-27,INVH,-0.03628580147040662
2026-02-27,IT,-0.03628580147040662
2026-02-27,KHC,-0.03628580147040662
2026-02-27,KLAC,0.03628580147040662
2026-02-27,LHX,0.03628580147040662
2026-02-27,LRCX,0.03628580147040662
2026-02-27,MAA,-0.03628580147040662
2026-02-27,MKC,-0.03628580147040662
2026-02-27,MNST,0.03628580147040662
2026-02-27,MU,0.03628580147040662
2026-02-27,NEM,0.03628580147040662
2026-02-27,NFLX,-0.03628580147040662
2026-02-27,ORLY,-0.03628580147040662
2026-02-27,PAYC,-0.03628580147040662
2026-02-27,PAYX,-0.03628580147040662
2026-02-27,PGR,-0.03628580147040662
2026-02-27,PWR,0.03628580147040662
2026-02-27,ROP,-0.03628580147040662
2026-02-27,SNDK,0.03628580147040662
2026-02-27,STX,0.03628580147040662
2026-02-27,TPL,-0.03628580147040662
2026-02-27,TYL,-0.03628580147040662
2026-02-27,VRSK,-0.03628580147040662
2026-02-27,WBD,0.03628580147040662
2026-02-27,WDC,0.03628580147040662
2026-03-06,ADBE,-0.028130677794291396
2026-03-06,ADP,-0.028130677794291396
2026-03-06,AJG,-0.028130677794291396
2026-03-06,AMCR,0.028130677794291396
2026-03-06,APH,0.028130677794291396
2026-03-06,AVB,-0.028130677794291396
2026-03-06,BRO,-0.028130677794291396
2026-03-06,CAH,0.028130677794291396
2026-03-06,CAT,0.028130677794291396
2026-03-06,CHRW,0.028130677794291396
2026-03-06,CPB,-0.028130677794291396
2026-03-06,CRM,-0.028130677794291396
2026-03-06,ERIE,-0.028130677794291396
2026-03-06,FAST,-0.028130677794291396
2026-03-06,FDS,-0.028130677794291396
2026-03-06,GDDY,-0.028130677794291396
2026-03-06,GEV,0.028130677794291396
2026-03-06,GLW,0.028130677794291396
2026-03-06,GM,0.028130677794291396
2026-03-06,GOOG,0.028130677794291396
2026-03-06,GOOGL,0.028130677794291396
2026-03-06,HCA,0.028130677794291396
2026-03-06,HII,0.028130677794291396
2026-03-06,HWM,0.028130677794291396
2026-03-06,INVH,-0.028130677794291396
2026-03-06,IT,-0.028130677794291396
2026-03-06,JCI,0.028130677794291396
2026-03-06,LHX,0.028130677794291396
2026-03-06,LRCX,0.028130677794291396
2026-03-06,MAA,-0.028130677794291396
2026-03-06,MU,0.028130677794291396
2026-03-06,NEM,0.028130677794291396
2026-03-06,NFLX,-0.028130677794291396
2026-03-06,ORLY,-0.028130677794291396
2026-03-06,PAYC,-0.028130677794291396
2026-03-06,PAYX,-0.028130677794291396
2026-03-06,PGR,-0.028130677794291396
2026-03-06,PWR,0.028130677794291396
2026-03-06,ROP,-0.028130677794291396
2026-03-06,STX,0.028130677794291396
2026-03-06,TER,0.028130677794291396
2026-03-06,TPL,-0.028130677794291396
2026-03-06,TYL,-0.028130677794291396
2026-03-06,ULTA,0.028130677794291396
2026-03-06,VRSK,-0.028130677794291396
2026-03-06,WBD,0.028130677794291396
2026-03-06,WDAY,-0.028130677794291396
2026-03-06,WDC,0.028130677794291396
2026-03-13,ADP,-0.02757260062261182
2026-03-13,AJG,-0.02757260062261182
2026-03-13,AMCR,0.02757260062261182
2026-03-13,AON,-0.02757260062261182
2026-03-13,APH,0.02757260062261182
2026-03-13,BRO,-0.02757260062261182
2026-03-13,CAT,0.02757260062261182
2026-03-13,CMI,0.02757260062261182
2026-03-13,CPB,-0.02757260062261182
2026-03-13,CPRT,-0.02757260062261182
2026-03-13,ERIE,-0.02757260062261182
2026-03-13,FAST,-0.02757260062261182
2026-03-13,FDS,-0.02757260062261182
2026-03-13,FIS,-0.02757260062261182
2026-03-13,GDDY,-0.02757260062261182
2026-03-13,GEV,0.02757260062261182
2026-03-13,GLW,0.02757260062261182
2026-03-13,GOOG,0.02757260062261182
2026-03-13,GOOGL,0.02757260062261182
2026-03-13,HCA,0.02757260062261182
2026-03-13,HII,0.02757260062261182
2026-03-13,HWM,0.02757260062261182
2026-03-13,INVH,-0.02757260062261182
2026-03-13,IT,-0.02757260062261182
2026-03-13,JCI,0.02757260062261182
2026-03-13,LHX,0.02757260062261182
2026-03-13,LRCX,0.02757260062261182
2026-03-13,MAA,-0.02757260062261182
2026-03-13,MU,0.02757260062261182
2026-03-13,NEM,0.02757260062261182
2026-03-13,NFLX,-0.02757260062261182
2026-03-13,ORLY,-0.02757260062261182
2026-03-13,PAYC,-0.02757260062261182
2026-03-13,PAYX,-0.02757260062261182
2026-03-13,PGR,-0.02757260062261182
2026-03-13,PH,0.02757260062261182
2026-03-13,PWR,0.02757260062261182
2026-03-13,ROP,-0.02757260062261182
2026-03-13,STX,0.02757260062261182
2026-03-13,TER,0.02757260062261182
2026-03-13,TPL,-0.02757260062261182
2026-03-13,TPR,0.02757260062261182
2026-03-13,TYL,-0.02757260062261182
2026-03-13,ULTA,0.02757260062261182
2026-03-13,VRSK,-0.02757260062261182
2026-03-13,WBD,0.02757260062261182
2026-03-13,WDAY,-0.02757260062261182
2026-03-13,WDC,0.02757260062261182
2026-03-20,ADP,-0.028744581253790095
2026-03-20,AJG,-0.028744581253790095
2026-03-20,AMAT,0.028744581253790095
2026-03-20,AMCR,0.028744581253790095
2026-03-20,APH,0.028744581253790095
2026-03-20,BRO,-0.028744581253790095
2026-03-20,CAG,-0.028744581253790095
2026-03-20,CAT,0.028744581253790095
2026-03-20,CMI,0.028744581253790095
2026-03-20,CPB,-0.028744581253790095
2026-03-20,CPRT,-0.028744581253790095
2026-03-20,ERIE,-0.028744581253790095
2026-03-20,FAST,-0.028744581253790095
2026-03-20,FDS,-0.028744581253790095
2026-03-20,FIS,-0.028744581253790095
2026-03-20,GDDY,-0.028744581253790095
2026-03-20,GEV,0.028744581253790095
2026-03-20,GLW,0.028744581253790095
2026-03-20,GOOG,0.028744581253790095
2026-03-20,GOOGL,0.028744581253790095
2026-03-20,HII,0.028744581253790095
2026-03-20,HWM,0.028744581253790095
2026-03-20,INTU,-0.028744581253790095
2026-03-20,INVH,-0.028744581253790095
2026-03-20,IT,-0.028744581253790095
2026-03-20,JCI,0.028744581253790095
2026-03-20,JNJ,0.028744581253790095
2026-03-20,LHX,0.028744581253790095
2026-03-20,LRCX,0.028744581253790095
2026-03-20,MU,0.028744581253790095
2026-03-20,NEM,0.028744581253790095
2026-03-20,NFLX,-0.028744581253790095
2026-03-20,ORLY,-0.028744581253790095
2026-03-20,PAYC,-0.028744581253790095
2026-03-20,PAYX,-0.028744581253790095
2026-03-20,PGR,-0.028744581253790095
2026-03-20,PWR,0.028744581253790095
2026-03-20,ROP,-0.028744581253790095
2026-03-20,STX,0.028744581253790095
2026-03-20,TER,0.028744581253790095
2026-03-20,TPL,-0.028744581253790095
2026-03-20,TPR,0.028744581253790095
2026-03-20,TYL,-0.028744581253790095
2026-03-20,ULTA,0.028744581253790095
2026-03-20,VRSK,-0.028744581253790095
2026-03-20,WBD,0.028744581253790095
2026-03-20,WDAY,-0.028744581253790095
2026-03-20,WDC,0.028744581253790095
2026-03-27,ADBE,-0.029227714689909402
2026-03-27,ADP,-0.029227714689909402
2026-03-27,AJG,-0.029227714689909402
2026-03-27,AMAT,0.029227714689909402
2026-03-27,AMCR,0.029227714689909402
2026-03-27,APH,0.029227714689909402
2026-03-27,BRO,-0.029227714689909402
2026-03-27,CAG,-0.029227714689909402
2026-03-27,CAT,0.029227714689909402
2026-03-27,CMI,0.029227714689909402
2026-03-27,CPB,-0.029227714689909402
2026-03-27,CPRT,-0.029227714689909402
2026-03-27,CSGP,-0.029227714689909402
2026-03-27,ERIE,-0.029227714689909402
2026-03-27,FAST,-0.029227714689909402
2026-03-27,FDS,-0.029227714689909402
2026-03-27,GDDY,-0.029227714689909402
2026-03-27,GEV,0.029227714689909402
2026-03-27,GLW,0.029227714689909402
2026-03-27,GOOG,0.029227714689909402
2026-03-27,GOOGL,0.029227714689909402
2026-03-27,HII,0.029227714689909402
2026-03-27,HWM,0.029227714689909402
2026-03-27,INVH,-0.029227714689909402
2026-03-27,IT,-0.029227714689909402
2026-03-27,JCI,0.029227714689909402
2026-03-27,LHX,0.029227714689909402
2026-03-27,LRCX,0.029227714689909402
2026-03-27,MAA,-0.029227714689909402
2026-03-27,MLM,0.029227714689909402
2026-03-27,MU,0.029227714689909402
2026-03-27,NEM,0.029227714689909402
2026-03-27,NFLX,-0.029227714689909402
2026-03-27,ORLY,-0.029227714689909402
2026-03-27,PAYX,-0.029227714689909402
2026-03-27,PGR,-0.029227714689909402
2026-03-27,PWR,0.029227714689909402
2026-03-27,ROP,-0.029227714689909402
2026-03-27,STX,0.029227714689909402
2026-03-27,TER,0.029227714689909402
2026-03-27,TPL,-0.029227714689909402
2026-03-27,TPR,0.029227714689909402
2026-03-27,TYL,-0.029227714689909402
2026-03-27,ULTA,0.029227714689909402
2026-03-27,VRSK,-0.029227714689909402
2026-03-27,WBD,0.029227714689909402
2026-03-27,WDAY,-0.029227714689909402
2026-03-27,WDC,0.029227714689909402
2026-04-03,ADP,-0.028972679357398907
2026-04-03,AJG,-0.028972679357398907
2026-04-03,AMAT,0.028972679357398907
2026-04-03,AMCR,0.028972679357398907
2026-04-03,APH,0.028972679357398907
2026-04-03,BRO,-0.028972679357398907
2026-04-03,CAG,-0.028972679357398907
2026-04-03,CAT,0.028972679357398907
2026-04-03,CMI,0.028972679357398907
2026-04-03,CPB,-0.028972679357398907
2026-04-03,CPRT,-0.028972679357398907
2026-04-03,ELV,-0.028972679357398907
2026-04-03,ERIE,-0.028972679357398907
2026-04-03,FAST,-0.028972679357398907
2026-04-03,FDS,-0.028972679357398907
2026-04-03,FIS,-0.028972679357398907
2026-04-03,GDDY,-0.028972679357398907
2026-04-03,GE,0.028972679357398907
2026-04-03,GEV,0.028972679357398907
2026-04-03,GIS,-0.028972679357398907
2026-04-03,GLW,0.028972679357398907
2026-04-03,GOOG,0.028972679357398907
2026-04-03,GOOGL,0.028972679357398907
2026-04-03,HII,0.028972679357398907
2026-04-03,HWM,0.028972679357398907
2026-04-03,INVH,-0.028972679357398907
2026-04-03,IT,-0.028972679357398907
2026-04-03,JCI,0.028972679357398907
2026-04-03,LHX,0.028972679357398907
2026-04-03,LRCX,0.028972679357398907
2026-04-03,MAA,-0.028972679357398907
2026-04-03,MU,0.028972679357398907
2026-04-03,NEM,0.028972679357398907
2026-04-03,NFLX,-0.028972679357398907
2026-04-03,ORLY,-0.028972679357398907
2026-04-03,PAYX,-0.028972679357398907
2026-04-03,PGR,-0.028972679357398907
2026-04-03,PH,0.028972679357398907
2026-04-03,PWR,0.028972679357398907
2026-04-03,ROP,-0.028972679357398907
2026-04-03,STX,0.028972679357398907
2026-04-03,TER,0.028972679357398907
2026-04-03,TPL,-0.028972679357398907
2026-04-03,TPR,0.028972679357398907
2026-04-03,VRSK,-0.028972679357398907
2026-04-03,WBD,0.028972679357398907
2026-04-03,WDAY,-0.028972679357398907
2026-04-03,WDC,0.028972679357398907
2026-04-10,ADP,-0.023606422804673084
2026-04-10,AJG,-0.023606422804673084
2026-04-10,ALB,0.023606422804673084
2026-04-10,AMAT,0.023606422804673084
2026-04-10,AMCR,0.023606422804673084
2026-04-10,APA,0.023606422804673084
2026-04-10,BRO,-0.023606422804673084
2026-04-10,CAG,-0.023606422804673084
2026-04-10,CAT,0.023606422804673084
2026-04-10,CMI,0.023606422804673084
2026-04-10,CPB,-0.023606422804673084
2026-04-10,CPRT,-0.023606422804673084
2026-04-10,ERIE,-0.023606422804673084
2026-04-10,FAST,-0.023606422804673084
2026-04-10,FDS,-0.023606422804673084
2026-04-10,GDDY,-0.023606422804673084
2026-04-10,GEV,0.023606422804673084
2026-04-10,GIS,-0.023606422804673084
2026-04-10,GLW,0.023606422804673084
2026-04-10,GOOG,0.023606422804673084
2026-04-10,GOOGL,0.023606422804673084
2026-04-10,HII,0.023606422804673084
2026-04-10,HWM,0.023606422804673084
2026-04-10,INVH,-0.023606422804673084
2026-04-10,IT,-0.023606422804673084
2026-04-10,JNJ,0.023606422804673084
2026-04-10,KHC,-0.023606422804673084
2026-04-10,LHX,0.023606422804673084
2026-04-10,LRCX,0.023606422804673084
2026-04-10,MAA,-0.023606422804673084
2026-04-10,MU,0.023606422804673084
2026-04-10,NEM,0.023606422804673084
2026-04-10,NFLX,-0.023606422804673084
2026-04-10,ORLY,-0.023606422804673084
2026-04-10,PAYX,-0.023606422804673084
2026-04-10,PGR,-0.023606422804673084
2026-04-10,PWR,0.023606422804673084
2026-04-10,ROP,-0.023606422804673084
2026-04-10,STX,0.023606422804673084
2026-04-10,TER,0.023606422804673084
2026-04-10,TPL,-0.023606422804673084
2026-04-10,TPR,0.023606422804673084
2026-04-10,TYL,-0.023606422804673084
2026-04-10,VLO,0.023606422804673084
2026-04-10,VRSK,-0.023606422804673084
2026-04-10,WBD,0.023606422804673084
2026-04-10,WDAY,-0.023606422804673084
2026-04-10,WDC,0.023606422804673084
2026-04-17,ADP,-0.023920484289466415
2026-04-17,AJG,-0.023920484289466415
2026-04-17,ALB,0.023920484289466415
2026-04-17,AMAT,0.023920484289466415
2026-04-17,AMCR,0.023920484289466415
2026-04-17,APA,0.023920484289466415
2026-04-17,BRO,-0.023920484289466415
2026-04-17,CAG,-0.023920484289466415
2026-04-17,CAT,0.023920484289466415
2026-04-17,CMI,0.023920484289466415
2026-04-17,CPB,-0.023920484289466415
2026-04-17,CPRT,-0.023920484289466415
2026-04-17,ERIE,-0.023920484289466415
2026-04-17,FAST,-0.023920484289466415
2026-04-17,FDS,-0.023920484289466415
2026-04-17,FIS,-0.023920484289466415
2026-04-17,GDDY,-0.023920484289466415
2026-04-17,GEV,0.023920484289466415
2026-04-17,GIS,-0.023920484289466415
2026-04-17,GLW,0.023920484289466415
2026-04-17,GOOG,0.023920484289466415
2026-04-17,GOOGL,0.023920484289466415
2026-04-17,HWM,0.023920484289466415
2026-04-17,INVH,-0.023920484289466415
2026-04-17,IT,-0.023920484289466415
2026-04-17,JCI,0.023920484289466415
2026-04-17,KEYS,0.023920484289466415
2026-04-17,KHC,-0.023920484289466415
2026-04-17,KLAC,0.023920484289466415
2026-04-17,LHX,0.023920484289466415
2026-04-17,LRCX,0.023920484289466415
2026-04-17,MAA,-0.023920484289466415
2026-04-17,MU,0.023920484289466415
2026-04-17,NFLX,-0.023920484289466415
2026-04-17,ORLY,-0.023920484289466415
2026-04-17,PAYX,-0.023920484289466415
2026-04-17,PGR,-0.023920484289466415
2026-04-17,PWR,0.023920484289466415
2026-04-17,ROP,-0.023920484289466415
2026-04-17,STX,0.023920484289466415
2026-04-17,TER,0.023920484289466415
2026-04-17,TPL,-0.023920484289466415
2026-04-17,TPR,0.023920484289466415
2026-04-17,TYL,-0.023920484289466415
2026-04-17,VLO,0.023920484289466415
2026-04-17,WBD,0.023920484289466415
2026-04-17,WDAY,-0.023920484289466415
2026-04-17,WDC,0.023920484289466415
2026-04-24,ADP,-0.023708405312286927
2026-04-24,ALB,0.023708405312286927
2026-04-24,AMAT,0.023708405312286927
2026-04-24,AMCR,0.023708405312286927
2026-04-24,APA,0.023708405312286927
2026-04-24,BR,-0.023708405312286927
2026-04-24,BRO,-0.023708405312286927
2026-04-24,CAG,-0.023708405312286927
2026-04-24,CAT,0.023708405312286927
2026-04-24,CMI,0.023708405312286927
2026-04-24,CPB,-0.023708405312286927
2026-04-24,CPRT,-0.023708405312286927
2026-04-24,CSGP,-0.023708405312286927
2026-04-24,DPZ,-0.023708405312286927
2026-04-24,ERIE,-0.023708405312286927
2026-04-24,FAST,-0.023708405312286927
2026-04-24,FDS,-0.023708405312286927
2026-04-24,FIS,-0.023708405312286927
2026-04-24,GDDY,-0.023708405312286927
2026-04-24,GEV,0.023708405312286927
2026-04-24,GIS,-0.023708405312286927
2026-04-24,GLW,0.023708405312286927
2026-04-24,GOOG,0.023708405312286927
2026-04-24,GOOGL,0.023708405312286927
2026-04-24,HWM,0.023708405312286927
2026-04-24,INVH,-0.023708405312286927
2026-04-24,IT,-0.023708405312286927
2026-04-24,JCI,0.023708405312286927
2026-04-24,JNJ,0.023708405312286927
2026-04-24,KHC,-0.023708405312286927
2026-04-24,LHX,0.023708405312286927
2026-04-24,LRCX,0.023708405312286927
2026-04-24,MAA,-0.023708405312286927
2026-04-24,MU,0.023708405312286927
2026-04-24,NFLX,-0.023708405312286927
2026-04-24,PAYX,-0.023708405312286927
2026-04-24,PWR,0.023708405312286927
2026-04-24,ROP,-0.023708405312286927
2026-04-24,RTX,0.023708405312286927
2026-04-24,STX,0.023708405312286927
2026-04-24,TER,0.023708405312286927
2026-04-24,TPL,-0.023708405312286927
2026-04-24,TPR,0.023708405312286927
2026-04-24,VLO,0.023708405312286927
2026-04-24,VRSK,-0.023708405312286927
2026-04-24,WBD,0.023708405312286927
2026-04-24,WDAY,-0.023708405312286927
2026-04-24,WDC,0.023708405312286927
2026-05-01,ADBE,-0.024510233894302076
2026-05-01,ADP,-0.024510233894302076
2026-05-01,ALB,0.024510233894302076
2026-05-01,AMAT,0.024510233894302076
2026-05-01,AMCR,0.024510233894302076
2026-05-01,APA,0.024510233894302076
2026-05-01,BK,0.024510233894302076
2026-05-01,BRO,-0.024510233894302076
2026-05-01,BSX,-0.024510233894302076
2026-05-01,C,0.024510233894302076
2026-05-01,CAG,-0.024510233894302076
2026-05-01,CAT,0.024510233894302076
2026-05-01,CMI,0.024510233894302076
2026-05-01,CPB,-0.024510233894302076
2026-05-01,CPRT,-0.024510233894302076
2026-05-01,DPZ,-0.024510233894302076
2026-05-01,FAST,-0.024510233894302076
2026-05-01,FDX,0.024510233894302076
2026-05-01,FIS,-0.024510233894302076
2026-05-01,GDDY,-0.024510233894302076
2026-05-01,GEV,0.024510233894302076
2026-05-01,GIS,-0.024510233894302076
2026-05-01,GLW,0.024510233894302076
2026-05-01,GOOG,0.024510233894302076
2026-05-01,GOOGL,0.024510233894302076
2026-05-01,INTC,0.024510233894302076
2026-05-01,INVH,-0.024510233894302076
2026-05-01,IT,-0.024510233894302076
2026-05-01,JNJ,0.024510233894302076
2026-05-01,LHX,0.024510233894302076
2026-05-01,LRCX,0.024510233894302076
2026-05-01,MAA,-0.024510233894302076
2026-05-01,MKC,-0.024510233894302076
2026-05-01,MU,0.024510233894302076
2026-05-01,NFLX,-0.024510233894302076
2026-05-01,ORLY,-0.024510233894302076
2026-05-01,PAYX,-0.024510233894302076
2026-05-01,PGR,-0.024510233894302076
2026-05-01,ROP,-0.024510233894302076
2026-05-01,STX,0.024510233894302076
2026-05-01,TER,0.024510233894302076
2026-05-01,TPL,-0.024510233894302076
2026-05-01,TPR,0.024510233894302076
2026-05-01,VLO,0.024510233894302076
2026-05-01,VRSK,-0.024510233894302076
2026-05-01,WBD,0.024510233894302076
2026-05-01,WDAY,-0.024510233894302076
2026-05-01,WDC,0.024510233894302076
2026-05-08,ACN,-0.025940055262702533
2026-05-08,ADBE,-0.025940055262702533
2026-05-08,ADP,-0.025940055262702533
2026-05-08,ALB,0.025940055262702533
2026-05-08,AMAT,0.025940055262702533
2026-05-08,AMCR,0.025940055262702533
2026-05-08,APA,0.025940055262702533
2026-05-08,BK,0.025940055262702533
2026-05-08,BR,-0.025940055262702533
2026-05-08,BRO,-0.025940055262702533
2026-05-08,BSX,-0.025940055262702533
2026-05-08,C,0.025940055262702533
2026-05-08,CAT,0.025940055262702533
2026-05-08,CMI,0.025940055262702533
2026-05-08,CPB,-0.025940055262702533
2026-05-08,CPRT,-0.025940055262702533
2026-05-08,FAST,-0.025940055262702533
2026-05-08,FIS,-0.025940055262702533
2026-05-08,GDDY,-0.025940055262702533
2026-05-08,GEN,-0.025940055262702533
2026-05-08,GEV,0.025940055262702533
2026-05-08,GIS,-0.025940055262702533
2026-05-08,GLW,0.025940055262702533
2026-05-08,GOOG,0.025940055262702533
2026-05-08,GOOGL,0.025940055262702533
2026-05-08,INTC,0.025940055262702533
2026-05-08,INVH,-0.025940055262702533
2026-05-08,IT,-0.025940055262702533
2026-05-08,JNJ,0.025940055262702533
2026-05-08,KEYS,0.025940055262702533
2026-05-08,KLAC,0.025940055262702533
2026-05-08,LHX,0.025940055262702533
2026-05-08,LRCX,0.025940055262702533
2026-05-08,MAA,-0.025940055262702533
2026-05-08,MU,0.025940055262702533
2026-05-08,NEM,0.025940055262702533
2026-05-08,NFLX,-0.025940055262702533
2026-05-08,PAYX,-0.025940055262702533
2026-05-08,PGR,-0.025940055262702533
2026-05-08,ROP,-0.025940055262702533
2026-05-08,STX,0.025940055262702533
2026-05-08,TER,0.025940055262702533
2026-05-08,TPL,-0.025940055262702533
2026-05-08,TYL,-0.025940055262702533
2026-05-08,VRSK,-0.025940055262702533
2026-05-08,WBD,0.025940055262702533
2026-05-08,WDAY,-0.025940055262702533
2026-05-08,WDC,0.025940055262702533
2026-05-15,ABT,-0.024125957211398544
2026-05-15,ACN,-0.024125957211398544
2026-05-15,ADBE,-0.024125957211398544
2026-05-15,ADP,-0.024125957211398544
2026-05-15,ALB,0.024125957211398544
2026-05-15,AMAT,0.024125957211398544
2026-05-15,AMCR,0.024125957211398544
2026-05-15,APA,0.024125957211398544
2026-05-15,BK,0.024125957211398544
2026-05-15,BR,-0.024125957211398544
2026-05-15,BRO,-0.024125957211398544
2026-05-15,BSX,-0.024125957211398544
2026-05-15,C,0.024125957211398544
2026-05-15,CAT,0.024125957211398544
2026-05-15,CMI,0.024125957211398544
2026-05-15,CPB,-0.024125957211398544
2026-05-15,CPRT,-0.024125957211398544
2026-05-15,DPZ,-0.024125957211398544
2026-05-15,FAST,-0.024125957211398544
2026-05-15,FIS,-0.024125957211398544
2026-05-15,GDDY,-0.024125957211398544
2026-05-15,GEV,0.024125957211398544
2026-05-15,GIS,-0.024125957211398544
2026-05-15,GLW,0.024125957211398544
2026-05-15,GOOG,0.024125957211398544
2026-05-15,GOOGL,0.024125957211398544
2026-05-15,INTC,0.024125957211398544
2026-05-15,INVH,-0.024125957211398544
2026-05-15,IT,-0.024125957211398544
2026-05-15,JNJ,0.024125957211398544
2026-05-15,KEYS,0.024125957211398544
2026-05-15,LHX,0.024125957211398544
2026-05-15,LRCX,0.024125957211398544
2026-05-15,MAA,-0.024125957211398544
2026-05-15,MU,0.024125957211398544
2026-05-15,NEM,0.024125957211398544
2026-05-15,NFLX,-0.024125957211398544
2026-05-15,PAYX,-0.024125957211398544
2026-05-15,PGR,-0.024125957211398544
2026-05-15,PWR,0.024125957211398544
2026-05-15,ROP,-0.024125957211398544
2026-05-15,STX,0.024125957211398544
2026-05-15,TER,0.024125957211398544
2026-05-15,TPL,-0.024125957211398544
2026-05-15,VRSK,-0.024125957211398544
2026-05-15,WBD,0.024125957211398544
2026-05-15,WDAY,-0.024125957211398544
2026-05-15,WDC,0.024125957211398544
2026-05-22,ABT,-0.021151200083137936
2026-05-22,ACN,-0.021151200083137936
2026-05-22,ADBE,-0.021151200083137936
2026-05-22,ADP,-0.021151200083137936
2026-05-22,ALB,0.021151200083137936
2026-05-22,AMAT,0.021151200083137936
2026-05-22,AMCR,0.021151200083137936
2026-05-22,APA,0.021151200083137936
2026-05-22,BR,-0.021151200083137936
2026-05-22,BRO,-0.021151200083137936
2026-05-22,BSX,-0.021151200083137936
2026-05-22,C,0.021151200083137936
2026-05-22,CAG,-0.021151200083137936
2026-05-22,CAT,0.021151200083137936
2026-05-22,CMI,0.021151200083137936
2026-05-22,CPB,-0.021151200083137936
2026-05-22,CPRT,-0.021151200083137936
2026-05-22,CRM,-0.021151200083137936
2026-05-22,DPZ,-0.021151200083137936
2026-05-22,FDX,0.021151200083137936
2026-05-22,FIS,-0.021151200083137936
2026-05-22,GDDY,-0.021151200083137936
2026-05-22,GEV,0.021151200083137936
2026-05-22,GIS,-0.021151200083137936
2026-05-22,GLW,0.021151200083137936
2026-05-22,GOOG,0.021151200083137936
2026-05-22,GOOGL,0.021151200083137936
2026-05-22,INTC,0.021151200083137936
2026-05-22,IT,-0.021151200083137936
2026-05-22,JNJ,0.021151200083137936
2026-05-22,KEYS,0.021151200083137936
2026-05-22,LRCX,0.021151200083137936
2026-05-22,MAA,-0.021151200083137936
2026-05-22,MPWR,0.021151200083137936
2026-05-22,MU,0.021151200083137936
2026-05-22,NFLX,-0.021151200083137936
2026-05-22,NUE,0.021151200083137936
2026-05-22,PAYX,-0.021151200083137936
2026-05-22,PGR,-0.021151200083137936
2026-05-22,PWR,0.021151200083137936
2026-05-22,ROP,-0.021151200083137936
2026-05-22,STX,0.021151200083137936
2026-05-22,TER,0.021151200083137936
2026-05-22,TPL,-0.021151200083137936
2026-05-22,VRSK,-0.021151200083137936
2026-05-22,WBD,0.021151200083137936
2026-05-22,WDAY,-0.021151200083137936
2026-05-22,WDC,0.021151200083137936
2026-05-29,ABT,-0.021329672868654663
2026-05-29,ACN,-0.021329672868654663
2026-05-29,ADBE,-0.021329672868654663
2026-05-29,ADP,-0.021329672868654663
2026-05-29,AJG,-0.021329672868654663
2026-05-29,ALB,0.021329672868654663
2026-05-29,AMAT,0.021329672868654663
2026-05-29,AMCR,0.021329672868654663
2026-05-29,AMD,0.021329672868654663
2026-05-29,APA,0.021329672868654663
2026-05-29,BR,-0.021329672868654663
2026-05-29,BRO,-0.021329672868654663
2026-05-29,BSX,-0.021329672868654663
2026-05-29,CAG,-0.021329672868654663
2026-05-29,CAT,0.021329672868654663
2026-05-29,CMI,0.021329672868654663
2026-05-29,CPB,-0.021329672868654663
2026-05-29,CPRT,-0.021329672868654663
2026-05-29,CSGP,-0.021329672868654663
2026-05-29,CTAS,-0.021329672868654663
2026-05-29,DPZ,-0.021329672868654663
2026-05-29,ERIE,-0.021329672868654663
2026-05-29,FDX,0.021329672868654663
2026-05-29,FIS,-0.021329672868654663
2026-05-29,GDDY,-0.021329672868654663
2026-05-29,GEV,0.021329672868654663
2026-05-29,GIS,-0.021329672868654663
2026-05-29,GLW,0.021329672868654663
2026-05-29,GOOG,0.021329672868654663
2026-05-29,GOOGL,0.021329672868654663
2026-05-29,INTC,0.021329672868654663
2026-05-29,KEYS,0.021329672868654663
2026-05-29,LRCX,0.021329672868654663
2026-05-29,MPWR,0.021329672868654663
2026-05-29,MU,0.021329672868654663
2026-05-29,NFLX,-0.021329672868654663
2026-05-29,NUE,0.021329672868654663
2026-05-29,PAYX,-0.021329672868654663
2026-05-29,PGR,-0.021329672868654663
2026-05-29,PWR,0.021329672868654663
2026-05-29,ROP,-0.021329672868654663
2026-05-29,STLD,0.021329672868654663
2026-05-29,STX,0.021329672868654663
2026-05-29,TER,0.021329672868654663
2026-05-29,VRSK,-0.021329672868654663
2026-05-29,WBD,0.021329672868654663
2026-05-29,WDAY,-0.021329672868654663
2026-05-29,WDC,0.021329672868654663
2026-06-05,ABT,-0.022869933250800945
2026-06-05,ACN,-0.022869933250800945
2026-06-05,ADP,-0.022869933250800945
2026-06-05,AJG,-0.022869933250800945
2026-06-05,ALB,0.022869933250800945
2026-06-05,AMAT,0.022869933250800945
2026-06-05,AMCR,0.022869933250800945
2026-06-05,AMD,0.022869933250800945
2026-06-05,BR,-0.022869933250800945
2026-06-05,BRO,-0.022869933250800945
2026-06-05,BSX,-0.022869933250800945
2026-06-05,C,0.022869933250800945
2026-06-05,CAT,0.022869933250800945
2026-06-05,CMI,0.022869933250800945
2026-06-05,CPB,-0.022869933250800945
2026-06-05,CSGP,-0.022869933250800945
2026-06-05,CTAS,-0.022869933250800945
2026-06-05,DPZ,-0.022869933250800945
2026-06-05,ERIE,-0.022869933250800945
2026-06-05,FIS,-0.022869933250800945
2026-06-05,GDDY,-0.022869933250800945
2026-06-05,GEV,0.022869933250800945
2026-06-05,GIS,-0.022869933250800945
2026-06-05,GLW,0.022869933250800945
2026-06-05,GOOG,0.022869933250800945
2026-06-05,GOOGL,0.022869933250800945
2026-06-05,INTC,0.022869933250800945
2026-06-05,JBL,0.022869933250800945
2026-06-05,KEYS,0.022869933250800945
2026-06-05,LRCX,0.022869933250800945
2026-06-05,MPWR,0.022869933250800945
2026-06-05,MU,0.022869933250800945
2026-06-05,NFLX,-0.022869933250800945
2026-06-05,NUE,0.022869933250800945
2026-06-05,PAYX,-0.022869933250800945
2026-06-05,PGR,-0.022869933250800945
2026-06-05,PODD,-0.022869933250800945
2026-06-05,PWR,0.022869933250800945
2026-06-05,ROP,-0.022869933250800945
2026-06-05,RSG,-0.022869933250800945
2026-06-05,STX,0.022869933250800945
2026-06-05,TER,0.022869933250800945
2026-06-05,VRSK,-0.022869933250800945
2026-06-05,VTRS,0.022869933250800945
2026-06-05,WBD,0.022869933250800945
2026-06-05,WDAY,-0.022869933250800945
2026-06-05,WDC,0.022869933250800945
2026-06-05,ZTS,-0.022869933250800945
2026-06-12,ABT,-0.02144417373800835
2026-06-12,ACN,-0.02144417373800835
2026-06-12,ADP,-0.02144417373800835
2026-06-12,ALB,0.02144417373800835
2026-06-12,AMAT,0.02144417373800835
2026-06-12,AMCR,0.02144417373800835
2026-06-12,AMD,0.02144417373800835
2026-06-12,BR,-0.02144417373800835
2026-06-12,BRO,-0.02144417373800835
2026-06-12,BSX,-0.02144417373800835
2026-06-12,CAT,0.02144417373800835
2026-06-12,CMI,0.02144417373800835
2026-06-12,CPB,-0.02144417373800835
2026-06-12,CSGP,-0.02144417373800835
2026-06-12,CTAS,-0.02144417373800835
2026-06-12,CTSH,-0.02144417373800835
2026-06-12,DPZ,-0.02144417373800835
2026-06-12,EFX,-0.02144417373800835
2026-06-12,ERIE,-0.02144417373800835
2026-06-12,FIS,-0.02144417373800835
2026-06-12,GDDY,-0.02144417373800835
2026-06-12,GEV,0.02144417373800835
2026-06-12,GIS,-0.02144417373800835
2026-06-12,GLW,0.02144417373800835
2026-06-12,GOOG,0.02144417373800835
2026-06-12,GOOGL,0.02144417373800835
2026-06-12,INTC,0.02144417373800835
2026-06-12,JBL,0.02144417373800835
2026-06-12,JNJ,0.02144417373800835
2026-06-12,KEYS,0.02144417373800835
2026-06-12,LRCX,0.02144417373800835
2026-06-12,MPWR,0.02144417373800835
2026-06-12,MU,0.02144417373800835
2026-06-12,NFLX,-0.02144417373800835
2026-06-12,NUE,0.02144417373800835
2026-06-12,PAYX,-0.02144417373800835
2026-06-12,PODD,-0.02144417373800835
2026-06-12,PWR,0.02144417373800835
2026-06-12,ROP,-0.02144417373800835
2026-06-12,STLD,0.02144417373800835
2026-06-12,STX,0.02144417373800835
2026-06-12,TER,0.02144417373800835
2026-06-12,TYL,-0.02144417373800835
2026-06-12,VRSK,-0.02144417373800835
2026-06-12,WBD,0.02144417373800835
2026-06-12,WDAY,-0.02144417373800835
2026-06-12,WDC,0.02144417373800835
2026-06-12,ZTS,-0.02144417373800835
2026-06-19,ABT,-0.02107090004262934
2026-06-19,ACN,-0.02107090004262934
2026-06-19,AJG,-0.02107090004262934
2026-06-19,ALB,0.02107090004262934
2026-06-19,AMAT,0.02107090004262934
2026-06-19,AMCR,0.02107090004262934
2026-06-19,AMD,0.02107090004262934
2026-06-19,BR,-0.02107090004262934
2026-06-19,BRO,-0.02107090004262934
2026-06-19,BSX,-0.02107090004262934
2026-06-19,CAG,-0.02107090004262934
2026-06-19,CAT,0.02107090004262934
2026-06-19,CMI,0.02107090004262934
2026-06-19,CPB,-0.02107090004262934
2026-06-19,CSGP,-0.02107090004262934
2026-06-19,CTAS,-0.02107090004262934
2026-06-19,DELL,0.02107090004262934
2026-06-19,DPZ,-0.02107090004262934
2026-06-19,ERIE,-0.02107090004262934
2026-06-19,FIS,-0.02107090004262934
2026-06-19,GDDY,-0.02107090004262934
2026-06-19,GEV,0.02107090004262934
2026-06-19,GIS,-0.02107090004262934
2026-06-19,GLW,0.02107090004262934
2026-06-19,GOOG,0.02107090004262934
2026-06-19,GOOGL,0.02107090004262934
2026-06-19,INTC,0.02107090004262934
2026-06-19,INTU,-0.02107090004262934
2026-06-19,JNJ,0.02107090004262934
2026-06-19,KEYS,0.02107090004262934
2026-06-19,LRCX,0.02107090004262934
2026-06-19,MPWR,0.02107090004262934
2026-06-19,MU,0.02107090004262934
2026-06-19,NFLX,-0.02107090004262934
2026-06-19,NUE,0.02107090004262934
2026-06-19,PAYX,-0.02107090004262934
2026-06-19,PODD,-0.02107090004262934
2026-06-19,PWR,0.02107090004262934
2026-06-19,ROP,-0.02107090004262934
2026-06-19,ROST,0.02107090004262934
2026-06-19,STLD,0.02107090004262934
2026-06-19,STX,0.02107090004262934
2026-06-19,TER,0.02107090004262934
2026-06-19,TPL,-0.02107090004262934
2026-06-19,TSCO,-0.02107090004262934
2026-06-19,TYL,-0.02107090004262934
2026-06-19,VRSK,-0.02107090004262934
2026-06-19,WDC,0.02107090004262934
