date,ticker,weight
2023-11-10,A,-0.030927835051546393
2023-11-10,AAPL,0.030927835051546393
2023-11-10,ACGL,0.030927835051546393
2023-11-10,ADBE,0.030927835051546393
2023-11-10,ADM,-0.030927835051546393
2023-11-10,AEP,-0.030927835051546393
2023-11-10,AES,-0.030927835051546393
2023-11-10,AFL,0.030927835051546393
2023-11-10,AIZ,0.030927835051546393
2023-11-10,AJG,0.030927835051546393
2023-11-10,ALB,-0.030927835051546393
2023-11-10,ALK,-0.030927835051546393
2023-11-10,AMAT,0.030927835051546393
2023-11-10,AMCR,-0.030927835051546393
2023-11-10,AMD,0.030927835051546393
2023-11-10,AMT,-0.030927835051546393
2023-11-10,AMZN,0.030927835051546393
2023-11-10,ANET,0.030927835051546393
2023-11-10,ANSS,0.030927835051546393
2023-11-10,ARE,-0.030927835051546393
2023-11-10,AVGO,0.030927835051546393
2023-11-10,AWK,-0.030927835051546393
2023-11-10,BAC,-0.030927835051546393
2023-11-10,BAX,-0.030927835051546393
2023-11-10,BFB,-0.030927835051546393
2023-11-10,BKNG,0.030927835051546393
2023-11-10,BMY,-0.030927835051546393
2023-11-10,BR,0.030927835051546393
2023-11-10,BRKB,0.030927835051546393
2023-11-10,BRO,0.030927835051546393
2023-11-10,CAG,-0.030927835051546393
2023-11-10,CAH,0.030927835051546393
2023-11-10,CARR,0.030927835051546393
2023-11-10,CBOE,0.030927835051546393
2023-11-10,CCI,-0.030927835051546393
2023-11-10,CDNS,0.030927835051546393
2023-11-10,CEG,0.030927835051546393
2023-11-10,CFG,-0.030927835051546393
2023-11-10,CHD,0.030927835051546393
2023-11-10,CMCSA,0.030927835051546393
2023-11-10,CME,0.030927835051546393
2023-11-10,CMG,0.030927835051546393
2023-11-10,CPB,-0.030927835051546393
2023-11-10,CPRT,-0.030927835051546393
2023-11-10,CRM,0.030927835051546393
2023-11-10,CSCO,0.030927835051546393
2023-11-10,CTAS,0.030927835051546393
2023-11-10,CTVA,-0.030927835051546393
2023-11-10,CVS,-0.030927835051546393
2023-11-10,D,-0.030927835051546393
2023-11-10,DG,-0.030927835051546393
2023-11-10,DGX,-0.030927835051546393
2023-11-10,DHI,0.030927835051546393
2023-11-10,DHR,-0.030927835051546393
2023-11-10,DLTR,-0.030927835051546393
2023-11-10,DTE,-0.030927835051546393
2023-11-10,DVN,-0.030927835051546393
2023-11-10,DXCM,-0.030927835051546393
2023-11-10,EL,-0.030927835051546393
2023-11-10,ENPH,-0.030927835051546393
2023-11-10,EPAM,-0.030927835051546393
2023-11-10,ES,-0.030927835051546393
2023-11-10,ETN,0.030927835051546393
2023-11-10,ETSY,-0.030927835051546393
2023-11-10,EVRG,-0.030927835051546393
2023-11-10,EXR,-0.030927835051546393
2023-11-10,FAST,0.030927835051546393
2023-11-10,FDX,0.030927835051546393
2023-11-10,FITB,-0.030927835051546393
2023-11-10,FLT,0.030927835051546393
2023-11-10,FMC,-0.030927835051546393
2023-11-10,FTV,0.030927835051546393
2023-11-10,GE,0.030927835051546393
2023-11-10,GIS,-0.030927835051546393
2023-11-10,GOOG,0.030927835051546393
2023-11-10,GOOGL,0.030927835051546393
2023-11-10,GPC,-0.030927835051546393
2023-11-10,GRMN,0.030927835051546393
2023-11-10,GWW,0.030927835051546393
2023-11-10,HBAN,-0.030927835051546393
2023-11-10,HRL,-0.030927835051546393
2023-11-10,HSY,-0.030927835051546393
2023-11-10,HWM,0.030927835051546393
2023-11-10,IFF,-0.030927835051546393
2023-11-10,ILMN,-0.030927835051546393
2023-11-10,INCY,-0.030927835051546393
2023-11-10,INTU,0.030927835051546393
2023-11-10,IR,0.030927835051546393
2023-11-10,IVZ,-0.030927835051546393
2023-11-10,JCI,-0.030927835051546393
2023-11-10,K,-0.030927835051546393
2023-11-10,KDP,-0.030927835051546393
2023-11-10,KEY,-0.030927835051546393
2023-11-10,KEYS,-0.030927835051546393
2023-11-10,KHC,-0.030927835051546393
2023-11-10,KIM,-0.030927835051546393
2023-11-10,KLAC,0.030927835051546393
2023-11-10,KO,-0.030927835051546393
2023-11-10,L,0.030927835051546393
2023-11-10,LEN,0.030927835051546393
2023-11-10,LH,-0.030927835051546393
2023-11-10,LHX,-0.030927835051546393
2023-11-10,LIN,0.030927835051546393
2023-11-10,LLY,0.030927835051546393
2023-11-10,LRCX,0.030927835051546393
2023-11-10,LUV,-0.030927835051546393
2023-11-10,MA,0.030927835051546393
2023-11-10,MAA,-0.030927835051546393
2023-11-10,MAR,0.030927835051546393
2023-11-10,MCD,-0.030927835051546393
2023-11-10,MCK,0.030927835051546393
2023-11-10,META,0.030927835051546393
2023-11-10,MKC,-0.030927835051546393
2023-11-10,MLM,0.030927835051546393
2023-11-10,MMC,0.030927835051546393
2023-11-10,MMM,-0.030927835051546393
2023-11-10,MNST,-0.030927835051546393
2023-11-10,MOS,-0.030927835051546393
2023-11-10,MPC,0.030927835051546393
2023-11-10,MPWR,0.030927835051546393
2023-11-10,MRNA,-0.030927835051546393
2023-11-10,MSFT,0.030927835051546393
2023-11-10,MSI,0.030927835051546393
2023-11-10,MTB,-0.030927835051546393
2023-11-10,MTD,-0.030927835051546393
2023-11-10,NDAQ,-0.030927835051546393
2023-11-10,NEE,-0.030927835051546393
2023-11-10,NFLX,0.030927835051546393
2023-11-10,NOW,0.030927835051546393
2023-11-10,NTRS,-0.030927835051546393
2023-11-10,NVDA,0.030927835051546393
2023-11-10,NVR,0.030927835051546393
2023-11-10,NWS,0.030927835051546393
2023-11-10,NWSA,0.030927835051546393
2023-11-10,NXPI,0.030927835051546393
2023-11-10,O,-0.030927835051546393
2023-11-10,ODFL,0.030927835051546393
2023-11-10,ON,0.030927835051546393
2023-11-10,ORCL,0.030927835051546393
2023-11-10,PEAK,-0.030927835051546393
2023-11-10,PEP,-0.030927835051546393
2023-11-10,PFE,-0.030927835051546393
2023-11-10,PFG,-0.030927835051546393
2023-11-10,PH,0.030927835051546393
2023-11-10,PHM,0.030927835051546393
2023-11-10,PKG,0.030927835051546393
2023-11-10,PNR,0.030927835051546393
2023-11-10,PWR,0.030927835051546393
2023-11-10,PYPL,-0.030927835051546393
2023-11-10,RCL,0.030927835051546393
2023-11-10,REGN,0.030927835051546393
2023-11-10,RF,-0.030927835051546393
2023-11-10,RMD,-0.030927835051546393
2023-11-10,ROP,0.030927835051546393
2023-11-10,ROST,0.030927835051546393
2023-11-10,RTX,-0.030927835051546393
2023-11-10,SBAC,-0.030927835051546393
2023-11-10,SCHW,-0.030927835051546393
2023-11-10,SEDG,-0.030927835051546393
2023-11-10,SEE,-0.030927835051546393
2023-11-10,SJM,-0.030927835051546393
2023-11-10,SNPS,0.030927835051546393
2023-11-10,SRE,-0.030927835051546393
2023-11-10,STE,0.030927835051546393
2023-11-10,STX,0.030927835051546393
2023-11-10,SYK,0.030927835051546393
2023-11-10,SYY,-0.030927835051546393
2023-11-10,T,-0.030927835051546393
2023-11-10,TDG,0.030927835051546393
2023-11-10,TECH,-0.030927835051546393
2023-11-10,TFC,-0.030927835051546393
2023-11-10,TGT,-0.030927835051546393
2023-11-10,TJX,0.030927835051546393
2023-11-10,TRGP,0.030927835051546393
2023-11-10,TSN,-0.030927835051546393
2023-11-10,TT,0.030927835051546393
2023-11-10,TTWO,0.030927835051546393
2023-11-10,TYL,0.030927835051546393
2023-11-10,URI,0.030927835051546393
2023-11-10,USB,-0.030927835051546393
2023-11-10,V,0.030927835051546393
2023-11-10,VFC,-0.030927835051546393
2023-11-10,VMC,0.030927835051546393
2023-11-10,VRSK,0.030927835051546393
2023-11-10,VRTX,0.030927835051546393
2023-11-10,VZ,-0.030927835051546393
2023-11-10,WAT,-0.030927835051546393
2023-11-10,WBA,-0.030927835051546393
2023-11-10,WELL,0.030927835051546393
2023-11-10,WMT,0.030927835051546393
2023-11-10,WST,0.030927835051546393
2023-11-10,WYNN,0.030927835051546393
2023-11-10,XEL,-0.030927835051546393
2023-11-10,ZTS,0.030927835051546393
2023-11-17,A,-0.030927835051546393
2023-11-17,AAPL,0.030927835051546393
2023-11-17,ACGL,0.030927835051546393
2023-11-17,ADBE,0.030927835051546393
2023-11-17,ADM,-0.030927835051546393
2023-11-17,AES,-0.030927835051546393
2023-11-17,AFL,0.030927835051546393
2023-11-17,AIZ,0.030927835051546393
2023-11-17,AJG,0.030927835051546393
2023-11-17,AKAM,0.030927835051546393
2023-11-17,ALB,-0.030927835051546393
2023-11-17,ALGN,0.030927835051546393
2023-11-17,ALK,-0.030927835051546393
2023-11-17,AMAT,0.030927835051546393
2023-11-17,AMCR,-0.030927835051546393
2023-11-17,AMD,0.030927835051546393
2023-11-17,AMT,-0.030927835051546393
2023-11-17,AMZN,0.030927835051546393
2023-11-17,ANET,0.030927835051546393
2023-11-17,ANSS,0.030927835051546393
2023-11-17,ARE,-0.030927835051546393
2023-11-17,AVGO,0.030927835051546393
2023-11-17,AWK,-0.030927835051546393
2023-11-17,BAC,-0.030927835051546393
2023-11-17,BAX,-0.030927835051546393
2023-11-17,BDX,0.030927835051546393
2023-11-17,BFB,-0.030927835051546393
2023-11-17,BIIB,-0.030927835051546393
2023-11-17,BKNG,0.030927835051546393
2023-11-17,BKR,0.030927835051546393
2023-11-17,BMY,-0.030927835051546393
2023-11-17,BR,0.030927835051546393
2023-11-17,BRKB,0.030927835051546393
2023-11-17,BRO,0.030927835051546393
2023-11-17,BSX,0.030927835051546393
2023-11-17,CAG,-0.030927835051546393
2023-11-17,CAH,0.030927835051546393
2023-11-17,CBOE,0.030927835051546393
2023-11-17,CCI,-0.030927835051546393
2023-11-17,CDNS,0.030927835051546393
2023-11-17,CEG,0.030927835051546393
2023-11-17,CFG,-0.030927835051546393
2023-11-17,CHD,0.030927835051546393
2023-11-17,CMCSA,0.030927835051546393
2023-11-17,CME,0.030927835051546393
2023-11-17,CMG,0.030927835051546393
2023-11-17,CPB,-0.030927835051546393
2023-11-17,CPRT,-0.030927835051546393
2023-11-17,CRM,0.030927835051546393
2023-11-17,CSCO,0.030927835051546393
2023-11-17,CTAS,0.030927835051546393
2023-11-17,CTVA,-0.030927835051546393
2023-11-17,CVS,-0.030927835051546393
2023-11-17,D,-0.030927835051546393
2023-11-17,DG,-0.030927835051546393
2023-11-17,DGX,-0.030927835051546393
2023-11-17,DHI,0.030927835051546393
2023-11-17,DHR,-0.030927835051546393
2023-11-17,DLTR,-0.030927835051546393
2023-11-17,DVN,-0.030927835051546393
2023-11-17,EL,-0.030927835051546393
2023-11-17,ENPH,-0.030927835051546393
2023-11-17,EPAM,-0.030927835051546393
2023-11-17,ES,-0.030927835051546393
2023-11-17,ETN,0.030927835051546393
2023-11-17,ETSY,-0.030927835051546393
2023-11-17,EXR,-0.030927835051546393
2023-11-17,FAST,0.030927835051546393
2023-11-17,FDX,0.030927835051546393
2023-11-17,FITB,-0.030927835051546393
2023-11-17,FLT,0.030927835051546393
2023-11-17,FMC,-0.030927835051546393
2023-11-17,GE,0.030927835051546393
2023-11-17,GIS,-0.030927835051546393
2023-11-17,GLW,-0.030927835051546393
2023-11-17,GOOG,0.030927835051546393
2023-11-17,GOOGL,0.030927835051546393
2023-11-17,GPC,-0.030927835051546393
2023-11-17,GRMN,0.030927835051546393
2023-11-17,GS,-0.030927835051546393
2023-11-17,GWW,0.030927835051546393
2023-11-17,HBAN,-0.030927835051546393
2023-11-17,HON,-0.030927835051546393
2023-11-17,HRL,-0.030927835051546393
2023-11-17,HWM,0.030927835051546393
2023-11-17,IEX,-0.030927835051546393
2023-11-17,ILMN,-0.030927835051546393
2023-11-17,INCY,-0.030927835051546393
2023-11-17,INTU,0.030927835051546393
2023-11-17,IR,0.030927835051546393
2023-11-17,IRM,0.030927835051546393
2023-11-17,IVZ,-0.030927835051546393
2023-11-17,JCI,-0.030927835051546393
2023-11-17,JKHY,-0.030927835051546393
2023-11-17,JNJ,-0.030927835051546393
2023-11-17,JNPR,-0.030927835051546393
2023-11-17,K,-0.030927835051546393
2023-11-17,KDP,-0.030927835051546393
2023-11-17,KEY,-0.030927835051546393
2023-11-17,KEYS,-0.030927835051546393
2023-11-17,KHC,-0.030927835051546393
2023-11-17,KIM,-0.030927835051546393
2023-11-17,KLAC,0.030927835051546393
2023-11-17,KO,-0.030927835051546393
2023-11-17,L,0.030927835051546393
2023-11-17,LEN,0.030927835051546393
2023-11-17,LHX,-0.030927835051546393
2023-11-17,LIN,0.030927835051546393
2023-11-17,LLY,0.030927835051546393
2023-11-17,LRCX,0.030927835051546393
2023-11-17,LUV,-0.030927835051546393
2023-11-17,MA,0.030927835051546393
2023-11-17,MAR,0.030927835051546393
2023-11-17,MCK,0.030927835051546393
2023-11-17,META,0.030927835051546393
2023-11-17,MKC,-0.030927835051546393
2023-11-17,MLM,0.030927835051546393
2023-11-17,MMC,0.030927835051546393
2023-11-17,MMM,-0.030927835051546393
2023-11-17,MNST,-0.030927835051546393
2023-11-17,MPC,0.030927835051546393
2023-11-17,MRNA,-0.030927835051546393
2023-11-17,MSFT,0.030927835051546393
2023-11-17,MSI,0.030927835051546393
2023-11-17,MTB,-0.030927835051546393
2023-11-17,MTD,-0.030927835051546393
2023-11-17,NDAQ,-0.030927835051546393
2023-11-17,NEE,-0.030927835051546393
2023-11-17,NFLX,0.030927835051546393
2023-11-17,NOW,0.030927835051546393
2023-11-17,NSC,-0.030927835051546393
2023-11-17,NTRS,-0.030927835051546393
2023-11-17,NVDA,0.030927835051546393
2023-11-17,NVR,0.030927835051546393
2023-11-17,NWS,0.030927835051546393
2023-11-17,NWSA,0.030927835051546393
2023-11-17,O,-0.030927835051546393
2023-11-17,ODFL,0.030927835051546393
2023-11-17,ORCL,0.030927835051546393
2023-11-17,ORLY,0.030927835051546393
2023-11-17,PCAR,-0.030927835051546393
2023-11-17,PEAK,-0.030927835051546393
2023-11-17,PEP,-0.030927835051546393
2023-11-17,PFE,-0.030927835051546393
2023-11-17,PFG,-0.030927835051546393
2023-11-17,PGR,0.030927835051546393
2023-11-17,PH,0.030927835051546393
2023-11-17,PHM,0.030927835051546393
2023-11-17,PKG,0.030927835051546393
2023-11-17,PNC,-0.030927835051546393
2023-11-17,PNR,0.030927835051546393
2023-11-17,PTC,0.030927835051546393
2023-11-17,PYPL,-0.030927835051546393
2023-11-17,RCL,0.030927835051546393
2023-11-17,RF,-0.030927835051546393
2023-11-17,RMD,-0.030927835051546393
2023-11-17,ROL,-0.030927835051546393
2023-11-17,ROP,0.030927835051546393
2023-11-17,ROST,0.030927835051546393
2023-11-17,RSG,0.030927835051546393
2023-11-17,RTX,-0.030927835051546393
2023-11-17,SBAC,-0.030927835051546393
2023-11-17,SCHW,-0.030927835051546393
2023-11-17,SEDG,-0.030927835051546393
2023-11-17,SEE,-0.030927835051546393
2023-11-17,SJM,-0.030927835051546393
2023-11-17,SNPS,0.030927835051546393
2023-11-17,SRE,-0.030927835051546393
2023-11-17,STE,0.030927835051546393
2023-11-17,STX,0.030927835051546393
2023-11-17,SYK,0.030927835051546393
2023-11-17,SYY,-0.030927835051546393
2023-11-17,T,-0.030927835051546393
2023-11-17,TDG,0.030927835051546393
2023-11-17,TECH,-0.030927835051546393
2023-11-17,TFC,-0.030927835051546393
2023-11-17,TGT,-0.030927835051546393
2023-11-17,TJX,0.030927835051546393
2023-11-17,TRGP,0.030927835051546393
2023-11-17,TSN,-0.030927835051546393
2023-11-17,TTWO,0.030927835051546393
2023-11-17,TYL,0.030927835051546393
2023-11-17,V,0.030927835051546393
2023-11-17,VFC,-0.030927835051546393
2023-11-17,VMC,0.030927835051546393
2023-11-17,VRSK,0.030927835051546393
2023-11-17,VRTX,0.030927835051546393
2023-11-17,VZ,-0.030927835051546393
2023-11-17,WAT,-0.030927835051546393
2023-11-17,WBA,-0.030927835051546393
2023-11-17,WELL,0.030927835051546393
2023-11-17,WMT,0.030927835051546393
2023-11-17,WST,0.030927835051546393
2023-11-17,ZTS,0.030927835051546393
2023-11-24,A,-0.030927835051546393
2023-11-24,AAPL,0.030927835051546393
2023-11-24,ACGL,0.030927835051546393
2023-11-24,ADBE,0.030927835051546393
2023-11-24,ADM,-0.030927835051546393
2023-11-24,AEP,-0.030927835051546393
2023-11-24,AES,-0.030927835051546393
2023-11-24,AFL,0.030927835051546393
2023-11-24,AIZ,0.030927835051546393
2023-11-24,AJG,0.030927835051546393
2023-11-24,AKAM,0.030927835051546393
2023-11-24,ALB,-0.030927835051546393
2023-11-24,ALK,-0.030927835051546393
2023-11-24,AMAT,0.030927835051546393
2023-11-24,AMCR,-0.030927835051546393
2023-11-24,AMD,0.030927835051546393
2023-11-24,AMZN,0.030927835051546393
2023-11-24,ANET,0.030927835051546393
2023-11-24,AOS,0.030927835051546393
2023-11-24,ARE,-0.030927835051546393
2023-11-24,AVGO,0.030927835051546393
2023-11-24,AWK,-0.030927835051546393
2023-11-24,BAC,-0.030927835051546393
2023-11-24,BAX,-0.030927835051546393
2023-11-24,BDX,0.030927835051546393
2023-11-24,BFB,-0.030927835051546393
2023-11-24,BIIB,-0.030927835051546393
2023-11-24,BKNG,0.030927835051546393
2023-11-24,BKR,0.030927835051546393
2023-11-24,BMY,-0.030927835051546393
2023-11-24,BR,0.030927835051546393
2023-11-24,BRKB,0.030927835051546393
2023-11-24,BRO,0.030927835051546393
2023-11-24,BSX,0.030927835051546393
2023-11-24,CAG,-0.030927835051546393
2023-11-24,CAH,0.030927835051546393
2023-11-24,CBOE,0.030927835051546393
2023-11-24,CCI,-0.030927835051546393
2023-11-24,CDNS,0.030927835051546393
2023-11-24,CE,0.030927835051546393
2023-11-24,CEG,0.030927835051546393
2023-11-24,CFG,-0.030927835051546393
2023-11-24,CHD,0.030927835051546393
2023-11-24,CMCSA,0.030927835051546393
2023-11-24,CME,0.030927835051546393
2023-11-24,CMG,0.030927835051546393
2023-11-24,CPB,-0.030927835051546393
2023-11-24,CPRT,-0.030927835051546393
2023-11-24,CPT,-0.030927835051546393
2023-11-24,CRL,-0.030927835051546393
2023-11-24,CRM,0.030927835051546393
2023-11-24,CTAS,0.030927835051546393
2023-11-24,CTVA,-0.030927835051546393
2023-11-24,CVS,-0.030927835051546393
2023-11-24,D,-0.030927835051546393
2023-11-24,DG,-0.030927835051546393
2023-11-24,DHI,0.030927835051546393
2023-11-24,DHR,-0.030927835051546393
2023-11-24,DLTR,-0.030927835051546393
2023-11-24,EL,-0.030927835051546393
2023-11-24,ENPH,-0.030927835051546393
2023-11-24,EPAM,-0.030927835051546393
2023-11-24,ES,-0.030927835051546393
2023-11-24,ETN,0.030927835051546393
2023-11-24,ETSY,-0.030927835051546393
2023-11-24,EXR,-0.030927835051546393
2023-11-24,FAST,0.030927835051546393
2023-11-24,FDX,0.030927835051546393
2023-11-24,FITB,-0.030927835051546393
2023-11-24,FLT,0.030927835051546393
2023-11-24,FMC,-0.030927835051546393
2023-11-24,GE,0.030927835051546393
2023-11-24,GIS,-0.030927835051546393
2023-11-24,GLW,-0.030927835051546393
2023-11-24,GOOG,0.030927835051546393
2023-11-24,GOOGL,0.030927835051546393
2023-11-24,GPC,-0.030927835051546393
2023-11-24,GRMN,0.030927835051546393
2023-11-24,GS,-0.030927835051546393
2023-11-24,GWW,0.030927835051546393
2023-11-24,HBAN,-0.030927835051546393
2023-11-24,HLT,0.030927835051546393
2023-11-24,HON,-0.030927835051546393
2023-11-24,HRL,-0.030927835051546393
2023-11-24,HSIC,-0.030927835051546393
2023-11-24,HSY,-0.030927835051546393
2023-11-24,HWM,0.030927835051546393
2023-11-24,IEX,-0.030927835051546393
2023-11-24,ILMN,-0.030927835051546393
2023-11-24,INCY,-0.030927835051546393
2023-11-24,INTU,0.030927835051546393
2023-11-24,IR,0.030927835051546393
2023-11-24,IRM,0.030927835051546393
2023-11-24,IVZ,-0.030927835051546393
2023-11-24,J,0.030927835051546393
2023-11-24,JCI,-0.030927835051546393
2023-11-24,JKHY,-0.030927835051546393
2023-11-24,JNJ,-0.030927835051546393
2023-11-24,JNPR,-0.030927835051546393
2023-11-24,K,-0.030927835051546393
2023-11-24,KDP,-0.030927835051546393
2023-11-24,KEYS,-0.030927835051546393
2023-11-24,KHC,-0.030927835051546393
2023-11-24,KIM,-0.030927835051546393
2023-11-24,KLAC,0.030927835051546393
2023-11-24,L,0.030927835051546393
2023-11-24,LEN,0.030927835051546393
2023-11-24,LHX,-0.030927835051546393
2023-11-24,LIN,0.030927835051546393
2023-11-24,LLY,0.030927835051546393
2023-11-24,LRCX,0.030927835051546393
2023-11-24,LUV,-0.030927835051546393
2023-11-24,LYV,0.030927835051546393
2023-11-24,MAA,-0.030927835051546393
2023-11-24,MAR,0.030927835051546393
2023-11-24,MCK,0.030927835051546393
2023-11-24,META,0.030927835051546393
2023-11-24,MLM,0.030927835051546393
2023-11-24,MMC,0.030927835051546393
2023-11-24,MMM,-0.030927835051546393
2023-11-24,MNST,-0.030927835051546393
2023-11-24,MOS,-0.030927835051546393
2023-11-24,MPC,0.030927835051546393
2023-11-24,MRNA,-0.030927835051546393
2023-11-24,MSFT,0.030927835051546393
2023-11-24,MTB,-0.030927835051546393
2023-11-24,MTD,-0.030927835051546393
2023-11-24,NDAQ,-0.030927835051546393
2023-11-24,NEE,-0.030927835051546393
2023-11-24,NFLX,0.030927835051546393
2023-11-24,NOW,0.030927835051546393
2023-11-24,NSC,-0.030927835051546393
2023-11-24,NTRS,-0.030927835051546393
2023-11-24,NVDA,0.030927835051546393
2023-11-24,NVR,0.030927835051546393
2023-11-24,NWS,0.030927835051546393
2023-11-24,NWSA,0.030927835051546393
2023-11-24,O,-0.030927835051546393
2023-11-24,ODFL,0.030927835051546393
2023-11-24,ORCL,0.030927835051546393
2023-11-24,ORLY,0.030927835051546393
2023-11-24,PEAK,-0.030927835051546393
2023-11-24,PEP,-0.030927835051546393
2023-11-24,PFE,-0.030927835051546393
2023-11-24,PFG,-0.030927835051546393
2023-11-24,PGR,0.030927835051546393
2023-11-24,PH,0.030927835051546393
2023-11-24,PHM,0.030927835051546393
2023-11-24,PKG,0.030927835051546393
2023-11-24,PNC,-0.030927835051546393
2023-11-24,PNR,0.030927835051546393
2023-11-24,PTC,0.030927835051546393
2023-11-24,PWR,0.030927835051546393
2023-11-24,PYPL,-0.030927835051546393
2023-11-24,RCL,0.030927835051546393
2023-11-24,REGN,0.030927835051546393
2023-11-24,RF,-0.030927835051546393
2023-11-24,RMD,-0.030927835051546393
2023-11-24,ROP,0.030927835051546393
2023-11-24,RSG,0.030927835051546393
2023-11-24,SBAC,-0.030927835051546393
2023-11-24,SCHW,-0.030927835051546393
2023-11-24,SEDG,-0.030927835051546393
2023-11-24,SEE,-0.030927835051546393
2023-11-24,SJM,-0.030927835051546393
2023-11-24,SNPS,0.030927835051546393
2023-11-24,SRE,-0.030927835051546393
2023-11-24,STE,0.030927835051546393
2023-11-24,STX,0.030927835051546393
2023-11-24,SYK,0.030927835051546393
2023-11-24,SYY,-0.030927835051546393
2023-11-24,TDG,0.030927835051546393
2023-11-24,TECH,-0.030927835051546393
2023-11-24,TFC,-0.030927835051546393
2023-11-24,TGT,-0.030927835051546393
2023-11-24,TJX,0.030927835051546393
2023-11-24,TMO,-0.030927835051546393
2023-11-24,TRGP,0.030927835051546393
2023-11-24,TSN,-0.030927835051546393
2023-11-24,TTWO,0.030927835051546393
2023-11-24,TXN,-0.030927835051546393
2023-11-24,TYL,0.030927835051546393
2023-11-24,UPS,-0.030927835051546393
2023-11-24,V,0.030927835051546393
2023-11-24,VFC,-0.030927835051546393
2023-11-24,VRSK,0.030927835051546393
2023-11-24,VRTX,0.030927835051546393
2023-11-24,WAT,-0.030927835051546393
2023-11-24,WBA,-0.030927835051546393
2023-11-24,WELL,0.030927835051546393
2023-11-24,WMT,0.030927835051546393
2023-11-24,WST,0.030927835051546393
2023-11-24,WYNN,0.030927835051546393
2023-11-24,XYL,-0.030927835051546393
2023-12-01,A,-0.030927835051546393
2023-12-01,AAPL,0.030927835051546393
2023-12-01,ACGL,0.030927835051546393
2023-12-01,ADBE,0.030927835051546393
2023-12-01,ADM,-0.030927835051546393
2023-12-01,ADP,-0.030927835051546393
2023-12-01,AEP,-0.030927835051546393
2023-12-01,AES,-0.030927835051546393
2023-12-01,AFL,0.030927835051546393
2023-12-01,AIZ,0.030927835051546393
2023-12-01,AJG,0.030927835051546393
2023-12-01,ALB,-0.030927835051546393
2023-12-01,ALK,-0.030927835051546393
2023-12-01,AMAT,0.030927835051546393
2023-12-01,AMCR,-0.030927835051546393
2023-12-01,AMD,0.030927835051546393
2023-12-01,AMZN,0.030927835051546393
2023-12-01,ANET,0.030927835051546393
2023-12-01,AOS,0.030927835051546393
2023-12-01,ARE,-0.030927835051546393
2023-12-01,AVGO,0.030927835051546393
2023-12-01,AWK,-0.030927835051546393
2023-12-01,BAC,-0.030927835051546393
2023-12-01,BAX,-0.030927835051546393
2023-12-01,BFB,-0.030927835051546393
2023-12-01,BIIB,-0.030927835051546393
2023-12-01,BKNG,0.030927835051546393
2023-12-01,BKR,0.030927835051546393
2023-12-01,BMY,-0.030927835051546393
2023-12-01,BR,0.030927835051546393
2023-12-01,BRKB,0.030927835051546393
2023-12-01,BRO,0.030927835051546393
2023-12-01,BSX,0.030927835051546393
2023-12-01,CAG,-0.030927835051546393
2023-12-01,CAH,0.030927835051546393
2023-12-01,CBOE,0.030927835051546393
2023-12-01,CCI,-0.030927835051546393
2023-12-01,CDNS,0.030927835051546393
2023-12-01,CEG,0.030927835051546393
2023-12-01,CFG,-0.030927835051546393
2023-12-01,CHD,0.030927835051546393
2023-12-01,CLX,-0.030927835051546393
2023-12-01,CMCSA,0.030927835051546393
2023-12-01,CME,0.030927835051546393
2023-12-01,CMG,0.030927835051546393
2023-12-01,COST,0.030927835051546393
2023-12-01,CPB,-0.030927835051546393
2023-12-01,CPRT,-0.030927835051546393
2023-12-01,CPT,-0.030927835051546393
2023-12-01,CRM,0.030927835051546393
2023-12-01,CTAS,0.030927835051546393
2023-12-01,CTVA,-0.030927835051546393
2023-12-01,CVS,-0.030927835051546393
2023-12-01,D,-0.030927835051546393
2023-12-01,DG,-0.030927835051546393
2023-12-01,DHI,0.030927835051546393
2023-12-01,DHR,-0.030927835051546393
2023-12-01,DLR,0.030927835051546393
2023-12-01,ECL,0.030927835051546393
2023-12-01,EL,-0.030927835051546393
2023-12-01,ENPH,-0.030927835051546393
2023-12-01,EPAM,-0.030927835051546393
2023-12-01,ES,-0.030927835051546393
2023-12-01,ETN,0.030927835051546393
2023-12-01,ETSY,-0.030927835051546393
2023-12-01,EXR,-0.030927835051546393
2023-12-01,FAST,0.030927835051546393
2023-12-01,FDX,0.030927835051546393
2023-12-01,FIS,-0.030927835051546393
2023-12-01,FITB,-0.030927835051546393
2023-12-01,FLT,0.030927835051546393
2023-12-01,FMC,-0.030927835051546393
2023-12-01,GE,0.030927835051546393
2023-12-01,GEN,-0.030927835051546393
2023-12-01,GIS,-0.030927835051546393
2023-12-01,GLW,-0.030927835051546393
2023-12-01,GOOG,0.030927835051546393
2023-12-01,GOOGL,0.030927835051546393
2023-12-01,GPC,-0.030927835051546393
2023-12-01,GRMN,0.030927835051546393
2023-12-01,GWW,0.030927835051546393
2023-12-01,HBAN,-0.030927835051546393
2023-12-01,HRL,-0.030927835051546393
2023-12-01,HSIC,-0.030927835051546393
2023-12-01,HSY,-0.030927835051546393
2023-12-01,HWM,0.030927835051546393
2023-12-01,IEX,-0.030927835051546393
2023-12-01,ILMN,-0.030927835051546393
2023-12-01,INCY,-0.030927835051546393
2023-12-01,INTC,0.030927835051546393
2023-12-01,INTU,0.030927835051546393
2023-12-01,IR,0.030927835051546393
2023-12-01,IRM,0.030927835051546393
2023-12-01,IVZ,-0.030927835051546393
2023-12-01,JCI,-0.030927835051546393
2023-12-01,JKHY,-0.030927835051546393
2023-12-01,JNJ,-0.030927835051546393
2023-12-01,K,-0.030927835051546393
2023-12-01,KDP,-0.030927835051546393
2023-12-01,KEYS,-0.030927835051546393
2023-12-01,KHC,-0.030927835051546393
2023-12-01,KLAC,0.030927835051546393
2023-12-01,L,0.030927835051546393
2023-12-01,LEN,0.030927835051546393
2023-12-01,LIN,0.030927835051546393
2023-12-01,LKQ,-0.030927835051546393
2023-12-01,LLY,0.030927835051546393
2023-12-01,LRCX,0.030927835051546393
2023-12-01,LUV,-0.030927835051546393
2023-12-01,MAA,-0.030927835051546393
2023-12-01,MAR,0.030927835051546393
2023-12-01,MCK,0.030927835051546393
2023-12-01,META,0.030927835051546393
2023-12-01,MLM,0.030927835051546393
2023-12-01,MMC,0.030927835051546393
2023-12-01,MMM,-0.030927835051546393
2023-12-01,MNST,-0.030927835051546393
2023-12-01,MPC,0.030927835051546393
2023-12-01,MPWR,0.030927835051546393
2023-12-01,MRNA,-0.030927835051546393
2023-12-01,MS,-0.030927835051546393
2023-12-01,MSFT,0.030927835051546393
2023-12-01,MTB,-0.030927835051546393
2023-12-01,MTD,-0.030927835051546393
2023-12-01,MU,0.030927835051546393
2023-12-01,NDAQ,-0.030927835051546393
2023-12-01,NEE,-0.030927835051546393
2023-12-01,NFLX,0.030927835051546393
2023-12-01,NOW,0.030927835051546393
2023-12-01,NSC,-0.030927835051546393
2023-12-01,NTRS,-0.030927835051546393
2023-12-01,NVDA,0.030927835051546393
2023-12-01,NVR,0.030927835051546393
2023-12-01,NWS,0.030927835051546393
2023-12-01,O,-0.030927835051546393
2023-12-01,ODFL,0.030927835051546393
2023-12-01,ORCL,0.030927835051546393
2023-12-01,ORLY,0.030927835051546393
2023-12-01,PAYC,-0.030927835051546393
2023-12-01,PCG,0.030927835051546393
2023-12-01,PEAK,-0.030927835051546393
2023-12-01,PFE,-0.030927835051546393
2023-12-01,PFG,-0.030927835051546393
2023-12-01,PGR,0.030927835051546393
2023-12-01,PH,0.030927835051546393
2023-12-01,PHM,0.030927835051546393
2023-12-01,PKG,0.030927835051546393
2023-12-01,PNC,-0.030927835051546393
2023-12-01,PNR,0.030927835051546393
2023-12-01,PTC,0.030927835051546393
2023-12-01,PYPL,-0.030927835051546393
2023-12-01,RCL,0.030927835051546393
2023-12-01,RF,-0.030927835051546393
2023-12-01,RMD,-0.030927835051546393
2023-12-01,ROP,0.030927835051546393
2023-12-01,RSG,0.030927835051546393
2023-12-01,SBAC,-0.030927835051546393
2023-12-01,SCHW,-0.030927835051546393
2023-12-01,SEDG,-0.030927835051546393
2023-12-01,SEE,-0.030927835051546393
2023-12-01,SJM,-0.030927835051546393
2023-12-01,SNPS,0.030927835051546393
2023-12-01,SRE,-0.030927835051546393
2023-12-01,STE,0.030927835051546393
2023-12-01,STX,0.030927835051546393
2023-12-01,SYK,0.030927835051546393
2023-12-01,SYY,-0.030927835051546393
2023-12-01,TDG,0.030927835051546393
2023-12-01,TECH,-0.030927835051546393
2023-12-01,TFC,-0.030927835051546393
2023-12-01,TGT,-0.030927835051546393
2023-12-01,TJX,0.030927835051546393
2023-12-01,TMO,-0.030927835051546393
2023-12-01,TRGP,0.030927835051546393
2023-12-01,TRMB,-0.030927835051546393
2023-12-01,TROW,-0.030927835051546393
2023-12-01,TSN,-0.030927835051546393
2023-12-01,TT,0.030927835051546393
2023-12-01,TTWO,0.030927835051546393
2023-12-01,TXN,-0.030927835051546393
2023-12-01,UDR,-0.030927835051546393
2023-12-01,UPS,-0.030927835051546393
2023-12-01,URI,0.030927835051546393
2023-12-01,V,0.030927835051546393
2023-12-01,VFC,-0.030927835051546393
2023-12-01,VMC,0.030927835051546393
2023-12-01,VRSK,0.030927835051546393
2023-12-01,VRTX,0.030927835051546393
2023-12-01,WAT,-0.030927835051546393
2023-12-01,WBA,-0.030927835051546393
2023-12-01,WDC,0.030927835051546393
2023-12-01,WELL,0.030927835051546393
2023-12-01,WMT,0.030927835051546393
2023-12-01,WST,0.030927835051546393
2023-12-08,A,-0.028241408449328226
2023-12-08,AAPL,0.028241408449328226
2023-12-08,ABBV,-0.028241408449328226
2023-12-08,ACGL,0.028241408449328226
2023-12-08,ADBE,0.028241408449328226
2023-12-08,ADM,-0.028241408449328226
2023-12-08,AEP,-0.028241408449328226
2023-12-08,AES,-0.028241408449328226
2023-12-08,AFL,0.028241408449328226
2023-12-08,AIZ,0.028241408449328226
2023-12-08,AJG,0.028241408449328226
2023-12-08,AKAM,0.028241408449328226
2023-12-08,ALB,-0.028241408449328226
2023-12-08,AMAT,0.028241408449328226
2023-12-08,AMCR,-0.028241408449328226
2023-12-08,AMD,0.028241408449328226
2023-12-08,AMZN,0.028241408449328226
2023-12-08,ANET,0.028241408449328226
2023-12-08,AOS,0.028241408449328226
2023-12-08,ARE,-0.028241408449328226
2023-12-08,AVGO,0.028241408449328226
2023-12-08,AWK,-0.028241408449328226
2023-12-08,BAX,-0.028241408449328226
2023-12-08,BBY,-0.028241408449328226
2023-12-08,BIIB,-0.028241408449328226
2023-12-08,BKNG,0.028241408449328226
2023-12-08,BKR,0.028241408449328226
2023-12-08,BMY,-0.028241408449328226
2023-12-08,BR,0.028241408449328226
2023-12-08,BRKB,0.028241408449328226
2023-12-08,BRO,0.028241408449328226
2023-12-08,CAG,-0.028241408449328226
2023-12-08,CAH,0.028241408449328226
2023-12-08,CBOE,0.028241408449328226
2023-12-08,CCI,-0.028241408449328226
2023-12-08,CCL,0.028241408449328226
2023-12-08,CDNS,0.028241408449328226
2023-12-08,CEG,0.028241408449328226
2023-12-08,CFG,-0.028241408449328226
2023-12-08,CHD,0.028241408449328226
2023-12-08,CHRW,-0.028241408449328226
2023-12-08,CMCSA,0.028241408449328226
2023-12-08,CME,0.028241408449328226
2023-12-08,CMG,0.028241408449328226
2023-12-08,COST,0.028241408449328226
2023-12-08,CPB,-0.028241408449328226
2023-12-08,CPRT,-0.028241408449328226
2023-12-08,CPT,-0.028241408449328226
2023-12-08,CRM,0.028241408449328226
2023-12-08,CTAS,0.028241408449328226
2023-12-08,CTVA,-0.028241408449328226
2023-12-08,CVS,-0.028241408449328226
2023-12-08,D,-0.028241408449328226
2023-12-08,DG,-0.028241408449328226
2023-12-08,DHI,0.028241408449328226
2023-12-08,DHR,-0.028241408449328226
2023-12-08,DTE,-0.028241408449328226
2023-12-08,DVN,-0.028241408449328226
2023-12-08,ECL,0.028241408449328226
2023-12-08,EL,-0.028241408449328226
2023-12-08,ENPH,-0.028241408449328226
2023-12-08,ES,-0.028241408449328226
2023-12-08,ETN,0.028241408449328226
2023-12-08,ETSY,-0.028241408449328226
2023-12-08,EVRG,-0.028241408449328226
2023-12-08,EXR,-0.028241408449328226
2023-12-08,FAST,0.028241408449328226
2023-12-08,FDX,0.028241408449328226
2023-12-08,FLT,0.028241408449328226
2023-12-08,FMC,-0.028241408449328226
2023-12-08,GE,0.028241408449328226
2023-12-08,GILD,-0.028241408449328226
2023-12-08,GIS,-0.028241408449328226
2023-12-08,GLW,-0.028241408449328226
2023-12-08,GM,-0.028241408449328226
2023-12-08,GOOG,0.028241408449328226
2023-12-08,GOOGL,0.028241408449328226
2023-12-08,GPC,-0.028241408449328226
2023-12-08,GRMN,0.028241408449328226
2023-12-08,GWW,0.028241408449328226
2023-12-08,HBAN,-0.028241408449328226
2023-12-08,HLT,0.028241408449328226
2023-12-08,HRL,-0.028241408449328226
2023-12-08,HSIC,-0.028241408449328226
2023-12-08,HSY,-0.028241408449328226
2023-12-08,HWM,0.028241408449328226
2023-12-08,IEX,-0.028241408449328226
2023-12-08,IFF,-0.028241408449328226
2023-12-08,ILMN,-0.028241408449328226
2023-12-08,INCY,-0.028241408449328226
2023-12-08,INTC,0.028241408449328226
2023-12-08,INTU,0.028241408449328226
2023-12-08,IR,0.028241408449328226
2023-12-08,IVZ,-0.028241408449328226
2023-12-08,JCI,-0.028241408449328226
2023-12-08,JNJ,-0.028241408449328226
2023-12-08,K,-0.028241408449328226
2023-12-08,KDP,-0.028241408449328226
2023-12-08,KEYS,-0.028241408449328226
2023-12-08,KHC,-0.028241408449328226
2023-12-08,KLAC,0.028241408449328226
2023-12-08,KMB,-0.028241408449328226
2023-12-08,KO,-0.028241408449328226
2023-12-08,L,0.028241408449328226
2023-12-08,LEN,0.028241408449328226
2023-12-08,LIN,0.028241408449328226
2023-12-08,LLY,0.028241408449328226
2023-12-08,LRCX,0.028241408449328226
2023-12-08,LUV,-0.028241408449328226
2023-12-08,MA,0.028241408449328226
2023-12-08,MAA,-0.028241408449328226
2023-12-08,MAR,0.028241408449328226
2023-12-08,MCK,0.028241408449328226
2023-12-08,MCO,0.028241408449328226
2023-12-08,META,0.028241408449328226
2023-12-08,MKC,-0.028241408449328226
2023-12-08,MLM,0.028241408449328226
2023-12-08,MMC,0.028241408449328226
2023-12-08,MMM,-0.028241408449328226
2023-12-08,MNST,-0.028241408449328226
2023-12-08,MO,-0.028241408449328226
2023-12-08,MPC,0.028241408449328226
2023-12-08,MRNA,-0.028241408449328226
2023-12-08,MSFT,0.028241408449328226
2023-12-08,MSI,0.028241408449328226
2023-12-08,MTD,-0.028241408449328226
2023-12-08,MU,0.028241408449328226
2023-12-08,NDAQ,-0.028241408449328226
2023-12-08,NEE,-0.028241408449328226
2023-12-08,NEM,-0.028241408449328226
2023-12-08,NFLX,0.028241408449328226
2023-12-08,NOW,0.028241408449328226
2023-12-08,NRG,0.028241408449328226
2023-12-08,NSC,-0.028241408449328226
2023-12-08,NTAP,0.028241408449328226
2023-12-08,NTRS,-0.028241408449328226
2023-12-08,NVDA,0.028241408449328226
2023-12-08,NVR,0.028241408449328226
2023-12-08,NWS,0.028241408449328226
2023-12-08,O,-0.028241408449328226
2023-12-08,ODFL,0.028241408449328226
2023-12-08,ORCL,0.028241408449328226
2023-12-08,ORLY,0.028241408449328226
2023-12-08,PAYC,-0.028241408449328226
2023-12-08,PEAK,-0.028241408449328226
2023-12-08,PFE,-0.028241408449328226
2023-12-08,PFG,-0.028241408449328226
2023-12-08,PGR,0.028241408449328226
2023-12-08,PH,0.028241408449328226
2023-12-08,PHM,0.028241408449328226
2023-12-08,PKG,0.028241408449328226
2023-12-08,PNR,0.028241408449328226
2023-12-08,PTC,0.028241408449328226
2023-12-08,PYPL,-0.028241408449328226
2023-12-08,RCL,0.028241408449328226
2023-12-08,RF,-0.028241408449328226
2023-12-08,RMD,-0.028241408449328226
2023-12-08,ROP,0.028241408449328226
2023-12-08,RSG,0.028241408449328226
2023-12-08,SBAC,-0.028241408449328226
2023-12-08,SCHW,-0.028241408449328226
2023-12-08,SEDG,-0.028241408449328226
2023-12-08,SEE,-0.028241408449328226
2023-12-08,SJM,-0.028241408449328226
2023-12-08,SNPS,0.028241408449328226
2023-12-08,SRE,-0.028241408449328226
2023-12-08,STX,0.028241408449328226
2023-12-08,SYY,-0.028241408449328226
2023-12-08,TDG,0.028241408449328226
2023-12-08,TECH,-0.028241408449328226
2023-12-08,TGT,-0.028241408449328226
2023-12-08,TJX,0.028241408449328226
2023-12-08,TMO,-0.028241408449328226
2023-12-08,TRGP,0.028241408449328226
2023-12-08,TRMB,-0.028241408449328226
2023-12-08,TSN,-0.028241408449328226
2023-12-08,TT,0.028241408449328226
2023-12-08,TTWO,0.028241408449328226
2023-12-08,TXN,-0.028241408449328226
2023-12-08,TYL,0.028241408449328226
2023-12-08,UDR,-0.028241408449328226
2023-12-08,UPS,-0.028241408449328226
2023-12-08,V,0.028241408449328226
2023-12-08,VFC,-0.028241408449328226
2023-12-08,VICI,-0.028241408449328226
2023-12-08,VMC,0.028241408449328226
2023-12-08,VRSK,0.028241408449328226
2023-12-08,VRTX,0.028241408449328226
2023-12-08,WAT,-0.028241408449328226
2023-12-08,WBA,-0.028241408449328226
2023-12-08,WELL,0.028241408449328226
2023-12-08,WMT,0.028241408449328226
2023-12-08,WST,0.028241408449328226
2023-12-08,XEL,-0.028241408449328226
2023-12-15,A,-0.024649720913154597
2023-12-15,AAPL,0.024649720913154597
2023-12-15,ABBV,-0.024649720913154597
2023-12-15,ACGL,0.024649720913154597
2023-12-15,ADBE,0.024649720913154597
2023-12-15,ADM,-0.024649720913154597
2023-12-15,AEP,-0.024649720913154597
2023-12-15,AES,-0.024649720913154597
2023-12-15,AFL,0.024649720913154597
2023-12-15,AIZ,0.024649720913154597
2023-12-15,AJG,0.024649720913154597
2023-12-15,AKAM,0.024649720913154597
2023-12-15,ALB,-0.024649720913154597
2023-12-15,AMAT,0.024649720913154597
2023-12-15,AMCR,-0.024649720913154597
2023-12-15,AMD,0.024649720913154597
2023-12-15,AMZN,0.024649720913154597
2023-12-15,ANET,0.024649720913154597
2023-12-15,AOS,0.024649720913154597
2023-12-15,ARE,-0.024649720913154597
2023-12-15,AVGO,0.024649720913154597
2023-12-15,AWK,-0.024649720913154597
2023-12-15,BAX,-0.024649720913154597
2023-12-15,BBWI,-0.024649720913154597
2023-12-15,BFB,-0.024649720913154597
2023-12-15,BIIB,-0.024649720913154597
2023-12-15,BIO,-0.024649720913154597
2023-12-15,BKNG,0.024649720913154597
2023-12-15,BMY,-0.024649720913154597
2023-12-15,BR,0.024649720913154597
2023-12-15,BRKB,0.024649720913154597
2023-12-15,BRO,0.024649720913154597
2023-12-15,BSX,0.024649720913154597
2023-12-15,CAG,-0.024649720913154597
2023-12-15,CAH,0.024649720913154597
2023-12-15,CBOE,0.024649720913154597
2023-12-15,CCI,-0.024649720913154597
2023-12-15,CCL,0.024649720913154597
2023-12-15,CDNS,0.024649720913154597
2023-12-15,CEG,0.024649720913154597
2023-12-15,CFG,-0.024649720913154597
2023-12-15,CHRW,-0.024649720913154597
2023-12-15,CHTR,0.024649720913154597
2023-12-15,CMCSA,0.024649720913154597
2023-12-15,CME,0.024649720913154597
2023-12-15,CMG,0.024649720913154597
2023-12-15,COST,0.024649720913154597
2023-12-15,CPB,-0.024649720913154597
2023-12-15,CPRT,-0.024649720913154597
2023-12-15,CPT,-0.024649720913154597
2023-12-15,CRM,0.024649720913154597
2023-12-15,CTAS,0.024649720913154597
2023-12-15,CTVA,-0.024649720913154597
2023-12-15,CVS,-0.024649720913154597
2023-12-15,CVX,-0.024649720913154597
2023-12-15,D,-0.024649720913154597
2023-12-15,DG,-0.024649720913154597
2023-12-15,DHI,0.024649720913154597
2023-12-15,DHR,-0.024649720913154597
2023-12-15,DLR,0.024649720913154597
2023-12-15,DLTR,-0.024649720913154597
2023-12-15,DTE,-0.024649720913154597
2023-12-15,DVN,-0.024649720913154597
2023-12-15,ECL,0.024649720913154597
2023-12-15,EL,-0.024649720913154597
2023-12-15,ENPH,-0.024649720913154597
2023-12-15,ES,-0.024649720913154597
2023-12-15,ETN,0.024649720913154597
2023-12-15,ETR,-0.024649720913154597
2023-12-15,ETSY,-0.024649720913154597
2023-12-15,EVRG,-0.024649720913154597
2023-12-15,EXPE,0.024649720913154597
2023-12-15,FAST,0.024649720913154597
2023-12-15,FDX,0.024649720913154597
2023-12-15,FIS,-0.024649720913154597
2023-12-15,FLT,0.024649720913154597
2023-12-15,FMC,-0.024649720913154597
2023-12-15,GE,0.024649720913154597
2023-12-15,GILD,-0.024649720913154597
2023-12-15,GIS,-0.024649720913154597
2023-12-15,GM,-0.024649720913154597
2023-12-15,GOOG,0.024649720913154597
2023-12-15,GOOGL,0.024649720913154597
2023-12-15,GPC,-0.024649720913154597
2023-12-15,GRMN,0.024649720913154597
2023-12-15,GWW,0.024649720913154597
2023-12-15,HAS,-0.024649720913154597
2023-12-15,HLT,0.024649720913154597
2023-12-15,HRL,-0.024649720913154597
2023-12-15,HSIC,-0.024649720913154597
2023-12-15,HSY,-0.024649720913154597
2023-12-15,HWM,0.024649720913154597
2023-12-15,IEX,-0.024649720913154597
2023-12-15,IFF,-0.024649720913154597
2023-12-15,ILMN,-0.024649720913154597
2023-12-15,INCY,-0.024649720913154597
2023-12-15,INTC,0.024649720913154597
2023-12-15,INTU,0.024649720913154597
2023-12-15,IR,0.024649720913154597
2023-12-15,IVZ,-0.024649720913154597
2023-12-15,JCI,-0.024649720913154597
2023-12-15,JNJ,-0.024649720913154597
2023-12-15,JNPR,-0.024649720913154597
2023-12-15,K,-0.024649720913154597
2023-12-15,KDP,-0.024649720913154597
2023-12-15,KEYS,-0.024649720913154597
2023-12-15,KHC,-0.024649720913154597
2023-12-15,KLAC,0.024649720913154597
2023-12-15,KMB,-0.024649720913154597
2023-12-15,KO,-0.024649720913154597
2023-12-15,L,0.024649720913154597
2023-12-15,LEN,0.024649720913154597
2023-12-15,LIN,0.024649720913154597
2023-12-15,LKQ,-0.024649720913154597
2023-12-15,LLY,0.024649720913154597
2023-12-15,LRCX,0.024649720913154597
2023-12-15,LUV,-0.024649720913154597
2023-12-15,MA,0.024649720913154597
2023-12-15,MAA,-0.024649720913154597
2023-12-15,MAR,0.024649720913154597
2023-12-15,MCK,0.024649720913154597
2023-12-15,MCO,0.024649720913154597
2023-12-15,META,0.024649720913154597
2023-12-15,MKC,-0.024649720913154597
2023-12-15,MLM,0.024649720913154597
2023-12-15,MMC,0.024649720913154597
2023-12-15,MMM,-0.024649720913154597
2023-12-15,MNST,-0.024649720913154597
2023-12-15,MO,-0.024649720913154597
2023-12-15,MPC,0.024649720913154597
2023-12-15,MPWR,0.024649720913154597
2023-12-15,MRNA,-0.024649720913154597
2023-12-15,MSFT,0.024649720913154597
2023-12-15,MSI,0.024649720913154597
2023-12-15,MTD,-0.024649720913154597
2023-12-15,MU,0.024649720913154597
2023-12-15,NEE,-0.024649720913154597
2023-12-15,NFLX,0.024649720913154597
2023-12-15,NOW,0.024649720913154597
2023-12-15,NRG,0.024649720913154597
2023-12-15,NSC,-0.024649720913154597
2023-12-15,NTAP,0.024649720913154597
2023-12-15,NVDA,0.024649720913154597
2023-12-15,NVR,0.024649720913154597
2023-12-15,O,-0.024649720913154597
2023-12-15,ODFL,0.024649720913154597
2023-12-15,ORCL,0.024649720913154597
2023-12-15,ORLY,0.024649720913154597
2023-12-15,PAYC,-0.024649720913154597
2023-12-15,PEAK,-0.024649720913154597
2023-12-15,PFE,-0.024649720913154597
2023-12-15,PFG,-0.024649720913154597
2023-12-15,PGR,0.024649720913154597
2023-12-15,PH,0.024649720913154597
2023-12-15,PHM,0.024649720913154597
2023-12-15,PNR,0.024649720913154597
2023-12-15,PTC,0.024649720913154597
2023-12-15,PWR,0.024649720913154597
2023-12-15,RCL,0.024649720913154597
2023-12-15,RF,-0.024649720913154597
2023-12-15,RMD,-0.024649720913154597
2023-12-15,ROP,0.024649720913154597
2023-12-15,RSG,0.024649720913154597
2023-12-15,RTX,-0.024649720913154597
2023-12-15,SCHW,-0.024649720913154597
2023-12-15,SEDG,-0.024649720913154597
2023-12-15,SEE,-0.024649720913154597
2023-12-15,SJM,-0.024649720913154597
2023-12-15,SNA,0.024649720913154597
2023-12-15,SNPS,0.024649720913154597
2023-12-15,SRE,-0.024649720913154597
2023-12-15,STX,0.024649720913154597
2023-12-15,TDG,0.024649720913154597
2023-12-15,TECH,-0.024649720913154597
2023-12-15,TMO,-0.024649720913154597
2023-12-15,TSN,-0.024649720913154597
2023-12-15,TT,0.024649720913154597
2023-12-15,TTWO,0.024649720913154597
2023-12-15,TYL,0.024649720913154597
2023-12-15,UDR,-0.024649720913154597
2023-12-15,UPS,-0.024649720913154597
2023-12-15,V,0.024649720913154597
2023-12-15,VICI,-0.024649720913154597
2023-12-15,VMC,0.024649720913154597
2023-12-15,VRSK,0.024649720913154597
2023-12-15,VTRS,-0.024649720913154597
2023-12-15,WAT,-0.024649720913154597
2023-12-15,WBA,-0.024649720913154597
2023-12-15,WDC,0.024649720913154597
2023-12-15,WEC,-0.024649720913154597
2023-12-15,WELL,0.024649720913154597
2023-12-15,WHR,-0.024649720913154597
2023-12-15,WST,0.024649720913154597
2023-12-15,XEL,-0.024649720913154597
2023-12-22,A,-0.02186330147850642
2023-12-22,AAPL,0.02186330147850642
2023-12-22,ABBV,-0.02186330147850642
2023-12-22,ACGL,0.02186330147850642
2023-12-22,ACN,0.02186330147850642
2023-12-22,ADBE,0.02186330147850642
2023-12-22,ADM,-0.02186330147850642
2023-12-22,AEE,-0.02186330147850642
2023-12-22,AEP,-0.02186330147850642
2023-12-22,AES,-0.02186330147850642
2023-12-22,AIZ,0.02186330147850642
2023-12-22,AJG,0.02186330147850642
2023-12-22,AKAM,0.02186330147850642
2023-12-22,ALB,-0.02186330147850642
2023-12-22,AMAT,0.02186330147850642
2023-12-22,AMCR,-0.02186330147850642
2023-12-22,AMD,0.02186330147850642
2023-12-22,AMZN,0.02186330147850642
2023-12-22,ANET,0.02186330147850642
2023-12-22,AOS,0.02186330147850642
2023-12-22,APD,-0.02186330147850642
2023-12-22,APH,0.02186330147850642
2023-12-22,ARE,-0.02186330147850642
2023-12-22,AVGO,0.02186330147850642
2023-12-22,AWK,-0.02186330147850642
2023-12-22,BAX,-0.02186330147850642
2023-12-22,BBWI,-0.02186330147850642
2023-12-22,BBY,-0.02186330147850642
2023-12-22,BIIB,-0.02186330147850642
2023-12-22,BIO,-0.02186330147850642
2023-12-22,BKNG,0.02186330147850642
2023-12-22,BMY,-0.02186330147850642
2023-12-22,BR,0.02186330147850642
2023-12-22,BRKB,0.02186330147850642
2023-12-22,BRO,0.02186330147850642
2023-12-22,BSX,0.02186330147850642
2023-12-22,CAG,-0.02186330147850642
2023-12-22,CAH,0.02186330147850642
2023-12-22,CBOE,0.02186330147850642
2023-12-22,CCI,-0.02186330147850642
2023-12-22,CCL,0.02186330147850642
2023-12-22,CDNS,0.02186330147850642
2023-12-22,CEG,0.02186330147850642
2023-12-22,CFG,-0.02186330147850642
2023-12-22,CMA,-0.02186330147850642
2023-12-22,CME,0.02186330147850642
2023-12-22,CMG,0.02186330147850642
2023-12-22,COST,0.02186330147850642
2023-12-22,CPB,-0.02186330147850642
2023-12-22,CPRT,-0.02186330147850642
2023-12-22,CPT,-0.02186330147850642
2023-12-22,CRM,0.02186330147850642
2023-12-22,CTAS,0.02186330147850642
2023-12-22,CTSH,0.02186330147850642
2023-12-22,CTVA,-0.02186330147850642
2023-12-22,CVS,-0.02186330147850642
2023-12-22,CVX,-0.02186330147850642
2023-12-22,D,-0.02186330147850642
2023-12-22,DE,-0.02186330147850642
2023-12-22,DG,-0.02186330147850642
2023-12-22,DGX,-0.02186330147850642
2023-12-22,DHI,0.02186330147850642
2023-12-22,DHR,-0.02186330147850642
2023-12-22,DLR,0.02186330147850642
2023-12-22,DLTR,-0.02186330147850642
2023-12-22,DUK,-0.02186330147850642
2023-12-22,DVN,-0.02186330147850642
2023-12-22,ECL,0.02186330147850642
2023-12-22,EL,-0.02186330147850642
2023-12-22,ENPH,-0.02186330147850642
2023-12-22,ES,-0.02186330147850642
2023-12-22,ETN,0.02186330147850642
2023-12-22,ETSY,-0.02186330147850642
2023-12-22,EVRG,-0.02186330147850642
2023-12-22,EXPE,0.02186330147850642
2023-12-22,FAST,0.02186330147850642
2023-12-22,FDX,0.02186330147850642
2023-12-22,FLT,0.02186330147850642
2023-12-22,FMC,-0.02186330147850642
2023-12-22,GE,0.02186330147850642
2023-12-22,GILD,-0.02186330147850642
2023-12-22,GIS,-0.02186330147850642
2023-12-22,GOOG,0.02186330147850642
2023-12-22,GOOGL,0.02186330147850642
2023-12-22,GPC,-0.02186330147850642
2023-12-22,GRMN,0.02186330147850642
2023-12-22,GWW,0.02186330147850642
2023-12-22,HAS,-0.02186330147850642
2023-12-22,HBAN,-0.02186330147850642
2023-12-22,HLT,0.02186330147850642
2023-12-22,HRL,-0.02186330147850642
2023-12-22,HSIC,-0.02186330147850642
2023-12-22,HSY,-0.02186330147850642
2023-12-22,HWM,0.02186330147850642
2023-12-22,IEX,-0.02186330147850642
2023-12-22,IFF,-0.02186330147850642
2023-12-22,ILMN,-0.02186330147850642
2023-12-22,INCY,-0.02186330147850642
2023-12-22,INTC,0.02186330147850642
2023-12-22,INTU,0.02186330147850642
2023-12-22,IR,0.02186330147850642
2023-12-22,IRM,0.02186330147850642
2023-12-22,IVZ,-0.02186330147850642
2023-12-22,JCI,-0.02186330147850642
2023-12-22,JNJ,-0.02186330147850642
2023-12-22,JNPR,-0.02186330147850642
2023-12-22,K,-0.02186330147850642
2023-12-22,KDP,-0.02186330147850642
2023-12-22,KEYS,-0.02186330147850642
2023-12-22,KHC,-0.02186330147850642
2023-12-22,KLAC,0.02186330147850642
2023-12-22,KMB,-0.02186330147850642
2023-12-22,KO,-0.02186330147850642
2023-12-22,L,0.02186330147850642
2023-12-22,LEN,0.02186330147850642
2023-12-22,LIN,0.02186330147850642
2023-12-22,LKQ,-0.02186330147850642
2023-12-22,LLY,0.02186330147850642
2023-12-22,LRCX,0.02186330147850642
2023-12-22,LUV,-0.02186330147850642
2023-12-22,MA,0.02186330147850642
2023-12-22,MAA,-0.02186330147850642
2023-12-22,MAR,0.02186330147850642
2023-12-22,MCO,0.02186330147850642
2023-12-22,META,0.02186330147850642
2023-12-22,MKC,-0.02186330147850642
2023-12-22,MLM,0.02186330147850642
2023-12-22,MMC,0.02186330147850642
2023-12-22,MMM,-0.02186330147850642
2023-12-22,MNST,-0.02186330147850642
2023-12-22,MO,-0.02186330147850642
2023-12-22,MPWR,0.02186330147850642
2023-12-22,MRNA,-0.02186330147850642
2023-12-22,MSFT,0.02186330147850642
2023-12-22,MSI,0.02186330147850642
2023-12-22,MTD,-0.02186330147850642
2023-12-22,MU,0.02186330147850642
2023-12-22,NEE,-0.02186330147850642
2023-12-22,NEM,-0.02186330147850642
2023-12-22,NFLX,0.02186330147850642
2023-12-22,NOW,0.02186330147850642
2023-12-22,NRG,0.02186330147850642
2023-12-22,NTAP,0.02186330147850642
2023-12-22,NVDA,0.02186330147850642
2023-12-22,NVR,0.02186330147850642
2023-12-22,O,-0.02186330147850642
2023-12-22,ODFL,0.02186330147850642
2023-12-22,ORCL,0.02186330147850642
2023-12-22,ORLY,0.02186330147850642
2023-12-22,PAYC,-0.02186330147850642
2023-12-22,PEAK,-0.02186330147850642
2023-12-22,PFE,-0.02186330147850642
2023-12-22,PFG,-0.02186330147850642
2023-12-22,PH,0.02186330147850642
2023-12-22,PHM,0.02186330147850642
2023-12-22,PNR,0.02186330147850642
2023-12-22,PTC,0.02186330147850642
2023-12-22,PWR,0.02186330147850642
2023-12-22,RCL,0.02186330147850642
2023-12-22,RF,-0.02186330147850642
2023-12-22,RMD,-0.02186330147850642
2023-12-22,ROP,0.02186330147850642
2023-12-22,RSG,0.02186330147850642
2023-12-22,RTX,-0.02186330147850642
2023-12-22,SBAC,-0.02186330147850642
2023-12-22,SCHW,-0.02186330147850642
2023-12-22,SJM,-0.02186330147850642
2023-12-22,SNPS,0.02186330147850642
2023-12-22,SPGI,0.02186330147850642
2023-12-22,SRE,-0.02186330147850642
2023-12-22,STX,0.02186330147850642
2023-12-22,TDG,0.02186330147850642
2023-12-22,TECH,-0.02186330147850642
2023-12-22,TFC,-0.02186330147850642
2023-12-22,TSLA,0.02186330147850642
2023-12-22,TSN,-0.02186330147850642
2023-12-22,TT,0.02186330147850642
2023-12-22,TTWO,0.02186330147850642
2023-12-22,TYL,0.02186330147850642
2023-12-22,UDR,-0.02186330147850642
2023-12-22,UPS,-0.02186330147850642
2023-12-22,V,0.02186330147850642
2023-12-22,VFC,-0.02186330147850642
2023-12-22,VMC,0.02186330147850642
2023-12-22,VRSK,0.02186330147850642
2023-12-22,VRTX,0.02186330147850642
2023-12-22,WAT,-0.02186330147850642
2023-12-22,WBA,-0.02186330147850642
2023-12-22,WDC,0.02186330147850642
2023-12-22,WEC,-0.02186330147850642
2023-12-22,WELL,0.02186330147850642
2023-12-22,WHR,-0.02186330147850642
2023-12-22,WST,0.02186330147850642
2023-12-22,XEL,-0.02186330147850642
2023-12-29,A,-0.021999640935239914
2023-12-29,AAPL,0.021999640935239914
2023-12-29,ABBV,-0.021999640935239914
2023-12-29,ACGL,0.021999640935239914
2023-12-29,ACN,0.021999640935239914
2023-12-29,ADBE,0.021999640935239914
2023-12-29,ADM,-0.021999640935239914
2023-12-29,AEE,-0.021999640935239914
2023-12-29,AEP,-0.021999640935239914
2023-12-29,AES,-0.021999640935239914
2023-12-29,AIZ,0.021999640935239914
2023-12-29,AJG,0.021999640935239914
2023-12-29,AKAM,0.021999640935239914
2023-12-29,ALB,-0.021999640935239914
2023-12-29,AMAT,0.021999640935239914
2023-12-29,AMCR,-0.021999640935239914
2023-12-29,AMD,0.021999640935239914
2023-12-29,AMZN,0.021999640935239914
2023-12-29,ANET,0.021999640935239914
2023-12-29,AOS,0.021999640935239914
2023-12-29,APD,-0.021999640935239914
2023-12-29,APH,0.021999640935239914
2023-12-29,ARE,-0.021999640935239914
2023-12-29,AVGO,0.021999640935239914
2023-12-29,AWK,-0.021999640935239914
2023-12-29,BAX,-0.021999640935239914
2023-12-29,BBWI,-0.021999640935239914
2023-12-29,BIIB,-0.021999640935239914
2023-12-29,BIO,-0.021999640935239914
2023-12-29,BKNG,0.021999640935239914
2023-12-29,BMY,-0.021999640935239914
2023-12-29,BR,0.021999640935239914
2023-12-29,BRKB,0.021999640935239914
2023-12-29,BRO,0.021999640935239914
2023-12-29,BSX,0.021999640935239914
2023-12-29,CAG,-0.021999640935239914
2023-12-29,CAH,0.021999640935239914
2023-12-29,CBOE,0.021999640935239914
2023-12-29,CCL,0.021999640935239914
2023-12-29,CDNS,0.021999640935239914
2023-12-29,CEG,0.021999640935239914
2023-12-29,CFG,-0.021999640935239914
2023-12-29,CHD,0.021999640935239914
2023-12-29,CI,-0.021999640935239914
2023-12-29,CMA,-0.021999640935239914
2023-12-29,CME,0.021999640935239914
2023-12-29,CMG,0.021999640935239914
2023-12-29,CMS,-0.021999640935239914
2023-12-29,COST,0.021999640935239914
2023-12-29,CPB,-0.021999640935239914
2023-12-29,CPRT,-0.021999640935239914
2023-12-29,CPT,-0.021999640935239914
2023-12-29,CRM,0.021999640935239914
2023-12-29,CTAS,0.021999640935239914
2023-12-29,CTVA,-0.021999640935239914
2023-12-29,CVS,-0.021999640935239914
2023-12-29,CVX,-0.021999640935239914
2023-12-29,D,-0.021999640935239914
2023-12-29,DE,-0.021999640935239914
2023-12-29,DG,-0.021999640935239914
2023-12-29,DGX,-0.021999640935239914
2023-12-29,DHI,0.021999640935239914
2023-12-29,DHR,-0.021999640935239914
2023-12-29,DLR,0.021999640935239914
2023-12-29,DTE,-0.021999640935239914
2023-12-29,DUK,-0.021999640935239914
2023-12-29,DVN,-0.021999640935239914
2023-12-29,ECL,0.021999640935239914
2023-12-29,EL,-0.021999640935239914
2023-12-29,ENPH,-0.021999640935239914
2023-12-29,ES,-0.021999640935239914
2023-12-29,ETN,0.021999640935239914
2023-12-29,ETSY,-0.021999640935239914
2023-12-29,EVRG,-0.021999640935239914
2023-12-29,EXPE,0.021999640935239914
2023-12-29,FAST,0.021999640935239914
2023-12-29,FDX,0.021999640935239914
2023-12-29,FE,-0.021999640935239914
2023-12-29,FLT,0.021999640935239914
2023-12-29,FMC,-0.021999640935239914
2023-12-29,GE,0.021999640935239914
2023-12-29,GIS,-0.021999640935239914
2023-12-29,GOOG,0.021999640935239914
2023-12-29,GOOGL,0.021999640935239914
2023-12-29,GPC,-0.021999640935239914
2023-12-29,GRMN,0.021999640935239914
2023-12-29,GWW,0.021999640935239914
2023-12-29,HAS,-0.021999640935239914
2023-12-29,HBAN,-0.021999640935239914
2023-12-29,HLT,0.021999640935239914
2023-12-29,HRL,-0.021999640935239914
2023-12-29,HSIC,-0.021999640935239914
2023-12-29,HSY,-0.021999640935239914
2023-12-29,HWM,0.021999640935239914
2023-12-29,IEX,-0.021999640935239914
2023-12-29,IFF,-0.021999640935239914
2023-12-29,ILMN,-0.021999640935239914
2023-12-29,INCY,-0.021999640935239914
2023-12-29,INTC,0.021999640935239914
2023-12-29,INTU,0.021999640935239914
2023-12-29,IR,0.021999640935239914
2023-12-29,IRM,0.021999640935239914
2023-12-29,IVZ,-0.021999640935239914
2023-12-29,JCI,-0.021999640935239914
2023-12-29,JNJ,-0.021999640935239914
2023-12-29,K,-0.021999640935239914
2023-12-29,KDP,-0.021999640935239914
2023-12-29,KEYS,-0.021999640935239914
2023-12-29,KHC,-0.021999640935239914
2023-12-29,KLAC,0.021999640935239914
2023-12-29,KMB,-0.021999640935239914
2023-12-29,KO,-0.021999640935239914
2023-12-29,L,0.021999640935239914
2023-12-29,LEN,0.021999640935239914
2023-12-29,LIN,0.021999640935239914
2023-12-29,LKQ,-0.021999640935239914
2023-12-29,LLY,0.021999640935239914
2023-12-29,LRCX,0.021999640935239914
2023-12-29,LUV,-0.021999640935239914
2023-12-29,MA,0.021999640935239914
2023-12-29,MAA,-0.021999640935239914
2023-12-29,MAR,0.021999640935239914
2023-12-29,MCK,0.021999640935239914
2023-12-29,MCO,0.021999640935239914
2023-12-29,META,0.021999640935239914
2023-12-29,MKC,-0.021999640935239914
2023-12-29,MLM,0.021999640935239914
2023-12-29,MMC,0.021999640935239914
2023-12-29,MMM,-0.021999640935239914
2023-12-29,MNST,-0.021999640935239914
2023-12-29,MPWR,0.021999640935239914
2023-12-29,MRNA,-0.021999640935239914
2023-12-29,MSFT,0.021999640935239914
2023-12-29,MSI,0.021999640935239914
2023-12-29,MTD,-0.021999640935239914
2023-12-29,MU,0.021999640935239914
2023-12-29,NEE,-0.021999640935239914
2023-12-29,NFLX,0.021999640935239914
2023-12-29,NOW,0.021999640935239914
2023-12-29,NRG,0.021999640935239914
2023-12-29,NTAP,0.021999640935239914
2023-12-29,NVDA,0.021999640935239914
2023-12-29,NVR,0.021999640935239914
2023-12-29,O,-0.021999640935239914
2023-12-29,ODFL,0.021999640935239914
2023-12-29,ORCL,0.021999640935239914
2023-12-29,ORLY,0.021999640935239914
2023-12-29,PAYC,-0.021999640935239914
2023-12-29,PEAK,-0.021999640935239914
2023-12-29,PEP,-0.021999640935239914
2023-12-29,PFE,-0.021999640935239914
2023-12-29,PFG,-0.021999640935239914
2023-12-29,PH,0.021999640935239914
2023-12-29,PHM,0.021999640935239914
2023-12-29,PKG,0.021999640935239914
2023-12-29,PNR,0.021999640935239914
2023-12-29,PPL,-0.021999640935239914
2023-12-29,PTC,0.021999640935239914
2023-12-29,PWR,0.021999640935239914
2023-12-29,RCL,0.021999640935239914
2023-12-29,RF,-0.021999640935239914
2023-12-29,RMD,-0.021999640935239914
2023-12-29,ROP,0.021999640935239914
2023-12-29,RSG,0.021999640935239914
2023-12-29,RTX,-0.021999640935239914
2023-12-29,SCHW,-0.021999640935239914
2023-12-29,SJM,-0.021999640935239914
2023-12-29,SNPS,0.021999640935239914
2023-12-29,SRE,-0.021999640935239914
2023-12-29,STX,0.021999640935239914
2023-12-29,TDG,0.021999640935239914
2023-12-29,TECH,-0.021999640935239914
2023-12-29,TFC,-0.021999640935239914
2023-12-29,TMO,-0.021999640935239914
2023-12-29,TSLA,0.021999640935239914
2023-12-29,TSN,-0.021999640935239914
2023-12-29,TT,0.021999640935239914
2023-12-29,TTWO,0.021999640935239914
2023-12-29,UDR,-0.021999640935239914
2023-12-29,UPS,-0.021999640935239914
2023-12-29,V,0.021999640935239914
2023-12-29,VFC,-0.021999640935239914
2023-12-29,VMC,0.021999640935239914
2023-12-29,VRSK,0.021999640935239914
2023-12-29,VRTX,0.021999640935239914
2023-12-29,VTRS,-0.021999640935239914
2023-12-29,WAT,-0.021999640935239914
2023-12-29,WBA,-0.021999640935239914
2023-12-29,WDC,0.021999640935239914
2023-12-29,WEC,-0.021999640935239914
2023-12-29,WELL,0.021999640935239914
2023-12-29,WHR,-0.021999640935239914
2023-12-29,WST,0.021999640935239914
2023-12-29,XEL,-0.021999640935239914
2024-01-05,A,-0.021446540565737054
2024-01-05,AAPL,0.021446540565737054
2024-01-05,ACGL,0.021446540565737054
2024-01-05,ACN,0.021446540565737054
2024-01-05,ADBE,0.021446540565737054
2024-01-05,ADM,-0.021446540565737054
2024-01-05,AEP,-0.021446540565737054
2024-01-05,AES,-0.021446540565737054
2024-01-05,AIZ,0.021446540565737054
2024-01-05,AJG,0.021446540565737054
2024-01-05,AKAM,0.021446540565737054
2024-01-05,ALB,-0.021446540565737054
2024-01-05,AMAT,0.021446540565737054
2024-01-05,AMCR,-0.021446540565737054
2024-01-05,AMD,0.021446540565737054
2024-01-05,AMZN,0.021446540565737054
2024-01-05,ANET,0.021446540565737054
2024-01-05,AOS,0.021446540565737054
2024-01-05,APD,-0.021446540565737054
2024-01-05,APH,0.021446540565737054
2024-01-05,AVGO,0.021446540565737054
2024-01-05,AWK,-0.021446540565737054
2024-01-05,BAX,-0.021446540565737054
2024-01-05,BBWI,-0.021446540565737054
2024-01-05,BDX,-0.021446540565737054
2024-01-05,BFB,-0.021446540565737054
2024-01-05,BIIB,-0.021446540565737054
2024-01-05,BIO,-0.021446540565737054
2024-01-05,BKNG,0.021446540565737054
2024-01-05,BMY,-0.021446540565737054
2024-01-05,BR,0.021446540565737054
2024-01-05,BRO,0.021446540565737054
2024-01-05,BSX,0.021446540565737054
2024-01-05,BWA,-0.021446540565737054
2024-01-05,CAG,-0.021446540565737054
2024-01-05,CAH,0.021446540565737054
2024-01-05,CBOE,0.021446540565737054
2024-01-05,CCI,-0.021446540565737054
2024-01-05,CCL,0.021446540565737054
2024-01-05,CDNS,0.021446540565737054
2024-01-05,CEG,0.021446540565737054
2024-01-05,CFG,-0.021446540565737054
2024-01-05,CI,-0.021446540565737054
2024-01-05,CME,0.021446540565737054
2024-01-05,CMG,0.021446540565737054
2024-01-05,COST,0.021446540565737054
2024-01-05,CPB,-0.021446540565737054
2024-01-05,CPRT,-0.021446540565737054
2024-01-05,CPT,-0.021446540565737054
2024-01-05,CRM,0.021446540565737054
2024-01-05,CTAS,0.021446540565737054
2024-01-05,CTVA,-0.021446540565737054
2024-01-05,CVS,-0.021446540565737054
2024-01-05,CVX,-0.021446540565737054
2024-01-05,D,-0.021446540565737054
2024-01-05,DE,-0.021446540565737054
2024-01-05,DG,-0.021446540565737054
2024-01-05,DGX,-0.021446540565737054
2024-01-05,DHI,0.021446540565737054
2024-01-05,DHR,-0.021446540565737054
2024-01-05,DLR,0.021446540565737054
2024-01-05,DVN,-0.021446540565737054
2024-01-05,ECL,0.021446540565737054
2024-01-05,EL,-0.021446540565737054
2024-01-05,ENPH,-0.021446540565737054
2024-01-05,ES,-0.021446540565737054
2024-01-05,ETN,0.021446540565737054
2024-01-05,ETSY,-0.021446540565737054
2024-01-05,EVRG,-0.021446540565737054
2024-01-05,EXPE,0.021446540565737054
2024-01-05,FAST,0.021446540565737054
2024-01-05,FDX,0.021446540565737054
2024-01-05,FE,-0.021446540565737054
2024-01-05,FLT,0.021446540565737054
2024-01-05,FMC,-0.021446540565737054
2024-01-05,GE,0.021446540565737054
2024-01-05,GIS,-0.021446540565737054
2024-01-05,GLW,-0.021446540565737054
2024-01-05,GOOG,0.021446540565737054
2024-01-05,GOOGL,0.021446540565737054
2024-01-05,GPC,-0.021446540565737054
2024-01-05,GRMN,0.021446540565737054
2024-01-05,GWW,0.021446540565737054
2024-01-05,HAS,-0.021446540565737054
2024-01-05,HLT,0.021446540565737054
2024-01-05,HOLX,-0.021446540565737054
2024-01-05,HRL,-0.021446540565737054
2024-01-05,HSY,-0.021446540565737054
2024-01-05,HWM,0.021446540565737054
2024-01-05,IEX,-0.021446540565737054
2024-01-05,IFF,-0.021446540565737054
2024-01-05,ILMN,-0.021446540565737054
2024-01-05,INCY,-0.021446540565737054
2024-01-05,INTC,0.021446540565737054
2024-01-05,INTU,0.021446540565737054
2024-01-05,IPG,-0.021446540565737054
2024-01-05,IR,0.021446540565737054
2024-01-05,IRM,0.021446540565737054
2024-01-05,IT,0.021446540565737054
2024-01-05,IVZ,-0.021446540565737054
2024-01-05,JCI,-0.021446540565737054
2024-01-05,JNJ,-0.021446540565737054
2024-01-05,K,-0.021446540565737054
2024-01-05,KEY,-0.021446540565737054
2024-01-05,KEYS,-0.021446540565737054
2024-01-05,KHC,-0.021446540565737054
2024-01-05,KLAC,0.021446540565737054
2024-01-05,KMB,-0.021446540565737054
2024-01-05,LEN,0.021446540565737054
2024-01-05,LIN,0.021446540565737054
2024-01-05,LKQ,-0.021446540565737054
2024-01-05,LLY,0.021446540565737054
2024-01-05,LRCX,0.021446540565737054
2024-01-05,MA,0.021446540565737054
2024-01-05,MAA,-0.021446540565737054
2024-01-05,MAR,0.021446540565737054
2024-01-05,MAS,0.021446540565737054
2024-01-05,MCK,0.021446540565737054
2024-01-05,MCO,0.021446540565737054
2024-01-05,META,0.021446540565737054
2024-01-05,MHK,-0.021446540565737054
2024-01-05,MKC,-0.021446540565737054
2024-01-05,MLM,0.021446540565737054
2024-01-05,MMC,0.021446540565737054
2024-01-05,MMM,-0.021446540565737054
2024-01-05,MNST,-0.021446540565737054
2024-01-05,MO,-0.021446540565737054
2024-01-05,MOS,-0.021446540565737054
2024-01-05,MPWR,0.021446540565737054
2024-01-05,MRK,-0.021446540565737054
2024-01-05,MRNA,-0.021446540565737054
2024-01-05,MSFT,0.021446540565737054
2024-01-05,MSI,0.021446540565737054
2024-01-05,MTCH,-0.021446540565737054
2024-01-05,MTD,-0.021446540565737054
2024-01-05,NEE,-0.021446540565737054
2024-01-05,NEM,-0.021446540565737054
2024-01-05,NFLX,0.021446540565737054
2024-01-05,NOW,0.021446540565737054
2024-01-05,NRG,0.021446540565737054
2024-01-05,NTAP,0.021446540565737054
2024-01-05,NTRS,-0.021446540565737054
2024-01-05,NVDA,0.021446540565737054
2024-01-05,NVR,0.021446540565737054
2024-01-05,NXPI,0.021446540565737054
2024-01-05,O,-0.021446540565737054
2024-01-05,ORCL,0.021446540565737054
2024-01-05,PAYC,-0.021446540565737054
2024-01-05,PEAK,-0.021446540565737054
2024-01-05,PFE,-0.021446540565737054
2024-01-05,PH,0.021446540565737054
2024-01-05,PHM,0.021446540565737054
2024-01-05,PKG,0.021446540565737054
2024-01-05,PM,-0.021446540565737054
2024-01-05,PNR,0.021446540565737054
2024-01-05,PPL,-0.021446540565737054
2024-01-05,PTC,0.021446540565737054
2024-01-05,PWR,0.021446540565737054
2024-01-05,PYPL,-0.021446540565737054
2024-01-05,RCL,0.021446540565737054
2024-01-05,RF,-0.021446540565737054
2024-01-05,RMD,-0.021446540565737054
2024-01-05,ROP,0.021446540565737054
2024-01-05,RSG,0.021446540565737054
2024-01-05,RTX,-0.021446540565737054
2024-01-05,SCHW,-0.021446540565737054
2024-01-05,SHW,0.021446540565737054
2024-01-05,SJM,-0.021446540565737054
2024-01-05,SNPS,0.021446540565737054
2024-01-05,SPGI,0.021446540565737054
2024-01-05,SRE,-0.021446540565737054
2024-01-05,STX,0.021446540565737054
2024-01-05,TAP,0.021446540565737054
2024-01-05,TDG,0.021446540565737054
2024-01-05,TECH,-0.021446540565737054
2024-01-05,TFC,-0.021446540565737054
2024-01-05,TMO,-0.021446540565737054
2024-01-05,TSLA,0.021446540565737054
2024-01-05,TSN,-0.021446540565737054
2024-01-05,TT,0.021446540565737054
2024-01-05,TTWO,0.021446540565737054
2024-01-05,TYL,0.021446540565737054
2024-01-05,V,0.021446540565737054
2024-01-05,VFC,-0.021446540565737054
2024-01-05,VMC,0.021446540565737054
2024-01-05,VRSK,0.021446540565737054
2024-01-05,VRTX,0.021446540565737054
2024-01-05,VTRS,-0.021446540565737054
2024-01-05,WAT,-0.021446540565737054
2024-01-05,WBA,-0.021446540565737054
2024-01-05,WELL,0.021446540565737054
2024-01-05,WHR,-0.021446540565737054
2024-01-05,WST,0.021446540565737054
2024-01-05,XEL,-0.021446540565737054
2024-01-12,A,-0.01645277166447893
2024-01-12,AAPL,0.01645277166447893
2024-01-12,ADBE,0.01645277166447893
2024-01-12,ADM,-0.01645277166447893
2024-01-12,AEE,-0.01645277166447893
2024-01-12,AEP,-0.01645277166447893
2024-01-12,AES,-0.01645277166447893
2024-01-12,AIZ,0.01645277166447893
2024-01-12,AJG,0.01645277166447893
2024-01-12,AKAM,0.01645277166447893
2024-01-12,ALB,-0.01645277166447893
2024-01-12,AMAT,0.01645277166447893
2024-01-12,AMCR,-0.01645277166447893
2024-01-12,AMD,0.01645277166447893
2024-01-12,AMZN,0.01645277166447893
2024-01-12,ANET,0.01645277166447893
2024-01-12,AOS,0.01645277166447893
2024-01-12,APA,-0.01645277166447893
2024-01-12,APD,-0.01645277166447893
2024-01-12,APH,0.01645277166447893
2024-01-12,AVGO,0.01645277166447893
2024-01-12,AWK,-0.01645277166447893
2024-01-12,BFB,-0.01645277166447893
2024-01-12,BIIB,-0.01645277166447893
2024-01-12,BIO,-0.01645277166447893
2024-01-12,BKNG,0.01645277166447893
2024-01-12,BMY,-0.01645277166447893
2024-01-12,BR,0.01645277166447893
2024-01-12,BRKB,0.01645277166447893
2024-01-12,BRO,0.01645277166447893
2024-01-12,BSX,0.01645277166447893
2024-01-12,BWA,-0.01645277166447893
2024-01-12,CAG,-0.01645277166447893
2024-01-12,CAH,0.01645277166447893
2024-01-12,CBOE,0.01645277166447893
2024-01-12,CCI,-0.01645277166447893
2024-01-12,CCL,0.01645277166447893
2024-01-12,CDNS,0.01645277166447893
2024-01-12,CEG,0.01645277166447893
2024-01-12,CFG,-0.01645277166447893
2024-01-12,CHRW,-0.01645277166447893
2024-01-12,CME,0.01645277166447893
2024-01-12,CMG,0.01645277166447893
2024-01-12,COST,0.01645277166447893
2024-01-12,CPB,-0.01645277166447893
2024-01-12,CPRT,-0.01645277166447893
2024-01-12,CPT,-0.01645277166447893
2024-01-12,CRM,0.01645277166447893
2024-01-12,CTAS,0.01645277166447893
2024-01-12,CTVA,-0.01645277166447893
2024-01-12,CVS,-0.01645277166447893
2024-01-12,CVX,-0.01645277166447893
2024-01-12,D,-0.01645277166447893
2024-01-12,DG,-0.01645277166447893
2024-01-12,DGX,-0.01645277166447893
2024-01-12,DHI,0.01645277166447893
2024-01-12,DHR,-0.01645277166447893
2024-01-12,DVA,0.01645277166447893
2024-01-12,DVN,-0.01645277166447893
2024-01-12,ECL,0.01645277166447893
2024-01-12,EL,-0.01645277166447893
2024-01-12,ENPH,-0.01645277166447893
2024-01-12,ES,-0.01645277166447893
2024-01-12,ETN,0.01645277166447893
2024-01-12,ETSY,-0.01645277166447893
2024-01-12,EVRG,-0.01645277166447893
2024-01-12,EXC,-0.01645277166447893
2024-01-12,EXPE,0.01645277166447893
2024-01-12,FAST,0.01645277166447893
2024-01-12,FDX,0.01645277166447893
2024-01-12,FE,-0.01645277166447893
2024-01-12,FLT,0.01645277166447893
2024-01-12,FMC,-0.01645277166447893
2024-01-12,GE,0.01645277166447893
2024-01-12,GIS,-0.01645277166447893
2024-01-12,GLW,-0.01645277166447893
2024-01-12,GOOG,0.01645277166447893
2024-01-12,GOOGL,0.01645277166447893
2024-01-12,GPC,-0.01645277166447893
2024-01-12,GRMN,0.01645277166447893
2024-01-12,GWW,0.01645277166447893
2024-01-12,HAS,-0.01645277166447893
2024-01-12,HLT,0.01645277166447893
2024-01-12,HOLX,-0.01645277166447893
2024-01-12,HRL,-0.01645277166447893
2024-01-12,HSY,-0.01645277166447893
2024-01-12,HWM,0.01645277166447893
2024-01-12,IEX,-0.01645277166447893
2024-01-12,IFF,-0.01645277166447893
2024-01-12,ILMN,-0.01645277166447893
2024-01-12,INCY,-0.01645277166447893
2024-01-12,INTC,0.01645277166447893
2024-01-12,INTU,0.01645277166447893
2024-01-12,IR,0.01645277166447893
2024-01-12,IRM,0.01645277166447893
2024-01-12,IT,0.01645277166447893
2024-01-12,JCI,-0.01645277166447893
2024-01-12,JNJ,-0.01645277166447893
2024-01-12,K,-0.01645277166447893
2024-01-12,KDP,-0.01645277166447893
2024-01-12,KHC,-0.01645277166447893
2024-01-12,KLAC,0.01645277166447893
2024-01-12,KMB,-0.01645277166447893
2024-01-12,LEN,0.01645277166447893
2024-01-12,LH,-0.01645277166447893
2024-01-12,LIN,0.01645277166447893
2024-01-12,LKQ,-0.01645277166447893
2024-01-12,LLY,0.01645277166447893
2024-01-12,LRCX,0.01645277166447893
2024-01-12,LUV,-0.01645277166447893
2024-01-12,MAA,-0.01645277166447893
2024-01-12,MAR,0.01645277166447893
2024-01-12,MAS,0.01645277166447893
2024-01-12,MCO,0.01645277166447893
2024-01-12,META,0.01645277166447893
2024-01-12,MKC,-0.01645277166447893
2024-01-12,MLM,0.01645277166447893
2024-01-12,MMM,-0.01645277166447893
2024-01-12,MNST,-0.01645277166447893
2024-01-12,MO,-0.01645277166447893
2024-01-12,MOH,0.01645277166447893
2024-01-12,MOS,-0.01645277166447893
2024-01-12,MPWR,0.01645277166447893
2024-01-12,MRNA,-0.01645277166447893
2024-01-12,MSFT,0.01645277166447893
2024-01-12,MSI,0.01645277166447893
2024-01-12,MTCH,-0.01645277166447893
2024-01-12,MTD,-0.01645277166447893
2024-01-12,MU,0.01645277166447893
2024-01-12,NDAQ,-0.01645277166447893
2024-01-12,NEE,-0.01645277166447893
2024-01-12,NEM,-0.01645277166447893
2024-01-12,NFLX,0.01645277166447893
2024-01-12,NOW,0.01645277166447893
2024-01-12,NRG,0.01645277166447893
2024-01-12,NTAP,0.01645277166447893
2024-01-12,NTRS,-0.01645277166447893
2024-01-12,NVDA,0.01645277166447893
2024-01-12,NVR,0.01645277166447893
2024-01-12,NXPI,0.01645277166447893
2024-01-12,O,-0.01645277166447893
2024-01-12,ORLY,0.01645277166447893
2024-01-12,OXY,-0.01645277166447893
2024-01-12,PAYC,-0.01645277166447893
2024-01-12,PEAK,-0.01645277166447893
2024-01-12,PFE,-0.01645277166447893
2024-01-12,PH,0.01645277166447893
2024-01-12,PHM,0.01645277166447893
2024-01-12,PKG,0.01645277166447893
2024-01-12,PNR,0.01645277166447893
2024-01-12,PPL,-0.01645277166447893
2024-01-12,PTC,0.01645277166447893
2024-01-12,PWR,0.01645277166447893
2024-01-12,PYPL,-0.01645277166447893
2024-01-12,RCL,0.01645277166447893
2024-01-12,REGN,0.01645277166447893
2024-01-12,RMD,-0.01645277166447893
2024-01-12,ROP,0.01645277166447893
2024-01-12,RSG,0.01645277166447893
2024-01-12,RTX,-0.01645277166447893
2024-01-12,SBAC,-0.01645277166447893
2024-01-12,SHW,0.01645277166447893
2024-01-12,SJM,-0.01645277166447893
2024-01-12,SNPS,0.01645277166447893
2024-01-12,SRE,-0.01645277166447893
2024-01-12,STX,0.01645277166447893
2024-01-12,SYY,-0.01645277166447893
2024-01-12,T,-0.01645277166447893
2024-01-12,TAP,0.01645277166447893
2024-01-12,TDG,0.01645277166447893
2024-01-12,TFC,-0.01645277166447893
2024-01-12,TMO,-0.01645277166447893
2024-01-12,TPR,-0.01645277166447893
2024-01-12,TSLA,0.01645277166447893
2024-01-12,TSN,-0.01645277166447893
2024-01-12,TT,0.01645277166447893
2024-01-12,TTWO,0.01645277166447893
2024-01-12,TYL,0.01645277166447893
2024-01-12,UPS,-0.01645277166447893
2024-01-12,URI,0.01645277166447893
2024-01-12,V,0.01645277166447893
2024-01-12,VFC,-0.01645277166447893
2024-01-12,VMC,0.01645277166447893
2024-01-12,VRSK,0.01645277166447893
2024-01-12,VRTX,0.01645277166447893
2024-01-12,VTRS,-0.01645277166447893
2024-01-12,VZ,-0.01645277166447893
2024-01-12,WBA,-0.01645277166447893
2024-01-12,WEC,-0.01645277166447893
2024-01-12,WELL,0.01645277166447893
2024-01-12,WHR,-0.01645277166447893
2024-01-12,WM,0.01645277166447893
2024-01-12,WST,0.01645277166447893
2024-01-12,XEL,-0.01645277166447893
2024-01-19,A,-0.013868810885497313
2024-01-19,AAPL,0.013868810885497313
2024-01-19,ACN,0.013868810885497313
2024-01-19,ADBE,0.013868810885497313
2024-01-19,ADM,-0.013868810885497313
2024-01-19,AEE,-0.013868810885497313
2024-01-19,AEP,-0.013868810885497313
2024-01-19,AES,-0.013868810885497313
2024-01-19,AIZ,0.013868810885497313
2024-01-19,AJG,0.013868810885497313
2024-01-19,AKAM,0.013868810885497313
2024-01-19,ALB,-0.013868810885497313
2024-01-19,AMAT,0.013868810885497313
2024-01-19,AMCR,-0.013868810885497313
2024-01-19,AMD,0.013868810885497313
2024-01-19,AMZN,0.013868810885497313
2024-01-19,ANET,0.013868810885497313
2024-01-19,AON,-0.013868810885497313
2024-01-19,AOS,0.013868810885497313
2024-01-19,APA,-0.013868810885497313
2024-01-19,APD,-0.013868810885497313
2024-01-19,APH,0.013868810885497313
2024-01-19,ARE,-0.013868810885497313
2024-01-19,AVGO,0.013868810885497313
2024-01-19,AWK,-0.013868810885497313
2024-01-19,BFB,-0.013868810885497313
2024-01-19,BIIB,-0.013868810885497313
2024-01-19,BIO,-0.013868810885497313
2024-01-19,BKNG,0.013868810885497313
2024-01-19,BMY,-0.013868810885497313
2024-01-19,BR,0.013868810885497313
2024-01-19,BRKB,0.013868810885497313
2024-01-19,BSX,0.013868810885497313
2024-01-19,BWA,-0.013868810885497313
2024-01-19,CAG,-0.013868810885497313
2024-01-19,CAH,0.013868810885497313
2024-01-19,CBOE,0.013868810885497313
2024-01-19,CCI,-0.013868810885497313
2024-01-19,CCL,0.013868810885497313
2024-01-19,CDNS,0.013868810885497313
2024-01-19,CEG,0.013868810885497313
2024-01-19,CFG,-0.013868810885497313
2024-01-19,CHRW,-0.013868810885497313
2024-01-19,CMA,-0.013868810885497313
2024-01-19,CME,0.013868810885497313
2024-01-19,CMG,0.013868810885497313
2024-01-19,COST,0.013868810885497313
2024-01-19,CPB,-0.013868810885497313
2024-01-19,CPRT,-0.013868810885497313
2024-01-19,CPT,-0.013868810885497313
2024-01-19,CRM,0.013868810885497313
2024-01-19,CTAS,0.013868810885497313
2024-01-19,CTVA,-0.013868810885497313
2024-01-19,CVS,-0.013868810885497313
2024-01-19,CVX,-0.013868810885497313
2024-01-19,D,-0.013868810885497313
2024-01-19,DG,-0.013868810885497313
2024-01-19,DGX,-0.013868810885497313
2024-01-19,DHI,0.013868810885497313
2024-01-19,DHR,-0.013868810885497313
2024-01-19,DVN,-0.013868810885497313
2024-01-19,ECL,0.013868810885497313
2024-01-19,EL,-0.013868810885497313
2024-01-19,ENPH,-0.013868810885497313
2024-01-19,ES,-0.013868810885497313
2024-01-19,ETN,0.013868810885497313
2024-01-19,ETSY,-0.013868810885497313
2024-01-19,EVRG,-0.013868810885497313
2024-01-19,EXC,-0.013868810885497313
2024-01-19,FAST,0.013868810885497313
2024-01-19,FDX,0.013868810885497313
2024-01-19,FE,-0.013868810885497313
2024-01-19,FFIV,0.013868810885497313
2024-01-19,FIS,-0.013868810885497313
2024-01-19,FLT,0.013868810885497313
2024-01-19,FMC,-0.013868810885497313
2024-01-19,GE,0.013868810885497313
2024-01-19,GIS,-0.013868810885497313
2024-01-19,GLW,-0.013868810885497313
2024-01-19,GOOG,0.013868810885497313
2024-01-19,GOOGL,0.013868810885497313
2024-01-19,GPC,-0.013868810885497313
2024-01-19,GRMN,0.013868810885497313
2024-01-19,GWW,0.013868810885497313
2024-01-19,HAS,-0.013868810885497313
2024-01-19,HLT,0.013868810885497313
2024-01-19,HOLX,-0.013868810885497313
2024-01-19,HRL,-0.013868810885497313
2024-01-19,HSY,-0.013868810885497313
2024-01-19,HWM,0.013868810885497313
2024-01-19,IFF,-0.013868810885497313
2024-01-19,ILMN,-0.013868810885497313
2024-01-19,INCY,-0.013868810885497313
2024-01-19,INTC,0.013868810885497313
2024-01-19,INTU,0.013868810885497313
2024-01-19,IR,0.013868810885497313
2024-01-19,IRM,0.013868810885497313
2024-01-19,ISRG,0.013868810885497313
2024-01-19,IT,0.013868810885497313
2024-01-19,JCI,-0.013868810885497313
2024-01-19,JNJ,-0.013868810885497313
2024-01-19,JPM,0.013868810885497313
2024-01-19,K,-0.013868810885497313
2024-01-19,KHC,-0.013868810885497313
2024-01-19,KLAC,0.013868810885497313
2024-01-19,KMB,-0.013868810885497313
2024-01-19,L,0.013868810885497313
2024-01-19,LEN,0.013868810885497313
2024-01-19,LH,-0.013868810885497313
2024-01-19,LIN,0.013868810885497313
2024-01-19,LKQ,-0.013868810885497313
2024-01-19,LLY,0.013868810885497313
2024-01-19,LRCX,0.013868810885497313
2024-01-19,LUV,-0.013868810885497313
2024-01-19,MAA,-0.013868810885497313
2024-01-19,MAR,0.013868810885497313
2024-01-19,MAS,0.013868810885497313
2024-01-19,META,0.013868810885497313
2024-01-19,MKC,-0.013868810885497313
2024-01-19,MLM,0.013868810885497313
2024-01-19,MMM,-0.013868810885497313
2024-01-19,MNST,-0.013868810885497313
2024-01-19,MO,-0.013868810885497313
2024-01-19,MOS,-0.013868810885497313
2024-01-19,MPWR,0.013868810885497313
2024-01-19,MRNA,-0.013868810885497313
2024-01-19,MSFT,0.013868810885497313
2024-01-19,MSI,0.013868810885497313
2024-01-19,MTCH,-0.013868810885497313
2024-01-19,MTD,-0.013868810885497313
2024-01-19,MU,0.013868810885497313
2024-01-19,NDAQ,-0.013868810885497313
2024-01-19,NEE,-0.013868810885497313
2024-01-19,NEM,-0.013868810885497313
2024-01-19,NFLX,0.013868810885497313
2024-01-19,NOW,0.013868810885497313
2024-01-19,NRG,0.013868810885497313
2024-01-19,NTAP,0.013868810885497313
2024-01-19,NVDA,0.013868810885497313
2024-01-19,NVR,0.013868810885497313
2024-01-19,NWS,0.013868810885497313
2024-01-19,NXPI,0.013868810885497313
2024-01-19,O,-0.013868810885497313
2024-01-19,ORLY,0.013868810885497313
2024-01-19,PARA,-0.013868810885497313
2024-01-19,PAYC,-0.013868810885497313
2024-01-19,PEAK,-0.013868810885497313
2024-01-19,PFE,-0.013868810885497313
2024-01-19,PFG,-0.013868810885497313
2024-01-19,PH,0.013868810885497313
2024-01-19,PHM,0.013868810885497313
2024-01-19,PKG,0.013868810885497313
2024-01-19,PM,-0.013868810885497313
2024-01-19,PNR,0.013868810885497313
2024-01-19,PPL,-0.013868810885497313
2024-01-19,PTC,0.013868810885497313
2024-01-19,PWR,0.013868810885497313
2024-01-19,PYPL,-0.013868810885497313
2024-01-19,RCL,0.013868810885497313
2024-01-19,RMD,-0.013868810885497313
2024-01-19,ROP,0.013868810885497313
2024-01-19,RSG,0.013868810885497313
2024-01-19,RTX,-0.013868810885497313
2024-01-19,SBAC,-0.013868810885497313
2024-01-19,SHW,0.013868810885497313
2024-01-19,SJM,-0.013868810885497313
2024-01-19,SNPS,0.013868810885497313
2024-01-19,SRE,-0.013868810885497313
2024-01-19,STX,0.013868810885497313
2024-01-19,T,-0.013868810885497313
2024-01-19,TDG,0.013868810885497313
2024-01-19,TFC,-0.013868810885497313
2024-01-19,TGT,-0.013868810885497313
2024-01-19,TMO,-0.013868810885497313
2024-01-19,TSLA,0.013868810885497313
2024-01-19,TSN,-0.013868810885497313
2024-01-19,TT,0.013868810885497313
2024-01-19,TTWO,0.013868810885497313
2024-01-19,TYL,0.013868810885497313
2024-01-19,UPS,-0.013868810885497313
2024-01-19,URI,0.013868810885497313
2024-01-19,V,0.013868810885497313
2024-01-19,VFC,-0.013868810885497313
2024-01-19,VMC,0.013868810885497313
2024-01-19,VRSK,0.013868810885497313
2024-01-19,VRTX,0.013868810885497313
2024-01-19,WAB,0.013868810885497313
2024-01-19,WBA,-0.013868810885497313
2024-01-19,WEC,-0.013868810885497313
2024-01-19,WELL,0.013868810885497313
2024-01-19,WHR,-0.013868810885497313
2024-01-19,WM,0.013868810885497313
2024-01-19,WST,0.013868810885497313
2024-01-19,XEL,-0.013868810885497313
2024-01-26,A,-0.013439947682704333
2024-01-26,AAPL,0.013439947682704333
2024-01-26,ACN,0.013439947682704333
2024-01-26,ADBE,0.013439947682704333
2024-01-26,ADM,-0.013439947682704333
2024-01-26,AEE,-0.013439947682704333
2024-01-26,AEP,-0.013439947682704333
2024-01-26,AES,-0.013439947682704333
2024-01-26,AIZ,0.013439947682704333
2024-01-26,AKAM,0.013439947682704333
2024-01-26,ALB,-0.013439947682704333
2024-01-26,AMAT,0.013439947682704333
2024-01-26,AMCR,-0.013439947682704333
2024-01-26,AMD,0.013439947682704333
2024-01-26,AMZN,0.013439947682704333
2024-01-26,ANET,0.013439947682704333
2024-01-26,ANSS,0.013439947682704333
2024-01-26,AON,-0.013439947682704333
2024-01-26,AOS,0.013439947682704333
2024-01-26,APA,-0.013439947682704333
2024-01-26,APD,-0.013439947682704333
2024-01-26,APH,0.013439947682704333
2024-01-26,ARE,-0.013439947682704333
2024-01-26,AVGO,0.013439947682704333
2024-01-26,AWK,-0.013439947682704333
2024-01-26,BAX,-0.013439947682704333
2024-01-26,BFB,-0.013439947682704333
2024-01-26,BIIB,-0.013439947682704333
2024-01-26,BIO,-0.013439947682704333
2024-01-26,BKNG,0.013439947682704333
2024-01-26,BMY,-0.013439947682704333
2024-01-26,BR,0.013439947682704333
2024-01-26,BRKB,0.013439947682704333
2024-01-26,BRO,0.013439947682704333
2024-01-26,BSX,0.013439947682704333
2024-01-26,BWA,-0.013439947682704333
2024-01-26,CAG,-0.013439947682704333
2024-01-26,CAH,0.013439947682704333
2024-01-26,CARR,0.013439947682704333
2024-01-26,CBOE,0.013439947682704333
2024-01-26,CCI,-0.013439947682704333
2024-01-26,CCL,0.013439947682704333
2024-01-26,CDNS,0.013439947682704333
2024-01-26,CEG,0.013439947682704333
2024-01-26,CFG,-0.013439947682704333
2024-01-26,CHD,0.013439947682704333
2024-01-26,CHRW,-0.013439947682704333
2024-01-26,CME,0.013439947682704333
2024-01-26,CMG,0.013439947682704333
2024-01-26,COST,0.013439947682704333
2024-01-26,CPB,-0.013439947682704333
2024-01-26,CPRT,-0.013439947682704333
2024-01-26,CPT,-0.013439947682704333
2024-01-26,CRM,0.013439947682704333
2024-01-26,CTAS,0.013439947682704333
2024-01-26,CTVA,-0.013439947682704333
2024-01-26,CVX,-0.013439947682704333
2024-01-26,D,-0.013439947682704333
2024-01-26,DG,-0.013439947682704333
2024-01-26,DHI,0.013439947682704333
2024-01-26,DHR,-0.013439947682704333
2024-01-26,DIS,-0.013439947682704333
2024-01-26,DVN,-0.013439947682704333
2024-01-26,ECL,0.013439947682704333
2024-01-26,EL,-0.013439947682704333
2024-01-26,ENPH,-0.013439947682704333
2024-01-26,ES,-0.013439947682704333
2024-01-26,ETN,0.013439947682704333
2024-01-26,ETSY,-0.013439947682704333
2024-01-26,EVRG,-0.013439947682704333
2024-01-26,EXC,-0.013439947682704333
2024-01-26,FAST,0.013439947682704333
2024-01-26,FDX,0.013439947682704333
2024-01-26,FE,-0.013439947682704333
2024-01-26,FFIV,0.013439947682704333
2024-01-26,FIS,-0.013439947682704333
2024-01-26,FLT,0.013439947682704333
2024-01-26,FMC,-0.013439947682704333
2024-01-26,FOX,-0.013439947682704333
2024-01-26,FOXA,-0.013439947682704333
2024-01-26,GE,0.013439947682704333
2024-01-26,GIS,-0.013439947682704333
2024-01-26,GLW,-0.013439947682704333
2024-01-26,GOOG,0.013439947682704333
2024-01-26,GOOGL,0.013439947682704333
2024-01-26,GPC,-0.013439947682704333
2024-01-26,GRMN,0.013439947682704333
2024-01-26,GWW,0.013439947682704333
2024-01-26,HAS,-0.013439947682704333
2024-01-26,HLT,0.013439947682704333
2024-01-26,HOLX,-0.013439947682704333
2024-01-26,HRL,-0.013439947682704333
2024-01-26,HSIC,-0.013439947682704333
2024-01-26,HSY,-0.013439947682704333
2024-01-26,HWM,0.013439947682704333
2024-01-26,IBM,0.013439947682704333
2024-01-26,ICE,0.013439947682704333
2024-01-26,IFF,-0.013439947682704333
2024-01-26,ILMN,-0.013439947682704333
2024-01-26,INCY,-0.013439947682704333
2024-01-26,INTC,0.013439947682704333
2024-01-26,INTU,0.013439947682704333
2024-01-26,IR,0.013439947682704333
2024-01-26,IRM,0.013439947682704333
2024-01-26,ISRG,0.013439947682704333
2024-01-26,IT,0.013439947682704333
2024-01-26,JCI,-0.013439947682704333
2024-01-26,JPM,0.013439947682704333
2024-01-26,K,-0.013439947682704333
2024-01-26,KLAC,0.013439947682704333
2024-01-26,KMB,-0.013439947682704333
2024-01-26,LEN,0.013439947682704333
2024-01-26,LH,-0.013439947682704333
2024-01-26,LIN,0.013439947682704333
2024-01-26,LKQ,-0.013439947682704333
2024-01-26,LLY,0.013439947682704333
2024-01-26,LRCX,0.013439947682704333
2024-01-26,LUV,-0.013439947682704333
2024-01-26,LVS,-0.013439947682704333
2024-01-26,MAA,-0.013439947682704333
2024-01-26,MAR,0.013439947682704333
2024-01-26,MAS,0.013439947682704333
2024-01-26,MCO,0.013439947682704333
2024-01-26,META,0.013439947682704333
2024-01-26,MKTX,-0.013439947682704333
2024-01-26,MLM,0.013439947682704333
2024-01-26,MNST,-0.013439947682704333
2024-01-26,MO,-0.013439947682704333
2024-01-26,MOS,-0.013439947682704333
2024-01-26,MPWR,0.013439947682704333
2024-01-26,MRNA,-0.013439947682704333
2024-01-26,MSFT,0.013439947682704333
2024-01-26,MSI,0.013439947682704333
2024-01-26,MTCH,-0.013439947682704333
2024-01-26,MTD,-0.013439947682704333
2024-01-26,MU,0.013439947682704333
2024-01-26,NEE,-0.013439947682704333
2024-01-26,NEM,-0.013439947682704333
2024-01-26,NKE,-0.013439947682704333
2024-01-26,NOW,0.013439947682704333
2024-01-26,NRG,0.013439947682704333
2024-01-26,NTAP,0.013439947682704333
2024-01-26,NTRS,-0.013439947682704333
2024-01-26,NVDA,0.013439947682704333
2024-01-26,NVR,0.013439947682704333
2024-01-26,O,-0.013439947682704333
2024-01-26,ORLY,0.013439947682704333
2024-01-26,PARA,-0.013439947682704333
2024-01-26,PAYC,-0.013439947682704333
2024-01-26,PCAR,-0.013439947682704333
2024-01-26,PEAK,-0.013439947682704333
2024-01-26,PFE,-0.013439947682704333
2024-01-26,PFG,-0.013439947682704333
2024-01-26,PH,0.013439947682704333
2024-01-26,PHM,0.013439947682704333
2024-01-26,PM,-0.013439947682704333
2024-01-26,PNR,0.013439947682704333
2024-01-26,PTC,0.013439947682704333
2024-01-26,PWR,0.013439947682704333
2024-01-26,PYPL,-0.013439947682704333
2024-01-26,RCL,0.013439947682704333
2024-01-26,REGN,0.013439947682704333
2024-01-26,RMD,-0.013439947682704333
2024-01-26,ROP,0.013439947682704333
2024-01-26,RSG,0.013439947682704333
2024-01-26,RTX,-0.013439947682704333
2024-01-26,SBUX,-0.013439947682704333
2024-01-26,SHW,0.013439947682704333
2024-01-26,SJM,-0.013439947682704333
2024-01-26,SNPS,0.013439947682704333
2024-01-26,SRE,-0.013439947682704333
2024-01-26,T,-0.013439947682704333
2024-01-26,TDG,0.013439947682704333
2024-01-26,TFC,-0.013439947682704333
2024-01-26,TSLA,0.013439947682704333
2024-01-26,TSN,-0.013439947682704333
2024-01-26,TT,0.013439947682704333
2024-01-26,TTWO,0.013439947682704333
2024-01-26,TYL,0.013439947682704333
2024-01-26,UPS,-0.013439947682704333
2024-01-26,V,0.013439947682704333
2024-01-26,VFC,-0.013439947682704333
2024-01-26,VMC,0.013439947682704333
2024-01-26,VRSK,0.013439947682704333
2024-01-26,VRTX,0.013439947682704333
2024-01-26,WAB,0.013439947682704333
2024-01-26,WBA,-0.013439947682704333
2024-01-26,WEC,-0.013439947682704333
2024-01-26,WELL,0.013439947682704333
2024-01-26,WHR,-0.013439947682704333
2024-01-26,WM,0.013439947682704333
2024-01-26,WST,0.013439947682704333
2024-01-26,XEL,-0.013439947682704333
2024-01-26,XOM,-0.013439947682704333
2024-02-02,A,-0.013438914412398674
2024-02-02,AAL,-0.013438914412398674
2024-02-02,AAPL,0.013438914412398674
2024-02-02,ACGL,0.013438914412398674
2024-02-02,ADBE,0.013438914412398674
2024-02-02,ADM,-0.013438914412398674
2024-02-02,AEE,-0.013438914412398674
2024-02-02,AES,-0.013438914412398674
2024-02-02,AFL,0.013438914412398674
2024-02-02,AIG,0.013438914412398674
2024-02-02,AIZ,0.013438914412398674
2024-02-02,AJG,0.013438914412398674
2024-02-02,AKAM,0.013438914412398674
2024-02-02,ALB,-0.013438914412398674
2024-02-02,AMCR,-0.013438914412398674
2024-02-02,AMD,0.013438914412398674
2024-02-02,AMGN,0.013438914412398674
2024-02-02,ANET,0.013438914412398674
2024-02-02,APH,0.013438914412398674
2024-02-02,APTV,-0.013438914412398674
2024-02-02,ARE,-0.013438914412398674
2024-02-02,AVGO,0.013438914412398674
2024-02-02,AWK,-0.013438914412398674
2024-02-02,BBY,-0.013438914412398674
2024-02-02,BFB,-0.013438914412398674
2024-02-02,BIO,-0.013438914412398674
2024-02-02,BKNG,0.013438914412398674
2024-02-02,BMY,-0.013438914412398674
2024-02-02,BR,0.013438914412398674
2024-02-02,BRKB,0.013438914412398674
2024-02-02,BRO,0.013438914412398674
2024-02-02,BSX,0.013438914412398674
2024-02-02,BWA,-0.013438914412398674
2024-02-02,CAG,-0.013438914412398674
2024-02-02,CAH,0.013438914412398674
2024-02-02,CBOE,0.013438914412398674
2024-02-02,CCI,-0.013438914412398674
2024-02-02,CDAY,-0.013438914412398674
2024-02-02,CDNS,0.013438914412398674
2024-02-02,CEG,0.013438914412398674
2024-02-02,CFG,-0.013438914412398674
2024-02-02,CHD,0.013438914412398674
2024-02-02,CHRW,-0.013438914412398674
2024-02-02,CME,0.013438914412398674
2024-02-02,CMG,0.013438914412398674
2024-02-02,COST,0.013438914412398674
2024-02-02,CPB,-0.013438914412398674
2024-02-02,CPRT,-0.013438914412398674
2024-02-02,CPT,-0.013438914412398674
2024-02-02,CRM,0.013438914412398674
2024-02-02,CTAS,0.013438914412398674
2024-02-02,CTVA,-0.013438914412398674
2024-02-02,D,-0.013438914412398674
2024-02-02,DG,-0.013438914412398674
2024-02-02,DHI,0.013438914412398674
2024-02-02,DHR,-0.013438914412398674
2024-02-02,DIS,-0.013438914412398674
2024-02-02,DVN,-0.013438914412398674
2024-02-02,EA,0.013438914412398674
2024-02-02,EBAY,-0.013438914412398674
2024-02-02,ECL,0.013438914412398674
2024-02-02,EL,-0.013438914412398674
2024-02-02,ENPH,-0.013438914412398674
2024-02-02,EPAM,-0.013438914412398674
2024-02-02,ES,-0.013438914412398674
2024-02-02,ETN,0.013438914412398674
2024-02-02,ETSY,-0.013438914412398674
2024-02-02,EVRG,-0.013438914412398674
2024-02-02,EXC,-0.013438914412398674
2024-02-02,FIS,-0.013438914412398674
2024-02-02,FLT,0.013438914412398674
2024-02-02,FMC,-0.013438914412398674
2024-02-02,FOX,-0.013438914412398674
2024-02-02,FOXA,-0.013438914412398674
2024-02-02,GE,0.013438914412398674
2024-02-02,GIS,-0.013438914412398674
2024-02-02,GLW,-0.013438914412398674
2024-02-02,GOOG,0.013438914412398674
2024-02-02,GOOGL,0.013438914412398674
2024-02-02,GPC,-0.013438914412398674
2024-02-02,GRMN,0.013438914412398674
2024-02-02,HAS,-0.013438914412398674
2024-02-02,HII,0.013438914412398674
2024-02-02,HLT,0.013438914412398674
2024-02-02,HOLX,-0.013438914412398674
2024-02-02,HRL,-0.013438914412398674
2024-02-02,HSIC,-0.013438914412398674
2024-02-02,HSY,-0.013438914412398674
2024-02-02,HWM,0.013438914412398674
2024-02-02,IBM,0.013438914412398674
2024-02-02,ICE,0.013438914412398674
2024-02-02,IFF,-0.013438914412398674
2024-02-02,ILMN,-0.013438914412398674
2024-02-02,INCY,-0.013438914412398674
2024-02-02,INTC,0.013438914412398674
2024-02-02,INTU,0.013438914412398674
2024-02-02,IPG,-0.013438914412398674
2024-02-02,IR,0.013438914412398674
2024-02-02,IRM,0.013438914412398674
2024-02-02,ISRG,0.013438914412398674
2024-02-02,IT,0.013438914412398674
2024-02-02,JPM,0.013438914412398674
2024-02-02,K,-0.013438914412398674
2024-02-02,KLAC,0.013438914412398674
2024-02-02,L,0.013438914412398674
2024-02-02,LEN,0.013438914412398674
2024-02-02,LIN,0.013438914412398674
2024-02-02,LKQ,-0.013438914412398674
2024-02-02,LLY,0.013438914412398674
2024-02-02,LRCX,0.013438914412398674
2024-02-02,LUV,-0.013438914412398674
2024-02-02,MAA,-0.013438914412398674
2024-02-02,MAR,0.013438914412398674
2024-02-02,MCK,0.013438914412398674
2024-02-02,META,0.013438914412398674
2024-02-02,MHK,-0.013438914412398674
2024-02-02,MKTX,-0.013438914412398674
2024-02-02,MLM,0.013438914412398674
2024-02-02,MNST,-0.013438914412398674
2024-02-02,MO,-0.013438914412398674
2024-02-02,MOH,0.013438914412398674
2024-02-02,MOS,-0.013438914412398674
2024-02-02,MPC,0.013438914412398674
2024-02-02,MRK,0.013438914412398674
2024-02-02,MRNA,-0.013438914412398674
2024-02-02,MSFT,0.013438914412398674
2024-02-02,MSI,0.013438914412398674
2024-02-02,MTCH,-0.013438914412398674
2024-02-02,MTD,-0.013438914412398674
2024-02-02,MU,0.013438914412398674
2024-02-02,NEE,-0.013438914412398674
2024-02-02,NEM,-0.013438914412398674
2024-02-02,NFLX,0.013438914412398674
2024-02-02,NKE,-0.013438914412398674
2024-02-02,NOW,0.013438914412398674
2024-02-02,NRG,0.013438914412398674
2024-02-02,NTAP,0.013438914412398674
2024-02-02,NTRS,-0.013438914412398674
2024-02-02,NVDA,0.013438914412398674
2024-02-02,NVR,0.013438914412398674
2024-02-02,O,-0.013438914412398674
2024-02-02,ORLY,0.013438914412398674
2024-02-02,PARA,-0.013438914412398674
2024-02-02,PAYC,-0.013438914412398674
2024-02-02,PCAR,-0.013438914412398674
2024-02-02,PEAK,-0.013438914412398674
2024-02-02,PFE,-0.013438914412398674
2024-02-02,PFG,-0.013438914412398674
2024-02-02,PGR,0.013438914412398674
2024-02-02,PH,0.013438914412398674
2024-02-02,PHM,0.013438914412398674
2024-02-02,PSX,0.013438914412398674
2024-02-02,PTC,0.013438914412398674
2024-02-02,PWR,0.013438914412398674
2024-02-02,PYPL,-0.013438914412398674
2024-02-02,RCL,0.013438914412398674
2024-02-02,REGN,0.013438914412398674
2024-02-02,RF,-0.013438914412398674
2024-02-02,RMD,-0.013438914412398674
2024-02-02,ROL,0.013438914412398674
2024-02-02,ROP,0.013438914412398674
2024-02-02,ROST,0.013438914412398674
2024-02-02,RSG,0.013438914412398674
2024-02-02,SBAC,-0.013438914412398674
2024-02-02,SBUX,-0.013438914412398674
2024-02-02,SHW,0.013438914412398674
2024-02-02,SJM,-0.013438914412398674
2024-02-02,SNPS,0.013438914412398674
2024-02-02,SRE,-0.013438914412398674
2024-02-02,T,-0.013438914412398674
2024-02-02,TDG,0.013438914412398674
2024-02-02,TFC,-0.013438914412398674
2024-02-02,TGT,-0.013438914412398674
2024-02-02,TJX,0.013438914412398674
2024-02-02,TPR,-0.013438914412398674
2024-02-02,TROW,-0.013438914412398674
2024-02-02,TSN,-0.013438914412398674
2024-02-02,TT,0.013438914412398674
2024-02-02,TTWO,0.013438914412398674
2024-02-02,UAL,-0.013438914412398674
2024-02-02,UDR,-0.013438914412398674
2024-02-02,UPS,-0.013438914412398674
2024-02-02,V,0.013438914412398674
2024-02-02,VFC,-0.013438914412398674
2024-02-02,VMC,0.013438914412398674
2024-02-02,VRSK,0.013438914412398674
2024-02-02,VRSN,-0.013438914412398674
2024-02-02,VRTX,0.013438914412398674
2024-02-02,WAB,0.013438914412398674
2024-02-02,WBA,-0.013438914412398674
2024-02-02,WELL,0.013438914412398674
2024-02-02,WHR,-0.013438914412398674
2024-02-02,WM,0.013438914412398674
2024-02-02,ZBRA,-0.013438914412398674
2024-02-09,A,-0.012400946762148243
2024-02-09,AAPL,0.012400946762148243
2024-02-09,ACN,0.012400946762148243
2024-02-09,ADBE,0.012400946762148243
2024-02-09,ADM,-0.012400946762148243
2024-02-09,AEE,-0.012400946762148243
2024-02-09,AES,-0.012400946762148243
2024-02-09,AFL,0.012400946762148243
2024-02-09,AIZ,0.012400946762148243
2024-02-09,AJG,0.012400946762148243
2024-02-09,AKAM,0.012400946762148243
2024-02-09,ALB,-0.012400946762148243
2024-02-09,AMCR,-0.012400946762148243
2024-02-09,AMD,0.012400946762148243
2024-02-09,AMGN,0.012400946762148243
2024-02-09,AMZN,0.012400946762148243
2024-02-09,ANET,0.012400946762148243
2024-02-09,APA,-0.012400946762148243
2024-02-09,APH,0.012400946762148243
2024-02-09,APTV,-0.012400946762148243
2024-02-09,ARE,-0.012400946762148243
2024-02-09,AVGO,0.012400946762148243
2024-02-09,AWK,-0.012400946762148243
2024-02-09,BBY,-0.012400946762148243
2024-02-09,BFB,-0.012400946762148243
2024-02-09,BIIB,-0.012400946762148243
2024-02-09,BIO,-0.012400946762148243
2024-02-09,BKNG,0.012400946762148243
2024-02-09,BMY,-0.012400946762148243
2024-02-09,BR,0.012400946762148243
2024-02-09,BRKB,0.012400946762148243
2024-02-09,BRO,0.012400946762148243
2024-02-09,BSX,0.012400946762148243
2024-02-09,BWA,-0.012400946762148243
2024-02-09,CAG,-0.012400946762148243
2024-02-09,CAH,0.012400946762148243
2024-02-09,CBOE,0.012400946762148243
2024-02-09,CCI,-0.012400946762148243
2024-02-09,CDNS,0.012400946762148243
2024-02-09,CEG,0.012400946762148243
2024-02-09,CFG,-0.012400946762148243
2024-02-09,CHD,0.012400946762148243
2024-02-09,CHRW,-0.012400946762148243
2024-02-09,CINF,-0.012400946762148243
2024-02-09,CMA,-0.012400946762148243
2024-02-09,CMG,0.012400946762148243
2024-02-09,COST,0.012400946762148243
2024-02-09,CPB,-0.012400946762148243
2024-02-09,CPRT,-0.012400946762148243
2024-02-09,CPT,-0.012400946762148243
2024-02-09,CRM,0.012400946762148243
2024-02-09,CTAS,0.012400946762148243
2024-02-09,CTVA,-0.012400946762148243
2024-02-09,CVS,-0.012400946762148243
2024-02-09,CVX,-0.012400946762148243
2024-02-09,D,-0.012400946762148243
2024-02-09,DG,-0.012400946762148243
2024-02-09,DHI,0.012400946762148243
2024-02-09,DIS,-0.012400946762148243
2024-02-09,DVN,-0.012400946762148243
2024-02-09,EA,0.012400946762148243
2024-02-09,EBAY,-0.012400946762148243
2024-02-09,ECL,0.012400946762148243
2024-02-09,EL,-0.012400946762148243
2024-02-09,ENPH,-0.012400946762148243
2024-02-09,ES,-0.012400946762148243
2024-02-09,ETN,0.012400946762148243
2024-02-09,ETSY,-0.012400946762148243
2024-02-09,EVRG,-0.012400946762148243
2024-02-09,FIS,-0.012400946762148243
2024-02-09,FLT,0.012400946762148243
2024-02-09,FMC,-0.012400946762148243
2024-02-09,FOX,-0.012400946762148243
2024-02-09,FOXA,-0.012400946762148243
2024-02-09,GE,0.012400946762148243
2024-02-09,GIS,-0.012400946762148243
2024-02-09,GLW,-0.012400946762148243
2024-02-09,GOOG,0.012400946762148243
2024-02-09,GOOGL,0.012400946762148243
2024-02-09,GPC,-0.012400946762148243
2024-02-09,GRMN,0.012400946762148243
2024-02-09,HLT,0.012400946762148243
2024-02-09,HOLX,-0.012400946762148243
2024-02-09,HRL,-0.012400946762148243
2024-02-09,HSIC,-0.012400946762148243
2024-02-09,HSY,-0.012400946762148243
2024-02-09,HWM,0.012400946762148243
2024-02-09,IBM,0.012400946762148243
2024-02-09,ICE,0.012400946762148243
2024-02-09,ILMN,-0.012400946762148243
2024-02-09,INCY,-0.012400946762148243
2024-02-09,INTC,0.012400946762148243
2024-02-09,INTU,0.012400946762148243
2024-02-09,IPG,-0.012400946762148243
2024-02-09,IR,0.012400946762148243
2024-02-09,IRM,0.012400946762148243
2024-02-09,ISRG,0.012400946762148243
2024-02-09,JPM,0.012400946762148243
2024-02-09,K,-0.012400946762148243
2024-02-09,KEY,-0.012400946762148243
2024-02-09,KEYS,-0.012400946762148243
2024-02-09,KLAC,0.012400946762148243
2024-02-09,LEN,0.012400946762148243
2024-02-09,LIN,0.012400946762148243
2024-02-09,LKQ,-0.012400946762148243
2024-02-09,LLY,0.012400946762148243
2024-02-09,LRCX,0.012400946762148243
2024-02-09,LVS,-0.012400946762148243
2024-02-09,MA,0.012400946762148243
2024-02-09,MAA,-0.012400946762148243
2024-02-09,MAR,0.012400946762148243
2024-02-09,MCK,0.012400946762148243
2024-02-09,MCO,0.012400946762148243
2024-02-09,META,0.012400946762148243
2024-02-09,MKTX,-0.012400946762148243
2024-02-09,MLM,0.012400946762148243
2024-02-09,MMC,0.012400946762148243
2024-02-09,MNST,-0.012400946762148243
2024-02-09,MO,-0.012400946762148243
2024-02-09,MOH,0.012400946762148243
2024-02-09,MOS,-0.012400946762148243
2024-02-09,MRNA,-0.012400946762148243
2024-02-09,MSFT,0.012400946762148243
2024-02-09,MSI,0.012400946762148243
2024-02-09,MTCH,-0.012400946762148243
2024-02-09,MTD,-0.012400946762148243
2024-02-09,MU,0.012400946762148243
2024-02-09,NEE,-0.012400946762148243
2024-02-09,NEM,-0.012400946762148243
2024-02-09,NFLX,0.012400946762148243
2024-02-09,NKE,-0.012400946762148243
2024-02-09,NOW,0.012400946762148243
2024-02-09,NRG,0.012400946762148243
2024-02-09,NTAP,0.012400946762148243
2024-02-09,NTRS,-0.012400946762148243
2024-02-09,NVDA,0.012400946762148243
2024-02-09,NVR,0.012400946762148243
2024-02-09,O,-0.012400946762148243
2024-02-09,ORLY,0.012400946762148243
2024-02-09,PARA,-0.012400946762148243
2024-02-09,PAYC,-0.012400946762148243
2024-02-09,PCAR,0.012400946762148243
2024-02-09,PEAK,-0.012400946762148243
2024-02-09,PFE,-0.012400946762148243
2024-02-09,PFG,-0.012400946762148243
2024-02-09,PH,0.012400946762148243
2024-02-09,PHM,0.012400946762148243
2024-02-09,PTC,0.012400946762148243
2024-02-09,PWR,0.012400946762148243
2024-02-09,PYPL,-0.012400946762148243
2024-02-09,RCL,0.012400946762148243
2024-02-09,REGN,0.012400946762148243
2024-02-09,RF,-0.012400946762148243
2024-02-09,RMD,-0.012400946762148243
2024-02-09,ROL,0.012400946762148243
2024-02-09,ROP,0.012400946762148243
2024-02-09,ROST,0.012400946762148243
2024-02-09,RSG,0.012400946762148243
2024-02-09,RTX,-0.012400946762148243
2024-02-09,SBAC,-0.012400946762148243
2024-02-09,SBUX,-0.012400946762148243
2024-02-09,SHW,0.012400946762148243
2024-02-09,SJM,-0.012400946762148243
2024-02-09,SNPS,0.012400946762148243
2024-02-09,SRE,-0.012400946762148243
2024-02-09,STT,-0.012400946762148243
2024-02-09,SWKS,-0.012400946762148243
2024-02-09,T,-0.012400946762148243
2024-02-09,TAP,0.012400946762148243
2024-02-09,TDG,0.012400946762148243
2024-02-09,TFC,-0.012400946762148243
2024-02-09,TGT,-0.012400946762148243
2024-02-09,TJX,0.012400946762148243
2024-02-09,TT,0.012400946762148243
2024-02-09,TTWO,0.012400946762148243
2024-02-09,TYL,0.012400946762148243
2024-02-09,UDR,-0.012400946762148243
2024-02-09,UPS,-0.012400946762148243
2024-02-09,V,0.012400946762148243
2024-02-09,VFC,-0.012400946762148243
2024-02-09,VICI,-0.012400946762148243
2024-02-09,VMC,0.012400946762148243
2024-02-09,VRSK,0.012400946762148243
2024-02-09,VRTX,0.012400946762148243
2024-02-09,WAB,0.012400946762148243
2024-02-09,WBA,-0.012400946762148243
2024-02-09,WBD,-0.012400946762148243
2024-02-09,WEC,-0.012400946762148243
2024-02-09,WELL,0.012400946762148243
2024-02-09,WM,0.012400946762148243
2024-02-09,WMT,0.012400946762148243
2024-02-09,WST,0.012400946762148243
2024-02-09,XEL,-0.012400946762148243
2024-02-09,XOM,-0.012400946762148243
2024-02-16,AAPL,0.012735942087797212
2024-02-16,ACN,0.012735942087797212
2024-02-16,ADBE,0.012735942087797212
2024-02-16,ADM,-0.012735942087797212
2024-02-16,AEE,-0.012735942087797212
2024-02-16,AEP,-0.012735942087797212
2024-02-16,AES,-0.012735942087797212
2024-02-16,AFL,0.012735942087797212
2024-02-16,AIZ,0.012735942087797212
2024-02-16,AJG,0.012735942087797212
2024-02-16,AKAM,0.012735942087797212
2024-02-16,ALB,-0.012735942087797212
2024-02-16,AMAT,0.012735942087797212
2024-02-16,AMCR,-0.012735942087797212
2024-02-16,AMD,0.012735942087797212
2024-02-16,AMGN,0.012735942087797212
2024-02-16,AMZN,0.012735942087797212
2024-02-16,ANET,0.012735942087797212
2024-02-16,APA,-0.012735942087797212
2024-02-16,APTV,-0.012735942087797212
2024-02-16,ARE,-0.012735942087797212
2024-02-16,AVGO,0.012735942087797212
2024-02-16,AWK,-0.012735942087797212
2024-02-16,BBY,-0.012735942087797212
2024-02-16,BFB,-0.012735942087797212
2024-02-16,BIO,-0.012735942087797212
2024-02-16,BKNG,0.012735942087797212
2024-02-16,BMY,-0.012735942087797212
2024-02-16,BR,0.012735942087797212
2024-02-16,BRKB,0.012735942087797212
2024-02-16,BRO,0.012735942087797212
2024-02-16,BSX,0.012735942087797212
2024-02-16,BWA,-0.012735942087797212
2024-02-16,CAG,-0.012735942087797212
2024-02-16,CAH,0.012735942087797212
2024-02-16,CBOE,0.012735942087797212
2024-02-16,CCI,-0.012735942087797212
2024-02-16,CDNS,0.012735942087797212
2024-02-16,CEG,0.012735942087797212
2024-02-16,CFG,-0.012735942087797212
2024-02-16,CHD,0.012735942087797212
2024-02-16,CHRW,-0.012735942087797212
2024-02-16,CINF,-0.012735942087797212
2024-02-16,CMG,0.012735942087797212
2024-02-16,COST,0.012735942087797212
2024-02-16,CPB,-0.012735942087797212
2024-02-16,CPRT,-0.012735942087797212
2024-02-16,CPT,-0.012735942087797212
2024-02-16,CRL,-0.012735942087797212
2024-02-16,CRM,0.012735942087797212
2024-02-16,CTAS,0.012735942087797212
2024-02-16,CTVA,-0.012735942087797212
2024-02-16,CVS,-0.012735942087797212
2024-02-16,CVX,-0.012735942087797212
2024-02-16,D,-0.012735942087797212
2024-02-16,DG,-0.012735942087797212
2024-02-16,DHI,0.012735942087797212
2024-02-16,DVN,-0.012735942087797212
2024-02-16,EA,0.012735942087797212
2024-02-16,EBAY,-0.012735942087797212
2024-02-16,ECL,0.012735942087797212
2024-02-16,EL,-0.012735942087797212
2024-02-16,ENPH,-0.012735942087797212
2024-02-16,ES,-0.012735942087797212
2024-02-16,ETN,0.012735942087797212
2024-02-16,ETSY,-0.012735942087797212
2024-02-16,EVRG,-0.012735942087797212
2024-02-16,EXC,-0.012735942087797212
2024-02-16,FAST,0.012735942087797212
2024-02-16,FFIV,0.012735942087797212
2024-02-16,FLT,0.012735942087797212
2024-02-16,FMC,-0.012735942087797212
2024-02-16,FOX,-0.012735942087797212
2024-02-16,FOXA,-0.012735942087797212
2024-02-16,GE,0.012735942087797212
2024-02-16,GIS,-0.012735942087797212
2024-02-16,GLW,-0.012735942087797212
2024-02-16,GM,-0.012735942087797212
2024-02-16,GOOG,0.012735942087797212
2024-02-16,GOOGL,0.012735942087797212
2024-02-16,GPC,-0.012735942087797212
2024-02-16,GRMN,0.012735942087797212
2024-02-16,GWW,0.012735942087797212
2024-02-16,HLT,0.012735942087797212
2024-02-16,HOLX,-0.012735942087797212
2024-02-16,HRL,-0.012735942087797212
2024-02-16,HSY,-0.012735942087797212
2024-02-16,HUM,-0.012735942087797212
2024-02-16,HWM,0.012735942087797212
2024-02-16,IBM,0.012735942087797212
2024-02-16,ICE,0.012735942087797212
2024-02-16,ILMN,-0.012735942087797212
2024-02-16,INCY,-0.012735942087797212
2024-02-16,INTC,0.012735942087797212
2024-02-16,INTU,0.012735942087797212
2024-02-16,IPG,-0.012735942087797212
2024-02-16,IR,0.012735942087797212
2024-02-16,IRM,0.012735942087797212
2024-02-16,ISRG,0.012735942087797212
2024-02-16,IT,0.012735942087797212
2024-02-16,JCI,-0.012735942087797212
2024-02-16,K,-0.012735942087797212
2024-02-16,KDP,-0.012735942087797212
2024-02-16,KEY,-0.012735942087797212
2024-02-16,KEYS,-0.012735942087797212
2024-02-16,KLAC,0.012735942087797212
2024-02-16,LEN,0.012735942087797212
2024-02-16,LIN,0.012735942087797212
2024-02-16,LKQ,-0.012735942087797212
2024-02-16,LLY,0.012735942087797212
2024-02-16,LRCX,0.012735942087797212
2024-02-16,MA,0.012735942087797212
2024-02-16,MAA,-0.012735942087797212
2024-02-16,MAR,0.012735942087797212
2024-02-16,MCK,0.012735942087797212
2024-02-16,MCO,0.012735942087797212
2024-02-16,META,0.012735942087797212
2024-02-16,MKTX,-0.012735942087797212
2024-02-16,MLM,0.012735942087797212
2024-02-16,MMC,0.012735942087797212
2024-02-16,MNST,-0.012735942087797212
2024-02-16,MO,-0.012735942087797212
2024-02-16,MOH,0.012735942087797212
2024-02-16,MOS,-0.012735942087797212
2024-02-16,MRNA,-0.012735942087797212
2024-02-16,MSFT,0.012735942087797212
2024-02-16,MSI,0.012735942087797212
2024-02-16,MTD,-0.012735942087797212
2024-02-16,MU,0.012735942087797212
2024-02-16,NEE,-0.012735942087797212
2024-02-16,NEM,-0.012735942087797212
2024-02-16,NFLX,0.012735942087797212
2024-02-16,NKE,-0.012735942087797212
2024-02-16,NOW,0.012735942087797212
2024-02-16,NRG,0.012735942087797212
2024-02-16,NTAP,0.012735942087797212
2024-02-16,NTRS,-0.012735942087797212
2024-02-16,NVDA,0.012735942087797212
2024-02-16,NVR,0.012735942087797212
2024-02-16,NWS,0.012735942087797212
2024-02-16,O,-0.012735942087797212
2024-02-16,ORLY,0.012735942087797212
2024-02-16,PARA,-0.012735942087797212
2024-02-16,PAYC,-0.012735942087797212
2024-02-16,PCAR,0.012735942087797212
2024-02-16,PEAK,-0.012735942087797212
2024-02-16,PFE,-0.012735942087797212
2024-02-16,PFG,-0.012735942087797212
2024-02-16,PH,0.012735942087797212
2024-02-16,PHM,0.012735942087797212
2024-02-16,PTC,0.012735942087797212
2024-02-16,PWR,0.012735942087797212
2024-02-16,PYPL,-0.012735942087797212
2024-02-16,RCL,0.012735942087797212
2024-02-16,REGN,0.012735942087797212
2024-02-16,RF,-0.012735942087797212
2024-02-16,RMD,-0.012735942087797212
2024-02-16,ROP,0.012735942087797212
2024-02-16,ROST,0.012735942087797212
2024-02-16,RSG,0.012735942087797212
2024-02-16,RTX,-0.012735942087797212
2024-02-16,SBAC,-0.012735942087797212
2024-02-16,SCHW,-0.012735942087797212
2024-02-16,SHW,0.012735942087797212
2024-02-16,SNPS,0.012735942087797212
2024-02-16,SPGI,0.012735942087797212
2024-02-16,SRE,-0.012735942087797212
2024-02-16,STT,-0.012735942087797212
2024-02-16,T,-0.012735942087797212
2024-02-16,TDG,0.012735942087797212
2024-02-16,TFC,-0.012735942087797212
2024-02-16,TGT,-0.012735942087797212
2024-02-16,TJX,0.012735942087797212
2024-02-16,TPR,-0.012735942087797212
2024-02-16,TT,0.012735942087797212
2024-02-16,TTWO,0.012735942087797212
2024-02-16,TYL,0.012735942087797212
2024-02-16,UDR,-0.012735942087797212
2024-02-16,UPS,-0.012735942087797212
2024-02-16,V,0.012735942087797212
2024-02-16,VFC,-0.012735942087797212
2024-02-16,VICI,-0.012735942087797212
2024-02-16,VMC,0.012735942087797212
2024-02-16,VRSK,0.012735942087797212
2024-02-16,VRTX,0.012735942087797212
2024-02-16,WAB,0.012735942087797212
2024-02-16,WBA,-0.012735942087797212
2024-02-16,WBD,-0.012735942087797212
2024-02-16,WEC,-0.012735942087797212
2024-02-16,WHR,-0.012735942087797212
2024-02-16,WM,0.012735942087797212
2024-02-16,XEL,-0.012735942087797212
2024-02-16,XOM,-0.012735942087797212
2024-02-16,ZBRA,-0.012735942087797212
2024-02-23,AAPL,0.012516510398095294
2024-02-23,ACN,0.012516510398095294
2024-02-23,ADBE,0.012516510398095294
2024-02-23,ADM,-0.012516510398095294
2024-02-23,AEE,-0.012516510398095294
2024-02-23,AEP,-0.012516510398095294
2024-02-23,AES,-0.012516510398095294
2024-02-23,AFL,0.012516510398095294
2024-02-23,AIZ,0.012516510398095294
2024-02-23,AJG,0.012516510398095294
2024-02-23,AKAM,0.012516510398095294
2024-02-23,ALB,-0.012516510398095294
2024-02-23,AMAT,0.012516510398095294
2024-02-23,AMCR,-0.012516510398095294
2024-02-23,AMD,0.012516510398095294
2024-02-23,AMGN,0.012516510398095294
2024-02-23,AMZN,0.012516510398095294
2024-02-23,ANET,0.012516510398095294
2024-02-23,APA,-0.012516510398095294
2024-02-23,APH,0.012516510398095294
2024-02-23,APTV,-0.012516510398095294
2024-02-23,ARE,-0.012516510398095294
2024-02-23,AVGO,0.012516510398095294
2024-02-23,AWK,-0.012516510398095294
2024-02-23,BFB,-0.012516510398095294
2024-02-23,BIIB,-0.012516510398095294
2024-02-23,BIO,-0.012516510398095294
2024-02-23,BKNG,0.012516510398095294
2024-02-23,BMY,-0.012516510398095294
2024-02-23,BR,0.012516510398095294
2024-02-23,BRKB,0.012516510398095294
2024-02-23,BRO,0.012516510398095294
2024-02-23,BSX,0.012516510398095294
2024-02-23,BWA,-0.012516510398095294
2024-02-23,CAG,-0.012516510398095294
2024-02-23,CAH,0.012516510398095294
2024-02-23,CBOE,0.012516510398095294
2024-02-23,CCI,-0.012516510398095294
2024-02-23,CDNS,0.012516510398095294
2024-02-23,CEG,0.012516510398095294
2024-02-23,CFG,-0.012516510398095294
2024-02-23,CHRW,-0.012516510398095294
2024-02-23,CMG,0.012516510398095294
2024-02-23,COST,0.012516510398095294
2024-02-23,CPB,-0.012516510398095294
2024-02-23,CPRT,-0.012516510398095294
2024-02-23,CPT,-0.012516510398095294
2024-02-23,CRM,0.012516510398095294
2024-02-23,CTAS,0.012516510398095294
2024-02-23,CTVA,-0.012516510398095294
2024-02-23,CVS,-0.012516510398095294
2024-02-23,D,-0.012516510398095294
2024-02-23,DD,-0.012516510398095294
2024-02-23,DG,-0.012516510398095294
2024-02-23,DGX,-0.012516510398095294
2024-02-23,DHI,0.012516510398095294
2024-02-23,DPZ,0.012516510398095294
2024-02-23,DVN,-0.012516510398095294
2024-02-23,EL,-0.012516510398095294
2024-02-23,ENPH,-0.012516510398095294
2024-02-23,ES,-0.012516510398095294
2024-02-23,ETN,0.012516510398095294
2024-02-23,ETSY,-0.012516510398095294
2024-02-23,EVRG,-0.012516510398095294
2024-02-23,EXC,-0.012516510398095294
2024-02-23,FAST,0.012516510398095294
2024-02-23,FFIV,0.012516510398095294
2024-02-23,FLT,0.012516510398095294
2024-02-23,FMC,-0.012516510398095294
2024-02-23,FOX,-0.012516510398095294
2024-02-23,FOXA,-0.012516510398095294
2024-02-23,GE,0.012516510398095294
2024-02-23,GIS,-0.012516510398095294
2024-02-23,GLW,-0.012516510398095294
2024-02-23,GOOG,0.012516510398095294
2024-02-23,GOOGL,0.012516510398095294
2024-02-23,GPC,-0.012516510398095294
2024-02-23,GRMN,0.012516510398095294
2024-02-23,GWW,0.012516510398095294
2024-02-23,HLT,0.012516510398095294
2024-02-23,HOLX,-0.012516510398095294
2024-02-23,HRL,-0.012516510398095294
2024-02-23,HSIC,-0.012516510398095294
2024-02-23,HSY,-0.012516510398095294
2024-02-23,HUM,-0.012516510398095294
2024-02-23,HWM,0.012516510398095294
2024-02-23,IBM,0.012516510398095294
2024-02-23,ICE,0.012516510398095294
2024-02-23,IEX,-0.012516510398095294
2024-02-23,ILMN,-0.012516510398095294
2024-02-23,INCY,-0.012516510398095294
2024-02-23,INTC,0.012516510398095294
2024-02-23,INTU,0.012516510398095294
2024-02-23,IR,0.012516510398095294
2024-02-23,IRM,0.012516510398095294
2024-02-23,ISRG,0.012516510398095294
2024-02-23,IT,0.012516510398095294
2024-02-23,JCI,-0.012516510398095294
2024-02-23,JPM,0.012516510398095294
2024-02-23,K,-0.012516510398095294
2024-02-23,KDP,-0.012516510398095294
2024-02-23,KLAC,0.012516510398095294
2024-02-23,L,0.012516510398095294
2024-02-23,LEN,0.012516510398095294
2024-02-23,LIN,0.012516510398095294
2024-02-23,LKQ,-0.012516510398095294
2024-02-23,LLY,0.012516510398095294
2024-02-23,LMT,-0.012516510398095294
2024-02-23,LNT,-0.012516510398095294
2024-02-23,LRCX,0.012516510398095294
2024-02-23,MA,0.012516510398095294
2024-02-23,MAA,-0.012516510398095294
2024-02-23,MAR,0.012516510398095294
2024-02-23,MCK,0.012516510398095294
2024-02-23,MCO,0.012516510398095294
2024-02-23,META,0.012516510398095294
2024-02-23,MKTX,-0.012516510398095294
2024-02-23,MLM,0.012516510398095294
2024-02-23,MMC,0.012516510398095294
2024-02-23,MMM,-0.012516510398095294
2024-02-23,MNST,-0.012516510398095294
2024-02-23,MO,-0.012516510398095294
2024-02-23,MOS,-0.012516510398095294
2024-02-23,MRNA,-0.012516510398095294
2024-02-23,MSFT,0.012516510398095294
2024-02-23,MSI,0.012516510398095294
2024-02-23,MTD,-0.012516510398095294
2024-02-23,MU,0.012516510398095294
2024-02-23,NEE,-0.012516510398095294
2024-02-23,NEM,-0.012516510398095294
2024-02-23,NFLX,0.012516510398095294
2024-02-23,NKE,-0.012516510398095294
2024-02-23,NOC,-0.012516510398095294
2024-02-23,NOW,0.012516510398095294
2024-02-23,NRG,0.012516510398095294
2024-02-23,NTAP,0.012516510398095294
2024-02-23,NTRS,-0.012516510398095294
2024-02-23,NVDA,0.012516510398095294
2024-02-23,NVR,0.012516510398095294
2024-02-23,NWS,0.012516510398095294
2024-02-23,NWSA,0.012516510398095294
2024-02-23,O,-0.012516510398095294
2024-02-23,ORLY,0.012516510398095294
2024-02-23,PARA,-0.012516510398095294
2024-02-23,PAYC,-0.012516510398095294
2024-02-23,PCAR,0.012516510398095294
2024-02-23,PEAK,-0.012516510398095294
2024-02-23,PEP,-0.012516510398095294
2024-02-23,PFE,-0.012516510398095294
2024-02-23,PH,0.012516510398095294
2024-02-23,PHM,0.012516510398095294
2024-02-23,PM,-0.012516510398095294
2024-02-23,PTC,0.012516510398095294
2024-02-23,PYPL,-0.012516510398095294
2024-02-23,RCL,0.012516510398095294
2024-02-23,REGN,0.012516510398095294
2024-02-23,RF,-0.012516510398095294
2024-02-23,ROP,0.012516510398095294
2024-02-23,ROST,0.012516510398095294
2024-02-23,RSG,0.012516510398095294
2024-02-23,SBAC,-0.012516510398095294
2024-02-23,SBUX,-0.012516510398095294
2024-02-23,SCHW,-0.012516510398095294
2024-02-23,SHW,0.012516510398095294
2024-02-23,SJM,-0.012516510398095294
2024-02-23,SNPS,0.012516510398095294
2024-02-23,SPGI,0.012516510398095294
2024-02-23,SRE,-0.012516510398095294
2024-02-23,STT,-0.012516510398095294
2024-02-23,T,-0.012516510398095294
2024-02-23,TDG,0.012516510398095294
2024-02-23,TFC,-0.012516510398095294
2024-02-23,TGT,-0.012516510398095294
2024-02-23,TJX,0.012516510398095294
2024-02-23,TSN,-0.012516510398095294
2024-02-23,TT,0.012516510398095294
2024-02-23,TTWO,0.012516510398095294
2024-02-23,UAL,-0.012516510398095294
2024-02-23,UDR,-0.012516510398095294
2024-02-23,UPS,-0.012516510398095294
2024-02-23,V,0.012516510398095294
2024-02-23,VFC,-0.012516510398095294
2024-02-23,VICI,-0.012516510398095294
2024-02-23,VRSK,0.012516510398095294
2024-02-23,VRTX,0.012516510398095294
2024-02-23,WAB,0.012516510398095294
2024-02-23,WBA,-0.012516510398095294
2024-02-23,WBD,-0.012516510398095294
2024-02-23,WDC,0.012516510398095294
2024-02-23,WEC,-0.012516510398095294
2024-02-23,WHR,-0.012516510398095294
2024-02-23,WM,0.012516510398095294
2024-02-23,WRB,0.012516510398095294
2024-02-23,XEL,-0.012516510398095294
2024-03-01,AAPL,0.01270872380839434
2024-03-01,ACN,0.01270872380839434
2024-03-01,ADBE,0.01270872380839434
2024-03-01,ADM,-0.01270872380839434
2024-03-01,AEE,-0.01270872380839434
2024-03-01,AEP,-0.01270872380839434
2024-03-01,AES,-0.01270872380839434
2024-03-01,AIZ,0.01270872380839434
2024-03-01,AJG,0.01270872380839434
2024-03-01,AKAM,0.01270872380839434
2024-03-01,ALB,-0.01270872380839434
2024-03-01,AMAT,0.01270872380839434
2024-03-01,AMCR,-0.01270872380839434
2024-03-01,AMD,0.01270872380839434
2024-03-01,AMGN,0.01270872380839434
2024-03-01,AMZN,0.01270872380839434
2024-03-01,ANET,0.01270872380839434
2024-03-01,APA,-0.01270872380839434
2024-03-01,APD,-0.01270872380839434
2024-03-01,APH,0.01270872380839434
2024-03-01,APTV,-0.01270872380839434
2024-03-01,ARE,-0.01270872380839434
2024-03-01,AVGO,0.01270872380839434
2024-03-01,AWK,-0.01270872380839434
2024-03-01,BFB,-0.01270872380839434
2024-03-01,BIIB,-0.01270872380839434
2024-03-01,BIO,-0.01270872380839434
2024-03-01,BKNG,0.01270872380839434
2024-03-01,BMY,-0.01270872380839434
2024-03-01,BR,0.01270872380839434
2024-03-01,BRKB,0.01270872380839434
2024-03-01,BRO,0.01270872380839434
2024-03-01,BSX,0.01270872380839434
2024-03-01,BWA,-0.01270872380839434
2024-03-01,CAG,-0.01270872380839434
2024-03-01,CAH,0.01270872380839434
2024-03-01,CBOE,0.01270872380839434
2024-03-01,CCI,-0.01270872380839434
2024-03-01,CDNS,0.01270872380839434
2024-03-01,CEG,0.01270872380839434
2024-03-01,CF,-0.01270872380839434
2024-03-01,CFG,-0.01270872380839434
2024-03-01,CHRW,-0.01270872380839434
2024-03-01,CMA,-0.01270872380839434
2024-03-01,CMG,0.01270872380839434
2024-03-01,COST,0.01270872380839434
2024-03-01,CPB,-0.01270872380839434
2024-03-01,CPRT,-0.01270872380839434
2024-03-01,CPT,-0.01270872380839434
2024-03-01,CRM,0.01270872380839434
2024-03-01,CTAS,0.01270872380839434
2024-03-01,CTSH,0.01270872380839434
2024-03-01,CTVA,-0.01270872380839434
2024-03-01,CVX,-0.01270872380839434
2024-03-01,D,-0.01270872380839434
2024-03-01,DD,-0.01270872380839434
2024-03-01,DG,-0.01270872380839434
2024-03-01,DGX,-0.01270872380839434
2024-03-01,DHI,0.01270872380839434
2024-03-01,DLR,0.01270872380839434
2024-03-01,DOW,-0.01270872380839434
2024-03-01,DPZ,0.01270872380839434
2024-03-01,DVN,-0.01270872380839434
2024-03-01,EL,-0.01270872380839434
2024-03-01,ENPH,-0.01270872380839434
2024-03-01,ES,-0.01270872380839434
2024-03-01,ETN,0.01270872380839434
2024-03-01,ETSY,-0.01270872380839434
2024-03-01,EVRG,-0.01270872380839434
2024-03-01,EXC,-0.01270872380839434
2024-03-01,EXR,-0.01270872380839434
2024-03-01,FAST,0.01270872380839434
2024-03-01,FFIV,0.01270872380839434
2024-03-01,FLT,0.01270872380839434
2024-03-01,FMC,-0.01270872380839434
2024-03-01,FOXA,-0.01270872380839434
2024-03-01,FSLR,-0.01270872380839434
2024-03-01,GE,0.01270872380839434
2024-03-01,GIS,-0.01270872380839434
2024-03-01,GOOG,0.01270872380839434
2024-03-01,GOOGL,0.01270872380839434
2024-03-01,GPC,-0.01270872380839434
2024-03-01,GWW,0.01270872380839434
2024-03-01,HBAN,-0.01270872380839434
2024-03-01,HLT,0.01270872380839434
2024-03-01,HOLX,-0.01270872380839434
2024-03-01,HRL,-0.01270872380839434
2024-03-01,HSY,-0.01270872380839434
2024-03-01,HUM,-0.01270872380839434
2024-03-01,HWM,0.01270872380839434
2024-03-01,IBM,0.01270872380839434
2024-03-01,ICE,0.01270872380839434
2024-03-01,ILMN,-0.01270872380839434
2024-03-01,INCY,-0.01270872380839434
2024-03-01,INTC,0.01270872380839434
2024-03-01,INTU,0.01270872380839434
2024-03-01,IR,0.01270872380839434
2024-03-01,IRM,0.01270872380839434
2024-03-01,ISRG,0.01270872380839434
2024-03-01,IT,0.01270872380839434
2024-03-01,JCI,-0.01270872380839434
2024-03-01,K,-0.01270872380839434
2024-03-01,KDP,-0.01270872380839434
2024-03-01,KEY,-0.01270872380839434
2024-03-01,KLAC,0.01270872380839434
2024-03-01,LEN,0.01270872380839434
2024-03-01,LKQ,-0.01270872380839434
2024-03-01,LLY,0.01270872380839434
2024-03-01,LMT,-0.01270872380839434
2024-03-01,LRCX,0.01270872380839434
2024-03-01,LVS,-0.01270872380839434
2024-03-01,MA,0.01270872380839434
2024-03-01,MAA,-0.01270872380839434
2024-03-01,MAR,0.01270872380839434
2024-03-01,MCK,0.01270872380839434
2024-03-01,MCO,0.01270872380839434
2024-03-01,META,0.01270872380839434
2024-03-01,MKTX,-0.01270872380839434
2024-03-01,MLM,0.01270872380839434
2024-03-01,MMC,0.01270872380839434
2024-03-01,MMM,-0.01270872380839434
2024-03-01,MNST,-0.01270872380839434
2024-03-01,MO,-0.01270872380839434
2024-03-01,MOS,-0.01270872380839434
2024-03-01,MRNA,-0.01270872380839434
2024-03-01,MSFT,0.01270872380839434
2024-03-01,MSI,0.01270872380839434
2024-03-01,MTD,-0.01270872380839434
2024-03-01,MU,0.01270872380839434
2024-03-01,NEE,-0.01270872380839434
2024-03-01,NEM,-0.01270872380839434
2024-03-01,NFLX,0.01270872380839434
2024-03-01,NKE,-0.01270872380839434
2024-03-01,NOW,0.01270872380839434
2024-03-01,NRG,0.01270872380839434
2024-03-01,NTAP,0.01270872380839434
2024-03-01,NTRS,-0.01270872380839434
2024-03-01,NVDA,0.01270872380839434
2024-03-01,NVR,0.01270872380839434
2024-03-01,NWS,0.01270872380839434
2024-03-01,NWSA,0.01270872380839434
2024-03-01,O,-0.01270872380839434
2024-03-01,ORLY,0.01270872380839434
2024-03-01,PARA,-0.01270872380839434
2024-03-01,PAYC,-0.01270872380839434
2024-03-01,PCAR,0.01270872380839434
2024-03-01,PEAK,-0.01270872380839434
2024-03-01,PFE,-0.01270872380839434
2024-03-01,PFG,-0.01270872380839434
2024-03-01,PH,0.01270872380839434
2024-03-01,PHM,0.01270872380839434
2024-03-01,PNR,0.01270872380839434
2024-03-01,PTC,0.01270872380839434
2024-03-01,PYPL,-0.01270872380839434
2024-03-01,RCL,0.01270872380839434
2024-03-01,REGN,0.01270872380839434
2024-03-01,RF,-0.01270872380839434
2024-03-01,ROP,0.01270872380839434
2024-03-01,ROST,0.01270872380839434
2024-03-01,RSG,0.01270872380839434
2024-03-01,SBUX,-0.01270872380839434
2024-03-01,SCHW,-0.01270872380839434
2024-03-01,SHW,0.01270872380839434
2024-03-01,SJM,-0.01270872380839434
2024-03-01,SNPS,0.01270872380839434
2024-03-01,SPGI,0.01270872380839434
2024-03-01,SRE,-0.01270872380839434
2024-03-01,STT,-0.01270872380839434
2024-03-01,SYK,0.01270872380839434
2024-03-01,TDG,0.01270872380839434
2024-03-01,TFC,-0.01270872380839434
2024-03-01,TGT,-0.01270872380839434
2024-03-01,TJX,0.01270872380839434
2024-03-01,TT,0.01270872380839434
2024-03-01,TTWO,0.01270872380839434
2024-03-01,TXN,-0.01270872380839434
2024-03-01,TYL,0.01270872380839434
2024-03-01,UAL,-0.01270872380839434
2024-03-01,UDR,-0.01270872380839434
2024-03-01,UPS,-0.01270872380839434
2024-03-01,V,0.01270872380839434
2024-03-01,VFC,-0.01270872380839434
2024-03-01,VICI,-0.01270872380839434
2024-03-01,VMC,0.01270872380839434
2024-03-01,VRSK,0.01270872380839434
2024-03-01,VRTX,0.01270872380839434
2024-03-01,WAB,0.01270872380839434
2024-03-01,WBA,-0.01270872380839434
2024-03-01,WBD,-0.01270872380839434
2024-03-01,WHR,-0.01270872380839434
2024-03-01,WM,0.01270872380839434
2024-03-01,WMT,0.01270872380839434
2024-03-01,WYNN,-0.01270872380839434
2024-03-01,ZBRA,-0.01270872380839434
2024-03-08,ACN,0.014768448675108377
2024-03-08,ADBE,0.014768448675108377
2024-03-08,ADM,-0.014768448675108377
2024-03-08,AEE,-0.014768448675108377
2024-03-08,AEP,-0.014768448675108377
2024-03-08,AES,-0.014768448675108377
2024-03-08,AIZ,0.014768448675108377
2024-03-08,AJG,0.014768448675108377
2024-03-08,AKAM,0.014768448675108377
2024-03-08,ALB,-0.014768448675108377
2024-03-08,ALL,0.014768448675108377
2024-03-08,AMAT,0.014768448675108377
2024-03-08,AMCR,-0.014768448675108377
2024-03-08,AMD,0.014768448675108377
2024-03-08,AMZN,0.014768448675108377
2024-03-08,ANET,0.014768448675108377
2024-03-08,APA,-0.014768448675108377
2024-03-08,APD,-0.014768448675108377
2024-03-08,APH,0.014768448675108377
2024-03-08,APTV,-0.014768448675108377
2024-03-08,ARE,-0.014768448675108377
2024-03-08,AVGO,0.014768448675108377
2024-03-08,AWK,-0.014768448675108377
2024-03-08,BFB,-0.014768448675108377
2024-03-08,BIIB,-0.014768448675108377
2024-03-08,BIO,-0.014768448675108377
2024-03-08,BKNG,0.014768448675108377
2024-03-08,BMY,-0.014768448675108377
2024-03-08,BR,0.014768448675108377
2024-03-08,BRKB,0.014768448675108377
2024-03-08,BRO,0.014768448675108377
2024-03-08,BSX,0.014768448675108377
2024-03-08,BWA,-0.014768448675108377
2024-03-08,CAG,-0.014768448675108377
2024-03-08,CAH,0.014768448675108377
2024-03-08,CBOE,0.014768448675108377
2024-03-08,CCI,-0.014768448675108377
2024-03-08,CDNS,0.014768448675108377
2024-03-08,CEG,0.014768448675108377
2024-03-08,CHRW,-0.014768448675108377
2024-03-08,CHTR,-0.014768448675108377
2024-03-08,CINF,-0.014768448675108377
2024-03-08,CMG,0.014768448675108377
2024-03-08,COST,0.014768448675108377
2024-03-08,CPB,-0.014768448675108377
2024-03-08,CPRT,-0.014768448675108377
2024-03-08,CPT,-0.014768448675108377
2024-03-08,CRM,0.014768448675108377
2024-03-08,CTAS,0.014768448675108377
2024-03-08,CTSH,0.014768448675108377
2024-03-08,CTVA,-0.014768448675108377
2024-03-08,D,-0.014768448675108377
2024-03-08,DG,-0.014768448675108377
2024-03-08,DGX,-0.014768448675108377
2024-03-08,DHI,0.014768448675108377
2024-03-08,DLR,0.014768448675108377
2024-03-08,DVN,-0.014768448675108377
2024-03-08,ECL,0.014768448675108377
2024-03-08,EL,-0.014768448675108377
2024-03-08,ENPH,-0.014768448675108377
2024-03-08,ES,-0.014768448675108377
2024-03-08,ETN,0.014768448675108377
2024-03-08,ETSY,-0.014768448675108377
2024-03-08,EVRG,-0.014768448675108377
2024-03-08,EXC,-0.014768448675108377
2024-03-08,EXR,-0.014768448675108377
2024-03-08,FAST,0.014768448675108377
2024-03-08,FE,-0.014768448675108377
2024-03-08,FFIV,0.014768448675108377
2024-03-08,FMC,-0.014768448675108377
2024-03-08,FOX,-0.014768448675108377
2024-03-08,FOXA,-0.014768448675108377
2024-03-08,FSLR,-0.014768448675108377
2024-03-08,GE,0.014768448675108377
2024-03-08,GIS,-0.014768448675108377
2024-03-08,GOOG,0.014768448675108377
2024-03-08,GOOGL,0.014768448675108377
2024-03-08,GPC,-0.014768448675108377
2024-03-08,GWW,0.014768448675108377
2024-03-08,HIG,0.014768448675108377
2024-03-08,HLT,0.014768448675108377
2024-03-08,HOLX,-0.014768448675108377
2024-03-08,HRL,-0.014768448675108377
2024-03-08,HSY,-0.014768448675108377
2024-03-08,HUM,-0.014768448675108377
2024-03-08,HWM,0.014768448675108377
2024-03-08,IBM,0.014768448675108377
2024-03-08,ICE,0.014768448675108377
2024-03-08,ILMN,-0.014768448675108377
2024-03-08,INCY,-0.014768448675108377
2024-03-08,INTU,0.014768448675108377
2024-03-08,IR,0.014768448675108377
2024-03-08,IRM,0.014768448675108377
2024-03-08,ISRG,0.014768448675108377
2024-03-08,JCI,-0.014768448675108377
2024-03-08,JPM,0.014768448675108377
2024-03-08,K,-0.014768448675108377
2024-03-08,KDP,-0.014768448675108377
2024-03-08,KLAC,0.014768448675108377
2024-03-08,L,0.014768448675108377
2024-03-08,LEN,0.014768448675108377
2024-03-08,LKQ,-0.014768448675108377
2024-03-08,LLY,0.014768448675108377
2024-03-08,LMT,-0.014768448675108377
2024-03-08,LNT,-0.014768448675108377
2024-03-08,LRCX,0.014768448675108377
2024-03-08,MA,0.014768448675108377
2024-03-08,MAA,-0.014768448675108377
2024-03-08,MAR,0.014768448675108377
2024-03-08,MAS,0.014768448675108377
2024-03-08,MCK,0.014768448675108377
2024-03-08,MCO,0.014768448675108377
2024-03-08,META,0.014768448675108377
2024-03-08,MKTX,-0.014768448675108377
2024-03-08,MLM,0.014768448675108377
2024-03-08,MMC,0.014768448675108377
2024-03-08,MMM,-0.014768448675108377
2024-03-08,MNST,-0.014768448675108377
2024-03-08,MO,-0.014768448675108377
2024-03-08,MOH,0.014768448675108377
2024-03-08,MOS,-0.014768448675108377
2024-03-08,MRNA,-0.014768448675108377
2024-03-08,MSFT,0.014768448675108377
2024-03-08,MTD,-0.014768448675108377
2024-03-08,MU,0.014768448675108377
2024-03-08,NEE,-0.014768448675108377
2024-03-08,NEM,-0.014768448675108377
2024-03-08,NFLX,0.014768448675108377
2024-03-08,NI,-0.014768448675108377
2024-03-08,NKE,-0.014768448675108377
2024-03-08,NOW,0.014768448675108377
2024-03-08,NRG,0.014768448675108377
2024-03-08,NTAP,0.014768448675108377
2024-03-08,NTRS,-0.014768448675108377
2024-03-08,NVDA,0.014768448675108377
2024-03-08,NVR,0.014768448675108377
2024-03-08,NWS,0.014768448675108377
2024-03-08,NWSA,0.014768448675108377
2024-03-08,O,-0.014768448675108377
2024-03-08,ORLY,0.014768448675108377
2024-03-08,PARA,-0.014768448675108377
2024-03-08,PAYC,-0.014768448675108377
2024-03-08,PCAR,0.014768448675108377
2024-03-08,PEAK,-0.014768448675108377
2024-03-08,PFE,-0.014768448675108377
2024-03-08,PH,0.014768448675108377
2024-03-08,PHM,0.014768448675108377
2024-03-08,PM,-0.014768448675108377
2024-03-08,PNR,0.014768448675108377
2024-03-08,PNW,-0.014768448675108377
2024-03-08,PSX,0.014768448675108377
2024-03-08,PTC,0.014768448675108377
2024-03-08,PYPL,-0.014768448675108377
2024-03-08,RCL,0.014768448675108377
2024-03-08,RF,-0.014768448675108377
2024-03-08,RL,0.014768448675108377
2024-03-08,RMD,-0.014768448675108377
2024-03-08,ROP,0.014768448675108377
2024-03-08,ROST,0.014768448675108377
2024-03-08,RSG,0.014768448675108377
2024-03-08,SBAC,-0.014768448675108377
2024-03-08,SHW,0.014768448675108377
2024-03-08,SJM,-0.014768448675108377
2024-03-08,SNPS,0.014768448675108377
2024-03-08,SPGI,0.014768448675108377
2024-03-08,SRE,-0.014768448675108377
2024-03-08,STT,-0.014768448675108377
2024-03-08,T,-0.014768448675108377
2024-03-08,TDG,0.014768448675108377
2024-03-08,TFC,-0.014768448675108377
2024-03-08,TJX,0.014768448675108377
2024-03-08,TT,0.014768448675108377
2024-03-08,TTWO,0.014768448675108377
2024-03-08,TXN,-0.014768448675108377
2024-03-08,TYL,0.014768448675108377
2024-03-08,UAL,-0.014768448675108377
2024-03-08,UDR,-0.014768448675108377
2024-03-08,UPS,-0.014768448675108377
2024-03-08,V,0.014768448675108377
2024-03-08,VFC,-0.014768448675108377
2024-03-08,VICI,-0.014768448675108377
2024-03-08,VMC,0.014768448675108377
2024-03-08,VRSK,0.014768448675108377
2024-03-08,VRTX,0.014768448675108377
2024-03-08,WAB,0.014768448675108377
2024-03-08,WBA,-0.014768448675108377
2024-03-08,WBD,-0.014768448675108377
2024-03-08,WEC,-0.014768448675108377
2024-03-08,WHR,-0.014768448675108377
2024-03-08,WM,0.014768448675108377
2024-03-08,WMT,0.014768448675108377
2024-03-08,XEL,-0.014768448675108377
2024-03-08,XRAY,-0.014768448675108377
2024-03-08,ZBRA,-0.014768448675108377
2024-03-15,ACN,0.016593942220753916
2024-03-15,ADBE,0.016593942220753916
2024-03-15,ADM,-0.016593942220753916
2024-03-15,AEE,-0.016593942220753916
2024-03-15,AEP,-0.016593942220753916
2024-03-15,AES,-0.016593942220753916
2024-03-15,AIG,0.016593942220753916
2024-03-15,AIZ,0.016593942220753916
2024-03-15,AJG,0.016593942220753916
2024-03-15,AKAM,0.016593942220753916
2024-03-15,ALB,-0.016593942220753916
2024-03-15,ALL,0.016593942220753916
2024-03-15,AMAT,0.016593942220753916
2024-03-15,AMCR,-0.016593942220753916
2024-03-15,AMD,0.016593942220753916
2024-03-15,AME,0.016593942220753916
2024-03-15,AMP,0.016593942220753916
2024-03-15,AMZN,0.016593942220753916
2024-03-15,APD,-0.016593942220753916
2024-03-15,APH,0.016593942220753916
2024-03-15,APTV,-0.016593942220753916
2024-03-15,AVGO,0.016593942220753916
2024-03-15,AWK,-0.016593942220753916
2024-03-15,BFB,-0.016593942220753916
2024-03-15,BIIB,-0.016593942220753916
2024-03-15,BIO,-0.016593942220753916
2024-03-15,BKNG,0.016593942220753916
2024-03-15,BMY,-0.016593942220753916
2024-03-15,BR,0.016593942220753916
2024-03-15,BRKB,0.016593942220753916
2024-03-15,BRO,0.016593942220753916
2024-03-15,BSX,0.016593942220753916
2024-03-15,BWA,-0.016593942220753916
2024-03-15,CAG,-0.016593942220753916
2024-03-15,CAH,0.016593942220753916
2024-03-15,CB,0.016593942220753916
2024-03-15,CBOE,0.016593942220753916
2024-03-15,CCI,-0.016593942220753916
2024-03-15,CDNS,0.016593942220753916
2024-03-15,CEG,0.016593942220753916
2024-03-15,CHRW,-0.016593942220753916
2024-03-15,CHTR,-0.016593942220753916
2024-03-15,CMG,0.016593942220753916
2024-03-15,CMS,-0.016593942220753916
2024-03-15,COST,0.016593942220753916
2024-03-15,CPB,-0.016593942220753916
2024-03-15,CPRT,-0.016593942220753916
2024-03-15,CPT,-0.016593942220753916
2024-03-15,CRM,0.016593942220753916
2024-03-15,CTAS,0.016593942220753916
2024-03-15,CTLT,-0.016593942220753916
2024-03-15,CTSH,0.016593942220753916
2024-03-15,D,-0.016593942220753916
2024-03-15,DG,-0.016593942220753916
2024-03-15,DGX,-0.016593942220753916
2024-03-15,DHI,0.016593942220753916
2024-03-15,ECL,0.016593942220753916
2024-03-15,ED,-0.016593942220753916
2024-03-15,EL,-0.016593942220753916
2024-03-15,ENPH,-0.016593942220753916
2024-03-15,ES,-0.016593942220753916
2024-03-15,ETN,0.016593942220753916
2024-03-15,ETSY,-0.016593942220753916
2024-03-15,EVRG,-0.016593942220753916
2024-03-15,EXC,-0.016593942220753916
2024-03-15,EXR,-0.016593942220753916
2024-03-15,FAST,0.016593942220753916
2024-03-15,FE,-0.016593942220753916
2024-03-15,FLT,0.016593942220753916
2024-03-15,FMC,-0.016593942220753916
2024-03-15,FOX,-0.016593942220753916
2024-03-15,FOXA,-0.016593942220753916
2024-03-15,FSLR,-0.016593942220753916
2024-03-15,GE,0.016593942220753916
2024-03-15,GILD,-0.016593942220753916
2024-03-15,GIS,-0.016593942220753916
2024-03-15,GPC,-0.016593942220753916
2024-03-15,GWW,0.016593942220753916
2024-03-15,HIG,0.016593942220753916
2024-03-15,HII,0.016593942220753916
2024-03-15,HLT,0.016593942220753916
2024-03-15,HOLX,-0.016593942220753916
2024-03-15,HRL,-0.016593942220753916
2024-03-15,HSY,-0.016593942220753916
2024-03-15,HUM,-0.016593942220753916
2024-03-15,HWM,0.016593942220753916
2024-03-15,IBM,0.016593942220753916
2024-03-15,ICE,0.016593942220753916
2024-03-15,ILMN,-0.016593942220753916
2024-03-15,INCY,-0.016593942220753916
2024-03-15,INTU,0.016593942220753916
2024-03-15,IR,0.016593942220753916
2024-03-15,IRM,0.016593942220753916
2024-03-15,ISRG,0.016593942220753916
2024-03-15,IT,0.016593942220753916
2024-03-15,JPM,0.016593942220753916
2024-03-15,K,-0.016593942220753916
2024-03-15,KDP,-0.016593942220753916
2024-03-15,KHC,-0.016593942220753916
2024-03-15,KLAC,0.016593942220753916
2024-03-15,KMB,-0.016593942220753916
2024-03-15,L,0.016593942220753916
2024-03-15,LEN,0.016593942220753916
2024-03-15,LIN,0.016593942220753916
2024-03-15,LKQ,-0.016593942220753916
2024-03-15,LLY,0.016593942220753916
2024-03-15,LMT,-0.016593942220753916
2024-03-15,LNT,-0.016593942220753916
2024-03-15,LRCX,0.016593942220753916
2024-03-15,MA,0.016593942220753916
2024-03-15,MAA,-0.016593942220753916
2024-03-15,MAR,0.016593942220753916
2024-03-15,MAS,0.016593942220753916
2024-03-15,MCK,0.016593942220753916
2024-03-15,META,0.016593942220753916
2024-03-15,MKC,-0.016593942220753916
2024-03-15,MKTX,-0.016593942220753916
2024-03-15,MLM,0.016593942220753916
2024-03-15,MMC,0.016593942220753916
2024-03-15,MMM,-0.016593942220753916
2024-03-15,MNST,-0.016593942220753916
2024-03-15,MO,-0.016593942220753916
2024-03-15,MOH,0.016593942220753916
2024-03-15,MOS,-0.016593942220753916
2024-03-15,MRNA,-0.016593942220753916
2024-03-15,MSFT,0.016593942220753916
2024-03-15,MTD,-0.016593942220753916
2024-03-15,NEE,-0.016593942220753916
2024-03-15,NEM,-0.016593942220753916
2024-03-15,NFLX,0.016593942220753916
2024-03-15,NI,-0.016593942220753916
2024-03-15,NKE,-0.016593942220753916
2024-03-15,NOW,0.016593942220753916
2024-03-15,NRG,0.016593942220753916
2024-03-15,NTAP,0.016593942220753916
2024-03-15,NVDA,0.016593942220753916
2024-03-15,NVR,0.016593942220753916
2024-03-15,NWS,0.016593942220753916
2024-03-15,NWSA,0.016593942220753916
2024-03-15,O,-0.016593942220753916
2024-03-15,ORLY,0.016593942220753916
2024-03-15,PARA,-0.016593942220753916
2024-03-15,PAYC,-0.016593942220753916
2024-03-15,PCAR,0.016593942220753916
2024-03-15,PEP,-0.016593942220753916
2024-03-15,PFE,-0.016593942220753916
2024-03-15,PH,0.016593942220753916
2024-03-15,PHM,0.016593942220753916
2024-03-15,PM,-0.016593942220753916
2024-03-15,PNR,0.016593942220753916
2024-03-15,PNW,-0.016593942220753916
2024-03-15,PODD,-0.016593942220753916
2024-03-15,PSX,0.016593942220753916
2024-03-15,PTC,0.016593942220753916
2024-03-15,PYPL,-0.016593942220753916
2024-03-15,RCL,0.016593942220753916
2024-03-15,RL,0.016593942220753916
2024-03-15,RMD,-0.016593942220753916
2024-03-15,ROP,0.016593942220753916
2024-03-15,ROST,0.016593942220753916
2024-03-15,RSG,0.016593942220753916
2024-03-15,SBAC,-0.016593942220753916
2024-03-15,SBUX,-0.016593942220753916
2024-03-15,SHW,0.016593942220753916
2024-03-15,SJM,-0.016593942220753916
2024-03-15,SNPS,0.016593942220753916
2024-03-15,SRE,-0.016593942220753916
2024-03-15,SWKS,-0.016593942220753916
2024-03-15,T,-0.016593942220753916
2024-03-15,TDG,0.016593942220753916
2024-03-15,TGT,-0.016593942220753916
2024-03-15,TJX,0.016593942220753916
2024-03-15,TRV,0.016593942220753916
2024-03-15,TSN,-0.016593942220753916
2024-03-15,TT,0.016593942220753916
2024-03-15,TXN,-0.016593942220753916
2024-03-15,UDR,-0.016593942220753916
2024-03-15,UPS,-0.016593942220753916
2024-03-15,V,0.016593942220753916
2024-03-15,VFC,-0.016593942220753916
2024-03-15,VICI,-0.016593942220753916
2024-03-15,VMC,0.016593942220753916
2024-03-15,VRSK,0.016593942220753916
2024-03-15,VRTX,0.016593942220753916
2024-03-15,WAB,0.016593942220753916
2024-03-15,WBA,-0.016593942220753916
2024-03-15,WBD,-0.016593942220753916
2024-03-15,WEC,-0.016593942220753916
2024-03-15,WHR,-0.016593942220753916
2024-03-15,WM,0.016593942220753916
2024-03-15,WMT,0.016593942220753916
2024-03-15,WRK,0.016593942220753916
2024-03-15,XEL,-0.016593942220753916
2024-03-15,XRAY,-0.016593942220753916
2024-03-22,ACN,0.01668353034863692
2024-03-22,ADM,-0.01668353034863692
2024-03-22,AEE,-0.01668353034863692
2024-03-22,AEP,-0.01668353034863692
2024-03-22,AES,-0.01668353034863692
2024-03-22,AIG,0.01668353034863692
2024-03-22,AIZ,0.01668353034863692
2024-03-22,AJG,0.01668353034863692
2024-03-22,ALB,-0.01668353034863692
2024-03-22,ALL,0.01668353034863692
2024-03-22,AMAT,0.01668353034863692
2024-03-22,AMCR,-0.01668353034863692
2024-03-22,AMD,0.01668353034863692
2024-03-22,AMZN,0.01668353034863692
2024-03-22,APA,-0.01668353034863692
2024-03-22,APD,-0.01668353034863692
2024-03-22,APH,0.01668353034863692
2024-03-22,APTV,-0.01668353034863692
2024-03-22,AVGO,0.01668353034863692
2024-03-22,AWK,-0.01668353034863692
2024-03-22,BFB,-0.01668353034863692
2024-03-22,BIIB,-0.01668353034863692
2024-03-22,BIO,-0.01668353034863692
2024-03-22,BKNG,0.01668353034863692
2024-03-22,BMY,-0.01668353034863692
2024-03-22,BR,0.01668353034863692
2024-03-22,BRKB,0.01668353034863692
2024-03-22,BRO,0.01668353034863692
2024-03-22,BSX,0.01668353034863692
2024-03-22,BWA,-0.01668353034863692
2024-03-22,CAG,-0.01668353034863692
2024-03-22,CAH,0.01668353034863692
2024-03-22,CB,0.01668353034863692
2024-03-22,CBOE,0.01668353034863692
2024-03-22,CCI,-0.01668353034863692
2024-03-22,CDNS,0.01668353034863692
2024-03-22,CEG,0.01668353034863692
2024-03-22,CHRW,-0.01668353034863692
2024-03-22,CHTR,-0.01668353034863692
2024-03-22,CMG,0.01668353034863692
2024-03-22,COO,-0.01668353034863692
2024-03-22,COST,0.01668353034863692
2024-03-22,CPB,-0.01668353034863692
2024-03-22,CPRT,-0.01668353034863692
2024-03-22,CPT,-0.01668353034863692
2024-03-22,CRM,0.01668353034863692
2024-03-22,CSX,0.01668353034863692
2024-03-22,CTAS,0.01668353034863692
2024-03-22,CTSH,0.01668353034863692
2024-03-22,D,-0.01668353034863692
2024-03-22,DE,-0.01668353034863692
2024-03-22,DG,-0.01668353034863692
2024-03-22,DGX,-0.01668353034863692
2024-03-22,DVN,-0.01668353034863692
2024-03-22,ECL,0.01668353034863692
2024-03-22,ED,-0.01668353034863692
2024-03-22,EL,-0.01668353034863692
2024-03-22,ENPH,-0.01668353034863692
2024-03-22,ES,-0.01668353034863692
2024-03-22,ETN,0.01668353034863692
2024-03-22,ETSY,-0.01668353034863692
2024-03-22,EVRG,-0.01668353034863692
2024-03-22,EXC,-0.01668353034863692
2024-03-22,EXR,-0.01668353034863692
2024-03-22,FAST,0.01668353034863692
2024-03-22,FICO,0.01668353034863692
2024-03-22,FMC,-0.01668353034863692
2024-03-22,FOX,-0.01668353034863692
2024-03-22,FOXA,-0.01668353034863692
2024-03-22,FSLR,-0.01668353034863692
2024-03-22,GE,0.01668353034863692
2024-03-22,GILD,-0.01668353034863692
2024-03-22,GIS,-0.01668353034863692
2024-03-22,GPC,-0.01668353034863692
2024-03-22,GRMN,0.01668353034863692
2024-03-22,GWW,0.01668353034863692
2024-03-22,HIG,0.01668353034863692
2024-03-22,HII,0.01668353034863692
2024-03-22,HLT,0.01668353034863692
2024-03-22,HOLX,-0.01668353034863692
2024-03-22,HRL,-0.01668353034863692
2024-03-22,HSY,-0.01668353034863692
2024-03-22,HUM,-0.01668353034863692
2024-03-22,HWM,0.01668353034863692
2024-03-22,IBM,0.01668353034863692
2024-03-22,ICE,0.01668353034863692
2024-03-22,ILMN,-0.01668353034863692
2024-03-22,INCY,-0.01668353034863692
2024-03-22,INTU,0.01668353034863692
2024-03-22,IPG,-0.01668353034863692
2024-03-22,IR,0.01668353034863692
2024-03-22,IRM,0.01668353034863692
2024-03-22,ISRG,0.01668353034863692
2024-03-22,JPM,0.01668353034863692
2024-03-22,K,-0.01668353034863692
2024-03-22,KDP,-0.01668353034863692
2024-03-22,KEYS,-0.01668353034863692
2024-03-22,KHC,-0.01668353034863692
2024-03-22,KLAC,0.01668353034863692
2024-03-22,KMB,-0.01668353034863692
2024-03-22,L,0.01668353034863692
2024-03-22,LEN,0.01668353034863692
2024-03-22,LIN,0.01668353034863692
2024-03-22,LKQ,-0.01668353034863692
2024-03-22,LLY,0.01668353034863692
2024-03-22,LMT,-0.01668353034863692
2024-03-22,LRCX,0.01668353034863692
2024-03-22,MA,0.01668353034863692
2024-03-22,MAA,-0.01668353034863692
2024-03-22,MAR,0.01668353034863692
2024-03-22,MAS,0.01668353034863692
2024-03-22,MCK,0.01668353034863692
2024-03-22,META,0.01668353034863692
2024-03-22,MKC,-0.01668353034863692
2024-03-22,MKTX,-0.01668353034863692
2024-03-22,MLM,0.01668353034863692
2024-03-22,MMC,0.01668353034863692
2024-03-22,MMM,-0.01668353034863692
2024-03-22,MNST,-0.01668353034863692
2024-03-22,MO,-0.01668353034863692
2024-03-22,MOH,0.01668353034863692
2024-03-22,MOS,-0.01668353034863692
2024-03-22,MRNA,-0.01668353034863692
2024-03-22,MSFT,0.01668353034863692
2024-03-22,MTCH,-0.01668353034863692
2024-03-22,MTD,-0.01668353034863692
2024-03-22,NEE,-0.01668353034863692
2024-03-22,NEM,-0.01668353034863692
2024-03-22,NFLX,0.01668353034863692
2024-03-22,NKE,-0.01668353034863692
2024-03-22,NOW,0.01668353034863692
2024-03-22,NRG,0.01668353034863692
2024-03-22,NTRS,-0.01668353034863692
2024-03-22,NVDA,0.01668353034863692
2024-03-22,NVR,0.01668353034863692
2024-03-22,NWS,0.01668353034863692
2024-03-22,NWSA,0.01668353034863692
2024-03-22,O,-0.01668353034863692
2024-03-22,ORLY,0.01668353034863692
2024-03-22,PARA,-0.01668353034863692
2024-03-22,PAYC,-0.01668353034863692
2024-03-22,PCAR,0.01668353034863692
2024-03-22,PEP,-0.01668353034863692
2024-03-22,PFE,-0.01668353034863692
2024-03-22,PH,0.01668353034863692
2024-03-22,PHM,0.01668353034863692
2024-03-22,PNR,0.01668353034863692
2024-03-22,PNW,-0.01668353034863692
2024-03-22,PODD,-0.01668353034863692
2024-03-22,PSX,0.01668353034863692
2024-03-22,PTC,0.01668353034863692
2024-03-22,PYPL,-0.01668353034863692
2024-03-22,RCL,0.01668353034863692
2024-03-22,RL,0.01668353034863692
2024-03-22,RMD,-0.01668353034863692
2024-03-22,ROP,0.01668353034863692
2024-03-22,ROST,0.01668353034863692
2024-03-22,RSG,0.01668353034863692
2024-03-22,RTX,-0.01668353034863692
2024-03-22,SBAC,-0.01668353034863692
2024-03-22,SHW,0.01668353034863692
2024-03-22,SJM,-0.01668353034863692
2024-03-22,SNPS,0.01668353034863692
2024-03-22,SPG,0.01668353034863692
2024-03-22,SRE,-0.01668353034863692
2024-03-22,SWKS,-0.01668353034863692
2024-03-22,T,-0.01668353034863692
2024-03-22,TDG,0.01668353034863692
2024-03-22,TJX,0.01668353034863692
2024-03-22,TRGP,0.01668353034863692
2024-03-22,TRV,0.01668353034863692
2024-03-22,TSN,-0.01668353034863692
2024-03-22,TT,0.01668353034863692
2024-03-22,TXN,-0.01668353034863692
2024-03-22,UDR,-0.01668353034863692
2024-03-22,UPS,-0.01668353034863692
2024-03-22,URI,0.01668353034863692
2024-03-22,V,0.01668353034863692
2024-03-22,VFC,-0.01668353034863692
2024-03-22,VMC,0.01668353034863692
2024-03-22,VRSK,0.01668353034863692
2024-03-22,VRSN,-0.01668353034863692
2024-03-22,VRTX,0.01668353034863692
2024-03-22,WAB,0.01668353034863692
2024-03-22,WBA,-0.01668353034863692
2024-03-22,WBD,-0.01668353034863692
2024-03-22,WEC,-0.01668353034863692
2024-03-22,WELL,0.01668353034863692
2024-03-22,WM,0.01668353034863692
2024-03-22,WMT,0.01668353034863692
2024-03-22,WRB,0.01668353034863692
2024-03-22,WRK,0.01668353034863692
2024-03-22,XEL,-0.01668353034863692
2024-03-22,XRAY,-0.01668353034863692
2024-03-29,ACN,0.015903849520132858
2024-03-29,ADM,-0.015903849520132858
2024-03-29,AEE,-0.015903849520132858
2024-03-29,AES,-0.015903849520132858
2024-03-29,AIG,0.015903849520132858
2024-03-29,AIZ,0.015903849520132858
2024-03-29,AJG,0.015903849520132858
2024-03-29,AKAM,0.015903849520132858
2024-03-29,ALB,-0.015903849520132858
2024-03-29,ALL,0.015903849520132858
2024-03-29,AMAT,0.015903849520132858
2024-03-29,AMCR,-0.015903849520132858
2024-03-29,AMD,0.015903849520132858
2024-03-29,AMZN,0.015903849520132858
2024-03-29,ANET,0.015903849520132858
2024-03-29,APA,-0.015903849520132858
2024-03-29,APD,-0.015903849520132858
2024-03-29,APH,0.015903849520132858
2024-03-29,APTV,-0.015903849520132858
2024-03-29,AVGO,0.015903849520132858
2024-03-29,AWK,-0.015903849520132858
2024-03-29,BIIB,-0.015903849520132858
2024-03-29,BIO,-0.015903849520132858
2024-03-29,BMY,-0.015903849520132858
2024-03-29,BR,0.015903849520132858
2024-03-29,BRKB,0.015903849520132858
2024-03-29,BRO,0.015903849520132858
2024-03-29,BSX,0.015903849520132858
2024-03-29,BWA,-0.015903849520132858
2024-03-29,CAG,-0.015903849520132858
2024-03-29,CAH,0.015903849520132858
2024-03-29,CB,0.015903849520132858
2024-03-29,CBOE,0.015903849520132858
2024-03-29,CCI,-0.015903849520132858
2024-03-29,CDNS,0.015903849520132858
2024-03-29,CEG,0.015903849520132858
2024-03-29,CHRW,-0.015903849520132858
2024-03-29,CHTR,-0.015903849520132858
2024-03-29,CMG,0.015903849520132858
2024-03-29,COO,-0.015903849520132858
2024-03-29,COST,0.015903849520132858
2024-03-29,CPB,-0.015903849520132858
2024-03-29,CPRT,-0.015903849520132858
2024-03-29,CPT,-0.015903849520132858
2024-03-29,CRM,0.015903849520132858
2024-03-29,CSCO,-0.015903849520132858
2024-03-29,CTAS,0.015903849520132858
2024-03-29,CTSH,0.015903849520132858
2024-03-29,CTVA,-0.015903849520132858
2024-03-29,D,-0.015903849520132858
2024-03-29,DE,-0.015903849520132858
2024-03-29,DG,-0.015903849520132858
2024-03-29,DGX,-0.015903849520132858
2024-03-29,DHI,0.015903849520132858
2024-03-29,DLR,0.015903849520132858
2024-03-29,DVN,-0.015903849520132858
2024-03-29,ECL,0.015903849520132858
2024-03-29,ED,-0.015903849520132858
2024-03-29,EL,-0.015903849520132858
2024-03-29,ENPH,-0.015903849520132858
2024-03-29,ES,-0.015903849520132858
2024-03-29,ETN,0.015903849520132858
2024-03-29,ETSY,-0.015903849520132858
2024-03-29,EVRG,-0.015903849520132858
2024-03-29,EXC,-0.015903849520132858
2024-03-29,EXR,-0.015903849520132858
2024-03-29,FAST,0.015903849520132858
2024-03-29,FE,-0.015903849520132858
2024-03-29,FICO,0.015903849520132858
2024-03-29,FMC,-0.015903849520132858
2024-03-29,FOX,-0.015903849520132858
2024-03-29,FOXA,-0.015903849520132858
2024-03-29,FSLR,-0.015903849520132858
2024-03-29,GE,0.015903849520132858
2024-03-29,GILD,-0.015903849520132858
2024-03-29,GIS,-0.015903849520132858
2024-03-29,GLW,-0.015903849520132858
2024-03-29,GPC,-0.015903849520132858
2024-03-29,GRMN,0.015903849520132858
2024-03-29,GWW,0.015903849520132858
2024-03-29,HD,0.015903849520132858
2024-03-29,HIG,0.015903849520132858
2024-03-29,HII,0.015903849520132858
2024-03-29,HLT,0.015903849520132858
2024-03-29,HOLX,-0.015903849520132858
2024-03-29,HRL,-0.015903849520132858
2024-03-29,HSY,-0.015903849520132858
2024-03-29,HUM,-0.015903849520132858
2024-03-29,HWM,0.015903849520132858
2024-03-29,IBM,0.015903849520132858
2024-03-29,ICE,0.015903849520132858
2024-03-29,IFF,-0.015903849520132858
2024-03-29,ILMN,-0.015903849520132858
2024-03-29,INCY,-0.015903849520132858
2024-03-29,INTU,0.015903849520132858
2024-03-29,IPG,-0.015903849520132858
2024-03-29,IR,0.015903849520132858
2024-03-29,IRM,0.015903849520132858
2024-03-29,ISRG,0.015903849520132858
2024-03-29,JPM,0.015903849520132858
2024-03-29,K,-0.015903849520132858
2024-03-29,KDP,-0.015903849520132858
2024-03-29,KHC,-0.015903849520132858
2024-03-29,KLAC,0.015903849520132858
2024-03-29,KMB,-0.015903849520132858
2024-03-29,L,0.015903849520132858
2024-03-29,LDOS,0.015903849520132858
2024-03-29,LEN,0.015903849520132858
2024-03-29,LIN,0.015903849520132858
2024-03-29,LLY,0.015903849520132858
2024-03-29,LMT,-0.015903849520132858
2024-03-29,LNT,-0.015903849520132858
2024-03-29,LRCX,0.015903849520132858
2024-03-29,MA,0.015903849520132858
2024-03-29,MAA,-0.015903849520132858
2024-03-29,MAR,0.015903849520132858
2024-03-29,MAS,0.015903849520132858
2024-03-29,MCK,0.015903849520132858
2024-03-29,META,0.015903849520132858
2024-03-29,MKC,-0.015903849520132858
2024-03-29,MKTX,-0.015903849520132858
2024-03-29,MLM,0.015903849520132858
2024-03-29,MMC,0.015903849520132858
2024-03-29,MMM,-0.015903849520132858
2024-03-29,MO,-0.015903849520132858
2024-03-29,MOH,0.015903849520132858
2024-03-29,MOS,-0.015903849520132858
2024-03-29,MRNA,-0.015903849520132858
2024-03-29,MSFT,0.015903849520132858
2024-03-29,MTD,-0.015903849520132858
2024-03-29,NEE,-0.015903849520132858
2024-03-29,NEM,-0.015903849520132858
2024-03-29,NFLX,0.015903849520132858
2024-03-29,NKE,-0.015903849520132858
2024-03-29,NOW,0.015903849520132858
2024-03-29,NRG,0.015903849520132858
2024-03-29,NTAP,0.015903849520132858
2024-03-29,NVDA,0.015903849520132858
2024-03-29,NVR,0.015903849520132858
2024-03-29,NWS,0.015903849520132858
2024-03-29,NWSA,0.015903849520132858
2024-03-29,O,-0.015903849520132858
2024-03-29,ORLY,0.015903849520132858
2024-03-29,PARA,-0.015903849520132858
2024-03-29,PAYC,-0.015903849520132858
2024-03-29,PCAR,0.015903849520132858
2024-03-29,PEP,-0.015903849520132858
2024-03-29,PFE,-0.015903849520132858
2024-03-29,PH,0.015903849520132858
2024-03-29,PHM,0.015903849520132858
2024-03-29,PM,-0.015903849520132858
2024-03-29,PNR,0.015903849520132858
2024-03-29,PNW,-0.015903849520132858
2024-03-29,PODD,-0.015903849520132858
2024-03-29,PTC,0.015903849520132858
2024-03-29,PYPL,-0.015903849520132858
2024-03-29,RCL,0.015903849520132858
2024-03-29,RL,0.015903849520132858
2024-03-29,RMD,-0.015903849520132858
2024-03-29,ROP,0.015903849520132858
2024-03-29,ROST,0.015903849520132858
2024-03-29,RSG,0.015903849520132858
2024-03-29,SBAC,-0.015903849520132858
2024-03-29,SHW,0.015903849520132858
2024-03-29,SJM,-0.015903849520132858
2024-03-29,SNPS,0.015903849520132858
2024-03-29,SRE,-0.015903849520132858
2024-03-29,SWKS,-0.015903849520132858
2024-03-29,T,-0.015903849520132858
2024-03-29,TDG,0.015903849520132858
2024-03-29,TFX,-0.015903849520132858
2024-03-29,TJX,0.015903849520132858
2024-03-29,TRV,0.015903849520132858
2024-03-29,TT,0.015903849520132858
2024-03-29,TXN,-0.015903849520132858
2024-03-29,UDR,-0.015903849520132858
2024-03-29,UPS,-0.015903849520132858
2024-03-29,URI,0.015903849520132858
2024-03-29,V,0.015903849520132858
2024-03-29,VFC,-0.015903849520132858
2024-03-29,VMC,0.015903849520132858
2024-03-29,VRSK,0.015903849520132858
2024-03-29,VRSN,-0.015903849520132858
2024-03-29,VRTX,0.015903849520132858
2024-03-29,WAB,0.015903849520132858
2024-03-29,WBA,-0.015903849520132858
2024-03-29,WBD,-0.015903849520132858
2024-03-29,WEC,-0.015903849520132858
2024-03-29,WM,0.015903849520132858
2024-03-29,WMT,-0.01590384952013286
2024-03-29,WRB,0.015903849520132858
2024-03-29,WRK,0.015903849520132858
2024-03-29,XEL,-0.015903849520132858
2024-03-29,XRAY,-0.015903849520132858
2024-04-05,ACN,0.017401686686405855
2024-04-05,ADM,-0.017401686686405855
2024-04-05,AEE,-0.017401686686405855
2024-04-05,AEP,-0.017401686686405855
2024-04-05,AES,-0.017401686686405855
2024-04-05,AIG,0.017401686686405855
2024-04-05,AIZ,0.017401686686405855
2024-04-05,AJG,0.017401686686405855
2024-04-05,ALB,-0.017401686686405855
2024-04-05,AMAT,0.017401686686405855
2024-04-05,AMCR,-0.017401686686405855
2024-04-05,AMD,0.017401686686405855
2024-04-05,AME,0.017401686686405855
2024-04-05,AMP,0.017401686686405855
2024-04-05,AMZN,0.017401686686405855
2024-04-05,ANET,0.017401686686405855
2024-04-05,APA,-0.017401686686405855
2024-04-05,APD,-0.017401686686405855
2024-04-05,APH,0.017401686686405855
2024-04-05,APTV,-0.017401686686405855
2024-04-05,AVGO,0.017401686686405855
2024-04-05,AWK,-0.017401686686405855
2024-04-05,AXP,0.017401686686405855
2024-04-05,BDX,-0.017401686686405855
2024-04-05,BFB,-0.017401686686405855
2024-04-05,BIIB,-0.017401686686405855
2024-04-05,BIO,-0.017401686686405855
2024-04-05,BMY,-0.017401686686405855
2024-04-05,BR,0.017401686686405855
2024-04-05,BRKB,0.017401686686405855
2024-04-05,BRO,0.017401686686405855
2024-04-05,BSX,0.017401686686405855
2024-04-05,BWA,-0.017401686686405855
2024-04-05,CAG,-0.017401686686405855
2024-04-05,CAH,0.017401686686405855
2024-04-05,CAT,0.017401686686405855
2024-04-05,CBOE,0.017401686686405855
2024-04-05,CCI,-0.017401686686405855
2024-04-05,CDNS,0.017401686686405855
2024-04-05,CEG,0.017401686686405855
2024-04-05,CHRW,-0.017401686686405855
2024-04-05,CHTR,-0.017401686686405855
2024-04-05,CMG,0.017401686686405855
2024-04-05,CNP,-0.017401686686405855
2024-04-05,COO,-0.017401686686405855
2024-04-05,COST,0.017401686686405855
2024-04-05,CPB,-0.017401686686405855
2024-04-05,CPRT,-0.017401686686405855
2024-04-05,CRM,0.017401686686405855
2024-04-05,CTAS,0.017401686686405855
2024-04-05,CVX,-0.017401686686405855
2024-04-05,D,-0.017401686686405855
2024-04-05,DG,-0.017401686686405855
2024-04-05,DGX,-0.017401686686405855
2024-04-05,DHI,0.017401686686405855
2024-04-05,DLR,0.017401686686405855
2024-04-05,DVA,0.017401686686405855
2024-04-05,DVN,-0.017401686686405855
2024-04-05,ECL,0.017401686686405855
2024-04-05,ED,-0.017401686686405855
2024-04-05,EL,-0.017401686686405855
2024-04-05,ENPH,-0.017401686686405855
2024-04-05,ES,-0.017401686686405855
2024-04-05,ETN,0.017401686686405855
2024-04-05,ETR,-0.017401686686405855
2024-04-05,ETSY,-0.017401686686405855
2024-04-05,EVRG,-0.017401686686405855
2024-04-05,EXC,-0.017401686686405855
2024-04-05,FAST,0.017401686686405855
2024-04-05,FE,-0.017401686686405855
2024-04-05,FICO,0.017401686686405855
2024-04-05,FMC,-0.017401686686405855
2024-04-05,FOX,-0.017401686686405855
2024-04-05,FOXA,-0.017401686686405855
2024-04-05,FSLR,-0.017401686686405855
2024-04-05,GE,0.017401686686405855
2024-04-05,GILD,-0.017401686686405855
2024-04-05,GIS,-0.017401686686405855
2024-04-05,GRMN,0.017401686686405855
2024-04-05,GWW,0.017401686686405855
2024-04-05,HIG,0.017401686686405855
2024-04-05,HII,0.017401686686405855
2024-04-05,HLT,0.017401686686405855
2024-04-05,HOLX,-0.017401686686405855
2024-04-05,HRL,-0.017401686686405855
2024-04-05,HSIC,-0.017401686686405855
2024-04-05,HSY,-0.017401686686405855
2024-04-05,HUM,-0.017401686686405855
2024-04-05,HWM,0.017401686686405855
2024-04-05,IBM,0.017401686686405855
2024-04-05,IFF,-0.017401686686405855
2024-04-05,ILMN,-0.017401686686405855
2024-04-05,INCY,-0.017401686686405855
2024-04-05,INTU,0.017401686686405855
2024-04-05,IPG,-0.017401686686405855
2024-04-05,IR,0.017401686686405855
2024-04-05,IRM,0.017401686686405855
2024-04-05,ISRG,0.017401686686405855
2024-04-05,IT,0.017401686686405855
2024-04-05,J,0.017401686686405855
2024-04-05,JPM,0.017401686686405855
2024-04-05,K,-0.017401686686405855
2024-04-05,KDP,-0.017401686686405855
2024-04-05,KHC,-0.017401686686405855
2024-04-05,KLAC,0.017401686686405855
2024-04-05,KMB,-0.017401686686405855
2024-04-05,KO,-0.017401686686405855
2024-04-05,L,0.017401686686405855
2024-04-05,LDOS,0.017401686686405855
2024-04-05,LEN,0.017401686686405855
2024-04-05,LIN,0.017401686686405855
2024-04-05,LLY,0.017401686686405855
2024-04-05,LMT,-0.017401686686405855
2024-04-05,LNT,-0.017401686686405855
2024-04-05,LRCX,0.017401686686405855
2024-04-05,MA,0.017401686686405855
2024-04-05,MAA,-0.017401686686405855
2024-04-05,MAR,0.017401686686405855
2024-04-05,MAS,0.017401686686405855
2024-04-05,MCK,0.017401686686405855
2024-04-05,META,0.017401686686405855
2024-04-05,MKC,-0.017401686686405855
2024-04-05,MKTX,-0.017401686686405855
2024-04-05,MLM,0.017401686686405855
2024-04-05,MMC,0.017401686686405855
2024-04-05,MO,-0.017401686686405855
2024-04-05,MOS,-0.017401686686405855
2024-04-05,MRNA,-0.017401686686405855
2024-04-05,MSFT,0.017401686686405855
2024-04-05,MTD,-0.017401686686405855
2024-04-05,MU,0.017401686686405855
2024-04-05,NEE,-0.017401686686405855
2024-04-05,NEM,-0.017401686686405855
2024-04-05,NFLX,0.017401686686405855
2024-04-05,NKE,-0.017401686686405855
2024-04-05,NOW,0.017401686686405855
2024-04-05,NRG,0.017401686686405855
2024-04-05,NTAP,0.017401686686405855
2024-04-05,NVDA,0.017401686686405855
2024-04-05,NVR,0.017401686686405855
2024-04-05,NWS,0.017401686686405855
2024-04-05,NWSA,0.017401686686405855
2024-04-05,NXPI,0.017401686686405855
2024-04-05,O,-0.017401686686405855
2024-04-05,ORLY,0.017401686686405855
2024-04-05,PARA,-0.017401686686405855
2024-04-05,PAYC,-0.017401686686405855
2024-04-05,PCAR,0.017401686686405855
2024-04-05,PEP,-0.017401686686405855
2024-04-05,PFE,-0.017401686686405855
2024-04-05,PH,0.017401686686405855
2024-04-05,PHM,0.017401686686405855
2024-04-05,PM,-0.017401686686405855
2024-04-05,PNR,0.017401686686405855
2024-04-05,PNW,-0.017401686686405855
2024-04-05,PODD,-0.017401686686405855
2024-04-05,PSA,-0.017401686686405855
2024-04-05,PTC,0.017401686686405855
2024-04-05,PWR,0.017401686686405855
2024-04-05,PYPL,-0.017401686686405855
2024-04-05,RCL,0.017401686686405855
2024-04-05,RL,0.017401686686405855
2024-04-05,RMD,-0.017401686686405855
2024-04-05,ROP,0.017401686686405855
2024-04-05,ROST,0.017401686686405855
2024-04-05,RSG,0.017401686686405855
2024-04-05,SBAC,-0.017401686686405855
2024-04-05,SBUX,-0.017401686686405855
2024-04-05,SHW,0.017401686686405855
2024-04-05,SJM,-0.017401686686405855
2024-04-05,SNPS,0.017401686686405855
2024-04-05,SRE,-0.017401686686405855
2024-04-05,T,-0.017401686686405855
2024-04-05,TDG,0.017401686686405855
2024-04-05,TFX,-0.017401686686405855
2024-04-05,TRV,0.017401686686405855
2024-04-05,TT,0.017401686686405855
2024-04-05,UPS,-0.017401686686405855
2024-04-05,URI,0.017401686686405855
2024-04-05,V,0.017401686686405855
2024-04-05,VFC,-0.017401686686405855
2024-04-05,VICI,-0.017401686686405855
2024-04-05,VMC,0.017401686686405855
2024-04-05,VRSN,-0.017401686686405855
2024-04-05,WAB,0.017401686686405855
2024-04-05,WBA,-0.017401686686405855
2024-04-05,WBD,-0.017401686686405855
2024-04-05,WDC,0.017401686686405855
2024-04-05,WEC,-0.017401686686405855
2024-04-05,WFC,0.017401686686405855
2024-04-05,WM,0.017401686686405855
2024-04-05,WMT,-0.017401686686405855
2024-04-05,XEL,-0.017401686686405855
2024-04-05,XRAY,-0.017401686686405855
2024-04-12,ACN,0.019397127620296675
2024-04-12,ADM,-0.019397127620296675
2024-04-12,AEE,-0.019397127620296675
2024-04-12,AEP,-0.019397127620296675
2024-04-12,AES,-0.019397127620296675
2024-04-12,AIG,0.019397127620296675
2024-04-12,AIZ,0.019397127620296675
2024-04-12,AJG,0.019397127620296675
2024-04-12,ALB,-0.019397127620296675
2024-04-12,ALL,0.019397127620296675
2024-04-12,AMAT,0.019397127620296675
2024-04-12,AMCR,-0.019397127620296675
2024-04-12,AMD,0.019397127620296675
2024-04-12,AME,0.019397127620296675
2024-04-12,AMP,0.019397127620296675
2024-04-12,AMZN,0.019397127620296675
2024-04-12,ANET,0.019397127620296675
2024-04-12,APA,-0.019397127620296675
2024-04-12,APD,-0.019397127620296675
2024-04-12,APH,0.019397127620296675
2024-04-12,APTV,-0.019397127620296675
2024-04-12,AVGO,0.019397127620296675
2024-04-12,AWK,-0.019397127620296675
2024-04-12,BA,-0.019397127620296675
2024-04-12,BDX,-0.019397127620296675
2024-04-12,BFB,-0.019397127620296675
2024-04-12,BIIB,-0.019397127620296675
2024-04-12,BIO,-0.019397127620296675
2024-04-12,BMY,-0.019397127620296675
2024-04-12,BR,0.019397127620296675
2024-04-12,BRKB,0.019397127620296675
2024-04-12,BRO,0.019397127620296675
2024-04-12,BSX,0.019397127620296675
2024-04-12,BWA,-0.019397127620296675
2024-04-12,CAG,-0.019397127620296675
2024-04-12,CAH,0.019397127620296675
2024-04-12,CAT,0.019397127620296675
2024-04-12,CB,0.019397127620296675
2024-04-12,CBOE,0.019397127620296675
2024-04-12,CCI,-0.019397127620296675
2024-04-12,CDNS,0.019397127620296675
2024-04-12,CEG,0.019397127620296675
2024-04-12,CHRW,-0.019397127620296675
2024-04-12,CMG,0.019397127620296675
2024-04-12,CNP,-0.019397127620296675
2024-04-12,COO,-0.019397127620296675
2024-04-12,COST,0.019397127620296675
2024-04-12,CPB,-0.019397127620296675
2024-04-12,CPRT,-0.019397127620296675
2024-04-12,CRM,0.019397127620296675
2024-04-12,CTAS,0.019397127620296675
2024-04-12,CTVA,-0.019397127620296675
2024-04-12,CVX,-0.019397127620296675
2024-04-12,D,-0.019397127620296675
2024-04-12,DG,-0.019397127620296675
2024-04-12,DGX,-0.019397127620296675
2024-04-12,DHI,0.019397127620296675
2024-04-12,DLR,0.019397127620296675
2024-04-12,DLTR,-0.019397127620296675
2024-04-12,DVA,0.019397127620296675
2024-04-12,DVN,-0.019397127620296675
2024-04-12,ECL,0.019397127620296675
2024-04-12,ED,-0.019397127620296675
2024-04-12,EL,-0.019397127620296675
2024-04-12,ENPH,-0.019397127620296675
2024-04-12,ES,-0.019397127620296675
2024-04-12,ETN,0.019397127620296675
2024-04-12,ETSY,-0.019397127620296675
2024-04-12,EVRG,-0.019397127620296675
2024-04-12,EXC,-0.019397127620296675
2024-04-12,FAST,0.019397127620296675
2024-04-12,FICO,0.019397127620296675
2024-04-12,FMC,-0.019397127620296675
2024-04-12,FOX,-0.019397127620296675
2024-04-12,FOXA,-0.019397127620296675
2024-04-12,FSLR,-0.019397127620296675
2024-04-12,GE,0.019397127620296675
2024-04-12,GILD,-0.019397127620296675
2024-04-12,GIS,-0.019397127620296675
2024-04-12,GRMN,0.019397127620296675
2024-04-12,GWW,0.019397127620296675
2024-04-12,HIG,0.019397127620296675
2024-04-12,HII,0.019397127620296675
2024-04-12,HLT,0.019397127620296675
2024-04-12,HOLX,-0.019397127620296675
2024-04-12,HRL,-0.019397127620296675
2024-04-12,HSIC,-0.019397127620296675
2024-04-12,HSY,-0.019397127620296675
2024-04-12,HUM,-0.019397127620296675
2024-04-12,HWM,0.019397127620296675
2024-04-12,IBM,0.019397127620296675
2024-04-12,IFF,-0.019397127620296675
2024-04-12,ILMN,-0.019397127620296675
2024-04-12,INCY,-0.019397127620296675
2024-04-12,INTU,0.019397127620296675
2024-04-12,IPG,-0.019397127620296675
2024-04-12,IR,0.019397127620296675
2024-04-12,IRM,0.019397127620296675
2024-04-12,IT,0.019397127620296675
2024-04-12,JPM,0.019397127620296675
2024-04-12,K,-0.019397127620296675
2024-04-12,KDP,-0.019397127620296675
2024-04-12,KHC,-0.019397127620296675
2024-04-12,KLAC,0.019397127620296675
2024-04-12,KMB,-0.019397127620296675
2024-04-12,L,0.019397127620296675
2024-04-12,LDOS,0.019397127620296675
2024-04-12,LEN,0.019397127620296675
2024-04-12,LH,-0.019397127620296675
2024-04-12,LIN,0.019397127620296675
2024-04-12,LKQ,-0.019397127620296675
2024-04-12,LLY,0.019397127620296675
2024-04-12,LMT,-0.019397127620296675
2024-04-12,LNT,-0.019397127620296675
2024-04-12,LRCX,0.019397127620296675
2024-04-12,MA,0.019397127620296675
2024-04-12,MAA,-0.019397127620296675
2024-04-12,MAR,0.019397127620296675
2024-04-12,MAS,0.019397127620296675
2024-04-12,MCK,0.019397127620296675
2024-04-12,META,0.019397127620296675
2024-04-12,MKC,-0.019397127620296675
2024-04-12,MKTX,-0.019397127620296675
2024-04-12,MLM,0.019397127620296675
2024-04-12,MMC,0.019397127620296675
2024-04-12,MOS,-0.019397127620296675
2024-04-12,MRNA,-0.019397127620296675
2024-04-12,MSFT,0.019397127620296675
2024-04-12,MTD,-0.019397127620296675
2024-04-12,NEE,-0.019397127620296675
2024-04-12,NEM,-0.019397127620296675
2024-04-12,NFLX,0.019397127620296675
2024-04-12,NKE,-0.019397127620296675
2024-04-12,NOW,0.019397127620296675
2024-04-12,NRG,0.019397127620296675
2024-04-12,NTAP,0.019397127620296675
2024-04-12,NTRS,-0.019397127620296675
2024-04-12,NVDA,0.019397127620296675
2024-04-12,NVR,0.019397127620296675
2024-04-12,NWS,0.019397127620296675
2024-04-12,NWSA,0.019397127620296675
2024-04-12,O,-0.019397127620296675
2024-04-12,ORLY,0.019397127620296675
2024-04-12,PARA,-0.019397127620296675
2024-04-12,PAYC,-0.019397127620296675
2024-04-12,PCAR,0.019397127620296675
2024-04-12,PEP,-0.019397127620296675
2024-04-12,PFE,-0.019397127620296675
2024-04-12,PGR,0.019397127620296675
2024-04-12,PH,0.019397127620296675
2024-04-12,PHM,0.019397127620296675
2024-04-12,PNR,0.019397127620296675
2024-04-12,PNW,-0.019397127620296675
2024-04-12,PODD,-0.019397127620296675
2024-04-12,PTC,0.019397127620296675
2024-04-12,PWR,0.019397127620296675
2024-04-12,PYPL,-0.019397127620296675
2024-04-12,RCL,0.019397127620296675
2024-04-12,RL,0.019397127620296675
2024-04-12,RMD,-0.019397127620296675
2024-04-12,ROP,0.019397127620296675
2024-04-12,ROST,0.019397127620296675
2024-04-12,RSG,0.019397127620296675
2024-04-12,RTX,-0.019397127620296675
2024-04-12,SBAC,-0.019397127620296675
2024-04-12,SBUX,-0.019397127620296675
2024-04-12,SHW,0.019397127620296675
2024-04-12,SJM,-0.019397127620296675
2024-04-12,SNPS,0.019397127620296675
2024-04-12,SRE,-0.019397127620296675
2024-04-12,T,-0.019397127620296675
2024-04-12,TDG,0.019397127620296675
2024-04-12,TECH,-0.019397127620296675
2024-04-12,TFX,-0.019397127620296675
2024-04-12,TJX,0.019397127620296675
2024-04-12,TRV,0.019397127620296675
2024-04-12,TT,0.019397127620296675
2024-04-12,UPS,-0.019397127620296675
2024-04-12,URI,0.019397127620296675
2024-04-12,V,0.019397127620296675
2024-04-12,VICI,-0.019397127620296675
2024-04-12,VMC,0.019397127620296675
2024-04-12,VRSN,-0.019397127620296675
2024-04-12,WAB,0.019397127620296675
2024-04-12,WBA,-0.019397127620296675
2024-04-12,WBD,-0.019397127620296675
2024-04-12,WEC,-0.019397127620296675
2024-04-12,WM,0.019397127620296675
2024-04-12,WMT,-0.019397127620296675
2024-04-12,WRB,0.019397127620296675
2024-04-12,WRK,0.019397127620296675
2024-04-12,XEL,-0.019397127620296675
2024-04-19,ADM,-0.02134544369864279
2024-04-19,AEE,-0.02134544369864279
2024-04-19,AEP,-0.02134544369864279
2024-04-19,AES,-0.02134544369864279
2024-04-19,AIG,0.02134544369864279
2024-04-19,AIZ,0.02134544369864279
2024-04-19,ALB,-0.02134544369864279
2024-04-19,ALL,0.02134544369864279
2024-04-19,AMAT,0.02134544369864279
2024-04-19,AMCR,-0.02134544369864279
2024-04-19,AMD,0.02134544369864279
2024-04-19,AME,0.02134544369864279
2024-04-19,AMP,0.02134544369864279
2024-04-19,AMZN,0.02134544369864279
2024-04-19,ANET,0.02134544369864279
2024-04-19,APD,-0.02134544369864279
2024-04-19,APH,0.02134544369864279
2024-04-19,APTV,-0.02134544369864279
2024-04-19,AVGO,0.02134544369864279
2024-04-19,AWK,-0.02134544369864279
2024-04-19,BDX,-0.02134544369864279
2024-04-19,BFB,-0.02134544369864279
2024-04-19,BIIB,-0.02134544369864279
2024-04-19,BIO,-0.02134544369864279
2024-04-19,BMY,-0.02134544369864279
2024-04-19,BR,0.02134544369864279
2024-04-19,BRKB,0.02134544369864279
2024-04-19,BRO,0.02134544369864279
2024-04-19,BWA,-0.02134544369864279
2024-04-19,CAG,-0.02134544369864279
2024-04-19,CAH,0.02134544369864279
2024-04-19,CAT,0.02134544369864279
2024-04-19,CBOE,0.02134544369864279
2024-04-19,CCI,-0.02134544369864279
2024-04-19,CDNS,0.02134544369864279
2024-04-19,CDW,0.02134544369864279
2024-04-19,CE,0.02134544369864279
2024-04-19,CEG,0.02134544369864279
2024-04-19,CHRW,-0.02134544369864279
2024-04-19,CLX,-0.02134544369864279
2024-04-19,CMG,0.02134544369864279
2024-04-19,CNP,-0.02134544369864279
2024-04-19,COO,-0.02134544369864279
2024-04-19,COST,0.02134544369864279
2024-04-19,CPB,-0.02134544369864279
2024-04-19,CPRT,-0.02134544369864279
2024-04-19,CRM,0.02134544369864279
2024-04-19,CTAS,0.02134544369864279
2024-04-19,CTVA,-0.02134544369864279
2024-04-19,CVX,-0.02134544369864279
2024-04-19,D,-0.02134544369864279
2024-04-19,DG,-0.02134544369864279
2024-04-19,DGX,-0.02134544369864279
2024-04-19,DLTR,-0.02134544369864279
2024-04-19,DVN,-0.02134544369864279
2024-04-19,ECL,0.02134544369864279
2024-04-19,ED,-0.02134544369864279
2024-04-19,EL,-0.02134544369864279
2024-04-19,ENPH,-0.02134544369864279
2024-04-19,ES,-0.02134544369864279
2024-04-19,ETN,0.02134544369864279
2024-04-19,ETSY,-0.02134544369864279
2024-04-19,EVRG,-0.02134544369864279
2024-04-19,EXC,-0.02134544369864279
2024-04-19,FAST,0.02134544369864279
2024-04-19,FFIV,0.02134544369864279
2024-04-19,FICO,0.02134544369864279
2024-04-19,FMC,-0.02134544369864279
2024-04-19,FOX,-0.02134544369864279
2024-04-19,FOXA,-0.02134544369864279
2024-04-19,FSLR,-0.02134544369864279
2024-04-19,GE,0.02134544369864279
2024-04-19,GILD,-0.02134544369864279
2024-04-19,GIS,-0.02134544369864279
2024-04-19,GRMN,0.02134544369864279
2024-04-19,GWW,0.02134544369864279
2024-04-19,HIG,0.02134544369864279
2024-04-19,HII,0.02134544369864279
2024-04-19,HLT,0.02134544369864279
2024-04-19,HOLX,-0.02134544369864279
2024-04-19,HRL,-0.02134544369864279
2024-04-19,HSIC,-0.02134544369864279
2024-04-19,HSY,-0.02134544369864279
2024-04-19,HUM,-0.02134544369864279
2024-04-19,HWM,0.02134544369864279
2024-04-19,IBM,0.02134544369864279
2024-04-19,IFF,-0.02134544369864279
2024-04-19,ILMN,-0.02134544369864279
2024-04-19,INCY,-0.02134544369864279
2024-04-19,IPG,-0.02134544369864279
2024-04-19,IR,0.02134544369864279
2024-04-19,IRM,0.02134544369864279
2024-04-19,IT,0.02134544369864279
2024-04-19,JPM,0.02134544369864279
2024-04-19,K,-0.02134544369864279
2024-04-19,KDP,-0.02134544369864279
2024-04-19,KHC,-0.02134544369864279
2024-04-19,KLAC,0.02134544369864279
2024-04-19,KMB,-0.02134544369864279
2024-04-19,KO,-0.02134544369864279
2024-04-19,L,0.02134544369864279
2024-04-19,LDOS,0.02134544369864279
2024-04-19,LH,-0.02134544369864279
2024-04-19,LIN,0.02134544369864279
2024-04-19,LLY,0.02134544369864279
2024-04-19,LMT,-0.02134544369864279
2024-04-19,LNT,-0.02134544369864279
2024-04-19,LRCX,0.02134544369864279
2024-04-19,LVS,-0.02134544369864279
2024-04-19,LYV,0.02134544369864279
2024-04-19,MA,0.02134544369864279
2024-04-19,MAA,-0.02134544369864279
2024-04-19,MAR,0.02134544369864279
2024-04-19,MAS,0.02134544369864279
2024-04-19,MCK,0.02134544369864279
2024-04-19,META,0.02134544369864279
2024-04-19,MKC,-0.02134544369864279
2024-04-19,MKTX,-0.02134544369864279
2024-04-19,MLM,0.02134544369864279
2024-04-19,MOH,0.02134544369864279
2024-04-19,MOS,-0.02134544369864279
2024-04-19,MPC,0.02134544369864279
2024-04-19,MRNA,-0.02134544369864279
2024-04-19,MSFT,0.02134544369864279
2024-04-19,MTD,-0.02134544369864279
2024-04-19,MU,0.02134544369864279
2024-04-19,NEE,-0.02134544369864279
2024-04-19,NEM,-0.02134544369864279
2024-04-19,NFLX,0.02134544369864279
2024-04-19,NKE,-0.02134544369864279
2024-04-19,NOW,0.02134544369864279
2024-04-19,NRG,0.02134544369864279
2024-04-19,NTAP,0.02134544369864279
2024-04-19,NVDA,0.02134544369864279
2024-04-19,NWS,0.02134544369864279
2024-04-19,NWSA,0.02134544369864279
2024-04-19,O,-0.02134544369864279
2024-04-19,ORLY,0.02134544369864279
2024-04-19,PARA,-0.02134544369864279
2024-04-19,PAYC,-0.02134544369864279
2024-04-19,PCAR,0.02134544369864279
2024-04-19,PEP,-0.02134544369864279
2024-04-19,PFE,-0.02134544369864279
2024-04-19,PGR,0.02134544369864279
2024-04-19,PH,0.02134544369864279
2024-04-19,PHM,0.02134544369864279
2024-04-19,PNR,0.02134544369864279
2024-04-19,PNW,-0.02134544369864279
2024-04-19,PODD,-0.02134544369864279
2024-04-19,PSX,0.02134544369864279
2024-04-19,PTC,0.02134544369864279
2024-04-19,PWR,0.02134544369864279
2024-04-19,RCL,0.02134544369864279
2024-04-19,RL,0.02134544369864279
2024-04-19,RMD,-0.02134544369864279
2024-04-19,ROP,0.02134544369864279
2024-04-19,ROST,0.02134544369864279
2024-04-19,RSG,0.02134544369864279
2024-04-19,RTX,-0.02134544369864279
2024-04-19,SBAC,-0.02134544369864279
2024-04-19,SBUX,-0.02134544369864279
2024-04-19,SHW,0.02134544369864279
2024-04-19,SJM,-0.02134544369864279
2024-04-19,SNPS,0.02134544369864279
2024-04-19,SPG,0.02134544369864279
2024-04-19,SRE,-0.02134544369864279
2024-04-19,TDG,0.02134544369864279
2024-04-19,TECH,-0.02134544369864279
2024-04-19,TFX,-0.02134544369864279
2024-04-19,TJX,0.02134544369864279
2024-04-19,TRGP,0.02134544369864279
2024-04-19,TRV,0.02134544369864279
2024-04-19,TT,0.02134544369864279
2024-04-19,UDR,-0.02134544369864279
2024-04-19,UPS,-0.02134544369864279
2024-04-19,URI,0.02134544369864279
2024-04-19,V,0.02134544369864279
2024-04-19,VICI,-0.02134544369864279
2024-04-19,VMC,0.02134544369864279
2024-04-19,VRSN,-0.02134544369864279
2024-04-19,WAB,0.02134544369864279
2024-04-19,WBA,-0.02134544369864279
2024-04-19,WBD,-0.02134544369864279
2024-04-19,WDC,0.02134544369864279
2024-04-19,WEC,-0.02134544369864279
2024-04-19,WM,0.02134544369864279
2024-04-19,WMT,-0.02134544369864279
2024-04-19,WRB,0.02134544369864279
2024-04-19,WRK,0.02134544369864279
2024-04-19,WYNN,-0.02134544369864279
2024-04-19,XEL,-0.02134544369864279
2024-04-19,ZBH,-0.02134544369864279
2024-04-26,ADM,-0.021626205668170848
2024-04-26,AEE,-0.021626205668170848
2024-04-26,AEP,-0.021626205668170848
2024-04-26,AES,-0.021626205668170848
2024-04-26,AIG,0.021626205668170848
2024-04-26,AIZ,0.021626205668170848
2024-04-26,ALB,-0.021626205668170848
2024-04-26,ALL,0.021626205668170848
2024-04-26,AMAT,0.021626205668170848
2024-04-26,AMCR,-0.021626205668170848
2024-04-26,AMD,0.021626205668170848
2024-04-26,AME,0.021626205668170848
2024-04-26,AMP,0.021626205668170848
2024-04-26,AMZN,0.021626205668170848
2024-04-26,ANET,0.021626205668170848
2024-04-26,APD,-0.021626205668170848
2024-04-26,APH,0.021626205668170848
2024-04-26,APTV,-0.021626205668170848
2024-04-26,AVGO,0.021626205668170848
2024-04-26,AWK,-0.021626205668170848
2024-04-26,BAX,-0.021626205668170848
2024-04-26,BDX,-0.021626205668170848
2024-04-26,BFB,-0.021626205668170848
2024-04-26,BIIB,-0.021626205668170848
2024-04-26,BIO,-0.021626205668170848
2024-04-26,BK,0.021626205668170848
2024-04-26,BMY,-0.021626205668170848
2024-04-26,BR,0.021626205668170848
2024-04-26,BRKB,0.021626205668170848
2024-04-26,BRO,0.021626205668170848
2024-04-26,BWA,-0.021626205668170848
2024-04-26,CAG,-0.021626205668170848
2024-04-26,CAH,0.021626205668170848
2024-04-26,CAT,0.021626205668170848
2024-04-26,CB,0.021626205668170848
2024-04-26,CBOE,0.021626205668170848
2024-04-26,CCI,-0.021626205668170848
2024-04-26,CDNS,0.021626205668170848
2024-04-26,CDW,0.021626205668170848
2024-04-26,CE,0.021626205668170848
2024-04-26,CEG,0.021626205668170848
2024-04-26,CHRW,-0.021626205668170848
2024-04-26,CHTR,-0.021626205668170848
2024-04-26,CLX,-0.021626205668170848
2024-04-26,CNP,-0.021626205668170848
2024-04-26,COO,-0.021626205668170848
2024-04-26,COST,0.021626205668170848
2024-04-26,CPB,-0.021626205668170848
2024-04-26,CPRT,-0.021626205668170848
2024-04-26,CPT,-0.021626205668170848
2024-04-26,CRM,0.021626205668170848
2024-04-26,CTAS,0.021626205668170848
2024-04-26,D,-0.021626205668170848
2024-04-26,DG,-0.021626205668170848
2024-04-26,DGX,-0.021626205668170848
2024-04-26,DLTR,-0.021626205668170848
2024-04-26,DPZ,0.021626205668170848
2024-04-26,ECL,0.021626205668170848
2024-04-26,ED,-0.021626205668170848
2024-04-26,EL,-0.021626205668170848
2024-04-26,ENPH,-0.021626205668170848
2024-04-26,ES,-0.021626205668170848
2024-04-26,ETN,0.021626205668170848
2024-04-26,ETSY,-0.021626205668170848
2024-04-26,EVRG,-0.021626205668170848
2024-04-26,EXC,-0.021626205668170848
2024-04-26,FAST,0.021626205668170848
2024-04-26,FE,-0.021626205668170848
2024-04-26,FFIV,0.021626205668170848
2024-04-26,FICO,0.021626205668170848
2024-04-26,FMC,-0.021626205668170848
2024-04-26,FSLR,-0.021626205668170848
2024-04-26,GD,0.021626205668170848
2024-04-26,GE,0.021626205668170848
2024-04-26,GILD,-0.021626205668170848
2024-04-26,GIS,-0.021626205668170848
2024-04-26,GPC,-0.021626205668170848
2024-04-26,GRMN,0.021626205668170848
2024-04-26,GWW,0.021626205668170848
2024-04-26,HIG,0.021626205668170848
2024-04-26,HII,0.021626205668170848
2024-04-26,HLT,0.021626205668170848
2024-04-26,HOLX,-0.021626205668170848
2024-04-26,HRL,-0.021626205668170848
2024-04-26,HSIC,-0.021626205668170848
2024-04-26,HSY,-0.021626205668170848
2024-04-26,HUM,-0.021626205668170848
2024-04-26,HWM,0.021626205668170848
2024-04-26,IBM,0.021626205668170848
2024-04-26,IFF,-0.021626205668170848
2024-04-26,ILMN,-0.021626205668170848
2024-04-26,INCY,-0.021626205668170848
2024-04-26,INTU,0.021626205668170848
2024-04-26,IPG,-0.021626205668170848
2024-04-26,IR,0.021626205668170848
2024-04-26,IRM,0.021626205668170848
2024-04-26,IT,0.021626205668170848
2024-04-26,JPM,0.021626205668170848
2024-04-26,K,-0.021626205668170848
2024-04-26,KDP,-0.021626205668170848
2024-04-26,KHC,-0.021626205668170848
2024-04-26,KLAC,0.021626205668170848
2024-04-26,KMB,-0.021626205668170848
2024-04-26,KO,-0.021626205668170848
2024-04-26,L,0.021626205668170848
2024-04-26,LDOS,0.021626205668170848
2024-04-26,LKQ,-0.021626205668170848
2024-04-26,LLY,0.021626205668170848
2024-04-26,LNT,-0.021626205668170848
2024-04-26,LRCX,0.021626205668170848
2024-04-26,LVS,-0.021626205668170848
2024-04-26,MA,0.021626205668170848
2024-04-26,MAA,-0.021626205668170848
2024-04-26,MAR,0.021626205668170848
2024-04-26,MCD,-0.021626205668170848
2024-04-26,MCK,0.021626205668170848
2024-04-26,META,0.021626205668170848
2024-04-26,MKC,-0.021626205668170848
2024-04-26,MKTX,-0.021626205668170848
2024-04-26,MLM,0.021626205668170848
2024-04-26,MO,-0.021626205668170848
2024-04-26,MOS,-0.021626205668170848
2024-04-26,MPC,0.021626205668170848
2024-04-26,MRNA,-0.021626205668170848
2024-04-26,MSFT,0.021626205668170848
2024-04-26,MTD,-0.021626205668170848
2024-04-26,MU,0.021626205668170848
2024-04-26,NEE,-0.021626205668170848
2024-04-26,NEM,-0.021626205668170848
2024-04-26,NFLX,0.021626205668170848
2024-04-26,NKE,-0.021626205668170848
2024-04-26,NOW,0.021626205668170848
2024-04-26,NRG,0.021626205668170848
2024-04-26,NTAP,0.021626205668170848
2024-04-26,NVDA,0.021626205668170848
2024-04-26,NWS,0.021626205668170848
2024-04-26,NWSA,0.021626205668170848
2024-04-26,O,-0.021626205668170848
2024-04-26,ODFL,-0.021626205668170848
2024-04-26,PARA,-0.021626205668170848
2024-04-26,PAYC,-0.021626205668170848
2024-04-26,PCAR,0.021626205668170848
2024-04-26,PEP,-0.021626205668170848
2024-04-26,PFE,-0.021626205668170848
2024-04-26,PGR,0.021626205668170848
2024-04-26,PH,0.021626205668170848
2024-04-26,PHM,0.021626205668170848
2024-04-26,PKG,0.021626205668170848
2024-04-26,PM,-0.021626205668170848
2024-04-26,PNR,0.021626205668170848
2024-04-26,PNW,-0.021626205668170848
2024-04-26,PODD,-0.021626205668170848
2024-04-26,PRU,0.021626205668170848
2024-04-26,PSX,0.021626205668170848
2024-04-26,PTC,0.021626205668170848
2024-04-26,RCL,0.021626205668170848
2024-04-26,RJF,0.021626205668170848
2024-04-26,RL,0.021626205668170848
2024-04-26,RMD,-0.021626205668170848
2024-04-26,ROP,0.021626205668170848
2024-04-26,ROST,0.021626205668170848
2024-04-26,RSG,0.021626205668170848
2024-04-26,SBAC,-0.021626205668170848
2024-04-26,SBUX,-0.021626205668170848
2024-04-26,SHW,0.021626205668170848
2024-04-26,SJM,-0.021626205668170848
2024-04-26,SNPS,0.021626205668170848
2024-04-26,SRE,-0.021626205668170848
2024-04-26,TDG,0.021626205668170848
2024-04-26,TFX,-0.021626205668170848
2024-04-26,TJX,0.021626205668170848
2024-04-26,TRGP,0.021626205668170848
2024-04-26,TRV,0.021626205668170848
2024-04-26,TT,0.021626205668170848
2024-04-26,TXT,0.021626205668170848
2024-04-26,UDR,-0.021626205668170848
2024-04-26,UPS,-0.021626205668170848
2024-04-26,URI,0.021626205668170848
2024-04-26,VICI,-0.021626205668170848
2024-04-26,VMC,0.021626205668170848
2024-04-26,VRSN,-0.021626205668170848
2024-04-26,VTR,-0.021626205668170848
2024-04-26,WAB,0.021626205668170848
2024-04-26,WBA,-0.021626205668170848
2024-04-26,WBD,-0.021626205668170848
2024-04-26,WDC,0.021626205668170848
2024-04-26,WEC,-0.021626205668170848
2024-04-26,WM,0.021626205668170848
2024-04-26,WMT,-0.021626205668170848
2024-04-26,WRB,0.021626205668170848
2024-04-26,WRK,0.021626205668170848
2024-04-26,XEL,-0.021626205668170848
2024-05-03,ADM,-0.021415099283339997
2024-05-03,AEE,-0.021415099283339997
2024-05-03,AEP,-0.021415099283339997
2024-05-03,AES,-0.021415099283339997
2024-05-03,AIG,0.021415099283339997
2024-05-03,ALB,-0.021415099283339997
2024-05-03,ALL,0.021415099283339997
2024-05-03,AMAT,0.021415099283339997
2024-05-03,AMCR,-0.021415099283339997
2024-05-03,AMD,0.021415099283339997
2024-05-03,AMP,0.021415099283339997
2024-05-03,AMZN,0.021415099283339997
2024-05-03,ANET,0.021415099283339997
2024-05-03,APD,-0.021415099283339997
2024-05-03,APH,0.021415099283339997
2024-05-03,APTV,-0.021415099283339997
2024-05-03,AVGO,0.021415099283339997
2024-05-03,AWK,-0.021415099283339997
2024-05-03,AXP,0.021415099283339997
2024-05-03,BFB,-0.021415099283339997
2024-05-03,BIIB,-0.021415099283339997
2024-05-03,BIO,-0.021415099283339997
2024-05-03,BK,0.021415099283339997
2024-05-03,BMY,-0.021415099283339997
2024-05-03,BRKB,0.021415099283339997
2024-05-03,BRO,0.021415099283339997
2024-05-03,BWA,-0.021415099283339997
2024-05-03,CAG,-0.021415099283339997
2024-05-03,CAH,0.021415099283339997
2024-05-03,CAT,0.021415099283339997
2024-05-03,CB,0.021415099283339997
2024-05-03,CBOE,0.021415099283339997
2024-05-03,CCI,-0.021415099283339997
2024-05-03,CDNS,0.021415099283339997
2024-05-03,CDW,0.021415099283339997
2024-05-03,CE,0.021415099283339997
2024-05-03,CEG,0.021415099283339997
2024-05-03,CHRW,-0.021415099283339997
2024-05-03,CHTR,-0.021415099283339997
2024-05-03,CLX,-0.021415099283339997
2024-05-03,CNP,-0.021415099283339997
2024-05-03,COF,0.021415099283339997
2024-05-03,COO,-0.021415099283339997
2024-05-03,COST,0.021415099283339997
2024-05-03,CPB,-0.021415099283339997
2024-05-03,CPRT,-0.021415099283339997
2024-05-03,CPT,-0.021415099283339997
2024-05-03,CRM,0.021415099283339997
2024-05-03,CTAS,0.021415099283339997
2024-05-03,D,-0.021415099283339997
2024-05-03,DG,-0.021415099283339997
2024-05-03,DLTR,-0.021415099283339997
2024-05-03,DPZ,0.021415099283339997
2024-05-03,ED,-0.021415099283339997
2024-05-03,EL,-0.021415099283339997
2024-05-03,ENPH,-0.021415099283339997
2024-05-03,ES,-0.021415099283339997
2024-05-03,ETN,0.021415099283339997
2024-05-03,ETSY,-0.021415099283339997
2024-05-03,EVRG,-0.021415099283339997
2024-05-03,EXC,-0.021415099283339997
2024-05-03,FANG,0.021415099283339997
2024-05-03,FAST,0.021415099283339997
2024-05-03,FFIV,0.021415099283339997
2024-05-03,FICO,0.021415099283339997
2024-05-03,FMC,-0.021415099283339997
2024-05-03,GD,0.021415099283339997
2024-05-03,GE,0.021415099283339997
2024-05-03,GILD,-0.021415099283339997
2024-05-03,GIS,-0.021415099283339997
2024-05-03,GPC,-0.021415099283339997
2024-05-03,GRMN,0.021415099283339997
2024-05-03,GWW,0.021415099283339997
2024-05-03,HIG,0.021415099283339997
2024-05-03,HII,0.021415099283339997
2024-05-03,HLT,0.021415099283339997
2024-05-03,HOLX,-0.021415099283339997
2024-05-03,HRL,-0.021415099283339997
2024-05-03,HSIC,-0.021415099283339997
2024-05-03,HSY,-0.021415099283339997
2024-05-03,HUM,-0.021415099283339997
2024-05-03,HWM,0.021415099283339997
2024-05-03,IBM,0.021415099283339997
2024-05-03,IFF,-0.021415099283339997
2024-05-03,ILMN,-0.021415099283339997
2024-05-03,INCY,-0.021415099283339997
2024-05-03,IR,0.021415099283339997
2024-05-03,IRM,0.021415099283339997
2024-05-03,IT,0.021415099283339997
2024-05-03,JNJ,-0.021415099283339997
2024-05-03,JPM,0.021415099283339997
2024-05-03,K,-0.021415099283339997
2024-05-03,KHC,-0.021415099283339997
2024-05-03,KLAC,0.021415099283339997
2024-05-03,KMB,-0.021415099283339997
2024-05-03,KO,-0.021415099283339997
2024-05-03,L,0.021415099283339997
2024-05-03,LDOS,0.021415099283339997
2024-05-03,LIN,0.021415099283339997
2024-05-03,LKQ,-0.021415099283339997
2024-05-03,LLY,0.021415099283339997
2024-05-03,LNT,-0.021415099283339997
2024-05-03,LRCX,0.021415099283339997
2024-05-03,LVS,-0.021415099283339997
2024-05-03,LW,-0.021415099283339997
2024-05-03,MAA,-0.021415099283339997
2024-05-03,MAR,0.021415099283339997
2024-05-03,MCD,-0.021415099283339997
2024-05-03,MCK,0.021415099283339997
2024-05-03,MDLZ,-0.021415099283339997
2024-05-03,META,0.021415099283339997
2024-05-03,MKC,-0.021415099283339997
2024-05-03,MKTX,-0.021415099283339997
2024-05-03,MLM,0.021415099283339997
2024-05-03,MMM,-0.021415099283339997
2024-05-03,MO,-0.021415099283339997
2024-05-03,MOS,-0.021415099283339997
2024-05-03,MPC,0.021415099283339997
2024-05-03,MRNA,-0.021415099283339997
2024-05-03,MSFT,0.021415099283339997
2024-05-03,MTD,-0.021415099283339997
2024-05-03,MU,0.021415099283339997
2024-05-03,NEE,-0.021415099283339997
2024-05-03,NEM,-0.021415099283339997
2024-05-03,NFLX,0.021415099283339997
2024-05-03,NKE,-0.021415099283339997
2024-05-03,NOW,0.021415099283339997
2024-05-03,NRG,0.021415099283339997
2024-05-03,NTAP,0.021415099283339997
2024-05-03,NVDA,0.021415099283339997
2024-05-03,NWS,0.021415099283339997
2024-05-03,NWSA,0.021415099283339997
2024-05-03,O,-0.021415099283339997
2024-05-03,ODFL,-0.021415099283339997
2024-05-03,PARA,-0.021415099283339997
2024-05-03,PAYC,-0.021415099283339997
2024-05-03,PCAR,0.021415099283339997
2024-05-03,PEP,-0.021415099283339997
2024-05-03,PFE,-0.021415099283339997
2024-05-03,PGR,0.021415099283339997
2024-05-03,PH,0.021415099283339997
2024-05-03,PHM,0.021415099283339997
2024-05-03,PKG,0.021415099283339997
2024-05-03,PNR,0.021415099283339997
2024-05-03,PNW,-0.021415099283339997
2024-05-03,PODD,-0.021415099283339997
2024-05-03,PRU,0.021415099283339997
2024-05-03,PSX,0.021415099283339997
2024-05-03,PTC,0.021415099283339997
2024-05-03,PWR,0.021415099283339997
2024-05-03,PYPL,-0.021415099283339997
2024-05-03,RCL,0.021415099283339997
2024-05-03,RJF,0.021415099283339997
2024-05-03,RMD,-0.021415099283339997
2024-05-03,ROST,0.021415099283339997
2024-05-03,RSG,0.021415099283339997
2024-05-03,SBAC,-0.021415099283339997
2024-05-03,SBUX,-0.021415099283339997
2024-05-03,SHW,0.021415099283339997
2024-05-03,SJM,-0.021415099283339997
2024-05-03,SNPS,0.021415099283339997
2024-05-03,SO,-0.021415099283339997
2024-05-03,SRE,-0.021415099283339997
2024-05-03,STLD,0.021415099283339997
2024-05-03,SYF,0.021415099283339997
2024-05-03,TDG,0.021415099283339997
2024-05-03,TECH,-0.021415099283339997
2024-05-03,TFX,-0.021415099283339997
2024-05-03,TRGP,0.021415099283339997
2024-05-03,TRV,0.021415099283339997
2024-05-03,TT,0.021415099283339997
2024-05-03,TXT,0.021415099283339997
2024-05-03,UDR,-0.021415099283339997
2024-05-03,ULTA,-0.021415099283339997
2024-05-03,UPS,-0.021415099283339997
2024-05-03,URI,0.021415099283339997
2024-05-03,VICI,-0.021415099283339997
2024-05-03,VLO,0.021415099283339997
2024-05-03,VMC,0.021415099283339997
2024-05-03,VRSN,-0.021415099283339997
2024-05-03,VTR,-0.021415099283339997
2024-05-03,WAB,0.021415099283339997
2024-05-03,WBA,-0.021415099283339997
2024-05-03,WBD,-0.021415099283339997
2024-05-03,WDC,0.021415099283339997
2024-05-03,WEC,-0.021415099283339997
2024-05-03,WFC,0.021415099283339997
2024-05-03,WMB,0.021415099283339997
2024-05-03,WMT,-0.021415099283339997
2024-05-03,WRB,0.021415099283339997
2024-05-03,WRK,0.021415099283339997
2024-05-03,XEL,-0.021415099283339997
2024-05-10,ADM,-0.02142579453655433
2024-05-10,AEE,-0.02142579453655433
2024-05-10,AEP,-0.02142579453655433
2024-05-10,AES,-0.02142579453655433
2024-05-10,AIG,0.02142579453655433
2024-05-10,ALB,-0.02142579453655433
2024-05-10,ALL,0.02142579453655433
2024-05-10,AMAT,0.02142579453655433
2024-05-10,AMCR,-0.02142579453655433
2024-05-10,AMD,0.02142579453655433
2024-05-10,AMP,0.02142579453655433
2024-05-10,AMZN,0.02142579453655433
2024-05-10,ANET,0.02142579453655433
2024-05-10,AON,-0.02142579453655433
2024-05-10,APD,-0.02142579453655433
2024-05-10,APH,0.02142579453655433
2024-05-10,APTV,-0.02142579453655433
2024-05-10,AVGO,0.02142579453655433
2024-05-10,AWK,-0.02142579453655433
2024-05-10,AXON,0.02142579453655433
2024-05-10,AXP,0.02142579453655433
2024-05-10,BA,-0.02142579453655433
2024-05-10,BFB,-0.02142579453655433
2024-05-10,BIIB,-0.02142579453655433
2024-05-10,BIO,-0.02142579453655433
2024-05-10,BK,0.02142579453655433
2024-05-10,BMY,-0.02142579453655433
2024-05-10,BRKB,0.02142579453655433
2024-05-10,BRO,0.02142579453655433
2024-05-10,BWA,-0.02142579453655433
2024-05-10,CAG,-0.02142579453655433
2024-05-10,CAT,0.02142579453655433
2024-05-10,CBOE,0.02142579453655433
2024-05-10,CCI,-0.02142579453655433
2024-05-10,CDNS,0.02142579453655433
2024-05-10,CDW,0.02142579453655433
2024-05-10,CE,0.02142579453655433
2024-05-10,CEG,0.02142579453655433
2024-05-10,CHRW,-0.02142579453655433
2024-05-10,CHTR,-0.02142579453655433
2024-05-10,CLX,-0.02142579453655433
2024-05-10,CMG,0.02142579453655433
2024-05-10,CMI,0.02142579453655433
2024-05-10,CNP,-0.02142579453655433
2024-05-10,COF,0.02142579453655433
2024-05-10,COO,-0.02142579453655433
2024-05-10,COST,0.02142579453655433
2024-05-10,CPB,-0.02142579453655433
2024-05-10,CPRT,-0.02142579453655433
2024-05-10,CPT,-0.02142579453655433
2024-05-10,CRM,0.02142579453655433
2024-05-10,CTAS,0.02142579453655433
2024-05-10,D,-0.02142579453655433
2024-05-10,DG,-0.02142579453655433
2024-05-10,DLTR,-0.02142579453655433
2024-05-10,DPZ,0.02142579453655433
2024-05-10,ED,-0.02142579453655433
2024-05-10,EL,-0.02142579453655433
2024-05-10,EMR,0.02142579453655433
2024-05-10,ENPH,-0.02142579453655433
2024-05-10,ES,-0.02142579453655433
2024-05-10,ETN,0.02142579453655433
2024-05-10,ETSY,-0.02142579453655433
2024-05-10,EVRG,-0.02142579453655433
2024-05-10,EXC,-0.02142579453655433
2024-05-10,FANG,0.02142579453655433
2024-05-10,FFIV,0.02142579453655433
2024-05-10,FICO,0.02142579453655433
2024-05-10,FMC,-0.02142579453655433
2024-05-10,GD,0.02142579453655433
2024-05-10,GE,0.02142579453655433
2024-05-10,GILD,-0.02142579453655433
2024-05-10,GIS,-0.02142579453655433
2024-05-10,GL,-0.02142579453655433
2024-05-10,GPC,-0.02142579453655433
2024-05-10,GRMN,0.02142579453655433
2024-05-10,GWW,0.02142579453655433
2024-05-10,HIG,0.02142579453655433
2024-05-10,HII,0.02142579453655433
2024-05-10,HLT,0.02142579453655433
2024-05-10,HRL,-0.02142579453655433
2024-05-10,HSY,-0.02142579453655433
2024-05-10,HUM,-0.02142579453655433
2024-05-10,HWM,0.02142579453655433
2024-05-10,IBM,0.02142579453655433
2024-05-10,ILMN,-0.02142579453655433
2024-05-10,INCY,-0.02142579453655433
2024-05-10,INTU,0.02142579453655433
2024-05-10,IPG,-0.02142579453655433
2024-05-10,IR,0.02142579453655433
2024-05-10,IRM,0.02142579453655433
2024-05-10,IT,0.02142579453655433
2024-05-10,JNJ,-0.02142579453655433
2024-05-10,JPM,0.02142579453655433
2024-05-10,K,-0.02142579453655433
2024-05-10,KHC,-0.02142579453655433
2024-05-10,KLAC,0.02142579453655433
2024-05-10,KMB,-0.02142579453655433
2024-05-10,KO,-0.02142579453655433
2024-05-10,L,0.02142579453655433
2024-05-10,LDOS,0.02142579453655433
2024-05-10,LKQ,-0.02142579453655433
2024-05-10,LLY,0.02142579453655433
2024-05-10,LNT,-0.02142579453655433
2024-05-10,LRCX,0.02142579453655433
2024-05-10,LVS,-0.02142579453655433
2024-05-10,LW,-0.02142579453655433
2024-05-10,MAA,-0.02142579453655433
2024-05-10,MAR,0.02142579453655433
2024-05-10,MCD,-0.02142579453655433
2024-05-10,MCK,0.02142579453655433
2024-05-10,MDLZ,-0.02142579453655433
2024-05-10,META,0.02142579453655433
2024-05-10,MKC,-0.02142579453655433
2024-05-10,MKTX,-0.02142579453655433
2024-05-10,MLM,0.02142579453655433
2024-05-10,MNST,-0.02142579453655433
2024-05-10,MO,-0.02142579453655433
2024-05-10,MPC,0.02142579453655433
2024-05-10,MRNA,-0.02142579453655433
2024-05-10,MSFT,0.02142579453655433
2024-05-10,MU,0.02142579453655433
2024-05-10,NEE,-0.02142579453655433
2024-05-10,NEM,-0.02142579453655433
2024-05-10,NFLX,0.02142579453655433
2024-05-10,NKE,-0.02142579453655433
2024-05-10,NOW,0.02142579453655433
2024-05-10,NRG,0.02142579453655433
2024-05-10,NTAP,0.02142579453655433
2024-05-10,NVDA,0.02142579453655433
2024-05-10,NWS,0.02142579453655433
2024-05-10,NWSA,0.02142579453655433
2024-05-10,O,-0.02142579453655433
2024-05-10,ODFL,-0.02142579453655433
2024-05-10,PARA,-0.02142579453655433
2024-05-10,PAYC,-0.02142579453655433
2024-05-10,PCAR,0.02142579453655433
2024-05-10,PEP,-0.02142579453655433
2024-05-10,PFE,-0.02142579453655433
2024-05-10,PGR,0.02142579453655433
2024-05-10,PH,0.02142579453655433
2024-05-10,PHM,0.02142579453655433
2024-05-10,PKG,0.02142579453655433
2024-05-10,PM,-0.02142579453655433
2024-05-10,PNW,-0.02142579453655433
2024-05-10,PODD,-0.02142579453655433
2024-05-10,PRU,0.02142579453655433
2024-05-10,PSX,0.02142579453655433
2024-05-10,PTC,0.02142579453655433
2024-05-10,PWR,0.02142579453655433
2024-05-10,QCOM,0.02142579453655433
2024-05-10,RCL,0.02142579453655433
2024-05-10,RJF,0.02142579453655433
2024-05-10,RMD,-0.02142579453655433
2024-05-10,ROST,0.02142579453655433
2024-05-10,RSG,0.02142579453655433
2024-05-10,SBAC,-0.02142579453655433
2024-05-10,SBUX,-0.02142579453655433
2024-05-10,SHW,0.02142579453655433
2024-05-10,SJM,-0.02142579453655433
2024-05-10,SNPS,0.02142579453655433
2024-05-10,SO,-0.02142579453655433
2024-05-10,SRE,-0.02142579453655433
2024-05-10,STLD,0.02142579453655433
2024-05-10,SYF,0.02142579453655433
2024-05-10,TDG,0.02142579453655433
2024-05-10,TECH,-0.02142579453655433
2024-05-10,TFX,-0.02142579453655433
2024-05-10,TRGP,0.02142579453655433
2024-05-10,TT,0.02142579453655433
2024-05-10,TXT,0.02142579453655433
2024-05-10,UDR,-0.02142579453655433
2024-05-10,ULTA,-0.02142579453655433
2024-05-10,UNH,-0.02142579453655433
2024-05-10,UPS,-0.02142579453655433
2024-05-10,URI,0.02142579453655433
2024-05-10,VICI,-0.02142579453655433
2024-05-10,VLO,0.02142579453655433
2024-05-10,VMC,0.02142579453655433
2024-05-10,VRSN,-0.02142579453655433
2024-05-10,WAB,0.02142579453655433
2024-05-10,WBA,-0.02142579453655433
2024-05-10,WBD,-0.02142579453655433
2024-05-10,WDC,0.02142579453655433
2024-05-10,WEC,-0.02142579453655433
2024-05-10,WFC,0.02142579453655433
2024-05-10,WMB,0.02142579453655433
2024-05-10,WMT,-0.02142579453655433
2024-05-10,WRB,0.02142579453655433
2024-05-10,WRK,0.02142579453655433
2024-05-10,XEL,-0.02142579453655433
2024-05-10,ZTS,-0.02142579453655433
2024-05-17,ADM,-0.02164560590541969
2024-05-17,AEE,-0.02164560590541969
2024-05-17,AES,-0.02164560590541969
2024-05-17,AIG,0.02164560590541969
2024-05-17,AIZ,0.02164560590541969
2024-05-17,ALB,-0.02164560590541969
2024-05-17,ALL,0.02164560590541969
2024-05-17,AMAT,0.02164560590541969
2024-05-17,AMCR,-0.02164560590541969
2024-05-17,AMP,0.02164560590541969
2024-05-17,AMZN,0.02164560590541969
2024-05-17,ANET,0.02164560590541969
2024-05-17,APD,-0.02164560590541969
2024-05-17,APH,0.02164560590541969
2024-05-17,APTV,-0.02164560590541969
2024-05-17,AVGO,0.02164560590541969
2024-05-17,AWK,-0.02164560590541969
2024-05-17,AXON,0.02164560590541969
2024-05-17,AXP,0.02164560590541969
2024-05-17,BA,-0.02164560590541969
2024-05-17,BDX,-0.02164560590541969
2024-05-17,BFB,-0.02164560590541969
2024-05-17,BIIB,-0.02164560590541969
2024-05-17,BIO,-0.02164560590541969
2024-05-17,BK,0.02164560590541969
2024-05-17,BMY,-0.02164560590541969
2024-05-17,BRKB,0.02164560590541969
2024-05-17,BRO,0.02164560590541969
2024-05-17,BSX,0.02164560590541969
2024-05-17,BWA,-0.02164560590541969
2024-05-17,CAG,-0.02164560590541969
2024-05-17,CAT,0.02164560590541969
2024-05-17,CB,0.02164560590541969
2024-05-17,CBOE,0.02164560590541969
2024-05-17,CCI,-0.02164560590541969
2024-05-17,CDW,0.02164560590541969
2024-05-17,CE,0.02164560590541969
2024-05-17,CEG,0.02164560590541969
2024-05-17,CHRW,-0.02164560590541969
2024-05-17,CHTR,-0.02164560590541969
2024-05-17,CLX,-0.02164560590541969
2024-05-17,CMG,0.02164560590541969
2024-05-17,CMI,0.02164560590541969
2024-05-17,COF,0.02164560590541969
2024-05-17,COO,-0.02164560590541969
2024-05-17,COST,0.02164560590541969
2024-05-17,CPB,-0.02164560590541969
2024-05-17,CPRT,-0.02164560590541969
2024-05-17,CPT,-0.02164560590541969
2024-05-17,CTAS,0.02164560590541969
2024-05-17,DG,-0.02164560590541969
2024-05-17,DLR,0.02164560590541969
2024-05-17,DLTR,-0.02164560590541969
2024-05-17,DPZ,0.02164560590541969
2024-05-17,ECL,0.02164560590541969
2024-05-17,EL,-0.02164560590541969
2024-05-17,EMR,0.02164560590541969
2024-05-17,ENPH,-0.02164560590541969
2024-05-17,ES,-0.02164560590541969
2024-05-17,ETN,0.02164560590541969
2024-05-17,ETSY,-0.02164560590541969
2024-05-17,EVRG,-0.02164560590541969
2024-05-17,FANG,0.02164560590541969
2024-05-17,FFIV,0.02164560590541969
2024-05-17,FICO,0.02164560590541969
2024-05-17,FMC,-0.02164560590541969
2024-05-17,GD,0.02164560590541969
2024-05-17,GE,0.02164560590541969
2024-05-17,GILD,-0.02164560590541969
2024-05-17,GIS,-0.02164560590541969
2024-05-17,GL,-0.02164560590541969
2024-05-17,GRMN,0.02164560590541969
2024-05-17,GWW,0.02164560590541969
2024-05-17,HIG,0.02164560590541969
2024-05-17,HII,0.02164560590541969
2024-05-17,HLT,0.02164560590541969
2024-05-17,HOLX,-0.02164560590541969
2024-05-17,HPQ,-0.02164560590541969
2024-05-17,HRL,-0.02164560590541969
2024-05-17,HSIC,-0.02164560590541969
2024-05-17,HSY,-0.02164560590541969
2024-05-17,HUM,-0.02164560590541969
2024-05-17,HWM,0.02164560590541969
2024-05-17,IBM,0.02164560590541969
2024-05-17,ILMN,-0.02164560590541969
2024-05-17,INCY,-0.02164560590541969
2024-05-17,IPG,-0.02164560590541969
2024-05-17,IR,0.02164560590541969
2024-05-17,IRM,0.02164560590541969
2024-05-17,JNJ,-0.02164560590541969
2024-05-17,JPM,0.02164560590541969
2024-05-17,K,-0.02164560590541969
2024-05-17,KLAC,0.02164560590541969
2024-05-17,KMB,-0.02164560590541969
2024-05-17,KO,-0.02164560590541969
2024-05-17,L,0.02164560590541969
2024-05-17,LDOS,0.02164560590541969
2024-05-17,LIN,0.02164560590541969
2024-05-17,LKQ,-0.02164560590541969
2024-05-17,LLY,0.02164560590541969
2024-05-17,LNT,-0.02164560590541969
2024-05-17,LVS,-0.02164560590541969
2024-05-17,LW,-0.02164560590541969
2024-05-17,MAA,-0.02164560590541969
2024-05-17,MCD,-0.02164560590541969
2024-05-17,MCK,0.02164560590541969
2024-05-17,MDLZ,-0.02164560590541969
2024-05-17,MDT,-0.02164560590541969
2024-05-17,MET,0.02164560590541969
2024-05-17,META,0.02164560590541969
2024-05-17,MKC,-0.02164560590541969
2024-05-17,MKTX,-0.02164560590541969
2024-05-17,MLM,0.02164560590541969
2024-05-17,MNST,-0.02164560590541969
2024-05-17,MO,-0.02164560590541969
2024-05-17,MOS,-0.02164560590541969
2024-05-17,MPC,0.02164560590541969
2024-05-17,MRNA,-0.02164560590541969
2024-05-17,MSFT,0.02164560590541969
2024-05-17,MTD,-0.02164560590541969
2024-05-17,MU,0.02164560590541969
2024-05-17,NEE,-0.02164560590541969
2024-05-17,NFLX,0.02164560590541969
2024-05-17,NKE,-0.02164560590541969
2024-05-17,NOW,0.02164560590541969
2024-05-17,NRG,0.02164560590541969
2024-05-17,NTAP,0.02164560590541969
2024-05-17,NVDA,0.02164560590541969
2024-05-17,NVR,0.02164560590541969
2024-05-17,NWS,0.02164560590541969
2024-05-17,O,-0.02164560590541969
2024-05-17,ODFL,-0.02164560590541969
2024-05-17,OKE,0.02164560590541969
2024-05-17,ON,-0.02164560590541969
2024-05-17,PARA,-0.02164560590541969
2024-05-17,PAYC,-0.02164560590541969
2024-05-17,PCAR,0.02164560590541969
2024-05-17,PEP,-0.02164560590541969
2024-05-17,PFE,-0.02164560590541969
2024-05-17,PGR,0.02164560590541969
2024-05-17,PH,0.02164560590541969
2024-05-17,PHM,0.02164560590541969
2024-05-17,PKG,0.02164560590541969
2024-05-17,PLD,-0.02164560590541969
2024-05-17,PODD,-0.02164560590541969
2024-05-17,PRU,0.02164560590541969
2024-05-17,PSA,-0.02164560590541969
2024-05-17,PSX,0.02164560590541969
2024-05-17,PTC,0.02164560590541969
2024-05-17,PWR,0.02164560590541969
2024-05-17,QCOM,0.02164560590541969
2024-05-17,RCL,0.02164560590541969
2024-05-17,RJF,0.02164560590541969
2024-05-17,RMD,-0.02164560590541969
2024-05-17,ROST,0.02164560590541969
2024-05-17,RSG,0.02164560590541969
2024-05-17,RVTY,-0.02164560590541969
2024-05-17,SBAC,-0.02164560590541969
2024-05-17,SBUX,-0.02164560590541969
2024-05-17,SHW,0.02164560590541969
2024-05-17,SJM,-0.02164560590541969
2024-05-17,SPG,0.02164560590541969
2024-05-17,SRE,-0.02164560590541969
2024-05-17,TDG,0.02164560590541969
2024-05-17,TECH,-0.02164560590541969
2024-05-17,TFX,-0.02164560590541969
2024-05-17,TRGP,0.02164560590541969
2024-05-17,TT,0.02164560590541969
2024-05-17,TXT,0.02164560590541969
2024-05-17,UDR,-0.02164560590541969
2024-05-17,ULTA,-0.02164560590541969
2024-05-17,UPS,-0.02164560590541969
2024-05-17,URI,0.02164560590541969
2024-05-17,VICI,-0.02164560590541969
2024-05-17,VLO,0.02164560590541969
2024-05-17,VMC,0.02164560590541969
2024-05-17,VRSN,-0.02164560590541969
2024-05-17,WAB,0.02164560590541969
2024-05-17,WBA,-0.02164560590541969
2024-05-17,WBD,-0.02164560590541969
2024-05-17,WDC,0.02164560590541969
2024-05-17,WEC,-0.02164560590541969
2024-05-17,WFC,0.02164560590541969
2024-05-17,WM,0.02164560590541969
2024-05-17,WMB,0.02164560590541969
2024-05-17,WMT,-0.02164560590541969
2024-05-17,WRB,0.02164560590541969
2024-05-17,WRK,0.02164560590541969
2024-05-17,WYNN,-0.02164560590541969
2024-05-17,XEL,-0.02164560590541969
2024-05-17,ZBH,-0.02164560590541969
2024-05-17,ZTS,-0.02164560590541969
2024-05-24,ADM,-0.020653557326652475
2024-05-24,AEE,-0.020653557326652475
2024-05-24,AES,-0.020653557326652475
2024-05-24,AIG,0.020653557326652475
2024-05-24,AIZ,0.020653557326652475
2024-05-24,ALB,-0.020653557326652475
2024-05-24,ALL,0.020653557326652475
2024-05-24,AMCR,-0.020653557326652475
2024-05-24,AMP,0.020653557326652475
2024-05-24,AMT,-0.020653557326652475
2024-05-24,AMZN,0.020653557326652475
2024-05-24,ANET,0.020653557326652475
2024-05-24,APD,-0.020653557326652475
2024-05-24,APH,0.020653557326652475
2024-05-24,APTV,-0.020653557326652475
2024-05-24,AVGO,0.020653557326652475
2024-05-24,AVY,0.020653557326652475
2024-05-24,AWK,-0.020653557326652475
2024-05-24,AXON,0.020653557326652475
2024-05-24,AXP,0.020653557326652475
2024-05-24,BA,-0.020653557326652475
2024-05-24,BDX,-0.020653557326652475
2024-05-24,BFB,-0.020653557326652475
2024-05-24,BIIB,-0.020653557326652475
2024-05-24,BIO,-0.020653557326652475
2024-05-24,BK,0.020653557326652475
2024-05-24,BMY,-0.020653557326652475
2024-05-24,BR,0.020653557326652475
2024-05-24,BRKB,0.020653557326652475
2024-05-24,BRO,0.020653557326652475
2024-05-24,BSX,0.020653557326652475
2024-05-24,BWA,-0.020653557326652475
2024-05-24,CAG,-0.020653557326652475
2024-05-24,CAT,0.020653557326652475
2024-05-24,CB,0.020653557326652475
2024-05-24,CBOE,0.020653557326652475
2024-05-24,CCI,-0.020653557326652475
2024-05-24,CDW,0.020653557326652475
2024-05-24,CE,0.020653557326652475
2024-05-24,CEG,0.020653557326652475
2024-05-24,CHRW,-0.020653557326652475
2024-05-24,CHTR,-0.020653557326652475
2024-05-24,CLX,-0.020653557326652475
2024-05-24,CMG,0.020653557326652475
2024-05-24,CMI,0.020653557326652475
2024-05-24,COO,-0.020653557326652475
2024-05-24,COST,0.020653557326652475
2024-05-24,CPB,-0.020653557326652475
2024-05-24,CPRT,-0.020653557326652475
2024-05-24,CPT,-0.020653557326652475
2024-05-24,CTAS,0.020653557326652475
2024-05-24,DG,-0.020653557326652475
2024-05-24,DLR,0.020653557326652475
2024-05-24,DLTR,-0.020653557326652475
2024-05-24,DOV,0.020653557326652475
2024-05-24,DPZ,0.020653557326652475
2024-05-24,ECL,0.020653557326652475
2024-05-24,EL,-0.020653557326652475
2024-05-24,EMR,0.020653557326652475
2024-05-24,ENPH,-0.020653557326652475
2024-05-24,ES,-0.020653557326652475
2024-05-24,ETN,0.020653557326652475
2024-05-24,ETSY,-0.020653557326652475
2024-05-24,EVRG,-0.020653557326652475
2024-05-24,EXC,-0.020653557326652475
2024-05-24,EXR,-0.020653557326652475
2024-05-24,FANG,0.020653557326652475
2024-05-24,FICO,0.020653557326652475
2024-05-24,FMC,-0.020653557326652475
2024-05-24,FSLR,-0.020653557326652475
2024-05-24,GD,0.020653557326652475
2024-05-24,GE,0.020653557326652475
2024-05-24,GILD,-0.020653557326652475
2024-05-24,GIS,-0.020653557326652475
2024-05-24,GL,-0.020653557326652475
2024-05-24,GRMN,0.020653557326652475
2024-05-24,GWW,0.020653557326652475
2024-05-24,HIG,0.020653557326652475
2024-05-24,HII,0.020653557326652475
2024-05-24,HLT,0.020653557326652475
2024-05-24,HOLX,-0.020653557326652475
2024-05-24,HPQ,-0.020653557326652475
2024-05-24,HRL,-0.020653557326652475
2024-05-24,HSY,-0.020653557326652475
2024-05-24,HUM,-0.020653557326652475
2024-05-24,HWM,0.020653557326652475
2024-05-24,ILMN,-0.020653557326652475
2024-05-24,INCY,-0.020653557326652475
2024-05-24,INTU,0.020653557326652475
2024-05-24,IPG,-0.020653557326652475
2024-05-24,IR,0.020653557326652475
2024-05-24,IRM,0.020653557326652475
2024-05-24,JNJ,-0.020653557326652475
2024-05-24,JPM,0.020653557326652475
2024-05-24,K,-0.020653557326652475
2024-05-24,KEYS,-0.020653557326652475
2024-05-24,KLAC,0.020653557326652475
2024-05-24,L,0.020653557326652475
2024-05-24,LDOS,0.020653557326652475
2024-05-24,LH,-0.020653557326652475
2024-05-24,LIN,0.020653557326652475
2024-05-24,LKQ,-0.020653557326652475
2024-05-24,LLY,0.020653557326652475
2024-05-24,LVS,-0.020653557326652475
2024-05-24,LW,-0.020653557326652475
2024-05-24,MA,0.020653557326652475
2024-05-24,MAA,-0.020653557326652475
2024-05-24,MAR,0.020653557326652475
2024-05-24,MCD,-0.020653557326652475
2024-05-24,MCK,0.020653557326652475
2024-05-24,MDLZ,-0.020653557326652475
2024-05-24,MDT,-0.020653557326652475
2024-05-24,META,0.020653557326652475
2024-05-24,MKC,-0.020653557326652475
2024-05-24,MKTX,-0.020653557326652475
2024-05-24,MLM,0.020653557326652475
2024-05-24,MNST,-0.020653557326652475
2024-05-24,MOS,-0.020653557326652475
2024-05-24,MPC,0.020653557326652475
2024-05-24,MRNA,-0.020653557326652475
2024-05-24,MTD,-0.020653557326652475
2024-05-24,NEE,-0.020653557326652475
2024-05-24,NFLX,0.020653557326652475
2024-05-24,NKE,-0.020653557326652475
2024-05-24,NRG,0.020653557326652475
2024-05-24,NTAP,0.020653557326652475
2024-05-24,NVDA,0.020653557326652475
2024-05-24,NVR,0.020653557326652475
2024-05-24,NWS,0.020653557326652475
2024-05-24,O,-0.020653557326652475
2024-05-24,ODFL,-0.020653557326652475
2024-05-24,OKE,0.020653557326652475
2024-05-24,ON,-0.020653557326652475
2024-05-24,PARA,-0.020653557326652475
2024-05-24,PAYC,-0.020653557326652475
2024-05-24,PCAR,0.020653557326652475
2024-05-24,PEP,-0.020653557326652475
2024-05-24,PFE,-0.020653557326652475
2024-05-24,PGR,0.020653557326652475
2024-05-24,PH,0.020653557326652475
2024-05-24,PHM,0.020653557326652475
2024-05-24,PKG,0.020653557326652475
2024-05-24,PLD,-0.020653557326652475
2024-05-24,PNR,0.020653557326652475
2024-05-24,PODD,-0.020653557326652475
2024-05-24,PRU,0.020653557326652475
2024-05-24,PSA,-0.020653557326652475
2024-05-24,PSX,0.020653557326652475
2024-05-24,PTC,0.020653557326652475
2024-05-24,PWR,0.020653557326652475
2024-05-24,QCOM,0.020653557326652475
2024-05-24,RCL,0.020653557326652475
2024-05-24,RMD,-0.020653557326652475
2024-05-24,ROP,0.020653557326652475
2024-05-24,ROST,0.020653557326652475
2024-05-24,RSG,0.020653557326652475
2024-05-24,RVTY,-0.020653557326652475
2024-05-24,SBAC,-0.020653557326652475
2024-05-24,SBUX,-0.020653557326652475
2024-05-24,SHW,0.020653557326652475
2024-05-24,SJM,-0.020653557326652475
2024-05-24,SPG,0.020653557326652475
2024-05-24,SRE,-0.020653557326652475
2024-05-24,SYF,0.020653557326652475
2024-05-24,TDG,0.020653557326652475
2024-05-24,TDY,-0.020653557326652475
2024-05-24,TECH,-0.020653557326652475
2024-05-24,TFX,-0.020653557326652475
2024-05-24,TJX,0.020653557326652475
2024-05-24,TRGP,0.020653557326652475
2024-05-24,TT,0.020653557326652475
2024-05-24,ULTA,-0.020653557326652475
2024-05-24,UPS,-0.020653557326652475
2024-05-24,URI,0.020653557326652475
2024-05-24,V,0.020653557326652475
2024-05-24,VICI,-0.020653557326652475
2024-05-24,VMC,0.020653557326652475
2024-05-24,VRSN,-0.020653557326652475
2024-05-24,WAB,0.020653557326652475
2024-05-24,WBA,-0.020653557326652475
2024-05-24,WBD,-0.020653557326652475
2024-05-24,WDC,0.020653557326652475
2024-05-24,WEC,-0.020653557326652475
2024-05-24,WFC,0.020653557326652475
2024-05-24,WM,0.020653557326652475
2024-05-24,WMB,0.020653557326652475
2024-05-24,WMT,-0.020653557326652475
2024-05-24,WRB,0.020653557326652475
2024-05-24,WRK,0.020653557326652475
2024-05-24,XEL,-0.020653557326652475
2024-05-24,ZBH,-0.020653557326652475
2024-05-24,ZTS,-0.020653557326652475
2024-05-31,ACGL,0.021032972236854894
2024-05-31,ADM,-0.021032972236854894
2024-05-31,AEE,-0.021032972236854894
2024-05-31,AFL,0.021032972236854894
2024-05-31,AIG,0.021032972236854894
2024-05-31,AIZ,0.021032972236854894
2024-05-31,ALB,-0.021032972236854894
2024-05-31,ALL,0.021032972236854894
2024-05-31,AMP,0.021032972236854894
2024-05-31,AMZN,0.021032972236854894
2024-05-31,AON,-0.021032972236854894
2024-05-31,APA,-0.021032972236854894
2024-05-31,APD,-0.021032972236854894
2024-05-31,APH,0.021032972236854894
2024-05-31,APTV,-0.021032972236854894
2024-05-31,AVY,0.021032972236854894
2024-05-31,AWK,-0.021032972236854894
2024-05-31,AXON,0.021032972236854894
2024-05-31,AXP,0.021032972236854894
2024-05-31,BA,-0.021032972236854894
2024-05-31,BAX,-0.021032972236854894
2024-05-31,BFB,-0.021032972236854894
2024-05-31,BIIB,-0.021032972236854894
2024-05-31,BIO,-0.021032972236854894
2024-05-31,BK,0.021032972236854894
2024-05-31,BMY,-0.021032972236854894
2024-05-31,BR,0.021032972236854894
2024-05-31,BRKB,0.021032972236854894
2024-05-31,BRO,0.021032972236854894
2024-05-31,BSX,0.021032972236854894
2024-05-31,BWA,-0.021032972236854894
2024-05-31,CAG,-0.021032972236854894
2024-05-31,CAT,0.021032972236854894
2024-05-31,CB,0.021032972236854894
2024-05-31,CBOE,0.021032972236854894
2024-05-31,CCI,-0.021032972236854894
2024-05-31,CE,0.021032972236854894
2024-05-31,CEG,0.021032972236854894
2024-05-31,CHRW,-0.021032972236854894
2024-05-31,CHTR,-0.021032972236854894
2024-05-31,CL,0.021032972236854894
2024-05-31,CLX,-0.021032972236854894
2024-05-31,CMG,0.021032972236854894
2024-05-31,COO,-0.021032972236854894
2024-05-31,COST,0.021032972236854894
2024-05-31,CPB,-0.021032972236854894
2024-05-31,CPRT,-0.021032972236854894
2024-05-31,CSCO,-0.021032972236854894
2024-05-31,CTAS,0.021032972236854894
2024-05-31,CVS,-0.021032972236854894
2024-05-31,CZR,-0.021032972236854894
2024-05-31,DG,-0.021032972236854894
2024-05-31,DLTR,-0.021032972236854894
2024-05-31,DOV,0.021032972236854894
2024-05-31,DPZ,0.021032972236854894
2024-05-31,DRI,-0.021032972236854894
2024-05-31,ECL,0.021032972236854894
2024-05-31,EL,-0.021032972236854894
2024-05-31,EMR,0.021032972236854894
2024-05-31,ENPH,-0.021032972236854894
2024-05-31,EQIX,-0.021032972236854894
2024-05-31,ES,-0.021032972236854894
2024-05-31,ETN,0.021032972236854894
2024-05-31,ETSY,-0.021032972236854894
2024-05-31,EVRG,-0.021032972236854894
2024-05-31,EXC,-0.021032972236854894
2024-05-31,FANG,0.021032972236854894
2024-05-31,FICO,0.021032972236854894
2024-05-31,FITB,0.021032972236854894
2024-05-31,FMC,-0.021032972236854894
2024-05-31,FSLR,-0.021032972236854894
2024-05-31,GD,0.021032972236854894
2024-05-31,GE,0.021032972236854894
2024-05-31,GILD,-0.021032972236854894
2024-05-31,GIS,-0.021032972236854894
2024-05-31,GL,-0.021032972236854894
2024-05-31,GRMN,0.021032972236854894
2024-05-31,GS,0.021032972236854894
2024-05-31,GWW,0.021032972236854894
2024-05-31,HIG,0.021032972236854894
2024-05-31,HLT,0.021032972236854894
2024-05-31,HOLX,-0.021032972236854894
2024-05-31,HPQ,-0.021032972236854894
2024-05-31,HRL,-0.021032972236854894
2024-05-31,HSIC,-0.021032972236854894
2024-05-31,HSY,-0.021032972236854894
2024-05-31,HUM,-0.021032972236854894
2024-05-31,HWM,0.021032972236854894
2024-05-31,ILMN,-0.021032972236854894
2024-05-31,INCY,-0.021032972236854894
2024-05-31,INTU,0.021032972236854894
2024-05-31,IPG,-0.021032972236854894
2024-05-31,IR,0.021032972236854894
2024-05-31,IRM,0.021032972236854894
2024-05-31,J,0.021032972236854894
2024-05-31,JPM,0.021032972236854894
2024-05-31,K,-0.021032972236854894
2024-05-31,KEYS,-0.021032972236854894
2024-05-31,KHC,-0.021032972236854894
2024-05-31,KLAC,0.021032972236854894
2024-05-31,L,0.021032972236854894
2024-05-31,LDOS,0.021032972236854894
2024-05-31,LH,-0.021032972236854894
2024-05-31,LKQ,-0.021032972236854894
2024-05-31,LLY,0.021032972236854894
2024-05-31,LUV,-0.021032972236854894
2024-05-31,LVS,-0.021032972236854894
2024-05-31,LW,-0.021032972236854894
2024-05-31,MAA,-0.021032972236854894
2024-05-31,MAR,0.021032972236854894
2024-05-31,MCD,-0.021032972236854894
2024-05-31,MCK,0.021032972236854894
2024-05-31,MDLZ,-0.021032972236854894
2024-05-31,MET,0.021032972236854894
2024-05-31,META,0.021032972236854894
2024-05-31,MKC,-0.021032972236854894
2024-05-31,MKTX,-0.021032972236854894
2024-05-31,MLM,0.021032972236854894
2024-05-31,MNST,-0.021032972236854894
2024-05-31,MOS,-0.021032972236854894
2024-05-31,MPC,0.021032972236854894
2024-05-31,MTCH,-0.021032972236854894
2024-05-31,MTD,-0.021032972236854894
2024-05-31,MU,0.021032972236854894
2024-05-31,NKE,-0.021032972236854894
2024-05-31,NRG,0.021032972236854894
2024-05-31,NVDA,0.021032972236854894
2024-05-31,NVR,0.021032972236854894
2024-05-31,O,-0.021032972236854894
2024-05-31,ODFL,-0.021032972236854894
2024-05-31,OKE,0.021032972236854894
2024-05-31,ON,-0.021032972236854894
2024-05-31,PARA,-0.021032972236854894
2024-05-31,PAYC,-0.021032972236854894
2024-05-31,PCAR,0.021032972236854894
2024-05-31,PEP,-0.021032972236854894
2024-05-31,PFE,-0.021032972236854894
2024-05-31,PGR,0.021032972236854894
2024-05-31,PH,0.021032972236854894
2024-05-31,PHM,0.021032972236854894
2024-05-31,PKG,0.021032972236854894
2024-05-31,PLD,-0.021032972236854894
2024-05-31,PNR,0.021032972236854894
2024-05-31,PODD,-0.021032972236854894
2024-05-31,PRU,0.021032972236854894
2024-05-31,PSA,-0.021032972236854894
2024-05-31,PSX,0.021032972236854894
2024-05-31,PWR,0.021032972236854894
2024-05-31,QCOM,0.021032972236854894
2024-05-31,RCL,0.021032972236854894
2024-05-31,REGN,0.021032972236854894
2024-05-31,RJF,0.021032972236854894
2024-05-31,RL,0.021032972236854894
2024-05-31,RSG,0.021032972236854894
2024-05-31,RVTY,-0.021032972236854894
2024-05-31,SBAC,-0.021032972236854894
2024-05-31,SBUX,-0.021032972236854894
2024-05-31,SJM,-0.021032972236854894
2024-05-31,SPG,0.021032972236854894
2024-05-31,SRE,-0.021032972236854894
2024-05-31,STLD,0.021032972236854894
2024-05-31,SWKS,-0.021032972236854894
2024-05-31,SYF,0.021032972236854894
2024-05-31,TAP,-0.021032972236854894
2024-05-31,TDG,0.021032972236854894
2024-05-31,TFX,-0.021032972236854894
2024-05-31,TRGP,0.021032972236854894
2024-05-31,TRV,0.021032972236854894
2024-05-31,TSLA,-0.021032972236854894
2024-05-31,TT,0.021032972236854894
2024-05-31,TXT,0.021032972236854894
2024-05-31,UDR,-0.021032972236854894
2024-05-31,UPS,-0.021032972236854894
2024-05-31,URI,0.021032972236854894
2024-05-31,VICI,-0.021032972236854894
2024-05-31,VLO,0.021032972236854894
2024-05-31,VMC,0.021032972236854894
2024-05-31,VRSN,-0.021032972236854894
2024-05-31,WAB,0.021032972236854894
2024-05-31,WBA,-0.021032972236854894
2024-05-31,WBD,-0.021032972236854894
2024-05-31,WDC,0.021032972236854894
2024-05-31,WELL,0.021032972236854894
2024-05-31,WFC,0.021032972236854894
2024-05-31,WM,0.021032972236854894
2024-05-31,WMB,0.021032972236854894
2024-05-31,WMT,-0.021032972236854894
2024-05-31,WRB,0.021032972236854894
2024-05-31,WRK,0.021032972236854894
2024-05-31,XEL,-0.021032972236854894
2024-05-31,XYL,0.021032972236854894
2024-05-31,ZBH,-0.021032972236854894
2024-06-07,ACGL,0.020295112954024235
2024-06-07,ADM,-0.020295112954024235
2024-06-07,AEE,-0.020295112954024235
2024-06-07,AIG,0.020295112954024235
2024-06-07,AIZ,0.020295112954024235
2024-06-07,ALB,-0.020295112954024235
2024-06-07,ALL,0.020295112954024235
2024-06-07,AMAT,0.020295112954024235
2024-06-07,AMGN,0.020295112954024235
2024-06-07,AMP,0.020295112954024235
2024-06-07,AMZN,0.020295112954024235
2024-06-07,ANET,0.020295112954024235
2024-06-07,AON,-0.020295112954024235
2024-06-07,APA,-0.020295112954024235
2024-06-07,APD,-0.020295112954024235
2024-06-07,APH,0.020295112954024235
2024-06-07,APTV,-0.020295112954024235
2024-06-07,AVGO,0.020295112954024235
2024-06-07,AVY,0.020295112954024235
2024-06-07,AWK,-0.020295112954024235
2024-06-07,AXON,0.020295112954024235
2024-06-07,AXP,0.020295112954024235
2024-06-07,BA,-0.020295112954024235
2024-06-07,BAX,-0.020295112954024235
2024-06-07,BDX,-0.020295112954024235
2024-06-07,BEN,-0.020295112954024235
2024-06-07,BFB,-0.020295112954024235
2024-06-07,BIIB,-0.020295112954024235
2024-06-07,BIO,-0.020295112954024235
2024-06-07,BK,0.020295112954024235
2024-06-07,BMY,-0.020295112954024235
2024-06-07,BRKB,0.020295112954024235
2024-06-07,BRO,0.020295112954024235
2024-06-07,BSX,0.020295112954024235
2024-06-07,BWA,-0.020295112954024235
2024-06-07,CAG,-0.020295112954024235
2024-06-07,CAT,0.020295112954024235
2024-06-07,CB,0.020295112954024235
2024-06-07,CBOE,0.020295112954024235
2024-06-07,CCI,-0.020295112954024235
2024-06-07,CEG,0.020295112954024235
2024-06-07,CHRW,-0.020295112954024235
2024-06-07,CHTR,-0.020295112954024235
2024-06-07,CL,0.020295112954024235
2024-06-07,CLX,-0.020295112954024235
2024-06-07,CMG,0.020295112954024235
2024-06-07,COO,-0.020295112954024235
2024-06-07,COST,0.020295112954024235
2024-06-07,CPRT,-0.020295112954024235
2024-06-07,CPT,-0.020295112954024235
2024-06-07,CSCO,-0.020295112954024235
2024-06-07,CTAS,0.020295112954024235
2024-06-07,CVS,-0.020295112954024235
2024-06-07,CZR,-0.020295112954024235
2024-06-07,DG,-0.020295112954024235
2024-06-07,DLTR,-0.020295112954024235
2024-06-07,DOV,0.020295112954024235
2024-06-07,DPZ,0.020295112954024235
2024-06-07,DRI,-0.020295112954024235
2024-06-07,ECL,0.020295112954024235
2024-06-07,EL,-0.020295112954024235
2024-06-07,EMR,0.020295112954024235
2024-06-07,ENPH,-0.020295112954024235
2024-06-07,EPAM,-0.020295112954024235
2024-06-07,ES,-0.020295112954024235
2024-06-07,ETN,0.020295112954024235
2024-06-07,ETSY,-0.020295112954024235
2024-06-07,EVRG,-0.020295112954024235
2024-06-07,EXC,-0.020295112954024235
2024-06-07,F,-0.020295112954024235
2024-06-07,FANG,0.020295112954024235
2024-06-07,FI,0.020295112954024235
2024-06-07,FICO,0.020295112954024235
2024-06-07,FMC,-0.020295112954024235
2024-06-07,FTNT,-0.020295112954024235
2024-06-07,GD,0.020295112954024235
2024-06-07,GE,0.020295112954024235
2024-06-07,GILD,-0.020295112954024235
2024-06-07,GIS,-0.020295112954024235
2024-06-07,GL,-0.020295112954024235
2024-06-07,GRMN,0.020295112954024235
2024-06-07,GS,0.020295112954024235
2024-06-07,GWW,0.020295112954024235
2024-06-07,HIG,0.020295112954024235
2024-06-07,HLT,0.020295112954024235
2024-06-07,HRL,-0.020295112954024235
2024-06-07,HSY,-0.020295112954024235
2024-06-07,HUM,-0.020295112954024235
2024-06-07,HWM,0.020295112954024235
2024-06-07,ILMN,-0.020295112954024235
2024-06-07,INCY,-0.020295112954024235
2024-06-07,INTU,0.020295112954024235
2024-06-07,IPG,-0.020295112954024235
2024-06-07,IR,0.020295112954024235
2024-06-07,IRM,0.020295112954024235
2024-06-07,JNJ,-0.020295112954024235
2024-06-07,JPM,0.020295112954024235
2024-06-07,K,-0.020295112954024235
2024-06-07,KEYS,-0.020295112954024235
2024-06-07,KHC,-0.020295112954024235
2024-06-07,KLAC,0.020295112954024235
2024-06-07,KMX,-0.020295112954024235
2024-06-07,L,0.020295112954024235
2024-06-07,LDOS,0.020295112954024235
2024-06-07,LH,-0.020295112954024235
2024-06-07,LKQ,-0.020295112954024235
2024-06-07,LLY,0.020295112954024235
2024-06-07,LUV,-0.020295112954024235
2024-06-07,LVS,-0.020295112954024235
2024-06-07,LW,-0.020295112954024235
2024-06-07,MAA,-0.020295112954024235
2024-06-07,MAR,0.020295112954024235
2024-06-07,MCD,-0.020295112954024235
2024-06-07,MCK,0.020295112954024235
2024-06-07,MET,0.020295112954024235
2024-06-07,META,0.020295112954024235
2024-06-07,MKC,-0.020295112954024235
2024-06-07,MKTX,-0.020295112954024235
2024-06-07,MLM,0.020295112954024235
2024-06-07,MOS,-0.020295112954024235
2024-06-07,MPC,0.020295112954024235
2024-06-07,MSI,0.020295112954024235
2024-06-07,MTCH,-0.020295112954024235
2024-06-07,MU,0.020295112954024235
2024-06-07,NKE,-0.020295112954024235
2024-06-07,NRG,0.020295112954024235
2024-06-07,NTAP,0.020295112954024235
2024-06-07,NVDA,0.020295112954024235
2024-06-07,NVR,0.020295112954024235
2024-06-07,O,-0.020295112954024235
2024-06-07,ODFL,-0.020295112954024235
2024-06-07,ON,-0.020295112954024235
2024-06-07,PARA,-0.020295112954024235
2024-06-07,PAYC,-0.020295112954024235
2024-06-07,PCAR,0.020295112954024235
2024-06-07,PFE,-0.020295112954024235
2024-06-07,PGR,0.020295112954024235
2024-06-07,PH,0.020295112954024235
2024-06-07,PHM,0.020295112954024235
2024-06-07,PKG,0.020295112954024235
2024-06-07,PLD,-0.020295112954024235
2024-06-07,PNR,0.020295112954024235
2024-06-07,PNW,-0.020295112954024235
2024-06-07,PODD,-0.020295112954024235
2024-06-07,PPG,-0.020295112954024235
2024-06-07,PRU,0.020295112954024235
2024-06-07,PSA,-0.020295112954024235
2024-06-07,PSX,0.020295112954024235
2024-06-07,PTC,0.020295112954024235
2024-06-07,PWR,0.020295112954024235
2024-06-07,QCOM,0.020295112954024235
2024-06-07,RCL,0.020295112954024235
2024-06-07,REGN,0.020295112954024235
2024-06-07,RJF,0.020295112954024235
2024-06-07,ROK,-0.020295112954024235
2024-06-07,ROST,0.020295112954024235
2024-06-07,RSG,0.020295112954024235
2024-06-07,SBAC,-0.020295112954024235
2024-06-07,SBUX,-0.020295112954024235
2024-06-07,SHW,0.020295112954024235
2024-06-07,SJM,-0.020295112954024235
2024-06-07,SPG,0.020295112954024235
2024-06-07,SRE,-0.020295112954024235
2024-06-07,STX,0.020295112954024235
2024-06-07,SWKS,-0.020295112954024235
2024-06-07,TAP,-0.020295112954024235
2024-06-07,TDG,0.020295112954024235
2024-06-07,TFX,-0.020295112954024235
2024-06-07,TJX,0.020295112954024235
2024-06-07,TMUS,0.020295112954024235
2024-06-07,TRGP,0.020295112954024235
2024-06-07,TRV,0.020295112954024235
2024-06-07,TSLA,-0.020295112954024235
2024-06-07,TT,0.020295112954024235
2024-06-07,TXT,0.020295112954024235
2024-06-07,UDR,-0.020295112954024235
2024-06-07,UPS,-0.020295112954024235
2024-06-07,URI,0.020295112954024235
2024-06-07,V,0.020295112954024235
2024-06-07,VICI,-0.020295112954024235
2024-06-07,VMC,0.020295112954024235
2024-06-07,VRSN,-0.020295112954024235
2024-06-07,WAB,0.020295112954024235
2024-06-07,WBA,-0.020295112954024235
2024-06-07,WBD,-0.020295112954024235
2024-06-07,WDC,0.020295112954024235
2024-06-07,WEC,-0.020295112954024235
2024-06-07,WFC,0.020295112954024235
2024-06-07,WM,0.020295112954024235
2024-06-07,WMT,-0.020295112954024235
2024-06-07,WRB,0.020295112954024235
2024-06-07,WRK,0.020295112954024235
2024-06-07,XEL,-0.020295112954024235
2024-06-07,ZBH,-0.020295112954024235
2024-06-14,AAL,-0.018772411730147914
2024-06-14,ACGL,0.018772411730147914
2024-06-14,ADM,-0.018772411730147914
2024-06-14,AEE,-0.018772411730147914
2024-06-14,AIG,0.018772411730147914
2024-06-14,AIZ,0.018772411730147914
2024-06-14,ALB,-0.018772411730147914
2024-06-14,ALGN,-0.018772411730147914
2024-06-14,ALL,0.018772411730147914
2024-06-14,AMAT,0.018772411730147914
2024-06-14,AMGN,0.018772411730147914
2024-06-14,AMP,0.018772411730147914
2024-06-14,AMZN,0.018772411730147914
2024-06-14,ANET,0.018772411730147914
2024-06-14,AON,-0.018772411730147914
2024-06-14,APA,-0.018772411730147914
2024-06-14,APD,-0.018772411730147914
2024-06-14,APH,0.018772411730147914
2024-06-14,APTV,-0.018772411730147914
2024-06-14,AVGO,0.018772411730147914
2024-06-14,AVY,0.018772411730147914
2024-06-14,AWK,-0.018772411730147914
2024-06-14,AXP,0.018772411730147914
2024-06-14,BA,-0.018772411730147914
2024-06-14,BAX,-0.018772411730147914
2024-06-14,BDX,-0.018772411730147914
2024-06-14,BEN,-0.018772411730147914
2024-06-14,BFB,-0.018772411730147914
2024-06-14,BIIB,-0.018772411730147914
2024-06-14,BIO,-0.018772411730147914
2024-06-14,BK,0.018772411730147914
2024-06-14,BMY,-0.018772411730147914
2024-06-14,BR,0.018772411730147914
2024-06-14,BRKB,0.018772411730147914
2024-06-14,BRO,0.018772411730147914
2024-06-14,BSX,0.018772411730147914
2024-06-14,BWA,-0.018772411730147914
2024-06-14,CAG,-0.018772411730147914
2024-06-14,CAT,0.018772411730147914
2024-06-14,CB,0.018772411730147914
2024-06-14,CBOE,0.018772411730147914
2024-06-14,CCI,-0.018772411730147914
2024-06-14,CEG,0.018772411730147914
2024-06-14,CHRW,-0.018772411730147914
2024-06-14,CHTR,-0.018772411730147914
2024-06-14,CL,0.018772411730147914
2024-06-14,CLX,-0.018772411730147914
2024-06-14,CMG,0.018772411730147914
2024-06-14,COO,-0.018772411730147914
2024-06-14,COST,0.018772411730147914
2024-06-14,CPRT,-0.018772411730147914
2024-06-14,CSCO,-0.018772411730147914
2024-06-14,CTAS,0.018772411730147914
2024-06-14,CVS,-0.018772411730147914
2024-06-14,CZR,-0.018772411730147914
2024-06-14,DG,-0.018772411730147914
2024-06-14,DLR,0.018772411730147914
2024-06-14,DLTR,-0.018772411730147914
2024-06-14,DPZ,0.018772411730147914
2024-06-14,DRI,-0.018772411730147914
2024-06-14,ECL,0.018772411730147914
2024-06-14,EL,-0.018772411730147914
2024-06-14,ENPH,-0.018772411730147914
2024-06-14,EPAM,-0.018772411730147914
2024-06-14,ES,-0.018772411730147914
2024-06-14,ETN,0.018772411730147914
2024-06-14,ETSY,-0.018772411730147914
2024-06-14,EVRG,-0.018772411730147914
2024-06-14,EXC,-0.018772411730147914
2024-06-14,F,-0.018772411730147914
2024-06-14,FANG,0.018772411730147914
2024-06-14,FI,0.018772411730147914
2024-06-14,FICO,0.018772411730147914
2024-06-14,FIS,0.018772411730147914
2024-06-14,FITB,0.018772411730147914
2024-06-14,FMC,-0.018772411730147914
2024-06-14,FTNT,-0.018772411730147914
2024-06-14,GD,0.018772411730147914
2024-06-14,GE,0.018772411730147914
2024-06-14,GILD,-0.018772411730147914
2024-06-14,GIS,-0.018772411730147914
2024-06-14,GL,-0.018772411730147914
2024-06-14,GOOG,0.018772411730147914
2024-06-14,GOOGL,0.018772411730147914
2024-06-14,GRMN,0.018772411730147914
2024-06-14,GS,0.018772411730147914
2024-06-14,HIG,0.018772411730147914
2024-06-14,HLT,0.018772411730147914
2024-06-14,HOLX,-0.018772411730147914
2024-06-14,HRL,-0.018772411730147914
2024-06-14,HSY,-0.018772411730147914
2024-06-14,HUM,-0.018772411730147914
2024-06-14,HWM,0.018772411730147914
2024-06-14,ILMN,-0.018772411730147914
2024-06-14,INCY,-0.018772411730147914
2024-06-14,INTU,0.018772411730147914
2024-06-14,IPG,-0.018772411730147914
2024-06-14,IR,0.018772411730147914
2024-06-14,IRM,0.018772411730147914
2024-06-14,JNJ,-0.018772411730147914
2024-06-14,JPM,0.018772411730147914
2024-06-14,KLAC,0.018772411730147914
2024-06-14,KMX,-0.018772411730147914
2024-06-14,L,0.018772411730147914
2024-06-14,LDOS,0.018772411730147914
2024-06-14,LH,-0.018772411730147914
2024-06-14,LKQ,-0.018772411730147914
2024-06-14,LLY,0.018772411730147914
2024-06-14,LRCX,0.018772411730147914
2024-06-14,LUV,-0.018772411730147914
2024-06-14,LVS,-0.018772411730147914
2024-06-14,LW,-0.018772411730147914
2024-06-14,MAA,-0.018772411730147914
2024-06-14,MAR,0.018772411730147914
2024-06-14,MCD,-0.018772411730147914
2024-06-14,MCK,0.018772411730147914
2024-06-14,MET,0.018772411730147914
2024-06-14,META,0.018772411730147914
2024-06-14,MKC,-0.018772411730147914
2024-06-14,MKTX,-0.018772411730147914
2024-06-14,MLM,0.018772411730147914
2024-06-14,MNST,-0.018772411730147914
2024-06-14,MOS,-0.018772411730147914
2024-06-14,MPC,0.018772411730147914
2024-06-14,MSI,0.018772411730147914
2024-06-14,MTCH,-0.018772411730147914
2024-06-14,MU,0.018772411730147914
2024-06-14,NCLH,-0.018772411730147914
2024-06-14,NKE,-0.018772411730147914
2024-06-14,NRG,0.018772411730147914
2024-06-14,NTAP,0.018772411730147914
2024-06-14,NVDA,0.018772411730147914
2024-06-14,NWS,0.018772411730147914
2024-06-14,NWSA,0.018772411730147914
2024-06-14,O,-0.018772411730147914
2024-06-14,ODFL,-0.018772411730147914
2024-06-14,OKE,0.018772411730147914
2024-06-14,ON,-0.018772411730147914
2024-06-14,PARA,-0.018772411730147914
2024-06-14,PAYC,-0.018772411730147914
2024-06-14,PCAR,0.018772411730147914
2024-06-14,PFE,-0.018772411730147914
2024-06-14,PGR,0.018772411730147914
2024-06-14,PH,0.018772411730147914
2024-06-14,PHM,0.018772411730147914
2024-06-14,PKG,0.018772411730147914
2024-06-14,PLD,-0.018772411730147914
2024-06-14,PNR,0.018772411730147914
2024-06-14,PNW,-0.018772411730147914
2024-06-14,PODD,-0.018772411730147914
2024-06-14,PRU,0.018772411730147914
2024-06-14,PSX,0.018772411730147914
2024-06-14,PTC,0.018772411730147914
2024-06-14,PWR,0.018772411730147914
2024-06-14,QCOM,0.018772411730147914
2024-06-14,RCL,0.018772411730147914
2024-06-14,ROK,-0.018772411730147914
2024-06-14,RSG,0.018772411730147914
2024-06-14,SBAC,-0.018772411730147914
2024-06-14,SBUX,-0.018772411730147914
2024-06-14,SJM,-0.018772411730147914
2024-06-14,SPG,0.018772411730147914
2024-06-14,SRE,-0.018772411730147914
2024-06-14,STX,0.018772411730147914
2024-06-14,SWKS,-0.018772411730147914
2024-06-14,TAP,-0.018772411730147914
2024-06-14,TDG,0.018772411730147914
2024-06-14,TFX,-0.018772411730147914
2024-06-14,TMUS,0.018772411730147914
2024-06-14,TRGP,0.018772411730147914
2024-06-14,TRV,0.018772411730147914
2024-06-14,TSLA,-0.018772411730147914
2024-06-14,TT,0.018772411730147914
2024-06-14,UDR,-0.018772411730147914
2024-06-14,ULTA,-0.018772411730147914
2024-06-14,UPS,-0.018772411730147914
2024-06-14,URI,0.018772411730147914
2024-06-14,V,0.018772411730147914
2024-06-14,VICI,-0.018772411730147914
2024-06-14,VRSN,-0.018772411730147914
2024-06-14,WAB,0.018772411730147914
2024-06-14,WBA,-0.018772411730147914
2024-06-14,WBD,-0.018772411730147914
2024-06-14,WDC,0.018772411730147914
2024-06-14,WEC,-0.018772411730147914
2024-06-14,WELL,0.018772411730147914
2024-06-14,WFC,0.018772411730147914
2024-06-14,WM,0.018772411730147914
2024-06-14,WMB,0.018772411730147914
2024-06-14,WMT,-0.018772411730147914
2024-06-14,WRB,0.018772411730147914
2024-06-14,WRK,0.018772411730147914
2024-06-14,XEL,-0.018772411730147914
2024-06-14,ZBH,-0.018772411730147914
2024-06-21,AAL,-0.01832201305573395
2024-06-21,ACGL,0.01832201305573395
2024-06-21,ADM,-0.01832201305573395
2024-06-21,AEE,-0.01832201305573395
2024-06-21,AFL,0.01832201305573395
2024-06-21,AIG,0.01832201305573395
2024-06-21,ALB,-0.01832201305573395
2024-06-21,ALGN,-0.01832201305573395
2024-06-21,ALL,0.01832201305573395
2024-06-21,AMAT,0.01832201305573395
2024-06-21,AMP,0.01832201305573395
2024-06-21,ANET,0.01832201305573395
2024-06-21,AON,-0.01832201305573395
2024-06-21,APD,-0.01832201305573395
2024-06-21,APH,0.01832201305573395
2024-06-21,APTV,-0.01832201305573395
2024-06-21,AVGO,0.01832201305573395
2024-06-21,AVY,0.01832201305573395
2024-06-21,AWK,-0.01832201305573395
2024-06-21,AXP,0.01832201305573395
2024-06-21,BA,-0.01832201305573395
2024-06-21,BAC,0.01832201305573395
2024-06-21,BAX,-0.01832201305573395
2024-06-21,BBY,-0.01832201305573395
2024-06-21,BDX,-0.01832201305573395
2024-06-21,BFB,-0.01832201305573395
2024-06-21,BIIB,-0.01832201305573395
2024-06-21,BIO,-0.01832201305573395
2024-06-21,BK,0.01832201305573395
2024-06-21,BMY,-0.01832201305573395
2024-06-21,BR,0.01832201305573395
2024-06-21,BRKB,0.01832201305573395
2024-06-21,BRO,0.01832201305573395
2024-06-21,BSX,0.01832201305573395
2024-06-21,BWA,-0.01832201305573395
2024-06-21,CAG,-0.01832201305573395
2024-06-21,CAT,0.01832201305573395
2024-06-21,CB,0.01832201305573395
2024-06-21,CBOE,0.01832201305573395
2024-06-21,CE,0.01832201305573395
2024-06-21,CEG,0.01832201305573395
2024-06-21,CHTR,-0.01832201305573395
2024-06-21,CL,0.01832201305573395
2024-06-21,CLX,-0.01832201305573395
2024-06-21,CMG,0.01832201305573395
2024-06-21,COO,-0.01832201305573395
2024-06-21,COST,0.01832201305573395
2024-06-21,CPRT,-0.01832201305573395
2024-06-21,CSCO,-0.01832201305573395
2024-06-21,CTAS,0.01832201305573395
2024-06-21,CVS,-0.01832201305573395
2024-06-21,CZR,-0.01832201305573395
2024-06-21,DE,-0.01832201305573395
2024-06-21,DG,-0.01832201305573395
2024-06-21,DLTR,-0.01832201305573395
2024-06-21,DOV,0.01832201305573395
2024-06-21,DPZ,0.01832201305573395
2024-06-21,DRI,-0.01832201305573395
2024-06-21,ECL,0.01832201305573395
2024-06-21,EL,-0.01832201305573395
2024-06-21,ENPH,-0.01832201305573395
2024-06-21,ES,-0.01832201305573395
2024-06-21,ETN,0.01832201305573395
2024-06-21,ETSY,-0.01832201305573395
2024-06-21,EVRG,-0.01832201305573395
2024-06-21,EXC,-0.01832201305573395
2024-06-21,F,-0.01832201305573395
2024-06-21,FANG,0.01832201305573395
2024-06-21,FICO,0.01832201305573395
2024-06-21,FIS,0.01832201305573395
2024-06-21,FMC,-0.01832201305573395
2024-06-21,FTNT,-0.01832201305573395
2024-06-21,GD,0.01832201305573395
2024-06-21,GE,0.01832201305573395
2024-06-21,GILD,-0.01832201305573395
2024-06-21,GIS,-0.01832201305573395
2024-06-21,GL,-0.01832201305573395
2024-06-21,GOOG,0.01832201305573395
2024-06-21,GOOGL,0.01832201305573395
2024-06-21,GPC,-0.01832201305573395
2024-06-21,GRMN,0.01832201305573395
2024-06-21,GS,0.01832201305573395
2024-06-21,GWW,0.01832201305573395
2024-06-21,HIG,0.01832201305573395
2024-06-21,HLT,0.01832201305573395
2024-06-21,HOLX,-0.01832201305573395
2024-06-21,HRL,-0.01832201305573395
2024-06-21,HSIC,-0.01832201305573395
2024-06-21,HSY,-0.01832201305573395
2024-06-21,HUM,-0.01832201305573395
2024-06-21,HWM,0.01832201305573395
2024-06-21,ILMN,-0.01832201305573395
2024-06-21,INTU,0.01832201305573395
2024-06-21,IPG,-0.01832201305573395
2024-06-21,IR,0.01832201305573395
2024-06-21,IRM,0.01832201305573395
2024-06-21,JBHT,-0.01832201305573395
2024-06-21,JNJ,-0.01832201305573395
2024-06-21,JPM,0.01832201305573395
2024-06-21,KLAC,0.01832201305573395
2024-06-21,L,0.01832201305573395
2024-06-21,LDOS,0.01832201305573395
2024-06-21,LH,-0.01832201305573395
2024-06-21,LKQ,-0.01832201305573395
2024-06-21,LLY,0.01832201305573395
2024-06-21,LRCX,0.01832201305573395
2024-06-21,LUV,-0.01832201305573395
2024-06-21,LVS,-0.01832201305573395
2024-06-21,LW,-0.01832201305573395
2024-06-21,MAA,-0.01832201305573395
2024-06-21,MAR,0.01832201305573395
2024-06-21,MCD,-0.01832201305573395
2024-06-21,MCK,0.01832201305573395
2024-06-21,MDLZ,-0.01832201305573395
2024-06-21,MDT,-0.01832201305573395
2024-06-21,MET,0.01832201305573395
2024-06-21,META,0.01832201305573395
2024-06-21,MKC,-0.01832201305573395
2024-06-21,MKTX,-0.01832201305573395
2024-06-21,MNST,-0.01832201305573395
2024-06-21,MOS,-0.01832201305573395
2024-06-21,MPC,0.01832201305573395
2024-06-21,MSI,0.01832201305573395
2024-06-21,MTCH,-0.01832201305573395
2024-06-21,MU,0.01832201305573395
2024-06-21,NKE,-0.01832201305573395
2024-06-21,NOW,0.01832201305573395
2024-06-21,NRG,0.01832201305573395
2024-06-21,NTAP,0.01832201305573395
2024-06-21,NVDA,0.01832201305573395
2024-06-21,NWS,0.01832201305573395
2024-06-21,NWSA,0.01832201305573395
2024-06-21,O,-0.01832201305573395
2024-06-21,ODFL,-0.01832201305573395
2024-06-21,OKE,0.01832201305573395
2024-06-21,ON,-0.01832201305573395
2024-06-21,PARA,-0.01832201305573395
2024-06-21,PAYC,-0.01832201305573395
2024-06-21,PCAR,0.01832201305573395
2024-06-21,PFE,-0.01832201305573395
2024-06-21,PGR,0.01832201305573395
2024-06-21,PH,0.01832201305573395
2024-06-21,PHM,0.01832201305573395
2024-06-21,PKG,0.01832201305573395
2024-06-21,PLD,-0.01832201305573395
2024-06-21,PNR,0.01832201305573395
2024-06-21,PNW,-0.01832201305573395
2024-06-21,PODD,-0.01832201305573395
2024-06-21,PPG,-0.01832201305573395
2024-06-21,PRU,0.01832201305573395
2024-06-21,PSX,0.01832201305573395
2024-06-21,PWR,0.01832201305573395
2024-06-21,QCOM,0.01832201305573395
2024-06-21,RCL,0.01832201305573395
2024-06-21,ROK,-0.01832201305573395
2024-06-21,RSG,0.01832201305573395
2024-06-21,SBAC,-0.01832201305573395
2024-06-21,SBUX,-0.01832201305573395
2024-06-21,SJM,-0.01832201305573395
2024-06-21,SRE,-0.01832201305573395
2024-06-21,STX,0.01832201305573395
2024-06-21,SWKS,-0.01832201305573395
2024-06-21,TAP,-0.01832201305573395
2024-06-21,TDG,0.01832201305573395
2024-06-21,TFX,-0.01832201305573395
2024-06-21,TJX,0.01832201305573395
2024-06-21,TMUS,0.01832201305573395
2024-06-21,TRGP,0.01832201305573395
2024-06-21,TRV,0.01832201305573395
2024-06-21,TSLA,-0.01832201305573395
2024-06-21,TT,0.01832201305573395
2024-06-21,TXT,0.01832201305573395
2024-06-21,ULTA,-0.01832201305573395
2024-06-21,UPS,-0.01832201305573395
2024-06-21,URI,0.01832201305573395
2024-06-21,V,0.01832201305573395
2024-06-21,VICI,-0.01832201305573395
2024-06-21,VLO,0.01832201305573395
2024-06-21,VRSN,-0.01832201305573395
2024-06-21,WAB,0.01832201305573395
2024-06-21,WBA,-0.01832201305573395
2024-06-21,WBD,-0.01832201305573395
2024-06-21,WDC,0.01832201305573395
2024-06-21,WEC,-0.01832201305573395
2024-06-21,WELL,0.01832201305573395
2024-06-21,WFC,0.01832201305573395
2024-06-21,WM,0.01832201305573395
2024-06-21,WMB,0.01832201305573395
2024-06-21,WMT,-0.01832201305573395
2024-06-21,WRB,0.01832201305573395
2024-06-21,WRK,0.01832201305573395
2024-06-21,WYNN,-0.01832201305573395
2024-06-21,XEL,-0.01832201305573395
2024-06-21,ZBH,-0.01832201305573395
2024-06-28,AAL,-0.018836133809396777
2024-06-28,ACGL,0.018836133809396777
2024-06-28,ADM,-0.018836133809396777
2024-06-28,AEE,-0.018836133809396777
2024-06-28,AFL,0.018836133809396777
2024-06-28,AIG,0.018836133809396777
2024-06-28,AIZ,0.018836133809396777
2024-06-28,ALB,-0.018836133809396777
2024-06-28,ALGN,-0.018836133809396777
2024-06-28,ALL,0.018836133809396777
2024-06-28,AMAT,0.018836133809396777
2024-06-28,AMGN,0.018836133809396777
2024-06-28,AMP,0.018836133809396777
2024-06-28,AMZN,0.018836133809396777
2024-06-28,ANET,0.018836133809396777
2024-06-28,AON,-0.018836133809396777
2024-06-28,APD,-0.018836133809396777
2024-06-28,APH,0.018836133809396777
2024-06-28,APTV,-0.018836133809396777
2024-06-28,AVGO,0.018836133809396777
2024-06-28,AVY,0.018836133809396777
2024-06-28,AWK,-0.018836133809396777
2024-06-28,AXON,0.018836133809396777
2024-06-28,AXP,0.018836133809396777
2024-06-28,BA,-0.018836133809396777
2024-06-28,BAC,0.018836133809396777
2024-06-28,BAX,-0.018836133809396777
2024-06-28,BDX,-0.018836133809396777
2024-06-28,BEN,-0.018836133809396777
2024-06-28,BFB,-0.018836133809396777
2024-06-28,BIIB,-0.018836133809396777
2024-06-28,BIO,-0.018836133809396777
2024-06-28,BK,0.018836133809396777
2024-06-28,BKNG,0.018836133809396777
2024-06-28,BMY,-0.018836133809396777
2024-06-28,BRKB,0.018836133809396777
2024-06-28,BRO,0.018836133809396777
2024-06-28,BSX,0.018836133809396777
2024-06-28,BWA,-0.018836133809396777
2024-06-28,C,0.018836133809396777
2024-06-28,CAG,-0.018836133809396777
2024-06-28,CAT,0.018836133809396777
2024-06-28,CB,0.018836133809396777
2024-06-28,CBOE,0.018836133809396777
2024-06-28,CCI,-0.018836133809396777
2024-06-28,CEG,0.018836133809396777
2024-06-28,CHTR,-0.018836133809396777
2024-06-28,CL,0.018836133809396777
2024-06-28,CLX,-0.018836133809396777
2024-06-28,CMG,0.018836133809396777
2024-06-28,COO,-0.018836133809396777
2024-06-28,COST,0.018836133809396777
2024-06-28,CPRT,-0.018836133809396777
2024-06-28,CSCO,-0.018836133809396777
2024-06-28,CTAS,0.018836133809396777
2024-06-28,CVS,-0.018836133809396777
2024-06-28,CZR,-0.018836133809396777
2024-06-28,DG,-0.018836133809396777
2024-06-28,DLTR,-0.018836133809396777
2024-06-28,DOV,0.018836133809396777
2024-06-28,DPZ,0.018836133809396777
2024-06-28,DRI,-0.018836133809396777
2024-06-28,ECL,0.018836133809396777
2024-06-28,EL,-0.018836133809396777
2024-06-28,EPAM,-0.018836133809396777
2024-06-28,ES,-0.018836133809396777
2024-06-28,ETN,0.018836133809396777
2024-06-28,ETSY,-0.018836133809396777
2024-06-28,EXC,-0.018836133809396777
2024-06-28,F,-0.018836133809396777
2024-06-28,FANG,0.018836133809396777
2024-06-28,FICO,0.018836133809396777
2024-06-28,FIS,0.018836133809396777
2024-06-28,FMC,-0.018836133809396777
2024-06-28,FTNT,-0.018836133809396777
2024-06-28,GD,0.018836133809396777
2024-06-28,GE,0.018836133809396777
2024-06-28,GILD,-0.018836133809396777
2024-06-28,GIS,-0.018836133809396777
2024-06-28,GOOG,0.018836133809396777
2024-06-28,GOOGL,0.018836133809396777
2024-06-28,GPC,-0.018836133809396777
2024-06-28,GRMN,0.018836133809396777
2024-06-28,GS,0.018836133809396777
2024-06-28,HIG,0.018836133809396777
2024-06-28,HLT,0.018836133809396777
2024-06-28,HOLX,-0.018836133809396777
2024-06-28,HRL,-0.018836133809396777
2024-06-28,HSIC,-0.018836133809396777
2024-06-28,HSY,-0.018836133809396777
2024-06-28,HUM,-0.018836133809396777
2024-06-28,HWM,0.018836133809396777
2024-06-28,IPG,-0.018836133809396777
2024-06-28,IR,0.018836133809396777
2024-06-28,IRM,0.018836133809396777
2024-06-28,JBHT,-0.018836133809396777
2024-06-28,JNJ,-0.018836133809396777
2024-06-28,JPM,0.018836133809396777
2024-06-28,K,-0.018836133809396777
2024-06-28,KEYS,-0.018836133809396777
2024-06-28,KLAC,0.018836133809396777
2024-06-28,KMX,-0.018836133809396777
2024-06-28,L,0.018836133809396777
2024-06-28,LDOS,0.018836133809396777
2024-06-28,LH,-0.018836133809396777
2024-06-28,LKQ,-0.018836133809396777
2024-06-28,LLY,0.018836133809396777
2024-06-28,LRCX,0.018836133809396777
2024-06-28,LUV,-0.018836133809396777
2024-06-28,LVS,-0.018836133809396777
2024-06-28,LW,-0.018836133809396777
2024-06-28,MAA,-0.018836133809396777
2024-06-28,MCD,-0.018836133809396777
2024-06-28,MCK,0.018836133809396777
2024-06-28,MET,0.018836133809396777
2024-06-28,META,0.018836133809396777
2024-06-28,MKC,-0.018836133809396777
2024-06-28,MKTX,-0.018836133809396777
2024-06-28,MNST,-0.018836133809396777
2024-06-28,MOS,-0.018836133809396777
2024-06-28,MPC,0.018836133809396777
2024-06-28,MSI,0.018836133809396777
2024-06-28,MTCH,-0.018836133809396777
2024-06-28,MU,0.018836133809396777
2024-06-28,NFLX,0.018836133809396777
2024-06-28,NKE,-0.018836133809396777
2024-06-28,NRG,0.018836133809396777
2024-06-28,NTAP,0.018836133809396777
2024-06-28,NVDA,0.018836133809396777
2024-06-28,NWS,0.018836133809396777
2024-06-28,NWSA,0.018836133809396777
2024-06-28,O,-0.018836133809396777
2024-06-28,ODFL,-0.018836133809396777
2024-06-28,OKE,0.018836133809396777
2024-06-28,ON,-0.018836133809396777
2024-06-28,PARA,-0.018836133809396777
2024-06-28,PAYC,-0.018836133809396777
2024-06-28,PEP,-0.018836133809396777
2024-06-28,PFE,-0.018836133809396777
2024-06-28,PGR,0.018836133809396777
2024-06-28,PH,0.018836133809396777
2024-06-28,PHM,0.018836133809396777
2024-06-28,PKG,0.018836133809396777
2024-06-28,PLD,-0.018836133809396777
2024-06-28,PODD,-0.018836133809396777
2024-06-28,PPG,-0.018836133809396777
2024-06-28,PRU,0.018836133809396777
2024-06-28,PSX,0.018836133809396777
2024-06-28,PWR,0.018836133809396777
2024-06-28,QCOM,0.018836133809396777
2024-06-28,RCL,0.018836133809396777
2024-06-28,REGN,0.018836133809396777
2024-06-28,RL,0.018836133809396777
2024-06-28,ROK,-0.018836133809396777
2024-06-28,ROST,0.018836133809396777
2024-06-28,RSG,0.018836133809396777
2024-06-28,SBAC,-0.018836133809396777
2024-06-28,SBUX,-0.018836133809396777
2024-06-28,SJM,-0.018836133809396777
2024-06-28,SRE,-0.018836133809396777
2024-06-28,STX,0.018836133809396777
2024-06-28,SWKS,-0.018836133809396777
2024-06-28,TAP,-0.018836133809396777
2024-06-28,TDG,0.018836133809396777
2024-06-28,TFX,-0.018836133809396777
2024-06-28,TJX,0.018836133809396777
2024-06-28,TMUS,0.018836133809396777
2024-06-28,TRGP,0.018836133809396777
2024-06-28,TRV,0.018836133809396777
2024-06-28,TSCO,0.018836133809396777
2024-06-28,TSLA,-0.018836133809396777
2024-06-28,TT,0.018836133809396777
2024-06-28,UDR,-0.018836133809396777
2024-06-28,ULTA,-0.018836133809396777
2024-06-28,UPS,-0.018836133809396777
2024-06-28,URI,0.018836133809396777
2024-06-28,VICI,-0.018836133809396777
2024-06-28,VRSN,-0.018836133809396777
2024-06-28,WAB,0.018836133809396777
2024-06-28,WBA,-0.018836133809396777
2024-06-28,WBD,-0.018836133809396777
2024-06-28,WDC,0.018836133809396777
2024-06-28,WEC,-0.018836133809396777
2024-06-28,WELL,0.018836133809396777
2024-06-28,WFC,0.018836133809396777
2024-06-28,WM,0.018836133809396777
2024-06-28,WMT,-0.018836133809396777
2024-06-28,WRB,0.018836133809396777
2024-06-28,WRK,0.018836133809396777
2024-06-28,WY,-0.018836133809396777
2024-06-28,XEL,-0.018836133809396777
2024-06-28,ZBH,-0.018836133809396777
2024-07-05,AAL,-0.01871508907912674
2024-07-05,ACGL,0.01871508907912674
2024-07-05,ADM,-0.01871508907912674
2024-07-05,AEE,-0.01871508907912674
2024-07-05,AFL,0.01871508907912674
2024-07-05,AIG,0.01871508907912674
2024-07-05,AIZ,0.01871508907912674
2024-07-05,ALB,-0.01871508907912674
2024-07-05,ALGN,-0.01871508907912674
2024-07-05,ALL,0.01871508907912674
2024-07-05,AMAT,0.01871508907912674
2024-07-05,AMGN,0.01871508907912674
2024-07-05,AMP,0.01871508907912674
2024-07-05,AMZN,0.01871508907912674
2024-07-05,ANET,0.01871508907912674
2024-07-05,AON,-0.01871508907912674
2024-07-05,APA,-0.01871508907912674
2024-07-05,APH,0.01871508907912674
2024-07-05,APTV,-0.01871508907912674
2024-07-05,AVGO,0.01871508907912674
2024-07-05,AVY,0.01871508907912674
2024-07-05,AWK,-0.01871508907912674
2024-07-05,AXON,0.01871508907912674
2024-07-05,AXP,0.01871508907912674
2024-07-05,BAC,0.01871508907912674
2024-07-05,BAX,-0.01871508907912674
2024-07-05,BDX,-0.01871508907912674
2024-07-05,BEN,-0.01871508907912674
2024-07-05,BFB,-0.01871508907912674
2024-07-05,BIIB,-0.01871508907912674
2024-07-05,BIO,-0.01871508907912674
2024-07-05,BK,0.01871508907912674
2024-07-05,BKNG,0.01871508907912674
2024-07-05,BMY,-0.01871508907912674
2024-07-05,BRKB,0.01871508907912674
2024-07-05,BRO,0.01871508907912674
2024-07-05,BSX,0.01871508907912674
2024-07-05,BWA,-0.01871508907912674
2024-07-05,C,0.01871508907912674
2024-07-05,CAG,-0.01871508907912674
2024-07-05,CAT,0.01871508907912674
2024-07-05,CB,0.01871508907912674
2024-07-05,CBOE,0.01871508907912674
2024-07-05,CCI,-0.01871508907912674
2024-07-05,CEG,0.01871508907912674
2024-07-05,CHTR,-0.01871508907912674
2024-07-05,CL,0.01871508907912674
2024-07-05,CLX,-0.01871508907912674
2024-07-05,CMG,0.01871508907912674
2024-07-05,COO,-0.01871508907912674
2024-07-05,COST,0.01871508907912674
2024-07-05,CPRT,-0.01871508907912674
2024-07-05,CSCO,-0.01871508907912674
2024-07-05,CSGP,-0.01871508907912674
2024-07-05,CTAS,0.01871508907912674
2024-07-05,CVS,-0.01871508907912674
2024-07-05,CZR,-0.01871508907912674
2024-07-05,DG,-0.01871508907912674
2024-07-05,DLTR,-0.01871508907912674
2024-07-05,DPZ,0.01871508907912674
2024-07-05,DRI,-0.01871508907912674
2024-07-05,ECL,0.01871508907912674
2024-07-05,EL,-0.01871508907912674
2024-07-05,EPAM,-0.01871508907912674
2024-07-05,ES,-0.01871508907912674
2024-07-05,ETN,0.01871508907912674
2024-07-05,ETSY,-0.01871508907912674
2024-07-05,EVRG,-0.01871508907912674
2024-07-05,EXC,-0.01871508907912674
2024-07-05,F,-0.01871508907912674
2024-07-05,FANG,0.01871508907912674
2024-07-05,FICO,0.01871508907912674
2024-07-05,FMC,-0.01871508907912674
2024-07-05,FTNT,-0.01871508907912674
2024-07-05,GD,0.01871508907912674
2024-07-05,GE,0.01871508907912674
2024-07-05,GILD,-0.01871508907912674
2024-07-05,GIS,-0.01871508907912674
2024-07-05,GL,-0.01871508907912674
2024-07-05,GOOG,0.01871508907912674
2024-07-05,GOOGL,0.01871508907912674
2024-07-05,GPC,-0.01871508907912674
2024-07-05,GRMN,0.01871508907912674
2024-07-05,GS,0.01871508907912674
2024-07-05,HIG,0.01871508907912674
2024-07-05,HLT,0.01871508907912674
2024-07-05,HRL,-0.01871508907912674
2024-07-05,HSIC,-0.01871508907912674
2024-07-05,HSY,-0.01871508907912674
2024-07-05,HUM,-0.01871508907912674
2024-07-05,HWM,0.01871508907912674
2024-07-05,IP,0.01871508907912674
2024-07-05,IPG,-0.01871508907912674
2024-07-05,IR,0.01871508907912674
2024-07-05,IRM,0.01871508907912674
2024-07-05,JBHT,-0.01871508907912674
2024-07-05,JNJ,-0.01871508907912674
2024-07-05,JPM,0.01871508907912674
2024-07-05,K,-0.01871508907912674
2024-07-05,KEYS,-0.01871508907912674
2024-07-05,KLAC,0.01871508907912674
2024-07-05,KMX,-0.01871508907912674
2024-07-05,L,0.01871508907912674
2024-07-05,LDOS,0.01871508907912674
2024-07-05,LKQ,-0.01871508907912674
2024-07-05,LLY,0.01871508907912674
2024-07-05,LRCX,0.01871508907912674
2024-07-05,LUV,-0.01871508907912674
2024-07-05,LVS,-0.01871508907912674
2024-07-05,LW,-0.01871508907912674
2024-07-05,MAA,-0.01871508907912674
2024-07-05,MAR,0.01871508907912674
2024-07-05,MCD,-0.01871508907912674
2024-07-05,MCK,0.01871508907912674
2024-07-05,META,0.01871508907912674
2024-07-05,MKC,-0.01871508907912674
2024-07-05,MKTX,-0.01871508907912674
2024-07-05,MNST,-0.01871508907912674
2024-07-05,MOS,-0.01871508907912674
2024-07-05,MPC,0.01871508907912674
2024-07-05,MSI,0.01871508907912674
2024-07-05,MTCH,-0.01871508907912674
2024-07-05,MU,0.01871508907912674
2024-07-05,NFLX,0.01871508907912674
2024-07-05,NRG,0.01871508907912674
2024-07-05,NTAP,0.01871508907912674
2024-07-05,NVDA,0.01871508907912674
2024-07-05,NWS,0.01871508907912674
2024-07-05,NWSA,0.01871508907912674
2024-07-05,O,-0.01871508907912674
2024-07-05,ODFL,-0.01871508907912674
2024-07-05,OKE,0.01871508907912674
2024-07-05,ON,-0.01871508907912674
2024-07-05,PARA,-0.01871508907912674
2024-07-05,PAYC,-0.01871508907912674
2024-07-05,PCAR,0.01871508907912674
2024-07-05,PEP,-0.01871508907912674
2024-07-05,PFE,-0.01871508907912674
2024-07-05,PGR,0.01871508907912674
2024-07-05,PH,0.01871508907912674
2024-07-05,PHM,0.01871508907912674
2024-07-05,PKG,0.01871508907912674
2024-07-05,PLD,-0.01871508907912674
2024-07-05,PODD,-0.01871508907912674
2024-07-05,PPG,-0.01871508907912674
2024-07-05,PRU,0.01871508907912674
2024-07-05,PSX,0.01871508907912674
2024-07-05,PTC,0.01871508907912674
2024-07-05,QCOM,0.01871508907912674
2024-07-05,RCL,0.01871508907912674
2024-07-05,REGN,0.01871508907912674
2024-07-05,RL,0.01871508907912674
2024-07-05,ROK,-0.01871508907912674
2024-07-05,ROST,0.01871508907912674
2024-07-05,RSG,0.01871508907912674
2024-07-05,SBAC,-0.01871508907912674
2024-07-05,SBUX,-0.01871508907912674
2024-07-05,SJM,-0.01871508907912674
2024-07-05,SLB,-0.01871508907912674
2024-07-05,SRE,-0.01871508907912674
2024-07-05,STX,0.01871508907912674
2024-07-05,SWKS,-0.01871508907912674
2024-07-05,TAP,-0.01871508907912674
2024-07-05,TDG,0.01871508907912674
2024-07-05,TJX,0.01871508907912674
2024-07-05,TMUS,0.01871508907912674
2024-07-05,TRGP,0.01871508907912674
2024-07-05,TRV,0.01871508907912674
2024-07-05,TSLA,-0.01871508907912674
2024-07-05,TT,0.01871508907912674
2024-07-05,UDR,-0.01871508907912674
2024-07-05,ULTA,-0.01871508907912674
2024-07-05,UPS,-0.01871508907912674
2024-07-05,VICI,-0.01871508907912674
2024-07-05,VRSN,-0.01871508907912674
2024-07-05,VRTX,0.01871508907912674
2024-07-05,WAB,0.01871508907912674
2024-07-05,WBA,-0.01871508907912674
2024-07-05,WBD,-0.01871508907912674
2024-07-05,WDC,0.01871508907912674
2024-07-05,WEC,-0.01871508907912674
2024-07-05,WELL,0.01871508907912674
2024-07-05,WFC,0.01871508907912674
2024-07-05,WM,0.01871508907912674
2024-07-05,WMB,0.01871508907912674
2024-07-05,WMT,-0.01871508907912674
2024-07-05,WRB,0.01871508907912674
2024-07-05,WRK,0.01871508907912674
2024-07-05,WST,-0.01871508907912674
2024-07-05,WY,-0.01871508907912674
2024-07-05,XEL,-0.01871508907912674
2024-07-05,ZBH,-0.01871508907912674
2024-07-12,AAL,-0.01806047139177326
2024-07-12,ABBV,0.01806047139177326
2024-07-12,ACGL,0.01806047139177326
2024-07-12,ACN,-0.01806047139177326
2024-07-12,ADM,-0.01806047139177326
2024-07-12,AEE,-0.01806047139177326
2024-07-12,AFL,0.01806047139177326
2024-07-12,AIG,0.01806047139177326
2024-07-12,AIZ,0.01806047139177326
2024-07-12,AJG,0.01806047139177326
2024-07-12,ALB,-0.01806047139177326
2024-07-12,ALGN,-0.01806047139177326
2024-07-12,ALL,0.01806047139177326
2024-07-12,AMAT,0.01806047139177326
2024-07-12,AMGN,0.01806047139177326
2024-07-12,AMP,0.01806047139177326
2024-07-12,AMZN,0.01806047139177326
2024-07-12,ANET,0.01806047139177326
2024-07-12,AON,-0.01806047139177326
2024-07-12,APA,-0.01806047139177326
2024-07-12,APH,-0.018060471391773258
2024-07-12,APTV,-0.01806047139177326
2024-07-12,AVGO,0.01806047139177326
2024-07-12,AVY,0.01806047139177326
2024-07-12,AWK,-0.01806047139177326
2024-07-12,AXON,0.01806047139177326
2024-07-12,AXP,0.01806047139177326
2024-07-12,BAC,0.01806047139177326
2024-07-12,BAX,-0.01806047139177326
2024-07-12,BDX,-0.01806047139177326
2024-07-12,BEN,-0.01806047139177326
2024-07-12,BFB,-0.01806047139177326
2024-07-12,BIIB,-0.01806047139177326
2024-07-12,BIO,-0.01806047139177326
2024-07-12,BK,0.01806047139177326
2024-07-12,BKNG,0.01806047139177326
2024-07-12,BMY,-0.01806047139177326
2024-07-12,BRKB,0.01806047139177326
2024-07-12,BRO,0.01806047139177326
2024-07-12,BSX,0.01806047139177326
2024-07-12,BWA,-0.01806047139177326
2024-07-12,CAG,-0.01806047139177326
2024-07-12,CB,0.01806047139177326
2024-07-12,CEG,0.01806047139177326
2024-07-12,CHTR,-0.01806047139177326
2024-07-12,CL,0.01806047139177326
2024-07-12,CLX,-0.01806047139177326
2024-07-12,CMG,0.01806047139177326
2024-07-12,COO,-0.01806047139177326
2024-07-12,COST,0.01806047139177326
2024-07-12,CPRT,-0.01806047139177326
2024-07-12,CSCO,-0.01806047139177326
2024-07-12,CTAS,0.01806047139177326
2024-07-12,CZR,-0.01806047139177326
2024-07-12,DG,-0.01806047139177326
2024-07-12,DLTR,-0.01806047139177326
2024-07-12,DPZ,0.01806047139177326
2024-07-12,DRI,-0.01806047139177326
2024-07-12,ECL,0.01806047139177326
2024-07-12,EL,-0.01806047139177326
2024-07-12,ELV,0.01806047139177326
2024-07-12,EPAM,-0.01806047139177326
2024-07-12,ES,-0.01806047139177326
2024-07-12,ETN,0.01806047139177326
2024-07-12,ETSY,-0.01806047139177326
2024-07-12,EVRG,-0.01806047139177326
2024-07-12,EXC,-0.01806047139177326
2024-07-12,F,-0.01806047139177326
2024-07-12,FANG,0.01806047139177326
2024-07-12,FICO,0.01806047139177326
2024-07-12,FMC,-0.01806047139177326
2024-07-12,FTNT,-0.01806047139177326
2024-07-12,GD,0.01806047139177326
2024-07-12,GE,0.01806047139177326
2024-07-12,GILD,-0.01806047139177326
2024-07-12,GIS,-0.01806047139177326
2024-07-12,GOOG,0.01806047139177326
2024-07-12,GOOGL,0.01806047139177326
2024-07-12,GPC,-0.01806047139177326
2024-07-12,GPN,-0.01806047139177326
2024-07-12,GRMN,0.01806047139177326
2024-07-12,GS,0.01806047139177326
2024-07-12,HIG,0.01806047139177326
2024-07-12,HLT,0.01806047139177326
2024-07-12,HOLX,-0.01806047139177326
2024-07-12,HRL,-0.01806047139177326
2024-07-12,HSIC,-0.01806047139177326
2024-07-12,HSY,-0.01806047139177326
2024-07-12,HUM,-0.01806047139177326
2024-07-12,HWM,0.01806047139177326
2024-07-12,IBM,0.01806047139177326
2024-07-12,IP,0.01806047139177326
2024-07-12,IPG,-0.01806047139177326
2024-07-12,IR,0.01806047139177326
2024-07-12,IRM,0.01806047139177326
2024-07-12,IVZ,-0.01806047139177326
2024-07-12,JBHT,-0.01806047139177326
2024-07-12,JNJ,-0.01806047139177326
2024-07-12,JPM,0.01806047139177326
2024-07-12,K,-0.01806047139177326
2024-07-12,KEYS,-0.01806047139177326
2024-07-12,KLAC,0.01806047139177326
2024-07-12,L,0.01806047139177326
2024-07-12,LDOS,0.01806047139177326
2024-07-12,LKQ,-0.01806047139177326
2024-07-12,LLY,0.01806047139177326
2024-07-12,LNT,-0.01806047139177326
2024-07-12,LRCX,0.01806047139177326
2024-07-12,LUV,-0.01806047139177326
2024-07-12,LVS,-0.01806047139177326
2024-07-12,LW,-0.01806047139177326
2024-07-12,MAA,-0.01806047139177326
2024-07-12,MAR,0.01806047139177326
2024-07-12,MCD,-0.01806047139177326
2024-07-12,MCK,0.01806047139177326
2024-07-12,META,0.01806047139177326
2024-07-12,MKC,-0.01806047139177326
2024-07-12,MKTX,-0.01806047139177326
2024-07-12,MNST,-0.01806047139177326
2024-07-12,MOS,-0.01806047139177326
2024-07-12,MPC,0.01806047139177326
2024-07-12,MSFT,0.01806047139177326
2024-07-12,MSI,0.01806047139177326
2024-07-12,MTCH,-0.01806047139177326
2024-07-12,MU,0.01806047139177326
2024-07-12,NFLX,0.01806047139177326
2024-07-12,NRG,0.01806047139177326
2024-07-12,NTAP,0.01806047139177326
2024-07-12,NVDA,-0.01806047139177326
2024-07-12,NWS,0.01806047139177326
2024-07-12,NWSA,0.01806047139177326
2024-07-12,O,-0.01806047139177326
2024-07-12,ODFL,-0.01806047139177326
2024-07-12,ON,-0.01806047139177326
2024-07-12,PARA,-0.01806047139177326
2024-07-12,PAYC,-0.01806047139177326
2024-07-12,PCAR,0.01806047139177326
2024-07-12,PEP,-0.01806047139177326
2024-07-12,PFE,-0.01806047139177326
2024-07-12,PGR,0.01806047139177326
2024-07-12,PH,0.01806047139177326
2024-07-12,PHM,0.01806047139177326
2024-07-12,PKG,0.01806047139177326
2024-07-12,PODD,-0.01806047139177326
2024-07-12,PPG,-0.01806047139177326
2024-07-12,PRU,0.01806047139177326
2024-07-12,PWR,0.01806047139177326
2024-07-12,QCOM,0.01806047139177326
2024-07-12,RCL,0.01806047139177326
2024-07-12,REGN,0.01806047139177326
2024-07-12,RL,0.01806047139177326
2024-07-12,ROK,-0.01806047139177326
2024-07-12,ROST,0.01806047139177326
2024-07-12,RSG,0.01806047139177326
2024-07-12,SBAC,-0.01806047139177326
2024-07-12,SBUX,-0.01806047139177326
2024-07-12,SJM,-0.01806047139177326
2024-07-12,SLB,-0.01806047139177326
2024-07-12,SRE,-0.01806047139177326
2024-07-12,STX,0.01806047139177326
2024-07-12,TAP,-0.01806047139177326
2024-07-12,TDG,0.01806047139177326
2024-07-12,TFX,-0.01806047139177326
2024-07-12,TJX,0.01806047139177326
2024-07-12,TMUS,0.01806047139177326
2024-07-12,TRGP,0.01806047139177326
2024-07-12,TRV,0.01806047139177326
2024-07-12,TSCO,0.01806047139177326
2024-07-12,TSLA,-0.01806047139177326
2024-07-12,TT,0.01806047139177326
2024-07-12,ULTA,-0.01806047139177326
2024-07-12,UPS,-0.01806047139177326
2024-07-12,VICI,-0.01806047139177326
2024-07-12,VRSN,-0.01806047139177326
2024-07-12,VRTX,0.01806047139177326
2024-07-12,WAB,0.01806047139177326
2024-07-12,WBA,-0.01806047139177326
2024-07-12,WBD,-0.01806047139177326
2024-07-12,WDC,0.01806047139177326
2024-07-12,WEC,-0.01806047139177326
2024-07-12,WELL,0.01806047139177326
2024-07-12,WFC,0.01806047139177326
2024-07-12,WM,0.01806047139177326
2024-07-12,WMB,0.01806047139177326
2024-07-12,WMT,-0.01806047139177326
2024-07-12,WRB,0.01806047139177326
2024-07-12,WRK,0.01806047139177326
2024-07-12,WY,-0.01806047139177326
2024-07-12,WYNN,-0.01806047139177326
2024-07-12,XEL,-0.01806047139177326
2024-07-12,XYL,0.01806047139177326
2024-07-12,ZBH,-0.01806047139177326
2024-07-19,AAL,-0.016294766507791894
2024-07-19,ACGL,0.016294766507791894
2024-07-19,ADM,-0.016294766507791894
2024-07-19,AEE,-0.016294766507791894
2024-07-19,AFL,0.016294766507791894
2024-07-19,AIG,0.016294766507791894
2024-07-19,AIZ,0.016294766507791894
2024-07-19,AJG,0.016294766507791894
2024-07-19,ALB,-0.016294766507791894
2024-07-19,ALL,0.016294766507791894
2024-07-19,AMAT,0.016294766507791894
2024-07-19,AMGN,0.016294766507791894
2024-07-19,AMP,0.016294766507791894
2024-07-19,AMZN,0.016294766507791894
2024-07-19,ANET,0.016294766507791894
2024-07-19,AON,-0.016294766507791894
2024-07-19,APA,-0.016294766507791894
2024-07-19,APH,-0.016294766507791894
2024-07-19,APTV,-0.016294766507791894
2024-07-19,AVGO,0.016294766507791894
2024-07-19,AVY,0.016294766507791894
2024-07-19,AWK,-0.016294766507791894
2024-07-19,AXON,0.016294766507791894
2024-07-19,AXP,0.016294766507791894
2024-07-19,BAX,-0.016294766507791894
2024-07-19,BEN,-0.016294766507791894
2024-07-19,BFB,-0.016294766507791894
2024-07-19,BIIB,-0.016294766507791894
2024-07-19,BIO,-0.016294766507791894
2024-07-19,BK,0.016294766507791894
2024-07-19,BKNG,0.016294766507791894
2024-07-19,BMY,-0.016294766507791894
2024-07-19,BRKB,0.016294766507791894
2024-07-19,BRO,0.016294766507791894
2024-07-19,BSX,0.016294766507791894
2024-07-19,BWA,-0.016294766507791894
2024-07-19,C,0.016294766507791894
2024-07-19,CAG,-0.016294766507791894
2024-07-19,CB,0.016294766507791894
2024-07-19,CBOE,0.016294766507791894
2024-07-19,CDNS,0.016294766507791894
2024-07-19,CEG,0.016294766507791894
2024-07-19,CHTR,-0.016294766507791894
2024-07-19,CL,0.016294766507791894
2024-07-19,CMG,0.016294766507791894
2024-07-19,COO,-0.016294766507791894
2024-07-19,COST,0.016294766507791894
2024-07-19,CPRT,-0.016294766507791894
2024-07-19,CSCO,-0.016294766507791894
2024-07-19,CSGP,-0.016294766507791894
2024-07-19,CTAS,0.016294766507791894
2024-07-19,CVS,-0.016294766507791894
2024-07-19,CZR,-0.016294766507791894
2024-07-19,DE,-0.016294766507791894
2024-07-19,DG,-0.016294766507791894
2024-07-19,DLTR,-0.016294766507791894
2024-07-19,DPZ,0.016294766507791894
2024-07-19,DRI,-0.016294766507791894
2024-07-19,ECL,0.016294766507791894
2024-07-19,EL,-0.016294766507791894
2024-07-19,ENPH,-0.016294766507791894
2024-07-19,EPAM,-0.016294766507791894
2024-07-19,ES,-0.016294766507791894
2024-07-19,ETN,0.016294766507791894
2024-07-19,ETSY,-0.016294766507791894
2024-07-19,EVRG,-0.016294766507791894
2024-07-19,EXC,-0.016294766507791894
2024-07-19,FANG,0.016294766507791894
2024-07-19,FICO,0.016294766507791894
2024-07-19,FMC,-0.016294766507791894
2024-07-19,FTNT,-0.016294766507791894
2024-07-19,GD,0.016294766507791894
2024-07-19,GE,0.016294766507791894
2024-07-19,GILD,-0.016294766507791894
2024-07-19,GIS,-0.016294766507791894
2024-07-19,GOOG,0.016294766507791894
2024-07-19,GOOGL,0.016294766507791894
2024-07-19,GPN,-0.016294766507791894
2024-07-19,GRMN,0.016294766507791894
2024-07-19,GS,0.016294766507791894
2024-07-19,HIG,0.016294766507791894
2024-07-19,HLT,0.016294766507791894
2024-07-19,HOLX,-0.016294766507791894
2024-07-19,HRL,-0.016294766507791894
2024-07-19,HSIC,-0.016294766507791894
2024-07-19,HSY,-0.016294766507791894
2024-07-19,HUM,-0.016294766507791894
2024-07-19,HWM,0.016294766507791894
2024-07-19,IBM,0.016294766507791894
2024-07-19,IP,0.016294766507791894
2024-07-19,IPG,-0.016294766507791894
2024-07-19,IR,0.016294766507791894
2024-07-19,IRM,0.016294766507791894
2024-07-19,JBHT,-0.016294766507791894
2024-07-19,JNJ,-0.016294766507791894
2024-07-19,JPM,0.016294766507791894
2024-07-19,K,-0.016294766507791894
2024-07-19,KEYS,-0.016294766507791894
2024-07-19,KHC,-0.016294766507791894
2024-07-19,KLAC,0.016294766507791894
2024-07-19,L,0.016294766507791894
2024-07-19,LDOS,0.016294766507791894
2024-07-19,LKQ,-0.016294766507791894
2024-07-19,LLY,0.016294766507791894
2024-07-19,LRCX,0.016294766507791894
2024-07-19,LUV,-0.016294766507791894
2024-07-19,LVS,-0.016294766507791894
2024-07-19,LW,-0.016294766507791894
2024-07-19,MAR,0.016294766507791894
2024-07-19,MCD,-0.016294766507791894
2024-07-19,MCK,0.016294766507791894
2024-07-19,MDLZ,-0.016294766507791894
2024-07-19,MDT,-0.016294766507791894
2024-07-19,META,0.016294766507791894
2024-07-19,MKC,-0.016294766507791894
2024-07-19,MKTX,-0.016294766507791894
2024-07-19,MMC,0.016294766507791894
2024-07-19,MNST,-0.016294766507791894
2024-07-19,MOS,-0.016294766507791894
2024-07-19,MPC,0.016294766507791894
2024-07-19,MPWR,0.016294766507791894
2024-07-19,MSFT,0.016294766507791894
2024-07-19,MSI,0.016294766507791894
2024-07-19,MTCH,-0.016294766507791894
2024-07-19,MU,0.016294766507791894
2024-07-19,NFLX,0.016294766507791894
2024-07-19,NRG,0.016294766507791894
2024-07-19,NTAP,0.016294766507791894
2024-07-19,NVDA,-0.016294766507791894
2024-07-19,NWS,0.016294766507791894
2024-07-19,NWSA,0.016294766507791894
2024-07-19,O,-0.016294766507791894
2024-07-19,ODFL,-0.016294766507791894
2024-07-19,ON,-0.016294766507791894
2024-07-19,PARA,-0.016294766507791894
2024-07-19,PAYC,-0.016294766507791894
2024-07-19,PEP,-0.016294766507791894
2024-07-19,PFE,-0.016294766507791894
2024-07-19,PGR,0.016294766507791894
2024-07-19,PHM,0.016294766507791894
2024-07-19,PKG,0.016294766507791894
2024-07-19,PNW,-0.016294766507791894
2024-07-19,PODD,-0.016294766507791894
2024-07-19,PPG,-0.016294766507791894
2024-07-19,PRU,0.016294766507791894
2024-07-19,PWR,0.016294766507791894
2024-07-19,PYPL,-0.016294766507791894
2024-07-19,QCOM,0.016294766507791894
2024-07-19,RCL,0.016294766507791894
2024-07-19,REGN,0.016294766507791894
2024-07-19,RL,0.016294766507791894
2024-07-19,ROK,-0.016294766507791894
2024-07-19,ROST,0.016294766507791894
2024-07-19,RSG,0.016294766507791894
2024-07-19,SBAC,-0.016294766507791894
2024-07-19,SBUX,-0.016294766507791894
2024-07-19,SJM,-0.016294766507791894
2024-07-19,SLB,-0.016294766507791894
2024-07-19,SNPS,0.016294766507791894
2024-07-19,SRE,-0.016294766507791894
2024-07-19,STX,0.016294766507791894
2024-07-19,TAP,-0.016294766507791894
2024-07-19,TDG,0.016294766507791894
2024-07-19,TFX,-0.016294766507791894
2024-07-19,TJX,0.016294766507791894
2024-07-19,TMUS,0.016294766507791894
2024-07-19,TRGP,0.016294766507791894
2024-07-19,TRV,0.016294766507791894
2024-07-19,TSCO,0.016294766507791894
2024-07-19,TSLA,-0.016294766507791894
2024-07-19,TT,0.016294766507791894
2024-07-19,TXT,0.016294766507791894
2024-07-19,ULTA,-0.016294766507791894
2024-07-19,UPS,-0.016294766507791894
2024-07-19,V,0.016294766507791894
2024-07-19,VICI,-0.016294766507791894
2024-07-19,VRSN,-0.016294766507791894
2024-07-19,VRTX,0.016294766507791894
2024-07-19,WAB,0.016294766507791894
2024-07-19,WBA,-0.016294766507791894
2024-07-19,WBD,-0.016294766507791894
2024-07-19,WDC,0.016294766507791894
2024-07-19,WEC,-0.016294766507791894
2024-07-19,WELL,0.016294766507791894
2024-07-19,WM,0.016294766507791894
2024-07-19,WMB,0.016294766507791894
2024-07-19,WMT,-0.016294766507791894
2024-07-19,WRB,0.016294766507791894
2024-07-19,WY,-0.016294766507791894
2024-07-19,WYNN,-0.016294766507791894
2024-07-19,XEL,-0.016294766507791894
2024-07-19,ZBH,-0.016294766507791894
2024-07-26,AAL,-0.016240398489969454
2024-07-26,ACGL,0.016240398489969454
2024-07-26,ADM,-0.016240398489969454
2024-07-26,AEE,-0.016240398489969454
2024-07-26,AFL,0.016240398489969454
2024-07-26,AIG,0.016240398489969454
2024-07-26,AIZ,0.016240398489969454
2024-07-26,AJG,0.016240398489969454
2024-07-26,ALB,-0.016240398489969454
2024-07-26,ALGN,-0.016240398489969454
2024-07-26,ALL,0.016240398489969454
2024-07-26,AMAT,0.016240398489969454
2024-07-26,AMGN,0.016240398489969454
2024-07-26,AMP,0.016240398489969454
2024-07-26,AMZN,0.016240398489969454
2024-07-26,ANET,0.016240398489969454
2024-07-26,AON,-0.016240398489969454
2024-07-26,APA,-0.016240398489969454
2024-07-26,APD,-0.016240398489969454
2024-07-26,APH,-0.016240398489969454
2024-07-26,APTV,-0.016240398489969454
2024-07-26,AVGO,0.016240398489969454
2024-07-26,AVY,0.016240398489969454
2024-07-26,AWK,-0.016240398489969454
2024-07-26,AXON,0.016240398489969454
2024-07-26,AXP,0.016240398489969454
2024-07-26,BA,-0.016240398489969454
2024-07-26,BAX,-0.016240398489969454
2024-07-26,BDX,-0.016240398489969454
2024-07-26,BEN,-0.016240398489969454
2024-07-26,BFB,-0.016240398489969454
2024-07-26,BIIB,-0.016240398489969454
2024-07-26,BIO,-0.016240398489969454
2024-07-26,BK,0.016240398489969454
2024-07-26,BKNG,0.016240398489969454
2024-07-26,BMY,-0.016240398489969454
2024-07-26,BRKB,0.016240398489969454
2024-07-26,BRO,0.016240398489969454
2024-07-26,BSX,0.016240398489969454
2024-07-26,BWA,-0.016240398489969454
2024-07-26,C,0.016240398489969454
2024-07-26,CAG,-0.016240398489969454
2024-07-26,CB,0.016240398489969454
2024-07-26,CBOE,0.016240398489969454
2024-07-26,CDNS,0.016240398489969454
2024-07-26,CEG,0.016240398489969454
2024-07-26,CHTR,-0.016240398489969454
2024-07-26,CL,0.016240398489969454
2024-07-26,CMCSA,-0.016240398489969454
2024-07-26,CMG,-0.016240398489969457
2024-07-26,COO,-0.016240398489969454
2024-07-26,COST,0.016240398489969454
2024-07-26,CPRT,-0.016240398489969454
2024-07-26,CSCO,-0.016240398489969454
2024-07-26,CTAS,0.016240398489969454
2024-07-26,CVS,-0.016240398489969454
2024-07-26,CZR,-0.016240398489969454
2024-07-26,DE,-0.016240398489969454
2024-07-26,DG,-0.016240398489969454
2024-07-26,DLR,0.016240398489969454
2024-07-26,DLTR,-0.016240398489969454
2024-07-26,DOV,0.016240398489969454
2024-07-26,DRI,-0.016240398489969454
2024-07-26,ECL,0.016240398489969454
2024-07-26,EL,-0.016240398489969454
2024-07-26,ENPH,-0.016240398489969454
2024-07-26,ES,-0.016240398489969454
2024-07-26,ETN,0.016240398489969454
2024-07-26,ETSY,-0.016240398489969454
2024-07-26,EVRG,-0.016240398489969454
2024-07-26,EXC,-0.016240398489969454
2024-07-26,FANG,0.016240398489969454
2024-07-26,FI,0.016240398489969454
2024-07-26,FICO,0.016240398489969454
2024-07-26,FMC,-0.016240398489969454
2024-07-26,FTNT,-0.016240398489969454
2024-07-26,GD,0.016240398489969454
2024-07-26,GE,0.016240398489969454
2024-07-26,GIS,-0.016240398489969454
2024-07-26,GOOG,0.016240398489969454
2024-07-26,GOOGL,0.016240398489969454
2024-07-26,GPC,-0.016240398489969454
2024-07-26,GRMN,0.016240398489969454
2024-07-26,GWW,0.016240398489969454
2024-07-26,HIG,0.016240398489969454
2024-07-26,HLT,0.016240398489969454
2024-07-26,HRL,-0.016240398489969454
2024-07-26,HSIC,-0.016240398489969454
2024-07-26,HSY,-0.016240398489969454
2024-07-26,HUM,-0.016240398489969454
2024-07-26,HWM,0.016240398489969454
2024-07-26,IEX,-0.016240398489969454
2024-07-26,IPG,-0.016240398489969454
2024-07-26,IR,0.016240398489969454
2024-07-26,IRM,0.016240398489969454
2024-07-26,ISRG,0.016240398489969454
2024-07-26,JBHT,-0.016240398489969454
2024-07-26,JNJ,-0.016240398489969454
2024-07-26,JPM,0.016240398489969454
2024-07-26,K,-0.016240398489969454
2024-07-26,KEYS,-0.016240398489969454
2024-07-26,KHC,-0.016240398489969454
2024-07-26,KLAC,0.016240398489969454
2024-07-26,L,0.016240398489969454
2024-07-26,LDOS,0.016240398489969454
2024-07-26,LKQ,-0.016240398489969454
2024-07-26,LLY,0.016240398489969454
2024-07-26,LRCX,0.016240398489969454
2024-07-26,LVS,-0.016240398489969454
2024-07-26,LW,-0.016240398489969454
2024-07-26,MAR,0.016240398489969454
2024-07-26,MCD,-0.016240398489969454
2024-07-26,MCK,0.016240398489969454
2024-07-26,MDT,-0.016240398489969454
2024-07-26,META,0.016240398489969454
2024-07-26,MKC,-0.016240398489969454
2024-07-26,MKTX,-0.016240398489969454
2024-07-26,MNST,-0.016240398489969454
2024-07-26,MOS,-0.016240398489969454
2024-07-26,MPC,0.016240398489969454
2024-07-26,MRK,0.016240398489969454
2024-07-26,MSFT,0.016240398489969454
2024-07-26,MSI,0.016240398489969454
2024-07-26,MTCH,-0.016240398489969454
2024-07-26,MU,0.016240398489969454
2024-07-26,NFLX,0.016240398489969454
2024-07-26,NOW,0.016240398489969454
2024-07-26,NRG,0.016240398489969454
2024-07-26,NTAP,0.016240398489969454
2024-07-26,NVDA,-0.016240398489969454
2024-07-26,NWS,0.016240398489969454
2024-07-26,NWSA,0.016240398489969454
2024-07-26,O,-0.016240398489969454
2024-07-26,ODFL,-0.016240398489969454
2024-07-26,ON,-0.016240398489969454
2024-07-26,PARA,-0.016240398489969454
2024-07-26,PAYC,-0.016240398489969454
2024-07-26,PEP,-0.016240398489969454
2024-07-26,PFE,-0.016240398489969454
2024-07-26,PGR,0.016240398489969454
2024-07-26,PH,0.016240398489969454
2024-07-26,PODD,-0.016240398489969454
2024-07-26,POOL,-0.016240398489969454
2024-07-26,PPG,-0.016240398489969454
2024-07-26,PRU,0.016240398489969454
2024-07-26,PTC,0.016240398489969454
2024-07-26,PYPL,-0.016240398489969454
2024-07-26,QCOM,0.016240398489969454
2024-07-26,RCL,0.016240398489969454
2024-07-26,REGN,0.016240398489969454
2024-07-26,RL,0.016240398489969454
2024-07-26,ROK,-0.016240398489969454
2024-07-26,ROST,0.016240398489969454
2024-07-26,RSG,0.016240398489969454
2024-07-26,RVTY,-0.016240398489969454
2024-07-26,SBUX,-0.016240398489969454
2024-07-26,SJM,-0.016240398489969454
2024-07-26,SLB,-0.016240398489969454
2024-07-26,SNPS,0.016240398489969454
2024-07-26,SRE,-0.016240398489969454
2024-07-26,STX,0.016240398489969454
2024-07-26,SWK,-0.016240398489969454
2024-07-26,T,0.016240398489969454
2024-07-26,TAP,-0.016240398489969454
2024-07-26,TDG,0.016240398489969454
2024-07-26,TFX,-0.016240398489969454
2024-07-26,TJX,0.016240398489969454
2024-07-26,TMUS,0.016240398489969454
2024-07-26,TRGP,0.016240398489969454
2024-07-26,TRV,0.016240398489969454
2024-07-26,TT,0.016240398489969454
2024-07-26,TYL,0.016240398489969454
2024-07-26,UHS,0.016240398489969454
2024-07-26,UPS,-0.016240398489969454
2024-07-26,VICI,-0.016240398489969454
2024-07-26,VRSN,-0.016240398489969454
2024-07-26,VRTX,0.016240398489969454
2024-07-26,WAB,0.016240398489969454
2024-07-26,WBA,-0.016240398489969454
2024-07-26,WBD,-0.016240398489969454
2024-07-26,WDC,0.016240398489969454
2024-07-26,WEC,-0.016240398489969454
2024-07-26,WELL,0.016240398489969454
2024-07-26,WM,0.016240398489969454
2024-07-26,WMB,0.016240398489969454
2024-07-26,WMT,-0.016240398489969454
2024-07-26,WRB,0.016240398489969454
2024-07-26,WTW,0.016240398489969454
2024-07-26,WY,-0.016240398489969454
2024-07-26,WYNN,-0.016240398489969454
2024-07-26,XEL,-0.016240398489969454
2024-07-26,ZBH,-0.016240398489969454
2024-08-02,AAL,-0.016151051872666605
2024-08-02,ACGL,0.016151051872666605
2024-08-02,ADM,-0.016151051872666605
2024-08-02,AEE,-0.016151051872666605
2024-08-02,AIG,0.016151051872666605
2024-08-02,AJG,0.016151051872666605
2024-08-02,ALB,-0.016151051872666605
2024-08-02,ALGN,-0.016151051872666605
2024-08-02,ALL,0.016151051872666605
2024-08-02,AMAT,0.016151051872666605
2024-08-02,AMGN,0.016151051872666605
2024-08-02,AMP,0.016151051872666605
2024-08-02,AMZN,0.016151051872666605
2024-08-02,ANET,0.016151051872666605
2024-08-02,APA,-0.016151051872666605
2024-08-02,APH,-0.016151051872666605
2024-08-02,APTV,-0.016151051872666605
2024-08-02,AVGO,0.016151051872666605
2024-08-02,AWK,-0.016151051872666605
2024-08-02,AXON,0.016151051872666605
2024-08-02,AXP,0.016151051872666605
2024-08-02,BA,-0.016151051872666605
2024-08-02,BAC,0.016151051872666605
2024-08-02,BAX,-0.016151051872666605
2024-08-02,BDX,-0.016151051872666605
2024-08-02,BEN,-0.016151051872666605
2024-08-02,BFB,-0.016151051872666605
2024-08-02,BIIB,-0.016151051872666605
2024-08-02,BIO,-0.016151051872666605
2024-08-02,BK,0.016151051872666605
2024-08-02,BKNG,0.016151051872666605
2024-08-02,BMY,-0.016151051872666605
2024-08-02,BRKB,0.016151051872666605
2024-08-02,BRO,0.016151051872666605
2024-08-02,BSX,0.016151051872666605
2024-08-02,BWA,-0.016151051872666605
2024-08-02,C,0.016151051872666605
2024-08-02,CAG,-0.016151051872666605
2024-08-02,CB,0.016151051872666605
2024-08-02,CBOE,0.016151051872666605
2024-08-02,CDNS,0.016151051872666605
2024-08-02,CEG,0.016151051872666605
2024-08-02,CF,-0.016151051872666605
2024-08-02,CHTR,-0.016151051872666605
2024-08-02,CL,0.016151051872666605
2024-08-02,CLX,-0.016151051872666605
2024-08-02,CMCSA,-0.016151051872666605
2024-08-02,CMG,-0.016151051872666605
2024-08-02,COO,-0.016151051872666605
2024-08-02,COST,0.016151051872666605
2024-08-02,CPRT,-0.016151051872666605
2024-08-02,CSCO,-0.016151051872666605
2024-08-02,CTAS,0.016151051872666605
2024-08-02,CVS,-0.016151051872666605
2024-08-02,CZR,-0.016151051872666605
2024-08-02,DE,-0.016151051872666605
2024-08-02,DG,-0.016151051872666605
2024-08-02,DLTR,-0.016151051872666605
2024-08-02,DOV,0.016151051872666605
2024-08-02,DRI,-0.016151051872666605
2024-08-02,ECL,0.016151051872666605
2024-08-02,EL,-0.016151051872666605
2024-08-02,EPAM,-0.016151051872666605
2024-08-02,ES,-0.016151051872666605
2024-08-02,ETN,0.016151051872666605
2024-08-02,ETSY,-0.016151051872666605
2024-08-02,EVRG,-0.016151051872666605
2024-08-02,EXC,-0.016151051872666605
2024-08-02,FANG,0.016151051872666605
2024-08-02,FICO,0.016151051872666605
2024-08-02,FIS,0.016151051872666605
2024-08-02,FMC,-0.016151051872666605
2024-08-02,FTNT,-0.016151051872666605
2024-08-02,GD,0.016151051872666605
2024-08-02,GE,0.016151051872666605
2024-08-02,GILD,-0.016151051872666605
2024-08-02,GIS,-0.016151051872666605
2024-08-02,GOOG,0.016151051872666605
2024-08-02,GOOGL,0.016151051872666605
2024-08-02,GPC,-0.016151051872666605
2024-08-02,GPN,-0.016151051872666605
2024-08-02,GRMN,0.016151051872666605
2024-08-02,GS,0.016151051872666605
2024-08-02,GWW,0.016151051872666605
2024-08-02,HIG,0.016151051872666605
2024-08-02,HLT,0.016151051872666605
2024-08-02,HRL,-0.016151051872666605
2024-08-02,HSIC,-0.016151051872666605
2024-08-02,HSY,-0.016151051872666605
2024-08-02,HUM,-0.016151051872666605
2024-08-02,HWM,0.016151051872666605
2024-08-02,ICE,0.016151051872666605
2024-08-02,IEX,-0.016151051872666605
2024-08-02,IPG,-0.016151051872666605
2024-08-02,IR,0.016151051872666605
2024-08-02,IRM,0.016151051872666605
2024-08-02,ISRG,0.016151051872666605
2024-08-02,JBHT,-0.016151051872666605
2024-08-02,JNJ,-0.016151051872666605
2024-08-02,JPM,0.016151051872666605
2024-08-02,K,-0.016151051872666605
2024-08-02,KHC,-0.016151051872666605
2024-08-02,KLAC,0.016151051872666605
2024-08-02,L,0.016151051872666605
2024-08-02,LDOS,0.016151051872666605
2024-08-02,LHX,0.016151051872666605
2024-08-02,LKQ,-0.016151051872666605
2024-08-02,LLY,0.016151051872666605
2024-08-02,LRCX,0.016151051872666605
2024-08-02,LVS,-0.016151051872666605
2024-08-02,LW,-0.016151051872666605
2024-08-02,MCD,-0.016151051872666605
2024-08-02,MCK,0.016151051872666605
2024-08-02,MCO,0.016151051872666605
2024-08-02,MDLZ,-0.016151051872666605
2024-08-02,META,0.016151051872666605
2024-08-02,MKC,-0.016151051872666605
2024-08-02,MKTX,-0.016151051872666605
2024-08-02,MNST,-0.016151051872666605
2024-08-02,MOS,-0.016151051872666605
2024-08-02,MPWR,0.016151051872666605
2024-08-02,MSFT,0.016151051872666605
2024-08-02,MSI,0.016151051872666605
2024-08-02,MTCH,-0.016151051872666605
2024-08-02,MU,0.016151051872666605
2024-08-02,NFLX,0.016151051872666605
2024-08-02,NKE,-0.016151051872666605
2024-08-02,NOW,0.016151051872666605
2024-08-02,NRG,0.016151051872666605
2024-08-02,NTAP,0.016151051872666605
2024-08-02,NVDA,-0.016151051872666605
2024-08-02,NWS,0.016151051872666605
2024-08-02,NWSA,0.016151051872666605
2024-08-02,O,-0.016151051872666605
2024-08-02,ODFL,-0.016151051872666605
2024-08-02,OKE,0.016151051872666605
2024-08-02,ON,-0.016151051872666605
2024-08-02,PARA,-0.016151051872666605
2024-08-02,PAYC,-0.016151051872666605
2024-08-02,PEP,-0.016151051872666605
2024-08-02,PFE,-0.016151051872666605
2024-08-02,PGR,0.016151051872666605
2024-08-02,PODD,-0.016151051872666605
2024-08-02,POOL,-0.016151051872666605
2024-08-02,PPG,-0.016151051872666605
2024-08-02,PRU,0.016151051872666605
2024-08-02,PTC,0.016151051872666605
2024-08-02,QCOM,0.016151051872666605
2024-08-02,RCL,0.016151051872666605
2024-08-02,REGN,0.016151051872666605
2024-08-02,ROST,0.016151051872666605
2024-08-02,RSG,0.016151051872666605
2024-08-02,RVTY,-0.016151051872666605
2024-08-02,SBAC,-0.016151051872666605
2024-08-02,SBUX,-0.016151051872666605
2024-08-02,SJM,-0.016151051872666605
2024-08-02,SLB,-0.016151051872666605
2024-08-02,SNPS,0.016151051872666605
2024-08-02,SRE,-0.016151051872666605
2024-08-02,STX,0.016151051872666605
2024-08-02,SWK,-0.016151051872666605
2024-08-02,SYF,0.016151051872666605
2024-08-02,T,0.016151051872666605
2024-08-02,TAP,-0.016151051872666605
2024-08-02,TDG,0.016151051872666605
2024-08-02,TJX,0.016151051872666605
2024-08-02,TMUS,0.016151051872666605
2024-08-02,TRGP,0.016151051872666605
2024-08-02,TRV,0.016151051872666605
2024-08-02,TT,0.016151051872666605
2024-08-02,TYL,0.016151051872666605
2024-08-02,UHS,0.016151051872666605
2024-08-02,UPS,-0.016151051872666605
2024-08-02,VICI,-0.016151051872666605
2024-08-02,VRSK,0.016151051872666605
2024-08-02,VRSN,-0.016151051872666605
2024-08-02,VRTX,0.016151051872666605
2024-08-02,WAB,0.016151051872666605
2024-08-02,WBA,-0.016151051872666605
2024-08-02,WBD,-0.016151051872666605
2024-08-02,WDC,0.016151051872666605
2024-08-02,WEC,-0.016151051872666605
2024-08-02,WELL,0.016151051872666605
2024-08-02,WFC,0.016151051872666605
2024-08-02,WM,0.016151051872666605
2024-08-02,WMB,0.016151051872666605
2024-08-02,WMT,-0.016151051872666605
2024-08-02,WRB,0.016151051872666605
2024-08-02,WY,-0.016151051872666605
2024-08-02,WYNN,-0.016151051872666605
2024-08-02,XEL,-0.016151051872666605
2024-08-02,ZBH,-0.016151051872666605
2024-08-09,AAL,-0.016280489184721112
2024-08-09,ADM,-0.016280489184721112
2024-08-09,AEE,-0.016280489184721112
2024-08-09,AIG,0.016280489184721112
2024-08-09,AJG,0.016280489184721112
2024-08-09,AKAM,-0.016280489184721112
2024-08-09,ALB,-0.016280489184721112
2024-08-09,ALGN,-0.016280489184721112
2024-08-09,ALL,0.016280489184721112
2024-08-09,AMAT,0.016280489184721112
2024-08-09,AMD,0.016280489184721112
2024-08-09,AMP,0.016280489184721112
2024-08-09,AMZN,0.016280489184721112
2024-08-09,ANET,0.016280489184721112
2024-08-09,APA,-0.016280489184721112
2024-08-09,APD,-0.016280489184721112
2024-08-09,APH,-0.016280489184721112
2024-08-09,APTV,-0.016280489184721112
2024-08-09,AVGO,0.016280489184721112
2024-08-09,AXP,0.016280489184721112
2024-08-09,BA,-0.016280489184721112
2024-08-09,BAC,0.016280489184721112
2024-08-09,BAX,-0.016280489184721112
2024-08-09,BDX,-0.016280489184721112
2024-08-09,BEN,-0.016280489184721112
2024-08-09,BFB,-0.016280489184721112
2024-08-09,BIIB,-0.016280489184721112
2024-08-09,BIO,-0.016280489184721112
2024-08-09,BK,0.016280489184721112
2024-08-09,BMY,-0.016280489184721112
2024-08-09,BRKB,0.016280489184721112
2024-08-09,BRO,0.016280489184721112
2024-08-09,BSX,0.016280489184721112
2024-08-09,BWA,-0.016280489184721112
2024-08-09,C,0.016280489184721112
2024-08-09,CAG,-0.016280489184721112
2024-08-09,CB,0.016280489184721112
2024-08-09,CDNS,0.016280489184721112
2024-08-09,CEG,0.016280489184721112
2024-08-09,CF,-0.016280489184721112
2024-08-09,CHRW,-0.016280489184721112
2024-08-09,CHTR,-0.016280489184721112
2024-08-09,CL,0.016280489184721112
2024-08-09,CLX,-0.016280489184721112
2024-08-09,CMCSA,-0.016280489184721112
2024-08-09,CMG,-0.016280489184721112
2024-08-09,COO,-0.016280489184721112
2024-08-09,COST,0.016280489184721112
2024-08-09,CPRT,-0.016280489184721112
2024-08-09,CSCO,-0.016280489184721112
2024-08-09,CTAS,0.016280489184721112
2024-08-09,CVS,-0.016280489184721112
2024-08-09,CZR,-0.016280489184721112
2024-08-09,DE,-0.016280489184721112
2024-08-09,DG,-0.016280489184721112
2024-08-09,DLTR,-0.016280489184721112
2024-08-09,DOV,0.016280489184721112
2024-08-09,DRI,-0.016280489184721112
2024-08-09,ECL,0.016280489184721112
2024-08-09,EL,-0.016280489184721112
2024-08-09,EPAM,-0.016280489184721112
2024-08-09,EQT,-0.016280489184721112
2024-08-09,ES,-0.016280489184721112
2024-08-09,ETN,0.016280489184721112
2024-08-09,ETSY,-0.016280489184721112
2024-08-09,EXC,-0.016280489184721112
2024-08-09,FANG,0.016280489184721112
2024-08-09,FICO,0.016280489184721112
2024-08-09,FIS,0.016280489184721112
2024-08-09,FMC,-0.016280489184721112
2024-08-09,GD,0.016280489184721112
2024-08-09,GE,0.016280489184721112
2024-08-09,GILD,-0.016280489184721112
2024-08-09,GIS,-0.016280489184721112
2024-08-09,GLW,0.016280489184721112
2024-08-09,GOOG,0.016280489184721112
2024-08-09,GOOGL,0.016280489184721112
2024-08-09,GPC,-0.016280489184721112
2024-08-09,GPN,-0.016280489184721112
2024-08-09,GRMN,0.016280489184721112
2024-08-09,GS,0.016280489184721112
2024-08-09,GWW,0.016280489184721112
2024-08-09,HAL,-0.016280489184721112
2024-08-09,HIG,0.016280489184721112
2024-08-09,HLT,0.016280489184721112
2024-08-09,HRL,-0.016280489184721112
2024-08-09,HSIC,-0.016280489184721112
2024-08-09,HSY,-0.016280489184721112
2024-08-09,HUM,-0.016280489184721112
2024-08-09,HWM,0.016280489184721112
2024-08-09,ICE,0.016280489184721112
2024-08-09,IEX,-0.016280489184721112
2024-08-09,IFF,0.016280489184721112
2024-08-09,IPG,-0.016280489184721112
2024-08-09,IR,0.016280489184721112
2024-08-09,IRM,0.016280489184721112
2024-08-09,ISRG,0.016280489184721112
2024-08-09,JBHT,-0.016280489184721112
2024-08-09,JNJ,-0.016280489184721112
2024-08-09,JPM,0.016280489184721112
2024-08-09,K,-0.016280489184721112
2024-08-09,KEYS,-0.016280489184721112
2024-08-09,KLAC,0.016280489184721112
2024-08-09,L,0.016280489184721112
2024-08-09,LDOS,0.016280489184721112
2024-08-09,LHX,0.016280489184721112
2024-08-09,LKQ,-0.016280489184721112
2024-08-09,LLY,0.016280489184721112
2024-08-09,LRCX,0.016280489184721112
2024-08-09,LUV,-0.016280489184721112
2024-08-09,LVS,-0.016280489184721112
2024-08-09,LW,-0.016280489184721112
2024-08-09,LYB,-0.016280489184721112
2024-08-09,MCD,-0.016280489184721112
2024-08-09,MCK,0.016280489184721112
2024-08-09,MCO,0.016280489184721112
2024-08-09,MDLZ,-0.016280489184721112
2024-08-09,META,0.016280489184721112
2024-08-09,MKC,-0.016280489184721112
2024-08-09,MNST,-0.016280489184721112
2024-08-09,MOS,-0.016280489184721112
2024-08-09,MPWR,0.016280489184721112
2024-08-09,MSCI,-0.016280489184721112
2024-08-09,MSFT,0.016280489184721112
2024-08-09,MSI,0.016280489184721112
2024-08-09,MTCH,-0.016280489184721112
2024-08-09,MU,0.016280489184721112
2024-08-09,NFLX,0.016280489184721112
2024-08-09,NKE,-0.016280489184721112
2024-08-09,NRG,0.016280489184721112
2024-08-09,NTAP,0.016280489184721112
2024-08-09,NVDA,-0.016280489184721112
2024-08-09,NVR,0.016280489184721112
2024-08-09,NWS,0.016280489184721112
2024-08-09,NWSA,0.016280489184721112
2024-08-09,ODFL,-0.016280489184721112
2024-08-09,OKE,0.016280489184721112
2024-08-09,ON,-0.016280489184721112
2024-08-09,PARA,-0.016280489184721112
2024-08-09,PAYC,-0.016280489184721112
2024-08-09,PEG,0.016280489184721112
2024-08-09,PEP,-0.016280489184721112
2024-08-09,PFE,-0.016280489184721112
2024-08-09,PGR,0.016280489184721112
2024-08-09,POOL,-0.016280489184721112
2024-08-09,PPG,-0.016280489184721112
2024-08-09,PRU,0.016280489184721112
2024-08-09,PTC,0.016280489184721112
2024-08-09,QCOM,0.016280489184721112
2024-08-09,RCL,0.016280489184721112
2024-08-09,REGN,0.016280489184721112
2024-08-09,RL,0.016280489184721112
2024-08-09,ROST,0.016280489184721112
2024-08-09,RSG,0.016280489184721112
2024-08-09,SBUX,-0.016280489184721112
2024-08-09,SJM,-0.016280489184721112
2024-08-09,SLB,-0.016280489184721112
2024-08-09,SNPS,0.016280489184721112
2024-08-09,SRE,-0.016280489184721112
2024-08-09,STX,0.016280489184721112
2024-08-09,SYF,0.016280489184721112
2024-08-09,T,0.016280489184721112
2024-08-09,TAP,-0.016280489184721112
2024-08-09,TDG,0.016280489184721112
2024-08-09,TJX,0.016280489184721112
2024-08-09,TMUS,0.016280489184721112
2024-08-09,TRGP,0.016280489184721112
2024-08-09,TRV,0.016280489184721112
2024-08-09,TT,0.016280489184721112
2024-08-09,TYL,0.016280489184721112
2024-08-09,UHS,0.016280489184721112
2024-08-09,UPS,-0.016280489184721112
2024-08-09,VRSN,-0.016280489184721112
2024-08-09,VRTX,0.016280489184721112
2024-08-09,WAB,0.016280489184721112
2024-08-09,WBA,-0.016280489184721112
2024-08-09,WBD,-0.016280489184721112
2024-08-09,WDC,0.016280489184721112
2024-08-09,WEC,-0.016280489184721112
2024-08-09,WELL,0.016280489184721112
2024-08-09,WFC,0.016280489184721112
2024-08-09,WM,0.016280489184721112
2024-08-09,WMB,0.016280489184721112
2024-08-09,WMT,-0.016280489184721112
2024-08-09,WRB,-0.01628048918472111
2024-08-09,WST,-0.016280489184721112
2024-08-09,WTW,0.016280489184721112
2024-08-09,WY,-0.016280489184721112
2024-08-09,WYNN,-0.016280489184721112
2024-08-09,XEL,-0.016280489184721112
2024-08-09,XYL,0.016280489184721112
2024-08-09,ZBH,-0.016280489184721112
2024-08-16,AAL,-0.016125300305887855
2024-08-16,ABT,-0.016125300305887855
2024-08-16,ACGL,0.016125300305887855
2024-08-16,ADM,-0.016125300305887855
2024-08-16,AEE,-0.016125300305887855
2024-08-16,AIG,0.016125300305887855
2024-08-16,AJG,0.016125300305887855
2024-08-16,ALB,-0.016125300305887855
2024-08-16,ALGN,-0.016125300305887855
2024-08-16,ALL,0.016125300305887855
2024-08-16,AMAT,0.016125300305887855
2024-08-16,AMP,0.016125300305887855
2024-08-16,ANET,0.016125300305887855
2024-08-16,AON,-0.016125300305887855
2024-08-16,APA,-0.016125300305887855
2024-08-16,APD,-0.016125300305887855
2024-08-16,APH,-0.016125300305887855
2024-08-16,APTV,-0.016125300305887855
2024-08-16,AVGO,-0.01612530030588786
2024-08-16,AVY,0.016125300305887855
2024-08-16,AXON,0.016125300305887855
2024-08-16,AXP,0.016125300305887855
2024-08-16,BA,-0.016125300305887855
2024-08-16,BAC,0.016125300305887855
2024-08-16,BAX,-0.016125300305887855
2024-08-16,BDX,-0.016125300305887855
2024-08-16,BEN,-0.016125300305887855
2024-08-16,BFB,-0.016125300305887855
2024-08-16,BIIB,-0.016125300305887855
2024-08-16,BIO,-0.016125300305887855
2024-08-16,BK,0.016125300305887855
2024-08-16,BMY,-0.016125300305887855
2024-08-16,BRKB,0.016125300305887855
2024-08-16,BRO,0.016125300305887855
2024-08-16,BSX,0.016125300305887855
2024-08-16,BWA,-0.016125300305887855
2024-08-16,C,0.016125300305887855
2024-08-16,CB,0.016125300305887855
2024-08-16,CEG,0.016125300305887855
2024-08-16,CF,-0.016125300305887855
2024-08-16,CHRW,-0.016125300305887855
2024-08-16,CHTR,-0.016125300305887855
2024-08-16,CL,0.016125300305887855
2024-08-16,CLX,-0.016125300305887855
2024-08-16,CMCSA,-0.016125300305887855
2024-08-16,CMG,-0.016125300305887855
2024-08-16,COF,0.016125300305887855
2024-08-16,COO,-0.016125300305887855
2024-08-16,COST,0.016125300305887855
2024-08-16,CPRT,-0.016125300305887855
2024-08-16,CSCO,-0.016125300305887855
2024-08-16,CTAS,0.016125300305887855
2024-08-16,CVS,-0.016125300305887855
2024-08-16,CZR,-0.016125300305887855
2024-08-16,DE,-0.016125300305887855
2024-08-16,DFS,0.016125300305887855
2024-08-16,DG,-0.016125300305887855
2024-08-16,DLTR,-0.016125300305887855
2024-08-16,DOV,0.016125300305887855
2024-08-16,DRI,-0.016125300305887855
2024-08-16,ECL,0.016125300305887855
2024-08-16,EL,-0.016125300305887855
2024-08-16,ENPH,-0.016125300305887855
2024-08-16,EQT,-0.016125300305887855
2024-08-16,ETN,0.016125300305887855
2024-08-16,ETSY,-0.016125300305887855
2024-08-16,EXC,-0.016125300305887855
2024-08-16,FANG,0.016125300305887855
2024-08-16,FI,0.016125300305887855
2024-08-16,FICO,0.016125300305887855
2024-08-16,FIS,0.016125300305887855
2024-08-16,FITB,0.016125300305887855
2024-08-16,FMC,-0.016125300305887855
2024-08-16,GD,0.016125300305887855
2024-08-16,GE,0.016125300305887855
2024-08-16,GIS,-0.016125300305887855
2024-08-16,GL,-0.016125300305887855
2024-08-16,GLW,0.016125300305887855
2024-08-16,GM,0.016125300305887855
2024-08-16,GPC,-0.016125300305887855
2024-08-16,GPN,-0.016125300305887855
2024-08-16,GRMN,0.016125300305887855
2024-08-16,GS,0.016125300305887855
2024-08-16,GWW,0.016125300305887855
2024-08-16,HAL,-0.016125300305887855
2024-08-16,HIG,0.016125300305887855
2024-08-16,HLT,0.016125300305887855
2024-08-16,HRL,-0.016125300305887855
2024-08-16,HSIC,-0.016125300305887855
2024-08-16,HSY,-0.016125300305887855
2024-08-16,HUM,-0.016125300305887855
2024-08-16,HWM,0.016125300305887855
2024-08-16,ICE,0.016125300305887855
2024-08-16,IEX,-0.016125300305887855
2024-08-16,IFF,0.016125300305887855
2024-08-16,IPG,-0.016125300305887855
2024-08-16,IR,0.016125300305887855
2024-08-16,IRM,0.016125300305887855
2024-08-16,JBHT,-0.016125300305887855
2024-08-16,JNJ,-0.016125300305887855
2024-08-16,JPM,0.016125300305887855
2024-08-16,KLAC,0.016125300305887855
2024-08-16,L,0.016125300305887855
2024-08-16,LDOS,0.016125300305887855
2024-08-16,LHX,0.016125300305887855
2024-08-16,LKQ,-0.016125300305887855
2024-08-16,LLY,0.016125300305887855
2024-08-16,LUV,-0.016125300305887855
2024-08-16,LVS,-0.016125300305887855
2024-08-16,LW,-0.016125300305887855
2024-08-16,MCD,-0.016125300305887855
2024-08-16,MCK,0.016125300305887855
2024-08-16,MCO,0.016125300305887855
2024-08-16,MDLZ,-0.016125300305887855
2024-08-16,META,0.016125300305887855
2024-08-16,MKC,-0.016125300305887855
2024-08-16,MKTX,-0.016125300305887855
2024-08-16,MNST,-0.016125300305887855
2024-08-16,MOH,-0.016125300305887855
2024-08-16,MOS,-0.016125300305887855
2024-08-16,MPWR,0.016125300305887855
2024-08-16,MSFT,0.016125300305887855
2024-08-16,MSI,0.016125300305887855
2024-08-16,MTCH,-0.016125300305887855
2024-08-16,MU,0.016125300305887855
2024-08-16,NFLX,0.016125300305887855
2024-08-16,NKE,-0.016125300305887855
2024-08-16,NRG,0.016125300305887855
2024-08-16,NTAP,0.016125300305887855
2024-08-16,NVDA,-0.016125300305887855
2024-08-16,NVR,0.016125300305887855
2024-08-16,NWS,0.016125300305887855
2024-08-16,NWSA,0.016125300305887855
2024-08-16,ODFL,-0.016125300305887855
2024-08-16,ON,-0.016125300305887855
2024-08-16,PARA,-0.016125300305887855
2024-08-16,PAYC,-0.016125300305887855
2024-08-16,PCAR,0.016125300305887855
2024-08-16,PEP,-0.016125300305887855
2024-08-16,PFE,-0.016125300305887855
2024-08-16,PGR,0.016125300305887855
2024-08-16,PH,0.016125300305887855
2024-08-16,PHM,0.016125300305887855
2024-08-16,PNC,0.016125300305887855
2024-08-16,POOL,-0.016125300305887855
2024-08-16,PPG,-0.016125300305887855
2024-08-16,PRU,0.016125300305887855
2024-08-16,QCOM,0.016125300305887855
2024-08-16,RCL,0.016125300305887855
2024-08-16,REGN,0.016125300305887855
2024-08-16,ROK,-0.016125300305887855
2024-08-16,RSG,0.016125300305887855
2024-08-16,SBUX,-0.016125300305887855
2024-08-16,SJM,-0.016125300305887855
2024-08-16,SLB,-0.016125300305887855
2024-08-16,SRE,-0.016125300305887855
2024-08-16,STX,0.016125300305887855
2024-08-16,STZ,-0.016125300305887855
2024-08-16,SYF,0.016125300305887855
2024-08-16,T,0.016125300305887855
2024-08-16,TAP,-0.016125300305887855
2024-08-16,TDG,0.016125300305887855
2024-08-16,TFC,0.016125300305887855
2024-08-16,TJX,0.016125300305887855
2024-08-16,TMUS,0.016125300305887855
2024-08-16,TRGP,0.016125300305887855
2024-08-16,TRV,0.016125300305887855
2024-08-16,TT,0.016125300305887855
2024-08-16,TYL,0.016125300305887855
2024-08-16,UHS,0.016125300305887855
2024-08-16,ULTA,-0.016125300305887855
2024-08-16,UPS,-0.016125300305887855
2024-08-16,URI,0.016125300305887855
2024-08-16,VRSN,-0.016125300305887855
2024-08-16,VRTX,0.016125300305887855
2024-08-16,WAB,0.016125300305887855
2024-08-16,WBA,-0.016125300305887855
2024-08-16,WBD,-0.016125300305887855
2024-08-16,WDC,0.016125300305887855
2024-08-16,WELL,0.016125300305887855
2024-08-16,WFC,0.016125300305887855
2024-08-16,WM,0.016125300305887855
2024-08-16,WMB,0.016125300305887855
2024-08-16,WMT,-0.016125300305887855
2024-08-16,WRB,-0.016125300305887855
2024-08-16,WST,-0.016125300305887855
2024-08-16,WTW,0.016125300305887855
2024-08-16,WY,-0.016125300305887855
2024-08-16,WYNN,-0.016125300305887855
2024-08-16,XEL,-0.016125300305887855
2024-08-16,XYL,0.016125300305887855
2024-08-16,ZBH,-0.016125300305887855
2024-08-23,AAL,-0.017557516832010567
2024-08-23,ADM,-0.017557516832010567
2024-08-23,AFL,0.017557516832010567
2024-08-23,AIG,0.017557516832010567
2024-08-23,AJG,0.017557516832010567
2024-08-23,AKAM,-0.017557516832010567
2024-08-23,ALB,-0.017557516832010567
2024-08-23,ALGN,-0.017557516832010567
2024-08-23,ALL,0.017557516832010567
2024-08-23,AMP,0.017557516832010567
2024-08-23,ANET,0.017557516832010567
2024-08-23,AON,-0.017557516832010567
2024-08-23,APA,-0.017557516832010567
2024-08-23,APD,-0.017557516832010567
2024-08-23,APH,-0.017557516832010567
2024-08-23,APTV,-0.017557516832010567
2024-08-23,AVGO,-0.017557516832010567
2024-08-23,AXON,0.017557516832010567
2024-08-23,AXP,0.017557516832010567
2024-08-23,BA,-0.017557516832010567
2024-08-23,BAC,0.017557516832010567
2024-08-23,BAX,-0.017557516832010567
2024-08-23,BDX,-0.017557516832010567
2024-08-23,BEN,-0.017557516832010567
2024-08-23,BFB,-0.017557516832010567
2024-08-23,BIIB,-0.017557516832010567
2024-08-23,BIO,-0.017557516832010567
2024-08-23,BK,0.017557516832010567
2024-08-23,BMY,-0.017557516832010567
2024-08-23,BRKB,0.017557516832010567
2024-08-23,BRO,0.017557516832010567
2024-08-23,BSX,0.017557516832010567
2024-08-23,BWA,-0.017557516832010567
2024-08-23,C,0.017557516832010567
2024-08-23,CB,0.017557516832010567
2024-08-23,CFG,0.017557516832010567
2024-08-23,CHTR,-0.017557516832010567
2024-08-23,CL,0.017557516832010567
2024-08-23,CLX,-0.017557516832010567
2024-08-23,CMCSA,-0.017557516832010567
2024-08-23,CMG,-0.017557516832010567
2024-08-23,COF,0.017557516832010567
2024-08-23,COO,-0.017557516832010567
2024-08-23,COST,0.017557516832010567
2024-08-23,CSCO,-0.017557516832010567
2024-08-23,CTAS,0.017557516832010567
2024-08-23,CTRA,-0.017557516832010567
2024-08-23,CVS,-0.017557516832010567
2024-08-23,CZR,-0.017557516832010567
2024-08-23,DFS,0.017557516832010567
2024-08-23,DG,-0.017557516832010567
2024-08-23,DLTR,-0.017557516832010567
2024-08-23,DOV,0.017557516832010567
2024-08-23,DRI,-0.017557516832010567
2024-08-23,DVN,-0.017557516832010567
2024-08-23,ECL,0.017557516832010567
2024-08-23,EL,-0.017557516832010567
2024-08-23,EPAM,-0.017557516832010567
2024-08-23,EQT,-0.017557516832010567
2024-08-23,ETSY,-0.017557516832010567
2024-08-23,EW,-0.017557516832010567
2024-08-23,EXC,-0.017557516832010567
2024-08-23,FDS,-0.017557516832010567
2024-08-23,FI,0.017557516832010567
2024-08-23,FICO,0.017557516832010567
2024-08-23,FIS,0.017557516832010567
2024-08-23,FITB,0.017557516832010567
2024-08-23,FMC,-0.017557516832010567
2024-08-23,FTV,-0.017557516832010567
2024-08-23,GD,0.017557516832010567
2024-08-23,GE,0.017557516832010567
2024-08-23,GIS,-0.017557516832010567
2024-08-23,GL,-0.017557516832010567
2024-08-23,GPC,-0.017557516832010567
2024-08-23,GPN,-0.017557516832010567
2024-08-23,GRMN,0.017557516832010567
2024-08-23,GS,0.017557516832010567
2024-08-23,GWW,0.017557516832010567
2024-08-23,HAL,-0.017557516832010567
2024-08-23,HAS,-0.017557516832010567
2024-08-23,HBAN,0.017557516832010567
2024-08-23,HIG,0.017557516832010567
2024-08-23,HLT,0.017557516832010567
2024-08-23,HRL,-0.017557516832010567
2024-08-23,HSIC,-0.017557516832010567
2024-08-23,HSY,-0.017557516832010567
2024-08-23,HUM,-0.017557516832010567
2024-08-23,HWM,0.017557516832010567
2024-08-23,IBM,0.017557516832010567
2024-08-23,ICE,0.017557516832010567
2024-08-23,IEX,-0.017557516832010567
2024-08-23,IFF,0.017557516832010567
2024-08-23,IPG,-0.017557516832010567
2024-08-23,IR,0.017557516832010567
2024-08-23,IRM,0.017557516832010567
2024-08-23,ISRG,0.017557516832010567
2024-08-23,JBHT,-0.017557516832010567
2024-08-23,JNJ,-0.017557516832010567
2024-08-23,JPM,0.017557516832010567
2024-08-23,K,-0.017557516832010567
2024-08-23,KEY,0.017557516832010567
2024-08-23,KLAC,0.017557516832010567
2024-08-23,KVUE,-0.017557516832010567
2024-08-23,L,0.017557516832010567
2024-08-23,LDOS,0.017557516832010567
2024-08-23,LEN,0.017557516832010567
2024-08-23,LHX,0.017557516832010567
2024-08-23,LKQ,-0.017557516832010567
2024-08-23,LLY,0.017557516832010567
2024-08-23,LUV,-0.017557516832010567
2024-08-23,LVS,-0.017557516832010567
2024-08-23,LW,-0.017557516832010567
2024-08-23,MCD,-0.017557516832010567
2024-08-23,MCK,0.017557516832010567
2024-08-23,MCO,0.017557516832010567
2024-08-23,MDLZ,-0.017557516832010567
2024-08-23,META,0.017557516832010567
2024-08-23,MKC,-0.017557516832010567
2024-08-23,MKTX,-0.017557516832010567
2024-08-23,MNST,-0.017557516832010567
2024-08-23,MOS,-0.017557516832010567
2024-08-23,MSFT,0.017557516832010567
2024-08-23,MSI,0.017557516832010567
2024-08-23,MTCH,-0.017557516832010567
2024-08-23,MU,0.017557516832010567
2024-08-23,NFLX,0.017557516832010567
2024-08-23,NKE,-0.017557516832010567
2024-08-23,NOW,0.017557516832010567
2024-08-23,NRG,0.017557516832010567
2024-08-23,NTAP,0.017557516832010567
2024-08-23,NUE,-0.017557516832010567
2024-08-23,NVDA,-0.017557516832010567
2024-08-23,NVR,0.017557516832010567
2024-08-23,NWS,0.017557516832010567
2024-08-23,NWSA,0.017557516832010567
2024-08-23,ODFL,-0.017557516832010567
2024-08-23,ON,-0.017557516832010567
2024-08-23,PARA,-0.017557516832010567
2024-08-23,PAYC,-0.017557516832010567
2024-08-23,PEP,-0.017557516832010567
2024-08-23,PFE,-0.017557516832010567
2024-08-23,PGR,0.017557516832010567
2024-08-23,PH,0.017557516832010567
2024-08-23,PHM,0.017557516832010567
2024-08-23,PKG,0.017557516832010567
2024-08-23,PNC,0.017557516832010567
2024-08-23,PPG,-0.017557516832010567
2024-08-23,PRU,0.017557516832010567
2024-08-23,PYPL,-0.017557516832010567
2024-08-23,QCOM,0.017557516832010567
2024-08-23,RCL,0.017557516832010567
2024-08-23,REGN,0.017557516832010567
2024-08-23,ROK,-0.017557516832010567
2024-08-23,RSG,0.017557516832010567
2024-08-23,RTX,0.017557516832010567
2024-08-23,SBUX,-0.017557516832010567
2024-08-23,SJM,-0.017557516832010567
2024-08-23,SLB,-0.017557516832010567
2024-08-23,SPG,0.017557516832010567
2024-08-23,STX,0.017557516832010567
2024-08-23,STZ,-0.017557516832010567
2024-08-23,SYF,0.017557516832010567
2024-08-23,T,0.017557516832010567
2024-08-23,TAP,-0.017557516832010567
2024-08-23,TDG,0.017557516832010567
2024-08-23,TFC,0.017557516832010567
2024-08-23,TJX,0.017557516832010567
2024-08-23,TMUS,0.017557516832010567
2024-08-23,TRGP,0.017557516832010567
2024-08-23,TRV,0.017557516832010567
2024-08-23,TT,0.017557516832010567
2024-08-23,TYL,0.017557516832010567
2024-08-23,UHS,0.017557516832010567
2024-08-23,ULTA,-0.017557516832010567
2024-08-23,UPS,-0.017557516832010567
2024-08-23,URI,0.017557516832010567
2024-08-23,VRSN,-0.017557516832010567
2024-08-23,VRTX,0.017557516832010567
2024-08-23,WAB,0.017557516832010567
2024-08-23,WBA,-0.017557516832010567
2024-08-23,WBD,-0.017557516832010567
2024-08-23,WDC,0.017557516832010567
2024-08-23,WELL,0.017557516832010567
2024-08-23,WFC,0.017557516832010567
2024-08-23,WM,0.017557516832010567
2024-08-23,WMT,-0.017557516832010567
2024-08-23,WRB,-0.017557516832010567
2024-08-23,WST,-0.017557516832010567
2024-08-23,WTW,0.017557516832010567
2024-08-23,WY,-0.017557516832010567
2024-08-23,WYNN,-0.017557516832010567
2024-08-23,XYL,0.017557516832010567
2024-08-30,AAL,-0.017320557303259126
2024-08-30,ABBV,0.017320557303259126
2024-08-30,ADM,-0.017320557303259126
2024-08-30,AEP,0.017320557303259126
2024-08-30,AFL,0.017320557303259126
2024-08-30,AIG,0.017320557303259126
2024-08-30,AJG,0.017320557303259126
2024-08-30,AKAM,-0.017320557303259126
2024-08-30,ALB,-0.017320557303259126
2024-08-30,ALGN,-0.017320557303259126
2024-08-30,ALL,0.017320557303259126
2024-08-30,ANET,0.017320557303259126
2024-08-30,APA,-0.017320557303259126
2024-08-30,APH,-0.017320557303259126
2024-08-30,APTV,-0.017320557303259126
2024-08-30,AVGO,-0.017320557303259126
2024-08-30,AXP,0.017320557303259126
2024-08-30,BA,-0.017320557303259126
2024-08-30,BAC,0.017320557303259126
2024-08-30,BAX,-0.017320557303259126
2024-08-30,BDX,-0.017320557303259126
2024-08-30,BEN,-0.017320557303259126
2024-08-30,BFB,-0.017320557303259126
2024-08-30,BG,-0.017320557303259126
2024-08-30,BIIB,-0.017320557303259126
2024-08-30,BIO,-0.017320557303259126
2024-08-30,BK,0.017320557303259126
2024-08-30,BMY,-0.017320557303259126
2024-08-30,BRKB,0.017320557303259126
2024-08-30,BRO,0.017320557303259126
2024-08-30,BSX,0.017320557303259126
2024-08-30,BWA,-0.017320557303259126
2024-08-30,C,0.017320557303259126
2024-08-30,CB,0.017320557303259126
2024-08-30,CEG,0.017320557303259126
2024-08-30,CHTR,-0.017320557303259126
2024-08-30,CL,0.017320557303259126
2024-08-30,CLX,-0.017320557303259126
2024-08-30,CMCSA,-0.017320557303259126
2024-08-30,CMG,-0.017320557303259126
2024-08-30,CMI,0.017320557303259126
2024-08-30,COF,0.017320557303259126
2024-08-30,COO,-0.017320557303259126
2024-08-30,COP,-0.017320557303259126
2024-08-30,COR,0.017320557303259126
2024-08-30,COST,0.017320557303259126
2024-08-30,CSCO,-0.017320557303259126
2024-08-30,CTAS,0.017320557303259126
2024-08-30,CTRA,-0.017320557303259126
2024-08-30,CVS,-0.017320557303259126
2024-08-30,CVX,-0.017320557303259126
2024-08-30,CZR,-0.017320557303259126
2024-08-30,DE,-0.017320557303259126
2024-08-30,DFS,0.017320557303259126
2024-08-30,DG,-0.017320557303259126
2024-08-30,DHI,0.017320557303259126
2024-08-30,DLTR,-0.017320557303259126
2024-08-30,DRI,-0.017320557303259126
2024-08-30,DUK,0.017320557303259126
2024-08-30,DVN,-0.017320557303259126
2024-08-30,DXCM,-0.017320557303259126
2024-08-30,ECL,0.017320557303259126
2024-08-30,EL,-0.017320557303259126
2024-08-30,EPAM,-0.017320557303259126
2024-08-30,EQT,-0.017320557303259126
2024-08-30,ETR,0.017320557303259126
2024-08-30,ETSY,-0.017320557303259126
2024-08-30,EW,-0.017320557303259126
2024-08-30,EXC,-0.017320557303259126
2024-08-30,F,-0.017320557303259126
2024-08-30,FDS,-0.017320557303259126
2024-08-30,FI,0.017320557303259126
2024-08-30,FICO,0.017320557303259126
2024-08-30,FIS,0.017320557303259126
2024-08-30,FITB,0.017320557303259126
2024-08-30,FMC,-0.017320557303259126
2024-08-30,FTV,-0.017320557303259126
2024-08-30,GD,0.017320557303259126
2024-08-30,GE,0.017320557303259126
2024-08-30,GL,-0.017320557303259126
2024-08-30,GPC,-0.017320557303259126
2024-08-30,GPN,-0.017320557303259126
2024-08-30,GRMN,0.017320557303259126
2024-08-30,GS,0.017320557303259126
2024-08-30,GWW,0.017320557303259126
2024-08-30,HAL,-0.017320557303259126
2024-08-30,HAS,-0.017320557303259126
2024-08-30,HES,-0.017320557303259126
2024-08-30,HIG,0.017320557303259126
2024-08-30,HLT,0.017320557303259126
2024-08-30,HRL,-0.017320557303259126
2024-08-30,HSY,-0.017320557303259126
2024-08-30,HUM,-0.017320557303259126
2024-08-30,HWM,0.017320557303259126
2024-08-30,ICE,0.017320557303259126
2024-08-30,IEX,-0.017320557303259126
2024-08-30,INTC,-0.017320557303259126
2024-08-30,IPG,-0.017320557303259126
2024-08-30,IRM,0.017320557303259126
2024-08-30,ISRG,0.017320557303259126
2024-08-30,IT,0.017320557303259126
2024-08-30,JBHT,-0.017320557303259126
2024-08-30,JPM,0.017320557303259126
2024-08-30,KLAC,0.017320557303259126
2024-08-30,KMI,0.017320557303259126
2024-08-30,KVUE,-0.017320557303259126
2024-08-30,L,0.017320557303259126
2024-08-30,LDOS,0.017320557303259126
2024-08-30,LEN,0.017320557303259126
2024-08-30,LHX,0.017320557303259126
2024-08-30,LKQ,-0.017320557303259126
2024-08-30,LLY,0.017320557303259126
2024-08-30,LUV,-0.017320557303259126
2024-08-30,LVS,-0.017320557303259126
2024-08-30,LW,-0.017320557303259126
2024-08-30,MCD,-0.017320557303259126
2024-08-30,MCK,0.017320557303259126
2024-08-30,MCO,0.017320557303259126
2024-08-30,META,0.017320557303259126
2024-08-30,MGM,-0.017320557303259126
2024-08-30,MHK,0.017320557303259126
2024-08-30,MNST,-0.017320557303259126
2024-08-30,MOS,-0.017320557303259126
2024-08-30,MRNA,-0.017320557303259126
2024-08-30,MSFT,0.017320557303259126
2024-08-30,MSI,0.017320557303259126
2024-08-30,MTCH,-0.017320557303259126
2024-08-30,NDAQ,0.017320557303259126
2024-08-30,NFLX,0.017320557303259126
2024-08-30,NKE,-0.017320557303259126
2024-08-30,NRG,0.017320557303259126
2024-08-30,NTAP,0.017320557303259126
2024-08-30,NUE,-0.017320557303259126
2024-08-30,NVDA,-0.017320557303259126
2024-08-30,NVR,0.017320557303259126
2024-08-30,NWS,0.017320557303259126
2024-08-30,NWSA,0.017320557303259126
2024-08-30,ODFL,-0.017320557303259126
2024-08-30,ON,-0.017320557303259126
2024-08-30,PARA,-0.017320557303259126
2024-08-30,PAYC,-0.017320557303259126
2024-08-30,PEG,0.017320557303259126
2024-08-30,PFE,-0.017320557303259126
2024-08-30,PGR,0.017320557303259126
2024-08-30,PHM,0.017320557303259126
2024-08-30,PKG,0.017320557303259126
2024-08-30,PNC,0.017320557303259126
2024-08-30,PPG,-0.017320557303259126
2024-08-30,PRU,0.017320557303259126
2024-08-30,RCL,0.017320557303259126
2024-08-30,REGN,0.017320557303259126
2024-08-30,ROK,-0.017320557303259126
2024-08-30,RSG,0.017320557303259126
2024-08-30,RTX,0.017320557303259126
2024-08-30,SBUX,-0.017320557303259126
2024-08-30,SHW,0.017320557303259126
2024-08-30,SJM,-0.017320557303259126
2024-08-30,SLB,-0.017320557303259126
2024-08-30,SO,0.017320557303259126
2024-08-30,SPG,0.017320557303259126
2024-08-30,SPGI,0.017320557303259126
2024-08-30,STZ,-0.017320557303259126
2024-08-30,SYF,0.017320557303259126
2024-08-30,T,0.017320557303259126
2024-08-30,TAP,-0.017320557303259126
2024-08-30,TDG,0.017320557303259126
2024-08-30,TFC,0.017320557303259126
2024-08-30,TJX,0.017320557303259126
2024-08-30,TMUS,0.017320557303259126
2024-08-30,TRGP,0.017320557303259126
2024-08-30,TRV,0.017320557303259126
2024-08-30,TSLA,-0.017320557303259126
2024-08-30,TT,0.017320557303259126
2024-08-30,TYL,0.017320557303259126
2024-08-30,UAL,-0.017320557303259126
2024-08-30,UHS,0.017320557303259126
2024-08-30,ULTA,-0.017320557303259126
2024-08-30,UPS,-0.017320557303259126
2024-08-30,VRSN,-0.017320557303259126
2024-08-30,VRTX,0.017320557303259126
2024-08-30,WAB,0.017320557303259126
2024-08-30,WBA,-0.017320557303259126
2024-08-30,WBD,-0.017320557303259126
2024-08-30,WELL,0.017320557303259126
2024-08-30,WFC,0.017320557303259126
2024-08-30,WM,0.017320557303259126
2024-08-30,WMB,0.017320557303259126
2024-08-30,WMT,-0.017320557303259126
2024-08-30,WRB,-0.017320557303259126
2024-08-30,WST,-0.017320557303259126
2024-08-30,WTW,0.017320557303259126
2024-08-30,WYNN,-0.017320557303259126
2024-08-30,XYL,0.017320557303259126
2024-08-30,ZBH,-0.017320557303259126
2024-09-06,AAL,-0.018298944500568407
2024-09-06,ADM,-0.018298944500568407
2024-09-06,AFL,0.018298944500568407
2024-09-06,AIG,0.018298944500568407
2024-09-06,AJG,0.018298944500568407
2024-09-06,AKAM,-0.018298944500568407
2024-09-06,ALB,-0.018298944500568407
2024-09-06,ALGN,-0.018298944500568407
2024-09-06,ALL,0.018298944500568407
2024-09-06,ANET,0.018298944500568407
2024-09-06,APA,-0.018298944500568407
2024-09-06,APH,-0.018298944500568407
2024-09-06,APTV,-0.018298944500568407
2024-09-06,AVGO,-0.018298944500568407
2024-09-06,AXON,0.018298944500568407
2024-09-06,AXP,0.018298944500568407
2024-09-06,BA,-0.018298944500568407
2024-09-06,BAC,0.018298944500568407
2024-09-06,BBWI,-0.018298944500568407
2024-09-06,BDX,-0.018298944500568407
2024-09-06,BEN,-0.018298944500568407
2024-09-06,BFB,-0.018298944500568407
2024-09-06,BG,-0.018298944500568407
2024-09-06,BIIB,-0.018298944500568407
2024-09-06,BIO,-0.018298944500568407
2024-09-06,BK,0.018298944500568407
2024-09-06,BMY,-0.018298944500568407
2024-09-06,BRKB,0.018298944500568407
2024-09-06,BRO,0.018298944500568407
2024-09-06,BSX,0.018298944500568407
2024-09-06,BWA,-0.018298944500568407
2024-09-06,C,0.018298944500568407
2024-09-06,CB,0.018298944500568407
2024-09-06,CBOE,0.018298944500568407
2024-09-06,CEG,0.018298944500568407
2024-09-06,CFG,0.018298944500568407
2024-09-06,CHTR,-0.018298944500568407
2024-09-06,CL,0.018298944500568407
2024-09-06,CLX,-0.018298944500568407
2024-09-06,CMCSA,-0.018298944500568407
2024-09-06,CMG,-0.018298944500568407
2024-09-06,CNP,-0.018298944500568407
2024-09-06,COO,-0.018298944500568407
2024-09-06,COP,-0.018298944500568407
2024-09-06,COR,0.018298944500568407
2024-09-06,COST,0.018298944500568407
2024-09-06,CSCO,-0.018298944500568407
2024-09-06,CSGP,-0.018298944500568407
2024-09-06,CTAS,0.018298944500568407
2024-09-06,CTRA,-0.018298944500568407
2024-09-06,CVS,-0.018298944500568407
2024-09-06,CVX,-0.018298944500568407
2024-09-06,CZR,-0.018298944500568407
2024-09-06,DE,-0.018298944500568407
2024-09-06,DHI,0.018298944500568407
2024-09-06,DLTR,-0.018298944500568407
2024-09-06,DUK,0.018298944500568407
2024-09-06,DVN,-0.018298944500568407
2024-09-06,DXCM,-0.018298944500568407
2024-09-06,EBAY,0.018298944500568407
2024-09-06,ECL,0.018298944500568407
2024-09-06,EL,-0.018298944500568407
2024-09-06,EPAM,-0.018298944500568407
2024-09-06,EQT,-0.018298944500568407
2024-09-06,ETSY,-0.018298944500568407
2024-09-06,EW,-0.018298944500568407
2024-09-06,EXC,-0.018298944500568407
2024-09-06,F,-0.018298944500568407
2024-09-06,FDS,-0.018298944500568407
2024-09-06,FI,0.018298944500568407
2024-09-06,FICO,0.018298944500568407
2024-09-06,FIS,0.018298944500568407
2024-09-06,FITB,0.018298944500568407
2024-09-06,FMC,-0.018298944500568407
2024-09-06,FTV,-0.018298944500568407
2024-09-06,GD,0.018298944500568407
2024-09-06,GE,0.018298944500568407
2024-09-06,GL,-0.018298944500568407
2024-09-06,GPC,-0.018298944500568407
2024-09-06,GPN,-0.018298944500568407
2024-09-06,GRMN,0.018298944500568407
2024-09-06,GS,0.018298944500568407
2024-09-06,GWW,0.018298944500568407
2024-09-06,HAL,-0.018298944500568407
2024-09-06,HAS,-0.018298944500568407
2024-09-06,HES,-0.018298944500568407
2024-09-06,HIG,0.018298944500568407
2024-09-06,HLT,0.018298944500568407
2024-09-06,HRL,-0.018298944500568407
2024-09-06,HSIC,-0.018298944500568407
2024-09-06,HUM,-0.018298944500568407
2024-09-06,HWM,0.018298944500568407
2024-09-06,IBM,0.018298944500568407
2024-09-06,ICE,0.018298944500568407
2024-09-06,IEX,-0.018298944500568407
2024-09-06,IFF,0.018298944500568407
2024-09-06,INTC,-0.018298944500568407
2024-09-06,IPG,-0.018298944500568407
2024-09-06,IRM,0.018298944500568407
2024-09-06,ISRG,0.018298944500568407
2024-09-06,JBHT,-0.018298944500568407
2024-09-06,JPM,0.018298944500568407
2024-09-06,KLAC,0.018298944500568407
2024-09-06,KMI,0.018298944500568407
2024-09-06,L,0.018298944500568407
2024-09-06,LDOS,0.018298944500568407
2024-09-06,LHX,0.018298944500568407
2024-09-06,LKQ,-0.018298944500568407
2024-09-06,LLY,0.018298944500568407
2024-09-06,LMT,0.018298944500568407
2024-09-06,LUV,-0.018298944500568407
2024-09-06,LVS,-0.018298944500568407
2024-09-06,LW,-0.018298944500568407
2024-09-06,MCK,0.018298944500568407
2024-09-06,MCO,0.018298944500568407
2024-09-06,META,0.018298944500568407
2024-09-06,MGM,-0.018298944500568407
2024-09-06,MHK,0.018298944500568407
2024-09-06,MNST,-0.018298944500568407
2024-09-06,MOS,-0.018298944500568407
2024-09-06,MPWR,0.018298944500568407
2024-09-06,MRNA,-0.018298944500568407
2024-09-06,MSI,0.018298944500568407
2024-09-06,MTCH,-0.018298944500568407
2024-09-06,NDAQ,0.018298944500568407
2024-09-06,NKE,-0.018298944500568407
2024-09-06,NRG,0.018298944500568407
2024-09-06,NTAP,0.018298944500568407
2024-09-06,NUE,-0.018298944500568407
2024-09-06,NVDA,-0.018298944500568407
2024-09-06,NVR,0.018298944500568407
2024-09-06,NWS,0.018298944500568407
2024-09-06,NWSA,0.018298944500568407
2024-09-06,ODFL,-0.018298944500568407
2024-09-06,OKE,0.018298944500568407
2024-09-06,ON,-0.018298944500568407
2024-09-06,OXY,-0.018298944500568407
2024-09-06,PARA,-0.018298944500568407
2024-09-06,PAYC,-0.018298944500568407
2024-09-06,PEG,0.018298944500568407
2024-09-06,PFE,-0.018298944500568407
2024-09-06,PGR,0.018298944500568407
2024-09-06,PH,0.018298944500568407
2024-09-06,PHM,0.018298944500568407
2024-09-06,PKG,0.018298944500568407
2024-09-06,PM,0.018298944500568407
2024-09-06,PNC,0.018298944500568407
2024-09-06,PPG,-0.018298944500568407
2024-09-06,PPL,0.018298944500568407
2024-09-06,QCOM,0.018298944500568407
2024-09-06,RCL,0.018298944500568407
2024-09-06,REGN,0.018298944500568407
2024-09-06,ROK,-0.018298944500568407
2024-09-06,RSG,0.018298944500568407
2024-09-06,RTX,0.018298944500568407
2024-09-06,SBUX,-0.018298944500568407
2024-09-06,SJM,-0.018298944500568407
2024-09-06,SLB,-0.018298944500568407
2024-09-06,SO,0.018298944500568407
2024-09-06,SPG,0.018298944500568407
2024-09-06,STX,0.018298944500568407
2024-09-06,STZ,-0.018298944500568407
2024-09-06,SYF,0.018298944500568407
2024-09-06,T,0.018298944500568407
2024-09-06,TAP,-0.018298944500568407
2024-09-06,TDG,0.018298944500568407
2024-09-06,TFC,0.018298944500568407
2024-09-06,TMUS,0.018298944500568407
2024-09-06,TRGP,0.018298944500568407
2024-09-06,TROW,-0.018298944500568407
2024-09-06,TRV,0.018298944500568407
2024-09-06,TSLA,-0.018298944500568407
2024-09-06,TT,0.018298944500568407
2024-09-06,TYL,0.018298944500568407
2024-09-06,UAL,-0.018298944500568407
2024-09-06,UHS,0.018298944500568407
2024-09-06,ULTA,-0.018298944500568407
2024-09-06,UPS,-0.018298944500568407
2024-09-06,VRSN,-0.018298944500568407
2024-09-06,VRTX,0.018298944500568407
2024-09-06,VTR,0.018298944500568407
2024-09-06,WAB,0.018298944500568407
2024-09-06,WBA,-0.018298944500568407
2024-09-06,WBD,-0.018298944500568407
2024-09-06,WELL,0.018298944500568407
2024-09-06,WM,0.018298944500568407
2024-09-06,WMB,0.018298944500568407
2024-09-06,WMT,-0.018298944500568407
2024-09-06,WRB,-0.018298944500568407
2024-09-06,WST,-0.018298944500568407
2024-09-06,WTW,0.018298944500568407
2024-09-06,WYNN,-0.018298944500568407
2024-09-06,XYL,0.018298944500568407
2024-09-06,ZBH,-0.018298944500568407
2024-09-13,AAL,-0.02023269214334004
2024-09-13,ACGL,0.02023269214334004
2024-09-13,ADM,-0.02023269214334004
2024-09-13,AFL,0.02023269214334004
2024-09-13,AIG,0.02023269214334004
2024-09-13,AIZ,0.02023269214334004
2024-09-13,AJG,0.02023269214334004
2024-09-13,ALB,-0.02023269214334004
2024-09-13,ALGN,-0.02023269214334004
2024-09-13,ALL,0.02023269214334004
2024-09-13,ANET,0.02023269214334004
2024-09-13,APA,-0.02023269214334004
2024-09-13,APD,-0.02023269214334004
2024-09-13,APH,-0.02023269214334004
2024-09-13,APTV,-0.02023269214334004
2024-09-13,AVGO,-0.02023269214334004
2024-09-13,AXON,0.02023269214334004
2024-09-13,AXP,0.02023269214334004
2024-09-13,BA,-0.02023269214334004
2024-09-13,BAX,-0.02023269214334004
2024-09-13,BBWI,-0.02023269214334004
2024-09-13,BDX,-0.02023269214334004
2024-09-13,BEN,-0.02023269214334004
2024-09-13,BFB,-0.02023269214334004
2024-09-13,BG,-0.02023269214334004
2024-09-13,BIIB,-0.02023269214334004
2024-09-13,BIO,-0.02023269214334004
2024-09-13,BK,0.02023269214334004
2024-09-13,BMY,-0.02023269214334004
2024-09-13,BRKB,0.02023269214334004
2024-09-13,BRO,0.02023269214334004
2024-09-13,BSX,0.02023269214334004
2024-09-13,BWA,-0.02023269214334004
2024-09-13,C,0.02023269214334004
2024-09-13,CB,0.02023269214334004
2024-09-13,CBOE,0.02023269214334004
2024-09-13,CEG,0.02023269214334004
2024-09-13,CF,-0.02023269214334004
2024-09-13,CHTR,-0.02023269214334004
2024-09-13,CL,0.02023269214334004
2024-09-13,CMCSA,-0.02023269214334004
2024-09-13,CMG,-0.02023269214334004
2024-09-13,CNP,-0.02023269214334004
2024-09-13,COO,-0.02023269214334004
2024-09-13,COP,-0.02023269214334004
2024-09-13,COR,0.02023269214334004
2024-09-13,COST,0.02023269214334004
2024-09-13,CSCO,-0.02023269214334004
2024-09-13,CSGP,-0.02023269214334004
2024-09-13,CTAS,0.02023269214334004
2024-09-13,CTRA,-0.02023269214334004
2024-09-13,CVS,-0.02023269214334004
2024-09-13,CVX,-0.02023269214334004
2024-09-13,CZR,-0.02023269214334004
2024-09-13,DE,-0.02023269214334004
2024-09-13,DFS,0.02023269214334004
2024-09-13,DHI,0.02023269214334004
2024-09-13,DLTR,-0.02023269214334004
2024-09-13,DRI,-0.02023269214334004
2024-09-13,DVN,-0.02023269214334004
2024-09-13,DXCM,-0.02023269214334004
2024-09-13,ECL,0.02023269214334004
2024-09-13,EFX,0.02023269214334004
2024-09-13,EL,-0.02023269214334004
2024-09-13,EPAM,-0.02023269214334004
2024-09-13,EQT,-0.02023269214334004
2024-09-13,ETSY,-0.02023269214334004
2024-09-13,EXC,-0.02023269214334004
2024-09-13,F,-0.02023269214334004
2024-09-13,FDS,-0.02023269214334004
2024-09-13,FI,0.02023269214334004
2024-09-13,FICO,0.02023269214334004
2024-09-13,FIS,0.02023269214334004
2024-09-13,FITB,0.02023269214334004
2024-09-13,FMC,-0.02023269214334004
2024-09-13,FTV,-0.02023269214334004
2024-09-13,GD,0.02023269214334004
2024-09-13,GE,0.02023269214334004
2024-09-13,GPC,-0.02023269214334004
2024-09-13,GPN,-0.02023269214334004
2024-09-13,GRMN,0.02023269214334004
2024-09-13,GS,0.02023269214334004
2024-09-13,GWW,0.02023269214334004
2024-09-13,HAL,-0.02023269214334004
2024-09-13,HCA,0.02023269214334004
2024-09-13,HES,-0.02023269214334004
2024-09-13,HIG,0.02023269214334004
2024-09-13,HLT,0.02023269214334004
2024-09-13,HRL,-0.02023269214334004
2024-09-13,HSIC,-0.02023269214334004
2024-09-13,HSY,-0.02023269214334004
2024-09-13,HUM,-0.02023269214334004
2024-09-13,HWM,0.02023269214334004
2024-09-13,IBM,0.02023269214334004
2024-09-13,ICE,0.02023269214334004
2024-09-13,IEX,-0.02023269214334004
2024-09-13,IFF,0.02023269214334004
2024-09-13,INTC,-0.02023269214334004
2024-09-13,IR,0.02023269214334004
2024-09-13,IRM,0.02023269214334004
2024-09-13,ISRG,0.02023269214334004
2024-09-13,JBHT,-0.02023269214334004
2024-09-13,JNJ,-0.02023269214334004
2024-09-13,JPM,0.02023269214334004
2024-09-13,KLAC,0.02023269214334004
2024-09-13,L,0.02023269214334004
2024-09-13,LDOS,0.02023269214334004
2024-09-13,LEN,0.02023269214334004
2024-09-13,LHX,0.02023269214334004
2024-09-13,LKQ,-0.02023269214334004
2024-09-13,LLY,0.02023269214334004
2024-09-13,LMT,0.02023269214334004
2024-09-13,LUV,-0.02023269214334004
2024-09-13,LVS,-0.02023269214334004
2024-09-13,LW,-0.02023269214334004
2024-09-13,LYB,-0.02023269214334004
2024-09-13,MCD,-0.02023269214334004
2024-09-13,MCK,0.02023269214334004
2024-09-13,MCO,0.02023269214334004
2024-09-13,META,0.02023269214334004
2024-09-13,MHK,0.02023269214334004
2024-09-13,MNST,-0.02023269214334004
2024-09-13,MOS,-0.02023269214334004
2024-09-13,MPWR,0.02023269214334004
2024-09-13,MRNA,-0.02023269214334004
2024-09-13,MSI,0.02023269214334004
2024-09-13,MTCH,-0.02023269214334004
2024-09-13,NDAQ,0.02023269214334004
2024-09-13,NFLX,0.02023269214334004
2024-09-13,NKE,-0.02023269214334004
2024-09-13,NRG,0.02023269214334004
2024-09-13,NTAP,0.02023269214334004
2024-09-13,NUE,-0.02023269214334004
2024-09-13,NVDA,-0.02023269214334004
2024-09-13,NVR,0.02023269214334004
2024-09-13,NWS,0.02023269214334004
2024-09-13,NWSA,0.02023269214334004
2024-09-13,ODFL,-0.02023269214334004
2024-09-13,ON,-0.02023269214334004
2024-09-13,OXY,-0.02023269214334004
2024-09-13,PARA,-0.02023269214334004
2024-09-13,PAYC,-0.02023269214334004
2024-09-13,PEG,0.02023269214334004
2024-09-13,PEP,-0.02023269214334004
2024-09-13,PFE,-0.02023269214334004
2024-09-13,PGR,0.02023269214334004
2024-09-13,PH,0.02023269214334004
2024-09-13,PHM,0.02023269214334004
2024-09-13,PKG,0.02023269214334004
2024-09-13,PPG,-0.02023269214334004
2024-09-13,QCOM,0.02023269214334004
2024-09-13,RCL,0.02023269214334004
2024-09-13,REGN,0.02023269214334004
2024-09-13,RMD,0.02023269214334004
2024-09-13,ROK,-0.02023269214334004
2024-09-13,RSG,0.02023269214334004
2024-09-13,RTX,0.02023269214334004
2024-09-13,SHW,0.02023269214334004
2024-09-13,SJM,-0.02023269214334004
2024-09-13,SLB,-0.02023269214334004
2024-09-13,SPG,0.02023269214334004
2024-09-13,STX,0.02023269214334004
2024-09-13,STZ,-0.02023269214334004
2024-09-13,SYF,0.02023269214334004
2024-09-13,TAP,-0.02023269214334004
2024-09-13,TDG,0.02023269214334004
2024-09-13,TFC,0.02023269214334004
2024-09-13,TMUS,0.02023269214334004
2024-09-13,TRGP,0.02023269214334004
2024-09-13,TRV,0.02023269214334004
2024-09-13,TSLA,-0.02023269214334004
2024-09-13,TT,0.02023269214334004
2024-09-13,TYL,0.02023269214334004
2024-09-13,UHS,0.02023269214334004
2024-09-13,ULTA,-0.02023269214334004
2024-09-13,UPS,-0.02023269214334004
2024-09-13,URI,0.02023269214334004
2024-09-13,VRSN,-0.02023269214334004
2024-09-13,VRTX,0.02023269214334004
2024-09-13,VTR,0.02023269214334004
2024-09-13,WAB,0.02023269214334004
2024-09-13,WBA,-0.02023269214334004
2024-09-13,WBD,-0.02023269214334004
2024-09-13,WELL,0.02023269214334004
2024-09-13,WM,0.02023269214334004
2024-09-13,WMB,0.02023269214334004
2024-09-13,WMT,-0.02023269214334004
2024-09-13,WRB,-0.02023269214334004
2024-09-13,WST,-0.02023269214334004
2024-09-13,WTW,0.02023269214334004
2024-09-13,WY,-0.02023269214334004
2024-09-13,WYNN,-0.02023269214334004
2024-09-13,XYL,0.02023269214334004
2024-09-13,ZBH,-0.02023269214334004
2024-09-20,AAL,-0.02017348151698443
2024-09-20,ABNB,-0.02017348151698443
2024-09-20,ADM,-0.02017348151698443
2024-09-20,AFL,0.02017348151698443
2024-09-20,AJG,0.02017348151698443
2024-09-20,AKAM,-0.02017348151698443
2024-09-20,ALB,-0.02017348151698443
2024-09-20,ALGN,-0.02017348151698443
2024-09-20,ALL,0.02017348151698443
2024-09-20,ANET,0.02017348151698443
2024-09-20,APA,-0.02017348151698443
2024-09-20,APD,-0.02017348151698443
2024-09-20,APH,-0.02017348151698443
2024-09-20,APTV,-0.02017348151698443
2024-09-20,AVGO,-0.02017348151698443
2024-09-20,AXON,0.02017348151698443
2024-09-20,AXP,0.02017348151698443
2024-09-20,BA,-0.02017348151698443
2024-09-20,BAC,0.02017348151698443
2024-09-20,BAX,-0.02017348151698443
2024-09-20,BDX,-0.02017348151698443
2024-09-20,BEN,-0.02017348151698443
2024-09-20,BFB,-0.02017348151698443
2024-09-20,BG,-0.02017348151698443
2024-09-20,BIIB,-0.02017348151698443
2024-09-20,BIO,-0.02017348151698443
2024-09-20,BK,0.02017348151698443
2024-09-20,BMY,-0.02017348151698443
2024-09-20,BRKB,0.02017348151698443
2024-09-20,BRO,0.02017348151698443
2024-09-20,BSX,0.02017348151698443
2024-09-20,BWA,-0.02017348151698443
2024-09-20,C,0.02017348151698443
2024-09-20,CB,0.02017348151698443
2024-09-20,CBOE,0.02017348151698443
2024-09-20,CBRE,0.02017348151698443
2024-09-20,CEG,0.02017348151698443
2024-09-20,CF,-0.02017348151698443
2024-09-20,CHTR,-0.02017348151698443
2024-09-20,CL,0.02017348151698443
2024-09-20,CMCSA,-0.02017348151698443
2024-09-20,CMG,-0.02017348151698443
2024-09-20,CNP,-0.02017348151698443
2024-09-20,COO,-0.02017348151698443
2024-09-20,COP,-0.02017348151698443
2024-09-20,COST,0.02017348151698443
2024-09-20,CSCO,-0.02017348151698443
2024-09-20,CSGP,-0.02017348151698443
2024-09-20,CTAS,0.02017348151698443
2024-09-20,CTRA,-0.02017348151698443
2024-09-20,CVS,-0.02017348151698443
2024-09-20,CVX,-0.02017348151698443
2024-09-20,CZR,-0.02017348151698443
2024-09-20,DE,-0.02017348151698443
2024-09-20,DFS,0.02017348151698443
2024-09-20,DHI,0.02017348151698443
2024-09-20,DLTR,-0.02017348151698443
2024-09-20,DVN,-0.02017348151698443
2024-09-20,DXCM,-0.02017348151698443
2024-09-20,ECL,0.02017348151698443
2024-09-20,EFX,0.02017348151698443
2024-09-20,EG,-0.02017348151698443
2024-09-20,EL,-0.02017348151698443
2024-09-20,ENPH,-0.02017348151698443
2024-09-20,EPAM,-0.02017348151698443
2024-09-20,EQT,-0.02017348151698443
2024-09-20,ETSY,-0.02017348151698443
2024-09-20,EXC,-0.02017348151698443
2024-09-20,F,-0.02017348151698443
2024-09-20,FDS,-0.02017348151698443
2024-09-20,FI,0.02017348151698443
2024-09-20,FICO,0.02017348151698443
2024-09-20,FIS,0.02017348151698443
2024-09-20,FITB,0.02017348151698443
2024-09-20,FMC,-0.02017348151698443
2024-09-20,FTV,-0.02017348151698443
2024-09-20,GD,0.02017348151698443
2024-09-20,GE,0.02017348151698443
2024-09-20,GL,-0.02017348151698443
2024-09-20,GPC,-0.02017348151698443
2024-09-20,GPN,-0.02017348151698443
2024-09-20,GRMN,0.02017348151698443
2024-09-20,GS,0.02017348151698443
2024-09-20,GWW,0.02017348151698443
2024-09-20,HAL,-0.02017348151698443
2024-09-20,HCA,0.02017348151698443
2024-09-20,HES,-0.02017348151698443
2024-09-20,HIG,0.02017348151698443
2024-09-20,HLT,0.02017348151698443
2024-09-20,HRL,-0.02017348151698443
2024-09-20,HSIC,-0.02017348151698443
2024-09-20,HSY,-0.02017348151698443
2024-09-20,HUM,-0.02017348151698443
2024-09-20,HWM,0.02017348151698443
2024-09-20,ICE,0.02017348151698443
2024-09-20,IEX,-0.02017348151698443
2024-09-20,IFF,0.02017348151698443
2024-09-20,INTC,-0.02017348151698443
2024-09-20,IR,0.02017348151698443
2024-09-20,IRM,0.02017348151698443
2024-09-20,ISRG,0.02017348151698443
2024-09-20,JBHT,-0.02017348151698443
2024-09-20,JPM,0.02017348151698443
2024-09-20,KLAC,0.02017348151698443
2024-09-20,KMI,0.02017348151698443
2024-09-20,L,0.02017348151698443
2024-09-20,LDOS,0.02017348151698443
2024-09-20,LEN,0.02017348151698443
2024-09-20,LHX,0.02017348151698443
2024-09-20,LKQ,-0.02017348151698443
2024-09-20,LLY,0.02017348151698443
2024-09-20,LMT,0.02017348151698443
2024-09-20,LUV,-0.02017348151698443
2024-09-20,LVS,-0.02017348151698443
2024-09-20,LW,-0.02017348151698443
2024-09-20,MAS,0.02017348151698443
2024-09-20,MCO,0.02017348151698443
2024-09-20,META,0.02017348151698443
2024-09-20,MHK,0.02017348151698443
2024-09-20,MNST,-0.02017348151698443
2024-09-20,MOS,-0.02017348151698443
2024-09-20,MPWR,0.02017348151698443
2024-09-20,MRNA,-0.02017348151698443
2024-09-20,MSI,0.02017348151698443
2024-09-20,MTCH,-0.02017348151698443
2024-09-20,NDAQ,0.02017348151698443
2024-09-20,NFLX,0.02017348151698443
2024-09-20,NKE,-0.02017348151698443
2024-09-20,NRG,0.02017348151698443
2024-09-20,NTAP,0.02017348151698443
2024-09-20,NUE,-0.02017348151698443
2024-09-20,NVDA,-0.02017348151698443
2024-09-20,NVR,0.02017348151698443
2024-09-20,NWS,0.02017348151698443
2024-09-20,NWSA,0.02017348151698443
2024-09-20,ODFL,-0.02017348151698443
2024-09-20,OMC,0.02017348151698443
2024-09-20,ON,-0.02017348151698443
2024-09-20,OXY,-0.02017348151698443
2024-09-20,PARA,-0.02017348151698443
2024-09-20,PAYC,-0.02017348151698443
2024-09-20,PEG,0.02017348151698443
2024-09-20,PFE,-0.02017348151698443
2024-09-20,PGR,0.02017348151698443
2024-09-20,PH,0.02017348151698443
2024-09-20,PHM,0.02017348151698443
2024-09-20,PKG,0.02017348151698443
2024-09-20,PPG,-0.02017348151698443
2024-09-20,RCL,0.02017348151698443
2024-09-20,REGN,0.02017348151698443
2024-09-20,RMD,0.02017348151698443
2024-09-20,ROK,-0.02017348151698443
2024-09-20,ROST,0.02017348151698443
2024-09-20,RSG,0.02017348151698443
2024-09-20,RTX,0.02017348151698443
2024-09-20,SHW,0.02017348151698443
2024-09-20,SJM,-0.02017348151698443
2024-09-20,SLB,-0.02017348151698443
2024-09-20,SPG,0.02017348151698443
2024-09-20,SPGI,0.02017348151698443
2024-09-20,STX,0.02017348151698443
2024-09-20,STZ,-0.02017348151698443
2024-09-20,SYF,0.02017348151698443
2024-09-20,TAP,-0.02017348151698443
2024-09-20,TDG,0.02017348151698443
2024-09-20,TFC,0.02017348151698443
2024-09-20,TJX,0.02017348151698443
2024-09-20,TMUS,0.02017348151698443
2024-09-20,TRGP,0.02017348151698443
2024-09-20,TRV,0.02017348151698443
2024-09-20,TSLA,-0.02017348151698443
2024-09-20,TT,0.02017348151698443
2024-09-20,TYL,0.02017348151698443
2024-09-20,UAL,-0.02017348151698443
2024-09-20,UHS,0.02017348151698443
2024-09-20,ULTA,-0.02017348151698443
2024-09-20,UPS,-0.02017348151698443
2024-09-20,URI,0.02017348151698443
2024-09-20,VRSN,-0.02017348151698443
2024-09-20,VTR,0.02017348151698443
2024-09-20,WAB,0.02017348151698443
2024-09-20,WBA,-0.02017348151698443
2024-09-20,WBD,-0.02017348151698443
2024-09-20,WELL,0.02017348151698443
2024-09-20,WM,0.02017348151698443
2024-09-20,WMB,0.02017348151698443
2024-09-20,WMT,-0.02017348151698443
2024-09-20,WRB,-0.02017348151698443
2024-09-20,WST,-0.02017348151698443
2024-09-20,WTW,0.02017348151698443
2024-09-20,WY,-0.02017348151698443
2024-09-20,WYNN,-0.02017348151698443
2024-09-20,XYL,0.02017348151698443
2024-09-20,ZBH,-0.02017348151698443
2024-09-27,ABNB,-0.02081064771432172
2024-09-27,ADM,-0.02081064771432172
2024-09-27,AFL,0.02081064771432172
2024-09-27,AKAM,-0.02081064771432172
2024-09-27,ALB,-0.02081064771432172
2024-09-27,ALGN,-0.02081064771432172
2024-09-27,ALL,0.02081064771432172
2024-09-27,ANET,0.02081064771432172
2024-09-27,APA,-0.02081064771432172
2024-09-27,APD,-0.02081064771432172
2024-09-27,APH,-0.02081064771432172
2024-09-27,APTV,-0.02081064771432172
2024-09-27,AVGO,-0.02081064771432172
2024-09-27,AXON,0.02081064771432172
2024-09-27,AXP,0.02081064771432172
2024-09-27,BA,-0.02081064771432172
2024-09-27,BAC,0.02081064771432172
2024-09-27,BBWI,-0.02081064771432172
2024-09-27,BDX,-0.02081064771432172
2024-09-27,BEN,-0.02081064771432172
2024-09-27,BFB,-0.02081064771432172
2024-09-27,BG,-0.02081064771432172
2024-09-27,BIIB,-0.02081064771432172
2024-09-27,BK,0.02081064771432172
2024-09-27,BKR,-0.02081064771432172
2024-09-27,BMY,-0.02081064771432172
2024-09-27,BRKB,0.02081064771432172
2024-09-27,BRO,0.02081064771432172
2024-09-27,BSX,0.02081064771432172
2024-09-27,BWA,-0.02081064771432172
2024-09-27,C,0.02081064771432172
2024-09-27,CB,0.02081064771432172
2024-09-27,CBRE,0.02081064771432172
2024-09-27,CF,-0.02081064771432172
2024-09-27,CFG,0.02081064771432172
2024-09-27,CHTR,-0.02081064771432172
2024-09-27,CL,0.02081064771432172
2024-09-27,CMCSA,-0.02081064771432172
2024-09-27,CMG,-0.02081064771432172
2024-09-27,COF,0.02081064771432172
2024-09-27,COO,-0.02081064771432172
2024-09-27,COP,-0.02081064771432172
2024-09-27,COST,0.02081064771432172
2024-09-27,CSCO,-0.02081064771432172
2024-09-27,CSGP,-0.02081064771432172
2024-09-27,CTAS,0.02081064771432172
2024-09-27,CTRA,-0.02081064771432172
2024-09-27,CVS,-0.02081064771432172
2024-09-27,CVX,-0.02081064771432172
2024-09-27,CZR,-0.02081064771432172
2024-09-27,DE,-0.02081064771432172
2024-09-27,DFS,0.02081064771432172
2024-09-27,DG,-0.02081064771432172
2024-09-27,DHI,0.02081064771432172
2024-09-27,DLTR,-0.02081064771432172
2024-09-27,DVN,-0.02081064771432172
2024-09-27,DXCM,-0.02081064771432172
2024-09-27,ECL,0.02081064771432172
2024-09-27,EFX,0.02081064771432172
2024-09-27,EL,-0.02081064771432172
2024-09-27,ENPH,-0.02081064771432172
2024-09-27,EOG,-0.02081064771432172
2024-09-27,EPAM,-0.02081064771432172
2024-09-27,EQT,-0.02081064771432172
2024-09-27,ESS,0.02081064771432172
2024-09-27,EW,-0.02081064771432172
2024-09-27,F,-0.02081064771432172
2024-09-27,FDS,-0.02081064771432172
2024-09-27,FI,0.02081064771432172
2024-09-27,FICO,0.02081064771432172
2024-09-27,FIS,0.02081064771432172
2024-09-27,FITB,0.02081064771432172
2024-09-27,FMC,-0.02081064771432172
2024-09-27,FTV,-0.02081064771432172
2024-09-27,GD,0.02081064771432172
2024-09-27,GE,0.02081064771432172
2024-09-27,GL,-0.02081064771432172
2024-09-27,GPC,-0.02081064771432172
2024-09-27,GPN,-0.02081064771432172
2024-09-27,GRMN,0.02081064771432172
2024-09-27,GS,0.02081064771432172
2024-09-27,GWW,0.02081064771432172
2024-09-27,HAL,-0.02081064771432172
2024-09-27,HCA,0.02081064771432172
2024-09-27,HES,-0.02081064771432172
2024-09-27,HIG,0.02081064771432172
2024-09-27,HLT,0.02081064771432172
2024-09-27,HRL,-0.02081064771432172
2024-09-27,HSIC,-0.02081064771432172
2024-09-27,HSY,-0.02081064771432172
2024-09-27,HUM,-0.02081064771432172
2024-09-27,HWM,0.02081064771432172
2024-09-27,IBM,0.02081064771432172
2024-09-27,ICE,0.02081064771432172
2024-09-27,IEX,-0.02081064771432172
2024-09-27,IFF,0.02081064771432172
2024-09-27,INTC,-0.02081064771432172
2024-09-27,IRM,0.02081064771432172
2024-09-27,ISRG,0.02081064771432172
2024-09-27,JBHT,-0.02081064771432172
2024-09-27,JPM,0.02081064771432172
2024-09-27,KLAC,0.02081064771432172
2024-09-27,KMI,0.02081064771432172
2024-09-27,KO,0.02081064771432172
2024-09-27,L,0.02081064771432172
2024-09-27,LDOS,0.02081064771432172
2024-09-27,LEN,0.02081064771432172
2024-09-27,LHX,0.02081064771432172
2024-09-27,LKQ,-0.02081064771432172
2024-09-27,LLY,0.02081064771432172
2024-09-27,LMT,0.02081064771432172
2024-09-27,LVS,-0.02081064771432172
2024-09-27,LW,-0.02081064771432172
2024-09-27,MCO,0.02081064771432172
2024-09-27,META,0.02081064771432172
2024-09-27,MHK,0.02081064771432172
2024-09-27,MNST,-0.02081064771432172
2024-09-27,MOS,-0.02081064771432172
2024-09-27,MPWR,0.02081064771432172
2024-09-27,MRNA,-0.02081064771432172
2024-09-27,MSI,0.02081064771432172
2024-09-27,MTCH,-0.02081064771432172
2024-09-27,NDAQ,0.02081064771432172
2024-09-27,NFLX,0.02081064771432172
2024-09-27,NKE,-0.02081064771432172
2024-09-27,NRG,0.02081064771432172
2024-09-27,NUE,-0.02081064771432172
2024-09-27,NVDA,-0.02081064771432172
2024-09-27,NVR,0.02081064771432172
2024-09-27,NWS,0.02081064771432172
2024-09-27,NWSA,0.02081064771432172
2024-09-27,ODFL,-0.02081064771432172
2024-09-27,OKE,0.02081064771432172
2024-09-27,OMC,0.02081064771432172
2024-09-27,ON,-0.02081064771432172
2024-09-27,OXY,-0.02081064771432172
2024-09-27,PARA,-0.02081064771432172
2024-09-27,PAYC,-0.02081064771432172
2024-09-27,PEG,0.02081064771432172
2024-09-27,PFE,-0.02081064771432172
2024-09-27,PGR,0.02081064771432172
2024-09-27,PH,0.02081064771432172
2024-09-27,PHM,0.02081064771432172
2024-09-27,PKG,0.02081064771432172
2024-09-27,PM,0.02081064771432172
2024-09-27,PNC,0.02081064771432172
2024-09-27,POOL,-0.02081064771432172
2024-09-27,PPG,-0.02081064771432172
2024-09-27,PPL,0.02081064771432172
2024-09-27,RCL,0.02081064771432172
2024-09-27,REGN,0.02081064771432172
2024-09-27,ROK,-0.02081064771432172
2024-09-27,RSG,0.02081064771432172
2024-09-27,RTX,0.02081064771432172
2024-09-27,SHW,0.02081064771432172
2024-09-27,SJM,-0.02081064771432172
2024-09-27,SLB,-0.02081064771432172
2024-09-27,SO,0.02081064771432172
2024-09-27,SPG,0.02081064771432172
2024-09-27,SPGI,0.02081064771432172
2024-09-27,STZ,-0.02081064771432172
2024-09-27,SYF,0.02081064771432172
2024-09-27,TAP,-0.02081064771432172
2024-09-27,TDG,0.02081064771432172
2024-09-27,TFC,0.02081064771432172
2024-09-27,TMUS,0.02081064771432172
2024-09-27,TRGP,0.02081064771432172
2024-09-27,TRV,0.02081064771432172
2024-09-27,TSLA,-0.02081064771432172
2024-09-27,TT,0.02081064771432172
2024-09-27,TYL,0.02081064771432172
2024-09-27,UAL,-0.02081064771432172
2024-09-27,UHS,0.02081064771432172
2024-09-27,ULTA,-0.02081064771432172
2024-09-27,UPS,-0.02081064771432172
2024-09-27,VLO,-0.02081064771432172
2024-09-27,VRSN,-0.02081064771432172
2024-09-27,VTR,0.02081064771432172
2024-09-27,WAB,0.02081064771432172
2024-09-27,WBA,-0.02081064771432172
2024-09-27,WBD,-0.02081064771432172
2024-09-27,WELL,0.02081064771432172
2024-09-27,WM,0.02081064771432172
2024-09-27,WMB,0.02081064771432172
2024-09-27,WMT,-0.02081064771432172
2024-09-27,WRB,-0.02081064771432172
2024-09-27,WST,-0.02081064771432172
2024-09-27,WTW,0.02081064771432172
2024-09-27,WY,-0.02081064771432172
2024-09-27,WYNN,-0.02081064771432172
2024-09-27,XOM,-0.02081064771432172
2024-09-27,XYL,0.02081064771432172
2024-10-04,ABNB,-0.021021447454238697
2024-10-04,ADM,-0.021021447454238697
2024-10-04,AEP,0.021021447454238697
2024-10-04,AFL,0.021021447454238697
2024-10-04,AKAM,-0.021021447454238697
2024-10-04,ALB,-0.021021447454238697
2024-10-04,ALGN,-0.021021447454238697
2024-10-04,ALL,0.021021447454238697
2024-10-04,APA,-0.021021447454238697
2024-10-04,APD,-0.021021447454238697
2024-10-04,APH,-0.021021447454238697
2024-10-04,APTV,-0.021021447454238697
2024-10-04,AVGO,-0.021021447454238697
2024-10-04,AXON,0.021021447454238697
2024-10-04,AXP,0.021021447454238697
2024-10-04,BA,-0.021021447454238697
2024-10-04,BAC,0.021021447454238697
2024-10-04,BBWI,-0.021021447454238697
2024-10-04,BDX,-0.021021447454238697
2024-10-04,BEN,-0.021021447454238697
2024-10-04,BFB,-0.021021447454238697
2024-10-04,BG,-0.021021447454238697
2024-10-04,BIIB,-0.021021447454238697
2024-10-04,BK,0.021021447454238697
2024-10-04,BMY,-0.021021447454238697
2024-10-04,BRKB,0.021021447454238697
2024-10-04,BRO,0.021021447454238697
2024-10-04,BSX,0.021021447454238697
2024-10-04,BWA,-0.021021447454238697
2024-10-04,C,0.021021447454238697
2024-10-04,CB,0.021021447454238697
2024-10-04,CBRE,0.021021447454238697
2024-10-04,CE,-0.021021447454238697
2024-10-04,CF,-0.021021447454238697
2024-10-04,CHTR,-0.021021447454238697
2024-10-04,CINF,0.021021447454238697
2024-10-04,CL,0.021021447454238697
2024-10-04,CMCSA,-0.021021447454238697
2024-10-04,CMG,-0.021021447454238697
2024-10-04,COF,0.021021447454238697
2024-10-04,COO,-0.021021447454238697
2024-10-04,COP,-0.021021447454238697
2024-10-04,COST,0.021021447454238697
2024-10-04,CRL,-0.021021447454238697
2024-10-04,CSCO,-0.021021447454238697
2024-10-04,CSGP,-0.021021447454238697
2024-10-04,CTAS,0.021021447454238697
2024-10-04,CTRA,-0.021021447454238697
2024-10-04,CVS,-0.021021447454238697
2024-10-04,CVX,-0.021021447454238697
2024-10-04,CZR,-0.021021447454238697
2024-10-04,DG,-0.021021447454238697
2024-10-04,DHI,0.021021447454238697
2024-10-04,DLTR,-0.021021447454238697
2024-10-04,DUK,0.021021447454238697
2024-10-04,DVN,-0.021021447454238697
2024-10-04,DXCM,-0.021021447454238697
2024-10-04,EBAY,0.021021447454238697
2024-10-04,ECL,0.021021447454238697
2024-10-04,EFX,0.021021447454238697
2024-10-04,EG,-0.021021447454238697
2024-10-04,EIX,0.021021447454238697
2024-10-04,EL,-0.021021447454238697
2024-10-04,ENPH,-0.021021447454238697
2024-10-04,EPAM,-0.021021447454238697
2024-10-04,EQT,-0.021021447454238697
2024-10-04,EW,-0.021021447454238697
2024-10-04,F,-0.021021447454238697
2024-10-04,FDS,-0.021021447454238697
2024-10-04,FE,0.021021447454238697
2024-10-04,FI,0.021021447454238697
2024-10-04,FICO,0.021021447454238697
2024-10-04,FIS,0.021021447454238697
2024-10-04,FITB,0.021021447454238697
2024-10-04,FMC,-0.021021447454238697
2024-10-04,FTV,-0.021021447454238697
2024-10-04,GD,0.021021447454238697
2024-10-04,GL,-0.021021447454238697
2024-10-04,GPC,-0.021021447454238697
2024-10-04,GPN,-0.021021447454238697
2024-10-04,GRMN,0.021021447454238697
2024-10-04,GS,0.021021447454238697
2024-10-04,HAL,-0.021021447454238697
2024-10-04,HCA,0.021021447454238697
2024-10-04,HES,-0.021021447454238697
2024-10-04,HIG,0.021021447454238697
2024-10-04,HLT,0.021021447454238697
2024-10-04,HRL,-0.021021447454238697
2024-10-04,HSIC,-0.021021447454238697
2024-10-04,HSY,-0.021021447454238697
2024-10-04,HUM,-0.021021447454238697
2024-10-04,HWM,0.021021447454238697
2024-10-04,IBM,0.021021447454238697
2024-10-04,ICE,0.021021447454238697
2024-10-04,IEX,-0.021021447454238697
2024-10-04,IFF,0.021021447454238697
2024-10-04,INTC,-0.021021447454238697
2024-10-04,IRM,0.021021447454238697
2024-10-04,ISRG,0.021021447454238697
2024-10-04,JBHT,-0.021021447454238697
2024-10-04,JPM,0.021021447454238697
2024-10-04,KMI,0.021021447454238697
2024-10-04,KO,0.021021447454238697
2024-10-04,L,0.021021447454238697
2024-10-04,LDOS,0.021021447454238697
2024-10-04,LEN,0.021021447454238697
2024-10-04,LHX,0.021021447454238697
2024-10-04,LKQ,-0.021021447454238697
2024-10-04,LLY,0.021021447454238697
2024-10-04,LMT,0.021021447454238697
2024-10-04,LVS,-0.021021447454238697
2024-10-04,LW,-0.021021447454238697
2024-10-04,MCHP,-0.021021447454238697
2024-10-04,MCO,0.021021447454238697
2024-10-04,META,0.021021447454238697
2024-10-04,MGM,-0.021021447454238697
2024-10-04,MHK,0.021021447454238697
2024-10-04,MNST,-0.021021447454238697
2024-10-04,MOH,-0.021021447454238697
2024-10-04,MOS,-0.021021447454238697
2024-10-04,MRNA,-0.021021447454238697
2024-10-04,MSI,0.021021447454238697
2024-10-04,MTCH,-0.021021447454238697
2024-10-04,NCLH,-0.021021447454238697
2024-10-04,NDAQ,0.021021447454238697
2024-10-04,NFLX,0.021021447454238697
2024-10-04,NI,0.021021447454238697
2024-10-04,NKE,-0.021021447454238697
2024-10-04,NRG,0.021021447454238697
2024-10-04,NUE,-0.021021447454238697
2024-10-04,NVDA,-0.021021447454238697
2024-10-04,NVR,0.021021447454238697
2024-10-04,NWS,0.021021447454238697
2024-10-04,NWSA,0.021021447454238697
2024-10-04,ODFL,-0.021021447454238697
2024-10-04,OKE,0.021021447454238697
2024-10-04,OMC,0.021021447454238697
2024-10-04,ON,-0.021021447454238697
2024-10-04,OXY,-0.021021447454238697
2024-10-04,PARA,-0.021021447454238697
2024-10-04,PAYC,-0.021021447454238697
2024-10-04,PEG,0.021021447454238697
2024-10-04,PFE,-0.021021447454238697
2024-10-04,PGR,0.021021447454238697
2024-10-04,PH,0.021021447454238697
2024-10-04,PHM,0.021021447454238697
2024-10-04,PM,0.021021447454238697
2024-10-04,PNC,0.021021447454238697
2024-10-04,POOL,-0.021021447454238697
2024-10-04,PPG,-0.021021447454238697
2024-10-04,PPL,0.021021447454238697
2024-10-04,RCL,0.021021447454238697
2024-10-04,REGN,0.021021447454238697
2024-10-04,ROK,-0.021021447454238697
2024-10-04,RSG,0.021021447454238697
2024-10-04,RTX,0.021021447454238697
2024-10-04,SBUX,-0.021021447454238697
2024-10-04,SHW,0.021021447454238697
2024-10-04,SLB,-0.021021447454238697
2024-10-04,SO,0.021021447454238697
2024-10-04,SPG,0.021021447454238697
2024-10-04,SPGI,0.021021447454238697
2024-10-04,SYF,0.021021447454238697
2024-10-04,T,0.021021447454238697
2024-10-04,TAP,-0.021021447454238697
2024-10-04,TDG,0.021021447454238697
2024-10-04,TFC,0.021021447454238697
2024-10-04,TJX,0.021021447454238697
2024-10-04,TMUS,0.021021447454238697
2024-10-04,TRGP,0.021021447454238697
2024-10-04,TRV,0.021021447454238697
2024-10-04,TSLA,-0.021021447454238697
2024-10-04,TT,0.021021447454238697
2024-10-04,TYL,0.021021447454238697
2024-10-04,UHS,0.021021447454238697
2024-10-04,ULTA,-0.021021447454238697
2024-10-04,UPS,-0.021021447454238697
2024-10-04,VLTO,0.021021447454238697
2024-10-04,VRSN,-0.021021447454238697
2024-10-04,VTR,0.021021447454238697
2024-10-04,WAB,0.021021447454238697
2024-10-04,WBA,-0.021021447454238697
2024-10-04,WBD,-0.021021447454238697
2024-10-04,WELL,0.021021447454238697
2024-10-04,WM,0.021021447454238697
2024-10-04,WMB,0.021021447454238697
2024-10-04,WMT,-0.021021447454238697
2024-10-04,WRB,-0.021021447454238697
2024-10-04,WST,-0.021021447454238697
2024-10-04,WTW,0.021021447454238697
2024-10-04,WY,-0.021021447454238697
2024-10-04,WYNN,-0.021021447454238697
2024-10-04,XYL,0.021021447454238697
2024-10-04,ZBH,-0.021021447454238697
2024-10-11,ABNB,-0.021612492081075498
2024-10-11,ADM,-0.021612492081075498
2024-10-11,AEP,0.021612492081075498
2024-10-11,AFL,0.021612492081075498
2024-10-11,AKAM,-0.021612492081075498
2024-10-11,ALB,-0.021612492081075498
2024-10-11,ALGN,-0.021612492081075498
2024-10-11,ALL,0.021612492081075498
2024-10-11,ANET,0.021612492081075498
2024-10-11,APA,-0.021612492081075498
2024-10-11,APD,-0.021612492081075498
2024-10-11,APH,-0.021612492081075498
2024-10-11,APTV,-0.021612492081075498
2024-10-11,AVGO,-0.021612492081075498
2024-10-11,AXON,0.021612492081075498
2024-10-11,AXP,0.021612492081075498
2024-10-11,BA,-0.021612492081075498
2024-10-11,BAC,0.021612492081075498
2024-10-11,BALL,0.021612492081075498
2024-10-11,BDX,-0.021612492081075498
2024-10-11,BEN,-0.021612492081075498
2024-10-11,BFB,-0.021612492081075498
2024-10-11,BG,-0.021612492081075498
2024-10-11,BIIB,-0.021612492081075498
2024-10-11,BK,0.021612492081075498
2024-10-11,BKR,-0.021612492081075498
2024-10-11,BMY,-0.021612492081075498
2024-10-11,BRKB,0.021612492081075498
2024-10-11,BRO,0.021612492081075498
2024-10-11,BSX,0.021612492081075498
2024-10-11,BWA,-0.021612492081075498
2024-10-11,CB,0.021612492081075498
2024-10-11,CBRE,0.021612492081075498
2024-10-11,CE,-0.021612492081075498
2024-10-11,CF,-0.021612492081075498
2024-10-11,CHTR,-0.021612492081075498
2024-10-11,CINF,0.021612492081075498
2024-10-11,CL,0.021612492081075498
2024-10-11,CMCSA,-0.021612492081075498
2024-10-11,CME,-0.021612492081075498
2024-10-11,CMG,-0.021612492081075498
2024-10-11,COO,-0.021612492081075498
2024-10-11,COP,-0.021612492081075498
2024-10-11,COST,0.021612492081075498
2024-10-11,CSCO,-0.021612492081075498
2024-10-11,CSGP,-0.021612492081075498
2024-10-11,CTAS,-0.0216124920810755
2024-10-11,CTRA,-0.021612492081075498
2024-10-11,CVS,-0.021612492081075498
2024-10-11,CVX,-0.021612492081075498
2024-10-11,CZR,-0.021612492081075498
2024-10-11,DG,-0.021612492081075498
2024-10-11,DHI,0.021612492081075498
2024-10-11,DLTR,-0.021612492081075498
2024-10-11,DOW,-0.021612492081075498
2024-10-11,DUK,0.021612492081075498
2024-10-11,DVA,0.021612492081075498
2024-10-11,DVN,-0.021612492081075498
2024-10-11,DXCM,-0.021612492081075498
2024-10-11,EBAY,0.021612492081075498
2024-10-11,ECL,0.021612492081075498
2024-10-11,EFX,0.021612492081075498
2024-10-11,EG,-0.021612492081075498
2024-10-11,EL,-0.021612492081075498
2024-10-11,ENPH,-0.021612492081075498
2024-10-11,EOG,-0.021612492081075498
2024-10-11,EPAM,-0.021612492081075498
2024-10-11,EQT,-0.021612492081075498
2024-10-11,ESS,0.021612492081075498
2024-10-11,ETR,0.021612492081075498
2024-10-11,EW,-0.021612492081075498
2024-10-11,EXC,-0.021612492081075498
2024-10-11,F,-0.021612492081075498
2024-10-11,FDS,-0.021612492081075498
2024-10-11,FI,0.021612492081075498
2024-10-11,FICO,0.021612492081075498
2024-10-11,FIS,0.021612492081075498
2024-10-11,FITB,0.021612492081075498
2024-10-11,FTV,-0.021612492081075498
2024-10-11,GE,0.021612492081075498
2024-10-11,GL,-0.021612492081075498
2024-10-11,GLW,0.021612492081075498
2024-10-11,GPC,-0.021612492081075498
2024-10-11,GPN,-0.021612492081075498
2024-10-11,GRMN,0.021612492081075498
2024-10-11,GS,0.021612492081075498
2024-10-11,HAL,-0.021612492081075498
2024-10-11,HCA,0.021612492081075498
2024-10-11,HES,-0.021612492081075498
2024-10-11,HIG,0.021612492081075498
2024-10-11,HLT,0.021612492081075498
2024-10-11,HPE,-0.021612492081075498
2024-10-11,HRL,-0.021612492081075498
2024-10-11,HSIC,-0.021612492081075498
2024-10-11,HUM,-0.021612492081075498
2024-10-11,HWM,0.021612492081075498
2024-10-11,IBM,0.021612492081075498
2024-10-11,ICE,0.021612492081075498
2024-10-11,IEX,-0.021612492081075498
2024-10-11,IFF,0.021612492081075498
2024-10-11,INTC,-0.021612492081075498
2024-10-11,IRM,0.021612492081075498
2024-10-11,ISRG,0.021612492081075498
2024-10-11,JBHT,-0.021612492081075498
2024-10-11,JPM,0.021612492081075498
2024-10-11,K,0.021612492081075498
2024-10-11,KO,0.021612492081075498
2024-10-11,LDOS,0.021612492081075498
2024-10-11,LEN,0.021612492081075498
2024-10-11,LHX,0.021612492081075498
2024-10-11,LKQ,-0.021612492081075498
2024-10-11,LLY,0.021612492081075498
2024-10-11,LVS,-0.021612492081075498
2024-10-11,LW,-0.021612492081075498
2024-10-11,MAS,0.021612492081075498
2024-10-11,MCHP,-0.021612492081075498
2024-10-11,MCO,0.021612492081075498
2024-10-11,MGM,-0.021612492081075498
2024-10-11,MHK,0.021612492081075498
2024-10-11,MOS,-0.021612492081075498
2024-10-11,MRNA,-0.021612492081075498
2024-10-11,MRO,-0.021612492081075498
2024-10-11,MSI,0.021612492081075498
2024-10-11,MTCH,-0.021612492081075498
2024-10-11,NDAQ,0.021612492081075498
2024-10-11,NFLX,0.021612492081075498
2024-10-11,NKE,-0.021612492081075498
2024-10-11,NOW,0.021612492081075498
2024-10-11,NRG,0.021612492081075498
2024-10-11,NUE,-0.021612492081075498
2024-10-11,NVDA,-0.021612492081075498
2024-10-11,NVR,0.021612492081075498
2024-10-11,ODFL,-0.021612492081075498
2024-10-11,ON,-0.021612492081075498
2024-10-11,OXY,-0.021612492081075498
2024-10-11,PARA,-0.021612492081075498
2024-10-11,PAYC,-0.021612492081075498
2024-10-11,PEG,0.021612492081075498
2024-10-11,PFE,-0.021612492081075498
2024-10-11,PGR,0.021612492081075498
2024-10-11,PH,0.021612492081075498
2024-10-11,PHM,0.021612492081075498
2024-10-11,PKG,0.021612492081075498
2024-10-11,PM,0.021612492081075498
2024-10-11,PNC,0.021612492081075498
2024-10-11,POOL,-0.021612492081075498
2024-10-11,PPG,-0.021612492081075498
2024-10-11,PPL,0.021612492081075498
2024-10-11,RCL,0.021612492081075498
2024-10-11,REGN,0.021612492081075498
2024-10-11,RMD,0.021612492081075498
2024-10-11,ROK,-0.021612492081075498
2024-10-11,ROL,0.021612492081075498
2024-10-11,RSG,0.021612492081075498
2024-10-11,RTX,0.021612492081075498
2024-10-11,SHW,0.021612492081075498
2024-10-11,SLB,-0.021612492081075498
2024-10-11,SNPS,-0.021612492081075498
2024-10-11,SO,0.021612492081075498
2024-10-11,SPG,0.021612492081075498
2024-10-11,SPGI,0.021612492081075498
2024-10-11,SYF,0.021612492081075498
2024-10-11,SYK,0.021612492081075498
2024-10-11,T,0.021612492081075498
2024-10-11,TAP,-0.021612492081075498
2024-10-11,TDG,0.021612492081075498
2024-10-11,TJX,0.021612492081075498
2024-10-11,TMUS,0.021612492081075498
2024-10-11,TRGP,0.021612492081075498
2024-10-11,TRV,0.021612492081075498
2024-10-11,TSCO,0.021612492081075498
2024-10-11,TSLA,-0.021612492081075498
2024-10-11,TT,0.021612492081075498
2024-10-11,TYL,0.021612492081075498
2024-10-11,UHS,0.021612492081075498
2024-10-11,ULTA,-0.021612492081075498
2024-10-11,UPS,-0.021612492081075498
2024-10-11,VLTO,0.021612492081075498
2024-10-11,VRSN,-0.021612492081075498
2024-10-11,VTR,0.021612492081075498
2024-10-11,VZ,0.021612492081075498
2024-10-11,WAB,0.021612492081075498
2024-10-11,WBA,-0.021612492081075498
2024-10-11,WBD,-0.021612492081075498
2024-10-11,WELL,0.021612492081075498
2024-10-11,WM,0.021612492081075498
2024-10-11,WMT,-0.021612492081075498
2024-10-11,WRB,-0.021612492081075498
2024-10-11,WST,-0.021612492081075498
2024-10-11,WTW,0.021612492081075498
2024-10-11,WYNN,-0.021612492081075498
2024-10-11,XYL,0.021612492081075498
2024-10-18,ADBE,-0.020901488764131317
2024-10-18,ADM,-0.020901488764131317
2024-10-18,AKAM,-0.020901488764131317
2024-10-18,ALB,-0.020901488764131317
2024-10-18,ALGN,-0.020901488764131317
2024-10-18,ALL,0.020901488764131317
2024-10-18,AMP,0.020901488764131317
2024-10-18,ANET,0.020901488764131317
2024-10-18,APA,-0.020901488764131317
2024-10-18,APD,-0.020901488764131317
2024-10-18,APH,-0.020901488764131317
2024-10-18,APTV,-0.020901488764131317
2024-10-18,AVGO,-0.020901488764131317
2024-10-18,AXON,0.020901488764131317
2024-10-18,AXP,0.020901488764131317
2024-10-18,BA,-0.020901488764131317
2024-10-18,BAC,0.020901488764131317
2024-10-18,BALL,0.020901488764131317
2024-10-18,BDX,-0.020901488764131317
2024-10-18,BEN,-0.020901488764131317
2024-10-18,BFB,-0.020901488764131317
2024-10-18,BG,-0.020901488764131317
2024-10-18,BIIB,-0.020901488764131317
2024-10-18,BK,0.020901488764131317
2024-10-18,BKR,-0.020901488764131317
2024-10-18,BLK,0.020901488764131317
2024-10-18,BMY,-0.020901488764131317
2024-10-18,BRKB,0.020901488764131317
2024-10-18,BRO,0.020901488764131317
2024-10-18,BSX,0.020901488764131317
2024-10-18,BWA,-0.020901488764131317
2024-10-18,BX,0.020901488764131317
2024-10-18,C,0.020901488764131317
2024-10-18,CB,0.020901488764131317
2024-10-18,CBRE,0.020901488764131317
2024-10-18,CF,-0.020901488764131317
2024-10-18,CFG,0.020901488764131317
2024-10-18,CHTR,-0.020901488764131317
2024-10-18,CL,0.020901488764131317
2024-10-18,CMCSA,-0.020901488764131317
2024-10-18,CME,-0.020901488764131317
2024-10-18,CMG,-0.020901488764131317
2024-10-18,CNC,-0.020901488764131317
2024-10-18,CNP,-0.020901488764131317
2024-10-18,COF,0.020901488764131317
2024-10-18,COO,-0.020901488764131317
2024-10-18,COP,-0.020901488764131317
2024-10-18,COST,0.020901488764131317
2024-10-18,CSCO,-0.020901488764131317
2024-10-18,CTAS,-0.020901488764131317
2024-10-18,CTRA,-0.020901488764131317
2024-10-18,CVS,-0.020901488764131317
2024-10-18,CVX,-0.020901488764131317
2024-10-18,CZR,-0.020901488764131317
2024-10-18,DFS,0.020901488764131317
2024-10-18,DG,-0.020901488764131317
2024-10-18,DHI,0.020901488764131317
2024-10-18,DLTR,-0.020901488764131317
2024-10-18,DOV,0.020901488764131317
2024-10-18,DVA,0.020901488764131317
2024-10-18,DVN,-0.020901488764131317
2024-10-18,DXCM,-0.020901488764131317
2024-10-18,EBAY,0.020901488764131317
2024-10-18,ECL,0.020901488764131317
2024-10-18,EFX,0.020901488764131317
2024-10-18,EG,-0.020901488764131317
2024-10-18,EL,-0.020901488764131317
2024-10-18,EMN,0.020901488764131317
2024-10-18,ENPH,-0.020901488764131317
2024-10-18,EOG,-0.020901488764131317
2024-10-18,EPAM,-0.020901488764131317
2024-10-18,EQT,-0.020901488764131317
2024-10-18,ESS,0.020901488764131317
2024-10-18,ETN,0.020901488764131317
2024-10-18,ETR,0.020901488764131317
2024-10-18,EW,-0.020901488764131317
2024-10-18,EXC,-0.020901488764131317
2024-10-18,F,-0.020901488764131317
2024-10-18,FI,0.020901488764131317
2024-10-18,FICO,0.020901488764131317
2024-10-18,FIS,0.020901488764131317
2024-10-18,FITB,0.020901488764131317
2024-10-18,FMC,-0.020901488764131317
2024-10-18,GE,0.020901488764131317
2024-10-18,GL,-0.020901488764131317
2024-10-18,GLW,0.020901488764131317
2024-10-18,GPN,-0.020901488764131317
2024-10-18,GRMN,0.020901488764131317
2024-10-18,GS,0.020901488764131317
2024-10-18,GWW,0.020901488764131317
2024-10-18,HAL,-0.020901488764131317
2024-10-18,HCA,0.020901488764131317
2024-10-18,HES,-0.020901488764131317
2024-10-18,HIG,0.020901488764131317
2024-10-18,HLT,0.020901488764131317
2024-10-18,HRL,-0.020901488764131317
2024-10-18,HSY,-0.020901488764131317
2024-10-18,HUM,-0.020901488764131317
2024-10-18,HWM,0.020901488764131317
2024-10-18,IBM,0.020901488764131317
2024-10-18,ICE,0.020901488764131317
2024-10-18,IFF,0.020901488764131317
2024-10-18,INTC,-0.020901488764131317
2024-10-18,IR,0.020901488764131317
2024-10-18,IRM,0.020901488764131317
2024-10-18,ISRG,0.020901488764131317
2024-10-18,JBHT,-0.020901488764131317
2024-10-18,JCI,0.020901488764131317
2024-10-18,JPM,0.020901488764131317
2024-10-18,LDOS,0.020901488764131317
2024-10-18,LEN,0.020901488764131317
2024-10-18,LKQ,-0.020901488764131317
2024-10-18,LULU,-0.020901488764131317
2024-10-18,LVS,-0.020901488764131317
2024-10-18,LW,-0.020901488764131317
2024-10-18,MAS,0.020901488764131317
2024-10-18,MCHP,-0.020901488764131317
2024-10-18,MCO,0.020901488764131317
2024-10-18,META,0.020901488764131317
2024-10-18,MGM,-0.020901488764131317
2024-10-18,MHK,0.020901488764131317
2024-10-18,MNST,-0.020901488764131317
2024-10-18,MOH,-0.020901488764131317
2024-10-18,MOS,-0.020901488764131317
2024-10-18,MPWR,0.020901488764131317
2024-10-18,MRNA,-0.020901488764131317
2024-10-18,MRO,-0.020901488764131317
2024-10-18,MSI,0.020901488764131317
2024-10-18,MTCH,-0.020901488764131317
2024-10-18,NDAQ,0.020901488764131317
2024-10-18,NFLX,0.020901488764131317
2024-10-18,NKE,-0.020901488764131317
2024-10-18,NOW,0.020901488764131317
2024-10-18,NRG,0.020901488764131317
2024-10-18,NUE,-0.020901488764131317
2024-10-18,NVDA,-0.020901488764131317
2024-10-18,NVR,0.020901488764131317
2024-10-18,ODFL,-0.020901488764131317
2024-10-18,OMC,0.020901488764131317
2024-10-18,ON,-0.020901488764131317
2024-10-18,OXY,-0.020901488764131317
2024-10-18,PARA,-0.020901488764131317
2024-10-18,PAYC,-0.020901488764131317
2024-10-18,PFE,-0.020901488764131317
2024-10-18,PGR,0.020901488764131317
2024-10-18,PH,0.020901488764131317
2024-10-18,PHM,0.020901488764131317
2024-10-18,PKG,0.020901488764131317
2024-10-18,PNC,0.020901488764131317
2024-10-18,PNR,0.020901488764131317
2024-10-18,PWR,0.020901488764131317
2024-10-18,RCL,0.020901488764131317
2024-10-18,REGN,0.020901488764131317
2024-10-18,ROK,-0.020901488764131317
2024-10-18,ROL,0.020901488764131317
2024-10-18,RSG,0.020901488764131317
2024-10-18,RTX,0.020901488764131317
2024-10-18,SBUX,-0.020901488764131317
2024-10-18,SHW,0.020901488764131317
2024-10-18,SJM,-0.020901488764131317
2024-10-18,SLB,-0.020901488764131317
2024-10-18,SNPS,-0.020901488764131317
2024-10-18,SPG,0.020901488764131317
2024-10-18,SPGI,0.020901488764131317
2024-10-18,SWKS,-0.020901488764131317
2024-10-18,SYF,0.020901488764131317
2024-10-18,TAP,-0.020901488764131317
2024-10-18,TDG,0.020901488764131317
2024-10-18,TMUS,0.020901488764131317
2024-10-18,TRGP,0.020901488764131317
2024-10-18,TRV,0.020901488764131317
2024-10-18,TSLA,-0.020901488764131317
2024-10-18,TT,0.020901488764131317
2024-10-18,TYL,0.020901488764131317
2024-10-18,UHS,0.020901488764131317
2024-10-18,UPS,-0.020901488764131317
2024-10-18,URI,0.020901488764131317
2024-10-18,VLO,-0.020901488764131317
2024-10-18,VLTO,0.020901488764131317
2024-10-18,VRSN,-0.020901488764131317
2024-10-18,VTR,0.020901488764131317
2024-10-18,WAB,0.020901488764131317
2024-10-18,WBA,-0.020901488764131317
2024-10-18,WBD,-0.020901488764131317
2024-10-18,WELL,0.020901488764131317
2024-10-18,WMT,-0.020901488764131317
2024-10-18,WRB,-0.020901488764131317
2024-10-18,WST,-0.020901488764131317
2024-10-18,WTW,0.020901488764131317
2024-10-18,WYNN,-0.020901488764131317
2024-10-18,XOM,-0.020901488764131317
2024-10-18,XYL,0.020901488764131317
2024-10-18,ZBH,-0.020901488764131317
2024-10-18,ZBRA,0.020901488764131317
2024-10-25,ADBE,-0.021242657157765778
2024-10-25,ADM,-0.021242657157765778
2024-10-25,AFL,0.021242657157765778
2024-10-25,AKAM,-0.021242657157765778
2024-10-25,ALB,-0.021242657157765778
2024-10-25,ALL,0.021242657157765778
2024-10-25,AMP,0.021242657157765778
2024-10-25,ANET,0.021242657157765778
2024-10-25,APA,-0.021242657157765778
2024-10-25,APD,-0.021242657157765778
2024-10-25,APH,-0.021242657157765778
2024-10-25,APTV,-0.021242657157765778
2024-10-25,AVGO,-0.021242657157765778
2024-10-25,AXON,0.021242657157765778
2024-10-25,AXP,0.021242657157765778
2024-10-25,BA,-0.021242657157765778
2024-10-25,BDX,-0.021242657157765778
2024-10-25,BEN,-0.021242657157765778
2024-10-25,BFB,-0.021242657157765778
2024-10-25,BG,-0.021242657157765778
2024-10-25,BIIB,-0.021242657157765778
2024-10-25,BK,0.021242657157765778
2024-10-25,BKR,-0.021242657157765778
2024-10-25,BLK,0.021242657157765778
2024-10-25,BMY,-0.021242657157765778
2024-10-25,BRKB,0.021242657157765778
2024-10-25,BRO,0.021242657157765778
2024-10-25,BSX,0.021242657157765778
2024-10-25,BWA,-0.021242657157765778
2024-10-25,CARR,0.021242657157765778
2024-10-25,CB,0.021242657157765778
2024-10-25,CBRE,0.021242657157765778
2024-10-25,CEG,0.021242657157765778
2024-10-25,CF,-0.021242657157765778
2024-10-25,CHTR,-0.021242657157765778
2024-10-25,CL,0.021242657157765778
2024-10-25,CMCSA,-0.021242657157765778
2024-10-25,CME,-0.021242657157765778
2024-10-25,CMG,-0.021242657157765778
2024-10-25,CNC,-0.021242657157765778
2024-10-25,CNP,-0.021242657157765778
2024-10-25,COF,0.021242657157765778
2024-10-25,COO,-0.021242657157765778
2024-10-25,COP,-0.021242657157765778
2024-10-25,COST,0.021242657157765778
2024-10-25,CSCO,-0.021242657157765778
2024-10-25,CSGP,-0.021242657157765778
2024-10-25,CTAS,-0.021242657157765778
2024-10-25,CTRA,-0.021242657157765778
2024-10-25,CVS,-0.021242657157765778
2024-10-25,CVX,-0.021242657157765778
2024-10-25,CZR,-0.021242657157765778
2024-10-25,DG,-0.021242657157765778
2024-10-25,DHI,0.021242657157765778
2024-10-25,DLTR,-0.021242657157765778
2024-10-25,DOV,0.021242657157765778
2024-10-25,DVA,0.021242657157765778
2024-10-25,DVN,-0.021242657157765778
2024-10-25,DXCM,-0.021242657157765778
2024-10-25,EBAY,0.021242657157765778
2024-10-25,ECL,0.021242657157765778
2024-10-25,EFX,0.021242657157765778
2024-10-25,EG,-0.021242657157765778
2024-10-25,EL,-0.021242657157765778
2024-10-25,EMN,0.021242657157765778
2024-10-25,ENPH,-0.021242657157765778
2024-10-25,EOG,-0.021242657157765778
2024-10-25,EPAM,-0.021242657157765778
2024-10-25,EQT,-0.021242657157765778
2024-10-25,ETN,0.021242657157765778
2024-10-25,ETR,0.021242657157765778
2024-10-25,EW,-0.021242657157765778
2024-10-25,EXC,-0.021242657157765778
2024-10-25,F,-0.021242657157765778
2024-10-25,FANG,-0.021242657157765778
2024-10-25,FI,0.021242657157765778
2024-10-25,FICO,0.021242657157765778
2024-10-25,FIS,0.021242657157765778
2024-10-25,FITB,0.021242657157765778
2024-10-25,GE,0.021242657157765778
2024-10-25,GILD,-0.021242657157765778
2024-10-25,GL,-0.021242657157765778
2024-10-25,GLW,0.021242657157765778
2024-10-25,GPN,-0.021242657157765778
2024-10-25,GRMN,0.021242657157765778
2024-10-25,GS,0.021242657157765778
2024-10-25,GWW,0.021242657157765778
2024-10-25,HAL,-0.021242657157765778
2024-10-25,HCA,0.021242657157765778
2024-10-25,HES,-0.021242657157765778
2024-10-25,HIG,0.021242657157765778
2024-10-25,HLT,0.021242657157765778
2024-10-25,HRL,-0.021242657157765778
2024-10-25,HSIC,-0.021242657157765778
2024-10-25,HSY,-0.021242657157765778
2024-10-25,HUM,-0.021242657157765778
2024-10-25,HWM,0.021242657157765778
2024-10-25,IBM,0.021242657157765778
2024-10-25,ICE,0.021242657157765778
2024-10-25,IFF,0.021242657157765778
2024-10-25,INTC,-0.021242657157765778
2024-10-25,IR,0.021242657157765778
2024-10-25,IRM,0.021242657157765778
2024-10-25,ISRG,0.021242657157765778
2024-10-25,JBHT,-0.021242657157765778
2024-10-25,JCI,0.021242657157765778
2024-10-25,JPM,0.021242657157765778
2024-10-25,KLAC,0.021242657157765778
2024-10-25,LDOS,0.021242657157765778
2024-10-25,LEN,0.021242657157765778
2024-10-25,LKQ,-0.021242657157765778
2024-10-25,LULU,-0.021242657157765778
2024-10-25,LVS,-0.021242657157765778
2024-10-25,LW,-0.021242657157765778
2024-10-25,MAS,0.021242657157765778
2024-10-25,MCK,-0.021242657157765778
2024-10-25,MCO,0.021242657157765778
2024-10-25,META,0.021242657157765778
2024-10-25,MHK,0.021242657157765778
2024-10-25,MNST,-0.021242657157765778
2024-10-25,MOH,-0.021242657157765778
2024-10-25,MOS,-0.021242657157765778
2024-10-25,MPWR,0.021242657157765778
2024-10-25,MRNA,-0.021242657157765778
2024-10-25,MRO,-0.021242657157765778
2024-10-25,MSI,0.021242657157765778
2024-10-25,MTCH,-0.021242657157765778
2024-10-25,NDAQ,0.021242657157765778
2024-10-25,NFLX,0.021242657157765778
2024-10-25,NKE,-0.021242657157765778
2024-10-25,NRG,0.021242657157765778
2024-10-25,NTAP,0.021242657157765778
2024-10-25,NUE,-0.021242657157765778
2024-10-25,NVDA,-0.021242657157765778
2024-10-25,NVR,0.021242657157765778
2024-10-25,ODFL,-0.021242657157765778
2024-10-25,OMC,0.021242657157765778
2024-10-25,ON,-0.021242657157765778
2024-10-25,OXY,-0.021242657157765778
2024-10-25,PARA,-0.021242657157765778
2024-10-25,PAYC,-0.021242657157765778
2024-10-25,PEG,0.021242657157765778
2024-10-25,PEP,-0.021242657157765778
2024-10-25,PFE,-0.021242657157765778
2024-10-25,PGR,0.021242657157765778
2024-10-25,PH,0.021242657157765778
2024-10-25,PHM,0.021242657157765778
2024-10-25,PKG,0.021242657157765778
2024-10-25,PNC,0.021242657157765778
2024-10-25,PNR,0.021242657157765778
2024-10-25,PWR,0.021242657157765778
2024-10-25,RCL,0.021242657157765778
2024-10-25,ROK,-0.021242657157765778
2024-10-25,RSG,0.021242657157765778
2024-10-25,RTX,0.021242657157765778
2024-10-25,SBUX,-0.021242657157765778
2024-10-25,SHW,0.021242657157765778
2024-10-25,SJM,-0.021242657157765778
2024-10-25,SLB,-0.021242657157765778
2024-10-25,SPG,0.021242657157765778
2024-10-25,SPGI,0.021242657157765778
2024-10-25,STX,0.021242657157765778
2024-10-25,SYF,0.021242657157765778
2024-10-25,T,0.021242657157765778
2024-10-25,TAP,-0.021242657157765778
2024-10-25,TDG,0.021242657157765778
2024-10-25,TMUS,0.021242657157765778
2024-10-25,TPR,0.021242657157765778
2024-10-25,TRGP,0.021242657157765778
2024-10-25,TRV,0.021242657157765778
2024-10-25,TSCO,0.021242657157765778
2024-10-25,TT,0.021242657157765778
2024-10-25,TYL,0.021242657157765778
2024-10-25,UHS,0.021242657157765778
2024-10-25,ULTA,-0.021242657157765778
2024-10-25,UPS,-0.021242657157765778
2024-10-25,URI,0.021242657157765778
2024-10-25,VLO,-0.021242657157765778
2024-10-25,VLTO,0.021242657157765778
2024-10-25,VRSN,-0.021242657157765778
2024-10-25,VTR,0.021242657157765778
2024-10-25,WAB,0.021242657157765778
2024-10-25,WBA,-0.021242657157765778
2024-10-25,WBD,-0.021242657157765778
2024-10-25,WDC,0.021242657157765778
2024-10-25,WELL,0.021242657157765778
2024-10-25,WMT,-0.021242657157765778
2024-10-25,WRB,-0.021242657157765778
2024-10-25,WST,-0.021242657157765778
2024-10-25,WYNN,-0.021242657157765778
2024-10-25,XOM,-0.021242657157765778
2024-10-25,XYL,0.021242657157765778
2024-10-25,ZBH,-0.021242657157765778
2024-10-25,ZBRA,0.021242657157765778
2024-11-01,ABNB,-0.02163248289755448
2024-11-01,ADBE,-0.02163248289755448
2024-11-01,ADM,-0.02163248289755448
2024-11-01,AFL,0.02163248289755448
2024-11-01,AKAM,-0.02163248289755448
2024-11-01,ALB,-0.02163248289755448
2024-11-01,ALLE,0.02163248289755448
2024-11-01,AMP,0.02163248289755448
2024-11-01,APA,-0.02163248289755448
2024-11-01,APD,-0.02163248289755448
2024-11-01,APH,-0.02163248289755448
2024-11-01,APTV,-0.02163248289755448
2024-11-01,ATO,0.02163248289755448
2024-11-01,AVGO,-0.02163248289755448
2024-11-01,AXON,0.02163248289755448
2024-11-01,AXP,0.02163248289755448
2024-11-01,BA,-0.02163248289755448
2024-11-01,BAX,-0.02163248289755448
2024-11-01,BDX,-0.02163248289755448
2024-11-01,BEN,-0.02163248289755448
2024-11-01,BFB,-0.02163248289755448
2024-11-01,BG,-0.02163248289755448
2024-11-01,BIIB,-0.02163248289755448
2024-11-01,BK,0.02163248289755448
2024-11-01,BLK,0.02163248289755448
2024-11-01,BMY,-0.02163248289755448
2024-11-01,BRKB,0.02163248289755448
2024-11-01,BRO,0.02163248289755448
2024-11-01,BSX,0.02163248289755448
2024-11-01,BWA,-0.02163248289755448
2024-11-01,CAT,0.02163248289755448
2024-11-01,CB,0.02163248289755448
2024-11-01,CBRE,0.02163248289755448
2024-11-01,CDNS,-0.02163248289755448
2024-11-01,CEG,0.02163248289755448
2024-11-01,CFG,0.02163248289755448
2024-11-01,CHTR,-0.02163248289755448
2024-11-01,CL,0.02163248289755448
2024-11-01,CMCSA,-0.02163248289755448
2024-11-01,CMG,-0.02163248289755448
2024-11-01,CNC,-0.02163248289755448
2024-11-01,COO,-0.02163248289755448
2024-11-01,COP,-0.02163248289755448
2024-11-01,COST,0.02163248289755448
2024-11-01,CSCO,-0.02163248289755448
2024-11-01,CSGP,-0.02163248289755448
2024-11-01,CTAS,-0.02163248289755448
2024-11-01,CTLT,0.02163248289755448
2024-11-01,CTRA,-0.02163248289755448
2024-11-01,CVS,-0.02163248289755448
2024-11-01,CVX,-0.02163248289755448
2024-11-01,CZR,-0.02163248289755448
2024-11-01,DG,-0.02163248289755448
2024-11-01,DHI,0.02163248289755448
2024-11-01,DLTR,-0.02163248289755448
2024-11-01,DOV,0.02163248289755448
2024-11-01,DUK,0.02163248289755448
2024-11-01,DVA,0.02163248289755448
2024-11-01,DVN,-0.02163248289755448
2024-11-01,DXCM,-0.02163248289755448
2024-11-01,EBAY,0.02163248289755448
2024-11-01,ECL,0.02163248289755448
2024-11-01,EFX,0.02163248289755448
2024-11-01,EG,-0.02163248289755448
2024-11-01,EL,-0.02163248289755448
2024-11-01,EOG,-0.02163248289755448
2024-11-01,EPAM,-0.02163248289755448
2024-11-01,EQT,-0.02163248289755448
2024-11-01,ETR,0.02163248289755448
2024-11-01,EW,-0.02163248289755448
2024-11-01,EXC,-0.02163248289755448
2024-11-01,EXR,0.02163248289755448
2024-11-01,F,-0.02163248289755448
2024-11-01,FDS,-0.02163248289755448
2024-11-01,FDX,-0.02163248289755448
2024-11-01,FI,0.02163248289755448
2024-11-01,FICO,0.02163248289755448
2024-11-01,FIS,0.02163248289755448
2024-11-01,FITB,0.02163248289755448
2024-11-01,GE,0.02163248289755448
2024-11-01,GILD,-0.02163248289755448
2024-11-01,GL,-0.02163248289755448
2024-11-01,GLW,0.02163248289755448
2024-11-01,GPC,-0.02163248289755448
2024-11-01,GPN,-0.02163248289755448
2024-11-01,GS,0.02163248289755448
2024-11-01,HAL,-0.02163248289755448
2024-11-01,HCA,0.02163248289755448
2024-11-01,HES,-0.02163248289755448
2024-11-01,HIG,0.02163248289755448
2024-11-01,HLT,0.02163248289755448
2024-11-01,HRL,-0.02163248289755448
2024-11-01,HSY,-0.02163248289755448
2024-11-01,HUM,-0.02163248289755448
2024-11-01,HWM,0.02163248289755448
2024-11-01,IBM,0.02163248289755448
2024-11-01,ICE,0.02163248289755448
2024-11-01,IFF,0.02163248289755448
2024-11-01,INTC,-0.02163248289755448
2024-11-01,IR,0.02163248289755448
2024-11-01,IRM,0.02163248289755448
2024-11-01,ISRG,0.02163248289755448
2024-11-01,JBHT,-0.02163248289755448
2024-11-01,JCI,0.02163248289755448
2024-11-01,JPM,0.02163248289755448
2024-11-01,K,0.02163248289755448
2024-11-01,KMI,0.02163248289755448
2024-11-01,LDOS,0.02163248289755448
2024-11-01,LEN,0.02163248289755448
2024-11-01,LH,-0.02163248289755448
2024-11-01,LHX,0.02163248289755448
2024-11-01,LKQ,-0.02163248289755448
2024-11-01,LRCX,-0.02163248289755448
2024-11-01,LULU,-0.02163248289755448
2024-11-01,LW,-0.02163248289755448
2024-11-01,MAS,0.02163248289755448
2024-11-01,MCHP,-0.02163248289755448
2024-11-01,MCK,-0.02163248289755448
2024-11-01,MCO,0.02163248289755448
2024-11-01,META,0.02163248289755448
2024-11-01,MHK,0.02163248289755448
2024-11-01,MNST,-0.02163248289755448
2024-11-01,MOH,-0.02163248289755448
2024-11-01,MOS,-0.02163248289755448
2024-11-01,MPWR,0.02163248289755448
2024-11-01,MRNA,-0.02163248289755448
2024-11-01,MRO,-0.02163248289755448
2024-11-01,MSI,0.02163248289755448
2024-11-01,NDAQ,0.02163248289755448
2024-11-01,NFLX,0.02163248289755448
2024-11-01,NI,0.02163248289755448
2024-11-01,NKE,-0.02163248289755448
2024-11-01,NRG,0.02163248289755448
2024-11-01,NUE,-0.02163248289755448
2024-11-01,NVDA,-0.02163248289755448
2024-11-01,NVR,0.02163248289755448
2024-11-01,ODFL,-0.02163248289755448
2024-11-01,OKE,0.02163248289755448
2024-11-01,ON,-0.02163248289755448
2024-11-01,OXY,-0.02163248289755448
2024-11-01,PARA,-0.02163248289755448
2024-11-01,PAYC,-0.02163248289755448
2024-11-01,PEG,0.02163248289755448
2024-11-01,PEP,-0.02163248289755448
2024-11-01,PFE,-0.02163248289755448
2024-11-01,PGR,0.02163248289755448
2024-11-01,PH,0.02163248289755448
2024-11-01,PHM,0.02163248289755448
2024-11-01,PNC,0.02163248289755448
2024-11-01,PNR,0.02163248289755448
2024-11-01,PPG,-0.02163248289755448
2024-11-01,PPL,0.02163248289755448
2024-11-01,PWR,0.02163248289755448
2024-11-01,RCL,0.02163248289755448
2024-11-01,ROK,-0.02163248289755448
2024-11-01,RSG,0.02163248289755448
2024-11-01,RTX,0.02163248289755448
2024-11-01,SBUX,-0.02163248289755448
2024-11-01,SHW,0.02163248289755448
2024-11-01,SJM,-0.02163248289755448
2024-11-01,SLB,-0.02163248289755448
2024-11-01,SNPS,-0.02163248289755448
2024-11-01,SPG,0.02163248289755448
2024-11-01,SPGI,0.02163248289755448
2024-11-01,STZ,-0.02163248289755448
2024-11-01,SYF,0.02163248289755448
2024-11-01,T,0.02163248289755448
2024-11-01,TAP,-0.02163248289755448
2024-11-01,TDG,0.02163248289755448
2024-11-01,TMUS,0.02163248289755448
2024-11-01,TPR,0.02163248289755448
2024-11-01,TRGP,0.02163248289755448
2024-11-01,TRV,0.02163248289755448
2024-11-01,TSCO,0.02163248289755448
2024-11-01,TT,0.02163248289755448
2024-11-01,TYL,0.02163248289755448
2024-11-01,UHS,0.02163248289755448
2024-11-01,ULTA,-0.02163248289755448
2024-11-01,UPS,-0.02163248289755448
2024-11-01,URI,0.02163248289755448
2024-11-01,VLTO,0.02163248289755448
2024-11-01,VRSN,-0.02163248289755448
2024-11-01,VTR,0.02163248289755448
2024-11-01,WAB,0.02163248289755448
2024-11-01,WBA,-0.02163248289755448
2024-11-01,WBD,-0.02163248289755448
2024-11-01,WELL,0.02163248289755448
2024-11-01,WMB,0.02163248289755448
2024-11-01,WMT,-0.02163248289755448
2024-11-01,WRB,-0.02163248289755448
2024-11-01,WST,-0.02163248289755448
2024-11-01,XYL,0.02163248289755448
2024-11-01,ZBH,-0.02163248289755448
2024-11-01,ZBRA,0.02163248289755448
2024-11-08,ABBV,0.022029024794412287
2024-11-08,ADBE,-0.022029024794412287
2024-11-08,ADM,-0.022029024794412287
2024-11-08,AFL,0.022029024794412287
2024-11-08,AKAM,-0.022029024794412287
2024-11-08,ALB,-0.022029024794412287
2024-11-08,AMP,0.022029024794412287
2024-11-08,ANET,0.022029024794412287
2024-11-08,APA,-0.022029024794412287
2024-11-08,APH,-0.022029024794412287
2024-11-08,APTV,-0.022029024794412287
2024-11-08,AVGO,-0.022029024794412287
2024-11-08,AXON,0.022029024794412287
2024-11-08,AXP,0.022029024794412287
2024-11-08,BA,-0.022029024794412287
2024-11-08,BDX,-0.022029024794412287
2024-11-08,BEN,-0.022029024794412287
2024-11-08,BFB,-0.022029024794412287
2024-11-08,BG,-0.022029024794412287
2024-11-08,BIIB,-0.022029024794412287
2024-11-08,BK,0.022029024794412287
2024-11-08,BLK,0.022029024794412287
2024-11-08,BMY,-0.022029024794412287
2024-11-08,BRKB,0.022029024794412287
2024-11-08,BRO,0.022029024794412287
2024-11-08,BSX,0.022029024794412287
2024-11-08,C,0.022029024794412287
2024-11-08,CAG,-0.022029024794412287
2024-11-08,CAT,0.022029024794412287
2024-11-08,CB,0.022029024794412287
2024-11-08,CBRE,0.022029024794412287
2024-11-08,CDW,-0.022029024794412287
2024-11-08,CEG,0.022029024794412287
2024-11-08,CHTR,-0.022029024794412287
2024-11-08,CINF,0.022029024794412287
2024-11-08,CL,0.022029024794412287
2024-11-08,CMCSA,-0.022029024794412287
2024-11-08,CME,-0.022029024794412287
2024-11-08,CMG,-0.022029024794412287
2024-11-08,CMI,0.022029024794412287
2024-11-08,CNC,-0.022029024794412287
2024-11-08,COO,-0.022029024794412287
2024-11-08,COP,-0.022029024794412287
2024-11-08,COST,0.022029024794412287
2024-11-08,CSCO,-0.022029024794412287
2024-11-08,CSGP,-0.022029024794412287
2024-11-08,CTAS,-0.022029024794412287
2024-11-08,CTLT,0.022029024794412287
2024-11-08,CTRA,-0.022029024794412287
2024-11-08,CVS,-0.022029024794412287
2024-11-08,CZR,-0.022029024794412287
2024-11-08,DFS,0.022029024794412287
2024-11-08,DG,-0.022029024794412287
2024-11-08,DIS,-0.022029024794412287
2024-11-08,DLTR,-0.022029024794412287
2024-11-08,DOV,0.022029024794412287
2024-11-08,DRI,-0.022029024794412287
2024-11-08,DUK,0.022029024794412287
2024-11-08,DVA,0.022029024794412287
2024-11-08,DVN,-0.022029024794412287
2024-11-08,DXCM,-0.022029024794412287
2024-11-08,EBAY,0.022029024794412287
2024-11-08,ECL,0.022029024794412287
2024-11-08,EG,-0.022029024794412287
2024-11-08,EL,-0.022029024794412287
2024-11-08,EPAM,-0.022029024794412287
2024-11-08,EQT,-0.022029024794412287
2024-11-08,ETN,0.022029024794412287
2024-11-08,EW,-0.022029024794412287
2024-11-08,EXC,-0.022029024794412287
2024-11-08,F,-0.022029024794412287
2024-11-08,FDS,-0.022029024794412287
2024-11-08,FI,0.022029024794412287
2024-11-08,FICO,0.022029024794412287
2024-11-08,FIS,0.022029024794412287
2024-11-08,FITB,0.022029024794412287
2024-11-08,GD,0.022029024794412287
2024-11-08,GE,0.022029024794412287
2024-11-08,GL,-0.022029024794412287
2024-11-08,GLW,0.022029024794412287
2024-11-08,GM,0.022029024794412287
2024-11-08,GPC,-0.022029024794412287
2024-11-08,GPN,-0.022029024794412287
2024-11-08,GS,0.022029024794412287
2024-11-08,HAL,-0.022029024794412287
2024-11-08,HAS,0.022029024794412287
2024-11-08,HCA,0.022029024794412287
2024-11-08,HES,-0.022029024794412287
2024-11-08,HIG,0.022029024794412287
2024-11-08,HLT,0.022029024794412287
2024-11-08,HRL,-0.022029024794412287
2024-11-08,HSY,-0.022029024794412287
2024-11-08,HUBB,0.022029024794412287
2024-11-08,HUM,-0.022029024794412287
2024-11-08,HWM,0.022029024794412287
2024-11-08,IBM,0.022029024794412287
2024-11-08,ICE,0.022029024794412287
2024-11-08,IFF,0.022029024794412287
2024-11-08,INTC,-0.022029024794412287
2024-11-08,IRM,0.022029024794412287
2024-11-08,ISRG,0.022029024794412287
2024-11-08,J,-0.022029024794412287
2024-11-08,JBHT,-0.022029024794412287
2024-11-08,JCI,0.022029024794412287
2024-11-08,JPM,0.022029024794412287
2024-11-08,K,0.022029024794412287
2024-11-08,KMI,0.022029024794412287
2024-11-08,LDOS,0.022029024794412287
2024-11-08,LH,-0.022029024794412287
2024-11-08,LHX,0.022029024794412287
2024-11-08,LKQ,-0.022029024794412287
2024-11-08,LLY,0.022029024794412287
2024-11-08,LMT,0.022029024794412287
2024-11-08,LRCX,-0.022029024794412287
2024-11-08,LULU,-0.022029024794412287
2024-11-08,LW,-0.022029024794412287
2024-11-08,LYB,-0.022029024794412287
2024-11-08,MCHP,-0.022029024794412287
2024-11-08,MDLZ,-0.022029024794412287
2024-11-08,META,0.022029024794412287
2024-11-08,MGM,-0.022029024794412287
2024-11-08,MHK,0.022029024794412287
2024-11-08,MNST,-0.022029024794412287
2024-11-08,MOH,-0.022029024794412287
2024-11-08,MOS,-0.022029024794412287
2024-11-08,MPWR,0.022029024794412287
2024-11-08,MRNA,-0.022029024794412287
2024-11-08,MSI,0.022029024794412287
2024-11-08,NDAQ,0.022029024794412287
2024-11-08,NFLX,0.022029024794412287
2024-11-08,NI,0.022029024794412287
2024-11-08,NKE,-0.022029024794412287
2024-11-08,NRG,0.022029024794412287
2024-11-08,NTAP,0.022029024794412287
2024-11-08,NUE,-0.022029024794412287
2024-11-08,NVDA,-0.022029024794412287
2024-11-08,NVR,0.022029024794412287
2024-11-08,ODFL,-0.022029024794412287
2024-11-08,OKE,0.022029024794412287
2024-11-08,OMC,0.022029024794412287
2024-11-08,ON,-0.022029024794412287
2024-11-08,OXY,-0.022029024794412287
2024-11-08,PARA,-0.022029024794412287
2024-11-08,PAYC,-0.022029024794412287
2024-11-08,PEG,0.022029024794412287
2024-11-08,PEP,-0.022029024794412287
2024-11-08,PFE,-0.022029024794412287
2024-11-08,PGR,0.022029024794412287
2024-11-08,PH,0.022029024794412287
2024-11-08,PHM,0.022029024794412287
2024-11-08,PKG,0.022029024794412287
2024-11-08,PM,0.022029024794412287
2024-11-08,PNC,0.022029024794412287
2024-11-08,PNR,0.022029024794412287
2024-11-08,PPG,-0.022029024794412287
2024-11-08,PWR,0.022029024794412287
2024-11-08,RCL,0.022029024794412287
2024-11-08,ROK,-0.022029024794412287
2024-11-08,RSG,0.022029024794412287
2024-11-08,RTX,0.022029024794412287
2024-11-08,SBAC,-0.022029024794412287
2024-11-08,SBUX,-0.022029024794412287
2024-11-08,SHW,0.022029024794412287
2024-11-08,SLB,-0.022029024794412287
2024-11-08,SNPS,-0.022029024794412287
2024-11-08,SPG,0.022029024794412287
2024-11-08,STZ,-0.022029024794412287
2024-11-08,SYF,0.022029024794412287
2024-11-08,TAP,-0.022029024794412287
2024-11-08,TMUS,0.022029024794412287
2024-11-08,TRGP,0.022029024794412287
2024-11-08,TRV,0.022029024794412287
2024-11-08,TSCO,0.022029024794412287
2024-11-08,TSLA,-0.022029024794412287
2024-11-08,TT,0.022029024794412287
2024-11-08,TTWO,-0.022029024794412287
2024-11-08,UHS,0.022029024794412287
2024-11-08,ULTA,-0.022029024794412287
2024-11-08,UPS,-0.022029024794412287
2024-11-08,URI,0.022029024794412287
2024-11-08,VLTO,0.022029024794412287
2024-11-08,VRSN,-0.022029024794412287
2024-11-08,VTR,0.022029024794412287
2024-11-08,WAB,0.022029024794412287
2024-11-08,WBA,-0.022029024794412287
2024-11-08,WBD,-0.022029024794412287
2024-11-08,WELL,0.022029024794412287
2024-11-08,WMB,0.022029024794412287
2024-11-08,WMT,-0.022029024794412287
2024-11-08,WRB,-0.022029024794412287
2024-11-08,WST,-0.022029024794412287
2024-11-08,XYL,0.022029024794412287
2024-11-08,ZBH,-0.022029024794412287
2024-11-08,ZBRA,0.022029024794412287
2024-11-15,ADBE,-0.022425719739742795
2024-11-15,ADM,-0.022425719739742795
2024-11-15,AES,-0.022425719739742795
2024-11-15,AFL,0.022425719739742795
2024-11-15,AKAM,-0.022425719739742795
2024-11-15,ALB,-0.022425719739742795
2024-11-15,ALGN,-0.022425719739742795
2024-11-15,ALL,0.022425719739742795
2024-11-15,ALLE,0.022425719739742795
2024-11-15,AMP,0.022425719739742795
2024-11-15,ANET,0.022425719739742795
2024-11-15,APA,-0.022425719739742795
2024-11-15,APH,-0.022425719739742795
2024-11-15,APTV,-0.022425719739742795
2024-11-15,ATO,0.022425719739742795
2024-11-15,AVGO,-0.022425719739742795
2024-11-15,AXON,0.022425719739742795
2024-11-15,AXP,0.022425719739742795
2024-11-15,BA,-0.022425719739742795
2024-11-15,BAX,-0.022425719739742795
2024-11-15,BDX,-0.022425719739742795
2024-11-15,BEN,-0.022425719739742795
2024-11-15,BFB,-0.022425719739742795
2024-11-15,BG,-0.022425719739742795
2024-11-15,BIIB,-0.022425719739742795
2024-11-15,BK,0.022425719739742795
2024-11-15,BRKB,0.022425719739742795
2024-11-15,BRO,0.022425719739742795
2024-11-15,BSX,0.022425719739742795
2024-11-15,BWA,-0.022425719739742795
2024-11-15,BX,0.022425719739742795
2024-11-15,CAT,0.022425719739742795
2024-11-15,CB,0.022425719739742795
2024-11-15,CBRE,0.022425719739742795
2024-11-15,CDNS,-0.022425719739742795
2024-11-15,CDW,-0.022425719739742795
2024-11-15,CEG,0.022425719739742795
2024-11-15,CHTR,-0.022425719739742795
2024-11-15,CINF,0.022425719739742795
2024-11-15,CL,0.022425719739742795
2024-11-15,CMCSA,-0.022425719739742795
2024-11-15,CMG,-0.022425719739742795
2024-11-15,CMI,0.022425719739742795
2024-11-15,CNC,-0.022425719739742795
2024-11-15,COO,-0.022425719739742795
2024-11-15,COP,-0.022425719739742795
2024-11-15,COST,0.022425719739742795
2024-11-15,CRL,-0.022425719739742795
2024-11-15,CSGP,-0.022425719739742795
2024-11-15,CTAS,-0.022425719739742795
2024-11-15,CTRA,-0.022425719739742795
2024-11-15,CVS,-0.022425719739742795
2024-11-15,CZR,-0.022425719739742795
2024-11-15,DFS,0.022425719739742795
2024-11-15,DG,-0.022425719739742795
2024-11-15,DIS,-0.022425719739742795
2024-11-15,DLTR,-0.022425719739742795
2024-11-15,DOV,0.022425719739742795
2024-11-15,DUK,0.022425719739742795
2024-11-15,DVA,0.022425719739742795
2024-11-15,DVN,-0.022425719739742795
2024-11-15,DXCM,-0.022425719739742795
2024-11-15,EBAY,0.022425719739742795
2024-11-15,ECL,0.022425719739742795
2024-11-15,EG,-0.022425719739742795
2024-11-15,EL,-0.022425719739742795
2024-11-15,ELV,-0.022425719739742795
2024-11-15,ENPH,-0.022425719739742795
2024-11-15,EPAM,-0.022425719739742795
2024-11-15,EQT,-0.022425719739742795
2024-11-15,ETN,0.022425719739742795
2024-11-15,ETR,0.022425719739742795
2024-11-15,EW,-0.022425719739742795
2024-11-15,FDS,-0.022425719739742795
2024-11-15,FI,0.022425719739742795
2024-11-15,FICO,0.022425719739742795
2024-11-15,FIS,0.022425719739742795
2024-11-15,FITB,0.022425719739742795
2024-11-15,GD,0.022425719739742795
2024-11-15,GE,0.022425719739742795
2024-11-15,GL,-0.022425719739742795
2024-11-15,GLW,0.022425719739742795
2024-11-15,GM,0.022425719739742795
2024-11-15,GPN,-0.022425719739742795
2024-11-15,GS,0.022425719739742795
2024-11-15,HAL,-0.022425719739742795
2024-11-15,HCA,0.022425719739742795
2024-11-15,HES,-0.022425719739742795
2024-11-15,HIG,0.022425719739742795
2024-11-15,HLT,0.022425719739742795
2024-11-15,HRL,-0.022425719739742795
2024-11-15,HSY,-0.022425719739742795
2024-11-15,HUBB,0.022425719739742795
2024-11-15,HUM,-0.022425719739742795
2024-11-15,HWM,0.022425719739742795
2024-11-15,IBM,0.022425719739742795
2024-11-15,ICE,0.022425719739742795
2024-11-15,IDXX,-0.022425719739742795
2024-11-15,INTC,-0.022425719739742795
2024-11-15,INVH,-0.022425719739742795
2024-11-15,IRM,0.022425719739742795
2024-11-15,ISRG,0.022425719739742795
2024-11-15,JBHT,-0.022425719739742795
2024-11-15,JCI,0.022425719739742795
2024-11-15,JPM,0.022425719739742795
2024-11-15,K,0.022425719739742795
2024-11-15,KMI,0.022425719739742795
2024-11-15,LDOS,0.022425719739742795
2024-11-15,LH,-0.022425719739742795
2024-11-15,LHX,0.022425719739742795
2024-11-15,LKQ,-0.022425719739742795
2024-11-15,LLY,0.022425719739742795
2024-11-15,LMT,0.022425719739742795
2024-11-15,LRCX,-0.022425719739742795
2024-11-15,LULU,-0.022425719739742795
2024-11-15,LVS,-0.022425719739742795
2024-11-15,LW,-0.022425719739742795
2024-11-15,LYB,-0.022425719739742795
2024-11-15,MCHP,-0.022425719739742795
2024-11-15,MDLZ,-0.022425719739742795
2024-11-15,META,0.022425719739742795
2024-11-15,MGM,-0.022425719739742795
2024-11-15,MHK,0.022425719739742795
2024-11-15,MNST,-0.022425719739742795
2024-11-15,MOH,-0.022425719739742795
2024-11-15,MOS,-0.022425719739742795
2024-11-15,MRNA,-0.022425719739742795
2024-11-15,MSI,0.022425719739742795
2024-11-15,MTB,0.022425719739742795
2024-11-15,NDAQ,0.022425719739742795
2024-11-15,NI,0.022425719739742795
2024-11-15,NKE,-0.022425719739742795
2024-11-15,NRG,0.022425719739742795
2024-11-15,NTAP,0.022425719739742795
2024-11-15,NUE,-0.022425719739742795
2024-11-15,NVDA,-0.022425719739742795
2024-11-15,NVR,0.022425719739742795
2024-11-15,ODFL,-0.022425719739742795
2024-11-15,OKE,0.022425719739742795
2024-11-15,OMC,0.022425719739742795
2024-11-15,ON,-0.022425719739742795
2024-11-15,OXY,-0.022425719739742795
2024-11-15,PARA,-0.022425719739742795
2024-11-15,PAYC,-0.022425719739742795
2024-11-15,PEG,0.022425719739742795
2024-11-15,PFE,-0.022425719739742795
2024-11-15,PGR,0.022425719739742795
2024-11-15,PH,0.022425719739742795
2024-11-15,PHM,0.022425719739742795
2024-11-15,PKG,0.022425719739742795
2024-11-15,PM,0.022425719739742795
2024-11-15,PNR,0.022425719739742795
2024-11-15,PPG,-0.022425719739742795
2024-11-15,PWR,0.022425719739742795
2024-11-15,RCL,0.022425719739742795
2024-11-15,RL,0.022425719739742795
2024-11-15,ROK,-0.022425719739742795
2024-11-15,RSG,0.022425719739742795
2024-11-15,RTX,0.022425719739742795
2024-11-15,SBUX,-0.022425719739742795
2024-11-15,SHW,0.022425719739742795
2024-11-15,SLB,-0.022425719739742795
2024-11-15,SNPS,-0.022425719739742795
2024-11-15,SO,0.022425719739742795
2024-11-15,SPG,0.022425719739742795
2024-11-15,STZ,-0.022425719739742795
2024-11-15,SYF,0.022425719739742795
2024-11-15,T,0.022425719739742795
2024-11-15,TAP,-0.022425719739742795
2024-11-15,TJX,0.022425719739742795
2024-11-15,TMUS,0.022425719739742795
2024-11-15,TRGP,0.022425719739742795
2024-11-15,TRV,0.022425719739742795
2024-11-15,TSCO,0.022425719739742795
2024-11-15,TSLA,-0.022425719739742795
2024-11-15,TT,0.022425719739742795
2024-11-15,TTWO,-0.022425719739742795
2024-11-15,UHS,0.022425719739742795
2024-11-15,ULTA,-0.022425719739742795
2024-11-15,UPS,-0.022425719739742795
2024-11-15,URI,0.022425719739742795
2024-11-15,VLTO,0.022425719739742795
2024-11-15,VRSN,-0.022425719739742795
2024-11-15,VTR,0.022425719739742795
2024-11-15,WAB,0.022425719739742795
2024-11-15,WBA,-0.022425719739742795
2024-11-15,WBD,-0.022425719739742795
2024-11-15,WELL,0.022425719739742795
2024-11-15,WMB,0.022425719739742795
2024-11-15,WMT,-0.022425719739742795
2024-11-15,WRB,-0.022425719739742795
2024-11-15,WST,-0.022425719739742795
2024-11-15,ZBH,-0.022425719739742795
2024-11-15,ZBRA,0.022425719739742795
2024-11-22,ABBV,0.022346693494082272
2024-11-22,ADBE,-0.022346693494082272
2024-11-22,ADM,-0.022346693494082272
2024-11-22,AES,-0.022346693494082272
2024-11-22,AFL,0.022346693494082272
2024-11-22,AKAM,-0.022346693494082272
2024-11-22,ALB,-0.022346693494082272
2024-11-22,ALGN,-0.022346693494082272
2024-11-22,ALL,0.022346693494082272
2024-11-22,AMP,0.022346693494082272
2024-11-22,ANET,0.022346693494082272
2024-11-22,APA,-0.022346693494082272
2024-11-22,APH,-0.022346693494082272
2024-11-22,APTV,-0.022346693494082272
2024-11-22,ATO,0.022346693494082272
2024-11-22,AVGO,-0.022346693494082272
2024-11-22,AXON,0.022346693494082272
2024-11-22,AXP,0.022346693494082272
2024-11-22,BA,-0.022346693494082272
2024-11-22,BAC,0.022346693494082272
2024-11-22,BEN,-0.022346693494082272
2024-11-22,BFB,-0.022346693494082272
2024-11-22,BG,-0.022346693494082272
2024-11-22,BIIB,-0.022346693494082272
2024-11-22,BK,0.022346693494082272
2024-11-22,BRKB,0.022346693494082272
2024-11-22,BRO,0.022346693494082272
2024-11-22,BSX,0.022346693494082272
2024-11-22,BWA,-0.022346693494082272
2024-11-22,BX,0.022346693494082272
2024-11-22,BXP,0.022346693494082272
2024-11-22,CAT,0.022346693494082272
2024-11-22,CB,0.022346693494082272
2024-11-22,CBRE,0.022346693494082272
2024-11-22,CDNS,-0.022346693494082272
2024-11-22,CDW,-0.022346693494082272
2024-11-22,CE,-0.022346693494082272
2024-11-22,CEG,0.022346693494082272
2024-11-22,CHTR,-0.022346693494082272
2024-11-22,CINF,0.022346693494082272
2024-11-22,CL,0.022346693494082272
2024-11-22,CMCSA,-0.022346693494082272
2024-11-22,CMG,-0.022346693494082272
2024-11-22,CMI,0.022346693494082272
2024-11-22,CNC,-0.022346693494082272
2024-11-22,COO,-0.022346693494082272
2024-11-22,COP,-0.022346693494082272
2024-11-22,COST,0.022346693494082272
2024-11-22,CPRT,-0.022346693494082272
2024-11-22,CRL,-0.022346693494082272
2024-11-22,CSGP,-0.022346693494082272
2024-11-22,CTAS,-0.022346693494082272
2024-11-22,CTRA,-0.022346693494082272
2024-11-22,CVS,-0.022346693494082272
2024-11-22,CZR,-0.022346693494082272
2024-11-22,DFS,0.022346693494082272
2024-11-22,DG,-0.022346693494082272
2024-11-22,DIS,-0.022346693494082272
2024-11-22,DLTR,-0.022346693494082272
2024-11-22,DOW,-0.022346693494082272
2024-11-22,DUK,0.022346693494082272
2024-11-22,DVA,0.022346693494082272
2024-11-22,DVN,-0.022346693494082272
2024-11-22,DXCM,-0.022346693494082272
2024-11-22,EBAY,0.022346693494082272
2024-11-22,ECL,0.022346693494082272
2024-11-22,EG,-0.022346693494082272
2024-11-22,EL,-0.022346693494082272
2024-11-22,ELV,-0.022346693494082272
2024-11-22,ENPH,-0.022346693494082272
2024-11-22,EPAM,-0.022346693494082272
2024-11-22,EQR,0.022346693494082272
2024-11-22,EQT,-0.022346693494082272
2024-11-22,ESS,0.022346693494082272
2024-11-22,ETN,0.022346693494082272
2024-11-22,ETR,0.022346693494082272
2024-11-22,FDS,-0.022346693494082272
2024-11-22,FI,0.022346693494082272
2024-11-22,FICO,0.022346693494082272
2024-11-22,FIS,0.022346693494082272
2024-11-22,FITB,0.022346693494082272
2024-11-22,GL,-0.022346693494082272
2024-11-22,GLW,0.022346693494082272
2024-11-22,GM,0.022346693494082272
2024-11-22,GPC,-0.022346693494082272
2024-11-22,GPN,-0.022346693494082272
2024-11-22,GS,0.022346693494082272
2024-11-22,HAL,-0.022346693494082272
2024-11-22,HCA,0.022346693494082272
2024-11-22,HES,-0.022346693494082272
2024-11-22,HIG,0.022346693494082272
2024-11-22,HLT,0.022346693494082272
2024-11-22,HRL,-0.022346693494082272
2024-11-22,HSY,-0.022346693494082272
2024-11-22,HUBB,0.022346693494082272
2024-11-22,HUM,-0.022346693494082272
2024-11-22,HWM,0.022346693494082272
2024-11-22,IBM,0.022346693494082272
2024-11-22,ICE,0.022346693494082272
2024-11-22,IDXX,-0.022346693494082272
2024-11-22,INTC,-0.022346693494082272
2024-11-22,IPG,-0.022346693494082272
2024-11-22,IQV,-0.022346693494082272
2024-11-22,IRM,0.022346693494082272
2024-11-22,ISRG,0.022346693494082272
2024-11-22,JBHT,-0.022346693494082272
2024-11-22,JCI,0.022346693494082272
2024-11-22,JPM,0.022346693494082272
2024-11-22,K,0.022346693494082272
2024-11-22,KMI,0.022346693494082272
2024-11-22,LDOS,0.022346693494082272
2024-11-22,LHX,0.022346693494082272
2024-11-22,LKQ,-0.022346693494082272
2024-11-22,LLY,0.022346693494082272
2024-11-22,LRCX,-0.022346693494082272
2024-11-22,LULU,-0.022346693494082272
2024-11-22,LW,-0.022346693494082272
2024-11-22,LYB,-0.022346693494082272
2024-11-22,MCHP,-0.022346693494082272
2024-11-22,MDLZ,-0.022346693494082272
2024-11-22,META,0.022346693494082272
2024-11-22,MGM,-0.022346693494082272
2024-11-22,MHK,0.022346693494082272
2024-11-22,MNST,-0.022346693494082272
2024-11-22,MOH,-0.022346693494082272
2024-11-22,MOS,-0.022346693494082272
2024-11-22,MRNA,-0.022346693494082272
2024-11-22,MS,0.022346693494082272
2024-11-22,MSI,0.022346693494082272
2024-11-22,MTB,0.022346693494082272
2024-11-22,NDAQ,0.022346693494082272
2024-11-22,NEE,0.022346693494082272
2024-11-22,NFLX,0.022346693494082272
2024-11-22,NI,0.022346693494082272
2024-11-22,NKE,-0.022346693494082272
2024-11-22,NRG,0.022346693494082272
2024-11-22,NUE,-0.022346693494082272
2024-11-22,NVDA,-0.022346693494082272
2024-11-22,NVR,0.022346693494082272
2024-11-22,ODFL,-0.022346693494082272
2024-11-22,OKE,0.022346693494082272
2024-11-22,OXY,-0.022346693494082272
2024-11-22,PARA,-0.022346693494082272
2024-11-22,PAYC,-0.022346693494082272
2024-11-22,PEG,0.022346693494082272
2024-11-22,PFE,-0.022346693494082272
2024-11-22,PGR,0.022346693494082272
2024-11-22,PH,0.022346693494082272
2024-11-22,PKG,0.022346693494082272
2024-11-22,PM,0.022346693494082272
2024-11-22,PNC,0.022346693494082272
2024-11-22,PNR,0.022346693494082272
2024-11-22,PPG,-0.022346693494082272
2024-11-22,PWR,0.022346693494082272
2024-11-22,RCL,0.022346693494082272
2024-11-22,RJF,0.022346693494082272
2024-11-22,ROK,-0.022346693494082272
2024-11-22,RSG,0.022346693494082272
2024-11-22,RTX,0.022346693494082272
2024-11-22,SBUX,-0.022346693494082272
2024-11-22,SLB,-0.022346693494082272
2024-11-22,SNPS,-0.022346693494082272
2024-11-22,SO,0.022346693494082272
2024-11-22,SPG,0.022346693494082272
2024-11-22,STZ,-0.022346693494082272
2024-11-22,SWKS,-0.022346693494082272
2024-11-22,SYF,0.022346693494082272
2024-11-22,T,0.022346693494082272
2024-11-22,TAP,-0.022346693494082272
2024-11-22,TMUS,0.022346693494082272
2024-11-22,TRGP,0.022346693494082272
2024-11-22,TRV,0.022346693494082272
2024-11-22,TT,0.022346693494082272
2024-11-22,TYL,0.022346693494082272
2024-11-22,UAL,0.022346693494082272
2024-11-22,UHS,0.022346693494082272
2024-11-22,ULTA,-0.022346693494082272
2024-11-22,UPS,-0.022346693494082272
2024-11-22,URI,0.022346693494082272
2024-11-22,VLTO,0.022346693494082272
2024-11-22,VRSN,-0.022346693494082272
2024-11-22,VTR,0.022346693494082272
2024-11-22,WAB,0.022346693494082272
2024-11-22,WBA,-0.022346693494082272
2024-11-22,WBD,-0.022346693494082272
2024-11-22,WELL,0.022346693494082272
2024-11-22,WFC,0.022346693494082272
2024-11-22,WMB,0.022346693494082272
2024-11-22,WMT,-0.022346693494082272
2024-11-22,WRB,-0.022346693494082272
2024-11-22,WST,-0.022346693494082272
2024-11-22,WY,-0.022346693494082272
2024-11-22,ZBH,-0.022346693494082272
2024-11-22,ZTS,-0.022346693494082272
2024-11-29,ABBV,0.02271228454867913
2024-11-29,ADBE,-0.02271228454867913
2024-11-29,ADM,-0.02271228454867913
2024-11-29,ADP,0.02271228454867913
2024-11-29,AES,-0.02271228454867913
2024-11-29,AKAM,-0.02271228454867913
2024-11-29,ALB,-0.02271228454867913
2024-11-29,ALGN,-0.02271228454867913
2024-11-29,ALL,0.02271228454867913
2024-11-29,AMP,0.02271228454867913
2024-11-29,ANET,0.02271228454867913
2024-11-29,APA,-0.02271228454867913
2024-11-29,APH,-0.02271228454867913
2024-11-29,APTV,-0.02271228454867913
2024-11-29,ATO,0.02271228454867913
2024-11-29,AVGO,-0.02271228454867913
2024-11-29,AXON,0.02271228454867913
2024-11-29,AXP,0.02271228454867913
2024-11-29,BA,-0.02271228454867913
2024-11-29,BDX,-0.02271228454867913
2024-11-29,BEN,-0.02271228454867913
2024-11-29,BFB,-0.02271228454867913
2024-11-29,BG,-0.02271228454867913
2024-11-29,BIIB,-0.02271228454867913
2024-11-29,BK,0.02271228454867913
2024-11-29,BKNG,0.02271228454867913
2024-11-29,BRKB,0.02271228454867913
2024-11-29,BRO,0.02271228454867913
2024-11-29,BSX,0.02271228454867913
2024-11-29,BX,0.02271228454867913
2024-11-29,CAT,0.02271228454867913
2024-11-29,CBRE,0.02271228454867913
2024-11-29,CCI,-0.02271228454867913
2024-11-29,CDW,-0.02271228454867913
2024-11-29,CE,-0.02271228454867913
2024-11-29,CEG,0.02271228454867913
2024-11-29,CFG,0.02271228454867913
2024-11-29,CHTR,-0.02271228454867913
2024-11-29,CINF,0.02271228454867913
2024-11-29,CMG,-0.02271228454867913
2024-11-29,CMI,0.02271228454867913
2024-11-29,CNC,-0.02271228454867913
2024-11-29,COF,0.02271228454867913
2024-11-29,COO,-0.02271228454867913
2024-11-29,COP,-0.02271228454867913
2024-11-29,COST,0.02271228454867913
2024-11-29,CRL,-0.02271228454867913
2024-11-29,CSGP,-0.02271228454867913
2024-11-29,CTAS,-0.02271228454867913
2024-11-29,CTLT,0.02271228454867913
2024-11-29,CTRA,-0.02271228454867913
2024-11-29,CVS,-0.02271228454867913
2024-11-29,CZR,-0.02271228454867913
2024-11-29,DAL,0.02271228454867913
2024-11-29,DFS,0.02271228454867913
2024-11-29,DG,-0.02271228454867913
2024-11-29,DLTR,-0.02271228454867913
2024-11-29,DOV,0.02271228454867913
2024-11-29,DOW,-0.02271228454867913
2024-11-29,DUK,0.02271228454867913
2024-11-29,DVN,-0.02271228454867913
2024-11-29,DXCM,-0.02271228454867913
2024-11-29,EBAY,0.02271228454867913
2024-11-29,ECL,0.02271228454867913
2024-11-29,EG,-0.02271228454867913
2024-11-29,EL,-0.02271228454867913
2024-11-29,ELV,-0.02271228454867913
2024-11-29,ENPH,-0.02271228454867913
2024-11-29,EPAM,-0.02271228454867913
2024-11-29,EQT,-0.02271228454867913
2024-11-29,ETN,0.02271228454867913
2024-11-29,ETR,0.02271228454867913
2024-11-29,FI,0.02271228454867913
2024-11-29,FICO,0.02271228454867913
2024-11-29,FIS,0.02271228454867913
2024-11-29,FITB,0.02271228454867913
2024-11-29,FOX,0.02271228454867913
2024-11-29,FOXA,0.02271228454867913
2024-11-29,GL,-0.02271228454867913
2024-11-29,GLW,0.02271228454867913
2024-11-29,GM,0.02271228454867913
2024-11-29,GPC,-0.02271228454867913
2024-11-29,GPN,-0.02271228454867913
2024-11-29,GRMN,0.02271228454867913
2024-11-29,GS,0.02271228454867913
2024-11-29,GWW,0.02271228454867913
2024-11-29,HAL,-0.02271228454867913
2024-11-29,HES,-0.02271228454867913
2024-11-29,HIG,0.02271228454867913
2024-11-29,HII,-0.02271228454867913
2024-11-29,HLT,0.02271228454867913
2024-11-29,HSY,-0.02271228454867913
2024-11-29,HUBB,0.02271228454867913
2024-11-29,HUM,-0.02271228454867913
2024-11-29,HWM,0.02271228454867913
2024-11-29,ICE,0.02271228454867913
2024-11-29,IDXX,-0.02271228454867913
2024-11-29,INTC,-0.02271228454867913
2024-11-29,INVH,-0.02271228454867913
2024-11-29,IPG,-0.02271228454867913
2024-11-29,IQV,-0.02271228454867913
2024-11-29,IRM,0.02271228454867913
2024-11-29,ISRG,0.02271228454867913
2024-11-29,JBHT,-0.02271228454867913
2024-11-29,JCI,0.02271228454867913
2024-11-29,JPM,0.02271228454867913
2024-11-29,K,0.02271228454867913
2024-11-29,KHC,-0.02271228454867913
2024-11-29,KMI,0.02271228454867913
2024-11-29,LDOS,0.02271228454867913
2024-11-29,LHX,0.02271228454867913
2024-11-29,LKQ,-0.02271228454867913
2024-11-29,LRCX,-0.02271228454867913
2024-11-29,LULU,-0.02271228454867913
2024-11-29,LW,-0.02271228454867913
2024-11-29,LYB,-0.02271228454867913
2024-11-29,MCHP,-0.02271228454867913
2024-11-29,MDLZ,-0.02271228454867913
2024-11-29,META,0.02271228454867913
2024-11-29,MGM,-0.02271228454867913
2024-11-29,MNST,-0.02271228454867913
2024-11-29,MOH,-0.02271228454867913
2024-11-29,MOS,-0.02271228454867913
2024-11-29,MPC,-0.02271228454867913
2024-11-29,MRNA,-0.02271228454867913
2024-11-29,MS,0.02271228454867913
2024-11-29,MSI,0.02271228454867913
2024-11-29,MTB,0.02271228454867913
2024-11-29,NDAQ,0.02271228454867913
2024-11-29,NFLX,0.02271228454867913
2024-11-29,NI,0.02271228454867913
2024-11-29,NKE,-0.02271228454867913
2024-11-29,NRG,0.02271228454867913
2024-11-29,NUE,-0.02271228454867913
2024-11-29,NVDA,-0.02271228454867913
2024-11-29,NVR,0.02271228454867913
2024-11-29,ODFL,-0.02271228454867913
2024-11-29,OKE,0.02271228454867913
2024-11-29,OXY,-0.02271228454867913
2024-11-29,PARA,-0.02271228454867913
2024-11-29,PEG,0.02271228454867913
2024-11-29,PEP,-0.02271228454867913
2024-11-29,PFE,-0.02271228454867913
2024-11-29,PGR,0.02271228454867913
2024-11-29,PH,0.02271228454867913
2024-11-29,PKG,0.02271228454867913
2024-11-29,PM,0.02271228454867913
2024-11-29,PNC,0.02271228454867913
2024-11-29,PNR,0.02271228454867913
2024-11-29,PPG,-0.02271228454867913
2024-11-29,PPL,0.02271228454867913
2024-11-29,PSX,-0.02271228454867913
2024-11-29,PWR,0.02271228454867913
2024-11-29,QRVO,-0.02271228454867913
2024-11-29,RCL,0.02271228454867913
2024-11-29,RJF,0.02271228454867913
2024-11-29,RMD,0.02271228454867913
2024-11-29,ROK,-0.02271228454867913
2024-11-29,RTX,0.02271228454867913
2024-11-29,SBAC,-0.02271228454867913
2024-11-29,SLB,-0.02271228454867913
2024-11-29,SNPS,-0.02271228454867913
2024-11-29,SO,0.02271228454867913
2024-11-29,SPG,0.02271228454867913
2024-11-29,STZ,-0.02271228454867913
2024-11-29,SWKS,-0.02271228454867913
2024-11-29,SYF,0.02271228454867913
2024-11-29,T,0.02271228454867913
2024-11-29,TAP,-0.02271228454867913
2024-11-29,TFX,-0.02271228454867913
2024-11-29,TJX,0.02271228454867913
2024-11-29,TMUS,0.02271228454867913
2024-11-29,TPR,0.02271228454867913
2024-11-29,TRGP,0.02271228454867913
2024-11-29,TRV,0.02271228454867913
2024-11-29,TT,0.02271228454867913
2024-11-29,TYL,0.02271228454867913
2024-11-29,UAL,0.02271228454867913
2024-11-29,ULTA,-0.02271228454867913
2024-11-29,UPS,-0.02271228454867913
2024-11-29,URI,0.02271228454867913
2024-11-29,VRSN,-0.02271228454867913
2024-11-29,VTR,0.02271228454867913
2024-11-29,WAB,0.02271228454867913
2024-11-29,WBA,-0.02271228454867913
2024-11-29,WBD,-0.02271228454867913
2024-11-29,WELL,0.02271228454867913
2024-11-29,WFC,0.02271228454867913
2024-11-29,WMB,0.02271228454867913
2024-11-29,WMT,-0.02271228454867913
2024-11-29,WRB,-0.02271228454867913
2024-11-29,WST,-0.02271228454867913
2024-11-29,ZBH,-0.02271228454867913
2024-11-29,ZBRA,0.02271228454867913
2024-12-06,ADBE,-0.023136828408269083
2024-12-06,ADM,-0.023136828408269083
2024-12-06,ADP,0.023136828408269083
2024-12-06,AES,-0.023136828408269083
2024-12-06,AKAM,-0.023136828408269083
2024-12-06,ALB,-0.023136828408269083
2024-12-06,AMP,0.023136828408269083
2024-12-06,AMT,-0.023136828408269083
2024-12-06,ANET,0.023136828408269083
2024-12-06,AOS,-0.023136828408269083
2024-12-06,APA,-0.023136828408269083
2024-12-06,APH,-0.023136828408269083
2024-12-06,APTV,-0.023136828408269083
2024-12-06,ARE,-0.023136828408269083
2024-12-06,AVGO,-0.023136828408269083
2024-12-06,AXON,0.023136828408269083
2024-12-06,AXP,0.023136828408269083
2024-12-06,BA,-0.023136828408269083
2024-12-06,BAC,0.023136828408269083
2024-12-06,BDX,-0.023136828408269083
2024-12-06,BEN,-0.023136828408269083
2024-12-06,BFB,-0.023136828408269083
2024-12-06,BG,-0.023136828408269083
2024-12-06,BIIB,-0.023136828408269083
2024-12-06,BK,0.023136828408269083
2024-12-06,BKNG,0.023136828408269083
2024-12-06,BLK,0.023136828408269083
2024-12-06,BRKB,0.023136828408269083
2024-12-06,BRO,0.023136828408269083
2024-12-06,BSX,0.023136828408269083
2024-12-06,CAG,-0.023136828408269083
2024-12-06,CAT,0.023136828408269083
2024-12-06,CBRE,0.023136828408269083
2024-12-06,CCI,-0.023136828408269083
2024-12-06,CDW,-0.023136828408269083
2024-12-06,CE,-0.023136828408269083
2024-12-06,CEG,0.023136828408269083
2024-12-06,CFG,0.023136828408269083
2024-12-06,CINF,0.023136828408269083
2024-12-06,CMG,-0.023136828408269083
2024-12-06,CMI,0.023136828408269083
2024-12-06,CNC,-0.023136828408269083
2024-12-06,COF,0.023136828408269083
2024-12-06,COO,-0.023136828408269083
2024-12-06,COST,0.023136828408269083
2024-12-06,CSGP,-0.023136828408269083
2024-12-06,CTAS,-0.023136828408269083
2024-12-06,CTLT,0.023136828408269083
2024-12-06,CVS,-0.023136828408269083
2024-12-06,CZR,-0.023136828408269083
2024-12-06,DFS,0.023136828408269083
2024-12-06,DG,-0.023136828408269083
2024-12-06,DLTR,-0.023136828408269083
2024-12-06,DOV,0.023136828408269083
2024-12-06,DOW,-0.023136828408269083
2024-12-06,DVN,-0.023136828408269083
2024-12-06,DXCM,-0.023136828408269083
2024-12-06,EBAY,0.023136828408269083
2024-12-06,ECL,0.023136828408269083
2024-12-06,EG,-0.023136828408269083
2024-12-06,EL,-0.023136828408269083
2024-12-06,ELV,-0.023136828408269083
2024-12-06,ENPH,-0.023136828408269083
2024-12-06,EPAM,-0.023136828408269083
2024-12-06,ETN,0.023136828408269083
2024-12-06,ETR,0.023136828408269083
2024-12-06,EW,-0.023136828408269083
2024-12-06,EXC,-0.023136828408269083
2024-12-06,FFIV,0.023136828408269083
2024-12-06,FI,0.023136828408269083
2024-12-06,FICO,0.023136828408269083
2024-12-06,FIS,0.023136828408269083
2024-12-06,FOX,0.023136828408269083
2024-12-06,FOXA,0.023136828408269083
2024-12-06,FTNT,0.023136828408269083
2024-12-06,GIS,-0.023136828408269083
2024-12-06,GL,-0.023136828408269083
2024-12-06,GLW,0.023136828408269083
2024-12-06,GM,0.023136828408269083
2024-12-06,GPC,-0.023136828408269083
2024-12-06,GPN,-0.023136828408269083
2024-12-06,GRMN,0.023136828408269083
2024-12-06,GS,0.023136828408269083
2024-12-06,GWW,0.023136828408269083
2024-12-06,HAL,-0.023136828408269083
2024-12-06,HIG,0.023136828408269083
2024-12-06,HII,-0.023136828408269083
2024-12-06,HLT,0.023136828408269083
2024-12-06,HRL,-0.023136828408269083
2024-12-06,HSIC,-0.023136828408269083
2024-12-06,HSY,-0.023136828408269083
2024-12-06,HUBB,0.023136828408269083
2024-12-06,HUM,-0.023136828408269083
2024-12-06,HWM,0.023136828408269083
2024-12-06,ICE,0.023136828408269083
2024-12-06,IDXX,-0.023136828408269083
2024-12-06,INTC,-0.023136828408269083
2024-12-06,IPG,-0.023136828408269083
2024-12-06,IR,0.023136828408269083
2024-12-06,IRM,0.023136828408269083
2024-12-06,ISRG,0.023136828408269083
2024-12-06,JCI,0.023136828408269083
2024-12-06,JPM,0.023136828408269083
2024-12-06,K,0.023136828408269083
2024-12-06,KHC,-0.023136828408269083
2024-12-06,KMI,0.023136828408269083
2024-12-06,LDOS,0.023136828408269083
2024-12-06,LHX,0.023136828408269083
2024-12-06,LKQ,-0.023136828408269083
2024-12-06,LRCX,-0.023136828408269083
2024-12-06,LULU,-0.023136828408269083
2024-12-06,LW,-0.023136828408269083
2024-12-06,LYB,-0.023136828408269083
2024-12-06,MCHP,-0.023136828408269083
2024-12-06,MDLZ,-0.023136828408269083
2024-12-06,META,0.023136828408269083
2024-12-06,MGM,-0.023136828408269083
2024-12-06,MOH,-0.023136828408269083
2024-12-06,MOS,-0.023136828408269083
2024-12-06,MRK,-0.023136828408269083
2024-12-06,MRNA,-0.023136828408269083
2024-12-06,MS,0.023136828408269083
2024-12-06,MSI,0.023136828408269083
2024-12-06,MTB,0.023136828408269083
2024-12-06,MTCH,-0.023136828408269083
2024-12-06,NDAQ,0.023136828408269083
2024-12-06,NFLX,0.023136828408269083
2024-12-06,NI,0.023136828408269083
2024-12-06,NKE,-0.023136828408269083
2024-12-06,NRG,0.023136828408269083
2024-12-06,NVDA,-0.023136828408269083
2024-12-06,NVR,0.023136828408269083
2024-12-06,NWS,0.023136828408269083
2024-12-06,ODFL,-0.023136828408269083
2024-12-06,OKE,0.023136828408269083
2024-12-06,ON,-0.023136828408269083
2024-12-06,ORCL,0.023136828408269083
2024-12-06,OXY,-0.023136828408269083
2024-12-06,PARA,-0.023136828408269083
2024-12-06,PEG,0.023136828408269083
2024-12-06,PEP,-0.023136828408269083
2024-12-06,PFE,-0.023136828408269083
2024-12-06,PGR,0.023136828408269083
2024-12-06,PH,0.023136828408269083
2024-12-06,PKG,0.023136828408269083
2024-12-06,PLD,-0.023136828408269083
2024-12-06,PM,0.023136828408269083
2024-12-06,PNC,0.023136828408269083
2024-12-06,PNR,0.023136828408269083
2024-12-06,PPG,-0.023136828408269083
2024-12-06,PWR,0.023136828408269083
2024-12-06,QRVO,-0.023136828408269083
2024-12-06,RCL,0.023136828408269083
2024-12-06,REGN,-0.023136828408269083
2024-12-06,RJF,0.023136828408269083
2024-12-06,RL,0.023136828408269083
2024-12-06,RSG,0.023136828408269083
2024-12-06,RTX,0.023136828408269083
2024-12-06,SBAC,-0.023136828408269083
2024-12-06,SJM,-0.023136828408269083
2024-12-06,SLB,-0.023136828408269083
2024-12-06,STZ,-0.023136828408269083
2024-12-06,SWKS,-0.023136828408269083
2024-12-06,SYF,0.023136828408269083
2024-12-06,TAP,-0.023136828408269083
2024-12-06,TDG,0.023136828408269083
2024-12-06,TFX,-0.023136828408269083
2024-12-06,TJX,0.023136828408269083
2024-12-06,TMUS,0.023136828408269083
2024-12-06,TPR,0.023136828408269083
2024-12-06,TRGP,0.023136828408269083
2024-12-06,TRV,0.023136828408269083
2024-12-06,TT,0.023136828408269083
2024-12-06,TYL,0.023136828408269083
2024-12-06,UAL,0.023136828408269083
2024-12-06,ULTA,-0.023136828408269083
2024-12-06,UPS,-0.023136828408269083
2024-12-06,URI,0.023136828408269083
2024-12-06,VLTO,0.023136828408269083
2024-12-06,VRSN,-0.023136828408269083
2024-12-06,VTR,0.023136828408269083
2024-12-06,WAB,0.023136828408269083
2024-12-06,WBA,-0.023136828408269083
2024-12-06,WBD,-0.023136828408269083
2024-12-06,WELL,0.023136828408269083
2024-12-06,WFC,0.023136828408269083
2024-12-06,WMB,0.023136828408269083
2024-12-06,WMT,-0.023136828408269083
2024-12-06,WRB,-0.023136828408269083
2024-12-06,WST,-0.023136828408269083
2024-12-06,WTW,0.023136828408269083
2024-12-06,ZBH,-0.023136828408269083
2024-12-06,ZBRA,0.023136828408269083
2024-12-06,ZTS,-0.023136828408269083
2024-12-13,ABNB,-0.021626574822155794
2024-12-13,ACGL,0.021626574822155794
2024-12-13,ADBE,-0.021626574822155794
2024-12-13,ADM,-0.021626574822155794
2024-12-13,ADP,0.021626574822155794
2024-12-13,AES,-0.021626574822155794
2024-12-13,AFL,0.021626574822155794
2024-12-13,AIZ,0.021626574822155794
2024-12-13,AJG,0.021626574822155794
2024-12-13,AKAM,-0.021626574822155794
2024-12-13,ALB,-0.021626574822155794
2024-12-13,ALGN,-0.021626574822155794
2024-12-13,ALL,0.021626574822155794
2024-12-13,AMP,0.021626574822155794
2024-12-13,AMT,-0.021626574822155794
2024-12-13,AMZN,0.021626574822155794
2024-12-13,ANET,0.021626574822155794
2024-12-13,AOS,-0.021626574822155794
2024-12-13,APA,-0.021626574822155794
2024-12-13,APH,-0.021626574822155794
2024-12-13,APTV,-0.021626574822155794
2024-12-13,ARE,-0.021626574822155794
2024-12-13,ATO,0.021626574822155794
2024-12-13,AVGO,-0.021626574822155794
2024-12-13,AXON,0.021626574822155794
2024-12-13,AXP,0.021626574822155794
2024-12-13,BA,-0.021626574822155794
2024-12-13,BAX,-0.021626574822155794
2024-12-13,BDX,-0.021626574822155794
2024-12-13,BEN,-0.021626574822155794
2024-12-13,BFB,-0.021626574822155794
2024-12-13,BG,-0.021626574822155794
2024-12-13,BIIB,-0.021626574822155794
2024-12-13,BK,0.021626574822155794
2024-12-13,BKNG,0.021626574822155794
2024-12-13,BLK,0.021626574822155794
2024-12-13,BRKB,0.021626574822155794
2024-12-13,BRO,0.021626574822155794
2024-12-13,BSX,0.021626574822155794
2024-12-13,CAG,-0.021626574822155794
2024-12-13,CB,0.021626574822155794
2024-12-13,CBRE,0.021626574822155794
2024-12-13,CCI,-0.021626574822155794
2024-12-13,CDW,-0.021626574822155794
2024-12-13,CE,-0.021626574822155794
2024-12-13,CEG,0.021626574822155794
2024-12-13,CINF,0.021626574822155794
2024-12-13,CMG,-0.021626574822155794
2024-12-13,CMI,0.021626574822155794
2024-12-13,CNC,-0.021626574822155794
2024-12-13,COO,-0.021626574822155794
2024-12-13,COST,0.021626574822155794
2024-12-13,CRL,-0.021626574822155794
2024-12-13,CSGP,-0.021626574822155794
2024-12-13,CTAS,-0.021626574822155794
2024-12-13,CTLT,0.021626574822155794
2024-12-13,CVS,-0.021626574822155794
2024-12-13,CZR,-0.021626574822155794
2024-12-13,DAL,0.021626574822155794
2024-12-13,DFS,0.021626574822155794
2024-12-13,DG,-0.021626574822155794
2024-12-13,DLR,0.021626574822155794
2024-12-13,DLTR,-0.021626574822155794
2024-12-13,DOW,-0.021626574822155794
2024-12-13,DVN,-0.021626574822155794
2024-12-13,DXCM,-0.021626574822155794
2024-12-13,EBAY,0.021626574822155794
2024-12-13,ECL,0.021626574822155794
2024-12-13,EL,-0.021626574822155794
2024-12-13,ELV,-0.021626574822155794
2024-12-13,ENPH,-0.021626574822155794
2024-12-13,EPAM,-0.021626574822155794
2024-12-13,ETN,0.021626574822155794
2024-12-13,ETR,0.021626574822155794
2024-12-13,EW,-0.021626574822155794
2024-12-13,FI,0.021626574822155794
2024-12-13,FICO,0.021626574822155794
2024-12-13,FIS,0.021626574822155794
2024-12-13,FOX,0.021626574822155794
2024-12-13,FOXA,0.021626574822155794
2024-12-13,FTNT,0.021626574822155794
2024-12-13,GE,0.021626574822155794
2024-12-13,GLW,0.021626574822155794
2024-12-13,GM,0.021626574822155794
2024-12-13,GPC,-0.021626574822155794
2024-12-13,GPN,-0.021626574822155794
2024-12-13,GRMN,0.021626574822155794
2024-12-13,GS,0.021626574822155794
2024-12-13,GWW,0.021626574822155794
2024-12-13,HAL,-0.021626574822155794
2024-12-13,HIG,0.021626574822155794
2024-12-13,HII,-0.021626574822155794
2024-12-13,HLT,0.021626574822155794
2024-12-13,HSIC,-0.021626574822155794
2024-12-13,HST,-0.021626574822155794
2024-12-13,HUM,-0.021626574822155794
2024-12-13,HWM,0.021626574822155794
2024-12-13,IDXX,-0.021626574822155794
2024-12-13,INTC,-0.021626574822155794
2024-12-13,IPG,-0.021626574822155794
2024-12-13,IQV,-0.021626574822155794
2024-12-13,IR,0.021626574822155794
2024-12-13,IRM,0.021626574822155794
2024-12-13,ISRG,0.021626574822155794
2024-12-13,JBHT,-0.021626574822155794
2024-12-13,JCI,0.021626574822155794
2024-12-13,JPM,0.021626574822155794
2024-12-13,K,0.021626574822155794
2024-12-13,KHC,-0.021626574822155794
2024-12-13,KMI,0.021626574822155794
2024-12-13,KR,0.021626574822155794
2024-12-13,LDOS,0.021626574822155794
2024-12-13,LKQ,-0.021626574822155794
2024-12-13,LRCX,-0.021626574822155794
2024-12-13,LULU,-0.021626574822155794
2024-12-13,LW,-0.021626574822155794
2024-12-13,LYB,-0.021626574822155794
2024-12-13,MCHP,-0.021626574822155794
2024-12-13,MDLZ,-0.021626574822155794
2024-12-13,META,0.021626574822155794
2024-12-13,MGM,-0.021626574822155794
2024-12-13,MO,0.021626574822155794
2024-12-13,MOH,-0.021626574822155794
2024-12-13,MOS,-0.021626574822155794
2024-12-13,MRK,-0.021626574822155794
2024-12-13,MRNA,-0.021626574822155794
2024-12-13,MS,0.021626574822155794
2024-12-13,MSI,0.021626574822155794
2024-12-13,MTB,0.021626574822155794
2024-12-13,NDAQ,0.021626574822155794
2024-12-13,NFLX,0.021626574822155794
2024-12-13,NI,0.021626574822155794
2024-12-13,NKE,-0.021626574822155794
2024-12-13,NOW,0.021626574822155794
2024-12-13,NRG,0.021626574822155794
2024-12-13,NUE,-0.021626574822155794
2024-12-13,NVDA,-0.021626574822155794
2024-12-13,NVR,0.021626574822155794
2024-12-13,ODFL,-0.021626574822155794
2024-12-13,OKE,0.021626574822155794
2024-12-13,ON,-0.021626574822155794
2024-12-13,ORCL,0.021626574822155794
2024-12-13,OXY,-0.021626574822155794
2024-12-13,PARA,-0.021626574822155794
2024-12-13,PEG,0.021626574822155794
2024-12-13,PGR,0.021626574822155794
2024-12-13,PH,0.021626574822155794
2024-12-13,PKG,0.021626574822155794
2024-12-13,PLD,-0.021626574822155794
2024-12-13,PM,0.021626574822155794
2024-12-13,PNR,0.021626574822155794
2024-12-13,POOL,-0.021626574822155794
2024-12-13,PPG,-0.021626574822155794
2024-12-13,PPL,0.021626574822155794
2024-12-13,PWR,0.021626574822155794
2024-12-13,QRVO,-0.021626574822155794
2024-12-13,RCL,0.021626574822155794
2024-12-13,REGN,-0.021626574822155794
2024-12-13,RJF,0.021626574822155794
2024-12-13,ROK,-0.021626574822155794
2024-12-13,RSG,0.021626574822155794
2024-12-13,RTX,0.021626574822155794
2024-12-13,SBAC,-0.021626574822155794
2024-12-13,SJM,-0.021626574822155794
2024-12-13,SLB,-0.021626574822155794
2024-12-13,SWK,-0.021626574822155794
2024-12-13,SWKS,-0.021626574822155794
2024-12-13,SYF,0.021626574822155794
2024-12-13,SYK,0.021626574822155794
2024-12-13,T,0.021626574822155794
2024-12-13,TDG,0.021626574822155794
2024-12-13,TFX,-0.021626574822155794
2024-12-13,TJX,0.021626574822155794
2024-12-13,TMUS,0.021626574822155794
2024-12-13,TPR,0.021626574822155794
2024-12-13,TRGP,0.021626574822155794
2024-12-13,TRV,0.021626574822155794
2024-12-13,TT,0.021626574822155794
2024-12-13,TYL,0.021626574822155794
2024-12-13,UAL,0.021626574822155794
2024-12-13,ULTA,-0.021626574822155794
2024-12-13,UPS,-0.021626574822155794
2024-12-13,VRSN,-0.021626574822155794
2024-12-13,WAB,0.021626574822155794
2024-12-13,WBA,-0.021626574822155794
2024-12-13,WBD,-0.021626574822155794
2024-12-13,WELL,0.021626574822155794
2024-12-13,WMB,0.021626574822155794
2024-12-13,WMT,-0.021626574822155794
2024-12-13,WRB,-0.021626574822155794
2024-12-13,WTW,0.021626574822155794
2024-12-13,WY,-0.021626574822155794
2024-12-13,ZBH,-0.021626574822155794
2024-12-13,ZTS,-0.021626574822155794
2024-12-20,ACGL,0.02148490177837292
2024-12-20,ADBE,-0.02148490177837292
2024-12-20,ADM,-0.02148490177837292
2024-12-20,ADP,0.02148490177837292
2024-12-20,AEE,0.02148490177837292
2024-12-20,AES,-0.02148490177837292
2024-12-20,AFL,0.02148490177837292
2024-12-20,AIZ,0.02148490177837292
2024-12-20,AJG,0.02148490177837292
2024-12-20,AKAM,-0.02148490177837292
2024-12-20,ALB,-0.02148490177837292
2024-12-20,ALGN,-0.02148490177837292
2024-12-20,ALL,0.02148490177837292
2024-12-20,AMP,0.02148490177837292
2024-12-20,ANET,0.02148490177837292
2024-12-20,AOS,-0.02148490177837292
2024-12-20,APA,-0.02148490177837292
2024-12-20,APH,-0.02148490177837292
2024-12-20,APTV,-0.02148490177837292
2024-12-20,ARE,-0.02148490177837292
2024-12-20,ATO,0.02148490177837292
2024-12-20,AVGO,-0.02148490177837292
2024-12-20,AXON,0.02148490177837292
2024-12-20,AXP,0.02148490177837292
2024-12-20,BA,-0.02148490177837292
2024-12-20,BAC,0.02148490177837292
2024-12-20,BAX,-0.02148490177837292
2024-12-20,BDX,-0.02148490177837292
2024-12-20,BEN,-0.02148490177837292
2024-12-20,BFB,-0.02148490177837292
2024-12-20,BG,-0.02148490177837292
2024-12-20,BIIB,-0.02148490177837292
2024-12-20,BK,0.02148490177837292
2024-12-20,BKNG,0.02148490177837292
2024-12-20,BRKB,0.02148490177837292
2024-12-20,BRO,0.02148490177837292
2024-12-20,BSX,0.02148490177837292
2024-12-20,BX,0.02148490177837292
2024-12-20,CB,0.02148490177837292
2024-12-20,CBRE,0.02148490177837292
2024-12-20,CCI,-0.02148490177837292
2024-12-20,CDW,-0.02148490177837292
2024-12-20,CE,-0.02148490177837292
2024-12-20,CEG,0.02148490177837292
2024-12-20,CINF,0.02148490177837292
2024-12-20,CMG,-0.02148490177837292
2024-12-20,CMI,0.02148490177837292
2024-12-20,CNC,-0.02148490177837292
2024-12-20,COO,-0.02148490177837292
2024-12-20,COST,0.02148490177837292
2024-12-20,CRL,-0.02148490177837292
2024-12-20,CSGP,-0.02148490177837292
2024-12-20,CTAS,-0.02148490177837292
2024-12-20,CVS,-0.02148490177837292
2024-12-20,CZR,-0.02148490177837292
2024-12-20,DAL,0.02148490177837292
2024-12-20,DG,-0.02148490177837292
2024-12-20,DLR,0.02148490177837292
2024-12-20,DLTR,-0.02148490177837292
2024-12-20,DOV,0.02148490177837292
2024-12-20,DOW,-0.02148490177837292
2024-12-20,DVA,0.02148490177837292
2024-12-20,DVN,-0.02148490177837292
2024-12-20,DXCM,-0.02148490177837292
2024-12-20,EBAY,0.02148490177837292
2024-12-20,ECL,0.02148490177837292
2024-12-20,EL,-0.02148490177837292
2024-12-20,ELV,-0.02148490177837292
2024-12-20,ENPH,-0.02148490177837292
2024-12-20,EPAM,-0.02148490177837292
2024-12-20,ETN,0.02148490177837292
2024-12-20,ETR,0.02148490177837292
2024-12-20,EXPD,-0.02148490177837292
2024-12-20,F,-0.02148490177837292
2024-12-20,FI,0.02148490177837292
2024-12-20,FICO,0.02148490177837292
2024-12-20,FIS,0.02148490177837292
2024-12-20,FOX,0.02148490177837292
2024-12-20,FOXA,0.02148490177837292
2024-12-20,FTNT,0.02148490177837292
2024-12-20,GLW,0.02148490177837292
2024-12-20,GPC,-0.02148490177837292
2024-12-20,GPN,-0.02148490177837292
2024-12-20,GRMN,0.02148490177837292
2024-12-20,GS,0.02148490177837292
2024-12-20,GWW,0.02148490177837292
2024-12-20,HAL,-0.02148490177837292
2024-12-20,HIG,0.02148490177837292
2024-12-20,HII,-0.02148490177837292
2024-12-20,HLT,0.02148490177837292
2024-12-20,HST,-0.02148490177837292
2024-12-20,HUM,-0.02148490177837292
2024-12-20,HWM,0.02148490177837292
2024-12-20,IDXX,-0.02148490177837292
2024-12-20,INTC,-0.02148490177837292
2024-12-20,IP,0.02148490177837292
2024-12-20,IPG,-0.02148490177837292
2024-12-20,IQV,-0.02148490177837292
2024-12-20,IRM,0.02148490177837292
2024-12-20,ISRG,0.02148490177837292
2024-12-20,JBHT,-0.02148490177837292
2024-12-20,JCI,0.02148490177837292
2024-12-20,JPM,0.02148490177837292
2024-12-20,K,0.02148490177837292
2024-12-20,KHC,-0.02148490177837292
2024-12-20,KMI,0.02148490177837292
2024-12-20,L,0.02148490177837292
2024-12-20,LDOS,0.02148490177837292
2024-12-20,LKQ,-0.02148490177837292
2024-12-20,LRCX,-0.02148490177837292
2024-12-20,LULU,-0.02148490177837292
2024-12-20,LW,-0.02148490177837292
2024-12-20,LYB,-0.02148490177837292
2024-12-20,LYV,0.02148490177837292
2024-12-20,MCHP,-0.02148490177837292
2024-12-20,MDLZ,-0.02148490177837292
2024-12-20,META,0.02148490177837292
2024-12-20,MGM,-0.02148490177837292
2024-12-20,MKTX,-0.02148490177837292
2024-12-20,MMC,0.02148490177837292
2024-12-20,MO,0.02148490177837292
2024-12-20,MOH,-0.02148490177837292
2024-12-20,MOS,-0.02148490177837292
2024-12-20,MRK,-0.02148490177837292
2024-12-20,MRNA,-0.02148490177837292
2024-12-20,MS,0.02148490177837292
2024-12-20,MSI,0.02148490177837292
2024-12-20,MTB,0.02148490177837292
2024-12-20,MTCH,-0.02148490177837292
2024-12-20,NDAQ,0.02148490177837292
2024-12-20,NFLX,0.02148490177837292
2024-12-20,NI,0.02148490177837292
2024-12-20,NKE,-0.02148490177837292
2024-12-20,NRG,0.02148490177837292
2024-12-20,NUE,-0.02148490177837292
2024-12-20,NVDA,-0.02148490177837292
2024-12-20,ODFL,-0.02148490177837292
2024-12-20,OKE,0.02148490177837292
2024-12-20,ON,-0.02148490177837292
2024-12-20,ORCL,0.02148490177837292
2024-12-20,OXY,-0.02148490177837292
2024-12-20,PARA,-0.02148490177837292
2024-12-20,PEG,0.02148490177837292
2024-12-20,PFE,-0.02148490177837292
2024-12-20,PGR,0.02148490177837292
2024-12-20,PH,0.02148490177837292
2024-12-20,PKG,0.02148490177837292
2024-12-20,PLD,-0.02148490177837292
2024-12-20,PM,0.02148490177837292
2024-12-20,PNR,0.02148490177837292
2024-12-20,PNW,0.02148490177837292
2024-12-20,POOL,-0.02148490177837292
2024-12-20,PPG,-0.02148490177837292
2024-12-20,PPL,0.02148490177837292
2024-12-20,PWR,0.02148490177837292
2024-12-20,QRVO,-0.02148490177837292
2024-12-20,RCL,0.02148490177837292
2024-12-20,REGN,-0.02148490177837292
2024-12-20,RJF,0.02148490177837292
2024-12-20,ROK,-0.02148490177837292
2024-12-20,RSG,0.02148490177837292
2024-12-20,RTX,0.02148490177837292
2024-12-20,SBAC,-0.02148490177837292
2024-12-20,SJM,-0.02148490177837292
2024-12-20,SLB,-0.02148490177837292
2024-12-20,SO,0.02148490177837292
2024-12-20,SWK,-0.02148490177837292
2024-12-20,SWKS,-0.02148490177837292
2024-12-20,SYF,0.02148490177837292
2024-12-20,SYK,0.02148490177837292
2024-12-20,T,0.02148490177837292
2024-12-20,TFX,-0.02148490177837292
2024-12-20,TGT,-0.02148490177837292
2024-12-20,TJX,0.02148490177837292
2024-12-20,TMUS,0.02148490177837292
2024-12-20,TRGP,0.02148490177837292
2024-12-20,TRV,0.02148490177837292
2024-12-20,TT,0.02148490177837292
2024-12-20,TYL,0.02148490177837292
2024-12-20,UAL,0.02148490177837292
2024-12-20,ULTA,-0.02148490177837292
2024-12-20,UPS,-0.02148490177837292
2024-12-20,VRSN,-0.02148490177837292
2024-12-20,WAB,0.02148490177837292
2024-12-20,WBA,-0.02148490177837292
2024-12-20,WELL,0.02148490177837292
2024-12-20,WFC,0.02148490177837292
2024-12-20,WMB,0.02148490177837292
2024-12-20,WMT,-0.02148490177837292
2024-12-20,WRB,-0.02148490177837292
2024-12-20,WTW,0.02148490177837292
2024-12-20,WY,-0.02148490177837292
2024-12-20,ZBH,-0.02148490177837292
2024-12-20,ZTS,-0.02148490177837292
2024-12-27,ACGL,0.021904316757599095
2024-12-27,ADBE,-0.021904316757599095
2024-12-27,ADM,-0.021904316757599095
2024-12-27,ADP,0.021904316757599095
2024-12-27,AEE,0.021904316757599095
2024-12-27,AES,-0.021904316757599095
2024-12-27,AFL,0.021904316757599095
2024-12-27,AIZ,0.021904316757599095
2024-12-27,AJG,0.021904316757599095
2024-12-27,AKAM,-0.021904316757599095
2024-12-27,ALB,-0.021904316757599095
2024-12-27,ALGN,-0.021904316757599095
2024-12-27,ALL,0.021904316757599095
2024-12-27,AMP,0.021904316757599095
2024-12-27,ANET,0.021904316757599095
2024-12-27,AON,0.021904316757599095
2024-12-27,AOS,-0.021904316757599095
2024-12-27,APA,-0.021904316757599095
2024-12-27,APH,-0.021904316757599095
2024-12-27,APTV,-0.021904316757599095
2024-12-27,ARE,-0.021904316757599095
2024-12-27,ATO,0.021904316757599095
2024-12-27,AVGO,-0.021904316757599095
2024-12-27,AXON,0.021904316757599095
2024-12-27,AXP,0.021904316757599095
2024-12-27,BA,-0.021904316757599095
2024-12-27,BAC,0.021904316757599095
2024-12-27,BAX,-0.021904316757599095
2024-12-27,BDX,-0.021904316757599095
2024-12-27,BEN,-0.021904316757599095
2024-12-27,BFB,-0.021904316757599095
2024-12-27,BG,-0.021904316757599095
2024-12-27,BIIB,-0.021904316757599095
2024-12-27,BK,0.021904316757599095
2024-12-27,BRKB,0.021904316757599095
2024-12-27,BRO,0.021904316757599095
2024-12-27,BSX,0.021904316757599095
2024-12-27,CB,0.021904316757599095
2024-12-27,CBRE,0.021904316757599095
2024-12-27,CCI,-0.021904316757599095
2024-12-27,CDW,-0.021904316757599095
2024-12-27,CE,-0.021904316757599095
2024-12-27,CEG,0.021904316757599095
2024-12-27,CINF,0.021904316757599095
2024-12-27,CMG,-0.021904316757599095
2024-12-27,CMI,0.021904316757599095
2024-12-27,CNC,-0.021904316757599095
2024-12-27,COO,-0.021904316757599095
2024-12-27,COP,-0.021904316757599095
2024-12-27,COST,0.021904316757599095
2024-12-27,CRL,-0.021904316757599095
2024-12-27,CSGP,-0.021904316757599095
2024-12-27,CTAS,-0.021904316757599095
2024-12-27,CVS,-0.021904316757599095
2024-12-27,CZR,-0.021904316757599095
2024-12-27,DAL,0.021904316757599095
2024-12-27,DFS,0.021904316757599095
2024-12-27,DG,-0.021904316757599095
2024-12-27,DLR,0.021904316757599095
2024-12-27,DLTR,-0.021904316757599095
2024-12-27,DOV,0.021904316757599095
2024-12-27,DOW,-0.021904316757599095
2024-12-27,DVA,0.021904316757599095
2024-12-27,DVN,-0.021904316757599095
2024-12-27,DXCM,-0.021904316757599095
2024-12-27,EBAY,0.021904316757599095
2024-12-27,ECL,0.021904316757599095
2024-12-27,EL,-0.021904316757599095
2024-12-27,ELV,-0.021904316757599095
2024-12-27,ENPH,-0.021904316757599095
2024-12-27,EPAM,-0.021904316757599095
2024-12-27,ETN,0.021904316757599095
2024-12-27,ETR,0.021904316757599095
2024-12-27,EXPD,-0.021904316757599095
2024-12-27,F,-0.021904316757599095
2024-12-27,FFIV,0.021904316757599095
2024-12-27,FI,0.021904316757599095
2024-12-27,FICO,0.021904316757599095
2024-12-27,FIS,0.021904316757599095
2024-12-27,FOX,0.021904316757599095
2024-12-27,FOXA,0.021904316757599095
2024-12-27,GLW,0.021904316757599095
2024-12-27,GPC,-0.021904316757599095
2024-12-27,GPN,-0.021904316757599095
2024-12-27,GRMN,0.021904316757599095
2024-12-27,GS,0.021904316757599095
2024-12-27,GWW,0.021904316757599095
2024-12-27,HAL,-0.021904316757599095
2024-12-27,HIG,0.021904316757599095
2024-12-27,HII,-0.021904316757599095
2024-12-27,HLT,0.021904316757599095
2024-12-27,HST,-0.021904316757599095
2024-12-27,HSY,-0.021904316757599095
2024-12-27,HUM,-0.021904316757599095
2024-12-27,HWM,0.021904316757599095
2024-12-27,IDXX,-0.021904316757599095
2024-12-27,INTC,-0.021904316757599095
2024-12-27,IP,0.021904316757599095
2024-12-27,IPG,-0.021904316757599095
2024-12-27,IQV,-0.021904316757599095
2024-12-27,IRM,0.021904316757599095
2024-12-27,ISRG,0.021904316757599095
2024-12-27,JCI,0.021904316757599095
2024-12-27,JPM,0.021904316757599095
2024-12-27,K,0.021904316757599095
2024-12-27,KHC,-0.021904316757599095
2024-12-27,KMI,0.021904316757599095
2024-12-27,KR,0.021904316757599095
2024-12-27,L,0.021904316757599095
2024-12-27,LDOS,0.021904316757599095
2024-12-27,LKQ,-0.021904316757599095
2024-12-27,LRCX,-0.021904316757599095
2024-12-27,LULU,-0.021904316757599095
2024-12-27,LW,-0.021904316757599095
2024-12-27,LYB,-0.021904316757599095
2024-12-27,LYV,0.021904316757599095
2024-12-27,MCHP,-0.021904316757599095
2024-12-27,MDLZ,-0.021904316757599095
2024-12-27,META,0.021904316757599095
2024-12-27,MGM,-0.021904316757599095
2024-12-27,MKTX,-0.021904316757599095
2024-12-27,MMC,0.021904316757599095
2024-12-27,MO,0.021904316757599095
2024-12-27,MOH,-0.021904316757599095
2024-12-27,MOS,-0.021904316757599095
2024-12-27,MRK,-0.021904316757599095
2024-12-27,MRNA,-0.021904316757599095
2024-12-27,MSI,0.021904316757599095
2024-12-27,MTB,0.021904316757599095
2024-12-27,MTCH,-0.021904316757599095
2024-12-27,NDAQ,0.021904316757599095
2024-12-27,NFLX,0.021904316757599095
2024-12-27,NI,0.021904316757599095
2024-12-27,NKE,-0.021904316757599095
2024-12-27,NRG,0.021904316757599095
2024-12-27,NUE,-0.021904316757599095
2024-12-27,NVDA,-0.021904316757599095
2024-12-27,ODFL,-0.021904316757599095
2024-12-27,OKE,0.021904316757599095
2024-12-27,ON,-0.021904316757599095
2024-12-27,ORCL,0.021904316757599095
2024-12-27,OXY,-0.021904316757599095
2024-12-27,PARA,-0.021904316757599095
2024-12-27,PEG,0.021904316757599095
2024-12-27,PEP,-0.021904316757599095
2024-12-27,PFE,-0.021904316757599095
2024-12-27,PGR,0.021904316757599095
2024-12-27,PH,0.021904316757599095
2024-12-27,PKG,0.021904316757599095
2024-12-27,PLD,-0.021904316757599095
2024-12-27,PM,0.021904316757599095
2024-12-27,PNR,0.021904316757599095
2024-12-27,PNW,0.021904316757599095
2024-12-27,PPG,-0.021904316757599095
2024-12-27,PPL,0.021904316757599095
2024-12-27,PWR,0.021904316757599095
2024-12-27,RCL,0.021904316757599095
2024-12-27,REGN,-0.021904316757599095
2024-12-27,RJF,0.021904316757599095
2024-12-27,RSG,0.021904316757599095
2024-12-27,RTX,0.021904316757599095
2024-12-27,SBAC,-0.021904316757599095
2024-12-27,SJM,-0.021904316757599095
2024-12-27,SLB,-0.021904316757599095
2024-12-27,SWK,-0.021904316757599095
2024-12-27,SWKS,-0.021904316757599095
2024-12-27,SYF,0.021904316757599095
2024-12-27,SYK,0.021904316757599095
2024-12-27,T,0.021904316757599095
2024-12-27,TFX,-0.021904316757599095
2024-12-27,TGT,-0.021904316757599095
2024-12-27,TJX,0.021904316757599095
2024-12-27,TMUS,0.021904316757599095
2024-12-27,TPR,0.021904316757599095
2024-12-27,TRGP,0.021904316757599095
2024-12-27,TRV,0.021904316757599095
2024-12-27,TT,0.021904316757599095
2024-12-27,TYL,0.021904316757599095
2024-12-27,UAL,0.021904316757599095
2024-12-27,ULTA,-0.021904316757599095
2024-12-27,UPS,-0.021904316757599095
2024-12-27,VRSN,-0.021904316757599095
2024-12-27,WAB,0.021904316757599095
2024-12-27,WBA,-0.021904316757599095
2024-12-27,WBD,-0.021904316757599095
2024-12-27,WELL,0.021904316757599095
2024-12-27,WFC,0.021904316757599095
2024-12-27,WMB,0.021904316757599095
2024-12-27,WMT,-0.021904316757599095
2024-12-27,WRB,-0.021904316757599095
2024-12-27,WTW,0.021904316757599095
2024-12-27,WY,-0.021904316757599095
2024-12-27,ZBH,-0.021904316757599095
2024-12-27,ZTS,-0.021904316757599095
2025-01-03,ADM,-0.02229617516394305
2025-01-03,ADP,0.02229617516394305
2025-01-03,AES,-0.02229617516394305
2025-01-03,AIZ,0.02229617516394305
2025-01-03,AJG,0.02229617516394305
2025-01-03,AKAM,-0.02229617516394305
2025-01-03,ALB,-0.02229617516394305
2025-01-03,ALGN,-0.02229617516394305
2025-01-03,ALL,0.02229617516394305
2025-01-03,AMGN,-0.02229617516394305
2025-01-03,AMP,0.02229617516394305
2025-01-03,AMZN,0.02229617516394305
2025-01-03,ANET,-0.022296175163943048
2025-01-03,AOS,-0.02229617516394305
2025-01-03,APA,-0.02229617516394305
2025-01-03,APH,-0.02229617516394305
2025-01-03,APTV,-0.02229617516394305
2025-01-03,ARE,-0.02229617516394305
2025-01-03,AVGO,-0.02229617516394305
2025-01-03,AXON,0.02229617516394305
2025-01-03,AXP,0.02229617516394305
2025-01-03,BA,-0.02229617516394305
2025-01-03,BAC,0.02229617516394305
2025-01-03,BAX,-0.02229617516394305
2025-01-03,BDX,-0.02229617516394305
2025-01-03,BEN,-0.02229617516394305
2025-01-03,BFB,-0.02229617516394305
2025-01-03,BG,-0.02229617516394305
2025-01-03,BIIB,-0.02229617516394305
2025-01-03,BK,0.02229617516394305
2025-01-03,BKNG,0.02229617516394305
2025-01-03,BLK,0.02229617516394305
2025-01-03,BRKB,0.02229617516394305
2025-01-03,BRO,0.02229617516394305
2025-01-03,BSX,0.02229617516394305
2025-01-03,BX,0.02229617516394305
2025-01-03,CB,0.02229617516394305
2025-01-03,CBRE,0.02229617516394305
2025-01-03,CCI,-0.02229617516394305
2025-01-03,CDW,-0.02229617516394305
2025-01-03,CE,-0.02229617516394305
2025-01-03,CEG,0.02229617516394305
2025-01-03,CINF,0.02229617516394305
2025-01-03,CMG,-0.02229617516394305
2025-01-03,CMI,0.02229617516394305
2025-01-03,CNC,-0.02229617516394305
2025-01-03,COO,-0.02229617516394305
2025-01-03,COP,-0.02229617516394305
2025-01-03,COST,0.02229617516394305
2025-01-03,CRL,-0.02229617516394305
2025-01-03,CTAS,-0.02229617516394305
2025-01-03,CVS,-0.02229617516394305
2025-01-03,CZR,-0.02229617516394305
2025-01-03,DAL,0.02229617516394305
2025-01-03,DFS,0.02229617516394305
2025-01-03,DG,-0.02229617516394305
2025-01-03,DLR,0.02229617516394305
2025-01-03,DLTR,-0.02229617516394305
2025-01-03,DOV,0.02229617516394305
2025-01-03,DOW,-0.02229617516394305
2025-01-03,DVA,0.02229617516394305
2025-01-03,DVN,-0.02229617516394305
2025-01-03,DXCM,-0.02229617516394305
2025-01-03,EBAY,0.02229617516394305
2025-01-03,ECL,0.02229617516394305
2025-01-03,EL,-0.02229617516394305
2025-01-03,ELV,-0.02229617516394305
2025-01-03,ENPH,-0.02229617516394305
2025-01-03,EPAM,-0.02229617516394305
2025-01-03,ETN,0.02229617516394305
2025-01-03,ETR,0.02229617516394305
2025-01-03,EXPD,-0.02229617516394305
2025-01-03,F,-0.02229617516394305
2025-01-03,FFIV,0.02229617516394305
2025-01-03,FI,0.02229617516394305
2025-01-03,FICO,0.02229617516394305
2025-01-03,FIS,0.02229617516394305
2025-01-03,FOX,0.02229617516394305
2025-01-03,FOXA,0.02229617516394305
2025-01-03,FTNT,0.02229617516394305
2025-01-03,GLW,0.02229617516394305
2025-01-03,GPC,-0.02229617516394305
2025-01-03,GPN,-0.02229617516394305
2025-01-03,GRMN,0.02229617516394305
2025-01-03,GS,0.02229617516394305
2025-01-03,GWW,0.02229617516394305
2025-01-03,HAL,-0.02229617516394305
2025-01-03,HIG,0.02229617516394305
2025-01-03,HII,-0.02229617516394305
2025-01-03,HLT,0.02229617516394305
2025-01-03,HSY,-0.02229617516394305
2025-01-03,HUM,-0.02229617516394305
2025-01-03,HWM,0.02229617516394305
2025-01-03,IBM,0.02229617516394305
2025-01-03,IDXX,-0.02229617516394305
2025-01-03,INTC,-0.02229617516394305
2025-01-03,IP,0.02229617516394305
2025-01-03,IPG,-0.02229617516394305
2025-01-03,IQV,-0.02229617516394305
2025-01-03,IRM,0.02229617516394305
2025-01-03,ISRG,0.02229617516394305
2025-01-03,JCI,0.02229617516394305
2025-01-03,JNJ,-0.02229617516394305
2025-01-03,JPM,0.02229617516394305
2025-01-03,KHC,-0.02229617516394305
2025-01-03,KMI,0.02229617516394305
2025-01-03,KR,0.02229617516394305
2025-01-03,LDOS,0.02229617516394305
2025-01-03,LKQ,-0.02229617516394305
2025-01-03,LRCX,-0.02229617516394305
2025-01-03,LULU,-0.02229617516394305
2025-01-03,LW,-0.02229617516394305
2025-01-03,LYB,-0.02229617516394305
2025-01-03,LYV,0.02229617516394305
2025-01-03,MCHP,-0.02229617516394305
2025-01-03,MDLZ,-0.02229617516394305
2025-01-03,META,0.02229617516394305
2025-01-03,MGM,-0.02229617516394305
2025-01-03,MKTX,-0.02229617516394305
2025-01-03,MNST,-0.02229617516394305
2025-01-03,MO,0.02229617516394305
2025-01-03,MOH,-0.02229617516394305
2025-01-03,MOS,-0.02229617516394305
2025-01-03,MRK,-0.02229617516394305
2025-01-03,MRNA,-0.02229617516394305
2025-01-03,MSI,0.02229617516394305
2025-01-03,MTB,0.02229617516394305
2025-01-03,MTCH,-0.02229617516394305
2025-01-03,NDAQ,0.02229617516394305
2025-01-03,NFLX,0.02229617516394305
2025-01-03,NI,0.02229617516394305
2025-01-03,NKE,-0.02229617516394305
2025-01-03,NOW,0.02229617516394305
2025-01-03,NRG,0.02229617516394305
2025-01-03,NTAP,0.02229617516394305
2025-01-03,NUE,-0.02229617516394305
2025-01-03,NVDA,-0.02229617516394305
2025-01-03,ODFL,-0.02229617516394305
2025-01-03,OKE,0.02229617516394305
2025-01-03,ON,-0.02229617516394305
2025-01-03,ORCL,0.02229617516394305
2025-01-03,OXY,-0.02229617516394305
2025-01-03,PARA,-0.02229617516394305
2025-01-03,PEG,0.02229617516394305
2025-01-03,PEP,-0.02229617516394305
2025-01-03,PFE,-0.02229617516394305
2025-01-03,PGR,0.02229617516394305
2025-01-03,PH,0.02229617516394305
2025-01-03,PKG,0.02229617516394305
2025-01-03,PLD,-0.02229617516394305
2025-01-03,PM,0.02229617516394305
2025-01-03,PNR,0.02229617516394305
2025-01-03,PPG,-0.02229617516394305
2025-01-03,PWR,0.02229617516394305
2025-01-03,RCL,0.02229617516394305
2025-01-03,REGN,-0.02229617516394305
2025-01-03,RJF,0.02229617516394305
2025-01-03,RL,0.02229617516394305
2025-01-03,RSG,0.02229617516394305
2025-01-03,RTX,0.02229617516394305
2025-01-03,SBAC,-0.02229617516394305
2025-01-03,SJM,-0.02229617516394305
2025-01-03,SLB,-0.02229617516394305
2025-01-03,SWK,-0.02229617516394305
2025-01-03,SWKS,-0.02229617516394305
2025-01-03,SYF,0.02229617516394305
2025-01-03,T,0.02229617516394305
2025-01-03,TDG,0.02229617516394305
2025-01-03,TFX,-0.02229617516394305
2025-01-03,TGT,-0.02229617516394305
2025-01-03,TJX,0.02229617516394305
2025-01-03,TMUS,0.02229617516394305
2025-01-03,TPR,0.02229617516394305
2025-01-03,TRGP,0.02229617516394305
2025-01-03,TRV,0.02229617516394305
2025-01-03,TT,0.02229617516394305
2025-01-03,TYL,0.02229617516394305
2025-01-03,UAL,0.02229617516394305
2025-01-03,ULTA,-0.02229617516394305
2025-01-03,UPS,-0.02229617516394305
2025-01-03,VLTO,0.02229617516394305
2025-01-03,VRSN,-0.02229617516394305
2025-01-03,WAB,0.02229617516394305
2025-01-03,WBA,-0.02229617516394305
2025-01-03,WELL,0.02229617516394305
2025-01-03,WFC,0.02229617516394305
2025-01-03,WMB,0.02229617516394305
2025-01-03,WMT,-0.02229617516394305
2025-01-03,WRB,-0.02229617516394305
2025-01-03,WTW,0.02229617516394305
2025-01-03,WY,-0.02229617516394305
2025-01-03,ZBH,-0.02229617516394305
2025-01-03,ZBRA,0.02229617516394305
2025-01-03,ZTS,-0.02229617516394305
2025-01-10,AAPL,0.02259548630133492
2025-01-10,ADBE,-0.02259548630133492
2025-01-10,ADM,-0.02259548630133492
2025-01-10,ADP,0.02259548630133492
2025-01-10,AES,-0.02259548630133492
2025-01-10,AIZ,0.02259548630133492
2025-01-10,AKAM,-0.02259548630133492
2025-01-10,ALB,-0.02259548630133492
2025-01-10,ALGN,-0.02259548630133492
2025-01-10,AMGN,-0.02259548630133492
2025-01-10,AMP,0.02259548630133492
2025-01-10,AMZN,0.02259548630133492
2025-01-10,ANET,-0.02259548630133492
2025-01-10,AOS,-0.02259548630133492
2025-01-10,APA,-0.02259548630133492
2025-01-10,APH,-0.02259548630133492
2025-01-10,APTV,-0.02259548630133492
2025-01-10,ARE,-0.02259548630133492
2025-01-10,AVGO,-0.02259548630133492
2025-01-10,AXON,0.02259548630133492
2025-01-10,AXP,0.02259548630133492
2025-01-10,BA,-0.02259548630133492
2025-01-10,BAC,0.02259548630133492
2025-01-10,BAX,-0.02259548630133492
2025-01-10,BEN,-0.02259548630133492
2025-01-10,BFB,-0.02259548630133492
2025-01-10,BG,-0.02259548630133492
2025-01-10,BIIB,-0.02259548630133492
2025-01-10,BK,0.02259548630133492
2025-01-10,BKNG,0.02259548630133492
2025-01-10,BLK,0.02259548630133492
2025-01-10,BRKB,0.02259548630133492
2025-01-10,BRO,0.02259548630133492
2025-01-10,BSX,0.02259548630133492
2025-01-10,BX,0.02259548630133492
2025-01-10,C,0.02259548630133492
2025-01-10,CBRE,0.02259548630133492
2025-01-10,CCI,-0.02259548630133492
2025-01-10,CDW,-0.02259548630133492
2025-01-10,CE,-0.02259548630133492
2025-01-10,CEG,0.02259548630133492
2025-01-10,CI,-0.02259548630133492
2025-01-10,CINF,0.02259548630133492
2025-01-10,CMCSA,-0.02259548630133492
2025-01-10,CMG,-0.02259548630133492
2025-01-10,CMI,0.02259548630133492
2025-01-10,CNC,-0.02259548630133492
2025-01-10,COF,0.02259548630133492
2025-01-10,COO,-0.02259548630133492
2025-01-10,COP,-0.02259548630133492
2025-01-10,COST,0.02259548630133492
2025-01-10,CTAS,-0.02259548630133492
2025-01-10,CVS,-0.02259548630133492
2025-01-10,CZR,-0.02259548630133492
2025-01-10,DFS,0.02259548630133492
2025-01-10,DG,-0.02259548630133492
2025-01-10,DLR,0.02259548630133492
2025-01-10,DLTR,-0.02259548630133492
2025-01-10,DOV,0.02259548630133492
2025-01-10,DOW,-0.02259548630133492
2025-01-10,DVN,-0.02259548630133492
2025-01-10,DXCM,-0.02259548630133492
2025-01-10,EBAY,0.02259548630133492
2025-01-10,ECL,0.02259548630133492
2025-01-10,EL,-0.02259548630133492
2025-01-10,ELV,-0.02259548630133492
2025-01-10,ENPH,-0.02259548630133492
2025-01-10,EPAM,-0.02259548630133492
2025-01-10,ETN,0.02259548630133492
2025-01-10,ETR,0.02259548630133492
2025-01-10,EXPD,-0.02259548630133492
2025-01-10,F,-0.02259548630133492
2025-01-10,FFIV,0.02259548630133492
2025-01-10,FI,0.02259548630133492
2025-01-10,FICO,0.02259548630133492
2025-01-10,FIS,0.02259548630133492
2025-01-10,FOX,0.02259548630133492
2025-01-10,FOXA,0.02259548630133492
2025-01-10,FTNT,0.02259548630133492
2025-01-10,GLW,0.02259548630133492
2025-01-10,GPC,-0.02259548630133492
2025-01-10,GPN,-0.02259548630133492
2025-01-10,GRMN,0.02259548630133492
2025-01-10,GS,0.02259548630133492
2025-01-10,GWW,0.02259548630133492
2025-01-10,HAL,-0.02259548630133492
2025-01-10,HIG,0.02259548630133492
2025-01-10,HII,-0.02259548630133492
2025-01-10,HLT,0.02259548630133492
2025-01-10,HUM,-0.02259548630133492
2025-01-10,HWM,0.02259548630133492
2025-01-10,IBM,0.02259548630133492
2025-01-10,ICE,0.02259548630133492
2025-01-10,IDXX,-0.02259548630133492
2025-01-10,INTC,-0.02259548630133492
2025-01-10,IPG,-0.02259548630133492
2025-01-10,IRM,0.02259548630133492
2025-01-10,ISRG,0.02259548630133492
2025-01-10,JCI,0.02259548630133492
2025-01-10,JNJ,-0.02259548630133492
2025-01-10,JPM,0.02259548630133492
2025-01-10,K,0.02259548630133492
2025-01-10,KHC,-0.02259548630133492
2025-01-10,KMI,0.02259548630133492
2025-01-10,KR,0.02259548630133492
2025-01-10,LDOS,0.02259548630133492
2025-01-10,LKQ,-0.02259548630133492
2025-01-10,LRCX,-0.02259548630133492
2025-01-10,LULU,-0.02259548630133492
2025-01-10,LW,-0.02259548630133492
2025-01-10,LYB,-0.02259548630133492
2025-01-10,LYV,0.02259548630133492
2025-01-10,MCHP,-0.02259548630133492
2025-01-10,MCO,0.02259548630133492
2025-01-10,MDLZ,-0.02259548630133492
2025-01-10,MDT,-0.02259548630133492
2025-01-10,META,0.02259548630133492
2025-01-10,MGM,-0.02259548630133492
2025-01-10,MKTX,-0.02259548630133492
2025-01-10,MNST,-0.02259548630133492
2025-01-10,MO,0.02259548630133492
2025-01-10,MOH,-0.02259548630133492
2025-01-10,MOS,-0.02259548630133492
2025-01-10,MRK,-0.02259548630133492
2025-01-10,MRNA,-0.02259548630133492
2025-01-10,MS,0.02259548630133492
2025-01-10,MSI,0.02259548630133492
2025-01-10,MTB,0.02259548630133492
2025-01-10,MTCH,-0.02259548630133492
2025-01-10,NDAQ,0.02259548630133492
2025-01-10,NDSN,-0.02259548630133492
2025-01-10,NFLX,0.02259548630133492
2025-01-10,NI,0.02259548630133492
2025-01-10,NKE,-0.02259548630133492
2025-01-10,NOW,0.02259548630133492
2025-01-10,NRG,0.02259548630133492
2025-01-10,NUE,-0.02259548630133492
2025-01-10,NVDA,-0.02259548630133492
2025-01-10,O,-0.02259548630133492
2025-01-10,ODFL,-0.02259548630133492
2025-01-10,OKE,0.02259548630133492
2025-01-10,ON,-0.02259548630133492
2025-01-10,ORCL,0.02259548630133492
2025-01-10,ORLY,0.02259548630133492
2025-01-10,OXY,-0.02259548630133492
2025-01-10,PARA,-0.02259548630133492
2025-01-10,PEG,0.02259548630133492
2025-01-10,PFE,-0.02259548630133492
2025-01-10,PGR,0.02259548630133492
2025-01-10,PH,0.02259548630133492
2025-01-10,PKG,0.02259548630133492
2025-01-10,PLD,-0.02259548630133492
2025-01-10,PM,0.02259548630133492
2025-01-10,PNR,0.02259548630133492
2025-01-10,PPG,-0.02259548630133492
2025-01-10,PWR,0.02259548630133492
2025-01-10,RCL,0.02259548630133492
2025-01-10,REGN,-0.02259548630133492
2025-01-10,RJF,0.02259548630133492
2025-01-10,RL,0.02259548630133492
2025-01-10,RSG,0.02259548630133492
2025-01-10,RTX,0.02259548630133492
2025-01-10,SBAC,-0.02259548630133492
2025-01-10,SJM,-0.02259548630133492
2025-01-10,SLB,-0.02259548630133492
2025-01-10,STZ,-0.02259548630133492
2025-01-10,SWK,-0.02259548630133492
2025-01-10,SWKS,-0.02259548630133492
2025-01-10,SYF,0.02259548630133492
2025-01-10,T,0.02259548630133492
2025-01-10,TFX,-0.02259548630133492
2025-01-10,TJX,0.02259548630133492
2025-01-10,TMUS,0.02259548630133492
2025-01-10,TPR,0.02259548630133492
2025-01-10,TRGP,0.02259548630133492
2025-01-10,TT,0.02259548630133492
2025-01-10,TYL,0.02259548630133492
2025-01-10,UAL,0.02259548630133492
2025-01-10,ULTA,-0.02259548630133492
2025-01-10,UPS,-0.02259548630133492
2025-01-10,VLTO,0.02259548630133492
2025-01-10,VRSK,0.02259548630133492
2025-01-10,WAB,0.02259548630133492
2025-01-10,WBA,-0.02259548630133492
2025-01-10,WELL,0.02259548630133492
2025-01-10,WFC,0.02259548630133492
2025-01-10,WMB,0.02259548630133492
2025-01-10,WMT,-0.02259548630133492
2025-01-10,WRB,-0.02259548630133492
2025-01-10,WTW,0.02259548630133492
2025-01-10,WY,-0.02259548630133492
2025-01-10,ZBH,-0.02259548630133492
2025-01-10,ZBRA,0.02259548630133492
2025-01-10,ZTS,-0.02259548630133492
2025-01-17,AAPL,0.022904371468841885
2025-01-17,ADBE,-0.022904371468841885
2025-01-17,ADM,-0.022904371468841885
2025-01-17,ADP,0.022904371468841885
2025-01-17,AEE,0.022904371468841885
2025-01-17,AES,-0.022904371468841885
2025-01-17,AKAM,-0.022904371468841885
2025-01-17,ALB,-0.022904371468841885
2025-01-17,ALGN,-0.022904371468841885
2025-01-17,AMD,-0.022904371468841885
2025-01-17,AMGN,-0.022904371468841885
2025-01-17,AMP,0.022904371468841885
2025-01-17,AMT,-0.022904371468841885
2025-01-17,AMZN,0.022904371468841885
2025-01-17,ANET,-0.022904371468841885
2025-01-17,AOS,-0.022904371468841885
2025-01-17,APA,-0.022904371468841885
2025-01-17,APH,-0.022904371468841885
2025-01-17,APTV,-0.022904371468841885
2025-01-17,ARE,-0.022904371468841885
2025-01-17,ATO,0.022904371468841885
2025-01-17,AVGO,-0.022904371468841885
2025-01-17,AXON,0.022904371468841885
2025-01-17,AXP,0.022904371468841885
2025-01-17,BA,-0.022904371468841885
2025-01-17,BAC,0.022904371468841885
2025-01-17,BAX,-0.022904371468841885
2025-01-17,BEN,-0.022904371468841885
2025-01-17,BFB,-0.022904371468841885
2025-01-17,BG,-0.022904371468841885
2025-01-17,BIIB,-0.022904371468841885
2025-01-17,BK,0.022904371468841885
2025-01-17,BKNG,0.022904371468841885
2025-01-17,BLK,0.022904371468841885
2025-01-17,BRKB,0.022904371468841885
2025-01-17,BRO,0.022904371468841885
2025-01-17,BSX,0.022904371468841885
2025-01-17,BX,0.022904371468841885
2025-01-17,C,0.022904371468841885
2025-01-17,CBRE,0.022904371468841885
2025-01-17,CCI,-0.022904371468841885
2025-01-17,CDW,-0.022904371468841885
2025-01-17,CE,-0.022904371468841885
2025-01-17,CEG,0.022904371468841885
2025-01-17,CI,-0.022904371468841885
2025-01-17,CINF,0.022904371468841885
2025-01-17,CMCSA,-0.022904371468841885
2025-01-17,CMG,-0.022904371468841885
2025-01-17,CMI,0.022904371468841885
2025-01-17,CNC,-0.022904371468841885
2025-01-17,COF,0.022904371468841885
2025-01-17,COO,-0.022904371468841885
2025-01-17,COST,0.022904371468841885
2025-01-17,CSGP,-0.022904371468841885
2025-01-17,CSX,-0.022904371468841885
2025-01-17,CTAS,-0.022904371468841885
2025-01-17,CVS,-0.022904371468841885
2025-01-17,CZR,-0.022904371468841885
2025-01-17,DAL,0.022904371468841885
2025-01-17,DFS,0.022904371468841885
2025-01-17,DG,-0.022904371468841885
2025-01-17,DLR,0.022904371468841885
2025-01-17,DLTR,-0.022904371468841885
2025-01-17,DOV,0.022904371468841885
2025-01-17,DOW,-0.022904371468841885
2025-01-17,DVA,0.022904371468841885
2025-01-17,DVN,-0.022904371468841885
2025-01-17,DXCM,-0.022904371468841885
2025-01-17,EBAY,0.022904371468841885
2025-01-17,EL,-0.022904371468841885
2025-01-17,ELV,-0.022904371468841885
2025-01-17,ENPH,-0.022904371468841885
2025-01-17,ETN,0.022904371468841885
2025-01-17,EXPD,-0.022904371468841885
2025-01-17,FFIV,0.022904371468841885
2025-01-17,FI,0.022904371468841885
2025-01-17,FICO,0.022904371468841885
2025-01-17,FIS,0.022904371468841885
2025-01-17,FOX,0.022904371468841885
2025-01-17,FOXA,0.022904371468841885
2025-01-17,FTNT,0.022904371468841885
2025-01-17,GLW,0.022904371468841885
2025-01-17,GM,0.022904371468841885
2025-01-17,GPC,-0.022904371468841885
2025-01-17,GPN,-0.022904371468841885
2025-01-17,GRMN,0.022904371468841885
2025-01-17,GS,0.022904371468841885
2025-01-17,HAL,-0.022904371468841885
2025-01-17,HIG,0.022904371468841885
2025-01-17,HII,-0.022904371468841885
2025-01-17,HLT,0.022904371468841885
2025-01-17,HST,-0.022904371468841885
2025-01-17,HSY,-0.022904371468841885
2025-01-17,HUM,-0.022904371468841885
2025-01-17,HWM,0.022904371468841885
2025-01-17,IBM,0.022904371468841885
2025-01-17,IDXX,-0.022904371468841885
2025-01-17,INTC,-0.022904371468841885
2025-01-17,IP,0.022904371468841885
2025-01-17,IPG,-0.022904371468841885
2025-01-17,IRM,0.022904371468841885
2025-01-17,ISRG,0.022904371468841885
2025-01-17,JBHT,-0.022904371468841885
2025-01-17,JCI,0.022904371468841885
2025-01-17,JNJ,-0.022904371468841885
2025-01-17,JPM,0.022904371468841885
2025-01-17,K,0.022904371468841885
2025-01-17,KHC,-0.022904371468841885
2025-01-17,KMI,0.022904371468841885
2025-01-17,KR,0.022904371468841885
2025-01-17,LKQ,-0.022904371468841885
2025-01-17,LRCX,-0.022904371468841885
2025-01-17,LULU,-0.022904371468841885
2025-01-17,LW,-0.022904371468841885
2025-01-17,LYB,-0.022904371468841885
2025-01-17,LYV,0.022904371468841885
2025-01-17,MCHP,-0.022904371468841885
2025-01-17,MDLZ,-0.022904371468841885
2025-01-17,META,0.022904371468841885
2025-01-17,MGM,-0.022904371468841885
2025-01-17,MNST,-0.022904371468841885
2025-01-17,MO,0.022904371468841885
2025-01-17,MOH,-0.022904371468841885
2025-01-17,MOS,-0.022904371468841885
2025-01-17,MRK,-0.022904371468841885
2025-01-17,MRNA,-0.022904371468841885
2025-01-17,MS,0.022904371468841885
2025-01-17,MSI,0.022904371468841885
2025-01-17,MTB,0.022904371468841885
2025-01-17,NDAQ,0.022904371468841885
2025-01-17,NDSN,-0.022904371468841885
2025-01-17,NFLX,0.022904371468841885
2025-01-17,NI,0.022904371468841885
2025-01-17,NKE,-0.022904371468841885
2025-01-17,NOW,0.022904371468841885
2025-01-17,NRG,0.022904371468841885
2025-01-17,NUE,-0.022904371468841885
2025-01-17,NVDA,-0.022904371468841885
2025-01-17,ODFL,-0.022904371468841885
2025-01-17,OKE,0.022904371468841885
2025-01-17,ORCL,0.022904371468841885
2025-01-17,OXY,-0.022904371468841885
2025-01-17,PANW,-0.022904371468841885
2025-01-17,PARA,-0.022904371468841885
2025-01-17,PEG,0.022904371468841885
2025-01-17,PEP,-0.022904371468841885
2025-01-17,PGR,0.022904371468841885
2025-01-17,PH,0.022904371468841885
2025-01-17,PKG,0.022904371468841885
2025-01-17,PLD,-0.022904371468841885
2025-01-17,PM,0.022904371468841885
2025-01-17,PNR,0.022904371468841885
2025-01-17,PPG,-0.022904371468841885
2025-01-17,PPL,0.022904371468841885
2025-01-17,PSX,-0.022904371468841885
2025-01-17,PWR,0.022904371468841885
2025-01-17,RCL,0.022904371468841885
2025-01-17,REGN,-0.022904371468841885
2025-01-17,RJF,0.022904371468841885
2025-01-17,RL,0.022904371468841885
2025-01-17,RSG,0.022904371468841885
2025-01-17,RTX,0.022904371468841885
2025-01-17,SBAC,-0.022904371468841885
2025-01-17,SJM,-0.022904371468841885
2025-01-17,SLB,-0.022904371468841885
2025-01-17,STZ,-0.022904371468841885
2025-01-17,SWK,-0.022904371468841885
2025-01-17,SWKS,-0.022904371468841885
2025-01-17,SYF,0.022904371468841885
2025-01-17,T,0.022904371468841885
2025-01-17,TFX,-0.022904371468841885
2025-01-17,TJX,0.022904371468841885
2025-01-17,TMUS,0.022904371468841885
2025-01-17,TPR,0.022904371468841885
2025-01-17,TRGP,0.022904371468841885
2025-01-17,TRMB,0.022904371468841885
2025-01-17,TSLA,0.022904371468841885
2025-01-17,TT,0.022904371468841885
2025-01-17,TYL,0.022904371468841885
2025-01-17,UAL,0.022904371468841885
2025-01-17,UPS,-0.022904371468841885
2025-01-17,VLTO,0.022904371468841885
2025-01-17,WAB,0.022904371468841885
2025-01-17,WBA,-0.022904371468841885
2025-01-17,WELL,0.022904371468841885
2025-01-17,WFC,0.022904371468841885
2025-01-17,WMB,0.022904371468841885
2025-01-17,WMT,-0.022904371468841885
2025-01-17,WRB,-0.022904371468841885
2025-01-17,WTW,0.022904371468841885
2025-01-17,WY,-0.022904371468841885
2025-01-17,ZBH,-0.022904371468841885
2025-01-17,ZBRA,0.022904371468841885
2025-01-17,ZTS,-0.022904371468841885
2025-01-24,AAPL,0.023313407328210883
2025-01-24,ADBE,-0.023313407328210883
2025-01-24,ADP,0.023313407328210883
2025-01-24,AEE,0.023313407328210883
2025-01-24,AES,-0.023313407328210883
2025-01-24,AKAM,-0.023313407328210883
2025-01-24,ALB,-0.023313407328210883
2025-01-24,ALGN,-0.023313407328210883
2025-01-24,AMD,-0.023313407328210883
2025-01-24,AMGN,-0.023313407328210883
2025-01-24,AMP,0.023313407328210883
2025-01-24,AMZN,0.023313407328210883
2025-01-24,ANET,-0.023313407328210883
2025-01-24,AOS,-0.023313407328210883
2025-01-24,APA,-0.023313407328210883
2025-01-24,APH,-0.023313407328210883
2025-01-24,APTV,-0.023313407328210883
2025-01-24,ARE,-0.023313407328210883
2025-01-24,ATO,0.023313407328210883
2025-01-24,AVB,0.023313407328210883
2025-01-24,AVGO,-0.023313407328210883
2025-01-24,AXON,0.023313407328210883
2025-01-24,AXP,0.023313407328210883
2025-01-24,BAC,0.023313407328210883
2025-01-24,BAX,-0.023313407328210883
2025-01-24,BEN,-0.023313407328210883
2025-01-24,BFB,-0.023313407328210883
2025-01-24,BG,-0.023313407328210883
2025-01-24,BIIB,-0.023313407328210883
2025-01-24,BK,0.023313407328210883
2025-01-24,BKNG,0.023313407328210883
2025-01-24,BLK,0.023313407328210883
2025-01-24,BRKB,0.023313407328210883
2025-01-24,BRO,0.023313407328210883
2025-01-24,BSX,0.023313407328210883
2025-01-24,BX,0.023313407328210883
2025-01-24,C,0.023313407328210883
2025-01-24,CBRE,0.023313407328210883
2025-01-24,CCI,-0.023313407328210883
2025-01-24,CDW,-0.023313407328210883
2025-01-24,CE,-0.023313407328210883
2025-01-24,CEG,0.023313407328210883
2025-01-24,CINF,0.023313407328210883
2025-01-24,CMCSA,-0.023313407328210883
2025-01-24,CMG,-0.023313407328210883
2025-01-24,CMI,0.023313407328210883
2025-01-24,CNC,-0.023313407328210883
2025-01-24,COF,0.023313407328210883
2025-01-24,COO,-0.023313407328210883
2025-01-24,COP,-0.023313407328210883
2025-01-24,COST,0.023313407328210883
2025-01-24,CSGP,-0.023313407328210883
2025-01-24,CSX,-0.023313407328210883
2025-01-24,CTAS,-0.023313407328210883
2025-01-24,CVS,-0.023313407328210883
2025-01-24,CZR,-0.023313407328210883
2025-01-24,DAL,0.023313407328210883
2025-01-24,DFS,0.023313407328210883
2025-01-24,DG,-0.023313407328210883
2025-01-24,DLTR,-0.023313407328210883
2025-01-24,DOV,0.023313407328210883
2025-01-24,DOW,-0.023313407328210883
2025-01-24,DVA,0.023313407328210883
2025-01-24,DVN,-0.023313407328210883
2025-01-24,DXCM,-0.023313407328210883
2025-01-24,EBAY,0.023313407328210883
2025-01-24,ECL,0.023313407328210883
2025-01-24,EL,-0.023313407328210883
2025-01-24,ELV,-0.023313407328210883
2025-01-24,ENPH,-0.023313407328210883
2025-01-24,ETN,0.023313407328210883
2025-01-24,ETR,-0.023313407328210883
2025-01-24,EVRG,0.023313407328210883
2025-01-24,EXPD,-0.023313407328210883
2025-01-24,FFIV,0.023313407328210883
2025-01-24,FI,0.023313407328210883
2025-01-24,FICO,0.023313407328210883
2025-01-24,FIS,0.023313407328210883
2025-01-24,FOX,0.023313407328210883
2025-01-24,FOXA,0.023313407328210883
2025-01-24,FTNT,0.023313407328210883
2025-01-24,GLW,0.023313407328210883
2025-01-24,GM,0.023313407328210883
2025-01-24,GPC,-0.023313407328210883
2025-01-24,GPN,-0.023313407328210883
2025-01-24,GRMN,0.023313407328210883
2025-01-24,GS,0.023313407328210883
2025-01-24,HAL,-0.023313407328210883
2025-01-24,HII,-0.023313407328210883
2025-01-24,HLT,0.023313407328210883
2025-01-24,HSY,-0.023313407328210883
2025-01-24,HUM,-0.023313407328210883
2025-01-24,HWM,0.023313407328210883
2025-01-24,IDXX,-0.023313407328210883
2025-01-24,INTC,-0.023313407328210883
2025-01-24,IP,0.023313407328210883
2025-01-24,IPG,-0.023313407328210883
2025-01-24,IRM,0.023313407328210883
2025-01-24,ISRG,0.023313407328210883
2025-01-24,JBHT,-0.023313407328210883
2025-01-24,JCI,0.023313407328210883
2025-01-24,JNJ,-0.023313407328210883
2025-01-24,JPM,0.023313407328210883
2025-01-24,K,0.023313407328210883
2025-01-24,KHC,-0.023313407328210883
2025-01-24,KMI,0.023313407328210883
2025-01-24,KR,0.023313407328210883
2025-01-24,LKQ,-0.023313407328210883
2025-01-24,LRCX,-0.023313407328210883
2025-01-24,LULU,-0.023313407328210883
2025-01-24,LW,-0.023313407328210883
2025-01-24,LYB,-0.023313407328210883
2025-01-24,LYV,0.023313407328210883
2025-01-24,MA,0.023313407328210883
2025-01-24,MCHP,-0.023313407328210883
2025-01-24,MDLZ,-0.023313407328210883
2025-01-24,META,0.023313407328210883
2025-01-24,MGM,-0.023313407328210883
2025-01-24,MKTX,-0.023313407328210883
2025-01-24,MO,0.023313407328210883
2025-01-24,MOH,-0.023313407328210883
2025-01-24,MOS,-0.023313407328210883
2025-01-24,MPC,-0.023313407328210883
2025-01-24,MRK,-0.023313407328210883
2025-01-24,MRNA,-0.023313407328210883
2025-01-24,MS,0.023313407328210883
2025-01-24,MSI,0.023313407328210883
2025-01-24,NDAQ,0.023313407328210883
2025-01-24,NDSN,-0.023313407328210883
2025-01-24,NFLX,0.023313407328210883
2025-01-24,NI,0.023313407328210883
2025-01-24,NKE,-0.023313407328210883
2025-01-24,NOW,0.023313407328210883
2025-01-24,NRG,0.023313407328210883
2025-01-24,NUE,-0.023313407328210883
2025-01-24,NVDA,-0.023313407328210883
2025-01-24,ODFL,-0.023313407328210883
2025-01-24,OKE,0.023313407328210883
2025-01-24,ORCL,0.023313407328210883
2025-01-24,OXY,-0.023313407328210883
2025-01-24,PANW,-0.023313407328210883
2025-01-24,PARA,-0.023313407328210883
2025-01-24,PEG,0.023313407328210883
2025-01-24,PEP,-0.023313407328210883
2025-01-24,PGR,0.023313407328210883
2025-01-24,PH,0.023313407328210883
2025-01-24,PKG,0.023313407328210883
2025-01-24,PLD,-0.023313407328210883
2025-01-24,PM,0.023313407328210883
2025-01-24,PNR,0.023313407328210883
2025-01-24,PPG,-0.023313407328210883
2025-01-24,PPL,0.023313407328210883
2025-01-24,PSX,-0.023313407328210883
2025-01-24,PWR,0.023313407328210883
2025-01-24,PYPL,0.023313407328210883
2025-01-24,RCL,0.023313407328210883
2025-01-24,REGN,-0.023313407328210883
2025-01-24,RJF,0.023313407328210883
2025-01-24,RL,0.023313407328210883
2025-01-24,RTX,0.023313407328210883
2025-01-24,SBAC,-0.023313407328210883
2025-01-24,SJM,-0.023313407328210883
2025-01-24,SLB,-0.023313407328210883
2025-01-24,STT,0.023313407328210883
2025-01-24,STZ,-0.023313407328210883
2025-01-24,SWK,-0.023313407328210883
2025-01-24,SWKS,-0.023313407328210883
2025-01-24,SYF,0.023313407328210883
2025-01-24,T,0.023313407328210883
2025-01-24,TFX,-0.023313407328210883
2025-01-24,TJX,0.023313407328210883
2025-01-24,TMUS,0.023313407328210883
2025-01-24,TPR,0.023313407328210883
2025-01-24,TRGP,0.023313407328210883
2025-01-24,TSCO,-0.023313407328210883
2025-01-24,TSLA,0.023313407328210883
2025-01-24,TT,0.023313407328210883
2025-01-24,TXT,-0.023313407328210883
2025-01-24,TYL,0.023313407328210883
2025-01-24,UAL,0.023313407328210883
2025-01-24,UPS,-0.023313407328210883
2025-01-24,VLTO,0.023313407328210883
2025-01-24,WAB,0.023313407328210883
2025-01-24,WBA,-0.023313407328210883
2025-01-24,WELL,0.023313407328210883
2025-01-24,WFC,0.023313407328210883
2025-01-24,WMB,0.023313407328210883
2025-01-24,WMT,-0.023313407328210883
2025-01-24,WRB,-0.023313407328210883
2025-01-24,WTW,0.023313407328210883
2025-01-24,WY,-0.023313407328210883
2025-01-24,ZBH,-0.023313407328210883
2025-01-24,ZBRA,0.023313407328210883
2025-01-24,ZTS,-0.023313407328210883
2025-01-31,AAPL,0.02362707757575485
2025-01-31,ADBE,-0.02362707757575485
2025-01-31,AEE,0.02362707757575485
2025-01-31,AES,-0.02362707757575485
2025-01-31,AFL,0.02362707757575485
2025-01-31,AKAM,-0.02362707757575485
2025-01-31,ALB,-0.02362707757575485
2025-01-31,ALGN,-0.02362707757575485
2025-01-31,AMD,-0.02362707757575485
2025-01-31,AMGN,-0.02362707757575485
2025-01-31,AMP,0.02362707757575485
2025-01-31,AMZN,0.02362707757575485
2025-01-31,ANET,-0.02362707757575485
2025-01-31,AOS,-0.02362707757575485
2025-01-31,APA,-0.02362707757575485
2025-01-31,APH,-0.02362707757575485
2025-01-31,APTV,-0.02362707757575485
2025-01-31,ARE,-0.02362707757575485
2025-01-31,ATO,0.02362707757575485
2025-01-31,AVB,0.02362707757575485
2025-01-31,AVGO,-0.02362707757575485
2025-01-31,AXON,0.02362707757575485
2025-01-31,AXP,0.02362707757575485
2025-01-31,BA,-0.02362707757575485
2025-01-31,BAC,0.02362707757575485
2025-01-31,BAX,-0.02362707757575485
2025-01-31,BEN,-0.02362707757575485
2025-01-31,BFB,-0.02362707757575485
2025-01-31,BG,-0.02362707757575485
2025-01-31,BIIB,-0.02362707757575485
2025-01-31,BK,0.02362707757575485
2025-01-31,BKNG,0.02362707757575485
2025-01-31,BKR,0.02362707757575485
2025-01-31,BLDR,-0.02362707757575485
2025-01-31,BLK,0.02362707757575485
2025-01-31,BRO,0.02362707757575485
2025-01-31,BSX,0.02362707757575485
2025-01-31,BX,0.02362707757575485
2025-01-31,CBRE,0.02362707757575485
2025-01-31,CCI,-0.02362707757575485
2025-01-31,CCL,0.02362707757575485
2025-01-31,CDW,-0.02362707757575485
2025-01-31,CE,-0.02362707757575485
2025-01-31,CEG,0.02362707757575485
2025-01-31,CFG,0.02362707757575485
2025-01-31,CHRW,0.02362707757575485
2025-01-31,CINF,0.02362707757575485
2025-01-31,CMCSA,-0.02362707757575485
2025-01-31,CMG,-0.02362707757575485
2025-01-31,CMI,0.02362707757575485
2025-01-31,CNC,-0.02362707757575485
2025-01-31,COF,0.02362707757575485
2025-01-31,COO,-0.02362707757575485
2025-01-31,COST,0.02362707757575485
2025-01-31,CSGP,-0.02362707757575485
2025-01-31,CSX,-0.02362707757575485
2025-01-31,CTAS,-0.02362707757575485
2025-01-31,CVS,-0.02362707757575485
2025-01-31,CZR,-0.02362707757575485
2025-01-31,DAL,0.02362707757575485
2025-01-31,DFS,0.02362707757575485
2025-01-31,DG,-0.02362707757575485
2025-01-31,DLTR,-0.02362707757575485
2025-01-31,DOW,-0.02362707757575485
2025-01-31,DVN,-0.02362707757575485
2025-01-31,DXCM,-0.02362707757575485
2025-01-31,EBAY,0.02362707757575485
2025-01-31,EL,-0.02362707757575485
2025-01-31,ELV,-0.02362707757575485
2025-01-31,ENPH,-0.02362707757575485
2025-01-31,EXPD,-0.02362707757575485
2025-01-31,F,-0.02362707757575485
2025-01-31,FFIV,0.02362707757575485
2025-01-31,FI,0.02362707757575485
2025-01-31,FICO,0.02362707757575485
2025-01-31,FIS,0.02362707757575485
2025-01-31,FMC,-0.02362707757575485
2025-01-31,FOX,0.02362707757575485
2025-01-31,FOXA,0.02362707757575485
2025-01-31,FTNT,0.02362707757575485
2025-01-31,GLW,0.02362707757575485
2025-01-31,GOOG,0.02362707757575485
2025-01-31,GOOGL,0.02362707757575485
2025-01-31,GPC,-0.02362707757575485
2025-01-31,GPN,-0.02362707757575485
2025-01-31,GRMN,0.02362707757575485
2025-01-31,GS,0.02362707757575485
2025-01-31,HAL,-0.02362707757575485
2025-01-31,HII,-0.02362707757575485
2025-01-31,HLT,0.02362707757575485
2025-01-31,HST,-0.02362707757575485
2025-01-31,HSY,-0.02362707757575485
2025-01-31,HUM,-0.02362707757575485
2025-01-31,HWM,0.02362707757575485
2025-01-31,IDXX,-0.02362707757575485
2025-01-31,INTC,-0.02362707757575485
2025-01-31,IP,0.02362707757575485
2025-01-31,IPG,-0.02362707757575485
2025-01-31,IRM,0.02362707757575485
2025-01-31,ISRG,0.02362707757575485
2025-01-31,JBHT,-0.02362707757575485
2025-01-31,JCI,0.02362707757575485
2025-01-31,JNJ,-0.02362707757575485
2025-01-31,JPM,0.02362707757575485
2025-01-31,K,0.02362707757575485
2025-01-31,KHC,-0.02362707757575485
2025-01-31,KMI,0.02362707757575485
2025-01-31,KR,0.02362707757575485
2025-01-31,LKQ,-0.02362707757575485
2025-01-31,LRCX,-0.02362707757575485
2025-01-31,LULU,-0.02362707757575485
2025-01-31,LW,-0.02362707757575485
2025-01-31,LYB,-0.02362707757575485
2025-01-31,LYV,0.02362707757575485
2025-01-31,MCHP,-0.02362707757575485
2025-01-31,MDLZ,-0.02362707757575485
2025-01-31,MDT,-0.02362707757575485
2025-01-31,META,0.02362707757575485
2025-01-31,MGM,-0.02362707757575485
2025-01-31,MO,0.02362707757575485
2025-01-31,MOH,-0.02362707757575485
2025-01-31,MOS,-0.02362707757575485
2025-01-31,MPC,-0.02362707757575485
2025-01-31,MRK,-0.02362707757575485
2025-01-31,MRNA,-0.02362707757575485
2025-01-31,MS,0.02362707757575485
2025-01-31,MSI,0.02362707757575485
2025-01-31,MTB,0.02362707757575485
2025-01-31,NDAQ,0.02362707757575485
2025-01-31,NDSN,-0.02362707757575485
2025-01-31,NFLX,0.02362707757575485
2025-01-31,NI,0.02362707757575485
2025-01-31,NKE,-0.02362707757575485
2025-01-31,NRG,0.02362707757575485
2025-01-31,NTRS,0.02362707757575485
2025-01-31,NUE,-0.02362707757575485
2025-01-31,NVDA,-0.02362707757575485
2025-01-31,ODFL,-0.02362707757575485
2025-01-31,OKE,0.02362707757575485
2025-01-31,ORCL,0.02362707757575485
2025-01-31,OXY,-0.02362707757575485
2025-01-31,PANW,-0.02362707757575485
2025-01-31,PARA,-0.02362707757575485
2025-01-31,PEG,0.02362707757575485
2025-01-31,PEP,-0.02362707757575485
2025-01-31,PGR,0.02362707757575485
2025-01-31,PH,0.02362707757575485
2025-01-31,PKG,0.02362707757575485
2025-01-31,PLD,-0.02362707757575485
2025-01-31,PM,0.02362707757575485
2025-01-31,PNC,0.02362707757575485
2025-01-31,PNR,0.02362707757575485
2025-01-31,PPG,-0.02362707757575485
2025-01-31,PPL,0.02362707757575485
2025-01-31,PSX,-0.02362707757575485
2025-01-31,PWR,0.02362707757575485
2025-01-31,PYPL,0.02362707757575485
2025-01-31,RCL,0.02362707757575485
2025-01-31,REGN,-0.02362707757575485
2025-01-31,RJF,0.02362707757575485
2025-01-31,RL,0.02362707757575485
2025-01-31,RTX,0.02362707757575485
2025-01-31,SBAC,-0.02362707757575485
2025-01-31,SJM,-0.02362707757575485
2025-01-31,SLB,-0.02362707757575485
2025-01-31,SPG,0.02362707757575485
2025-01-31,STT,0.02362707757575485
2025-01-31,STZ,-0.02362707757575485
2025-01-31,SYF,0.02362707757575485
2025-01-31,T,0.02362707757575485
2025-01-31,TFX,-0.02362707757575485
2025-01-31,TJX,0.02362707757575485
2025-01-31,TMUS,0.02362707757575485
2025-01-31,TPR,0.02362707757575485
2025-01-31,TRGP,0.02362707757575485
2025-01-31,TSCO,-0.02362707757575485
2025-01-31,TSLA,0.02362707757575485
2025-01-31,TT,0.02362707757575485
2025-01-31,TYL,0.02362707757575485
2025-01-31,UAL,0.02362707757575485
2025-01-31,UPS,-0.02362707757575485
2025-01-31,VLTO,0.02362707757575485
2025-01-31,WAB,0.02362707757575485
2025-01-31,WBA,-0.02362707757575485
2025-01-31,WELL,0.02362707757575485
2025-01-31,WFC,0.02362707757575485
2025-01-31,WMB,0.02362707757575485
2025-01-31,WMT,-0.02362707757575485
2025-01-31,WRB,-0.02362707757575485
2025-01-31,WTW,0.02362707757575485
2025-01-31,WY,-0.02362707757575485
2025-01-31,ZBH,-0.02362707757575485
2025-01-31,ZBRA,0.02362707757575485
2025-01-31,ZTS,-0.02362707757575485
2025-02-07,AAPL,0.020822539250082334
2025-02-07,ADBE,-0.020822539250082334
2025-02-07,AEE,0.020822539250082334
2025-02-07,AES,-0.020822539250082334
2025-02-07,AFL,0.020822539250082334
2025-02-07,AKAM,-0.020822539250082334
2025-02-07,ALB,-0.020822539250082334
2025-02-07,ALGN,-0.020822539250082334
2025-02-07,AMD,-0.020822539250082334
2025-02-07,AMP,0.020822539250082334
2025-02-07,ANET,-0.020822539250082334
2025-02-07,AOS,-0.020822539250082334
2025-02-07,APA,-0.020822539250082334
2025-02-07,APH,-0.020822539250082334
2025-02-07,APTV,-0.020822539250082334
2025-02-07,ARE,-0.020822539250082334
2025-02-07,ATO,0.020822539250082334
2025-02-07,AVGO,-0.020822539250082334
2025-02-07,AXON,0.020822539250082334
2025-02-07,AXP,0.020822539250082334
2025-02-07,BA,-0.020822539250082334
2025-02-07,BAC,0.020822539250082334
2025-02-07,BAX,-0.020822539250082334
2025-02-07,BEN,-0.020822539250082334
2025-02-07,BFB,-0.020822539250082334
2025-02-07,BIIB,-0.020822539250082334
2025-02-07,BK,0.020822539250082334
2025-02-07,BKR,0.020822539250082334
2025-02-07,BLDR,-0.020822539250082334
2025-02-07,BLK,0.020822539250082334
2025-02-07,BRO,0.020822539250082334
2025-02-07,BSX,0.020822539250082334
2025-02-07,C,0.020822539250082334
2025-02-07,CBRE,0.020822539250082334
2025-02-07,CCI,-0.020822539250082334
2025-02-07,CCL,0.020822539250082334
2025-02-07,CDW,-0.020822539250082334
2025-02-07,CE,-0.020822539250082334
2025-02-07,CEG,0.020822539250082334
2025-02-07,CFG,0.020822539250082334
2025-02-07,CI,-0.020822539250082334
2025-02-07,CINF,0.020822539250082334
2025-02-07,CMG,-0.020822539250082334
2025-02-07,CMI,0.020822539250082334
2025-02-07,CNC,-0.020822539250082334
2025-02-07,COO,-0.020822539250082334
2025-02-07,COST,0.020822539250082334
2025-02-07,CSX,-0.020822539250082334
2025-02-07,CTAS,-0.020822539250082334
2025-02-07,CVS,-0.020822539250082334
2025-02-07,CZR,-0.020822539250082334
2025-02-07,DAL,0.020822539250082334
2025-02-07,DFS,0.020822539250082334
2025-02-07,DG,-0.020822539250082334
2025-02-07,DGX,0.020822539250082334
2025-02-07,DLTR,-0.020822539250082334
2025-02-07,DOW,-0.020822539250082334
2025-02-07,DVA,0.020822539250082334
2025-02-07,DVN,-0.020822539250082334
2025-02-07,DXCM,-0.020822539250082334
2025-02-07,EBAY,0.020822539250082334
2025-02-07,EL,-0.020822539250082334
2025-02-07,ELV,-0.020822539250082334
2025-02-07,ENPH,-0.020822539250082334
2025-02-07,EPAM,-0.020822539250082334
2025-02-07,EQT,0.020822539250082334
2025-02-07,EVRG,0.020822539250082334
2025-02-07,EXPD,-0.020822539250082334
2025-02-07,F,-0.020822539250082334
2025-02-07,FFIV,0.020822539250082334
2025-02-07,FI,0.020822539250082334
2025-02-07,FICO,0.020822539250082334
2025-02-07,FIS,0.020822539250082334
2025-02-07,FOX,0.020822539250082334
2025-02-07,FOXA,0.020822539250082334
2025-02-07,GLW,0.020822539250082334
2025-02-07,GOOG,0.020822539250082334
2025-02-07,GOOGL,0.020822539250082334
2025-02-07,GPC,-0.020822539250082334
2025-02-07,GPN,-0.020822539250082334
2025-02-07,GRMN,0.020822539250082334
2025-02-07,GS,0.020822539250082334
2025-02-07,HAL,-0.020822539250082334
2025-02-07,HBAN,0.020822539250082334
2025-02-07,HII,-0.020822539250082334
2025-02-07,HLT,0.020822539250082334
2025-02-07,HST,-0.020822539250082334
2025-02-07,HSY,-0.020822539250082334
2025-02-07,HUM,-0.020822539250082334
2025-02-07,HWM,0.020822539250082334
2025-02-07,IDXX,-0.020822539250082334
2025-02-07,INTC,-0.020822539250082334
2025-02-07,IP,0.020822539250082334
2025-02-07,IPG,-0.020822539250082334
2025-02-07,IRM,0.020822539250082334
2025-02-07,ISRG,0.020822539250082334
2025-02-07,JBHT,-0.020822539250082334
2025-02-07,JCI,0.020822539250082334
2025-02-07,JNJ,-0.020822539250082334
2025-02-07,JPM,0.020822539250082334
2025-02-07,K,0.020822539250082334
2025-02-07,KHC,-0.020822539250082334
2025-02-07,KMI,0.020822539250082334
2025-02-07,KR,0.020822539250082334
2025-02-07,LKQ,-0.020822539250082334
2025-02-07,LRCX,-0.020822539250082334
2025-02-07,LW,-0.020822539250082334
2025-02-07,LYB,-0.020822539250082334
2025-02-07,LYV,0.020822539250082334
2025-02-07,MCHP,-0.020822539250082334
2025-02-07,MDLZ,-0.020822539250082334
2025-02-07,MGM,-0.020822539250082334
2025-02-07,MO,0.020822539250082334
2025-02-07,MOH,-0.020822539250082334
2025-02-07,MOS,-0.020822539250082334
2025-02-07,MPC,-0.020822539250082334
2025-02-07,MRK,-0.020822539250082334
2025-02-07,MRNA,-0.020822539250082334
2025-02-07,MS,0.020822539250082334
2025-02-07,MSI,0.020822539250082334
2025-02-07,MTB,0.020822539250082334
2025-02-07,NDAQ,0.020822539250082334
2025-02-07,NDSN,-0.020822539250082334
2025-02-07,NFLX,0.020822539250082334
2025-02-07,NI,0.020822539250082334
2025-02-07,NKE,-0.020822539250082334
2025-02-07,NRG,0.020822539250082334
2025-02-07,NTRS,0.020822539250082334
2025-02-07,NUE,-0.020822539250082334
2025-02-07,NVDA,-0.020822539250082334
2025-02-07,ODFL,-0.020822539250082334
2025-02-07,OKE,0.020822539250082334
2025-02-07,ON,-0.020822539250082334
2025-02-07,ORCL,0.020822539250082334
2025-02-07,OXY,-0.020822539250082334
2025-02-07,PANW,-0.020822539250082334
2025-02-07,PARA,-0.020822539250082334
2025-02-07,PEG,0.020822539250082334
2025-02-07,PEP,-0.020822539250082334
2025-02-07,PGR,0.020822539250082334
2025-02-07,PKG,0.020822539250082334
2025-02-07,PLD,-0.020822539250082334
2025-02-07,PM,0.020822539250082334
2025-02-07,PNC,0.020822539250082334
2025-02-07,PNR,0.020822539250082334
2025-02-07,PNW,0.020822539250082334
2025-02-07,POOL,-0.020822539250082334
2025-02-07,PPG,-0.020822539250082334
2025-02-07,PPL,0.020822539250082334
2025-02-07,PSX,-0.020822539250082334
2025-02-07,PWR,0.020822539250082334
2025-02-07,PYPL,0.020822539250082334
2025-02-07,RCL,0.020822539250082334
2025-02-07,REGN,-0.020822539250082334
2025-02-07,RF,0.020822539250082334
2025-02-07,RJF,0.020822539250082334
2025-02-07,RTX,0.020822539250082334
2025-02-07,SJM,-0.020822539250082334
2025-02-07,SLB,-0.020822539250082334
2025-02-07,SO,0.020822539250082334
2025-02-07,STT,0.020822539250082334
2025-02-07,STZ,-0.020822539250082334
2025-02-07,SYF,0.020822539250082334
2025-02-07,T,0.020822539250082334
2025-02-07,TFX,-0.020822539250082334
2025-02-07,TJX,0.020822539250082334
2025-02-07,TMUS,0.020822539250082334
2025-02-07,TPR,0.020822539250082334
2025-02-07,TRGP,0.020822539250082334
2025-02-07,TRMB,0.020822539250082334
2025-02-07,TSCO,-0.020822539250082334
2025-02-07,TSLA,0.020822539250082334
2025-02-07,TT,0.020822539250082334
2025-02-07,TXT,-0.020822539250082334
2025-02-07,TYL,0.020822539250082334
2025-02-07,UAL,0.020822539250082334
2025-02-07,ULTA,-0.020822539250082334
2025-02-07,UPS,-0.020822539250082334
2025-02-07,VLTO,0.020822539250082334
2025-02-07,VTR,0.020822539250082334
2025-02-07,WAB,0.020822539250082334
2025-02-07,WBA,-0.020822539250082334
2025-02-07,WEC,0.020822539250082334
2025-02-07,WELL,0.020822539250082334
2025-02-07,WFC,0.020822539250082334
2025-02-07,WMB,0.020822539250082334
2025-02-07,WMT,-0.020822539250082334
2025-02-07,WRB,-0.020822539250082334
2025-02-07,WST,-0.020822539250082334
2025-02-07,WY,-0.020822539250082334
2025-02-07,WYNN,-0.020822539250082334
2025-02-07,ZBH,-0.020822539250082334
2025-02-07,ZBRA,0.020822539250082334
2025-02-07,ZTS,-0.020822539250082334
2025-02-14,ABNB,-0.020197422427401916
2025-02-14,ADBE,-0.020197422427401916
2025-02-14,AEE,0.020197422427401916
2025-02-14,AES,-0.020197422427401916
2025-02-14,AFL,0.020197422427401916
2025-02-14,AJG,0.020197422427401916
2025-02-14,AKAM,-0.020197422427401916
2025-02-14,ALGN,-0.020197422427401916
2025-02-14,AMD,-0.020197422427401916
2025-02-14,AMP,0.020197422427401916
2025-02-14,ANET,-0.020197422427401916
2025-02-14,AOS,-0.020197422427401916
2025-02-14,APA,-0.020197422427401916
2025-02-14,APH,-0.020197422427401916
2025-02-14,APTV,-0.020197422427401916
2025-02-14,ARE,-0.020197422427401916
2025-02-14,ATO,0.020197422427401916
2025-02-14,AVGO,-0.020197422427401916
2025-02-14,AXON,0.020197422427401916
2025-02-14,AXP,0.020197422427401916
2025-02-14,BA,-0.020197422427401916
2025-02-14,BAC,0.020197422427401916
2025-02-14,BALL,-0.020197422427401916
2025-02-14,BAX,-0.020197422427401916
2025-02-14,BEN,-0.020197422427401916
2025-02-14,BFB,-0.020197422427401916
2025-02-14,BG,-0.020197422427401916
2025-02-14,BIIB,-0.020197422427401916
2025-02-14,BK,0.020197422427401916
2025-02-14,BKR,0.020197422427401916
2025-02-14,BLK,0.020197422427401916
2025-02-14,BRO,0.020197422427401916
2025-02-14,BSX,0.020197422427401916
2025-02-14,C,0.020197422427401916
2025-02-14,CBRE,0.020197422427401916
2025-02-14,CCI,-0.020197422427401916
2025-02-14,CCL,0.020197422427401916
2025-02-14,CDW,-0.020197422427401916
2025-02-14,CE,-0.020197422427401916
2025-02-14,CEG,0.020197422427401916
2025-02-14,CFG,0.020197422427401916
2025-02-14,CI,-0.020197422427401916
2025-02-14,CINF,0.020197422427401916
2025-02-14,CMCSA,-0.020197422427401916
2025-02-14,CMG,-0.020197422427401916
2025-02-14,CMI,0.020197422427401916
2025-02-14,CNC,-0.020197422427401916
2025-02-14,COF,0.020197422427401916
2025-02-14,COO,-0.020197422427401916
2025-02-14,COST,0.020197422427401916
2025-02-14,CRL,-0.020197422427401916
2025-02-14,CSCO,0.020197422427401916
2025-02-14,CSX,-0.020197422427401916
2025-02-14,CTAS,-0.020197422427401916
2025-02-14,CVS,-0.020197422427401916
2025-02-14,CZR,-0.020197422427401916
2025-02-14,DAL,0.020197422427401916
2025-02-14,DFS,0.020197422427401916
2025-02-14,DG,-0.020197422427401916
2025-02-14,DGX,0.020197422427401916
2025-02-14,DLTR,-0.020197422427401916
2025-02-14,DOW,-0.020197422427401916
2025-02-14,DXCM,-0.020197422427401916
2025-02-14,EBAY,0.020197422427401916
2025-02-14,EL,-0.020197422427401916
2025-02-14,ELV,-0.020197422427401916
2025-02-14,ENPH,-0.020197422427401916
2025-02-14,EPAM,-0.020197422427401916
2025-02-14,EQT,0.020197422427401916
2025-02-14,EVRG,0.020197422427401916
2025-02-14,EXPD,-0.020197422427401916
2025-02-14,F,-0.020197422427401916
2025-02-14,FFIV,0.020197422427401916
2025-02-14,FI,0.020197422427401916
2025-02-14,FICO,0.020197422427401916
2025-02-14,FOX,0.020197422427401916
2025-02-14,FOXA,0.020197422427401916
2025-02-14,GLW,0.020197422427401916
2025-02-14,GOOG,0.020197422427401916
2025-02-14,GOOGL,0.020197422427401916
2025-02-14,GPC,-0.020197422427401916
2025-02-14,GPN,-0.020197422427401916
2025-02-14,GRMN,0.020197422427401916
2025-02-14,GS,0.020197422427401916
2025-02-14,HAL,-0.020197422427401916
2025-02-14,HII,-0.020197422427401916
2025-02-14,HLT,0.020197422427401916
2025-02-14,HPE,0.020197422427401916
2025-02-14,HST,-0.020197422427401916
2025-02-14,HSY,-0.020197422427401916
2025-02-14,HUM,-0.020197422427401916
2025-02-14,HWM,0.020197422427401916
2025-02-14,IDXX,-0.020197422427401916
2025-02-14,INTC,-0.020197422427401916
2025-02-14,IP,0.020197422427401916
2025-02-14,IPG,-0.020197422427401916
2025-02-14,IQV,-0.020197422427401916
2025-02-14,IRM,0.020197422427401916
2025-02-14,ISRG,0.020197422427401916
2025-02-14,JBHT,-0.020197422427401916
2025-02-14,JCI,0.020197422427401916
2025-02-14,JPM,0.020197422427401916
2025-02-14,K,0.020197422427401916
2025-02-14,KHC,-0.020197422427401916
2025-02-14,KMI,0.020197422427401916
2025-02-14,LKQ,-0.020197422427401916
2025-02-14,LNT,0.020197422427401916
2025-02-14,LRCX,-0.020197422427401916
2025-02-14,LULU,-0.020197422427401916
2025-02-14,LVS,-0.020197422427401916
2025-02-14,LW,-0.020197422427401916
2025-02-14,LYB,-0.020197422427401916
2025-02-14,LYV,0.020197422427401916
2025-02-14,MCHP,-0.020197422427401916
2025-02-14,MCO,0.020197422427401916
2025-02-14,MDLZ,-0.020197422427401916
2025-02-14,MGM,-0.020197422427401916
2025-02-14,MMM,0.020197422427401916
2025-02-14,MNST,-0.020197422427401916
2025-02-14,MO,0.020197422427401916
2025-02-14,MOH,-0.020197422427401916
2025-02-14,MRK,-0.020197422427401916
2025-02-14,MRNA,-0.020197422427401916
2025-02-14,MS,0.020197422427401916
2025-02-14,MSI,0.020197422427401916
2025-02-14,MTB,0.020197422427401916
2025-02-14,NCLH,0.020197422427401916
2025-02-14,NDAQ,0.020197422427401916
2025-02-14,NDSN,-0.020197422427401916
2025-02-14,NFLX,0.020197422427401916
2025-02-14,NI,0.020197422427401916
2025-02-14,NKE,-0.020197422427401916
2025-02-14,NRG,0.020197422427401916
2025-02-14,NTRS,0.020197422427401916
2025-02-14,NUE,-0.020197422427401916
2025-02-14,NVDA,-0.020197422427401916
2025-02-14,ODFL,-0.020197422427401916
2025-02-14,OKE,0.020197422427401916
2025-02-14,ON,-0.020197422427401916
2025-02-14,ORCL,0.020197422427401916
2025-02-14,OXY,-0.020197422427401916
2025-02-14,PANW,-0.020197422427401916
2025-02-14,PARA,-0.020197422427401916
2025-02-14,PEG,0.020197422427401916
2025-02-14,PEP,-0.020197422427401916
2025-02-14,PGR,0.020197422427401916
2025-02-14,PKG,0.020197422427401916
2025-02-14,PLD,-0.020197422427401916
2025-02-14,PM,0.020197422427401916
2025-02-14,PNC,0.020197422427401916
2025-02-14,PNR,0.020197422427401916
2025-02-14,PNW,0.020197422427401916
2025-02-14,PPG,-0.020197422427401916
2025-02-14,PPL,0.020197422427401916
2025-02-14,PSX,-0.020197422427401916
2025-02-14,PWR,0.020197422427401916
2025-02-14,PYPL,0.020197422427401916
2025-02-14,RCL,0.020197422427401916
2025-02-14,REGN,-0.020197422427401916
2025-02-14,RJF,0.020197422427401916
2025-02-14,RTX,0.020197422427401916
2025-02-14,SJM,-0.020197422427401916
2025-02-14,SLB,-0.020197422427401916
2025-02-14,SO,0.020197422427401916
2025-02-14,STE,-0.020197422427401916
2025-02-14,STT,0.020197422427401916
2025-02-14,STZ,-0.020197422427401916
2025-02-14,SYF,0.020197422427401916
2025-02-14,T,0.020197422427401916
2025-02-14,TAP,-0.020197422427401916
2025-02-14,TFX,-0.020197422427401916
2025-02-14,TJX,0.020197422427401916
2025-02-14,TMUS,0.020197422427401916
2025-02-14,TPR,0.020197422427401916
2025-02-14,TRGP,0.020197422427401916
2025-02-14,TSCO,-0.020197422427401916
2025-02-14,TSLA,0.020197422427401916
2025-02-14,TT,0.020197422427401916
2025-02-14,TYL,0.020197422427401916
2025-02-14,UAL,0.020197422427401916
2025-02-14,ULTA,-0.020197422427401916
2025-02-14,VTR,0.020197422427401916
2025-02-14,WAB,0.020197422427401916
2025-02-14,WBA,-0.020197422427401916
2025-02-14,WEC,0.020197422427401916
2025-02-14,WELL,0.020197422427401916
2025-02-14,WFC,0.020197422427401916
2025-02-14,WMB,0.020197422427401916
2025-02-14,WMT,-0.020197422427401916
2025-02-14,WRB,-0.020197422427401916
2025-02-14,WYNN,-0.020197422427401916
2025-02-14,ZBH,-0.020197422427401916
2025-02-14,ZBRA,0.020197422427401916
2025-02-14,ZTS,-0.020197422427401916
2025-02-21,ABNB,-0.018619988869898508
2025-02-21,ADBE,-0.018619988869898508
2025-02-21,AEE,0.018619988869898508
2025-02-21,AES,-0.018619988869898508
2025-02-21,AFL,0.018619988869898508
2025-02-21,ALB,-0.018619988869898508
2025-02-21,ALGN,-0.018619988869898508
2025-02-21,AMD,-0.018619988869898508
2025-02-21,AMP,0.018619988869898508
2025-02-21,ANET,-0.018619988869898508
2025-02-21,AOS,-0.018619988869898508
2025-02-21,APA,-0.018619988869898508
2025-02-21,APH,-0.018619988869898508
2025-02-21,APTV,-0.018619988869898508
2025-02-21,ARE,-0.018619988869898508
2025-02-21,ATO,0.018619988869898508
2025-02-21,AVGO,-0.018619988869898508
2025-02-21,AVY,-0.018619988869898508
2025-02-21,AXON,0.018619988869898508
2025-02-21,AXP,0.018619988869898508
2025-02-21,BAC,0.018619988869898508
2025-02-21,BALL,-0.018619988869898508
2025-02-21,BAX,-0.018619988869898508
2025-02-21,BEN,-0.018619988869898508
2025-02-21,BFB,-0.018619988869898508
2025-02-21,BG,-0.018619988869898508
2025-02-21,BIIB,-0.018619988869898508
2025-02-21,BK,0.018619988869898508
2025-02-21,BKR,0.018619988869898508
2025-02-21,BLK,0.018619988869898508
2025-02-21,BRO,0.018619988869898508
2025-02-21,BSX,0.018619988869898508
2025-02-21,BX,0.018619988869898508
2025-02-21,C,0.018619988869898508
2025-02-21,CAG,-0.018619988869898508
2025-02-21,CBRE,0.018619988869898508
2025-02-21,CCI,-0.018619988869898508
2025-02-21,CCL,0.018619988869898508
2025-02-21,CDW,-0.018619988869898508
2025-02-21,CE,-0.018619988869898508
2025-02-21,CEG,0.018619988869898508
2025-02-21,CFG,0.018619988869898508
2025-02-21,CHRW,0.018619988869898508
2025-02-21,CI,-0.018619988869898508
2025-02-21,CMCSA,-0.018619988869898508
2025-02-21,CMG,-0.018619988869898508
2025-02-21,CMI,0.018619988869898508
2025-02-21,CNC,-0.018619988869898508
2025-02-21,COF,0.018619988869898508
2025-02-21,COST,0.018619988869898508
2025-02-21,CRL,-0.018619988869898508
2025-02-21,CSCO,0.018619988869898508
2025-02-21,CSX,-0.018619988869898508
2025-02-21,CTAS,-0.018619988869898508
2025-02-21,CVS,-0.018619988869898508
2025-02-21,CZR,-0.018619988869898508
2025-02-21,DAL,0.018619988869898508
2025-02-21,DFS,0.018619988869898508
2025-02-21,DG,-0.018619988869898508
2025-02-21,DGX,0.018619988869898508
2025-02-21,DLR,0.018619988869898508
2025-02-21,DLTR,-0.018619988869898508
2025-02-21,DOW,-0.018619988869898508
2025-02-21,DVN,-0.018619988869898508
2025-02-21,DXCM,-0.018619988869898508
2025-02-21,EA,-0.018619988869898508
2025-02-21,EBAY,0.018619988869898508
2025-02-21,EIX,-0.018619988869898508
2025-02-21,EL,-0.018619988869898508
2025-02-21,ELV,-0.018619988869898508
2025-02-21,ENPH,-0.018619988869898508
2025-02-21,EQT,0.018619988869898508
2025-02-21,EVRG,0.018619988869898508
2025-02-21,EW,-0.018619988869898508
2025-02-21,FFIV,0.018619988869898508
2025-02-21,FI,0.018619988869898508
2025-02-21,FICO,0.018619988869898508
2025-02-21,FITB,0.018619988869898508
2025-02-21,FOX,0.018619988869898508
2025-02-21,FOXA,0.018619988869898508
2025-02-21,FTNT,0.018619988869898508
2025-02-21,GIS,-0.018619988869898508
2025-02-21,GLW,0.018619988869898508
2025-02-21,GOOG,0.018619988869898508
2025-02-21,GOOGL,0.018619988869898508
2025-02-21,GPC,-0.018619988869898508
2025-02-21,GPN,-0.018619988869898508
2025-02-21,GRMN,0.018619988869898508
2025-02-21,GS,0.018619988869898508
2025-02-21,HAL,-0.018619988869898508
2025-02-21,HII,-0.018619988869898508
2025-02-21,HLT,0.018619988869898508
2025-02-21,HPE,0.018619988869898508
2025-02-21,HST,-0.018619988869898508
2025-02-21,HSY,-0.018619988869898508
2025-02-21,HUM,-0.018619988869898508
2025-02-21,HWM,0.018619988869898508
2025-02-21,IDXX,-0.018619988869898508
2025-02-21,INTC,-0.018619988869898508
2025-02-21,IP,0.018619988869898508
2025-02-21,IPG,-0.018619988869898508
2025-02-21,IQV,-0.018619988869898508
2025-02-21,IRM,0.018619988869898508
2025-02-21,ISRG,0.018619988869898508
2025-02-21,JBHT,-0.018619988869898508
2025-02-21,JCI,0.018619988869898508
2025-02-21,JNJ,-0.018619988869898508
2025-02-21,JPM,0.018619988869898508
2025-02-21,K,0.018619988869898508
2025-02-21,KHC,-0.018619988869898508
2025-02-21,KMI,0.018619988869898508
2025-02-21,LKQ,-0.018619988869898508
2025-02-21,LRCX,-0.018619988869898508
2025-02-21,LVS,-0.018619988869898508
2025-02-21,LW,-0.018619988869898508
2025-02-21,LYB,-0.018619988869898508
2025-02-21,LYV,0.018619988869898508
2025-02-21,MCHP,-0.018619988869898508
2025-02-21,MCO,0.018619988869898508
2025-02-21,MDLZ,-0.018619988869898508
2025-02-21,MGM,-0.018619988869898508
2025-02-21,MMM,0.018619988869898508
2025-02-21,MNST,-0.018619988869898508
2025-02-21,MOH,-0.018619988869898508
2025-02-21,MRK,-0.018619988869898508
2025-02-21,MRNA,-0.018619988869898508
2025-02-21,MS,0.018619988869898508
2025-02-21,MSI,0.018619988869898508
2025-02-21,MTB,0.018619988869898508
2025-02-21,NDAQ,0.018619988869898508
2025-02-21,NDSN,-0.018619988869898508
2025-02-21,NFLX,0.018619988869898508
2025-02-21,NI,0.018619988869898508
2025-02-21,NKE,-0.018619988869898508
2025-02-21,NOW,0.018619988869898508
2025-02-21,NRG,0.018619988869898508
2025-02-21,NTAP,0.018619988869898508
2025-02-21,NTRS,0.018619988869898508
2025-02-21,NUE,-0.018619988869898508
2025-02-21,NVDA,-0.018619988869898508
2025-02-21,ODFL,-0.018619988869898508
2025-02-21,OKE,0.018619988869898508
2025-02-21,ON,-0.018619988869898508
2025-02-21,ORCL,0.018619988869898508
2025-02-21,OXY,-0.018619988869898508
2025-02-21,PEG,0.018619988869898508
2025-02-21,PEP,-0.018619988869898508
2025-02-21,PH,0.018619988869898508
2025-02-21,PKG,0.018619988869898508
2025-02-21,PM,0.018619988869898508
2025-02-21,PNC,0.018619988869898508
2025-02-21,PNR,0.018619988869898508
2025-02-21,PPG,-0.018619988869898508
2025-02-21,PPL,0.018619988869898508
2025-02-21,PSX,-0.018619988869898508
2025-02-21,PWR,0.018619988869898508
2025-02-21,PYPL,0.018619988869898508
2025-02-21,RCL,0.018619988869898508
2025-02-21,REGN,-0.018619988869898508
2025-02-21,RJF,0.018619988869898508
2025-02-21,RTX,0.018619988869898508
2025-02-21,SJM,-0.018619988869898508
2025-02-21,SLB,-0.018619988869898508
2025-02-21,STT,0.018619988869898508
2025-02-21,STZ,-0.018619988869898508
2025-02-21,SYF,0.018619988869898508
2025-02-21,T,0.018619988869898508
2025-02-21,TAP,-0.018619988869898508
2025-02-21,TFX,-0.018619988869898508
2025-02-21,TJX,0.018619988869898508
2025-02-21,TMUS,0.018619988869898508
2025-02-21,TPR,0.018619988869898508
2025-02-21,TRGP,0.018619988869898508
2025-02-21,TSCO,-0.018619988869898508
2025-02-21,TSLA,0.018619988869898508
2025-02-21,TT,0.018619988869898508
2025-02-21,TYL,0.018619988869898508
2025-02-21,UAL,0.018619988869898508
2025-02-21,ULTA,-0.018619988869898508
2025-02-21,VTR,0.018619988869898508
2025-02-21,VTRS,-0.018619988869898508
2025-02-21,WAB,0.018619988869898508
2025-02-21,WBA,-0.018619988869898508
2025-02-21,WEC,0.018619988869898508
2025-02-21,WELL,0.018619988869898508
2025-02-21,WFC,0.018619988869898508
2025-02-21,WMB,0.018619988869898508
2025-02-21,WMT,-0.018619988869898508
2025-02-21,WRB,-0.018619988869898508
2025-02-21,WY,-0.018619988869898508
2025-02-21,WYNN,-0.018619988869898508
2025-02-21,ZBH,-0.018619988869898508
2025-02-21,ZBRA,0.018619988869898508
2025-02-21,ZTS,-0.018619988869898508
2025-02-28,AAPL,0.018623632708113323
2025-02-28,ABNB,-0.018623632708113323
2025-02-28,ADBE,-0.018623632708113323
2025-02-28,ADP,0.018623632708113323
2025-02-28,AEE,0.018623632708113323
2025-02-28,AES,-0.018623632708113323
2025-02-28,AFL,0.018623632708113323
2025-02-28,ALB,-0.018623632708113323
2025-02-28,ALGN,-0.018623632708113323
2025-02-28,AMD,-0.018623632708113323
2025-02-28,AMP,0.018623632708113323
2025-02-28,ANET,-0.018623632708113323
2025-02-28,AOS,-0.018623632708113323
2025-02-28,APA,-0.018623632708113323
2025-02-28,APD,0.018623632708113323
2025-02-28,APH,-0.018623632708113323
2025-02-28,APTV,-0.018623632708113323
2025-02-28,ARE,-0.018623632708113323
2025-02-28,ATO,0.018623632708113323
2025-02-28,AVGO,-0.018623632708113323
2025-02-28,AVY,-0.018623632708113323
2025-02-28,AXON,0.018623632708113323
2025-02-28,AXP,0.018623632708113323
2025-02-28,BAC,0.018623632708113323
2025-02-28,BALL,-0.018623632708113323
2025-02-28,BAX,-0.018623632708113323
2025-02-28,BEN,-0.018623632708113323
2025-02-28,BFB,-0.018623632708113323
2025-02-28,BG,-0.018623632708113323
2025-02-28,BIIB,-0.018623632708113323
2025-02-28,BK,0.018623632708113323
2025-02-28,BKR,0.018623632708113323
2025-02-28,BLK,0.018623632708113323
2025-02-28,BRO,0.018623632708113323
2025-02-28,BSX,0.018623632708113323
2025-02-28,C,0.018623632708113323
2025-02-28,CBRE,0.018623632708113323
2025-02-28,CCI,-0.018623632708113323
2025-02-28,CCL,0.018623632708113323
2025-02-28,CDW,-0.018623632708113323
2025-02-28,CE,-0.018623632708113323
2025-02-28,CFG,0.018623632708113323
2025-02-28,CI,-0.018623632708113323
2025-02-28,CMCSA,-0.018623632708113323
2025-02-28,CMG,-0.018623632708113323
2025-02-28,CMI,0.018623632708113323
2025-02-28,CNC,-0.018623632708113323
2025-02-28,COF,0.018623632708113323
2025-02-28,COST,0.018623632708113323
2025-02-28,CRL,-0.018623632708113323
2025-02-28,CSCO,0.018623632708113323
2025-02-28,CSX,-0.018623632708113323
2025-02-28,CTAS,-0.018623632708113323
2025-02-28,CVS,-0.018623632708113323
2025-02-28,DAL,0.018623632708113323
2025-02-28,DFS,0.018623632708113323
2025-02-28,DG,-0.018623632708113323
2025-02-28,DGX,0.018623632708113323
2025-02-28,DHR,-0.018623632708113323
2025-02-28,DLTR,-0.018623632708113323
2025-02-28,DOW,-0.018623632708113323
2025-02-28,DUK,0.018623632708113323
2025-02-28,DVN,-0.018623632708113323
2025-02-28,DXCM,-0.018623632708113323
2025-02-28,EA,-0.018623632708113323
2025-02-28,EBAY,0.018623632708113323
2025-02-28,EIX,-0.018623632708113323
2025-02-28,EL,-0.018623632708113323
2025-02-28,ELV,-0.018623632708113323
2025-02-28,ENPH,-0.018623632708113323
2025-02-28,EVRG,0.018623632708113323
2025-02-28,F,-0.018623632708113323
2025-02-28,FFIV,0.018623632708113323
2025-02-28,FI,0.018623632708113323
2025-02-28,FICO,0.018623632708113323
2025-02-28,FOX,0.018623632708113323
2025-02-28,FOXA,0.018623632708113323
2025-02-28,GILD,0.018623632708113323
2025-02-28,GLW,0.018623632708113323
2025-02-28,GOOG,0.018623632708113323
2025-02-28,GOOGL,0.018623632708113323
2025-02-28,GPC,-0.018623632708113323
2025-02-28,GPN,-0.018623632708113323
2025-02-28,GRMN,0.018623632708113323
2025-02-28,GS,0.018623632708113323
2025-02-28,HAL,-0.018623632708113323
2025-02-28,HII,-0.018623632708113323
2025-02-28,HLT,0.018623632708113323
2025-02-28,HRL,-0.018623632708113323
2025-02-28,HST,-0.018623632708113323
2025-02-28,HSY,-0.018623632708113323
2025-02-28,HWM,0.018623632708113323
2025-02-28,IBM,0.018623632708113323
2025-02-28,IDXX,-0.018623632708113323
2025-02-28,INTC,-0.018623632708113323
2025-02-28,IP,0.018623632708113323
2025-02-28,IPG,-0.018623632708113323
2025-02-28,IQV,-0.018623632708113323
2025-02-28,ISRG,0.018623632708113323
2025-02-28,JBHT,-0.018623632708113323
2025-02-28,JCI,0.018623632708113323
2025-02-28,JPM,0.018623632708113323
2025-02-28,K,0.018623632708113323
2025-02-28,KHC,-0.018623632708113323
2025-02-28,KMI,0.018623632708113323
2025-02-28,LEN,-0.018623632708113323
2025-02-28,LKQ,-0.018623632708113323
2025-02-28,LRCX,-0.018623632708113323
2025-02-28,LW,-0.018623632708113323
2025-02-28,LYB,-0.018623632708113323
2025-02-28,LYV,0.018623632708113323
2025-02-28,MCHP,-0.018623632708113323
2025-02-28,MCO,0.018623632708113323
2025-02-28,MDLZ,-0.018623632708113323
2025-02-28,MGM,-0.018623632708113323
2025-02-28,MMM,0.018623632708113323
2025-02-28,MNST,-0.018623632708113323
2025-02-28,MOH,-0.018623632708113323
2025-02-28,MRK,-0.018623632708113323
2025-02-28,MRNA,-0.018623632708113323
2025-02-28,MS,0.018623632708113323
2025-02-28,MSI,0.018623632708113323
2025-02-28,MTB,0.018623632708113323
2025-02-28,NDAQ,0.018623632708113323
2025-02-28,NDSN,-0.018623632708113323
2025-02-28,NFLX,0.018623632708113323
2025-02-28,NI,0.018623632708113323
2025-02-28,NKE,-0.018623632708113323
2025-02-28,NRG,0.018623632708113323
2025-02-28,NTRS,0.018623632708113323
2025-02-28,NUE,-0.018623632708113323
2025-02-28,NVDA,-0.018623632708113323
2025-02-28,NXPI,-0.018623632708113323
2025-02-28,ODFL,-0.018623632708113323
2025-02-28,OKE,0.018623632708113323
2025-02-28,ON,-0.018623632708113323
2025-02-28,ORCL,0.018623632708113323
2025-02-28,OXY,-0.018623632708113323
2025-02-28,PANW,-0.018623632708113323
2025-02-28,PEG,0.018623632708113323
2025-02-28,PEP,-0.018623632708113323
2025-02-28,PGR,0.018623632708113323
2025-02-28,PH,0.018623632708113323
2025-02-28,PM,0.018623632708113323
2025-02-28,PNC,0.018623632708113323
2025-02-28,PNR,0.018623632708113323
2025-02-28,PNW,0.018623632708113323
2025-02-28,PODD,0.018623632708113323
2025-02-28,POOL,-0.018623632708113323
2025-02-28,PPG,-0.018623632708113323
2025-02-28,PPL,0.018623632708113323
2025-02-28,PSX,-0.018623632708113323
2025-02-28,PYPL,0.018623632708113323
2025-02-28,RCL,0.018623632708113323
2025-02-28,REGN,-0.018623632708113323
2025-02-28,RJF,0.018623632708113323
2025-02-28,RMD,0.018623632708113323
2025-02-28,RTX,0.018623632708113323
2025-02-28,SLB,-0.018623632708113323
2025-02-28,SO,0.018623632708113323
2025-02-28,SPGI,0.018623632708113323
2025-02-28,STT,0.018623632708113323
2025-02-28,STZ,-0.018623632708113323
2025-02-28,SWKS,-0.018623632708113323
2025-02-28,SYF,0.018623632708113323
2025-02-28,SYY,-0.018623632708113323
2025-02-28,T,0.018623632708113323
2025-02-28,TAP,-0.018623632708113323
2025-02-28,TFC,0.018623632708113323
2025-02-28,TFX,-0.018623632708113323
2025-02-28,TJX,0.018623632708113323
2025-02-28,TMUS,0.018623632708113323
2025-02-28,TPR,0.018623632708113323
2025-02-28,TRGP,0.018623632708113323
2025-02-28,TSCO,-0.018623632708113323
2025-02-28,TSLA,0.018623632708113323
2025-02-28,TXT,-0.018623632708113323
2025-02-28,TYL,0.018623632708113323
2025-02-28,UAL,0.018623632708113323
2025-02-28,ULTA,-0.018623632708113323
2025-02-28,UPS,-0.018623632708113323
2025-02-28,VTR,0.018623632708113323
2025-02-28,WAB,0.018623632708113323
2025-02-28,WBA,-0.018623632708113323
2025-02-28,WEC,0.018623632708113323
2025-02-28,WELL,0.018623632708113323
2025-02-28,WFC,0.018623632708113323
2025-02-28,WMB,0.018623632708113323
2025-02-28,WMT,0.018623632708113323
2025-02-28,WRB,-0.018623632708113323
2025-02-28,WYNN,-0.018623632708113323
2025-02-28,ZBH,-0.018623632708113323
2025-02-28,ZBRA,0.018623632708113323
2025-02-28,ZTS,-0.018623632708113323
2025-03-07,AAPL,0.01542574733574631
2025-03-07,ABNB,-0.01542574733574631
2025-03-07,ADBE,-0.01542574733574631
2025-03-07,ADM,-0.01542574733574631
2025-03-07,ADP,0.01542574733574631
2025-03-07,AEE,0.01542574733574631
2025-03-07,AES,-0.01542574733574631
2025-03-07,AFL,0.01542574733574631
2025-03-07,AJG,0.01542574733574631
2025-03-07,ALB,-0.01542574733574631
2025-03-07,ALGN,-0.01542574733574631
2025-03-07,AMD,-0.01542574733574631
2025-03-07,AMP,0.01542574733574631
2025-03-07,ANET,-0.01542574733574631
2025-03-07,AOS,-0.01542574733574631
2025-03-07,APA,-0.01542574733574631
2025-03-07,APH,-0.01542574733574631
2025-03-07,APTV,-0.01542574733574631
2025-03-07,ARE,-0.01542574733574631
2025-03-07,ATO,0.01542574733574631
2025-03-07,AVGO,-0.01542574733574631
2025-03-07,AVY,-0.01542574733574631
2025-03-07,AXON,0.01542574733574631
2025-03-07,AXP,0.01542574733574631
2025-03-07,BAC,0.01542574733574631
2025-03-07,BALL,-0.01542574733574631
2025-03-07,BAX,-0.01542574733574631
2025-03-07,BEN,-0.01542574733574631
2025-03-07,BFB,-0.01542574733574631
2025-03-07,BG,-0.01542574733574631
2025-03-07,BIIB,-0.01542574733574631
2025-03-07,BK,0.01542574733574631
2025-03-07,BKNG,0.01542574733574631
2025-03-07,BKR,0.01542574733574631
2025-03-07,BRKB,0.01542574733574631
2025-03-07,BRO,0.01542574733574631
2025-03-07,BSX,0.01542574733574631
2025-03-07,BX,0.01542574733574631
2025-03-07,C,0.01542574733574631
2025-03-07,CBRE,0.01542574733574631
2025-03-07,CCI,-0.01542574733574631
2025-03-07,CCL,0.01542574733574631
2025-03-07,CDW,-0.01542574733574631
2025-03-07,CE,-0.01542574733574631
2025-03-07,CFG,0.01542574733574631
2025-03-07,CI,-0.01542574733574631
2025-03-07,CMCSA,-0.01542574733574631
2025-03-07,CMG,-0.01542574733574631
2025-03-07,CMI,0.01542574733574631
2025-03-07,CNC,-0.01542574733574631
2025-03-07,COF,0.01542574733574631
2025-03-07,COST,0.01542574733574631
2025-03-07,CRL,-0.01542574733574631
2025-03-07,CSCO,0.01542574733574631
2025-03-07,CSX,-0.01542574733574631
2025-03-07,CTAS,-0.01542574733574631
2025-03-07,CVS,-0.01542574733574631
2025-03-07,DAL,0.01542574733574631
2025-03-07,DFS,0.01542574733574631
2025-03-07,DG,-0.01542574733574631
2025-03-07,DGX,0.01542574733574631
2025-03-07,DHR,-0.01542574733574631
2025-03-07,DLTR,-0.01542574733574631
2025-03-07,DOW,-0.01542574733574631
2025-03-07,DUK,0.01542574733574631
2025-03-07,DVN,-0.01542574733574631
2025-03-07,DXCM,-0.01542574733574631
2025-03-07,EIX,-0.01542574733574631
2025-03-07,EL,-0.01542574733574631
2025-03-07,ELV,-0.01542574733574631
2025-03-07,ENPH,-0.01542574733574631
2025-03-07,EVRG,0.01542574733574631
2025-03-07,EW,-0.01542574733574631
2025-03-07,F,-0.01542574733574631
2025-03-07,FFIV,0.01542574733574631
2025-03-07,FI,0.01542574733574631
2025-03-07,FICO,0.01542574733574631
2025-03-07,FMC,-0.01542574733574631
2025-03-07,FOX,0.01542574733574631
2025-03-07,FOXA,0.01542574733574631
2025-03-07,GILD,0.01542574733574631
2025-03-07,GLW,0.01542574733574631
2025-03-07,GOOG,0.01542574733574631
2025-03-07,GOOGL,0.01542574733574631
2025-03-07,GPC,-0.01542574733574631
2025-03-07,GRMN,0.01542574733574631
2025-03-07,GS,0.01542574733574631
2025-03-07,HAL,-0.01542574733574631
2025-03-07,HII,-0.01542574733574631
2025-03-07,HLT,0.01542574733574631
2025-03-07,HOLX,-0.01542574733574631
2025-03-07,HST,-0.01542574733574631
2025-03-07,HSY,-0.01542574733574631
2025-03-07,HWM,0.01542574733574631
2025-03-07,IDXX,-0.01542574733574631
2025-03-07,IEX,-0.01542574733574631
2025-03-07,INTC,-0.01542574733574631
2025-03-07,IP,0.01542574733574631
2025-03-07,IPG,-0.01542574733574631
2025-03-07,IQV,-0.01542574733574631
2025-03-07,ISRG,0.01542574733574631
2025-03-07,JBHT,-0.01542574733574631
2025-03-07,JCI,0.01542574733574631
2025-03-07,JPM,0.01542574733574631
2025-03-07,K,0.01542574733574631
2025-03-07,KHC,-0.01542574733574631
2025-03-07,KMI,0.01542574733574631
2025-03-07,LEN,-0.01542574733574631
2025-03-07,LKQ,-0.01542574733574631
2025-03-07,LRCX,-0.01542574733574631
2025-03-07,LW,-0.01542574733574631
2025-03-07,LYB,-0.01542574733574631
2025-03-07,LYV,0.01542574733574631
2025-03-07,MCHP,-0.01542574733574631
2025-03-07,MCO,0.01542574733574631
2025-03-07,MDLZ,-0.01542574733574631
2025-03-07,META,0.01542574733574631
2025-03-07,MGM,-0.01542574733574631
2025-03-07,MMM,0.01542574733574631
2025-03-07,MNST,-0.01542574733574631
2025-03-07,MO,0.01542574733574631
2025-03-07,MOH,-0.01542574733574631
2025-03-07,MRK,-0.01542574733574631
2025-03-07,MRNA,-0.01542574733574631
2025-03-07,MS,0.01542574733574631
2025-03-07,MSI,0.01542574733574631
2025-03-07,MTB,0.01542574733574631
2025-03-07,NDAQ,0.01542574733574631
2025-03-07,NDSN,-0.01542574733574631
2025-03-07,NFLX,0.01542574733574631
2025-03-07,NI,0.01542574733574631
2025-03-07,NKE,-0.01542574733574631
2025-03-07,NRG,0.01542574733574631
2025-03-07,NTRS,0.01542574733574631
2025-03-07,NUE,-0.01542574733574631
2025-03-07,NVDA,-0.01542574733574631
2025-03-07,NXPI,-0.01542574733574631
2025-03-07,ODFL,-0.01542574733574631
2025-03-07,ON,-0.01542574733574631
2025-03-07,ORCL,0.01542574733574631
2025-03-07,OXY,-0.01542574733574631
2025-03-07,PEG,0.01542574733574631
2025-03-07,PEP,-0.01542574733574631
2025-03-07,PGR,0.01542574733574631
2025-03-07,PH,0.01542574733574631
2025-03-07,PM,0.01542574733574631
2025-03-07,PNC,0.01542574733574631
2025-03-07,PNW,0.01542574733574631
2025-03-07,PODD,0.01542574733574631
2025-03-07,POOL,-0.01542574733574631
2025-03-07,PPG,-0.01542574733574631
2025-03-07,PPL,0.01542574733574631
2025-03-07,PSX,-0.01542574733574631
2025-03-07,RCL,0.01542574733574631
2025-03-07,REGN,-0.01542574733574631
2025-03-07,RJF,0.01542574733574631
2025-03-07,RL,0.01542574733574631
2025-03-07,RTX,0.01542574733574631
2025-03-07,SLB,-0.01542574733574631
2025-03-07,SPGI,0.01542574733574631
2025-03-07,STT,0.01542574733574631
2025-03-07,STZ,-0.01542574733574631
2025-03-07,SWKS,-0.01542574733574631
2025-03-07,SYF,0.01542574733574631
2025-03-07,T,0.01542574733574631
2025-03-07,TAP,-0.01542574733574631
2025-03-07,TFX,-0.01542574733574631
2025-03-07,TGT,-0.01542574733574631
2025-03-07,TJX,0.01542574733574631
2025-03-07,TMUS,0.01542574733574631
2025-03-07,TPR,0.01542574733574631
2025-03-07,TRGP,0.01542574733574631
2025-03-07,TSCO,-0.01542574733574631
2025-03-07,TSLA,0.01542574733574631
2025-03-07,TXT,-0.01542574733574631
2025-03-07,TYL,0.01542574733574631
2025-03-07,UAL,0.01542574733574631
2025-03-07,ULTA,-0.01542574733574631
2025-03-07,UPS,-0.01542574733574631
2025-03-07,V,0.01542574733574631
2025-03-07,VRSK,0.01542574733574631
2025-03-07,VTR,0.01542574733574631
2025-03-07,WAB,0.01542574733574631
2025-03-07,WBA,-0.01542574733574631
2025-03-07,WEC,0.01542574733574631
2025-03-07,WELL,0.01542574733574631
2025-03-07,WFC,0.01542574733574631
2025-03-07,WMB,0.01542574733574631
2025-03-07,WMT,0.01542574733574631
2025-03-07,WRB,-0.01542574733574631
2025-03-07,WTW,0.01542574733574631
2025-03-07,WYNN,-0.01542574733574631
2025-03-07,XEL,0.01542574733574631
2025-03-07,ZBH,-0.01542574733574631
2025-03-14,AAPL,0.016212074069145405
2025-03-14,ADM,-0.016212074069145405
2025-03-14,ADP,0.016212074069145405
2025-03-14,AEE,0.016212074069145405
2025-03-14,AES,-0.016212074069145405
2025-03-14,AJG,0.016212074069145405
2025-03-14,ALB,-0.016212074069145405
2025-03-14,ALGN,-0.016212074069145405
2025-03-14,AMD,-0.016212074069145405
2025-03-14,AMP,0.016212074069145405
2025-03-14,ANET,-0.016212074069145405
2025-03-14,AOS,-0.016212074069145405
2025-03-14,APA,-0.016212074069145405
2025-03-14,APH,-0.016212074069145405
2025-03-14,ARE,-0.016212074069145405
2025-03-14,ATO,0.016212074069145405
2025-03-14,AVGO,-0.016212074069145405
2025-03-14,AVY,-0.016212074069145405
2025-03-14,AXON,0.016212074069145405
2025-03-14,AXP,0.016212074069145405
2025-03-14,BAC,0.016212074069145405
2025-03-14,BALL,-0.016212074069145405
2025-03-14,BAX,-0.016212074069145405
2025-03-14,BEN,-0.016212074069145405
2025-03-14,BFB,-0.016212074069145405
2025-03-14,BG,-0.016212074069145405
2025-03-14,BIIB,-0.016212074069145405
2025-03-14,BK,0.016212074069145405
2025-03-14,BKNG,0.016212074069145405
2025-03-14,BKR,0.016212074069145405
2025-03-14,BR,0.016212074069145405
2025-03-14,BRO,0.016212074069145405
2025-03-14,BSX,0.016212074069145405
2025-03-14,C,0.016212074069145405
2025-03-14,CBRE,0.016212074069145405
2025-03-14,CCI,-0.016212074069145405
2025-03-14,CCL,0.016212074069145405
2025-03-14,CDW,-0.016212074069145405
2025-03-14,CE,-0.016212074069145405
2025-03-14,CEG,0.016212074069145405
2025-03-14,CFG,0.016212074069145405
2025-03-14,CI,-0.016212074069145405
2025-03-14,CMCSA,-0.016212074069145405
2025-03-14,CMG,-0.016212074069145405
2025-03-14,CMI,0.016212074069145405
2025-03-14,CNC,-0.016212074069145405
2025-03-14,COF,0.016212074069145405
2025-03-14,COP,-0.016212074069145405
2025-03-14,COST,0.016212074069145405
2025-03-14,CRL,-0.016212074069145405
2025-03-14,CSCO,0.016212074069145405
2025-03-14,CSX,-0.016212074069145405
2025-03-14,CTAS,-0.016212074069145405
2025-03-14,DAL,0.016212074069145405
2025-03-14,DFS,0.016212074069145405
2025-03-14,DG,-0.016212074069145405
2025-03-14,DGX,0.016212074069145405
2025-03-14,DHR,-0.016212074069145405
2025-03-14,DLTR,-0.016212074069145405
2025-03-14,DOW,-0.016212074069145405
2025-03-14,DVN,-0.016212074069145405
2025-03-14,DXCM,-0.016212074069145405
2025-03-14,EG,-0.016212074069145405
2025-03-14,EIX,-0.016212074069145405
2025-03-14,EL,-0.016212074069145405
2025-03-14,ELV,-0.016212074069145405
2025-03-14,ENPH,-0.016212074069145405
2025-03-14,EQT,0.016212074069145405
2025-03-14,EVRG,0.016212074069145405
2025-03-14,F,-0.016212074069145405
2025-03-14,FANG,-0.016212074069145405
2025-03-14,FFIV,0.016212074069145405
2025-03-14,FI,0.016212074069145405
2025-03-14,FICO,0.016212074069145405
2025-03-14,FMC,-0.016212074069145405
2025-03-14,FOX,0.016212074069145405
2025-03-14,FOXA,0.016212074069145405
2025-03-14,FTNT,0.016212074069145405
2025-03-14,GD,-0.016212074069145405
2025-03-14,GILD,0.016212074069145405
2025-03-14,GLW,0.016212074069145405
2025-03-14,GPN,-0.016212074069145405
2025-03-14,GS,0.016212074069145405
2025-03-14,HAL,-0.016212074069145405
2025-03-14,HII,-0.016212074069145405
2025-03-14,HLT,0.016212074069145405
2025-03-14,HOLX,-0.016212074069145405
2025-03-14,HRL,-0.016212074069145405
2025-03-14,HST,-0.016212074069145405
2025-03-14,HSY,-0.016212074069145405
2025-03-14,HUM,-0.016212074069145405
2025-03-14,HWM,0.016212074069145405
2025-03-14,IBM,0.016212074069145405
2025-03-14,ICE,0.016212074069145405
2025-03-14,IEX,-0.016212074069145405
2025-03-14,INTC,-0.016212074069145405
2025-03-14,IP,0.016212074069145405
2025-03-14,IPG,-0.016212074069145405
2025-03-14,IQV,-0.016212074069145405
2025-03-14,ISRG,0.016212074069145405
2025-03-14,J,-0.016212074069145405
2025-03-14,JBHT,-0.016212074069145405
2025-03-14,JCI,0.016212074069145405
2025-03-14,JPM,0.016212074069145405
2025-03-14,K,0.016212074069145405
2025-03-14,KHC,-0.016212074069145405
2025-03-14,KMI,0.016212074069145405
2025-03-14,LEN,-0.016212074069145405
2025-03-14,LKQ,-0.016212074069145405
2025-03-14,LNT,0.016212074069145405
2025-03-14,LRCX,-0.016212074069145405
2025-03-14,LW,-0.016212074069145405
2025-03-14,LYB,-0.016212074069145405
2025-03-14,LYV,0.016212074069145405
2025-03-14,MCHP,-0.016212074069145405
2025-03-14,MCO,0.016212074069145405
2025-03-14,MDLZ,-0.016212074069145405
2025-03-14,META,0.016212074069145405
2025-03-14,MNST,-0.016212074069145405
2025-03-14,MOH,-0.016212074069145405
2025-03-14,MPC,-0.016212074069145405
2025-03-14,MRK,-0.016212074069145405
2025-03-14,MRNA,-0.016212074069145405
2025-03-14,MS,0.016212074069145405
2025-03-14,MSI,0.016212074069145405
2025-03-14,MTB,0.016212074069145405
2025-03-14,NDAQ,0.016212074069145405
2025-03-14,NDSN,-0.016212074069145405
2025-03-14,NFLX,0.016212074069145405
2025-03-14,NI,0.016212074069145405
2025-03-14,NKE,-0.016212074069145405
2025-03-14,NRG,0.016212074069145405
2025-03-14,NTRS,0.016212074069145405
2025-03-14,NUE,-0.016212074069145405
2025-03-14,NVDA,-0.016212074069145405
2025-03-14,NWS,0.016212074069145405
2025-03-14,ODFL,-0.016212074069145405
2025-03-14,ON,-0.016212074069145405
2025-03-14,OXY,-0.016212074069145405
2025-03-14,PEG,0.016212074069145405
2025-03-14,PEP,-0.016212074069145405
2025-03-14,PGR,0.016212074069145405
2025-03-14,PH,0.016212074069145405
2025-03-14,PM,0.016212074069145405
2025-03-14,PNC,0.016212074069145405
2025-03-14,PNW,0.016212074069145405
2025-03-14,PODD,0.016212074069145405
2025-03-14,PPG,-0.016212074069145405
2025-03-14,PPL,0.016212074069145405
2025-03-14,PSX,-0.016212074069145405
2025-03-14,RCL,0.016212074069145405
2025-03-14,REG,0.016212074069145405
2025-03-14,REGN,-0.016212074069145405
2025-03-14,RJF,0.016212074069145405
2025-03-14,RL,0.016212074069145405
2025-03-14,RTX,0.016212074069145405
2025-03-14,SLB,-0.016212074069145405
2025-03-14,SO,0.016212074069145405
2025-03-14,SPG,0.016212074069145405
2025-03-14,SPGI,0.016212074069145405
2025-03-14,STT,0.016212074069145405
2025-03-14,STZ,-0.016212074069145405
2025-03-14,SWKS,-0.016212074069145405
2025-03-14,SYF,0.016212074069145405
2025-03-14,T,0.016212074069145405
2025-03-14,TFX,-0.016212074069145405
2025-03-14,TGT,-0.016212074069145405
2025-03-14,TJX,0.016212074069145405
2025-03-14,TMUS,0.016212074069145405
2025-03-14,TPR,0.016212074069145405
2025-03-14,TRGP,0.016212074069145405
2025-03-14,TSCO,-0.016212074069145405
2025-03-14,TSLA,0.016212074069145405
2025-03-14,TTWO,0.016212074069145405
2025-03-14,TXT,-0.016212074069145405
2025-03-14,TYL,0.016212074069145405
2025-03-14,UAL,0.016212074069145405
2025-03-14,ULTA,-0.016212074069145405
2025-03-14,UPS,-0.016212074069145405
2025-03-14,VLO,-0.016212074069145405
2025-03-14,VRSK,0.016212074069145405
2025-03-14,VTR,0.016212074069145405
2025-03-14,WAB,0.016212074069145405
2025-03-14,WBA,-0.016212074069145405
2025-03-14,WEC,0.016212074069145405
2025-03-14,WELL,0.016212074069145405
2025-03-14,WFC,0.016212074069145405
2025-03-14,WMB,0.016212074069145405
2025-03-14,WMT,0.016212074069145405
2025-03-14,WRB,-0.016212074069145405
2025-03-14,WST,-0.016212074069145405
2025-03-14,WYNN,-0.016212074069145405
2025-03-14,XEL,0.016212074069145405
2025-03-14,ZBH,-0.016212074069145405
2025-03-21,AAPL,0.01623087204672397
2025-03-21,ADM,-0.01623087204672397
2025-03-21,ADP,0.01623087204672397
2025-03-21,AEE,0.01623087204672397
2025-03-21,AEP,0.01623087204672397
2025-03-21,AES,-0.01623087204672397
2025-03-21,AJG,0.01623087204672397
2025-03-21,ALB,-0.01623087204672397
2025-03-21,ALGN,-0.01623087204672397
2025-03-21,AMD,-0.01623087204672397
2025-03-21,ANET,-0.01623087204672397
2025-03-21,AOS,-0.01623087204672397
2025-03-21,APA,-0.01623087204672397
2025-03-21,APD,0.01623087204672397
2025-03-21,APH,-0.01623087204672397
2025-03-21,ARE,-0.01623087204672397
2025-03-21,ATO,0.01623087204672397
2025-03-21,AVGO,-0.01623087204672397
2025-03-21,AVY,-0.01623087204672397
2025-03-21,AXON,0.01623087204672397
2025-03-21,AXP,0.01623087204672397
2025-03-21,BALL,-0.01623087204672397
2025-03-21,BAX,-0.01623087204672397
2025-03-21,BEN,-0.01623087204672397
2025-03-21,BFB,-0.01623087204672397
2025-03-21,BG,-0.01623087204672397
2025-03-21,BIIB,-0.01623087204672397
2025-03-21,BK,0.01623087204672397
2025-03-21,BKNG,0.01623087204672397
2025-03-21,BKR,0.01623087204672397
2025-03-21,BLDR,-0.01623087204672397
2025-03-21,BRKB,0.01623087204672397
2025-03-21,BRO,0.01623087204672397
2025-03-21,BSX,0.01623087204672397
2025-03-21,C,0.01623087204672397
2025-03-21,CAG,-0.01623087204672397
2025-03-21,CBRE,0.01623087204672397
2025-03-21,CDW,-0.01623087204672397
2025-03-21,CE,-0.01623087204672397
2025-03-21,CEG,0.01623087204672397
2025-03-21,CI,-0.01623087204672397
2025-03-21,CMCSA,-0.01623087204672397
2025-03-21,CMG,-0.01623087204672397
2025-03-21,CMI,0.01623087204672397
2025-03-21,CMS,0.01623087204672397
2025-03-21,CNC,-0.01623087204672397
2025-03-21,COF,0.01623087204672397
2025-03-21,COP,-0.01623087204672397
2025-03-21,COST,0.01623087204672397
2025-03-21,CRL,-0.01623087204672397
2025-03-21,CSCO,0.01623087204672397
2025-03-21,CSGP,-0.01623087204672397
2025-03-21,CSX,-0.01623087204672397
2025-03-21,CTAS,-0.01623087204672397
2025-03-21,DAL,0.01623087204672397
2025-03-21,DECK,-0.01623087204672397
2025-03-21,DFS,0.01623087204672397
2025-03-21,DG,-0.01623087204672397
2025-03-21,DGX,0.01623087204672397
2025-03-21,DHR,-0.01623087204672397
2025-03-21,DLTR,-0.01623087204672397
2025-03-21,DOW,-0.01623087204672397
2025-03-21,DUK,0.01623087204672397
2025-03-21,DXCM,-0.01623087204672397
2025-03-21,EBAY,0.01623087204672397
2025-03-21,EIX,-0.01623087204672397
2025-03-21,EL,-0.01623087204672397
2025-03-21,ELV,-0.01623087204672397
2025-03-21,ENPH,-0.01623087204672397
2025-03-21,EQT,0.01623087204672397
2025-03-21,EVRG,0.01623087204672397
2025-03-21,EXPE,0.01623087204672397
2025-03-21,F,-0.01623087204672397
2025-03-21,FFIV,0.01623087204672397
2025-03-21,FI,0.01623087204672397
2025-03-21,FMC,-0.01623087204672397
2025-03-21,FOX,0.01623087204672397
2025-03-21,FOXA,0.01623087204672397
2025-03-21,FTNT,0.01623087204672397
2025-03-21,GD,-0.01623087204672397
2025-03-21,GILD,0.01623087204672397
2025-03-21,GIS,-0.01623087204672397
2025-03-21,GLW,0.01623087204672397
2025-03-21,GPC,-0.01623087204672397
2025-03-21,GPN,-0.01623087204672397
2025-03-21,GRMN,0.01623087204672397
2025-03-21,GS,0.01623087204672397
2025-03-21,HAL,-0.01623087204672397
2025-03-21,HII,-0.01623087204672397
2025-03-21,HLT,0.01623087204672397
2025-03-21,HOLX,-0.01623087204672397
2025-03-21,HRL,-0.01623087204672397
2025-03-21,HST,-0.01623087204672397
2025-03-21,HSY,-0.01623087204672397
2025-03-21,HWM,0.01623087204672397
2025-03-21,IBM,0.01623087204672397
2025-03-21,ICE,0.01623087204672397
2025-03-21,IEX,-0.01623087204672397
2025-03-21,INTC,-0.01623087204672397
2025-03-21,IP,0.01623087204672397
2025-03-21,IPG,-0.01623087204672397
2025-03-21,IQV,-0.01623087204672397
2025-03-21,ISRG,0.01623087204672397
2025-03-21,J,-0.01623087204672397
2025-03-21,JCI,0.01623087204672397
2025-03-21,JPM,0.01623087204672397
2025-03-21,K,0.01623087204672397
2025-03-21,KHC,-0.01623087204672397
2025-03-21,KMI,0.01623087204672397
2025-03-21,LEN,-0.01623087204672397
2025-03-21,LKQ,-0.01623087204672397
2025-03-21,LNT,0.01623087204672397
2025-03-21,LRCX,-0.01623087204672397
2025-03-21,LW,-0.01623087204672397
2025-03-21,LYB,-0.01623087204672397
2025-03-21,LYV,0.01623087204672397
2025-03-21,MCHP,-0.01623087204672397
2025-03-21,MCO,0.01623087204672397
2025-03-21,MDLZ,-0.01623087204672397
2025-03-21,META,0.01623087204672397
2025-03-21,MLM,-0.01623087204672397
2025-03-21,MOH,-0.01623087204672397
2025-03-21,MPC,-0.01623087204672397
2025-03-21,MRK,-0.01623087204672397
2025-03-21,MRNA,-0.01623087204672397
2025-03-21,MS,0.01623087204672397
2025-03-21,MSI,0.01623087204672397
2025-03-21,MTB,0.01623087204672397
2025-03-21,NDAQ,0.01623087204672397
2025-03-21,NDSN,-0.01623087204672397
2025-03-21,NFLX,0.01623087204672397
2025-03-21,NI,0.01623087204672397
2025-03-21,NKE,-0.01623087204672397
2025-03-21,NRG,0.01623087204672397
2025-03-21,NTRS,0.01623087204672397
2025-03-21,NUE,-0.01623087204672397
2025-03-21,NVDA,-0.01623087204672397
2025-03-21,ODFL,-0.01623087204672397
2025-03-21,ON,-0.01623087204672397
2025-03-21,OXY,-0.01623087204672397
2025-03-21,PAYX,0.01623087204672397
2025-03-21,PEG,0.01623087204672397
2025-03-21,PEP,-0.01623087204672397
2025-03-21,PGR,0.01623087204672397
2025-03-21,PM,0.01623087204672397
2025-03-21,PNW,0.01623087204672397
2025-03-21,PODD,0.01623087204672397
2025-03-21,POOL,-0.01623087204672397
2025-03-21,PPG,-0.01623087204672397
2025-03-21,PPL,0.01623087204672397
2025-03-21,PSX,-0.01623087204672397
2025-03-21,RCL,0.01623087204672397
2025-03-21,REG,0.01623087204672397
2025-03-21,REGN,-0.01623087204672397
2025-03-21,RL,0.01623087204672397
2025-03-21,RSG,0.01623087204672397
2025-03-21,RTX,0.01623087204672397
2025-03-21,SLB,-0.01623087204672397
2025-03-21,SMCI,-0.01623087204672397
2025-03-21,SO,0.01623087204672397
2025-03-21,SPGI,0.01623087204672397
2025-03-21,SRE,0.01623087204672397
2025-03-21,STT,0.01623087204672397
2025-03-21,STZ,-0.01623087204672397
2025-03-21,SWKS,-0.01623087204672397
2025-03-21,SYF,0.01623087204672397
2025-03-21,SYY,-0.01623087204672397
2025-03-21,T,0.01623087204672397
2025-03-21,TFX,-0.01623087204672397
2025-03-21,TGT,-0.01623087204672397
2025-03-21,TJX,0.01623087204672397
2025-03-21,TMUS,0.01623087204672397
2025-03-21,TPR,0.01623087204672397
2025-03-21,TRGP,0.01623087204672397
2025-03-21,TSCO,-0.01623087204672397
2025-03-21,TSLA,0.01623087204672397
2025-03-21,TTWO,0.01623087204672397
2025-03-21,TXT,-0.01623087204672397
2025-03-21,TYL,0.01623087204672397
2025-03-21,UAL,0.01623087204672397
2025-03-21,ULTA,-0.01623087204672397
2025-03-21,UPS,-0.01623087204672397
2025-03-21,VRSK,0.01623087204672397
2025-03-21,VTR,0.01623087204672397
2025-03-21,WAB,0.01623087204672397
2025-03-21,WBA,-0.01623087204672397
2025-03-21,WEC,0.01623087204672397
2025-03-21,WELL,0.01623087204672397
2025-03-21,WFC,0.01623087204672397
2025-03-21,WMB,0.01623087204672397
2025-03-21,WMT,0.01623087204672397
2025-03-21,WRB,-0.01623087204672397
2025-03-21,WST,-0.01623087204672397
2025-03-21,WTW,0.01623087204672397
2025-03-21,XEL,0.01623087204672397
2025-03-21,ZBH,-0.01623087204672397
2025-03-28,AAPL,0.016272634427753663
2025-03-28,ADM,-0.016272634427753663
2025-03-28,ADP,0.016272634427753663
2025-03-28,AEE,0.016272634427753663
2025-03-28,AEP,0.016272634427753663
2025-03-28,AES,-0.016272634427753663
2025-03-28,AFL,0.016272634427753663
2025-03-28,AJG,0.016272634427753663
2025-03-28,AKAM,-0.016272634427753663
2025-03-28,ALB,-0.016272634427753663
2025-03-28,ALGN,-0.016272634427753663
2025-03-28,AMD,-0.016272634427753663
2025-03-28,ANET,-0.016272634427753663
2025-03-28,AOS,-0.016272634427753663
2025-03-28,APA,-0.016272634427753663
2025-03-28,APH,-0.016272634427753663
2025-03-28,ARE,-0.016272634427753663
2025-03-28,ATO,0.016272634427753663
2025-03-28,AVB,0.016272634427753663
2025-03-28,AVGO,-0.016272634427753663
2025-03-28,AVY,-0.016272634427753663
2025-03-28,AXON,0.016272634427753663
2025-03-28,AXP,0.016272634427753663
2025-03-28,BALL,-0.016272634427753663
2025-03-28,BEN,-0.016272634427753663
2025-03-28,BFB,-0.016272634427753663
2025-03-28,BG,-0.016272634427753663
2025-03-28,BIIB,-0.016272634427753663
2025-03-28,BK,0.016272634427753663
2025-03-28,BKNG,0.016272634427753663
2025-03-28,BLDR,-0.016272634427753663
2025-03-28,BR,0.016272634427753663
2025-03-28,BRKB,0.016272634427753663
2025-03-28,BRO,0.016272634427753663
2025-03-28,BSX,0.016272634427753663
2025-03-28,CAG,-0.016272634427753663
2025-03-28,CBRE,0.016272634427753663
2025-03-28,CDW,-0.016272634427753663
2025-03-28,CI,-0.016272634427753663
2025-03-28,CMCSA,-0.016272634427753663
2025-03-28,CME,0.016272634427753663
2025-03-28,CMG,-0.016272634427753663
2025-03-28,CMS,0.016272634427753663
2025-03-28,CNC,-0.016272634427753663
2025-03-28,COF,0.016272634427753663
2025-03-28,COP,-0.016272634427753663
2025-03-28,COST,0.016272634427753663
2025-03-28,CPT,0.016272634427753663
2025-03-28,CRL,-0.016272634427753663
2025-03-28,CSCO,0.016272634427753663
2025-03-28,CSGP,-0.016272634427753663
2025-03-28,CSX,-0.016272634427753663
2025-03-28,CTAS,-0.016272634427753663
2025-03-28,DECK,-0.016272634427753663
2025-03-28,DFS,0.016272634427753663
2025-03-28,DG,-0.016272634427753663
2025-03-28,DGX,0.016272634427753663
2025-03-28,DHI,-0.016272634427753663
2025-03-28,DHR,-0.016272634427753663
2025-03-28,DLTR,-0.016272634427753663
2025-03-28,DOW,-0.016272634427753663
2025-03-28,DUK,0.016272634427753663
2025-03-28,DVN,-0.016272634427753663
2025-03-28,DXCM,-0.016272634427753663
2025-03-28,EIX,-0.016272634427753663
2025-03-28,EL,-0.016272634427753663
2025-03-28,ELV,-0.016272634427753663
2025-03-28,ENPH,-0.016272634427753663
2025-03-28,ESS,0.016272634427753663
2025-03-28,EVRG,0.016272634427753663
2025-03-28,EXC,0.016272634427753663
2025-03-28,F,-0.016272634427753663
2025-03-28,FANG,-0.016272634427753663
2025-03-28,FFIV,0.016272634427753663
2025-03-28,FI,0.016272634427753663
2025-03-28,FICO,0.016272634427753663
2025-03-28,FOX,0.016272634427753663
2025-03-28,FOXA,0.016272634427753663
2025-03-28,FTNT,0.016272634427753663
2025-03-28,GILD,0.016272634427753663
2025-03-28,GIS,-0.016272634427753663
2025-03-28,GLW,0.016272634427753663
2025-03-28,GPN,-0.016272634427753663
2025-03-28,GRMN,0.016272634427753663
2025-03-28,GS,0.016272634427753663
2025-03-28,HAL,-0.016272634427753663
2025-03-28,HII,-0.016272634427753663
2025-03-28,HLT,0.016272634427753663
2025-03-28,HOLX,-0.016272634427753663
2025-03-28,HRL,-0.016272634427753663
2025-03-28,HST,-0.016272634427753663
2025-03-28,HWM,0.016272634427753663
2025-03-28,IBM,0.016272634427753663
2025-03-28,ICE,0.016272634427753663
2025-03-28,IDXX,-0.016272634427753663
2025-03-28,IEX,-0.016272634427753663
2025-03-28,INTC,-0.016272634427753663
2025-03-28,IP,0.016272634427753663
2025-03-28,IPG,-0.016272634427753663
2025-03-28,IQV,-0.016272634427753663
2025-03-28,ISRG,0.016272634427753663
2025-03-28,J,-0.016272634427753663
2025-03-28,JBHT,-0.016272634427753663
2025-03-28,JCI,0.016272634427753663
2025-03-28,JPM,0.016272634427753663
2025-03-28,K,0.016272634427753663
2025-03-28,KHC,-0.016272634427753663
2025-03-28,KMI,0.016272634427753663
2025-03-28,LEN,-0.016272634427753663
2025-03-28,LKQ,-0.016272634427753663
2025-03-28,LNT,0.016272634427753663
2025-03-28,LRCX,-0.016272634427753663
2025-03-28,LW,-0.016272634427753663
2025-03-28,LYB,-0.016272634427753663
2025-03-28,LYV,0.016272634427753663
2025-03-28,MAA,0.016272634427753663
2025-03-28,MCHP,-0.016272634427753663
2025-03-28,MCO,0.016272634427753663
2025-03-28,META,0.016272634427753663
2025-03-28,MGM,-0.016272634427753663
2025-03-28,MLM,-0.016272634427753663
2025-03-28,MMM,0.016272634427753663
2025-03-28,MO,0.016272634427753663
2025-03-28,MOH,-0.016272634427753663
2025-03-28,MOS,-0.016272634427753663
2025-03-28,MPC,-0.016272634427753663
2025-03-28,MRK,-0.016272634427753663
2025-03-28,MRNA,-0.016272634427753663
2025-03-28,MS,0.016272634427753663
2025-03-28,MSI,0.016272634427753663
2025-03-28,MTB,0.016272634427753663
2025-03-28,NDAQ,0.016272634427753663
2025-03-28,NDSN,-0.016272634427753663
2025-03-28,NFLX,0.016272634427753663
2025-03-28,NI,0.016272634427753663
2025-03-28,NRG,0.016272634427753663
2025-03-28,NUE,-0.016272634427753663
2025-03-28,NVDA,-0.016272634427753663
2025-03-28,OMC,-0.016272634427753663
2025-03-28,ON,-0.016272634427753663
2025-03-28,OXY,-0.016272634427753663
2025-03-28,PAYX,0.016272634427753663
2025-03-28,PEP,-0.016272634427753663
2025-03-28,PGR,0.016272634427753663
2025-03-28,PM,0.016272634427753663
2025-03-28,PNW,0.016272634427753663
2025-03-28,PODD,0.016272634427753663
2025-03-28,PPG,-0.016272634427753663
2025-03-28,PPL,0.016272634427753663
2025-03-28,PSX,-0.016272634427753663
2025-03-28,RCL,0.016272634427753663
2025-03-28,REG,0.016272634427753663
2025-03-28,REGN,-0.016272634427753663
2025-03-28,RL,0.016272634427753663
2025-03-28,RSG,0.016272634427753663
2025-03-28,RTX,0.016272634427753663
2025-03-28,SLB,-0.016272634427753663
2025-03-28,SMCI,-0.016272634427753663
2025-03-28,SO,0.016272634427753663
2025-03-28,SPGI,0.016272634427753663
2025-03-28,STT,0.016272634427753663
2025-03-28,STZ,-0.016272634427753663
2025-03-28,SWKS,-0.016272634427753663
2025-03-28,SYF,0.016272634427753663
2025-03-28,T,0.016272634427753663
2025-03-28,TGT,-0.016272634427753663
2025-03-28,TJX,0.016272634427753663
2025-03-28,TMUS,0.016272634427753663
2025-03-28,TPR,0.016272634427753663
2025-03-28,TRGP,0.016272634427753663
2025-03-28,TSCO,-0.016272634427753663
2025-03-28,TTWO,0.016272634427753663
2025-03-28,TXT,-0.016272634427753663
2025-03-28,TYL,0.016272634427753663
2025-03-28,UAL,0.016272634427753663
2025-03-28,ULTA,-0.016272634427753663
2025-03-28,UPS,-0.016272634427753663
2025-03-28,V,0.016272634427753663
2025-03-28,VLO,-0.016272634427753663
2025-03-28,VRSK,0.016272634427753663
2025-03-28,VRSN,0.016272634427753663
2025-03-28,VTR,0.016272634427753663
2025-03-28,VTRS,-0.016272634427753663
2025-03-28,WBA,-0.016272634427753663
2025-03-28,WEC,0.016272634427753663
2025-03-28,WELL,0.016272634427753663
2025-03-28,WFC,0.016272634427753663
2025-03-28,WMB,0.016272634427753663
2025-03-28,WMT,0.016272634427753663
2025-03-28,WRB,-0.016272634427753663
2025-03-28,WST,-0.016272634427753663
2025-03-28,WTW,0.016272634427753663
2025-03-28,XEL,0.016272634427753663
2025-03-28,ZBH,-0.016272634427753663
2025-04-04,AAPL,0.014729211424963596
2025-04-04,ABT,0.014729211424963596
2025-04-04,ADM,-0.014729211424963596
2025-04-04,ADP,0.014729211424963596
2025-04-04,AEE,0.014729211424963596
2025-04-04,AEP,0.014729211424963596
2025-04-04,AES,-0.014729211424963596
2025-04-04,AFL,0.014729211424963596
2025-04-04,AJG,0.014729211424963596
2025-04-04,AKAM,-0.014729211424963596
2025-04-04,ALB,-0.014729211424963596
2025-04-04,ALGN,-0.014729211424963596
2025-04-04,AMAT,-0.014729211424963596
2025-04-04,AMD,-0.014729211424963596
2025-04-04,ANET,-0.014729211424963596
2025-04-04,AON,0.014729211424963596
2025-04-04,AOS,-0.014729211424963596
2025-04-04,APA,-0.014729211424963596
2025-04-04,APD,0.014729211424963596
2025-04-04,APH,-0.014729211424963596
2025-04-04,ARE,-0.014729211424963596
2025-04-04,ATO,0.014729211424963596
2025-04-04,AVB,0.014729211424963596
2025-04-04,AVGO,-0.014729211424963596
2025-04-04,AVY,-0.014729211424963596
2025-04-04,AXON,0.014729211424963596
2025-04-04,BALL,-0.014729211424963596
2025-04-04,BAX,-0.014729211424963596
2025-04-04,BEN,-0.014729211424963596
2025-04-04,BFB,-0.014729211424963596
2025-04-04,BG,-0.014729211424963596
2025-04-04,BIIB,-0.014729211424963596
2025-04-04,BK,0.014729211424963596
2025-04-04,BKNG,0.014729211424963596
2025-04-04,BLDR,-0.014729211424963596
2025-04-04,BR,0.014729211424963596
2025-04-04,BRKB,0.014729211424963596
2025-04-04,BRO,0.014729211424963596
2025-04-04,BSX,0.014729211424963596
2025-04-04,CAG,-0.014729211424963596
2025-04-04,CBRE,0.014729211424963596
2025-04-04,CDNS,-0.014729211424963596
2025-04-04,CDW,-0.014729211424963596
2025-04-04,CHRW,0.014729211424963596
2025-04-04,CHTR,0.014729211424963596
2025-04-04,CME,0.014729211424963596
2025-04-04,CMG,-0.014729211424963596
2025-04-04,CMS,0.014729211424963596
2025-04-04,CNP,0.014729211424963596
2025-04-04,COP,-0.014729211424963596
2025-04-04,COST,0.014729211424963596
2025-04-04,CPT,0.014729211424963596
2025-04-04,CRL,-0.014729211424963596
2025-04-04,CSCO,0.014729211424963596
2025-04-04,CSX,-0.014729211424963596
2025-04-04,CTAS,-0.014729211424963596
2025-04-04,CZR,-0.014729211424963596
2025-04-04,DECK,-0.014729211424963596
2025-04-04,DFS,0.014729211424963596
2025-04-04,DG,-0.014729211424963596
2025-04-04,DGX,0.014729211424963596
2025-04-04,DLTR,-0.014729211424963596
2025-04-04,DOW,-0.014729211424963596
2025-04-04,DTE,0.014729211424963596
2025-04-04,DUK,0.014729211424963596
2025-04-04,DVN,-0.014729211424963596
2025-04-04,DXCM,-0.014729211424963596
2025-04-04,EBAY,0.014729211424963596
2025-04-04,ECL,0.014729211424963596
2025-04-04,EIX,-0.014729211424963596
2025-04-04,EL,-0.014729211424963596
2025-04-04,ELV,-0.014729211424963596
2025-04-04,ENPH,-0.014729211424963596
2025-04-04,ESS,0.014729211424963596
2025-04-04,EVRG,0.014729211424963596
2025-04-04,F,-0.014729211424963596
2025-04-04,FANG,-0.014729211424963596
2025-04-04,FCX,-0.014729211424963596
2025-04-04,FFIV,0.014729211424963596
2025-04-04,FI,0.014729211424963596
2025-04-04,FICO,0.014729211424963596
2025-04-04,FOX,0.014729211424963596
2025-04-04,FOXA,0.014729211424963596
2025-04-04,FTNT,0.014729211424963596
2025-04-04,GEV,0.014729211424963596
2025-04-04,GILD,0.014729211424963596
2025-04-04,GIS,-0.014729211424963596
2025-04-04,GLW,0.014729211424963596
2025-04-04,GPN,-0.014729211424963596
2025-04-04,GRMN,0.014729211424963596
2025-04-04,GS,0.014729211424963596
2025-04-04,HAL,-0.014729211424963596
2025-04-04,HII,-0.014729211424963596
2025-04-04,HLT,0.014729211424963596
2025-04-04,HOLX,-0.014729211424963596
2025-04-04,HRL,-0.014729211424963596
2025-04-04,HST,-0.014729211424963596
2025-04-04,HWM,0.014729211424963596
2025-04-04,IBM,0.014729211424963596
2025-04-04,ICE,0.014729211424963596
2025-04-04,IDXX,-0.014729211424963596
2025-04-04,IEX,-0.014729211424963596
2025-04-04,INTC,-0.014729211424963596
2025-04-04,IPG,-0.014729211424963596
2025-04-04,IQV,-0.014729211424963596
2025-04-04,ISRG,0.014729211424963596
2025-04-04,J,-0.014729211424963596
2025-04-04,JBHT,-0.014729211424963596
2025-04-04,JPM,0.014729211424963596
2025-04-04,K,0.014729211424963596
2025-04-04,KHC,-0.014729211424963596
2025-04-04,KMI,0.014729211424963596
2025-04-04,KO,0.014729211424963596
2025-04-04,LEN,-0.014729211424963596
2025-04-04,LKQ,-0.014729211424963596
2025-04-04,LNT,0.014729211424963596
2025-04-04,LRCX,-0.014729211424963596
2025-04-04,LW,-0.014729211424963596
2025-04-04,LYB,-0.014729211424963596
2025-04-04,MAA,0.014729211424963596
2025-04-04,MCHP,-0.014729211424963596
2025-04-04,MGM,-0.014729211424963596
2025-04-04,MLM,-0.014729211424963596
2025-04-04,MMC,0.014729211424963596
2025-04-04,MMM,0.014729211424963596
2025-04-04,MO,0.014729211424963596
2025-04-04,MOS,-0.014729211424963596
2025-04-04,MPC,-0.014729211424963596
2025-04-04,MRK,-0.014729211424963596
2025-04-04,MRNA,-0.014729211424963596
2025-04-04,MSI,0.014729211424963596
2025-04-04,NDAQ,0.014729211424963596
2025-04-04,NDSN,-0.014729211424963596
2025-04-04,NFLX,0.014729211424963596
2025-04-04,NI,0.014729211424963596
2025-04-04,NUE,-0.014729211424963596
2025-04-04,NVDA,-0.014729211424963596
2025-04-04,NWS,0.014729211424963596
2025-04-04,ODFL,-0.014729211424963596
2025-04-04,ON,-0.014729211424963596
2025-04-04,OXY,-0.014729211424963596
2025-04-04,PAYX,0.014729211424963596
2025-04-04,PGR,0.014729211424963596
2025-04-04,PM,0.014729211424963596
2025-04-04,PNW,0.014729211424963596
2025-04-04,PODD,0.014729211424963596
2025-04-04,PPG,-0.014729211424963596
2025-04-04,PPL,0.014729211424963596
2025-04-04,PSX,-0.014729211424963596
2025-04-04,PTC,-0.014729211424963596
2025-04-04,RCL,0.014729211424963596
2025-04-04,REG,0.014729211424963596
2025-04-04,REGN,-0.014729211424963596
2025-04-04,RL,0.014729211424963596
2025-04-04,RSG,0.014729211424963596
2025-04-04,RTX,0.014729211424963596
2025-04-04,SLB,-0.014729211424963596
2025-04-04,SMCI,-0.014729211424963596
2025-04-04,SNPS,-0.014729211424963596
2025-04-04,SO,0.014729211424963596
2025-04-04,SPGI,0.014729211424963596
2025-04-04,STZ,-0.014729211424963596
2025-04-04,SWKS,-0.014729211424963596
2025-04-04,T,0.014729211424963596
2025-04-04,TGT,-0.014729211424963596
2025-04-04,TJX,0.014729211424963596
2025-04-04,TMUS,0.014729211424963596
2025-04-04,TPR,0.014729211424963596
2025-04-04,TRGP,0.014729211424963596
2025-04-04,TROW,-0.014729211424963596
2025-04-04,TSCO,-0.014729211424963596
2025-04-04,TTWO,0.014729211424963596
2025-04-04,TXT,-0.014729211424963596
2025-04-04,TYL,0.014729211424963596
2025-04-04,UAL,0.014729211424963596
2025-04-04,UDR,0.014729211424963596
2025-04-04,UPS,-0.014729211424963596
2025-04-04,V,0.014729211424963596
2025-04-04,VLO,-0.014729211424963596
2025-04-04,VRSK,0.014729211424963596
2025-04-04,VRSN,0.014729211424963596
2025-04-04,VTR,0.014729211424963596
2025-04-04,VTRS,-0.014729211424963596
2025-04-04,WBA,-0.014729211424963596
2025-04-04,WDC,-0.014729211424963596
2025-04-04,WEC,0.014729211424963596
2025-04-04,WELL,0.014729211424963596
2025-04-04,WMB,0.014729211424963596
2025-04-04,WMT,0.014729211424963596
2025-04-04,WRB,-0.014729211424963596
2025-04-04,WST,-0.014729211424963596
2025-04-04,WTW,0.014729211424963596
2025-04-04,XEL,0.014729211424963596
2025-04-04,ZBH,-0.014729211424963596
2025-04-11,ABBV,0.014704161441338107
2025-04-11,ABNB,-0.014704161441338107
2025-04-11,ADM,-0.014704161441338107
2025-04-11,ADP,0.014704161441338107
2025-04-11,AEE,0.014704161441338107
2025-04-11,AEP,0.014704161441338107
2025-04-11,AES,-0.014704161441338107
2025-04-11,AFL,0.014704161441338107
2025-04-11,AJG,0.014704161441338107
2025-04-11,AKAM,-0.014704161441338107
2025-04-11,ALB,-0.014704161441338107
2025-04-11,ALGN,-0.014704161441338107
2025-04-11,ALL,0.014704161441338107
2025-04-11,AMAT,-0.014704161441338107
2025-04-11,AMD,-0.014704161441338107
2025-04-11,ANET,-0.014704161441338107
2025-04-11,AON,0.014704161441338107
2025-04-11,AOS,-0.014704161441338107
2025-04-11,APA,-0.014704161441338107
2025-04-11,APH,-0.014704161441338107
2025-04-11,ARE,-0.014704161441338107
2025-04-11,ATO,0.014704161441338107
2025-04-11,AVGO,-0.014704161441338107
2025-04-11,AVY,-0.014704161441338107
2025-04-11,AWK,0.014704161441338107
2025-04-11,AXON,0.014704161441338107
2025-04-11,AZO,0.014704161441338107
2025-04-11,BALL,-0.014704161441338107
2025-04-11,BEN,-0.014704161441338107
2025-04-11,BFB,-0.014704161441338107
2025-04-11,BG,-0.014704161441338107
2025-04-11,BIIB,-0.014704161441338107
2025-04-11,BK,0.014704161441338107
2025-04-11,BLDR,-0.014704161441338107
2025-04-11,BMY,0.014704161441338107
2025-04-11,BRKB,0.014704161441338107
2025-04-11,BRO,0.014704161441338107
2025-04-11,BSX,0.014704161441338107
2025-04-11,CAG,-0.014704161441338107
2025-04-11,CB,0.014704161441338107
2025-04-11,CBOE,0.014704161441338107
2025-04-11,CBRE,0.014704161441338107
2025-04-11,CDW,-0.014704161441338107
2025-04-11,CHRW,0.014704161441338107
2025-04-11,CINF,0.014704161441338107
2025-04-11,CME,0.014704161441338107
2025-04-11,CMG,-0.014704161441338107
2025-04-11,CMS,0.014704161441338107
2025-04-11,CNP,0.014704161441338107
2025-04-11,COO,-0.014704161441338107
2025-04-11,COP,-0.014704161441338107
2025-04-11,COST,0.014704161441338107
2025-04-11,CRL,-0.014704161441338107
2025-04-11,CSCO,0.014704161441338107
2025-04-11,CSX,-0.014704161441338107
2025-04-11,CTAS,-0.014704161441338107
2025-04-11,CZR,-0.014704161441338107
2025-04-11,DECK,-0.014704161441338107
2025-04-11,DG,-0.014704161441338107
2025-04-11,DGX,0.014704161441338107
2025-04-11,DIS,-0.014704161441338107
2025-04-11,DLTR,-0.014704161441338107
2025-04-11,DOW,-0.014704161441338107
2025-04-11,DTE,0.014704161441338107
2025-04-11,DUK,0.014704161441338107
2025-04-11,DVN,-0.014704161441338107
2025-04-11,DXCM,-0.014704161441338107
2025-04-11,ED,0.014704161441338107
2025-04-11,EIX,-0.014704161441338107
2025-04-11,EL,-0.014704161441338107
2025-04-11,ELV,-0.014704161441338107
2025-04-11,ENPH,-0.014704161441338107
2025-04-11,EPAM,-0.014704161441338107
2025-04-11,EQT,0.014704161441338107
2025-04-11,EVRG,0.014704161441338107
2025-04-11,EXC,0.014704161441338107
2025-04-11,F,-0.014704161441338107
2025-04-11,FANG,-0.014704161441338107
2025-04-11,FCX,-0.014704161441338107
2025-04-11,FFIV,0.014704161441338107
2025-04-11,FI,0.014704161441338107
2025-04-11,FICO,0.014704161441338107
2025-04-11,FOX,0.014704161441338107
2025-04-11,FOXA,0.014704161441338107
2025-04-11,FTNT,0.014704161441338107
2025-04-11,GEV,0.014704161441338107
2025-04-11,GILD,0.014704161441338107
2025-04-11,GL,0.014704161441338107
2025-04-11,GLW,0.014704161441338107
2025-04-11,GPN,-0.014704161441338107
2025-04-11,GRMN,0.014704161441338107
2025-04-11,GS,0.014704161441338107
2025-04-11,HAL,-0.014704161441338107
2025-04-11,HIG,0.014704161441338107
2025-04-11,HII,-0.014704161441338107
2025-04-11,HOLX,-0.014704161441338107
2025-04-11,HRL,-0.014704161441338107
2025-04-11,HST,-0.014704161441338107
2025-04-11,HWM,0.014704161441338107
2025-04-11,IBM,0.014704161441338107
2025-04-11,ICE,0.014704161441338107
2025-04-11,IDXX,-0.014704161441338107
2025-04-11,IEX,-0.014704161441338107
2025-04-11,IP,0.014704161441338107
2025-04-11,IPG,-0.014704161441338107
2025-04-11,IQV,-0.014704161441338107
2025-04-11,J,-0.014704161441338107
2025-04-11,JBHT,-0.014704161441338107
2025-04-11,K,0.014704161441338107
2025-04-11,KHC,-0.014704161441338107
2025-04-11,KMI,0.014704161441338107
2025-04-11,KO,0.014704161441338107
2025-04-11,KR,0.014704161441338107
2025-04-11,L,0.014704161441338107
2025-04-11,LEN,-0.014704161441338107
2025-04-11,LNT,0.014704161441338107
2025-04-11,LRCX,-0.014704161441338107
2025-04-11,LW,-0.014704161441338107
2025-04-11,LYB,-0.014704161441338107
2025-04-11,MAA,0.014704161441338107
2025-04-11,MCHP,-0.014704161441338107
2025-04-11,MGM,-0.014704161441338107
2025-04-11,MLM,-0.014704161441338107
2025-04-11,MMC,0.014704161441338107
2025-04-11,MMM,0.014704161441338107
2025-04-11,MO,0.014704161441338107
2025-04-11,MOS,-0.014704161441338107
2025-04-11,MPC,-0.014704161441338107
2025-04-11,MRK,-0.014704161441338107
2025-04-11,MRNA,-0.014704161441338107
2025-04-11,MS,0.014704161441338107
2025-04-11,MSI,0.014704161441338107
2025-04-11,MTB,0.014704161441338107
2025-04-11,NDSN,-0.014704161441338107
2025-04-11,NFLX,0.014704161441338107
2025-04-11,NI,0.014704161441338107
2025-04-11,NUE,-0.014704161441338107
2025-04-11,NVDA,-0.014704161441338107
2025-04-11,ODFL,-0.014704161441338107
2025-04-11,ON,-0.014704161441338107
2025-04-11,ORLY,0.014704161441338107
2025-04-11,OXY,-0.014704161441338107
2025-04-11,PEG,0.014704161441338107
2025-04-11,PEP,-0.014704161441338107
2025-04-11,PGR,0.014704161441338107
2025-04-11,PM,0.014704161441338107
2025-04-11,PNW,0.014704161441338107
2025-04-11,PODD,0.014704161441338107
2025-04-11,PPG,-0.014704161441338107
2025-04-11,PPL,0.014704161441338107
2025-04-11,PSX,-0.014704161441338107
2025-04-11,PTC,-0.014704161441338107
2025-04-11,RCL,0.014704161441338107
2025-04-11,REG,0.014704161441338107
2025-04-11,REGN,-0.014704161441338107
2025-04-11,RSG,0.014704161441338107
2025-04-11,RTX,0.014704161441338107
2025-04-11,SLB,-0.014704161441338107
2025-04-11,SMCI,-0.014704161441338107
2025-04-11,SNPS,-0.014704161441338107
2025-04-11,SO,0.014704161441338107
2025-04-11,STZ,-0.014704161441338107
2025-04-11,SWKS,-0.014704161441338107
2025-04-11,T,0.014704161441338107
2025-04-11,TDY,0.014704161441338107
2025-04-11,TGT,-0.014704161441338107
2025-04-11,TJX,0.014704161441338107
2025-04-11,TMUS,0.014704161441338107
2025-04-11,TPR,0.014704161441338107
2025-04-11,TRGP,0.014704161441338107
2025-04-11,TROW,-0.014704161441338107
2025-04-11,TSCO,-0.014704161441338107
2025-04-11,TTWO,0.014704161441338107
2025-04-11,TXT,-0.014704161441338107
2025-04-11,TYL,0.014704161441338107
2025-04-11,UAL,0.014704161441338107
2025-04-11,ULTA,-0.014704161441338107
2025-04-11,UPS,-0.014704161441338107
2025-04-11,V,0.014704161441338107
2025-04-11,VLO,-0.014704161441338107
2025-04-11,VRSK,0.014704161441338107
2025-04-11,VRSN,0.014704161441338107
2025-04-11,VTR,0.014704161441338107
2025-04-11,VTRS,-0.014704161441338107
2025-04-11,WDC,-0.014704161441338107
2025-04-11,WEC,0.014704161441338107
2025-04-11,WELL,0.014704161441338107
2025-04-11,WMB,0.014704161441338107
2025-04-11,WMT,0.014704161441338107
2025-04-11,WRB,-0.014704161441338107
2025-04-11,WST,-0.014704161441338107
2025-04-11,WTW,0.014704161441338107
2025-04-11,XEL,0.014704161441338107
2025-04-11,ZBH,-0.014704161441338107
2025-04-18,ABNB,-0.014760712879584087
2025-04-18,ADBE,-0.014760712879584087
2025-04-18,ADM,-0.014760712879584087
2025-04-18,ADP,0.014760712879584087
2025-04-18,AEE,0.014760712879584087
2025-04-18,AEP,0.014760712879584087
2025-04-18,AFL,0.014760712879584087
2025-04-18,AJG,0.014760712879584087
2025-04-18,AKAM,-0.014760712879584087
2025-04-18,ALB,-0.014760712879584087
2025-04-18,ALGN,-0.014760712879584087
2025-04-18,AMAT,-0.014760712879584087
2025-04-18,AMD,-0.014760712879584087
2025-04-18,ANET,-0.014760712879584087
2025-04-18,AON,0.014760712879584087
2025-04-18,AOS,-0.014760712879584087
2025-04-18,APA,-0.014760712879584087
2025-04-18,APH,-0.014760712879584087
2025-04-18,ARE,-0.014760712879584087
2025-04-18,ATO,0.014760712879584087
2025-04-18,AVGO,-0.014760712879584087
2025-04-18,AVY,-0.014760712879584087
2025-04-18,AXON,0.014760712879584087
2025-04-18,BALL,-0.014760712879584087
2025-04-18,BAX,-0.014760712879584087
2025-04-18,BEN,-0.014760712879584087
2025-04-18,BFB,-0.014760712879584087
2025-04-18,BG,-0.014760712879584087
2025-04-18,BIIB,-0.014760712879584087
2025-04-18,BK,0.014760712879584087
2025-04-18,BKNG,0.014760712879584087
2025-04-18,BKR,0.014760712879584087
2025-04-18,BLDR,-0.014760712879584087
2025-04-18,BLK,0.014760712879584087
2025-04-18,BR,0.014760712879584087
2025-04-18,BRKB,0.014760712879584087
2025-04-18,BRO,0.014760712879584087
2025-04-18,BSX,0.014760712879584087
2025-04-18,CAG,-0.014760712879584087
2025-04-18,CAH,0.014760712879584087
2025-04-18,CB,0.014760712879584087
2025-04-18,CBRE,0.014760712879584087
2025-04-18,CDW,-0.014760712879584087
2025-04-18,CHRW,0.014760712879584087
2025-04-18,CINF,0.014760712879584087
2025-04-18,CME,0.014760712879584087
2025-04-18,CMG,-0.014760712879584087
2025-04-18,CMS,0.014760712879584087
2025-04-18,CNC,-0.014760712879584087
2025-04-18,CNP,0.014760712879584087
2025-04-18,COP,-0.014760712879584087
2025-04-18,CPB,-0.014760712879584087
2025-04-18,CPT,0.014760712879584087
2025-04-18,CRL,-0.014760712879584087
2025-04-18,CSCO,0.014760712879584087
2025-04-18,CSX,-0.014760712879584087
2025-04-18,CTAS,-0.014760712879584087
2025-04-18,CZR,-0.014760712879584087
2025-04-18,DECK,-0.014760712879584087
2025-04-18,DG,-0.014760712879584087
2025-04-18,DGX,0.014760712879584087
2025-04-18,DLTR,-0.014760712879584087
2025-04-18,DOW,-0.014760712879584087
2025-04-18,DTE,0.014760712879584087
2025-04-18,DUK,0.014760712879584087
2025-04-18,DVN,-0.014760712879584087
2025-04-18,DXCM,-0.014760712879584087
2025-04-18,EBAY,0.014760712879584087
2025-04-18,EL,-0.014760712879584087
2025-04-18,ELV,-0.014760712879584087
2025-04-18,ENPH,-0.014760712879584087
2025-04-18,EPAM,-0.014760712879584087
2025-04-18,EQT,0.014760712879584087
2025-04-18,ESS,0.014760712879584087
2025-04-18,EVRG,0.014760712879584087
2025-04-18,EXC,0.014760712879584087
2025-04-18,FANG,-0.014760712879584087
2025-04-18,FCX,-0.014760712879584087
2025-04-18,FFIV,0.014760712879584087
2025-04-18,FI,0.014760712879584087
2025-04-18,FICO,0.014760712879584087
2025-04-18,FOX,0.014760712879584087
2025-04-18,FOXA,0.014760712879584087
2025-04-18,FTNT,0.014760712879584087
2025-04-18,GEV,0.014760712879584087
2025-04-18,GILD,0.014760712879584087
2025-04-18,GIS,-0.014760712879584087
2025-04-18,GL,0.014760712879584087
2025-04-18,GLW,0.014760712879584087
2025-04-18,GPC,-0.014760712879584087
2025-04-18,GPN,-0.014760712879584087
2025-04-18,GRMN,0.014760712879584087
2025-04-18,GS,0.014760712879584087
2025-04-18,HAL,-0.014760712879584087
2025-04-18,HII,-0.014760712879584087
2025-04-18,HOLX,-0.014760712879584087
2025-04-18,HRL,-0.014760712879584087
2025-04-18,HST,-0.014760712879584087
2025-04-18,HWM,0.014760712879584087
2025-04-18,IBM,0.014760712879584087
2025-04-18,ICE,0.014760712879584087
2025-04-18,IEX,-0.014760712879584087
2025-04-18,IP,0.014760712879584087
2025-04-18,IPG,-0.014760712879584087
2025-04-18,IQV,-0.014760712879584087
2025-04-18,ISRG,0.014760712879584087
2025-04-18,J,-0.014760712879584087
2025-04-18,JPM,0.014760712879584087
2025-04-18,K,0.014760712879584087
2025-04-18,KHC,-0.014760712879584087
2025-04-18,KMI,0.014760712879584087
2025-04-18,LEN,-0.014760712879584087
2025-04-18,LKQ,-0.014760712879584087
2025-04-18,LNT,0.014760712879584087
2025-04-18,LRCX,-0.014760712879584087
2025-04-18,LW,-0.014760712879584087
2025-04-18,LYB,-0.014760712879584087
2025-04-18,LYV,0.014760712879584087
2025-04-18,MAA,0.014760712879584087
2025-04-18,MCHP,-0.014760712879584087
2025-04-18,MGM,-0.014760712879584087
2025-04-18,MLM,-0.014760712879584087
2025-04-18,MMM,0.014760712879584087
2025-04-18,MO,0.014760712879584087
2025-04-18,MPC,-0.014760712879584087
2025-04-18,MRK,-0.014760712879584087
2025-04-18,MRNA,-0.014760712879584087
2025-04-18,MSI,0.014760712879584087
2025-04-18,NDAQ,0.014760712879584087
2025-04-18,NDSN,-0.014760712879584087
2025-04-18,NFLX,0.014760712879584087
2025-04-18,NI,0.014760712879584087
2025-04-18,NKE,-0.014760712879584087
2025-04-18,NUE,-0.014760712879584087
2025-04-18,NVDA,-0.014760712879584087
2025-04-18,NWS,0.014760712879584087
2025-04-18,ODFL,-0.014760712879584087
2025-04-18,OMC,-0.014760712879584087
2025-04-18,ON,-0.014760712879584087
2025-04-18,OXY,-0.014760712879584087
2025-04-18,PANW,-0.014760712879584087
2025-04-18,PAYX,0.014760712879584087
2025-04-18,PCAR,-0.014760712879584087
2025-04-18,PEG,0.014760712879584087
2025-04-18,PEP,-0.014760712879584087
2025-04-18,PGR,0.014760712879584087
2025-04-18,PM,0.014760712879584087
2025-04-18,PNW,0.014760712879584087
2025-04-18,PODD,0.014760712879584087
2025-04-18,PPG,-0.014760712879584087
2025-04-18,PPL,0.014760712879584087
2025-04-18,PSX,-0.014760712879584087
2025-04-18,RCL,0.014760712879584087
2025-04-18,REG,0.014760712879584087
2025-04-18,REGN,-0.014760712879584087
2025-04-18,ROL,0.014760712879584087
2025-04-18,RSG,0.014760712879584087
2025-04-18,RTX,0.014760712879584087
2025-04-18,SLB,-0.014760712879584087
2025-04-18,SMCI,-0.014760712879584087
2025-04-18,SO,0.014760712879584087
2025-04-18,SPGI,0.014760712879584087
2025-04-18,STZ,-0.014760712879584087
2025-04-18,SWKS,-0.014760712879584087
2025-04-18,T,0.014760712879584087
2025-04-18,TDY,0.014760712879584087
2025-04-18,TGT,-0.014760712879584087
2025-04-18,TJX,0.014760712879584087
2025-04-18,TMUS,0.014760712879584087
2025-04-18,TPR,0.014760712879584087
2025-04-18,TRGP,0.014760712879584087
2025-04-18,TROW,-0.014760712879584087
2025-04-18,TSCO,-0.014760712879584087
2025-04-18,TTWO,0.014760712879584087
2025-04-18,TXT,-0.014760712879584087
2025-04-18,TYL,0.014760712879584087
2025-04-18,UPS,-0.014760712879584087
2025-04-18,V,0.014760712879584087
2025-04-18,VLO,-0.014760712879584087
2025-04-18,VRSK,0.014760712879584087
2025-04-18,VRSN,0.014760712879584087
2025-04-18,VTR,0.014760712879584087
2025-04-18,VTRS,-0.014760712879584087
2025-04-18,WAB,0.014760712879584087
2025-04-18,WBA,-0.014760712879584087
2025-04-18,WDC,-0.014760712879584087
2025-04-18,WEC,0.014760712879584087
2025-04-18,WELL,0.014760712879584087
2025-04-18,WMB,0.014760712879584087
2025-04-18,WMT,0.014760712879584087
2025-04-18,WRB,-0.014760712879584087
2025-04-18,WST,-0.014760712879584087
2025-04-18,WTW,0.014760712879584087
2025-04-18,XEL,0.014760712879584087
2025-04-25,AAPL,0.013852113530609944
2025-04-25,ABNB,-0.013852113530609944
2025-04-25,ABT,0.013852113530609944
2025-04-25,ADM,-0.013852113530609944
2025-04-25,ADP,0.013852113530609944
2025-04-25,AEE,0.013852113530609944
2025-04-25,AEP,0.013852113530609944
2025-04-25,AES,-0.013852113530609944
2025-04-25,AFL,0.013852113530609944
2025-04-25,AJG,0.013852113530609944
2025-04-25,AKAM,-0.013852113530609944
2025-04-25,ALB,-0.013852113530609944
2025-04-25,ALGN,-0.013852113530609944
2025-04-25,AMAT,-0.013852113530609944
2025-04-25,AMD,-0.013852113530609944
2025-04-25,ANET,-0.013852113530609944
2025-04-25,AON,0.013852113530609944
2025-04-25,AOS,-0.013852113530609944
2025-04-25,APA,-0.013852113530609944
2025-04-25,APH,-0.013852113530609944
2025-04-25,ARE,-0.013852113530609944
2025-04-25,ATO,0.013852113530609944
2025-04-25,AVGO,-0.013852113530609944
2025-04-25,AVY,-0.013852113530609944
2025-04-25,AXON,0.013852113530609944
2025-04-25,AZO,0.013852113530609944
2025-04-25,BALL,-0.013852113530609944
2025-04-25,BAX,-0.013852113530609944
2025-04-25,BEN,-0.013852113530609944
2025-04-25,BFB,-0.013852113530609944
2025-04-25,BG,-0.013852113530609944
2025-04-25,BIIB,-0.013852113530609944
2025-04-25,BK,0.013852113530609944
2025-04-25,BKNG,0.013852113530609944
2025-04-25,BLDR,-0.013852113530609944
2025-04-25,BLK,0.013852113530609944
2025-04-25,BMY,0.013852113530609944
2025-04-25,BR,0.013852113530609944
2025-04-25,BRKB,0.013852113530609944
2025-04-25,BRO,0.013852113530609944
2025-04-25,BSX,0.013852113530609944
2025-04-25,CAG,-0.013852113530609944
2025-04-25,CAH,0.013852113530609944
2025-04-25,CB,0.013852113530609944
2025-04-25,CBRE,0.013852113530609944
2025-04-25,CDW,-0.013852113530609944
2025-04-25,CHRW,0.013852113530609944
2025-04-25,CHTR,0.013852113530609944
2025-04-25,CINF,0.013852113530609944
2025-04-25,CME,0.013852113530609944
2025-04-25,CMG,-0.013852113530609944
2025-04-25,CMS,0.013852113530609944
2025-04-25,CNC,-0.013852113530609944
2025-04-25,CNP,0.013852113530609944
2025-04-25,COP,-0.013852113530609944
2025-04-25,COST,0.013852113530609944
2025-04-25,CPB,-0.013852113530609944
2025-04-25,CPT,0.013852113530609944
2025-04-25,CRL,-0.013852113530609944
2025-04-25,CSCO,0.013852113530609944
2025-04-25,CSX,-0.013852113530609944
2025-04-25,CTAS,-0.013852113530609944
2025-04-25,CZR,-0.013852113530609944
2025-04-25,DECK,-0.013852113530609944
2025-04-25,DG,-0.013852113530609944
2025-04-25,DGX,0.013852113530609944
2025-04-25,DHR,-0.013852113530609944
2025-04-25,DLTR,-0.013852113530609944
2025-04-25,DOW,-0.013852113530609944
2025-04-25,DRI,0.013852113530609944
2025-04-25,DTE,0.013852113530609944
2025-04-25,DUK,0.013852113530609944
2025-04-25,DVN,-0.013852113530609944
2025-04-25,DXCM,-0.013852113530609944
2025-04-25,EIX,-0.013852113530609944
2025-04-25,EL,-0.013852113530609944
2025-04-25,ELV,-0.013852113530609944
2025-04-25,ENPH,-0.013852113530609944
2025-04-25,EPAM,-0.013852113530609944
2025-04-25,EVRG,0.013852113530609944
2025-04-25,F,-0.013852113530609944
2025-04-25,FANG,-0.013852113530609944
2025-04-25,FCX,-0.013852113530609944
2025-04-25,FFIV,0.013852113530609944
2025-04-25,FI,0.013852113530609944
2025-04-25,FICO,0.013852113530609944
2025-04-25,FOX,0.013852113530609944
2025-04-25,FOXA,0.013852113530609944
2025-04-25,FSLR,-0.013852113530609944
2025-04-25,FTNT,0.013852113530609944
2025-04-25,GEV,0.013852113530609944
2025-04-25,GILD,0.013852113530609944
2025-04-25,GIS,-0.013852113530609944
2025-04-25,GLW,0.013852113530609944
2025-04-25,GPC,-0.013852113530609944
2025-04-25,GPN,-0.013852113530609944
2025-04-25,GRMN,0.013852113530609944
2025-04-25,GS,0.013852113530609944
2025-04-25,HAL,-0.013852113530609944
2025-04-25,HII,-0.013852113530609944
2025-04-25,HOLX,-0.013852113530609944
2025-04-25,HRL,-0.013852113530609944
2025-04-25,HST,-0.013852113530609944
2025-04-25,HWM,0.013852113530609944
2025-04-25,IBM,0.013852113530609944
2025-04-25,ICE,0.013852113530609944
2025-04-25,IEX,-0.013852113530609944
2025-04-25,IP,0.013852113530609944
2025-04-25,IPG,-0.013852113530609944
2025-04-25,IQV,-0.013852113530609944
2025-04-25,ISRG,0.013852113530609944
2025-04-25,J,-0.013852113530609944
2025-04-25,JPM,0.013852113530609944
2025-04-25,K,0.013852113530609944
2025-04-25,KHC,-0.013852113530609944
2025-04-25,KMI,0.013852113530609944
2025-04-25,LEN,-0.013852113530609944
2025-04-25,LNT,0.013852113530609944
2025-04-25,LRCX,-0.013852113530609944
2025-04-25,LW,-0.013852113530609944
2025-04-25,LYB,-0.013852113530609944
2025-04-25,LYV,0.013852113530609944
2025-04-25,MAA,0.013852113530609944
2025-04-25,MCHP,-0.013852113530609944
2025-04-25,META,0.013852113530609944
2025-04-25,MGM,-0.013852113530609944
2025-04-25,MLM,-0.013852113530609944
2025-04-25,MMC,0.013852113530609944
2025-04-25,MMM,0.013852113530609944
2025-04-25,MO,0.013852113530609944
2025-04-25,MPC,-0.013852113530609944
2025-04-25,MRK,-0.013852113530609944
2025-04-25,MRNA,-0.013852113530609944
2025-04-25,MSI,0.013852113530609944
2025-04-25,NDAQ,0.013852113530609944
2025-04-25,NDSN,-0.013852113530609944
2025-04-25,NFLX,0.013852113530609944
2025-04-25,NI,0.013852113530609944
2025-04-25,NKE,-0.013852113530609944
2025-04-25,NUE,-0.013852113530609944
2025-04-25,NVDA,-0.013852113530609944
2025-04-25,OMC,-0.013852113530609944
2025-04-25,ON,-0.013852113530609944
2025-04-25,ORLY,0.013852113530609944
2025-04-25,OXY,-0.013852113530609944
2025-04-25,PANW,-0.013852113530609944
2025-04-25,PAYX,0.013852113530609944
2025-04-25,PEP,-0.013852113530609944
2025-04-25,PGR,0.013852113530609944
2025-04-25,PM,0.013852113530609944
2025-04-25,PNW,0.013852113530609944
2025-04-25,PODD,0.013852113530609944
2025-04-25,PPG,-0.013852113530609944
2025-04-25,PPL,0.013852113530609944
2025-04-25,PSX,-0.013852113530609944
2025-04-25,RCL,0.013852113530609944
2025-04-25,REG,0.013852113530609944
2025-04-25,REGN,-0.013852113530609944
2025-04-25,ROL,0.013852113530609944
2025-04-25,RSG,0.013852113530609944
2025-04-25,RTX,0.013852113530609944
2025-04-25,SLB,-0.013852113530609944
2025-04-25,SMCI,-0.013852113530609944
2025-04-25,SO,0.013852113530609944
2025-04-25,SPGI,0.013852113530609944
2025-04-25,STZ,-0.013852113530609944
2025-04-25,SWKS,-0.013852113530609944
2025-04-25,T,0.013852113530609944
2025-04-25,TDY,0.013852113530609944
2025-04-25,TGT,-0.013852113530609944
2025-04-25,TJX,0.013852113530609944
2025-04-25,TMUS,0.013852113530609944
2025-04-25,TPR,0.013852113530609944
2025-04-25,TRGP,0.013852113530609944
2025-04-25,TROW,-0.013852113530609944
2025-04-25,TSCO,-0.013852113530609944
2025-04-25,TTWO,0.013852113530609944
2025-04-25,UPS,-0.013852113530609944
2025-04-25,V,0.013852113530609944
2025-04-25,VLO,-0.013852113530609944
2025-04-25,VRSK,0.013852113530609944
2025-04-25,VRSN,0.013852113530609944
2025-04-25,VTR,0.013852113530609944
2025-04-25,VTRS,-0.013852113530609944
2025-04-25,WBA,-0.013852113530609944
2025-04-25,WDC,-0.013852113530609944
2025-04-25,WEC,0.013852113530609944
2025-04-25,WELL,0.013852113530609944
2025-04-25,WMB,0.013852113530609944
2025-04-25,WMT,0.013852113530609944
2025-04-25,WRB,-0.013852113530609944
2025-04-25,WST,-0.013852113530609944
2025-04-25,WTW,0.013852113530609944
2025-04-25,XEL,0.013852113530609944
2025-05-02,ABNB,-0.01377903411717407
2025-05-02,ABT,0.01377903411717407
2025-05-02,ADBE,-0.01377903411717407
2025-05-02,ADM,-0.01377903411717407
2025-05-02,ADP,0.01377903411717407
2025-05-02,AEE,0.01377903411717407
2025-05-02,AEP,0.01377903411717407
2025-05-02,AES,-0.01377903411717407
2025-05-02,AFL,0.01377903411717407
2025-05-02,AJG,0.01377903411717407
2025-05-02,ALB,-0.01377903411717407
2025-05-02,ALGN,-0.01377903411717407
2025-05-02,AMAT,-0.01377903411717407
2025-05-02,AMD,-0.01377903411717407
2025-05-02,AMT,0.01377903411717407
2025-05-02,ANET,-0.01377903411717407
2025-05-02,AON,0.01377903411717407
2025-05-02,AOS,-0.01377903411717407
2025-05-02,APA,-0.01377903411717407
2025-05-02,APH,-0.01377903411717407
2025-05-02,APTV,-0.01377903411717407
2025-05-02,ARE,-0.01377903411717407
2025-05-02,ATO,0.01377903411717407
2025-05-02,AVGO,-0.01377903411717407
2025-05-02,AVY,-0.01377903411717407
2025-05-02,AXON,0.01377903411717407
2025-05-02,AZO,0.01377903411717407
2025-05-02,BALL,-0.01377903411717407
2025-05-02,BEN,-0.01377903411717407
2025-05-02,BFB,-0.01377903411717407
2025-05-02,BG,-0.01377903411717407
2025-05-02,BIIB,-0.01377903411717407
2025-05-02,BK,0.01377903411717407
2025-05-02,BLDR,-0.01377903411717407
2025-05-02,BMY,0.01377903411717407
2025-05-02,BR,0.01377903411717407
2025-05-02,BRKB,0.01377903411717407
2025-05-02,BRO,0.01377903411717407
2025-05-02,BSX,0.01377903411717407
2025-05-02,CAG,-0.01377903411717407
2025-05-02,CAH,0.01377903411717407
2025-05-02,CB,0.01377903411717407
2025-05-02,CBOE,0.01377903411717407
2025-05-02,CBRE,0.01377903411717407
2025-05-02,CDW,-0.01377903411717407
2025-05-02,CHTR,0.01377903411717407
2025-05-02,CINF,0.01377903411717407
2025-05-02,CME,0.01377903411717407
2025-05-02,CMG,-0.01377903411717407
2025-05-02,CMS,0.01377903411717407
2025-05-02,CNP,0.01377903411717407
2025-05-02,COP,-0.01377903411717407
2025-05-02,COR,0.01377903411717407
2025-05-02,COST,0.01377903411717407
2025-05-02,CRL,-0.01377903411717407
2025-05-02,CSCO,0.01377903411717407
2025-05-02,CSX,-0.01377903411717407
2025-05-02,CTAS,-0.01377903411717407
2025-05-02,CZR,-0.01377903411717407
2025-05-02,DECK,-0.01377903411717407
2025-05-02,DG,-0.01377903411717407
2025-05-02,DGX,0.01377903411717407
2025-05-02,DHR,-0.01377903411717407
2025-05-02,DIS,-0.01377903411717407
2025-05-02,DLTR,-0.01377903411717407
2025-05-02,DOW,-0.01377903411717407
2025-05-02,DRI,0.01377903411717407
2025-05-02,DTE,0.01377903411717407
2025-05-02,DUK,0.01377903411717407
2025-05-02,DVN,-0.01377903411717407
2025-05-02,DXCM,-0.01377903411717407
2025-05-02,EBAY,0.01377903411717407
2025-05-02,EIX,-0.01377903411717407
2025-05-02,EL,-0.01377903411717407
2025-05-02,ENPH,-0.01377903411717407
2025-05-02,EPAM,-0.01377903411717407
2025-05-02,EVRG,0.01377903411717407
2025-05-02,EXC,0.01377903411717407
2025-05-02,FANG,-0.01377903411717407
2025-05-02,FCX,-0.01377903411717407
2025-05-02,FFIV,0.01377903411717407
2025-05-02,FI,0.01377903411717407
2025-05-02,FICO,0.01377903411717407
2025-05-02,FOX,0.01377903411717407
2025-05-02,FOXA,0.01377903411717407
2025-05-02,GEV,0.01377903411717407
2025-05-02,GILD,0.01377903411717407
2025-05-02,GIS,-0.01377903411717407
2025-05-02,GPC,-0.01377903411717407
2025-05-02,HAL,-0.01377903411717407
2025-05-02,HIG,0.01377903411717407
2025-05-02,HOLX,-0.01377903411717407
2025-05-02,HST,-0.01377903411717407
2025-05-02,HSY,-0.01377903411717407
2025-05-02,HWM,0.01377903411717407
2025-05-02,IBM,0.01377903411717407
2025-05-02,ICE,0.01377903411717407
2025-05-02,IEX,-0.01377903411717407
2025-05-02,IP,0.01377903411717407
2025-05-02,IPG,-0.01377903411717407
2025-05-02,IQV,-0.01377903411717407
2025-05-02,IR,-0.01377903411717407
2025-05-02,ISRG,0.01377903411717407
2025-05-02,J,-0.01377903411717407
2025-05-02,K,0.01377903411717407
2025-05-02,KHC,-0.01377903411717407
2025-05-02,KMI,0.01377903411717407
2025-05-02,KO,0.01377903411717407
2025-05-02,KR,0.01377903411717407
2025-05-02,L,0.01377903411717407
2025-05-02,LEN,-0.01377903411717407
2025-05-02,LNT,0.01377903411717407
2025-05-02,LRCX,-0.01377903411717407
2025-05-02,LYB,-0.01377903411717407
2025-05-02,LYV,0.01377903411717407
2025-05-02,MA,0.01377903411717407
2025-05-02,MAA,0.01377903411717407
2025-05-02,MCHP,-0.01377903411717407
2025-05-02,MCK,0.01377903411717407
2025-05-02,MGM,-0.01377903411717407
2025-05-02,MLM,-0.01377903411717407
2025-05-02,MMC,0.01377903411717407
2025-05-02,MMM,0.01377903411717407
2025-05-02,MO,0.01377903411717407
2025-05-02,MPC,-0.01377903411717407
2025-05-02,MRK,-0.01377903411717407
2025-05-02,MRNA,-0.01377903411717407
2025-05-02,MSI,0.01377903411717407
2025-05-02,NDAQ,0.01377903411717407
2025-05-02,NDSN,-0.01377903411717407
2025-05-02,NFLX,0.01377903411717407
2025-05-02,NI,0.01377903411717407
2025-05-02,NKE,-0.01377903411717407
2025-05-02,NUE,-0.01377903411717407
2025-05-02,NVDA,-0.01377903411717407
2025-05-02,NXPI,-0.01377903411717407
2025-05-02,OMC,-0.01377903411717407
2025-05-02,ON,-0.01377903411717407
2025-05-02,ORLY,0.01377903411717407
2025-05-02,OXY,-0.01377903411717407
2025-05-02,PANW,-0.01377903411717407
2025-05-02,PAYX,0.01377903411717407
2025-05-02,PEP,-0.01377903411717407
2025-05-02,PGR,0.01377903411717407
2025-05-02,PM,0.01377903411717407
2025-05-02,PNW,0.01377903411717407
2025-05-02,PODD,0.01377903411717407
2025-05-02,PPG,-0.01377903411717407
2025-05-02,PPL,0.01377903411717407
2025-05-02,PSX,-0.01377903411717407
2025-05-02,QCOM,-0.01377903411717407
2025-05-02,RCL,0.01377903411717407
2025-05-02,REG,0.01377903411717407
2025-05-02,REGN,-0.01377903411717407
2025-05-02,ROL,0.01377903411717407
2025-05-02,RSG,0.01377903411717407
2025-05-02,RTX,0.01377903411717407
2025-05-02,SMCI,-0.01377903411717407
2025-05-02,SO,0.01377903411717407
2025-05-02,STZ,-0.01377903411717407
2025-05-02,SWK,-0.01377903411717407
2025-05-02,SWKS,-0.01377903411717407
2025-05-02,T,0.01377903411717407
2025-05-02,TDY,0.01377903411717407
2025-05-02,TECH,-0.01377903411717407
2025-05-02,TER,-0.01377903411717407
2025-05-02,TGT,-0.01377903411717407
2025-05-02,TJX,0.01377903411717407
2025-05-02,TMO,-0.01377903411717407
2025-05-02,TMUS,0.01377903411717407
2025-05-02,TPR,0.01377903411717407
2025-05-02,TRGP,0.01377903411717407
2025-05-02,TROW,-0.01377903411717407
2025-05-02,TRV,0.01377903411717407
2025-05-02,TSCO,-0.01377903411717407
2025-05-02,TTWO,0.01377903411717407
2025-05-02,TXT,-0.01377903411717407
2025-05-02,UPS,-0.01377903411717407
2025-05-02,V,0.01377903411717407
2025-05-02,VLO,-0.01377903411717407
2025-05-02,VRSK,0.01377903411717407
2025-05-02,VRSN,0.01377903411717407
2025-05-02,VTR,0.01377903411717407
2025-05-02,VTRS,-0.01377903411717407
2025-05-02,WDC,-0.01377903411717407
2025-05-02,WEC,0.01377903411717407
2025-05-02,WELL,0.01377903411717407
2025-05-02,WMB,0.01377903411717407
2025-05-02,WMT,0.01377903411717407
2025-05-02,WST,-0.01377903411717407
2025-05-02,WTW,0.01377903411717407
2025-05-02,XEL,0.01377903411717407
2025-05-02,XYL,-0.01377903411717407
2025-05-02,ZBRA,-0.01377903411717407
2025-05-09,A,-0.01542859960868524
2025-05-09,ABT,0.01542859960868524
2025-05-09,ADM,-0.01542859960868524
2025-05-09,ADP,0.01542859960868524
2025-05-09,AEE,0.01542859960868524
2025-05-09,AEP,0.01542859960868524
2025-05-09,AES,-0.01542859960868524
2025-05-09,AFL,0.01542859960868524
2025-05-09,AJG,0.01542859960868524
2025-05-09,AKAM,-0.01542859960868524
2025-05-09,ALB,-0.01542859960868524
2025-05-09,ALGN,-0.01542859960868524
2025-05-09,AMAT,-0.01542859960868524
2025-05-09,AMD,-0.01542859960868524
2025-05-09,ANET,-0.01542859960868524
2025-05-09,AON,0.01542859960868524
2025-05-09,AOS,-0.01542859960868524
2025-05-09,APA,-0.01542859960868524
2025-05-09,APH,-0.01542859960868524
2025-05-09,APTV,-0.01542859960868524
2025-05-09,ARE,-0.01542859960868524
2025-05-09,ATO,0.01542859960868524
2025-05-09,AVGO,-0.01542859960868524
2025-05-09,AVY,-0.01542859960868524
2025-05-09,AXON,0.01542859960868524
2025-05-09,AZO,0.01542859960868524
2025-05-09,BALL,-0.01542859960868524
2025-05-09,BEN,-0.01542859960868524
2025-05-09,BFB,-0.01542859960868524
2025-05-09,BG,-0.01542859960868524
2025-05-09,BIIB,-0.01542859960868524
2025-05-09,BK,0.01542859960868524
2025-05-09,BKNG,0.01542859960868524
2025-05-09,BR,0.01542859960868524
2025-05-09,BRKB,0.01542859960868524
2025-05-09,BRO,0.01542859960868524
2025-05-09,BSX,0.01542859960868524
2025-05-09,CAG,-0.01542859960868524
2025-05-09,CAH,0.01542859960868524
2025-05-09,CB,0.01542859960868524
2025-05-09,CBOE,0.01542859960868524
2025-05-09,CBRE,0.01542859960868524
2025-05-09,CDW,-0.01542859960868524
2025-05-09,CHTR,0.01542859960868524
2025-05-09,CME,0.01542859960868524
2025-05-09,CMG,-0.01542859960868524
2025-05-09,CMS,0.01542859960868524
2025-05-09,CNP,0.01542859960868524
2025-05-09,COP,-0.01542859960868524
2025-05-09,COR,0.01542859960868524
2025-05-09,COST,0.01542859960868524
2025-05-09,CRL,-0.01542859960868524
2025-05-09,CSCO,0.01542859960868524
2025-05-09,CSX,-0.01542859960868524
2025-05-09,CTAS,-0.01542859960868524
2025-05-09,DD,-0.01542859960868524
2025-05-09,DECK,-0.01542859960868524
2025-05-09,DFS,0.01542859960868524
2025-05-09,DG,-0.01542859960868524
2025-05-09,DGX,0.01542859960868524
2025-05-09,DHR,-0.01542859960868524
2025-05-09,DLTR,-0.01542859960868524
2025-05-09,DOW,-0.01542859960868524
2025-05-09,DRI,0.01542859960868524
2025-05-09,DUK,0.01542859960868524
2025-05-09,DVN,-0.01542859960868524
2025-05-09,DXCM,-0.01542859960868524
2025-05-09,EBAY,0.01542859960868524
2025-05-09,EIX,-0.01542859960868524
2025-05-09,EL,-0.01542859960868524
2025-05-09,EMN,-0.01542859960868524
2025-05-09,ENPH,-0.01542859960868524
2025-05-09,EVRG,0.01542859960868524
2025-05-09,EXC,0.01542859960868524
2025-05-09,EXPE,0.01542859960868524
2025-05-09,FANG,-0.01542859960868524
2025-05-09,FCX,-0.01542859960868524
2025-05-09,FFIV,0.01542859960868524
2025-05-09,FI,0.01542859960868524
2025-05-09,FICO,0.01542859960868524
2025-05-09,FOX,0.01542859960868524
2025-05-09,FOXA,0.01542859960868524
2025-05-09,FTNT,0.01542859960868524
2025-05-09,GEHC,-0.01542859960868524
2025-05-09,GEV,0.01542859960868524
2025-05-09,GILD,0.01542859960868524
2025-05-09,GIS,-0.01542859960868524
2025-05-09,GL,0.01542859960868524
2025-05-09,GLW,0.01542859960868524
2025-05-09,GPC,-0.01542859960868524
2025-05-09,GPN,-0.01542859960868524
2025-05-09,HAL,-0.01542859960868524
2025-05-09,HOLX,-0.01542859960868524
2025-05-09,HRL,-0.01542859960868524
2025-05-09,HST,-0.01542859960868524
2025-05-09,HWM,0.01542859960868524
2025-05-09,IBM,0.01542859960868524
2025-05-09,ICE,0.01542859960868524
2025-05-09,IDXX,-0.01542859960868524
2025-05-09,IEX,-0.01542859960868524
2025-05-09,IFF,-0.01542859960868524
2025-05-09,IPG,-0.01542859960868524
2025-05-09,IQV,-0.01542859960868524
2025-05-09,ISRG,0.01542859960868524
2025-05-09,J,-0.01542859960868524
2025-05-09,K,0.01542859960868524
2025-05-09,KHC,-0.01542859960868524
2025-05-09,KMI,0.01542859960868524
2025-05-09,KO,0.01542859960868524
2025-05-09,KR,0.01542859960868524
2025-05-09,LEN,-0.01542859960868524
2025-05-09,LNT,0.01542859960868524
2025-05-09,LRCX,-0.01542859960868524
2025-05-09,LVS,-0.01542859960868524
2025-05-09,LYB,-0.01542859960868524
2025-05-09,LYV,0.01542859960868524
2025-05-09,MAA,0.01542859960868524
2025-05-09,MCD,0.01542859960868524
2025-05-09,MCHP,-0.01542859960868524
2025-05-09,MCK,0.01542859960868524
2025-05-09,MLM,-0.01542859960868524
2025-05-09,MMC,0.01542859960868524
2025-05-09,MMM,0.01542859960868524
2025-05-09,MO,0.01542859960868524
2025-05-09,MPC,-0.01542859960868524
2025-05-09,MRK,-0.01542859960868524
2025-05-09,MRNA,-0.01542859960868524
2025-05-09,MSI,0.01542859960868524
2025-05-09,NDAQ,0.01542859960868524
2025-05-09,NDSN,-0.01542859960868524
2025-05-09,NFLX,0.01542859960868524
2025-05-09,NI,0.01542859960868524
2025-05-09,NKE,-0.01542859960868524
2025-05-09,NUE,-0.01542859960868524
2025-05-09,NVDA,-0.01542859960868524
2025-05-09,NWS,0.01542859960868524
2025-05-09,NXPI,-0.01542859960868524
2025-05-09,OMC,-0.01542859960868524
2025-05-09,ON,-0.01542859960868524
2025-05-09,ORLY,0.01542859960868524
2025-05-09,OXY,-0.01542859960868524
2025-05-09,PAYX,0.01542859960868524
2025-05-09,PEP,-0.01542859960868524
2025-05-09,PFE,-0.01542859960868524
2025-05-09,PGR,0.01542859960868524
2025-05-09,PM,0.01542859960868524
2025-05-09,PNW,0.01542859960868524
2025-05-09,PODD,0.01542859960868524
2025-05-09,PPG,-0.01542859960868524
2025-05-09,PPL,0.01542859960868524
2025-05-09,PSX,-0.01542859960868524
2025-05-09,PTC,-0.01542859960868524
2025-05-09,RCL,0.01542859960868524
2025-05-09,REG,0.01542859960868524
2025-05-09,REGN,-0.01542859960868524
2025-05-09,ROL,0.01542859960868524
2025-05-09,RSG,0.01542859960868524
2025-05-09,RTX,0.01542859960868524
2025-05-09,SLB,-0.01542859960868524
2025-05-09,SO,0.01542859960868524
2025-05-09,STZ,-0.01542859960868524
2025-05-09,SWK,-0.01542859960868524
2025-05-09,SWKS,-0.01542859960868524
2025-05-09,T,0.01542859960868524
2025-05-09,TDY,0.01542859960868524
2025-05-09,TECH,-0.01542859960868524
2025-05-09,TER,-0.01542859960868524
2025-05-09,TGT,-0.01542859960868524
2025-05-09,TJX,0.01542859960868524
2025-05-09,TMO,-0.01542859960868524
2025-05-09,TMUS,0.01542859960868524
2025-05-09,TPR,0.01542859960868524
2025-05-09,TRGP,0.01542859960868524
2025-05-09,TROW,-0.01542859960868524
2025-05-09,TSCO,-0.01542859960868524
2025-05-09,TSLA,0.01542859960868524
2025-05-09,TTWO,0.01542859960868524
2025-05-09,TXT,-0.01542859960868524
2025-05-09,TYL,0.01542859960868524
2025-05-09,UPS,-0.01542859960868524
2025-05-09,V,0.01542859960868524
2025-05-09,VLO,-0.01542859960868524
2025-05-09,VRSK,0.01542859960868524
2025-05-09,VRSN,0.01542859960868524
2025-05-09,VTR,0.01542859960868524
2025-05-09,VTRS,-0.01542859960868524
2025-05-09,WDC,-0.01542859960868524
2025-05-09,WEC,0.01542859960868524
2025-05-09,WELL,0.01542859960868524
2025-05-09,WMB,0.01542859960868524
2025-05-09,WMT,0.01542859960868524
2025-05-09,WST,-0.01542859960868524
2025-05-09,WTW,0.01542859960868524
2025-05-09,XEL,0.01542859960868524
2025-05-09,XYL,-0.01542859960868524
2025-05-09,ZBRA,-0.01542859960868524
2025-05-16,A,-0.014619146639855906
2025-05-16,ABT,0.014619146639855906
2025-05-16,ADM,-0.014619146639855906
2025-05-16,ADP,0.014619146639855906
2025-05-16,AEE,0.014619146639855906
2025-05-16,AEP,0.014619146639855906
2025-05-16,AES,-0.014619146639855906
2025-05-16,AFL,0.014619146639855906
2025-05-16,AJG,0.014619146639855906
2025-05-16,ALB,-0.014619146639855906
2025-05-16,ALGN,-0.014619146639855906
2025-05-16,AMAT,-0.014619146639855906
2025-05-16,AMD,-0.014619146639855906
2025-05-16,ANET,-0.014619146639855906
2025-05-16,AON,0.014619146639855906
2025-05-16,AOS,-0.014619146639855906
2025-05-16,APA,-0.014619146639855906
2025-05-16,APH,-0.014619146639855906
2025-05-16,APTV,-0.014619146639855906
2025-05-16,ARE,-0.014619146639855906
2025-05-16,ATO,0.014619146639855906
2025-05-16,AVGO,-0.014619146639855906
2025-05-16,AVY,-0.014619146639855906
2025-05-16,AXON,0.014619146639855906
2025-05-16,AZO,0.014619146639855906
2025-05-16,BALL,-0.014619146639855906
2025-05-16,BEN,-0.014619146639855906
2025-05-16,BFB,-0.014619146639855906
2025-05-16,BG,-0.014619146639855906
2025-05-16,BIIB,-0.014619146639855906
2025-05-16,BK,0.014619146639855906
2025-05-16,BKNG,0.014619146639855906
2025-05-16,BR,0.014619146639855906
2025-05-16,BRKB,0.014619146639855906
2025-05-16,BRO,0.014619146639855906
2025-05-16,BSX,0.014619146639855906
2025-05-16,CAG,-0.014619146639855906
2025-05-16,CAH,0.014619146639855906
2025-05-16,CBOE,0.014619146639855906
2025-05-16,CBRE,0.014619146639855906
2025-05-16,CDW,-0.014619146639855906
2025-05-16,CME,0.014619146639855906
2025-05-16,CMG,-0.014619146639855906
2025-05-16,CMS,0.014619146639855906
2025-05-16,CNP,0.014619146639855906
2025-05-16,COR,0.014619146639855906
2025-05-16,COST,0.014619146639855906
2025-05-16,CPB,-0.014619146639855906
2025-05-16,CRL,-0.014619146639855906
2025-05-16,CSCO,0.014619146639855906
2025-05-16,CSX,-0.014619146639855906
2025-05-16,CTAS,-0.014619146639855906
2025-05-16,DECK,-0.014619146639855906
2025-05-16,DFS,0.014619146639855906
2025-05-16,DG,-0.014619146639855906
2025-05-16,DGX,0.014619146639855906
2025-05-16,DHR,-0.014619146639855906
2025-05-16,DLTR,-0.014619146639855906
2025-05-16,DOW,-0.014619146639855906
2025-05-16,DRI,0.014619146639855906
2025-05-16,DTE,0.014619146639855906
2025-05-16,DUK,0.014619146639855906
2025-05-16,DVN,-0.014619146639855906
2025-05-16,DXCM,-0.014619146639855906
2025-05-16,EBAY,0.014619146639855906
2025-05-16,ED,0.014619146639855906
2025-05-16,EIX,-0.014619146639855906
2025-05-16,EL,-0.014619146639855906
2025-05-16,ELV,-0.014619146639855906
2025-05-16,EMN,-0.014619146639855906
2025-05-16,ENPH,-0.014619146639855906
2025-05-16,EQT,0.014619146639855906
2025-05-16,EVRG,0.014619146639855906
2025-05-16,EXC,0.014619146639855906
2025-05-16,EXPE,0.014619146639855906
2025-05-16,FAST,0.014619146639855906
2025-05-16,FCX,-0.014619146639855906
2025-05-16,FFIV,0.014619146639855906
2025-05-16,FI,0.014619146639855906
2025-05-16,FICO,0.014619146639855906
2025-05-16,FOX,0.014619146639855906
2025-05-16,FOXA,0.014619146639855906
2025-05-16,FTNT,0.014619146639855906
2025-05-16,GEV,0.014619146639855906
2025-05-16,GILD,0.014619146639855906
2025-05-16,GIS,-0.014619146639855906
2025-05-16,GL,0.014619146639855906
2025-05-16,GPC,-0.014619146639855906
2025-05-16,GPN,-0.014619146639855906
2025-05-16,HAL,-0.014619146639855906
2025-05-16,HOLX,-0.014619146639855906
2025-05-16,HST,-0.014619146639855906
2025-05-16,HSY,-0.014619146639855906
2025-05-16,HWM,0.014619146639855906
2025-05-16,IBM,0.014619146639855906
2025-05-16,ICE,0.014619146639855906
2025-05-16,IDXX,-0.014619146639855906
2025-05-16,IEX,-0.014619146639855906
2025-05-16,IFF,-0.014619146639855906
2025-05-16,IPG,-0.014619146639855906
2025-05-16,IQV,-0.014619146639855906
2025-05-16,ISRG,0.014619146639855906
2025-05-16,JBHT,-0.014619146639855906
2025-05-16,K,0.014619146639855906
2025-05-16,KHC,-0.014619146639855906
2025-05-16,KMI,0.014619146639855906
2025-05-16,KO,0.014619146639855906
2025-05-16,KR,0.014619146639855906
2025-05-16,LEN,-0.014619146639855906
2025-05-16,LNT,0.014619146639855906
2025-05-16,LRCX,-0.014619146639855906
2025-05-16,LYB,-0.014619146639855906
2025-05-16,LYV,0.014619146639855906
2025-05-16,MAA,0.014619146639855906
2025-05-16,MCD,0.014619146639855906
2025-05-16,MCHP,-0.014619146639855906
2025-05-16,MCK,0.014619146639855906
2025-05-16,MGM,-0.014619146639855906
2025-05-16,MMM,0.014619146639855906
2025-05-16,MO,0.014619146639855906
2025-05-16,MPC,-0.014619146639855906
2025-05-16,MRK,-0.014619146639855906
2025-05-16,MRNA,-0.014619146639855906
2025-05-16,MSI,0.014619146639855906
2025-05-16,MTD,-0.014619146639855906
2025-05-16,NDAQ,0.014619146639855906
2025-05-16,NDSN,-0.014619146639855906
2025-05-16,NEM,0.014619146639855906
2025-05-16,NFLX,0.014619146639855906
2025-05-16,NI,0.014619146639855906
2025-05-16,NKE,-0.014619146639855906
2025-05-16,NUE,-0.014619146639855906
2025-05-16,NVDA,-0.014619146639855906
2025-05-16,NXPI,-0.014619146639855906
2025-05-16,OMC,-0.014619146639855906
2025-05-16,ON,-0.014619146639855906
2025-05-16,ORLY,0.014619146639855906
2025-05-16,OXY,-0.014619146639855906
2025-05-16,PAYX,0.014619146639855906
2025-05-16,PEP,-0.014619146639855906
2025-05-16,PFE,-0.014619146639855906
2025-05-16,PGR,0.014619146639855906
2025-05-16,PM,0.014619146639855906
2025-05-16,PNW,0.014619146639855906
2025-05-16,PODD,0.014619146639855906
2025-05-16,PPG,-0.014619146639855906
2025-05-16,PPL,0.014619146639855906
2025-05-16,PSX,-0.014619146639855906
2025-05-16,PTC,-0.014619146639855906
2025-05-16,QCOM,-0.014619146639855906
2025-05-16,RCL,0.014619146639855906
2025-05-16,REG,0.014619146639855906
2025-05-16,REGN,-0.014619146639855906
2025-05-16,ROL,0.014619146639855906
2025-05-16,RSG,0.014619146639855906
2025-05-16,RTX,0.014619146639855906
2025-05-16,SLB,-0.014619146639855906
2025-05-16,SNPS,-0.014619146639855906
2025-05-16,SO,0.014619146639855906
2025-05-16,STZ,-0.014619146639855906
2025-05-16,SWK,-0.014619146639855906
2025-05-16,SWKS,-0.014619146639855906
2025-05-16,T,0.014619146639855906
2025-05-16,TDY,0.014619146639855906
2025-05-16,TECH,-0.014619146639855906
2025-05-16,TER,-0.014619146639855906
2025-05-16,TGT,-0.014619146639855906
2025-05-16,TJX,0.014619146639855906
2025-05-16,TMO,-0.014619146639855906
2025-05-16,TMUS,0.014619146639855906
2025-05-16,TPR,0.014619146639855906
2025-05-16,TRGP,0.014619146639855906
2025-05-16,TROW,-0.014619146639855906
2025-05-16,TRV,0.014619146639855906
2025-05-16,TSCO,-0.014619146639855906
2025-05-16,TTWO,0.014619146639855906
2025-05-16,TXT,-0.014619146639855906
2025-05-16,TYL,0.014619146639855906
2025-05-16,UPS,-0.014619146639855906
2025-05-16,V,0.014619146639855906
2025-05-16,VLO,-0.014619146639855906
2025-05-16,VRSK,0.014619146639855906
2025-05-16,VRSN,0.014619146639855906
2025-05-16,VTR,0.014619146639855906
2025-05-16,VTRS,-0.014619146639855906
2025-05-16,WDC,-0.014619146639855906
2025-05-16,WEC,0.014619146639855906
2025-05-16,WELL,0.014619146639855906
2025-05-16,WMB,0.014619146639855906
2025-05-16,WMT,0.014619146639855906
2025-05-16,WST,-0.014619146639855906
2025-05-16,WTW,0.014619146639855906
2025-05-16,XEL,0.014619146639855906
2025-05-16,XYL,-0.014619146639855906
2025-05-16,ZBH,-0.014619146639855906
2025-05-16,ZBRA,-0.014619146639855906
2025-05-23,A,-0.013920570872064398
2025-05-23,ABT,0.013920570872064398
2025-05-23,ADBE,-0.013920570872064398
2025-05-23,ADM,-0.013920570872064398
2025-05-23,ADP,0.013920570872064398
2025-05-23,ADSK,0.013920570872064398
2025-05-23,AEE,0.013920570872064398
2025-05-23,AEP,0.013920570872064398
2025-05-23,AES,-0.013920570872064398
2025-05-23,AFL,0.013920570872064398
2025-05-23,AJG,0.013920570872064398
2025-05-23,ALB,-0.013920570872064398
2025-05-23,ALGN,-0.013920570872064398
2025-05-23,AMAT,-0.013920570872064398
2025-05-23,AMD,-0.013920570872064398
2025-05-23,ANET,-0.013920570872064398
2025-05-23,AON,0.013920570872064398
2025-05-23,AOS,-0.013920570872064398
2025-05-23,APA,-0.013920570872064398
2025-05-23,APH,-0.013920570872064398
2025-05-23,APTV,-0.013920570872064398
2025-05-23,ARE,-0.013920570872064398
2025-05-23,ATO,0.013920570872064398
2025-05-23,AVGO,-0.013920570872064398
2025-05-23,AVY,-0.013920570872064398
2025-05-23,AXON,0.013920570872064398
2025-05-23,AZO,0.013920570872064398
2025-05-23,BALL,-0.013920570872064398
2025-05-23,BEN,-0.013920570872064398
2025-05-23,BFB,-0.013920570872064398
2025-05-23,BG,-0.013920570872064398
2025-05-23,BIIB,-0.013920570872064398
2025-05-23,BK,0.013920570872064398
2025-05-23,BKNG,0.013920570872064398
2025-05-23,BR,0.013920570872064398
2025-05-23,BRKB,0.013920570872064398
2025-05-23,BRO,0.013920570872064398
2025-05-23,BSX,0.013920570872064398
2025-05-23,CAG,-0.013920570872064398
2025-05-23,CAH,0.013920570872064398
2025-05-23,CBRE,0.013920570872064398
2025-05-23,CDW,-0.013920570872064398
2025-05-23,CME,0.013920570872064398
2025-05-23,CMG,-0.013920570872064398
2025-05-23,CMS,0.013920570872064398
2025-05-23,CNP,0.013920570872064398
2025-05-23,COF,0.013920570872064398
2025-05-23,COR,0.013920570872064398
2025-05-23,COST,0.013920570872064398
2025-05-23,CPB,-0.013920570872064398
2025-05-23,CRL,-0.013920570872064398
2025-05-23,CSCO,0.013920570872064398
2025-05-23,CSX,-0.013920570872064398
2025-05-23,CTAS,-0.013920570872064398
2025-05-23,DE,0.013920570872064398
2025-05-23,DECK,-0.013920570872064398
2025-05-23,DFS,0.013920570872064398
2025-05-23,DG,-0.013920570872064398
2025-05-23,DGX,0.013920570872064398
2025-05-23,DHR,-0.013920570872064398
2025-05-23,DLTR,-0.013920570872064398
2025-05-23,DOW,-0.013920570872064398
2025-05-23,DRI,0.013920570872064398
2025-05-23,DTE,0.013920570872064398
2025-05-23,DUK,0.013920570872064398
2025-05-23,DVN,-0.013920570872064398
2025-05-23,DXCM,-0.013920570872064398
2025-05-23,EBAY,0.013920570872064398
2025-05-23,ED,0.013920570872064398
2025-05-23,EIX,-0.013920570872064398
2025-05-23,EL,-0.013920570872064398
2025-05-23,ELV,-0.013920570872064398
2025-05-23,ENPH,-0.013920570872064398
2025-05-23,EVRG,0.013920570872064398
2025-05-23,EXC,0.013920570872064398
2025-05-23,EXPE,0.013920570872064398
2025-05-23,FANG,-0.013920570872064398
2025-05-23,FAST,0.013920570872064398
2025-05-23,FFIV,0.013920570872064398
2025-05-23,FICO,0.013920570872064398
2025-05-23,FOX,0.013920570872064398
2025-05-23,FOXA,0.013920570872064398
2025-05-23,FSLR,-0.013920570872064398
2025-05-23,FTNT,0.013920570872064398
2025-05-23,GEV,0.013920570872064398
2025-05-23,GILD,0.013920570872064398
2025-05-23,GIS,-0.013920570872064398
2025-05-23,GL,0.013920570872064398
2025-05-23,GPN,-0.013920570872064398
2025-05-23,HAL,-0.013920570872064398
2025-05-23,HOLX,-0.013920570872064398
2025-05-23,HST,-0.013920570872064398
2025-05-23,HSY,-0.013920570872064398
2025-05-23,HWM,0.013920570872064398
2025-05-23,IBM,0.013920570872064398
2025-05-23,ICE,0.013920570872064398
2025-05-23,IEX,-0.013920570872064398
2025-05-23,IFF,-0.013920570872064398
2025-05-23,IPG,-0.013920570872064398
2025-05-23,IQV,-0.013920570872064398
2025-05-23,IR,-0.013920570872064398
2025-05-23,ISRG,0.013920570872064398
2025-05-23,JPM,0.013920570872064398
2025-05-23,K,0.013920570872064398
2025-05-23,KHC,-0.013920570872064398
2025-05-23,KMI,0.013920570872064398
2025-05-23,KO,0.013920570872064398
2025-05-23,KR,0.013920570872064398
2025-05-23,L,0.013920570872064398
2025-05-23,LEN,-0.013920570872064398
2025-05-23,LNT,0.013920570872064398
2025-05-23,LRCX,-0.013920570872064398
2025-05-23,LW,-0.013920570872064398
2025-05-23,LYB,-0.013920570872064398
2025-05-23,LYV,0.013920570872064398
2025-05-23,MA,0.013920570872064398
2025-05-23,MAA,0.013920570872064398
2025-05-23,MCD,0.013920570872064398
2025-05-23,MCHP,-0.013920570872064398
2025-05-23,MMM,0.013920570872064398
2025-05-23,MO,0.013920570872064398
2025-05-23,MRK,-0.013920570872064398
2025-05-23,MRNA,-0.013920570872064398
2025-05-23,MSI,0.013920570872064398
2025-05-23,MTD,-0.013920570872064398
2025-05-23,NDAQ,0.013920570872064398
2025-05-23,NDSN,-0.013920570872064398
2025-05-23,NEM,0.013920570872064398
2025-05-23,NFLX,0.013920570872064398
2025-05-23,NI,0.013920570872064398
2025-05-23,NKE,-0.013920570872064398
2025-05-23,NRG,0.013920570872064398
2025-05-23,NUE,-0.013920570872064398
2025-05-23,NVDA,-0.013920570872064398
2025-05-23,NXPI,-0.013920570872064398
2025-05-23,OMC,-0.013920570872064398
2025-05-23,ON,-0.013920570872064398
2025-05-23,ORLY,0.013920570872064398
2025-05-23,OXY,-0.013920570872064398
2025-05-23,PANW,-0.013920570872064398
2025-05-23,PEP,-0.013920570872064398
2025-05-23,PFE,-0.013920570872064398
2025-05-23,PGR,0.013920570872064398
2025-05-23,PM,0.013920570872064398
2025-05-23,PNW,0.013920570872064398
2025-05-23,PODD,0.013920570872064398
2025-05-23,POOL,-0.013920570872064398
2025-05-23,PPG,-0.013920570872064398
2025-05-23,PPL,0.013920570872064398
2025-05-23,PSX,-0.013920570872064398
2025-05-23,PTC,-0.013920570872064398
2025-05-23,QCOM,-0.013920570872064398
2025-05-23,RCL,0.013920570872064398
2025-05-23,REG,0.013920570872064398
2025-05-23,REGN,-0.013920570872064398
2025-05-23,ROL,0.013920570872064398
2025-05-23,RSG,0.013920570872064398
2025-05-23,RTX,0.013920570872064398
2025-05-23,SLB,-0.013920570872064398
2025-05-23,SMCI,-0.013920570872064398
2025-05-23,SNPS,-0.013920570872064398
2025-05-23,SO,0.013920570872064398
2025-05-23,STZ,-0.013920570872064398
2025-05-23,SWK,-0.013920570872064398
2025-05-23,SWKS,-0.013920570872064398
2025-05-23,T,0.013920570872064398
2025-05-23,TECH,-0.013920570872064398
2025-05-23,TER,-0.013920570872064398
2025-05-23,TGT,-0.013920570872064398
2025-05-23,TJX,0.013920570872064398
2025-05-23,TMO,-0.013920570872064398
2025-05-23,TMUS,0.013920570872064398
2025-05-23,TPR,0.013920570872064398
2025-05-23,TRGP,0.013920570872064398
2025-05-23,TROW,-0.013920570872064398
2025-05-23,TRV,0.013920570872064398
2025-05-23,TSCO,-0.013920570872064398
2025-05-23,TTWO,0.013920570872064398
2025-05-23,TXT,-0.013920570872064398
2025-05-23,UPS,-0.013920570872064398
2025-05-23,V,0.013920570872064398
2025-05-23,VLO,-0.013920570872064398
2025-05-23,VRSK,0.013920570872064398
2025-05-23,VRSN,0.013920570872064398
2025-05-23,VTR,0.013920570872064398
2025-05-23,VTRS,-0.013920570872064398
2025-05-23,WDC,-0.013920570872064398
2025-05-23,WEC,0.013920570872064398
2025-05-23,WELL,0.013920570872064398
2025-05-23,WMB,0.013920570872064398
2025-05-23,WMT,0.013920570872064398
2025-05-23,WST,-0.013920570872064398
2025-05-23,WTW,0.013920570872064398
2025-05-23,XEL,0.013920570872064398
2025-05-23,XYL,-0.013920570872064398
2025-05-23,ZBRA,-0.013920570872064398
2025-05-30,ABT,0.014067269353228619
2025-05-30,ADM,-0.014067269353228619
2025-05-30,ADP,0.014067269353228619
2025-05-30,ADSK,0.014067269353228619
2025-05-30,AEE,0.014067269353228619
2025-05-30,AEP,0.014067269353228619
2025-05-30,AES,-0.014067269353228619
2025-05-30,AJG,0.014067269353228619
2025-05-30,ALB,-0.014067269353228619
2025-05-30,ALGN,-0.014067269353228619
2025-05-30,AMAT,-0.014067269353228619
2025-05-30,AMD,-0.014067269353228619
2025-05-30,ANET,-0.014067269353228619
2025-05-30,AON,0.014067269353228619
2025-05-30,AOS,-0.014067269353228619
2025-05-30,APA,-0.014067269353228619
2025-05-30,APH,-0.014067269353228619
2025-05-30,APTV,-0.014067269353228619
2025-05-30,ARE,-0.014067269353228619
2025-05-30,ATO,0.014067269353228619
2025-05-30,AVGO,-0.014067269353228619
2025-05-30,AVY,-0.014067269353228619
2025-05-30,AXON,0.014067269353228619
2025-05-30,AZO,0.014067269353228619
2025-05-30,BALL,-0.014067269353228619
2025-05-30,BDX,-0.014067269353228619
2025-05-30,BEN,-0.014067269353228619
2025-05-30,BFB,-0.014067269353228619
2025-05-30,BG,-0.014067269353228619
2025-05-30,BIIB,-0.014067269353228619
2025-05-30,BK,0.014067269353228619
2025-05-30,BKNG,0.014067269353228619
2025-05-30,BLDR,-0.014067269353228619
2025-05-30,BR,0.014067269353228619
2025-05-30,BRKB,0.014067269353228619
2025-05-30,BRO,0.014067269353228619
2025-05-30,BSX,0.014067269353228619
2025-05-30,CAG,-0.014067269353228619
2025-05-30,CAH,0.014067269353228619
2025-05-30,CBOE,0.014067269353228619
2025-05-30,CBRE,0.014067269353228619
2025-05-30,CDW,-0.014067269353228619
2025-05-30,CME,0.014067269353228619
2025-05-30,CMG,-0.014067269353228619
2025-05-30,CMS,0.014067269353228619
2025-05-30,CNP,0.014067269353228619
2025-05-30,COR,0.014067269353228619
2025-05-30,COST,0.014067269353228619
2025-05-30,CPB,-0.014067269353228619
2025-05-30,CRL,-0.014067269353228619
2025-05-30,CSCO,0.014067269353228619
2025-05-30,CSX,-0.014067269353228619
2025-05-30,CTAS,-0.014067269353228619
2025-05-30,DD,-0.014067269353228619
2025-05-30,DE,0.014067269353228619
2025-05-30,DECK,-0.014067269353228619
2025-05-30,DG,-0.014067269353228619
2025-05-30,DGX,0.014067269353228619
2025-05-30,DHR,-0.014067269353228619
2025-05-30,DLTR,-0.014067269353228619
2025-05-30,DOW,-0.014067269353228619
2025-05-30,DRI,0.014067269353228619
2025-05-30,DTE,0.014067269353228619
2025-05-30,DUK,0.014067269353228619
2025-05-30,DVN,-0.014067269353228619
2025-05-30,DXCM,-0.014067269353228619
2025-05-30,EBAY,0.014067269353228619
2025-05-30,ED,0.014067269353228619
2025-05-30,EIX,-0.014067269353228619
2025-05-30,EL,-0.014067269353228619
2025-05-30,ELV,-0.014067269353228619
2025-05-30,EMN,-0.014067269353228619
2025-05-30,ENPH,-0.014067269353228619
2025-05-30,EVRG,0.014067269353228619
2025-05-30,EXC,0.014067269353228619
2025-05-30,EXPE,0.014067269353228619
2025-05-30,FANG,-0.014067269353228619
2025-05-30,FAST,0.014067269353228619
2025-05-30,FCX,-0.014067269353228619
2025-05-30,FFIV,0.014067269353228619
2025-05-30,FICO,0.014067269353228619
2025-05-30,FOX,0.014067269353228619
2025-05-30,FOXA,0.014067269353228619
2025-05-30,FSLR,-0.014067269353228619
2025-05-30,FTNT,0.014067269353228619
2025-05-30,GEV,0.014067269353228619
2025-05-30,GILD,0.014067269353228619
2025-05-30,GIS,-0.014067269353228619
2025-05-30,GL,0.014067269353228619
2025-05-30,GNRC,-0.014067269353228619
2025-05-30,GPN,-0.014067269353228619
2025-05-30,HAL,-0.014067269353228619
2025-05-30,HOLX,-0.014067269353228619
2025-05-30,HPQ,-0.014067269353228619
2025-05-30,HST,-0.014067269353228619
2025-05-30,HWM,0.014067269353228619
2025-05-30,IBM,0.014067269353228619
2025-05-30,ICE,0.014067269353228619
2025-05-30,IFF,-0.014067269353228619
2025-05-30,IPG,-0.014067269353228619
2025-05-30,IQV,-0.014067269353228619
2025-05-30,IR,-0.014067269353228619
2025-05-30,ISRG,0.014067269353228619
2025-05-30,JBHT,-0.014067269353228619
2025-05-30,JPM,0.014067269353228619
2025-05-30,K,0.014067269353228619
2025-05-30,KHC,-0.014067269353228619
2025-05-30,KMI,0.014067269353228619
2025-05-30,KR,0.014067269353228619
2025-05-30,LEN,-0.014067269353228619
2025-05-30,LH,0.014067269353228619
2025-05-30,LNT,0.014067269353228619
2025-05-30,LRCX,-0.014067269353228619
2025-05-30,LW,-0.014067269353228619
2025-05-30,LYB,-0.014067269353228619
2025-05-30,LYV,0.014067269353228619
2025-05-30,MA,0.014067269353228619
2025-05-30,MAA,0.014067269353228619
2025-05-30,MCD,0.014067269353228619
2025-05-30,MCHP,-0.014067269353228619
2025-05-30,MMM,0.014067269353228619
2025-05-30,MO,0.014067269353228619
2025-05-30,MRK,-0.014067269353228619
2025-05-30,MRNA,-0.014067269353228619
2025-05-30,MSI,0.014067269353228619
2025-05-30,MTD,-0.014067269353228619
2025-05-30,MU,-0.014067269353228619
2025-05-30,NDAQ,0.014067269353228619
2025-05-30,NDSN,-0.014067269353228619
2025-05-30,NEE,-0.014067269353228619
2025-05-30,NFLX,0.014067269353228619
2025-05-30,NI,0.014067269353228619
2025-05-30,NKE,-0.014067269353228619
2025-05-30,NOW,0.014067269353228619
2025-05-30,NUE,-0.014067269353228619
2025-05-30,NVDA,-0.014067269353228619
2025-05-30,NXPI,-0.014067269353228619
2025-05-30,OMC,-0.014067269353228619
2025-05-30,ON,-0.014067269353228619
2025-05-30,ORLY,0.014067269353228619
2025-05-30,OXY,-0.014067269353228619
2025-05-30,PAYC,0.014067269353228619
2025-05-30,PAYX,0.014067269353228619
2025-05-30,PEP,-0.014067269353228619
2025-05-30,PFE,-0.014067269353228619
2025-05-30,PGR,0.014067269353228619
2025-05-30,PM,0.014067269353228619
2025-05-30,PNW,0.014067269353228619
2025-05-30,PODD,0.014067269353228619
2025-05-30,PPG,-0.014067269353228619
2025-05-30,PPL,0.014067269353228619
2025-05-30,PSX,-0.014067269353228619
2025-05-30,QCOM,-0.014067269353228619
2025-05-30,RCL,0.014067269353228619
2025-05-30,REG,0.014067269353228619
2025-05-30,REGN,-0.014067269353228619
2025-05-30,ROL,0.014067269353228619
2025-05-30,RSG,0.014067269353228619
2025-05-30,RTX,0.014067269353228619
2025-05-30,SLB,-0.014067269353228619
2025-05-30,SMCI,-0.014067269353228619
2025-05-30,SO,0.014067269353228619
2025-05-30,STZ,-0.014067269353228619
2025-05-30,SWK,-0.014067269353228619
2025-05-30,SWKS,-0.014067269353228619
2025-05-30,T,0.014067269353228619
2025-05-30,TDY,0.014067269353228619
2025-05-30,TECH,-0.014067269353228619
2025-05-30,TER,-0.014067269353228619
2025-05-30,TGT,-0.014067269353228619
2025-05-30,TJX,0.014067269353228619
2025-05-30,TMO,-0.014067269353228619
2025-05-30,TMUS,0.014067269353228619
2025-05-30,TPR,0.014067269353228619
2025-05-30,TRGP,0.014067269353228619
2025-05-30,TROW,-0.014067269353228619
2025-05-30,TRV,0.014067269353228619
2025-05-30,TSCO,-0.014067269353228619
2025-05-30,TTWO,0.014067269353228619
2025-05-30,TXT,-0.014067269353228619
2025-05-30,UPS,-0.014067269353228619
2025-05-30,V,0.014067269353228619
2025-05-30,VLO,-0.014067269353228619
2025-05-30,VRSK,0.014067269353228619
2025-05-30,VRSN,0.014067269353228619
2025-05-30,VTR,0.014067269353228619
2025-05-30,WDC,-0.014067269353228619
2025-05-30,WEC,0.014067269353228619
2025-05-30,WELL,0.014067269353228619
2025-05-30,WMB,0.014067269353228619
2025-05-30,WMT,0.014067269353228619
2025-05-30,WST,-0.014067269353228619
2025-05-30,WTW,0.014067269353228619
2025-05-30,XEL,0.014067269353228619
2025-06-06,ABT,0.01629485645947971
2025-06-06,ADM,-0.01629485645947971
2025-06-06,ADP,0.01629485645947971
2025-06-06,ADSK,0.01629485645947971
2025-06-06,AEE,0.01629485645947971
2025-06-06,AEP,0.01629485645947971
2025-06-06,AES,-0.01629485645947971
2025-06-06,AJG,0.01629485645947971
2025-06-06,ALB,-0.01629485645947971
2025-06-06,ALGN,-0.01629485645947971
2025-06-06,ALL,0.01629485645947971
2025-06-06,AMAT,-0.01629485645947971
2025-06-06,AMD,-0.01629485645947971
2025-06-06,ANET,-0.01629485645947971
2025-06-06,AON,0.01629485645947971
2025-06-06,AOS,-0.01629485645947971
2025-06-06,APA,-0.01629485645947971
2025-06-06,APH,-0.01629485645947971
2025-06-06,APTV,-0.01629485645947971
2025-06-06,ARE,-0.01629485645947971
2025-06-06,ATO,0.01629485645947971
2025-06-06,AVGO,-0.01629485645947971
2025-06-06,AVY,-0.01629485645947971
2025-06-06,AXON,0.01629485645947971
2025-06-06,AZO,0.01629485645947971
2025-06-06,BALL,-0.01629485645947971
2025-06-06,BDX,-0.01629485645947971
2025-06-06,BFB,-0.01629485645947971
2025-06-06,BG,-0.01629485645947971
2025-06-06,BIIB,-0.01629485645947971
2025-06-06,BK,0.01629485645947971
2025-06-06,BKNG,0.01629485645947971
2025-06-06,BR,0.01629485645947971
2025-06-06,BRKB,0.01629485645947971
2025-06-06,BRO,0.01629485645947971
2025-06-06,BSX,0.01629485645947971
2025-06-06,CAG,-0.01629485645947971
2025-06-06,CAH,0.01629485645947971
2025-06-06,CBOE,0.01629485645947971
2025-06-06,CBRE,0.01629485645947971
2025-06-06,CHD,-0.01629485645947971
2025-06-06,CHTR,0.01629485645947971
2025-06-06,CINF,0.01629485645947971
2025-06-06,CME,0.01629485645947971
2025-06-06,CMG,-0.01629485645947971
2025-06-06,CMS,0.01629485645947971
2025-06-06,CNP,0.01629485645947971
2025-06-06,COF,0.01629485645947971
2025-06-06,COP,-0.01629485645947971
2025-06-06,CPB,-0.01629485645947971
2025-06-06,CRL,-0.01629485645947971
2025-06-06,CSCO,0.01629485645947971
2025-06-06,CSX,-0.01629485645947971
2025-06-06,CTAS,-0.01629485645947971
2025-06-06,DD,-0.01629485645947971
2025-06-06,DE,0.01629485645947971
2025-06-06,DECK,-0.01629485645947971
2025-06-06,DG,-0.01629485645947971
2025-06-06,DGX,0.01629485645947971
2025-06-06,DHR,-0.01629485645947971
2025-06-06,DOW,-0.01629485645947971
2025-06-06,DRI,0.01629485645947971
2025-06-06,DTE,0.01629485645947971
2025-06-06,DVN,-0.01629485645947971
2025-06-06,EBAY,0.01629485645947971
2025-06-06,EIX,-0.01629485645947971
2025-06-06,EL,-0.01629485645947971
2025-06-06,ELV,-0.01629485645947971
2025-06-06,EMN,-0.01629485645947971
2025-06-06,ENPH,-0.01629485645947971
2025-06-06,EVRG,0.01629485645947971
2025-06-06,EXC,0.01629485645947971
2025-06-06,EXPD,-0.01629485645947971
2025-06-06,EXPE,0.01629485645947971
2025-06-06,FANG,-0.01629485645947971
2025-06-06,FAST,0.01629485645947971
2025-06-06,FCX,-0.01629485645947971
2025-06-06,FFIV,0.01629485645947971
2025-06-06,FICO,0.01629485645947971
2025-06-06,FOX,0.01629485645947971
2025-06-06,FOXA,0.01629485645947971
2025-06-06,FSLR,-0.01629485645947971
2025-06-06,FTNT,0.01629485645947971
2025-06-06,GE,0.01629485645947971
2025-06-06,GEV,0.01629485645947971
2025-06-06,GILD,0.01629485645947971
2025-06-06,GIS,-0.01629485645947971
2025-06-06,GL,0.01629485645947971
2025-06-06,GPC,-0.01629485645947971
2025-06-06,HAL,-0.01629485645947971
2025-06-06,HIG,0.01629485645947971
2025-06-06,HOLX,-0.01629485645947971
2025-06-06,HPQ,-0.01629485645947971
2025-06-06,HST,-0.01629485645947971
2025-06-06,HSY,-0.01629485645947971
2025-06-06,HUM,-0.01629485645947971
2025-06-06,HWM,0.01629485645947971
2025-06-06,IBM,0.01629485645947971
2025-06-06,ICE,0.01629485645947971
2025-06-06,IFF,-0.01629485645947971
2025-06-06,IPG,-0.01629485645947971
2025-06-06,IQV,-0.01629485645947971
2025-06-06,ISRG,0.01629485645947971
2025-06-06,JCI,0.01629485645947971
2025-06-06,JPM,0.01629485645947971
2025-06-06,K,0.01629485645947971
2025-06-06,KHC,-0.01629485645947971
2025-06-06,KMI,0.01629485645947971
2025-06-06,KR,0.01629485645947971
2025-06-06,KVUE,0.01629485645947971
2025-06-06,LEN,-0.01629485645947971
2025-06-06,LH,0.01629485645947971
2025-06-06,LNT,0.01629485645947971
2025-06-06,LRCX,-0.01629485645947971
2025-06-06,LW,-0.01629485645947971
2025-06-06,LYB,-0.01629485645947971
2025-06-06,LYV,0.01629485645947971
2025-06-06,MA,0.01629485645947971
2025-06-06,MCD,0.01629485645947971
2025-06-06,MCHP,-0.01629485645947971
2025-06-06,MMM,0.01629485645947971
2025-06-06,MO,0.01629485645947971
2025-06-06,MRK,-0.01629485645947971
2025-06-06,MRNA,-0.01629485645947971
2025-06-06,MTD,-0.01629485645947971
2025-06-06,NDAQ,0.01629485645947971
2025-06-06,NFLX,0.01629485645947971
2025-06-06,NI,0.01629485645947971
2025-06-06,NKE,-0.01629485645947971
2025-06-06,NRG,0.01629485645947971
2025-06-06,NTAP,-0.01629485645947971
2025-06-06,NUE,-0.01629485645947971
2025-06-06,NVDA,-0.01629485645947971
2025-06-06,NXPI,-0.01629485645947971
2025-06-06,OMC,-0.01629485645947971
2025-06-06,ON,-0.01629485645947971
2025-06-06,ORLY,0.01629485645947971
2025-06-06,OXY,-0.01629485645947971
2025-06-06,PANW,-0.01629485645947971
2025-06-06,PAYC,0.01629485645947971
2025-06-06,PAYX,0.01629485645947971
2025-06-06,PCAR,-0.01629485645947971
2025-06-06,PEP,-0.01629485645947971
2025-06-06,PFE,-0.01629485645947971
2025-06-06,PGR,0.01629485645947971
2025-06-06,PM,0.01629485645947971
2025-06-06,PNW,0.01629485645947971
2025-06-06,PODD,0.01629485645947971
2025-06-06,PPG,-0.01629485645947971
2025-06-06,PPL,0.01629485645947971
2025-06-06,PSX,-0.01629485645947971
2025-06-06,QCOM,-0.01629485645947971
2025-06-06,RCL,0.01629485645947971
2025-06-06,REGN,-0.01629485645947971
2025-06-06,ROL,0.01629485645947971
2025-06-06,RSG,0.01629485645947971
2025-06-06,RTX,0.01629485645947971
2025-06-06,RVTY,-0.01629485645947971
2025-06-06,SLB,-0.01629485645947971
2025-06-06,SMCI,-0.01629485645947971
2025-06-06,STZ,-0.01629485645947971
2025-06-06,SWK,-0.01629485645947971
2025-06-06,SWKS,-0.01629485645947971
2025-06-06,T,0.01629485645947971
2025-06-06,TDY,0.01629485645947971
2025-06-06,TECH,-0.01629485645947971
2025-06-06,TER,-0.01629485645947971
2025-06-06,TGT,-0.01629485645947971
2025-06-06,TJX,0.01629485645947971
2025-06-06,TMO,-0.01629485645947971
2025-06-06,TMUS,0.01629485645947971
2025-06-06,TPR,0.01629485645947971
2025-06-06,TRGP,0.01629485645947971
2025-06-06,TROW,-0.01629485645947971
2025-06-06,TRV,0.01629485645947971
2025-06-06,TSCO,-0.01629485645947971
2025-06-06,TTWO,0.01629485645947971
2025-06-06,TXT,-0.01629485645947971
2025-06-06,UNH,-0.01629485645947971
2025-06-06,UPS,-0.01629485645947971
2025-06-06,V,0.01629485645947971
2025-06-06,VLO,-0.01629485645947971
2025-06-06,VRSK,0.01629485645947971
2025-06-06,VRSN,0.01629485645947971
2025-06-06,VTR,0.01629485645947971
2025-06-06,WDC,-0.01629485645947971
2025-06-06,WEC,0.01629485645947971
2025-06-06,WELL,0.01629485645947971
2025-06-06,WMB,0.01629485645947971
2025-06-06,WMT,0.01629485645947971
2025-06-06,WST,-0.01629485645947971
2025-06-06,WTW,0.01629485645947971
2025-06-06,XEL,0.01629485645947971
2025-06-06,ZBH,-0.01629485645947971
2025-06-13,A,-0.013490618956802057
2025-06-13,ABT,0.013490618956802057
2025-06-13,ADM,-0.013490618956802057
2025-06-13,ADP,0.013490618956802057
2025-06-13,ADSK,0.013490618956802057
2025-06-13,AEE,0.013490618956802057
2025-06-13,AES,-0.013490618956802057
2025-06-13,AJG,0.013490618956802057
2025-06-13,ALB,-0.013490618956802057
2025-06-13,ALGN,-0.013490618956802057
2025-06-13,ALL,0.013490618956802057
2025-06-13,AMAT,-0.013490618956802057
2025-06-13,AMD,-0.013490618956802057
2025-06-13,ANET,-0.013490618956802057
2025-06-13,AON,0.013490618956802057
2025-06-13,AOS,-0.013490618956802057
2025-06-13,APA,-0.013490618956802057
2025-06-13,ARE,-0.013490618956802057
2025-06-13,ATO,0.013490618956802057
2025-06-13,AVGO,-0.013490618956802057
2025-06-13,AVY,-0.013490618956802057
2025-06-13,AXON,0.013490618956802057
2025-06-13,AXP,0.013490618956802057
2025-06-13,AZO,0.013490618956802057
2025-06-13,BALL,-0.013490618956802057
2025-06-13,BDX,-0.013490618956802057
2025-06-13,BFB,-0.013490618956802057
2025-06-13,BG,-0.013490618956802057
2025-06-13,BIIB,-0.013490618956802057
2025-06-13,BK,0.013490618956802057
2025-06-13,BKNG,0.013490618956802057
2025-06-13,BLDR,-0.013490618956802057
2025-06-13,BLK,0.013490618956802057
2025-06-13,BR,0.013490618956802057
2025-06-13,BRKB,0.013490618956802057
2025-06-13,BRO,0.013490618956802057
2025-06-13,BSX,0.013490618956802057
2025-06-13,CAG,-0.013490618956802057
2025-06-13,CAH,0.013490618956802057
2025-06-13,CBOE,0.013490618956802057
2025-06-13,CBRE,0.013490618956802057
2025-06-13,CDW,-0.013490618956802057
2025-06-13,CHD,-0.013490618956802057
2025-06-13,CHTR,0.013490618956802057
2025-06-13,CINF,0.013490618956802057
2025-06-13,CME,0.013490618956802057
2025-06-13,CMG,-0.013490618956802057
2025-06-13,CMS,0.013490618956802057
2025-06-13,COF,0.013490618956802057
2025-06-13,COO,-0.013490618956802057
2025-06-13,COP,-0.013490618956802057
2025-06-13,CPAY,0.013490618956802057
2025-06-13,CPB,-0.013490618956802057
2025-06-13,CRL,-0.013490618956802057
2025-06-13,CSCO,0.013490618956802057
2025-06-13,CTAS,-0.013490618956802057
2025-06-13,CTVA,0.013490618956802057
2025-06-13,DD,-0.013490618956802057
2025-06-13,DE,0.013490618956802057
2025-06-13,DECK,-0.013490618956802057
2025-06-13,DG,-0.013490618956802057
2025-06-13,DGX,0.013490618956802057
2025-06-13,DHR,-0.013490618956802057
2025-06-13,DOC,-0.013490618956802057
2025-06-13,DOW,-0.013490618956802057
2025-06-13,DRI,0.013490618956802057
2025-06-13,DVN,-0.013490618956802057
2025-06-13,DXCM,-0.013490618956802057
2025-06-13,EBAY,0.013490618956802057
2025-06-13,EIX,-0.013490618956802057
2025-06-13,EL,-0.013490618956802057
2025-06-13,ELV,-0.013490618956802057
2025-06-13,EMN,-0.013490618956802057
2025-06-13,ENPH,-0.013490618956802057
2025-06-13,EVRG,0.013490618956802057
2025-06-13,EXC,0.013490618956802057
2025-06-13,FANG,-0.013490618956802057
2025-06-13,FAST,0.013490618956802057
2025-06-13,FCX,-0.013490618956802057
2025-06-13,FFIV,0.013490618956802057
2025-06-13,FICO,0.013490618956802057
2025-06-13,FOX,0.013490618956802057
2025-06-13,FOXA,0.013490618956802057
2025-06-13,FSLR,-0.013490618956802057
2025-06-13,FTNT,0.013490618956802057
2025-06-13,GE,0.013490618956802057
2025-06-13,GEV,0.013490618956802057
2025-06-13,GILD,0.013490618956802057
2025-06-13,GIS,-0.013490618956802057
2025-06-13,GL,0.013490618956802057
2025-06-13,GS,0.013490618956802057
2025-06-13,HAL,-0.013490618956802057
2025-06-13,HIG,0.013490618956802057
2025-06-13,HOLX,-0.013490618956802057
2025-06-13,HPQ,-0.013490618956802057
2025-06-13,HST,-0.013490618956802057
2025-06-13,HSY,-0.013490618956802057
2025-06-13,HUM,-0.013490618956802057
2025-06-13,HWM,0.013490618956802057
2025-06-13,IBM,0.013490618956802057
2025-06-13,ICE,0.013490618956802057
2025-06-13,IFF,-0.013490618956802057
2025-06-13,INTC,-0.013490618956802057
2025-06-13,IPG,-0.013490618956802057
2025-06-13,IQV,-0.013490618956802057
2025-06-13,ISRG,0.013490618956802057
2025-06-13,JCI,0.013490618956802057
2025-06-13,JPM,0.013490618956802057
2025-06-13,K,0.013490618956802057
2025-06-13,KHC,-0.013490618956802057
2025-06-13,KMI,0.013490618956802057
2025-06-13,KR,0.013490618956802057
2025-06-13,KVUE,0.013490618956802057
2025-06-13,LEN,-0.013490618956802057
2025-06-13,LLY,-0.013490618956802057
2025-06-13,LNT,0.013490618956802057
2025-06-13,LRCX,-0.013490618956802057
2025-06-13,LW,-0.013490618956802057
2025-06-13,LYB,-0.013490618956802057
2025-06-13,LYV,0.013490618956802057
2025-06-13,MA,0.013490618956802057
2025-06-13,MCD,0.013490618956802057
2025-06-13,MCHP,-0.013490618956802057
2025-06-13,MMM,0.013490618956802057
2025-06-13,MO,0.013490618956802057
2025-06-13,MRK,-0.013490618956802057
2025-06-13,MRNA,-0.013490618956802057
2025-06-13,MS,0.013490618956802057
2025-06-13,MTD,-0.013490618956802057
2025-06-13,MU,-0.013490618956802057
2025-06-13,NDAQ,0.013490618956802057
2025-06-13,NDSN,-0.013490618956802057
2025-06-13,NFLX,0.013490618956802057
2025-06-13,NI,0.013490618956802057
2025-06-13,NKE,-0.013490618956802057
2025-06-13,NRG,0.013490618956802057
2025-06-13,NTAP,-0.013490618956802057
2025-06-13,NTRS,0.013490618956802057
2025-06-13,NUE,-0.013490618956802057
2025-06-13,NXPI,-0.013490618956802057
2025-06-13,OMC,-0.013490618956802057
2025-06-13,ON,-0.013490618956802057
2025-06-13,ORLY,0.013490618956802057
2025-06-13,OXY,-0.013490618956802057
2025-06-13,PANW,-0.013490618956802057
2025-06-13,PAYC,0.013490618956802057
2025-06-13,PAYX,0.013490618956802057
2025-06-13,PEP,-0.013490618956802057
2025-06-13,PFE,-0.013490618956802057
2025-06-13,PGR,0.013490618956802057
2025-06-13,PM,0.013490618956802057
2025-06-13,PODD,0.013490618956802057
2025-06-13,PPG,-0.013490618956802057
2025-06-13,PPL,0.013490618956802057
2025-06-13,QCOM,-0.013490618956802057
2025-06-13,RCL,0.013490618956802057
2025-06-13,REGN,-0.013490618956802057
2025-06-13,RSG,0.013490618956802057
2025-06-13,RTX,0.013490618956802057
2025-06-13,RVTY,-0.013490618956802057
2025-06-13,SLB,-0.013490618956802057
2025-06-13,SMCI,-0.013490618956802057
2025-06-13,STT,0.013490618956802057
2025-06-13,STZ,-0.013490618956802057
2025-06-13,SWKS,-0.013490618956802057
2025-06-13,T,0.013490618956802057
2025-06-13,TDY,0.013490618956802057
2025-06-13,TECH,-0.013490618956802057
2025-06-13,TER,-0.013490618956802057
2025-06-13,TGT,-0.013490618956802057
2025-06-13,TJX,0.013490618956802057
2025-06-13,TMO,-0.013490618956802057
2025-06-13,TMUS,0.013490618956802057
2025-06-13,TPR,0.013490618956802057
2025-06-13,TROW,-0.013490618956802057
2025-06-13,TRV,0.013490618956802057
2025-06-13,TSCO,-0.013490618956802057
2025-06-13,TSLA,0.013490618956802057
2025-06-13,TTWO,0.013490618956802057
2025-06-13,TXT,-0.013490618956802057
2025-06-13,UNH,-0.013490618956802057
2025-06-13,UPS,-0.013490618956802057
2025-06-13,V,0.013490618956802057
2025-06-13,VRSN,0.013490618956802057
2025-06-13,VTR,0.013490618956802057
2025-06-13,VTRS,-0.013490618956802057
2025-06-13,WDC,-0.013490618956802057
2025-06-13,WEC,0.013490618956802057
2025-06-13,WELL,0.013490618956802057
2025-06-13,WMB,0.013490618956802057
2025-06-13,WMT,0.013490618956802057
2025-06-13,WST,-0.013490618956802057
2025-06-13,WTW,0.013490618956802057
2025-06-13,XEL,0.013490618956802057
2025-06-20,A,-0.013593356076382948
2025-06-20,ABT,0.013593356076382948
2025-06-20,ADBE,-0.013593356076382948
2025-06-20,ADM,-0.013593356076382948
2025-06-20,ADP,0.013593356076382948
2025-06-20,AEE,0.013593356076382948
2025-06-20,AES,-0.013593356076382948
2025-06-20,AJG,0.013593356076382948
2025-06-20,ALB,-0.013593356076382948
2025-06-20,ALGN,-0.013593356076382948
2025-06-20,ALL,0.013593356076382948
2025-06-20,ALLE,0.013593356076382948
2025-06-20,AMAT,-0.013593356076382948
2025-06-20,AMD,-0.013593356076382948
2025-06-20,AMGN,-0.013593356076382948
2025-06-20,ANET,-0.013593356076382948
2025-06-20,AON,0.013593356076382948
2025-06-20,AOS,-0.013593356076382948
2025-06-20,APA,-0.013593356076382948
2025-06-20,ARE,-0.013593356076382948
2025-06-20,ATO,0.013593356076382948
2025-06-20,AVGO,-0.013593356076382948
2025-06-20,AVY,-0.013593356076382948
2025-06-20,AXON,0.013593356076382948
2025-06-20,AZO,0.013593356076382948
2025-06-20,BBY,-0.013593356076382948
2025-06-20,BDX,-0.013593356076382948
2025-06-20,BFB,-0.013593356076382948
2025-06-20,BG,-0.013593356076382948
2025-06-20,BIIB,-0.013593356076382948
2025-06-20,BK,0.013593356076382948
2025-06-20,BKNG,0.013593356076382948
2025-06-20,BLDR,-0.013593356076382948
2025-06-20,BR,0.013593356076382948
2025-06-20,BRKB,0.013593356076382948
2025-06-20,BRO,0.013593356076382948
2025-06-20,BSX,0.013593356076382948
2025-06-20,CAG,-0.013593356076382948
2025-06-20,CAH,0.013593356076382948
2025-06-20,CBOE,0.013593356076382948
2025-06-20,CBRE,0.013593356076382948
2025-06-20,CDW,-0.013593356076382948
2025-06-20,CHD,-0.013593356076382948
2025-06-20,CHTR,0.013593356076382948
2025-06-20,CINF,0.013593356076382948
2025-06-20,CME,0.013593356076382948
2025-06-20,CMG,-0.013593356076382948
2025-06-20,CMS,0.013593356076382948
2025-06-20,COP,-0.013593356076382948
2025-06-20,CPB,-0.013593356076382948
2025-06-20,CRL,-0.013593356076382948
2025-06-20,CSCO,0.013593356076382948
2025-06-20,CTAS,-0.013593356076382948
2025-06-20,CTVA,0.013593356076382948
2025-06-20,CZR,-0.013593356076382948
2025-06-20,DE,0.013593356076382948
2025-06-20,DECK,-0.013593356076382948
2025-06-20,DGX,0.013593356076382948
2025-06-20,DHR,-0.013593356076382948
2025-06-20,DOC,-0.013593356076382948
2025-06-20,DOW,-0.013593356076382948
2025-06-20,DRI,0.013593356076382948
2025-06-20,DTE,0.013593356076382948
2025-06-20,DVN,-0.013593356076382948
2025-06-20,EBAY,0.013593356076382948
2025-06-20,EIX,-0.013593356076382948
2025-06-20,EL,-0.013593356076382948
2025-06-20,ELV,-0.013593356076382948
2025-06-20,EMN,-0.013593356076382948
2025-06-20,ENPH,-0.013593356076382948
2025-06-20,EQT,0.013593356076382948
2025-06-20,EVRG,0.013593356076382948
2025-06-20,EXC,0.013593356076382948
2025-06-20,FANG,-0.013593356076382948
2025-06-20,FAST,-0.01359335607638295
2025-06-20,FCX,-0.013593356076382948
2025-06-20,FFIV,0.013593356076382948
2025-06-20,FOX,0.013593356076382948
2025-06-20,FOXA,0.013593356076382948
2025-06-20,FSLR,-0.013593356076382948
2025-06-20,FTNT,0.013593356076382948
2025-06-20,GE,0.013593356076382948
2025-06-20,GEV,0.013593356076382948
2025-06-20,GILD,0.013593356076382948
2025-06-20,GIS,-0.013593356076382948
2025-06-20,GL,0.013593356076382948
2025-06-20,GPN,-0.013593356076382948
2025-06-20,HAL,-0.013593356076382948
2025-06-20,HIG,0.013593356076382948
2025-06-20,HOLX,-0.013593356076382948
2025-06-20,HPQ,-0.013593356076382948
2025-06-20,HST,-0.013593356076382948
2025-06-20,HSY,-0.013593356076382948
2025-06-20,HUM,-0.013593356076382948
2025-06-20,HWM,0.013593356076382948
2025-06-20,IBM,0.013593356076382948
2025-06-20,ICE,0.013593356076382948
2025-06-20,IFF,-0.013593356076382948
2025-06-20,IPG,-0.013593356076382948
2025-06-20,IQV,-0.013593356076382948
2025-06-20,JBL,0.013593356076382948
2025-06-20,JCI,0.013593356076382948
2025-06-20,JPM,0.013593356076382948
2025-06-20,K,0.013593356076382948
2025-06-20,KHC,-0.013593356076382948
2025-06-20,KMI,0.013593356076382948
2025-06-20,KR,0.013593356076382948
2025-06-20,LEN,-0.013593356076382948
2025-06-20,LNT,0.013593356076382948
2025-06-20,LRCX,-0.013593356076382948
2025-06-20,LW,-0.013593356076382948
2025-06-20,LYB,-0.013593356076382948
2025-06-20,LYV,0.013593356076382948
2025-06-20,MA,0.013593356076382948
2025-06-20,MCD,0.013593356076382948
2025-06-20,MCHP,-0.013593356076382948
2025-06-20,MGM,-0.013593356076382948
2025-06-20,MMM,0.013593356076382948
2025-06-20,MNST,0.013593356076382948
2025-06-20,MO,0.013593356076382948
2025-06-20,MRK,-0.013593356076382948
2025-06-20,MRNA,-0.013593356076382948
2025-06-20,MTD,-0.013593356076382948
2025-06-20,MU,-0.013593356076382948
2025-06-20,NDAQ,0.013593356076382948
2025-06-20,NDSN,-0.013593356076382948
2025-06-20,NFLX,0.013593356076382948
2025-06-20,NI,0.013593356076382948
2025-06-20,NKE,-0.013593356076382948
2025-06-20,NRG,0.013593356076382948
2025-06-20,NTAP,-0.013593356076382948
2025-06-20,NTRS,0.013593356076382948
2025-06-20,NUE,-0.013593356076382948
2025-06-20,NXPI,-0.013593356076382948
2025-06-20,OMC,-0.013593356076382948
2025-06-20,ON,-0.013593356076382948
2025-06-20,ORLY,0.013593356076382948
2025-06-20,OXY,-0.013593356076382948
2025-06-20,PANW,-0.013593356076382948
2025-06-20,PAYC,0.013593356076382948
2025-06-20,PAYX,0.013593356076382948
2025-06-20,PEP,-0.013593356076382948
2025-06-20,PFE,-0.013593356076382948
2025-06-20,PGR,0.013593356076382948
2025-06-20,PH,0.013593356076382948
2025-06-20,PM,0.013593356076382948
2025-06-20,PNW,0.013593356076382948
2025-06-20,PODD,0.013593356076382948
2025-06-20,PPG,-0.013593356076382948
2025-06-20,PPL,0.013593356076382948
2025-06-20,QCOM,-0.013593356076382948
2025-06-20,RCL,0.013593356076382948
2025-06-20,REGN,-0.013593356076382948
2025-06-20,RL,0.013593356076382948
2025-06-20,RSG,0.013593356076382948
2025-06-20,RTX,0.013593356076382948
2025-06-20,RVTY,-0.013593356076382948
2025-06-20,SLB,-0.013593356076382948
2025-06-20,SMCI,-0.013593356076382948
2025-06-20,SOLV,0.013593356076382948
2025-06-20,STT,0.013593356076382948
2025-06-20,STZ,-0.013593356076382948
2025-06-20,SWKS,-0.013593356076382948
2025-06-20,T,0.013593356076382948
2025-06-20,TDY,0.013593356076382948
2025-06-20,TECH,-0.013593356076382948
2025-06-20,TER,-0.013593356076382948
2025-06-20,TGT,-0.013593356076382948
2025-06-20,TMO,-0.013593356076382948
2025-06-20,TMUS,0.013593356076382948
2025-06-20,TPR,0.013593356076382948
2025-06-20,TROW,-0.013593356076382948
2025-06-20,TRV,0.013593356076382948
2025-06-20,TSCO,-0.013593356076382948
2025-06-20,TSLA,0.013593356076382948
2025-06-20,TTWO,0.013593356076382948
2025-06-20,TXT,-0.013593356076382948
2025-06-20,UAL,0.013593356076382948
2025-06-20,UNH,-0.013593356076382948
2025-06-20,UPS,-0.013593356076382948
2025-06-20,V,0.013593356076382948
2025-06-20,VRSK,0.013593356076382948
2025-06-20,VRSN,0.013593356076382948
2025-06-20,VST,0.013593356076382948
2025-06-20,VTR,0.013593356076382948
2025-06-20,WDC,-0.013593356076382948
2025-06-20,WEC,0.013593356076382948
2025-06-20,WELL,0.013593356076382948
2025-06-20,WMB,0.013593356076382948
2025-06-20,WMT,0.013593356076382948
2025-06-20,WST,-0.013593356076382948
2025-06-20,WTW,0.013593356076382948
2025-06-20,XEL,0.013593356076382948
2025-06-20,ZBH,-0.013593356076382948
2025-06-27,ABT,0.013556759874856808
2025-06-27,ADBE,-0.013556759874856808
2025-06-27,ADM,-0.013556759874856808
2025-06-27,ADP,0.013556759874856808
2025-06-27,AEE,0.013556759874856808
2025-06-27,AES,-0.013556759874856808
2025-06-27,AJG,0.013556759874856808
2025-06-27,ALB,-0.013556759874856808
2025-06-27,ALGN,-0.013556759874856808
2025-06-27,ALL,0.013556759874856808
2025-06-27,AMAT,-0.013556759874856808
2025-06-27,AMD,-0.013556759874856808
2025-06-27,ANET,-0.013556759874856808
2025-06-27,AON,0.013556759874856808
2025-06-27,AOS,-0.013556759874856808
2025-06-27,APA,-0.013556759874856808
2025-06-27,ARE,-0.013556759874856808
2025-06-27,ATO,0.013556759874856808
2025-06-27,AVGO,-0.013556759874856808
2025-06-27,AVY,-0.013556759874856808
2025-06-27,AXON,0.013556759874856808
2025-06-27,AZO,0.013556759874856808
2025-06-27,BBY,-0.013556759874856808
2025-06-27,BDX,-0.013556759874856808
2025-06-27,BFB,-0.013556759874856808
2025-06-27,BG,-0.013556759874856808
2025-06-27,BIIB,-0.013556759874856808
2025-06-27,BK,0.013556759874856808
2025-06-27,BKNG,0.013556759874856808
2025-06-27,BLDR,-0.013556759874856808
2025-06-27,BR,0.013556759874856808
2025-06-27,BRKB,0.013556759874856808
2025-06-27,BRO,0.013556759874856808
2025-06-27,BSX,0.013556759874856808
2025-06-27,CAG,-0.013556759874856808
2025-06-27,CAH,0.013556759874856808
2025-06-27,CBOE,0.013556759874856808
2025-06-27,CBRE,0.013556759874856808
2025-06-27,CDW,-0.013556759874856808
2025-06-27,CINF,0.013556759874856808
2025-06-27,CME,0.013556759874856808
2025-06-27,CNC,-0.013556759874856808
2025-06-27,CNP,0.013556759874856808
2025-06-27,COF,0.013556759874856808
2025-06-27,COP,-0.013556759874856808
2025-06-27,COR,0.013556759874856808
2025-06-27,CPB,-0.013556759874856808
2025-06-27,CRL,-0.013556759874856808
2025-06-27,CSCO,0.013556759874856808
2025-06-27,CTAS,-0.013556759874856808
2025-06-27,CTVA,0.013556759874856808
2025-06-27,CZR,-0.013556759874856808
2025-06-27,DE,0.013556759874856808
2025-06-27,DECK,-0.013556759874856808
2025-06-27,DG,-0.013556759874856808
2025-06-27,DGX,0.013556759874856808
2025-06-27,DHI,-0.013556759874856808
2025-06-27,DHR,-0.013556759874856808
2025-06-27,DOW,-0.013556759874856808
2025-06-27,DRI,0.013556759874856808
2025-06-27,DTE,0.013556759874856808
2025-06-27,DVN,-0.013556759874856808
2025-06-27,EBAY,0.013556759874856808
2025-06-27,EIX,-0.013556759874856808
2025-06-27,EL,-0.013556759874856808
2025-06-27,ELV,-0.013556759874856808
2025-06-27,EMN,-0.013556759874856808
2025-06-27,ENPH,-0.013556759874856808
2025-06-27,EQT,0.013556759874856808
2025-06-27,EVRG,0.013556759874856808
2025-06-27,EXC,0.013556759874856808
2025-06-27,EXPD,-0.013556759874856808
2025-06-27,FANG,-0.013556759874856808
2025-06-27,FAST,-0.013556759874856808
2025-06-27,FDX,-0.013556759874856808
2025-06-27,FFIV,0.013556759874856808
2025-06-27,FOX,0.013556759874856808
2025-06-27,FOXA,0.013556759874856808
2025-06-27,FSLR,-0.013556759874856808
2025-06-27,FTNT,0.013556759874856808
2025-06-27,GE,0.013556759874856808
2025-06-27,GEV,0.013556759874856808
2025-06-27,GILD,0.013556759874856808
2025-06-27,GIS,-0.013556759874856808
2025-06-27,GL,0.013556759874856808
2025-06-27,GPN,-0.013556759874856808
2025-06-27,GS,0.013556759874856808
2025-06-27,HAL,-0.013556759874856808
2025-06-27,HIG,0.013556759874856808
2025-06-27,HOLX,-0.013556759874856808
2025-06-27,HPQ,-0.013556759874856808
2025-06-27,HST,-0.013556759874856808
2025-06-27,HSY,-0.013556759874856808
2025-06-27,HUM,-0.013556759874856808
2025-06-27,HWM,0.013556759874856808
2025-06-27,IBM,0.013556759874856808
2025-06-27,ICE,0.013556759874856808
2025-06-27,IFF,-0.013556759874856808
2025-06-27,INTC,-0.013556759874856808
2025-06-27,IPG,-0.013556759874856808
2025-06-27,IQV,-0.013556759874856808
2025-06-27,JBL,0.013556759874856808
2025-06-27,JCI,0.013556759874856808
2025-06-27,JPM,0.013556759874856808
2025-06-27,K,0.013556759874856808
2025-06-27,KHC,-0.013556759874856808
2025-06-27,KMI,0.013556759874856808
2025-06-27,KR,0.013556759874856808
2025-06-27,LEN,-0.013556759874856808
2025-06-27,LLY,-0.013556759874856808
2025-06-27,LNT,0.013556759874856808
2025-06-27,LRCX,-0.013556759874856808
2025-06-27,LW,-0.013556759874856808
2025-06-27,LYB,-0.013556759874856808
2025-06-27,LYV,0.013556759874856808
2025-06-27,MA,0.013556759874856808
2025-06-27,MCD,0.013556759874856808
2025-06-27,MCHP,-0.013556759874856808
2025-06-27,MGM,-0.013556759874856808
2025-06-27,MMM,0.013556759874856808
2025-06-27,MO,0.013556759874856808
2025-06-27,MRK,-0.013556759874856808
2025-06-27,MRNA,-0.013556759874856808
2025-06-27,MTD,-0.013556759874856808
2025-06-27,NDAQ,0.013556759874856808
2025-06-27,NFLX,0.013556759874856808
2025-06-27,NI,0.013556759874856808
2025-06-27,NKE,-0.013556759874856808
2025-06-27,NRG,0.013556759874856808
2025-06-27,NTAP,-0.013556759874856808
2025-06-27,NTRS,0.013556759874856808
2025-06-27,NUE,-0.013556759874856808
2025-06-27,NXPI,-0.013556759874856808
2025-06-27,OMC,-0.013556759874856808
2025-06-27,ON,-0.013556759874856808
2025-06-27,ORLY,0.013556759874856808
2025-06-27,OXY,-0.013556759874856808
2025-06-27,PANW,-0.013556759874856808
2025-06-27,PAYC,0.013556759874856808
2025-06-27,PAYX,0.013556759874856808
2025-06-27,PEP,-0.013556759874856808
2025-06-27,PFE,-0.013556759874856808
2025-06-27,PGR,0.013556759874856808
2025-06-27,PH,0.013556759874856808
2025-06-27,PM,0.013556759874856808
2025-06-27,PNR,0.013556759874856808
2025-06-27,PNW,0.013556759874856808
2025-06-27,PODD,0.013556759874856808
2025-06-27,PPG,-0.013556759874856808
2025-06-27,PPL,0.013556759874856808
2025-06-27,PSX,-0.013556759874856808
2025-06-27,QCOM,-0.013556759874856808
2025-06-27,RCL,0.013556759874856808
2025-06-27,REGN,-0.013556759874856808
2025-06-27,RL,0.013556759874856808
2025-06-27,RSG,0.013556759874856808
2025-06-27,RTX,0.013556759874856808
2025-06-27,RVTY,-0.013556759874856808
2025-06-27,SLB,-0.013556759874856808
2025-06-27,SMCI,-0.013556759874856808
2025-06-27,SNPS,-0.013556759874856808
2025-06-27,SOLV,0.013556759874856808
2025-06-27,STT,0.013556759874856808
2025-06-27,STZ,-0.013556759874856808
2025-06-27,SWKS,-0.013556759874856808
2025-06-27,T,0.013556759874856808
2025-06-27,TDY,0.013556759874856808
2025-06-27,TECH,-0.013556759874856808
2025-06-27,TER,-0.013556759874856808
2025-06-27,TGT,-0.013556759874856808
2025-06-27,TMO,-0.013556759874856808
2025-06-27,TMUS,0.013556759874856808
2025-06-27,TPR,0.013556759874856808
2025-06-27,TROW,-0.013556759874856808
2025-06-27,TRV,0.013556759874856808
2025-06-27,TSCO,-0.013556759874856808
2025-06-27,TSLA,0.013556759874856808
2025-06-27,TTWO,0.013556759874856808
2025-06-27,TXT,-0.013556759874856808
2025-06-27,UAL,0.013556759874856808
2025-06-27,UNH,-0.013556759874856808
2025-06-27,UPS,-0.013556759874856808
2025-06-27,V,0.013556759874856808
2025-06-27,VRSN,0.013556759874856808
2025-06-27,VST,0.013556759874856808
2025-06-27,VTR,0.013556759874856808
2025-06-27,WAB,0.013556759874856808
2025-06-27,WDC,-0.013556759874856808
2025-06-27,WEC,0.013556759874856808
2025-06-27,WELL,0.013556759874856808
2025-06-27,WMB,0.013556759874856808
2025-06-27,WMT,0.013556759874856808
2025-06-27,WST,-0.013556759874856808
2025-06-27,WTW,0.013556759874856808
2025-06-27,XEL,0.013556759874856808
2025-06-27,ZBH,-0.013556759874856808
2025-07-04,ABT,0.015086798095119086
2025-07-04,ADBE,-0.015086798095119086
2025-07-04,ADM,-0.015086798095119086
2025-07-04,ADP,0.015086798095119086
2025-07-04,AEE,0.015086798095119086
2025-07-04,AES,-0.015086798095119086
2025-07-04,AJG,0.015086798095119086
2025-07-04,ALB,-0.015086798095119086
2025-07-04,ALGN,-0.015086798095119086
2025-07-04,ALL,0.015086798095119086
2025-07-04,AMAT,-0.015086798095119086
2025-07-04,AMD,-0.015086798095119086
2025-07-04,ANET,-0.015086798095119086
2025-07-04,AON,0.015086798095119086
2025-07-04,AOS,-0.015086798095119086
2025-07-04,APA,-0.015086798095119086
2025-07-04,ARE,-0.015086798095119086
2025-07-04,ATO,0.015086798095119086
2025-07-04,AVGO,-0.015086798095119086
2025-07-04,AVY,-0.015086798095119086
2025-07-04,AXON,0.015086798095119086
2025-07-04,AZO,0.015086798095119086
2025-07-04,BDX,-0.015086798095119086
2025-07-04,BFB,-0.015086798095119086
2025-07-04,BG,-0.015086798095119086
2025-07-04,BIIB,-0.015086798095119086
2025-07-04,BK,0.015086798095119086
2025-07-04,BKNG,0.015086798095119086
2025-07-04,BR,0.015086798095119086
2025-07-04,BRKB,0.015086798095119086
2025-07-04,BRO,0.015086798095119086
2025-07-04,BSX,0.015086798095119086
2025-07-04,CAG,-0.015086798095119086
2025-07-04,CAH,0.015086798095119086
2025-07-04,CBOE,0.015086798095119086
2025-07-04,CBRE,0.015086798095119086
2025-07-04,CDW,-0.015086798095119086
2025-07-04,CINF,0.015086798095119086
2025-07-04,CME,0.015086798095119086
2025-07-04,CMS,0.015086798095119086
2025-07-04,CNC,-0.015086798095119086
2025-07-04,CNP,0.015086798095119086
2025-07-04,COO,-0.015086798095119086
2025-07-04,COP,-0.015086798095119086
2025-07-04,COR,0.015086798095119086
2025-07-04,CPB,-0.015086798095119086
2025-07-04,CRL,-0.015086798095119086
2025-07-04,CSCO,0.015086798095119086
2025-07-04,CTAS,-0.015086798095119086
2025-07-04,CTVA,0.015086798095119086
2025-07-04,CVX,-0.015086798095119086
2025-07-04,CZR,-0.015086798095119086
2025-07-04,DD,-0.015086798095119086
2025-07-04,DE,0.015086798095119086
2025-07-04,DECK,-0.015086798095119086
2025-07-04,DGX,0.015086798095119086
2025-07-04,DHR,-0.015086798095119086
2025-07-04,DOC,-0.015086798095119086
2025-07-04,DOW,-0.015086798095119086
2025-07-04,DRI,0.015086798095119086
2025-07-04,DTE,0.015086798095119086
2025-07-04,DVN,-0.015086798095119086
2025-07-04,EBAY,0.015086798095119086
2025-07-04,EIX,-0.015086798095119086
2025-07-04,EL,-0.015086798095119086
2025-07-04,ELV,-0.015086798095119086
2025-07-04,EMN,-0.015086798095119086
2025-07-04,ENPH,-0.015086798095119086
2025-07-04,EQIX,0.015086798095119086
2025-07-04,EQT,0.015086798095119086
2025-07-04,EVRG,0.015086798095119086
2025-07-04,EXC,0.015086798095119086
2025-07-04,EXPD,-0.015086798095119086
2025-07-04,F,-0.015086798095119086
2025-07-04,FANG,-0.015086798095119086
2025-07-04,FAST,-0.015086798095119086
2025-07-04,FDX,-0.015086798095119086
2025-07-04,FFIV,0.015086798095119086
2025-07-04,FOX,0.015086798095119086
2025-07-04,FOXA,0.015086798095119086
2025-07-04,FSLR,-0.015086798095119086
2025-07-04,FTNT,0.015086798095119086
2025-07-04,GE,0.015086798095119086
2025-07-04,GEV,0.015086798095119086
2025-07-04,GILD,0.015086798095119086
2025-07-04,GIS,-0.015086798095119086
2025-07-04,GL,0.015086798095119086
2025-07-04,GPN,-0.015086798095119086
2025-07-04,HAL,-0.015086798095119086
2025-07-04,HIG,0.015086798095119086
2025-07-04,HOLX,-0.015086798095119086
2025-07-04,HPQ,-0.015086798095119086
2025-07-04,HST,-0.015086798095119086
2025-07-04,HSY,-0.015086798095119086
2025-07-04,HUM,-0.015086798095119086
2025-07-04,HWM,0.015086798095119086
2025-07-04,IBM,0.015086798095119086
2025-07-04,ICE,0.015086798095119086
2025-07-04,IFF,-0.015086798095119086
2025-07-04,INTC,-0.015086798095119086
2025-07-04,IPG,-0.015086798095119086
2025-07-04,IQV,-0.015086798095119086
2025-07-04,JBL,0.015086798095119086
2025-07-04,JCI,0.015086798095119086
2025-07-04,K,0.015086798095119086
2025-07-04,KHC,-0.015086798095119086
2025-07-04,KMI,0.015086798095119086
2025-07-04,KR,0.015086798095119086
2025-07-04,L,0.015086798095119086
2025-07-04,LEN,-0.015086798095119086
2025-07-04,LRCX,-0.015086798095119086
2025-07-04,LW,-0.015086798095119086
2025-07-04,LYB,-0.015086798095119086
2025-07-04,LYV,0.015086798095119086
2025-07-04,MA,0.015086798095119086
2025-07-04,MCD,0.015086798095119086
2025-07-04,MCHP,-0.015086798095119086
2025-07-04,MGM,-0.015086798095119086
2025-07-04,MMM,0.015086798095119086
2025-07-04,MNST,0.015086798095119086
2025-07-04,MO,0.015086798095119086
2025-07-04,MRK,-0.015086798095119086
2025-07-04,MRNA,-0.015086798095119086
2025-07-04,NDAQ,0.015086798095119086
2025-07-04,NFLX,0.015086798095119086
2025-07-04,NI,0.015086798095119086
2025-07-04,NRG,0.015086798095119086
2025-07-04,NTAP,-0.015086798095119086
2025-07-04,NUE,-0.015086798095119086
2025-07-04,NXPI,-0.015086798095119086
2025-07-04,OMC,-0.015086798095119086
2025-07-04,ON,-0.015086798095119086
2025-07-04,ORLY,0.015086798095119086
2025-07-04,OXY,-0.015086798095119086
2025-07-04,PANW,-0.015086798095119086
2025-07-04,PAYC,0.015086798095119086
2025-07-04,PAYX,0.015086798095119086
2025-07-04,PEP,-0.015086798095119086
2025-07-04,PFE,-0.015086798095119086
2025-07-04,PGR,0.015086798095119086
2025-07-04,PH,0.015086798095119086
2025-07-04,PM,0.015086798095119086
2025-07-04,PNR,0.015086798095119086
2025-07-04,PNW,0.015086798095119086
2025-07-04,PODD,0.015086798095119086
2025-07-04,PPG,-0.015086798095119086
2025-07-04,PPL,0.015086798095119086
2025-07-04,PRU,-0.015086798095119086
2025-07-04,PSX,-0.015086798095119086
2025-07-04,PWR,0.015086798095119086
2025-07-04,QCOM,-0.015086798095119086
2025-07-04,RCL,0.015086798095119086
2025-07-04,REGN,-0.015086798095119086
2025-07-04,RL,0.015086798095119086
2025-07-04,RMD,0.015086798095119086
2025-07-04,RSG,0.015086798095119086
2025-07-04,RTX,0.015086798095119086
2025-07-04,SLB,-0.015086798095119086
2025-07-04,SMCI,-0.015086798095119086
2025-07-04,SNPS,-0.015086798095119086
2025-07-04,SOLV,0.015086798095119086
2025-07-04,STZ,-0.015086798095119086
2025-07-04,SWKS,-0.015086798095119086
2025-07-04,T,0.015086798095119086
2025-07-04,TDY,0.015086798095119086
2025-07-04,TECH,-0.015086798095119086
2025-07-04,TER,-0.015086798095119086
2025-07-04,TGT,-0.015086798095119086
2025-07-04,TMO,-0.015086798095119086
2025-07-04,TMUS,0.015086798095119086
2025-07-04,TPR,0.015086798095119086
2025-07-04,TROW,-0.015086798095119086
2025-07-04,TRV,0.015086798095119086
2025-07-04,TSCO,-0.015086798095119086
2025-07-04,TT,0.015086798095119086
2025-07-04,TTWO,0.015086798095119086
2025-07-04,TXT,-0.015086798095119086
2025-07-04,UAL,0.015086798095119086
2025-07-04,UNH,-0.015086798095119086
2025-07-04,UPS,-0.015086798095119086
2025-07-04,V,0.015086798095119086
2025-07-04,VLO,-0.015086798095119086
2025-07-04,VRSK,0.015086798095119086
2025-07-04,VRSN,0.015086798095119086
2025-07-04,VST,0.015086798095119086
2025-07-04,VTR,0.015086798095119086
2025-07-04,VTRS,-0.015086798095119086
2025-07-04,WAB,0.015086798095119086
2025-07-04,WDC,-0.015086798095119086
2025-07-04,WEC,0.015086798095119086
2025-07-04,WELL,0.015086798095119086
2025-07-04,WMB,0.015086798095119086
2025-07-04,WMT,0.015086798095119086
2025-07-04,WST,-0.015086798095119086
2025-07-04,XEL,0.015086798095119086
2025-07-04,ZBH,-0.015086798095119086
2025-07-11,ABT,0.015343055920521228
2025-07-11,ADBE,-0.015343055920521228
2025-07-11,ADM,-0.015343055920521228
2025-07-11,ADP,0.015343055920521228
2025-07-11,AEE,0.015343055920521228
2025-07-11,AES,-0.015343055920521228
2025-07-11,ALB,-0.015343055920521228
2025-07-11,ALGN,-0.015343055920521228
2025-07-11,ALL,0.015343055920521228
2025-07-11,AMAT,-0.015343055920521228
2025-07-11,AMD,-0.015343055920521228
2025-07-11,ANET,-0.015343055920521228
2025-07-11,AON,0.015343055920521228
2025-07-11,AOS,-0.015343055920521228
2025-07-11,APA,-0.015343055920521228
2025-07-11,APH,0.015343055920521228
2025-07-11,ARE,-0.015343055920521228
2025-07-11,ATO,0.015343055920521228
2025-07-11,AVGO,-0.015343055920521228
2025-07-11,AVY,-0.015343055920521228
2025-07-11,AXON,0.015343055920521228
2025-07-11,AZO,0.015343055920521228
2025-07-11,BDX,-0.015343055920521228
2025-07-11,BFB,-0.015343055920521228
2025-07-11,BG,-0.015343055920521228
2025-07-11,BIIB,-0.015343055920521228
2025-07-11,BK,0.015343055920521228
2025-07-11,BKNG,0.015343055920521228
2025-07-11,BLDR,-0.015343055920521228
2025-07-11,BR,0.015343055920521228
2025-07-11,BRKB,0.015343055920521228
2025-07-11,BSX,0.015343055920521228
2025-07-11,CAG,-0.015343055920521228
2025-07-11,CAH,0.015343055920521228
2025-07-11,CBOE,0.015343055920521228
2025-07-11,CBRE,0.015343055920521228
2025-07-11,CDW,-0.015343055920521228
2025-07-11,CF,0.015343055920521228
2025-07-11,CME,0.015343055920521228
2025-07-11,CMS,0.015343055920521228
2025-07-11,CNC,-0.015343055920521228
2025-07-11,CNP,0.015343055920521228
2025-07-11,COF,0.015343055920521228
2025-07-11,COO,-0.015343055920521228
2025-07-11,COP,-0.015343055920521228
2025-07-11,COR,0.015343055920521228
2025-07-11,CPB,-0.015343055920521228
2025-07-11,CRL,-0.015343055920521228
2025-07-11,CSCO,0.015343055920521228
2025-07-11,CTAS,-0.015343055920521228
2025-07-11,CTVA,0.015343055920521228
2025-07-11,CZR,-0.015343055920521228
2025-07-11,DD,-0.015343055920521228
2025-07-11,DE,0.015343055920521228
2025-07-11,DECK,-0.015343055920521228
2025-07-11,DGX,0.015343055920521228
2025-07-11,DHR,-0.015343055920521228
2025-07-11,DOC,-0.015343055920521228
2025-07-11,DOW,-0.015343055920521228
2025-07-11,DRI,0.015343055920521228
2025-07-11,DTE,0.015343055920521228
2025-07-11,DVN,-0.015343055920521228
2025-07-11,DXCM,-0.015343055920521228
2025-07-11,EBAY,0.015343055920521228
2025-07-11,EIX,-0.015343055920521228
2025-07-11,EL,-0.015343055920521228
2025-07-11,ELV,-0.015343055920521228
2025-07-11,EMN,-0.015343055920521228
2025-07-11,ENPH,-0.015343055920521228
2025-07-11,EQT,0.015343055920521228
2025-07-11,EVRG,0.015343055920521228
2025-07-11,EXC,0.015343055920521228
2025-07-11,F,-0.015343055920521228
2025-07-11,FANG,-0.015343055920521228
2025-07-11,FAST,-0.015343055920521228
2025-07-11,FDX,-0.015343055920521228
2025-07-11,FFIV,0.015343055920521228
2025-07-11,FOX,0.015343055920521228
2025-07-11,FOXA,0.015343055920521228
2025-07-11,FTNT,0.015343055920521228
2025-07-11,GE,0.015343055920521228
2025-07-11,GEV,0.015343055920521228
2025-07-11,GILD,0.015343055920521228
2025-07-11,GIS,-0.015343055920521228
2025-07-11,GL,0.015343055920521228
2025-07-11,GPN,-0.015343055920521228
2025-07-11,GS,0.015343055920521228
2025-07-11,HAL,-0.015343055920521228
2025-07-11,HIG,0.015343055920521228
2025-07-11,HOLX,-0.015343055920521228
2025-07-11,HPQ,-0.015343055920521228
2025-07-11,HUM,-0.015343055920521228
2025-07-11,HWM,0.015343055920521228
2025-07-11,IBM,0.015343055920521228
2025-07-11,ICE,0.015343055920521228
2025-07-11,IFF,-0.015343055920521228
2025-07-11,INTC,-0.015343055920521228
2025-07-11,IPG,-0.015343055920521228
2025-07-11,IQV,-0.015343055920521228
2025-07-11,IR,-0.015343055920521228
2025-07-11,JBHT,-0.015343055920521228
2025-07-11,JBL,0.015343055920521228
2025-07-11,JCI,0.015343055920521228
2025-07-11,JPM,0.015343055920521228
2025-07-11,K,0.015343055920521228
2025-07-11,KHC,-0.015343055920521228
2025-07-11,KMI,0.015343055920521228
2025-07-11,KMX,-0.015343055920521228
2025-07-11,KR,0.015343055920521228
2025-07-11,LEN,-0.015343055920521228
2025-07-11,LH,0.015343055920521228
2025-07-11,LRCX,-0.015343055920521228
2025-07-11,LW,-0.015343055920521228
2025-07-11,LYB,-0.015343055920521228
2025-07-11,LYV,0.015343055920521228
2025-07-11,MA,0.015343055920521228
2025-07-11,MCD,0.015343055920521228
2025-07-11,META,0.015343055920521228
2025-07-11,MGM,-0.015343055920521228
2025-07-11,MMM,0.015343055920521228
2025-07-11,MNST,0.015343055920521228
2025-07-11,MO,0.015343055920521228
2025-07-11,MRK,-0.015343055920521228
2025-07-11,MRNA,-0.015343055920521228
2025-07-11,NDAQ,0.015343055920521228
2025-07-11,NFLX,0.015343055920521228
2025-07-11,NI,0.015343055920521228
2025-07-11,NRG,0.015343055920521228
2025-07-11,NTAP,-0.015343055920521228
2025-07-11,NTRS,0.015343055920521228
2025-07-11,NUE,-0.015343055920521228
2025-07-11,NXPI,-0.015343055920521228
2025-07-11,OMC,-0.015343055920521228
2025-07-11,ON,-0.015343055920521228
2025-07-11,ORCL,0.015343055920521228
2025-07-11,ORLY,-0.015343055920521226
2025-07-11,OXY,-0.015343055920521228
2025-07-11,PANW,-0.015343055920521228
2025-07-11,PAYC,0.015343055920521228
2025-07-11,PAYX,0.015343055920521228
2025-07-11,PCG,-0.015343055920521228
2025-07-11,PEP,-0.015343055920521228
2025-07-11,PFE,-0.015343055920521228
2025-07-11,PGR,0.015343055920521228
2025-07-11,PH,0.015343055920521228
2025-07-11,PM,0.015343055920521228
2025-07-11,PNR,0.015343055920521228
2025-07-11,PODD,0.015343055920521228
2025-07-11,PPG,-0.015343055920521228
2025-07-11,PPL,0.015343055920521228
2025-07-11,PRU,-0.015343055920521228
2025-07-11,PWR,0.015343055920521228
2025-07-11,QCOM,-0.015343055920521228
2025-07-11,RCL,0.015343055920521228
2025-07-11,REGN,-0.015343055920521228
2025-07-11,RL,0.015343055920521228
2025-07-11,RSG,0.015343055920521228
2025-07-11,RTX,0.015343055920521228
2025-07-11,SJM,-0.015343055920521228
2025-07-11,SLB,-0.015343055920521228
2025-07-11,SMCI,-0.015343055920521228
2025-07-11,SNPS,-0.015343055920521228
2025-07-11,SOLV,0.015343055920521228
2025-07-11,STZ,-0.015343055920521228
2025-07-11,SWK,-0.015343055920521228
2025-07-11,SWKS,-0.015343055920521228
2025-07-11,T,0.015343055920521228
2025-07-11,TDY,0.015343055920521228
2025-07-11,TECH,-0.015343055920521228
2025-07-11,TER,-0.015343055920521228
2025-07-11,TGT,-0.015343055920521228
2025-07-11,TMO,-0.015343055920521228
2025-07-11,TMUS,0.015343055920521228
2025-07-11,TPR,0.015343055920521228
2025-07-11,TROW,-0.015343055920521228
2025-07-11,TRV,0.015343055920521228
2025-07-11,TSCO,-0.015343055920521228
2025-07-11,TTWO,0.015343055920521228
2025-07-11,UAL,0.015343055920521228
2025-07-11,UNH,-0.015343055920521228
2025-07-11,UPS,-0.015343055920521228
2025-07-11,V,0.015343055920521228
2025-07-11,VRSN,0.015343055920521228
2025-07-11,VST,0.015343055920521228
2025-07-11,VTR,0.015343055920521228
2025-07-11,VTRS,-0.015343055920521228
2025-07-11,WAB,0.015343055920521228
2025-07-11,WDC,-0.015343055920521228
2025-07-11,WEC,0.015343055920521228
2025-07-11,WELL,0.015343055920521228
2025-07-11,WMB,0.015343055920521228
2025-07-11,WMT,0.015343055920521228
2025-07-11,WRB,0.015343055920521228
2025-07-11,WST,-0.015343055920521228
2025-07-11,XEL,0.015343055920521228
2025-07-11,ZBH,-0.015343055920521228
2025-07-18,ABT,0.01419406158930402
2025-07-18,ADBE,-0.01419406158930402
2025-07-18,ADM,-0.01419406158930402
2025-07-18,ADP,0.01419406158930402
2025-07-18,ADSK,0.01419406158930402
2025-07-18,AEE,0.01419406158930402
2025-07-18,AES,-0.01419406158930402
2025-07-18,ALB,-0.01419406158930402
2025-07-18,ALGN,-0.01419406158930402
2025-07-18,AMCR,-0.01419406158930402
2025-07-18,ANET,-0.01419406158930402
2025-07-18,AON,0.01419406158930402
2025-07-18,AOS,-0.01419406158930402
2025-07-18,APA,-0.01419406158930402
2025-07-18,APH,0.01419406158930402
2025-07-18,ARE,-0.01419406158930402
2025-07-18,ATO,0.01419406158930402
2025-07-18,AVGO,0.014194061589304018
2025-07-18,AVY,-0.01419406158930402
2025-07-18,AXON,0.01419406158930402
2025-07-18,AZO,0.01419406158930402
2025-07-18,BBY,-0.01419406158930402
2025-07-18,BDX,-0.01419406158930402
2025-07-18,BFB,-0.01419406158930402
2025-07-18,BG,-0.01419406158930402
2025-07-18,BIIB,-0.01419406158930402
2025-07-18,BK,0.01419406158930402
2025-07-18,BKNG,0.01419406158930402
2025-07-18,BLDR,-0.01419406158930402
2025-07-18,BR,0.01419406158930402
2025-07-18,BRO,0.01419406158930402
2025-07-18,BSX,0.01419406158930402
2025-07-18,CAG,-0.01419406158930402
2025-07-18,CAH,0.01419406158930402
2025-07-18,CBOE,0.01419406158930402
2025-07-18,CBRE,0.01419406158930402
2025-07-18,CDW,-0.01419406158930402
2025-07-18,CEG,0.01419406158930402
2025-07-18,CF,0.01419406158930402
2025-07-18,CME,0.01419406158930402
2025-07-18,CNP,0.01419406158930402
2025-07-18,COF,0.01419406158930402
2025-07-18,COO,-0.01419406158930402
2025-07-18,COR,0.01419406158930402
2025-07-18,CPB,-0.01419406158930402
2025-07-18,CRL,-0.01419406158930402
2025-07-18,CSCO,0.01419406158930402
2025-07-18,CTAS,-0.01419406158930402
2025-07-18,CTVA,0.01419406158930402
2025-07-18,DE,0.01419406158930402
2025-07-18,DECK,-0.01419406158930402
2025-07-18,DGX,0.01419406158930402
2025-07-18,DHI,-0.01419406158930402
2025-07-18,DHR,-0.01419406158930402
2025-07-18,DOC,-0.01419406158930402
2025-07-18,DOW,-0.01419406158930402
2025-07-18,DRI,0.01419406158930402
2025-07-18,DVN,-0.01419406158930402
2025-07-18,EBAY,0.01419406158930402
2025-07-18,EG,-0.01419406158930402
2025-07-18,EIX,-0.01419406158930402
2025-07-18,ELV,-0.01419406158930402
2025-07-18,EMN,-0.01419406158930402
2025-07-18,ENPH,-0.01419406158930402
2025-07-18,EQT,0.01419406158930402
2025-07-18,EVRG,0.01419406158930402
2025-07-18,EXC,0.01419406158930402
2025-07-18,F,-0.01419406158930402
2025-07-18,FANG,-0.01419406158930402
2025-07-18,FAST,-0.01419406158930402
2025-07-18,FDX,-0.01419406158930402
2025-07-18,FFIV,0.01419406158930402
2025-07-18,FOX,0.01419406158930402
2025-07-18,FOXA,0.01419406158930402
2025-07-18,FRT,-0.01419406158930402
2025-07-18,FTNT,0.01419406158930402
2025-07-18,GE,0.01419406158930402
2025-07-18,GEV,0.01419406158930402
2025-07-18,GILD,0.01419406158930402
2025-07-18,GIS,-0.01419406158930402
2025-07-18,GL,0.01419406158930402
2025-07-18,GNRC,-0.01419406158930402
2025-07-18,GPN,-0.01419406158930402
2025-07-18,GS,0.01419406158930402
2025-07-18,HAL,-0.01419406158930402
2025-07-18,HOLX,-0.01419406158930402
2025-07-18,HPQ,-0.01419406158930402
2025-07-18,HUM,-0.01419406158930402
2025-07-18,HWM,0.01419406158930402
2025-07-18,IBM,0.01419406158930402
2025-07-18,ICE,0.01419406158930402
2025-07-18,IFF,-0.01419406158930402
2025-07-18,IPG,-0.01419406158930402
2025-07-18,IQV,-0.01419406158930402
2025-07-18,IR,-0.01419406158930402
2025-07-18,J,-0.01419406158930402
2025-07-18,JBL,0.01419406158930402
2025-07-18,JCI,0.01419406158930402
2025-07-18,JPM,0.01419406158930402
2025-07-18,K,0.01419406158930402
2025-07-18,KHC,-0.01419406158930402
2025-07-18,KMI,0.01419406158930402
2025-07-18,KMX,-0.01419406158930402
2025-07-18,KR,0.01419406158930402
2025-07-18,LEN,-0.01419406158930402
2025-07-18,LH,0.01419406158930402
2025-07-18,LKQ,-0.01419406158930402
2025-07-18,LRCX,-0.01419406158930402
2025-07-18,LW,-0.01419406158930402
2025-07-18,LYB,-0.01419406158930402
2025-07-18,LYV,0.01419406158930402
2025-07-18,MA,0.01419406158930402
2025-07-18,MAS,-0.01419406158930402
2025-07-18,META,0.01419406158930402
2025-07-18,MGM,-0.01419406158930402
2025-07-18,MHK,-0.01419406158930402
2025-07-18,MMM,0.01419406158930402
2025-07-18,MNST,0.01419406158930402
2025-07-18,MO,0.01419406158930402
2025-07-18,MRK,-0.01419406158930402
2025-07-18,MRNA,-0.01419406158930402
2025-07-18,NDAQ,0.01419406158930402
2025-07-18,NFLX,0.01419406158930402
2025-07-18,NI,0.01419406158930402
2025-07-18,NOW,0.01419406158930402
2025-07-18,NRG,0.01419406158930402
2025-07-18,NTRS,0.01419406158930402
2025-07-18,NUE,-0.01419406158930402
2025-07-18,NVR,-0.01419406158930402
2025-07-18,NXPI,-0.01419406158930402
2025-07-18,OMC,-0.01419406158930402
2025-07-18,ON,-0.01419406158930402
2025-07-18,ORCL,0.01419406158930402
2025-07-18,ORLY,-0.01419406158930402
2025-07-18,OXY,-0.01419406158930402
2025-07-18,PANW,-0.01419406158930402
2025-07-18,PAYC,0.01419406158930402
2025-07-18,PAYX,0.01419406158930402
2025-07-18,PCAR,-0.01419406158930402
2025-07-18,PCG,-0.01419406158930402
2025-07-18,PEP,-0.01419406158930402
2025-07-18,PFE,-0.01419406158930402
2025-07-18,PHM,-0.01419406158930402
2025-07-18,PM,0.01419406158930402
2025-07-18,PODD,0.01419406158930402
2025-07-18,PPG,-0.01419406158930402
2025-07-18,PPL,0.01419406158930402
2025-07-18,PRU,-0.01419406158930402
2025-07-18,PWR,0.01419406158930402
2025-07-18,RCL,0.01419406158930402
2025-07-18,REGN,-0.01419406158930402
2025-07-18,RJF,0.01419406158930402
2025-07-18,RL,0.01419406158930402
2025-07-18,RMD,0.01419406158930402
2025-07-18,RSG,0.01419406158930402
2025-07-18,RTX,0.01419406158930402
2025-07-18,SCHW,0.01419406158930402
2025-07-18,SJM,-0.01419406158930402
2025-07-18,SLB,-0.01419406158930402
2025-07-18,SMCI,-0.01419406158930402
2025-07-18,SOLV,0.01419406158930402
2025-07-18,STZ,-0.01419406158930402
2025-07-18,SWK,-0.01419406158930402
2025-07-18,SWKS,-0.01419406158930402
2025-07-18,T,0.01419406158930402
2025-07-18,TDY,0.01419406158930402
2025-07-18,TECH,-0.01419406158930402
2025-07-18,TER,-0.01419406158930402
2025-07-18,TGT,-0.01419406158930402
2025-07-18,TMO,-0.01419406158930402
2025-07-18,TMUS,0.01419406158930402
2025-07-18,TPR,0.01419406158930402
2025-07-18,TROW,-0.01419406158930402
2025-07-18,TRV,0.01419406158930402
2025-07-18,TSCO,-0.01419406158930402
2025-07-18,TT,0.01419406158930402
2025-07-18,TTWO,0.01419406158930402
2025-07-18,TXT,-0.01419406158930402
2025-07-18,UAL,0.01419406158930402
2025-07-18,UNH,-0.01419406158930402
2025-07-18,UPS,-0.01419406158930402
2025-07-18,V,0.01419406158930402
2025-07-18,VRSN,0.01419406158930402
2025-07-18,VST,0.01419406158930402
2025-07-18,VTR,0.01419406158930402
2025-07-18,VTRS,-0.01419406158930402
2025-07-18,WAB,0.01419406158930402
2025-07-18,WEC,0.01419406158930402
2025-07-18,WELL,0.01419406158930402
2025-07-18,WMB,0.01419406158930402
2025-07-18,WMT,0.01419406158930402
2025-07-18,WRB,0.01419406158930402
2025-07-18,WST,-0.01419406158930402
2025-07-18,XEL,0.01419406158930402
2025-07-18,ZBH,-0.01419406158930402
2025-07-18,ZTS,-0.01419406158930402
2025-07-25,ABT,0.014639527768162125
2025-07-25,ADBE,-0.014639527768162125
2025-07-25,ADM,-0.014639527768162125
2025-07-25,ADP,0.014639527768162125
2025-07-25,ADSK,0.014639527768162125
2025-07-25,AEE,0.014639527768162125
2025-07-25,AES,-0.014639527768162125
2025-07-25,ALB,-0.014639527768162125
2025-07-25,AMGN,-0.014639527768162125
2025-07-25,ANET,-0.014639527768162125
2025-07-25,AON,0.014639527768162125
2025-07-25,AOS,-0.014639527768162125
2025-07-25,APA,-0.014639527768162125
2025-07-25,APH,0.014639527768162125
2025-07-25,ARE,-0.014639527768162125
2025-07-25,ATO,0.014639527768162125
2025-07-25,AVGO,0.014639527768162125
2025-07-25,AVY,-0.014639527768162125
2025-07-25,AXON,0.014639527768162125
2025-07-25,AXP,0.014639527768162125
2025-07-25,BBY,-0.014639527768162125
2025-07-25,BDX,-0.014639527768162125
2025-07-25,BFB,-0.014639527768162125
2025-07-25,BG,-0.014639527768162125
2025-07-25,BIIB,-0.014639527768162125
2025-07-25,BK,0.014639527768162125
2025-07-25,BKNG,0.014639527768162125
2025-07-25,BLDR,-0.014639527768162125
2025-07-25,BLK,0.014639527768162125
2025-07-25,BSX,0.014639527768162125
2025-07-25,CAG,-0.014639527768162125
2025-07-25,CAH,0.014639527768162125
2025-07-25,CCL,0.014639527768162125
2025-07-25,CDW,-0.014639527768162125
2025-07-25,CEG,0.014639527768162125
2025-07-25,CLX,-0.014639527768162125
2025-07-25,CME,0.014639527768162125
2025-07-25,CNC,-0.014639527768162125
2025-07-25,CNP,0.014639527768162125
2025-07-25,COF,0.014639527768162125
2025-07-25,COO,-0.014639527768162125
2025-07-25,COP,-0.014639527768162125
2025-07-25,COR,0.014639527768162125
2025-07-25,CPB,-0.014639527768162125
2025-07-25,CRL,-0.014639527768162125
2025-07-25,CRWD,0.014639527768162125
2025-07-25,CSCO,0.014639527768162125
2025-07-25,CTAS,-0.014639527768162125
2025-07-25,CTVA,0.014639527768162125
2025-07-25,DE,0.014639527768162125
2025-07-25,DECK,-0.014639527768162125
2025-07-25,DGX,0.014639527768162125
2025-07-25,DHI,-0.014639527768162125
2025-07-25,DHR,-0.014639527768162125
2025-07-25,DIS,0.014639527768162125
2025-07-25,DOC,-0.014639527768162125
2025-07-25,DOW,-0.014639527768162125
2025-07-25,DRI,0.014639527768162125
2025-07-25,DVN,-0.014639527768162125
2025-07-25,EBAY,0.014639527768162125
2025-07-25,EIX,-0.014639527768162125
2025-07-25,ELV,-0.014639527768162125
2025-07-25,EMN,-0.014639527768162125
2025-07-25,ENPH,-0.014639527768162125
2025-07-25,EQT,0.014639527768162125
2025-07-25,EVRG,0.014639527768162125
2025-07-25,FANG,-0.014639527768162125
2025-07-25,FAST,-0.014639527768162125
2025-07-25,FDX,-0.014639527768162125
2025-07-25,FFIV,0.014639527768162125
2025-07-25,FOX,0.014639527768162125
2025-07-25,FOXA,0.014639527768162125
2025-07-25,FRT,-0.014639527768162125
2025-07-25,FTNT,0.014639527768162125
2025-07-25,GE,0.014639527768162125
2025-07-25,GEV,0.014639527768162125
2025-07-25,GILD,0.014639527768162125
2025-07-25,GIS,-0.014639527768162125
2025-07-25,GL,0.014639527768162125
2025-07-25,GPN,-0.014639527768162125
2025-07-25,GS,0.014639527768162125
2025-07-25,HAL,-0.014639527768162125
2025-07-25,HOLX,-0.014639527768162125
2025-07-25,HPQ,-0.014639527768162125
2025-07-25,HSY,-0.014639527768162125
2025-07-25,HUM,-0.014639527768162125
2025-07-25,HWM,0.014639527768162125
2025-07-25,IBM,0.014639527768162125
2025-07-25,ICE,0.014639527768162125
2025-07-25,IEX,-0.014639527768162125
2025-07-25,IFF,-0.014639527768162125
2025-07-25,IPG,-0.014639527768162125
2025-07-25,IQV,-0.014639527768162125
2025-07-25,IT,-0.014639527768162125
2025-07-25,J,-0.014639527768162125
2025-07-25,JBHT,-0.014639527768162125
2025-07-25,JBL,0.014639527768162125
2025-07-25,JCI,0.014639527768162125
2025-07-25,JPM,0.014639527768162125
2025-07-25,K,0.014639527768162125
2025-07-25,KHC,-0.014639527768162125
2025-07-25,KMB,-0.014639527768162125
2025-07-25,KMI,0.014639527768162125
2025-07-25,KMX,-0.014639527768162125
2025-07-25,KR,0.014639527768162125
2025-07-25,LEN,-0.014639527768162125
2025-07-25,LH,0.014639527768162125
2025-07-25,LMT,-0.014639527768162125
2025-07-25,LRCX,-0.014639527768162125
2025-07-25,LYB,-0.014639527768162125
2025-07-25,LYV,0.014639527768162125
2025-07-25,MA,0.014639527768162125
2025-07-25,MAS,-0.014639527768162125
2025-07-25,META,0.014639527768162125
2025-07-25,MHK,-0.014639527768162125
2025-07-25,MMM,0.014639527768162125
2025-07-25,MO,0.014639527768162125
2025-07-25,MRK,-0.014639527768162125
2025-07-25,MRNA,-0.014639527768162125
2025-07-25,MS,0.014639527768162125
2025-07-25,MTD,-0.014639527768162125
2025-07-25,NDAQ,0.014639527768162125
2025-07-25,NFLX,0.014639527768162125
2025-07-25,NI,0.014639527768162125
2025-07-25,NRG,0.014639527768162125
2025-07-25,NTRS,0.014639527768162125
2025-07-25,NVR,-0.014639527768162125
2025-07-25,NWS,0.014639527768162125
2025-07-25,ODFL,-0.014639527768162125
2025-07-25,OMC,-0.014639527768162125
2025-07-25,ORCL,0.014639527768162125
2025-07-25,ORLY,-0.014639527768162125
2025-07-25,OXY,-0.014639527768162125
2025-07-25,PANW,-0.014639527768162125
2025-07-25,PCG,-0.014639527768162125
2025-07-25,PEP,-0.014639527768162125
2025-07-25,PFE,-0.014639527768162125
2025-07-25,PGR,0.014639527768162125
2025-07-25,PH,0.014639527768162125
2025-07-25,PHM,-0.014639527768162125
2025-07-25,PLD,-0.014639527768162125
2025-07-25,PM,0.014639527768162125
2025-07-25,PODD,0.014639527768162125
2025-07-25,POOL,-0.014639527768162125
2025-07-25,PRU,-0.014639527768162125
2025-07-25,PWR,0.014639527768162125
2025-07-25,RCL,0.014639527768162125
2025-07-25,REGN,-0.014639527768162125
2025-07-25,RJF,0.014639527768162125
2025-07-25,RL,0.014639527768162125
2025-07-25,ROL,0.014639527768162125
2025-07-25,RSG,0.014639527768162125
2025-07-25,RTX,0.014639527768162125
2025-07-25,SCHW,0.014639527768162125
2025-07-25,SJM,-0.014639527768162125
2025-07-25,SLB,-0.014639527768162125
2025-07-25,SMCI,-0.014639527768162125
2025-07-25,STZ,-0.014639527768162125
2025-07-25,SWK,-0.014639527768162125
2025-07-25,SWKS,-0.014639527768162125
2025-07-25,SYK,0.014639527768162125
2025-07-25,T,0.014639527768162125
2025-07-25,TAP,-0.014639527768162125
2025-07-25,TDG,0.014639527768162125
2025-07-25,TDY,0.014639527768162125
2025-07-25,TECH,-0.014639527768162125
2025-07-25,TER,-0.014639527768162125
2025-07-25,TGT,-0.014639527768162125
2025-07-25,TMO,-0.014639527768162125
2025-07-25,TMUS,0.014639527768162125
2025-07-25,TPR,0.014639527768162125
2025-07-25,TRMB,0.014639527768162125
2025-07-25,TROW,-0.014639527768162125
2025-07-25,TRV,0.014639527768162125
2025-07-25,TSCO,-0.014639527768162125
2025-07-25,TT,0.014639527768162125
2025-07-25,TTWO,0.014639527768162125
2025-07-25,UAL,0.014639527768162125
2025-07-25,UBER,0.014639527768162125
2025-07-25,UNH,-0.014639527768162125
2025-07-25,UPS,-0.014639527768162125
2025-07-25,V,0.014639527768162125
2025-07-25,VRSN,0.014639527768162125
2025-07-25,VST,0.014639527768162125
2025-07-25,VTRS,-0.014639527768162125
2025-07-25,WAB,0.014639527768162125
2025-07-25,WEC,0.014639527768162125
2025-07-25,WELL,0.014639527768162125
2025-07-25,WFC,0.014639527768162125
2025-07-25,WMB,0.014639527768162125
2025-07-25,WMT,0.014639527768162125
2025-07-25,WRB,0.014639527768162125
2025-07-25,WY,-0.014639527768162125
2025-07-25,XEL,0.014639527768162125
2025-07-25,ZBH,-0.014639527768162125
2025-07-25,ZTS,-0.014639527768162125
2025-08-01,A,-0.012807633992925982
2025-08-01,ABT,0.012807633992925982
2025-08-01,ADBE,-0.012807633992925982
2025-08-01,ADP,0.012807633992925982
2025-08-01,ADSK,0.012807633992925982
2025-08-01,AEE,0.012807633992925982
2025-08-01,AES,-0.012807633992925982
2025-08-01,AKAM,-0.012807633992925982
2025-08-01,ALB,-0.012807633992925982
2025-08-01,AMGN,-0.012807633992925982
2025-08-01,AMP,0.012807633992925982
2025-08-01,ANET,-0.012807633992925982
2025-08-01,AOS,-0.012807633992925982
2025-08-01,APA,-0.012807633992925982
2025-08-01,APH,0.012807633992925982
2025-08-01,ARE,-0.012807633992925982
2025-08-01,AVGO,0.012807633992925982
2025-08-01,AVY,-0.012807633992925982
2025-08-01,AXON,0.012807633992925982
2025-08-01,AXP,0.012807633992925982
2025-08-01,BAX,-0.012807633992925982
2025-08-01,BBY,-0.012807633992925982
2025-08-01,BDX,-0.012807633992925982
2025-08-01,BFB,-0.012807633992925982
2025-08-01,BG,-0.012807633992925982
2025-08-01,BIIB,-0.012807633992925982
2025-08-01,BK,0.012807633992925982
2025-08-01,BKNG,0.012807633992925982
2025-08-01,BLDR,-0.012807633992925982
2025-08-01,BLK,0.012807633992925982
2025-08-01,BSX,0.012807633992925982
2025-08-01,C,0.012807633992925982
2025-08-01,CAG,-0.012807633992925982
2025-08-01,CAH,0.012807633992925982
2025-08-01,CBOE,0.012807633992925982
2025-08-01,CCL,0.012807633992925982
2025-08-01,CDW,-0.012807633992925982
2025-08-01,CEG,0.012807633992925982
2025-08-01,CMCSA,-0.012807633992925982
2025-08-01,CME,0.012807633992925982
2025-08-01,CNC,-0.012807633992925982
2025-08-01,CNP,0.012807633992925982
2025-08-01,COF,0.012807633992925982
2025-08-01,COO,-0.012807633992925982
2025-08-01,CPB,-0.012807633992925982
2025-08-01,CRL,-0.012807633992925982
2025-08-01,CRWD,0.012807633992925982
2025-08-01,CSCO,0.012807633992925982
2025-08-01,CTAS,-0.012807633992925982
2025-08-01,CTVA,0.012807633992925982
2025-08-01,CZR,-0.012807633992925982
2025-08-01,DE,0.012807633992925982
2025-08-01,DECK,-0.012807633992925982
2025-08-01,DGX,0.012807633992925982
2025-08-01,DHI,-0.012807633992925982
2025-08-01,DHR,-0.012807633992925982
2025-08-01,DOC,-0.012807633992925982
2025-08-01,DOW,-0.012807633992925982
2025-08-01,DRI,0.012807633992925982
2025-08-01,DVN,-0.012807633992925982
2025-08-01,EBAY,0.012807633992925982
2025-08-01,EIX,-0.012807633992925982
2025-08-01,ELV,-0.012807633992925982
2025-08-01,EMN,-0.012807633992925982
2025-08-01,ENPH,-0.012807633992925982
2025-08-01,EQT,0.012807633992925982
2025-08-01,ETR,-0.012807633992925982
2025-08-01,EVRG,0.012807633992925982
2025-08-01,EXPE,0.012807633992925982
2025-08-01,FANG,-0.012807633992925982
2025-08-01,FAST,-0.012807633992925982
2025-08-01,FDX,-0.012807633992925982
2025-08-01,FFIV,0.012807633992925982
2025-08-01,FOX,0.012807633992925982
2025-08-01,FOXA,0.012807633992925982
2025-08-01,FRT,-0.012807633992925982
2025-08-01,FTNT,0.012807633992925982
2025-08-01,FTV,-0.012807633992925982
2025-08-01,GE,0.012807633992925982
2025-08-01,GEV,0.012807633992925982
2025-08-01,GILD,0.012807633992925982
2025-08-01,GIS,-0.012807633992925982
2025-08-01,GL,0.012807633992925982
2025-08-01,GPN,-0.012807633992925982
2025-08-01,GS,0.012807633992925982
2025-08-01,HAL,-0.012807633992925982
2025-08-01,HLT,0.012807633992925982
2025-08-01,HOLX,-0.012807633992925982
2025-08-01,HPQ,-0.012807633992925982
2025-08-01,HSY,-0.012807633992925982
2025-08-01,HUM,-0.012807633992925982
2025-08-01,HWM,0.012807633992925982
2025-08-01,IBM,0.012807633992925982
2025-08-01,ICE,0.012807633992925982
2025-08-01,IFF,-0.012807633992925982
2025-08-01,IPG,-0.012807633992925982
2025-08-01,IQV,-0.012807633992925982
2025-08-01,IT,-0.012807633992925982
2025-08-01,JBL,0.012807633992925982
2025-08-01,JCI,0.012807633992925982
2025-08-01,JPM,0.012807633992925982
2025-08-01,K,0.012807633992925982
2025-08-01,KHC,-0.012807633992925982
2025-08-01,KMI,0.012807633992925982
2025-08-01,KR,0.012807633992925982
2025-08-01,LEN,-0.012807633992925982
2025-08-01,LMT,-0.012807633992925982
2025-08-01,LRCX,-0.012807633992925982
2025-08-01,LYB,-0.012807633992925982
2025-08-01,LYV,0.012807633992925982
2025-08-01,MA,0.012807633992925982
2025-08-01,MAR,0.012807633992925982
2025-08-01,MAS,-0.012807633992925982
2025-08-01,META,0.012807633992925982
2025-08-01,MHK,-0.012807633992925982
2025-08-01,MO,0.012807633992925982
2025-08-01,MOH,-0.012807633992925982
2025-08-01,MRK,-0.012807633992925982
2025-08-01,MRNA,-0.012807633992925982
2025-08-01,MS,0.012807633992925982
2025-08-01,MTD,-0.012807633992925982
2025-08-01,NDAQ,0.012807633992925982
2025-08-01,NFLX,0.012807633992925982
2025-08-01,NI,0.012807633992925982
2025-08-01,NRG,0.012807633992925982
2025-08-01,NTRS,0.012807633992925982
2025-08-01,NVR,-0.012807633992925982
2025-08-01,NWS,0.012807633992925982
2025-08-01,ODFL,-0.012807633992925982
2025-08-01,OMC,-0.012807633992925982
2025-08-01,ON,-0.012807633992925982
2025-08-01,ORCL,0.012807633992925982
2025-08-01,ORLY,-0.012807633992925982
2025-08-01,OXY,-0.012807633992925982
2025-08-01,PANW,-0.012807633992925982
2025-08-01,PCG,-0.012807633992925982
2025-08-01,PEP,-0.012807633992925982
2025-08-01,PFE,-0.012807633992925982
2025-08-01,PH,0.012807633992925982
2025-08-01,PHM,-0.012807633992925982
2025-08-01,PLD,-0.012807633992925982
2025-08-01,PM,0.012807633992925982
2025-08-01,PODD,0.012807633992925982
2025-08-01,POOL,-0.012807633992925982
2025-08-01,PWR,0.012807633992925982
2025-08-01,RCL,0.012807633992925982
2025-08-01,REGN,-0.012807633992925982
2025-08-01,RJF,0.012807633992925982
2025-08-01,RL,0.012807633992925982
2025-08-01,ROL,0.012807633992925982
2025-08-01,RSG,0.012807633992925982
2025-08-01,RTX,0.012807633992925982
2025-08-01,RVTY,-0.012807633992925982
2025-08-01,SCHW,0.012807633992925982
2025-08-01,SJM,-0.012807633992925982
2025-08-01,SLB,-0.012807633992925982
2025-08-01,SMCI,-0.012807633992925982
2025-08-01,SOLV,0.012807633992925982
2025-08-01,STT,0.012807633992925982
2025-08-01,STX,0.012807633992925982
2025-08-01,STZ,-0.012807633992925982
2025-08-01,SWK,-0.012807633992925982
2025-08-01,SWKS,-0.012807633992925982
2025-08-01,SYF,0.012807633992925982
2025-08-01,T,0.012807633992925982
2025-08-01,TDY,0.012807633992925982
2025-08-01,TECH,-0.012807633992925982
2025-08-01,TER,-0.012807633992925982
2025-08-01,TGT,-0.012807633992925982
2025-08-01,TMO,-0.012807633992925982
2025-08-01,TMUS,0.012807633992925982
2025-08-01,TPR,0.012807633992925982
2025-08-01,TRMB,0.012807633992925982
2025-08-01,TRV,0.012807633992925982
2025-08-01,TSCO,-0.012807633992925982
2025-08-01,TT,0.012807633992925982
2025-08-01,TTWO,0.012807633992925982
2025-08-01,UAL,0.012807633992925982
2025-08-01,UBER,0.012807633992925982
2025-08-01,UNH,-0.012807633992925982
2025-08-01,UPS,-0.012807633992925982
2025-08-01,V,0.012807633992925982
2025-08-01,VRSN,0.012807633992925982
2025-08-01,VST,0.012807633992925982
2025-08-01,VTRS,-0.012807633992925982
2025-08-01,WAB,0.012807633992925982
2025-08-01,WEC,0.012807633992925982
2025-08-01,WELL,0.012807633992925982
2025-08-01,WFC,0.012807633992925982
2025-08-01,WMB,0.012807633992925982
2025-08-01,WMT,0.012807633992925982
2025-08-01,WRB,0.012807633992925982
2025-08-01,WST,-0.012807633992925982
2025-08-01,WY,-0.012807633992925982
2025-08-01,ZBH,-0.012807633992925982
2025-08-01,ZTS,-0.012807633992925982
2025-08-08,ABT,0.012967542647714703
2025-08-08,ACGL,-0.012967542647714703
2025-08-08,ADBE,-0.012967542647714703
2025-08-08,AEE,0.012967542647714703
2025-08-08,AES,-0.012967542647714703
2025-08-08,AMP,0.012967542647714703
2025-08-08,ANET,-0.012967542647714703
2025-08-08,AOS,-0.012967542647714703
2025-08-08,APA,-0.012967542647714703
2025-08-08,APH,0.012967542647714703
2025-08-08,ARE,-0.012967542647714703
2025-08-08,ATO,0.012967542647714703
2025-08-08,AVGO,0.012967542647714703
2025-08-08,AVY,-0.012967542647714703
2025-08-08,AXON,0.012967542647714703
2025-08-08,AXP,0.012967542647714703
2025-08-08,BAX,-0.012967542647714703
2025-08-08,BDX,-0.012967542647714703
2025-08-08,BFB,-0.012967542647714703
2025-08-08,BG,-0.012967542647714703
2025-08-08,BIIB,-0.012967542647714703
2025-08-08,BK,0.012967542647714703
2025-08-08,BKNG,0.012967542647714703
2025-08-08,BLK,0.012967542647714703
2025-08-08,BSX,0.012967542647714703
2025-08-08,C,0.012967542647714703
2025-08-08,CAG,-0.012967542647714703
2025-08-08,CAH,0.012967542647714703
2025-08-08,CCL,0.012967542647714703
2025-08-08,CDW,-0.012967542647714703
2025-08-08,CEG,0.012967542647714703
2025-08-08,CL,-0.012967542647714703
2025-08-08,CLX,-0.012967542647714703
2025-08-08,CMCSA,-0.012967542647714703
2025-08-08,CME,0.012967542647714703
2025-08-08,CNC,-0.012967542647714703
2025-08-08,CNP,0.012967542647714703
2025-08-08,COF,0.012967542647714703
2025-08-08,COO,-0.012967542647714703
2025-08-08,COR,0.012967542647714703
2025-08-08,CPB,-0.012967542647714703
2025-08-08,CRWD,0.012967542647714703
2025-08-08,CSCO,0.012967542647714703
2025-08-08,CTAS,-0.012967542647714703
2025-08-08,CTVA,0.012967542647714703
2025-08-08,DE,0.012967542647714703
2025-08-08,DECK,-0.012967542647714703
2025-08-08,DHI,-0.012967542647714703
2025-08-08,DHR,-0.012967542647714703
2025-08-08,DIS,0.012967542647714703
2025-08-08,DOC,-0.012967542647714703
2025-08-08,DOW,-0.012967542647714703
2025-08-08,DRI,0.012967542647714703
2025-08-08,DVN,-0.012967542647714703
2025-08-08,EBAY,0.012967542647714703
2025-08-08,EIX,-0.012967542647714703
2025-08-08,ELV,-0.012967542647714703
2025-08-08,EMN,-0.012967542647714703
2025-08-08,EMR,0.012967542647714703
2025-08-08,ENPH,-0.012967542647714703
2025-08-08,EQT,0.012967542647714703
2025-08-08,ETR,-0.012967542647714703
2025-08-08,EVRG,0.012967542647714703
2025-08-08,EXPE,0.012967542647714703
2025-08-08,EXR,-0.012967542647714703
2025-08-08,FANG,-0.012967542647714703
2025-08-08,FAST,-0.012967542647714703
2025-08-08,FDX,-0.012967542647714703
2025-08-08,FFIV,0.012967542647714703
2025-08-08,FOX,0.012967542647714703
2025-08-08,FOXA,0.012967542647714703
2025-08-08,FRT,-0.012967542647714703
2025-08-08,FTNT,0.012967542647714703
2025-08-08,FTV,-0.012967542647714703
2025-08-08,GE,0.012967542647714703
2025-08-08,GEV,0.012967542647714703
2025-08-08,GILD,0.012967542647714703
2025-08-08,GIS,-0.012967542647714703
2025-08-08,GL,0.012967542647714703
2025-08-08,GLW,0.012967542647714703
2025-08-08,GPN,-0.012967542647714703
2025-08-08,GS,0.012967542647714703
2025-08-08,HAL,-0.012967542647714703
2025-08-08,HLT,0.012967542647714703
2025-08-08,HOLX,-0.012967542647714703
2025-08-08,HPQ,-0.012967542647714703
2025-08-08,HSY,-0.012967542647714703
2025-08-08,HUM,-0.012967542647714703
2025-08-08,HWM,0.012967542647714703
2025-08-08,IBM,0.012967542647714703
2025-08-08,IFF,-0.012967542647714703
2025-08-08,INVH,-0.012967542647714703
2025-08-08,IPG,-0.012967542647714703
2025-08-08,IQV,-0.012967542647714703
2025-08-08,IT,-0.012967542647714703
2025-08-08,JBL,0.012967542647714703
2025-08-08,JCI,0.012967542647714703
2025-08-08,JPM,0.012967542647714703
2025-08-08,KHC,-0.012967542647714703
2025-08-08,KMI,0.012967542647714703
2025-08-08,KMX,-0.012967542647714703
2025-08-08,KR,0.012967542647714703
2025-08-08,LEN,-0.012967542647714703
2025-08-08,LMT,-0.012967542647714703
2025-08-08,LRCX,-0.012967542647714703
2025-08-08,LUV,0.012967542647714703
2025-08-08,LYB,-0.012967542647714703
2025-08-08,LYV,0.012967542647714703
2025-08-08,MA,0.012967542647714703
2025-08-08,MAR,0.012967542647714703
2025-08-08,META,0.012967542647714703
2025-08-08,MHK,-0.012967542647714703
2025-08-08,MKC,-0.012967542647714703
2025-08-08,MNST,0.012967542647714703
2025-08-08,MOH,-0.012967542647714703
2025-08-08,MRK,-0.012967542647714703
2025-08-08,MRNA,-0.012967542647714703
2025-08-08,MS,0.012967542647714703
2025-08-08,MTD,-0.012967542647714703
2025-08-08,NDAQ,0.012967542647714703
2025-08-08,NFLX,0.012967542647714703
2025-08-08,NI,0.012967542647714703
2025-08-08,NRG,0.012967542647714703
2025-08-08,NTRS,0.012967542647714703
2025-08-08,NVDA,0.012967542647714703
2025-08-08,NVR,-0.012967542647714703
2025-08-08,NWS,0.012967542647714703
2025-08-08,ODFL,-0.012967542647714703
2025-08-08,OMC,-0.012967542647714703
2025-08-08,ON,-0.012967542647714703
2025-08-08,ORCL,0.012967542647714703
2025-08-08,ORLY,-0.012967542647714703
2025-08-08,OXY,-0.012967542647714703
2025-08-08,PANW,-0.012967542647714703
2025-08-08,PAYC,0.012967542647714703
2025-08-08,PCG,-0.012967542647714703
2025-08-08,PEP,-0.012967542647714703
2025-08-08,PFE,-0.012967542647714703
2025-08-08,PG,-0.012967542647714703
2025-08-08,PLD,-0.012967542647714703
2025-08-08,PM,0.012967542647714703
2025-08-08,PNR,0.012967542647714703
2025-08-08,PODD,0.012967542647714703
2025-08-08,POOL,-0.012967542647714703
2025-08-08,PWR,0.012967542647714703
2025-08-08,RCL,0.012967542647714703
2025-08-08,REGN,-0.012967542647714703
2025-08-08,RJF,0.012967542647714703
2025-08-08,RL,0.012967542647714703
2025-08-08,RSG,0.012967542647714703
2025-08-08,RTX,0.012967542647714703
2025-08-08,RVTY,-0.012967542647714703
2025-08-08,SCHW,0.012967542647714703
2025-08-08,SJM,-0.012967542647714703
2025-08-08,SLB,-0.012967542647714703
2025-08-08,SMCI,-0.012967542647714703
2025-08-08,STT,0.012967542647714703
2025-08-08,STX,0.012967542647714703
2025-08-08,STZ,-0.012967542647714703
2025-08-08,SWK,-0.012967542647714703
2025-08-08,SWKS,-0.012967542647714703
2025-08-08,SYF,0.012967542647714703
2025-08-08,SYK,0.012967542647714703
2025-08-08,T,0.012967542647714703
2025-08-08,TDG,0.012967542647714703
2025-08-08,TDY,0.012967542647714703
2025-08-08,TECH,-0.012967542647714703
2025-08-08,TER,-0.012967542647714703
2025-08-08,TGT,-0.012967542647714703
2025-08-08,TMO,-0.012967542647714703
2025-08-08,TPR,0.012967542647714703
2025-08-08,TRMB,0.012967542647714703
2025-08-08,TSCO,-0.012967542647714703
2025-08-08,TSN,-0.012967542647714703
2025-08-08,TT,0.012967542647714703
2025-08-08,TTWO,0.012967542647714703
2025-08-08,UAL,0.012967542647714703
2025-08-08,UHS,-0.012967542647714703
2025-08-08,ULTA,0.012967542647714703
2025-08-08,UNH,-0.012967542647714703
2025-08-08,UPS,-0.012967542647714703
2025-08-08,V,0.012967542647714703
2025-08-08,VRSN,0.012967542647714703
2025-08-08,VST,0.012967542647714703
2025-08-08,VTRS,-0.012967542647714703
2025-08-08,WAB,0.012967542647714703
2025-08-08,WBD,0.012967542647714703
2025-08-08,WEC,0.012967542647714703
2025-08-08,WELL,0.012967542647714703
2025-08-08,WFC,0.012967542647714703
2025-08-08,WMB,0.012967542647714703
2025-08-08,WMT,0.012967542647714703
2025-08-08,WST,-0.012967542647714703
2025-08-08,WY,-0.012967542647714703
2025-08-08,ZBH,-0.012967542647714703
2025-08-08,ZTS,-0.012967542647714703
2025-08-15,A,-0.013444794374290116
2025-08-15,ACGL,-0.013444794374290116
2025-08-15,ACN,-0.013444794374290116
2025-08-15,ADBE,-0.013444794374290116
2025-08-15,ADP,0.013444794374290116
2025-08-15,AEE,0.013444794374290116
2025-08-15,AKAM,-0.013444794374290116
2025-08-15,AMCR,-0.013444794374290116
2025-08-15,AMP,0.013444794374290116
2025-08-15,ANET,-0.013444794374290116
2025-08-15,APA,-0.013444794374290116
2025-08-15,APH,0.013444794374290116
2025-08-15,ARE,-0.013444794374290116
2025-08-15,ATO,0.013444794374290116
2025-08-15,AVGO,0.013444794374290116
2025-08-15,AVY,-0.013444794374290116
2025-08-15,AXON,0.013444794374290116
2025-08-15,AXP,0.013444794374290116
2025-08-15,BAX,-0.013444794374290116
2025-08-15,BBY,-0.013444794374290116
2025-08-15,BDX,-0.013444794374290116
2025-08-15,BFB,-0.013444794374290116
2025-08-15,BG,-0.013444794374290116
2025-08-15,BIIB,-0.013444794374290116
2025-08-15,BK,0.013444794374290116
2025-08-15,BKNG,0.013444794374290116
2025-08-15,BLDR,-0.013444794374290116
2025-08-15,BLK,0.013444794374290116
2025-08-15,BSX,0.013444794374290116
2025-08-15,C,0.013444794374290116
2025-08-15,CAG,-0.013444794374290116
2025-08-15,CAH,0.013444794374290116
2025-08-15,CCL,0.013444794374290116
2025-08-15,CDW,-0.013444794374290116
2025-08-15,CEG,0.013444794374290116
2025-08-15,CL,-0.013444794374290116
2025-08-15,CLX,-0.013444794374290116
2025-08-15,CMCSA,-0.013444794374290116
2025-08-15,CME,0.013444794374290116
2025-08-15,CNC,-0.013444794374290116
2025-08-15,CNP,0.013444794374290116
2025-08-15,COF,0.013444794374290116
2025-08-15,COO,-0.013444794374290116
2025-08-15,COR,0.013444794374290116
2025-08-15,CPB,-0.013444794374290116
2025-08-15,CRWD,0.013444794374290116
2025-08-15,CSCO,0.013444794374290116
2025-08-15,CTAS,-0.013444794374290116
2025-08-15,CTVA,0.013444794374290116
2025-08-15,DE,0.013444794374290116
2025-08-15,DECK,-0.013444794374290116
2025-08-15,DHI,-0.013444794374290116
2025-08-15,DHR,-0.013444794374290116
2025-08-15,DIS,0.013444794374290116
2025-08-15,DOC,-0.013444794374290116
2025-08-15,DOW,-0.013444794374290116
2025-08-15,DRI,0.013444794374290116
2025-08-15,DVN,-0.013444794374290116
2025-08-15,EBAY,0.013444794374290116
2025-08-15,EG,-0.013444794374290116
2025-08-15,EIX,-0.013444794374290116
2025-08-15,ELV,-0.013444794374290116
2025-08-15,EMN,-0.013444794374290116
2025-08-15,EMR,0.013444794374290116
2025-08-15,ENPH,-0.013444794374290116
2025-08-15,EQT,0.013444794374290116
2025-08-15,EVRG,0.013444794374290116
2025-08-15,FANG,-0.013444794374290116
2025-08-15,FAST,-0.013444794374290116
2025-08-15,FDX,-0.013444794374290116
2025-08-15,FFIV,0.013444794374290116
2025-08-15,FOX,0.013444794374290116
2025-08-15,FOXA,0.013444794374290116
2025-08-15,FRT,-0.013444794374290116
2025-08-15,FTNT,0.013444794374290116
2025-08-15,FTV,-0.013444794374290116
2025-08-15,GE,0.013444794374290116
2025-08-15,GEV,0.013444794374290116
2025-08-15,GILD,0.013444794374290116
2025-08-15,GIS,-0.013444794374290116
2025-08-15,GL,0.013444794374290116
2025-08-15,GLW,0.013444794374290116
2025-08-15,GPN,-0.013444794374290116
2025-08-15,GS,0.013444794374290116
2025-08-15,HAL,-0.013444794374290116
2025-08-15,HLT,0.013444794374290116
2025-08-15,HOLX,-0.013444794374290116
2025-08-15,HPQ,-0.013444794374290116
2025-08-15,HSY,-0.013444794374290116
2025-08-15,HUM,-0.013444794374290116
2025-08-15,HWM,0.013444794374290116
2025-08-15,IBM,0.013444794374290116
2025-08-15,IFF,-0.013444794374290116
2025-08-15,IPG,-0.013444794374290116
2025-08-15,IQV,-0.013444794374290116
2025-08-15,IT,-0.013444794374290116
2025-08-15,JBL,0.013444794374290116
2025-08-15,JCI,0.013444794374290116
2025-08-15,JPM,0.013444794374290116
2025-08-15,KHC,-0.013444794374290116
2025-08-15,KMI,0.013444794374290116
2025-08-15,KMX,-0.013444794374290116
2025-08-15,KR,0.013444794374290116
2025-08-15,L,0.013444794374290116
2025-08-15,LEN,-0.013444794374290116
2025-08-15,LLY,-0.013444794374290116
2025-08-15,LMT,-0.013444794374290116
2025-08-15,LRCX,-0.013444794374290116
2025-08-15,LUV,0.013444794374290116
2025-08-15,LYB,-0.013444794374290116
2025-08-15,LYV,0.013444794374290116
2025-08-15,MAS,-0.013444794374290116
2025-08-15,MCK,0.013444794374290116
2025-08-15,META,0.013444794374290116
2025-08-15,MHK,-0.013444794374290116
2025-08-15,MNST,0.013444794374290116
2025-08-15,MOH,-0.013444794374290116
2025-08-15,MRK,-0.013444794374290116
2025-08-15,MRNA,-0.013444794374290116
2025-08-15,MS,0.013444794374290116
2025-08-15,MTD,-0.013444794374290116
2025-08-15,NDAQ,0.013444794374290116
2025-08-15,NFLX,0.013444794374290116
2025-08-15,NI,0.013444794374290116
2025-08-15,NRG,0.013444794374290116
2025-08-15,NTRS,0.013444794374290116
2025-08-15,NVR,-0.013444794374290116
2025-08-15,NWS,0.013444794374290116
2025-08-15,ODFL,-0.013444794374290116
2025-08-15,OMC,-0.013444794374290116
2025-08-15,ORCL,0.013444794374290116
2025-08-15,ORLY,-0.013444794374290116
2025-08-15,OXY,-0.013444794374290116
2025-08-15,PANW,-0.013444794374290116
2025-08-15,PAYC,0.013444794374290116
2025-08-15,PCG,-0.013444794374290116
2025-08-15,PEP,-0.013444794374290116
2025-08-15,PFE,-0.013444794374290116
2025-08-15,PLD,-0.013444794374290116
2025-08-15,PM,0.013444794374290116
2025-08-15,PNR,0.013444794374290116
2025-08-15,PODD,0.013444794374290116
2025-08-15,POOL,-0.013444794374290116
2025-08-15,PWR,0.013444794374290116
2025-08-15,RCL,0.013444794374290116
2025-08-15,REGN,-0.013444794374290116
2025-08-15,RJF,0.013444794374290116
2025-08-15,RL,0.013444794374290116
2025-08-15,ROK,0.013444794374290116
2025-08-15,RSG,0.013444794374290116
2025-08-15,RTX,0.013444794374290116
2025-08-15,RVTY,-0.013444794374290116
2025-08-15,SCHW,0.013444794374290116
2025-08-15,SLB,-0.013444794374290116
2025-08-15,SMCI,-0.013444794374290116
2025-08-15,SNA,0.013444794374290116
2025-08-15,STT,0.013444794374290116
2025-08-15,STX,0.013444794374290116
2025-08-15,STZ,-0.013444794374290116
2025-08-15,SWK,-0.013444794374290116
2025-08-15,SWKS,-0.013444794374290116
2025-08-15,SYF,0.013444794374290116
2025-08-15,T,0.013444794374290116
2025-08-15,TDG,0.013444794374290116
2025-08-15,TDY,0.013444794374290116
2025-08-15,TECH,-0.013444794374290116
2025-08-15,TER,-0.013444794374290116
2025-08-15,TGT,-0.013444794374290116
2025-08-15,TMO,-0.013444794374290116
2025-08-15,TPR,0.013444794374290116
2025-08-15,TRMB,0.013444794374290116
2025-08-15,TSCO,-0.013444794374290116
2025-08-15,TSN,-0.013444794374290116
2025-08-15,TT,0.013444794374290116
2025-08-15,TTWO,0.013444794374290116
2025-08-15,UAL,0.013444794374290116
2025-08-15,UHS,-0.013444794374290116
2025-08-15,UNH,-0.013444794374290116
2025-08-15,UPS,-0.013444794374290116
2025-08-15,V,0.013444794374290116
2025-08-15,VRSN,0.013444794374290116
2025-08-15,VST,0.013444794374290116
2025-08-15,VTRS,-0.013444794374290116
2025-08-15,WAB,0.013444794374290116
2025-08-15,WBD,0.013444794374290116
2025-08-15,WEC,0.013444794374290116
2025-08-15,WELL,0.013444794374290116
2025-08-15,WFC,0.013444794374290116
2025-08-15,WMB,0.013444794374290116
2025-08-15,WMT,0.013444794374290116
2025-08-15,WY,-0.013444794374290116
2025-08-15,XEL,0.013444794374290116
2025-08-15,ZBH,-0.013444794374290116
2025-08-15,ZTS,-0.013444794374290116
2025-08-22,ACGL,-0.014458858483913336
2025-08-22,ACN,-0.014458858483913336
2025-08-22,ADBE,-0.014458858483913336
2025-08-22,AEE,0.014458858483913336
2025-08-22,AKAM,-0.014458858483913336
2025-08-22,ALLE,0.014458858483913336
2025-08-22,AMCR,-0.014458858483913336
2025-08-22,AMZN,0.014458858483913336
2025-08-22,ANET,-0.014458858483913336
2025-08-22,APA,-0.014458858483913336
2025-08-22,APH,0.014458858483913336
2025-08-22,ARE,-0.014458858483913336
2025-08-22,ATO,0.014458858483913336
2025-08-22,AVGO,0.014458858483913336
2025-08-22,AVY,-0.014458858483913336
2025-08-22,AXON,0.014458858483913336
2025-08-22,BA,0.014458858483913336
2025-08-22,BAX,-0.014458858483913336
2025-08-22,BBY,-0.014458858483913336
2025-08-22,BDX,-0.014458858483913336
2025-08-22,BFB,-0.014458858483913336
2025-08-22,BG,-0.014458858483913336
2025-08-22,BIIB,-0.014458858483913336
2025-08-22,BK,0.014458858483913336
2025-08-22,BKNG,0.014458858483913336
2025-08-22,BLK,0.014458858483913336
2025-08-22,BR,0.014458858483913336
2025-08-22,BSX,0.014458858483913336
2025-08-22,C,0.014458858483913336
2025-08-22,CAG,-0.014458858483913336
2025-08-22,CAH,0.014458858483913336
2025-08-22,CBRE,0.014458858483913336
2025-08-22,CCL,0.014458858483913336
2025-08-22,CDW,-0.014458858483913336
2025-08-22,CEG,0.014458858483913336
2025-08-22,CI,-0.014458858483913336
2025-08-22,CL,-0.014458858483913336
2025-08-22,CLX,-0.014458858483913336
2025-08-22,CME,0.014458858483913336
2025-08-22,CNC,-0.014458858483913336
2025-08-22,CNP,0.014458858483913336
2025-08-22,COF,0.014458858483913336
2025-08-22,COO,-0.014458858483913336
2025-08-22,CPB,-0.014458858483913336
2025-08-22,CRWD,0.014458858483913336
2025-08-22,CSCO,0.014458858483913336
2025-08-22,CTAS,-0.014458858483913336
2025-08-22,CTVA,0.014458858483913336
2025-08-22,DE,0.014458858483913336
2025-08-22,DECK,-0.014458858483913336
2025-08-22,DHI,-0.014458858483913336
2025-08-22,DHR,-0.014458858483913336
2025-08-22,DIS,0.014458858483913336
2025-08-22,DOC,-0.014458858483913336
2025-08-22,DOW,-0.014458858483913336
2025-08-22,DRI,0.014458858483913336
2025-08-22,DVN,-0.014458858483913336
2025-08-22,EBAY,0.014458858483913336
2025-08-22,EFX,-0.014458858483913336
2025-08-22,EG,-0.014458858483913336
2025-08-22,EIX,-0.014458858483913336
2025-08-22,ELV,-0.014458858483913336
2025-08-22,EMN,-0.014458858483913336
2025-08-22,EMR,0.014458858483913336
2025-08-22,ENPH,-0.014458858483913336
2025-08-22,EQT,0.014458858483913336
2025-08-22,EVRG,0.014458858483913336
2025-08-22,EXPE,0.014458858483913336
2025-08-22,EXR,-0.014458858483913336
2025-08-22,FANG,-0.014458858483913336
2025-08-22,FAST,-0.014458858483913336
2025-08-22,FDX,-0.014458858483913336
2025-08-22,FFIV,0.014458858483913336
2025-08-22,FOX,0.014458858483913336
2025-08-22,FOXA,0.014458858483913336
2025-08-22,FRT,-0.014458858483913336
2025-08-22,FTNT,0.014458858483913336
2025-08-22,FTV,-0.014458858483913336
2025-08-22,GE,0.014458858483913336
2025-08-22,GEV,0.014458858483913336
2025-08-22,GILD,0.014458858483913336
2025-08-22,GIS,-0.014458858483913336
2025-08-22,GL,0.014458858483913336
2025-08-22,GLW,0.014458858483913336
2025-08-22,GPN,-0.014458858483913336
2025-08-22,GS,0.014458858483913336
2025-08-22,HAL,-0.014458858483913336
2025-08-22,HLT,0.014458858483913336
2025-08-22,HOLX,-0.014458858483913336
2025-08-22,HPQ,-0.014458858483913336
2025-08-22,HUM,-0.014458858483913336
2025-08-22,HWM,0.014458858483913336
2025-08-22,IBM,0.014458858483913336
2025-08-22,IFF,-0.014458858483913336
2025-08-22,INVH,-0.014458858483913336
2025-08-22,IPG,-0.014458858483913336
2025-08-22,IT,-0.014458858483913336
2025-08-22,JBL,0.014458858483913336
2025-08-22,JCI,0.014458858483913336
2025-08-22,JPM,0.014458858483913336
2025-08-22,KHC,-0.014458858483913336
2025-08-22,KMB,-0.014458858483913336
2025-08-22,KMI,0.014458858483913336
2025-08-22,KMX,-0.014458858483913336
2025-08-22,KR,0.014458858483913336
2025-08-22,LEN,-0.014458858483913336
2025-08-22,LKQ,-0.014458858483913336
2025-08-22,LMT,-0.014458858483913336
2025-08-22,LRCX,-0.014458858483913336
2025-08-22,LYB,-0.014458858483913336
2025-08-22,LYV,0.014458858483913336
2025-08-22,MAS,-0.014458858483913336
2025-08-22,META,0.014458858483913336
2025-08-22,MHK,-0.014458858483913336
2025-08-22,MNST,0.014458858483913336
2025-08-22,MOH,-0.014458858483913336
2025-08-22,MRK,-0.014458858483913336
2025-08-22,MRNA,-0.014458858483913336
2025-08-22,MS,0.014458858483913336
2025-08-22,MSFT,0.014458858483913336
2025-08-22,NDAQ,0.014458858483913336
2025-08-22,NDSN,-0.014458858483913336
2025-08-22,NFLX,0.014458858483913336
2025-08-22,NI,0.014458858483913336
2025-08-22,NRG,0.014458858483913336
2025-08-22,NTAP,-0.014458858483913336
2025-08-22,NTRS,0.014458858483913336
2025-08-22,NVR,-0.014458858483913336
2025-08-22,OMC,-0.014458858483913336
2025-08-22,ON,-0.014458858483913336
2025-08-22,ORCL,0.014458858483913336
2025-08-22,ORLY,-0.014458858483913336
2025-08-22,OXY,-0.014458858483913336
2025-08-22,PANW,-0.014458858483913336
2025-08-22,PAYC,0.014458858483913336
2025-08-22,PCG,-0.014458858483913336
2025-08-22,PEP,-0.014458858483913336
2025-08-22,PFE,-0.014458858483913336
2025-08-22,PM,0.014458858483913336
2025-08-22,PODD,0.014458858483913336
2025-08-22,PPL,0.014458858483913336
2025-08-22,PSA,-0.014458858483913336
2025-08-22,PWR,0.014458858483913336
2025-08-22,RCL,0.014458858483913336
2025-08-22,REGN,-0.014458858483913336
2025-08-22,RJF,0.014458858483913336
2025-08-22,RL,0.014458858483913336
2025-08-22,ROK,0.014458858483913336
2025-08-22,ROL,0.014458858483913336
2025-08-22,RSG,0.014458858483913336
2025-08-22,RTX,0.014458858483913336
2025-08-22,RVTY,-0.014458858483913336
2025-08-22,SCHW,0.014458858483913336
2025-08-22,SLB,-0.014458858483913336
2025-08-22,SMCI,-0.014458858483913336
2025-08-22,STT,0.014458858483913336
2025-08-22,STX,0.014458858483913336
2025-08-22,STZ,-0.014458858483913336
2025-08-22,SWK,-0.014458858483913336
2025-08-22,SWKS,-0.014458858483913336
2025-08-22,SYF,0.014458858483913336
2025-08-22,T,0.014458858483913336
2025-08-22,TDG,0.014458858483913336
2025-08-22,TDY,0.014458858483913336
2025-08-22,TECH,-0.014458858483913336
2025-08-22,TEL,0.014458858483913336
2025-08-22,TER,-0.014458858483913336
2025-08-22,TGT,-0.014458858483913336
2025-08-22,TMO,-0.014458858483913336
2025-08-22,TMUS,0.014458858483913336
2025-08-22,TPR,0.014458858483913336
2025-08-22,TRMB,0.014458858483913336
2025-08-22,TSCO,-0.014458858483913336
2025-08-22,TSN,-0.014458858483913336
2025-08-22,TT,0.014458858483913336
2025-08-22,TTWO,0.014458858483913336
2025-08-22,UAL,0.014458858483913336
2025-08-22,UHS,-0.014458858483913336
2025-08-22,UNH,-0.014458858483913336
2025-08-22,UPS,-0.014458858483913336
2025-08-22,V,0.014458858483913336
2025-08-22,VRSN,0.014458858483913336
2025-08-22,VST,0.014458858483913336
2025-08-22,VTRS,-0.014458858483913336
2025-08-22,WBD,0.014458858483913336
2025-08-22,WEC,0.014458858483913336
2025-08-22,WELL,0.014458858483913336
2025-08-22,WFC,0.014458858483913336
2025-08-22,WMB,0.014458858483913336
2025-08-22,WMT,0.014458858483913336
2025-08-22,WY,-0.014458858483913336
2025-08-22,XEL,0.014458858483913336
2025-08-22,ZBH,-0.014458858483913336
2025-08-22,ZTS,-0.014458858483913336
2025-08-29,A,-0.014297155018439232
2025-08-29,ACGL,-0.014297155018439232
2025-08-29,ACN,-0.014297155018439232
2025-08-29,ADBE,-0.014297155018439232
2025-08-29,AEE,0.014297155018439232
2025-08-29,AKAM,-0.014297155018439232
2025-08-29,ALGN,-0.014297155018439232
2025-08-29,ALLE,0.014297155018439232
2025-08-29,AMCR,-0.014297155018439232
2025-08-29,AMZN,0.014297155018439232
2025-08-29,ANET,-0.014297155018439232
2025-08-29,APH,0.014297155018439232
2025-08-29,ARE,-0.014297155018439232
2025-08-29,ATO,0.014297155018439232
2025-08-29,AVB,-0.014297155018439232
2025-08-29,AVGO,0.014297155018439232
2025-08-29,AVY,-0.014297155018439232
2025-08-29,AXON,0.014297155018439232
2025-08-29,BAX,-0.014297155018439232
2025-08-29,BBY,-0.014297155018439232
2025-08-29,BDX,-0.014297155018439232
2025-08-29,BFB,-0.014297155018439232
2025-08-29,BG,-0.014297155018439232
2025-08-29,BIIB,-0.014297155018439232
2025-08-29,BK,0.014297155018439232
2025-08-29,BKNG,0.014297155018439232
2025-08-29,BLK,0.014297155018439232
2025-08-29,BR,0.014297155018439232
2025-08-29,BSX,0.014297155018439232
2025-08-29,C,0.014297155018439232
2025-08-29,CAG,-0.014297155018439232
2025-08-29,CAH,0.014297155018439232
2025-08-29,CBRE,0.014297155018439232
2025-08-29,CCL,0.014297155018439232
2025-08-29,CDNS,0.014297155018439232
2025-08-29,CDW,-0.014297155018439232
2025-08-29,CEG,0.014297155018439232
2025-08-29,CI,-0.014297155018439232
2025-08-29,CL,-0.014297155018439232
2025-08-29,CLX,-0.014297155018439232
2025-08-29,CMCSA,-0.014297155018439232
2025-08-29,CME,0.014297155018439232
2025-08-29,CMG,-0.014297155018439232
2025-08-29,CNC,-0.014297155018439232
2025-08-29,CNP,0.014297155018439232
2025-08-29,COF,0.014297155018439232
2025-08-29,COO,-0.014297155018439232
2025-08-29,COR,0.014297155018439232
2025-08-29,CPB,-0.014297155018439232
2025-08-29,CRWD,0.014297155018439232
2025-08-29,CSCO,0.014297155018439232
2025-08-29,CTAS,-0.014297155018439232
2025-08-29,CTVA,0.014297155018439232
2025-08-29,CZR,-0.014297155018439232
2025-08-29,DE,0.014297155018439232
2025-08-29,DECK,-0.014297155018439232
2025-08-29,DHI,-0.014297155018439232
2025-08-29,DHR,-0.014297155018439232
2025-08-29,DIS,0.014297155018439232
2025-08-29,DOC,-0.014297155018439232
2025-08-29,DOW,-0.014297155018439232
2025-08-29,DRI,0.014297155018439232
2025-08-29,EBAY,0.014297155018439232
2025-08-29,EFX,-0.014297155018439232
2025-08-29,EG,-0.014297155018439232
2025-08-29,EIX,-0.014297155018439232
2025-08-29,ELV,-0.014297155018439232
2025-08-29,EMN,-0.014297155018439232
2025-08-29,EMR,0.014297155018439232
2025-08-29,ENPH,-0.014297155018439232
2025-08-29,EQT,0.014297155018439232
2025-08-29,EVRG,0.014297155018439232
2025-08-29,EXC,0.014297155018439232
2025-08-29,EXR,-0.014297155018439232
2025-08-29,FAST,-0.014297155018439232
2025-08-29,FDX,-0.014297155018439232
2025-08-29,FFIV,0.014297155018439232
2025-08-29,FOX,0.014297155018439232
2025-08-29,FOXA,0.014297155018439232
2025-08-29,FRT,-0.014297155018439232
2025-08-29,FTV,-0.014297155018439232
2025-08-29,GE,0.014297155018439232
2025-08-29,GEV,0.014297155018439232
2025-08-29,GILD,0.014297155018439232
2025-08-29,GIS,-0.014297155018439232
2025-08-29,GL,0.014297155018439232
2025-08-29,GLW,0.014297155018439232
2025-08-29,GPN,-0.014297155018439232
2025-08-29,GS,0.014297155018439232
2025-08-29,HAL,-0.014297155018439232
2025-08-29,HLT,0.014297155018439232
2025-08-29,HOLX,-0.014297155018439232
2025-08-29,HPQ,-0.014297155018439232
2025-08-29,HRL,-0.014297155018439232
2025-08-29,HWM,0.014297155018439232
2025-08-29,IBM,0.014297155018439232
2025-08-29,IEX,-0.014297155018439232
2025-08-29,IFF,-0.014297155018439232
2025-08-29,INTU,0.014297155018439232
2025-08-29,INVH,-0.014297155018439232
2025-08-29,IPG,-0.014297155018439232
2025-08-29,IQV,-0.014297155018439232
2025-08-29,IT,-0.014297155018439232
2025-08-29,JBL,0.014297155018439232
2025-08-29,JCI,0.014297155018439232
2025-08-29,JPM,0.014297155018439232
2025-08-29,KHC,-0.014297155018439232
2025-08-29,KMI,0.014297155018439232
2025-08-29,KMX,-0.014297155018439232
2025-08-29,KR,0.014297155018439232
2025-08-29,LEN,-0.014297155018439232
2025-08-29,LHX,0.014297155018439232
2025-08-29,LKQ,-0.014297155018439232
2025-08-29,LMT,-0.014297155018439232
2025-08-29,LRCX,-0.014297155018439232
2025-08-29,LYB,-0.014297155018439232
2025-08-29,LYV,0.014297155018439232
2025-08-29,META,0.014297155018439232
2025-08-29,MHK,-0.014297155018439232
2025-08-29,MMC,-0.014297155018439232
2025-08-29,MNST,0.014297155018439232
2025-08-29,MO,0.014297155018439232
2025-08-29,MOH,-0.014297155018439232
2025-08-29,MRK,-0.014297155018439232
2025-08-29,MRNA,-0.014297155018439232
2025-08-29,MS,0.014297155018439232
2025-08-29,MSFT,0.014297155018439232
2025-08-29,NDAQ,0.014297155018439232
2025-08-29,NFLX,0.014297155018439232
2025-08-29,NI,0.014297155018439232
2025-08-29,NRG,0.014297155018439232
2025-08-29,NTRS,0.014297155018439232
2025-08-29,NVDA,0.014297155018439232
2025-08-29,NVR,-0.014297155018439232
2025-08-29,OMC,-0.014297155018439232
2025-08-29,ORCL,0.014297155018439232
2025-08-29,ORLY,-0.014297155018439232
2025-08-29,PANW,-0.014297155018439232
2025-08-29,PAYC,0.014297155018439232
2025-08-29,PCG,-0.014297155018439232
2025-08-29,PEP,-0.014297155018439232
2025-08-29,PFE,-0.014297155018439232
2025-08-29,PM,0.014297155018439232
2025-08-29,PODD,0.014297155018439232
2025-08-29,PPG,-0.014297155018439232
2025-08-29,PSA,-0.014297155018439232
2025-08-29,PWR,0.014297155018439232
2025-08-29,RCL,0.014297155018439232
2025-08-29,REGN,-0.014297155018439232
2025-08-29,RJF,0.014297155018439232
2025-08-29,RL,0.014297155018439232
2025-08-29,ROK,0.014297155018439232
2025-08-29,RTX,0.014297155018439232
2025-08-29,RVTY,-0.014297155018439232
2025-08-29,SCHW,0.014297155018439232
2025-08-29,SLB,-0.014297155018439232
2025-08-29,SMCI,-0.014297155018439232
2025-08-29,STT,0.014297155018439232
2025-08-29,STX,0.014297155018439232
2025-08-29,STZ,-0.014297155018439232
2025-08-29,SWK,-0.014297155018439232
2025-08-29,SWKS,-0.014297155018439232
2025-08-29,SYF,0.014297155018439232
2025-08-29,T,0.014297155018439232
2025-08-29,TDY,0.014297155018439232
2025-08-29,TECH,-0.014297155018439232
2025-08-29,TEL,0.014297155018439232
2025-08-29,TGT,-0.014297155018439232
2025-08-29,TMO,-0.014297155018439232
2025-08-29,TPR,0.014297155018439232
2025-08-29,TRMB,0.014297155018439232
2025-08-29,TSCO,-0.014297155018439232
2025-08-29,TSN,-0.014297155018439232
2025-08-29,TTWO,0.014297155018439232
2025-08-29,UAL,0.014297155018439232
2025-08-29,UHS,-0.014297155018439232
2025-08-29,ULTA,0.014297155018439232
2025-08-29,UNH,-0.014297155018439232
2025-08-29,UPS,-0.014297155018439232
2025-08-29,V,0.014297155018439232
2025-08-29,VRSN,0.014297155018439232
2025-08-29,VST,0.014297155018439232
2025-08-29,VTRS,-0.014297155018439232
2025-08-29,WBD,0.014297155018439232
2025-08-29,WEC,0.014297155018439232
2025-08-29,WELL,0.014297155018439232
2025-08-29,WFC,0.014297155018439232
2025-08-29,WMB,0.014297155018439232
2025-08-29,WMT,0.014297155018439232
2025-08-29,WY,-0.014297155018439232
2025-08-29,WYNN,0.014297155018439232
2025-08-29,XEL,0.014297155018439232
2025-08-29,ZBH,-0.014297155018439232
2025-08-29,ZTS,-0.014297155018439232
2025-09-05,ACGL,-0.014279635468547795
2025-09-05,ACN,-0.014279635468547795
2025-09-05,ADBE,-0.014279635468547795
2025-09-05,AEE,0.014279635468547795
2025-09-05,AKAM,-0.014279635468547795
2025-09-05,ALGN,-0.014279635468547795
2025-09-05,AMCR,-0.014279635468547795
2025-09-05,ANET,-0.014279635468547795
2025-09-05,APH,0.014279635468547795
2025-09-05,ARE,-0.014279635468547795
2025-09-05,ATO,0.014279635468547795
2025-09-05,AVB,-0.014279635468547795
2025-09-05,AVGO,0.014279635468547795
2025-09-05,AVY,-0.014279635468547795
2025-09-05,AXON,0.014279635468547795
2025-09-05,AZO,0.014279635468547795
2025-09-05,BA,0.014279635468547795
2025-09-05,BALL,-0.014279635468547795
2025-09-05,BAX,-0.014279635468547795
2025-09-05,BBY,-0.014279635468547795
2025-09-05,BDX,-0.014279635468547795
2025-09-05,BFB,-0.014279635468547795
2025-09-05,BIIB,-0.014279635468547795
2025-09-05,BK,0.014279635468547795
2025-09-05,BKNG,0.014279635468547795
2025-09-05,BLK,0.014279635468547795
2025-09-05,BR,0.014279635468547795
2025-09-05,BSX,0.014279635468547795
2025-09-05,C,0.014279635468547795
2025-09-05,CAG,-0.014279635468547795
2025-09-05,CAH,0.014279635468547795
2025-09-05,CBRE,0.014279635468547795
2025-09-05,CCL,0.014279635468547795
2025-09-05,CDNS,0.014279635468547795
2025-09-05,CDW,-0.014279635468547795
2025-09-05,CEG,0.014279635468547795
2025-09-05,CI,-0.014279635468547795
2025-09-05,CL,-0.014279635468547795
2025-09-05,CLX,-0.014279635468547795
2025-09-05,CMCSA,-0.014279635468547795
2025-09-05,CME,0.014279635468547795
2025-09-05,CMG,-0.014279635468547795
2025-09-05,CMI,0.014279635468547795
2025-09-05,CNC,-0.014279635468547795
2025-09-05,CNP,0.014279635468547795
2025-09-05,COF,0.014279635468547795
2025-09-05,COO,-0.014279635468547795
2025-09-05,CPB,-0.014279635468547795
2025-09-05,CPT,-0.014279635468547795
2025-09-05,CRWD,0.014279635468547795
2025-09-05,CSCO,0.014279635468547795
2025-09-05,CTAS,-0.014279635468547795
2025-09-05,CTVA,0.014279635468547795
2025-09-05,CZR,-0.014279635468547795
2025-09-05,DE,0.014279635468547795
2025-09-05,DECK,-0.014279635468547795
2025-09-05,DG,0.014279635468547795
2025-09-05,DHR,-0.014279635468547795
2025-09-05,DLTR,0.014279635468547795
2025-09-05,DOC,-0.014279635468547795
2025-09-05,DOW,-0.014279635468547795
2025-09-05,DRI,0.014279635468547795
2025-09-05,EBAY,0.014279635468547795
2025-09-05,EFX,-0.014279635468547795
2025-09-05,EG,-0.014279635468547795
2025-09-05,EIX,-0.014279635468547795
2025-09-05,ELV,-0.014279635468547795
2025-09-05,EMN,-0.014279635468547795
2025-09-05,EMR,0.014279635468547795
2025-09-05,ENPH,-0.014279635468547795
2025-09-05,EQR,-0.014279635468547795
2025-09-05,EQT,0.014279635468547795
2025-09-05,EVRG,0.014279635468547795
2025-09-05,EXC,0.014279635468547795
2025-09-05,EXR,-0.014279635468547795
2025-09-05,FAST,-0.014279635468547795
2025-09-05,FDX,-0.014279635468547795
2025-09-05,FFIV,0.014279635468547795
2025-09-05,FI,-0.014279635468547795
2025-09-05,FOX,0.014279635468547795
2025-09-05,FOXA,0.014279635468547795
2025-09-05,FRT,-0.014279635468547795
2025-09-05,FTV,-0.014279635468547795
2025-09-05,GE,0.014279635468547795
2025-09-05,GEV,0.014279635468547795
2025-09-05,GILD,0.014279635468547795
2025-09-05,GIS,-0.014279635468547795
2025-09-05,GL,0.014279635468547795
2025-09-05,GLW,0.014279635468547795
2025-09-05,GPN,-0.014279635468547795
2025-09-05,GS,0.014279635468547795
2025-09-05,HAL,-0.014279635468547795
2025-09-05,HOLX,-0.014279635468547795
2025-09-05,HPQ,-0.014279635468547795
2025-09-05,HUM,-0.014279635468547795
2025-09-05,HWM,0.014279635468547795
2025-09-05,IDXX,0.014279635468547795
2025-09-05,IEX,-0.014279635468547795
2025-09-05,IFF,-0.014279635468547795
2025-09-05,INVH,-0.014279635468547795
2025-09-05,IPG,-0.014279635468547795
2025-09-05,IQV,-0.014279635468547795
2025-09-05,IT,-0.014279635468547795
2025-09-05,JBL,0.014279635468547795
2025-09-05,JCI,0.014279635468547795
2025-09-05,JPM,0.014279635468547795
2025-09-05,KHC,-0.014279635468547795
2025-09-05,KMI,0.014279635468547795
2025-09-05,KMX,-0.014279635468547795
2025-09-05,KR,0.014279635468547795
2025-09-05,LEN,-0.014279635468547795
2025-09-05,LKQ,-0.014279635468547795
2025-09-05,LLY,-0.014279635468547795
2025-09-05,LMT,-0.014279635468547795
2025-09-05,LRCX,-0.014279635468547795
2025-09-05,LYB,-0.014279635468547795
2025-09-05,LYV,0.014279635468547795
2025-09-05,MCK,0.014279635468547795
2025-09-05,MDLZ,-0.014279635468547795
2025-09-05,META,0.014279635468547795
2025-09-05,MKC,-0.014279635468547795
2025-09-05,MKTX,-0.014279635468547795
2025-09-05,MMC,-0.014279635468547795
2025-09-05,MNST,0.014279635468547795
2025-09-05,MO,0.014279635468547795
2025-09-05,MOH,-0.014279635468547795
2025-09-05,MRK,-0.014279635468547795
2025-09-05,MRNA,-0.014279635468547795
2025-09-05,MS,0.014279635468547795
2025-09-05,MSFT,0.014279635468547795
2025-09-05,NDAQ,0.014279635468547795
2025-09-05,NFLX,0.014279635468547795
2025-09-05,NI,0.014279635468547795
2025-09-05,NRG,0.014279635468547795
2025-09-05,NTRS,0.014279635468547795
2025-09-05,NVDA,0.014279635468547795
2025-09-05,NWS,0.014279635468547795
2025-09-05,OMC,-0.014279635468547795
2025-09-05,ON,-0.014279635468547795
2025-09-05,ORCL,0.014279635468547795
2025-09-05,ORLY,-0.014279635468547795
2025-09-05,PANW,-0.014279635468547795
2025-09-05,PAYC,0.014279635468547795
2025-09-05,PCG,-0.014279635468547795
2025-09-05,PEP,-0.014279635468547795
2025-09-05,PG,-0.014279635468547795
2025-09-05,PH,0.014279635468547795
2025-09-05,PLD,-0.014279635468547795
2025-09-05,PM,0.014279635468547795
2025-09-05,PODD,0.014279635468547795
2025-09-05,PPG,-0.014279635468547795
2025-09-05,PSA,-0.014279635468547795
2025-09-05,PWR,0.014279635468547795
2025-09-05,RCL,0.014279635468547795
2025-09-05,REGN,-0.014279635468547795
2025-09-05,RJF,0.014279635468547795
2025-09-05,RL,0.014279635468547795
2025-09-05,ROL,0.014279635468547795
2025-09-05,RSG,0.014279635468547795
2025-09-05,RTX,0.014279635468547795
2025-09-05,RVTY,-0.014279635468547795
2025-09-05,SCHW,0.014279635468547795
2025-09-05,SMCI,-0.014279635468547795
2025-09-05,STT,0.014279635468547795
2025-09-05,STX,0.014279635468547795
2025-09-05,STZ,-0.014279635468547795
2025-09-05,SWK,-0.014279635468547795
2025-09-05,SWKS,-0.014279635468547795
2025-09-05,SYF,0.014279635468547795
2025-09-05,T,0.014279635468547795
2025-09-05,TDY,0.014279635468547795
2025-09-05,TECH,-0.014279635468547795
2025-09-05,TEL,0.014279635468547795
2025-09-05,TGT,-0.014279635468547795
2025-09-05,TMO,-0.014279635468547795
2025-09-05,TPR,0.014279635468547795
2025-09-05,TRMB,0.014279635468547795
2025-09-05,TSCO,-0.014279635468547795
2025-09-05,TTWO,0.014279635468547795
2025-09-05,UAL,0.014279635468547795
2025-09-05,UHS,-0.014279635468547795
2025-09-05,ULTA,0.014279635468547795
2025-09-05,UNH,-0.014279635468547795
2025-09-05,UPS,-0.014279635468547795
2025-09-05,V,0.014279635468547795
2025-09-05,VRSN,0.014279635468547795
2025-09-05,VST,0.014279635468547795
2025-09-05,WBD,0.014279635468547795
2025-09-05,WEC,0.014279635468547795
2025-09-05,WELL,0.014279635468547795
2025-09-05,WFC,0.014279635468547795
2025-09-05,WMB,0.014279635468547795
2025-09-05,WMT,0.014279635468547795
2025-09-05,ZTS,-0.014279635468547795
2025-09-12,ACGL,-0.016809664269249618
2025-09-12,ACN,-0.016809664269249618
2025-09-12,ADBE,-0.016809664269249618
2025-09-12,AEE,0.016809664269249618
2025-09-12,AKAM,-0.016809664269249618
2025-09-12,ALGN,-0.016809664269249618
2025-09-12,AMCR,-0.016809664269249618
2025-09-12,ANET,-0.016809664269249618
2025-09-12,APH,0.016809664269249618
2025-09-12,ARE,-0.016809664269249618
2025-09-12,ATO,0.016809664269249618
2025-09-12,AVB,-0.016809664269249618
2025-09-12,AVGO,0.016809664269249618
2025-09-12,AVY,-0.016809664269249618
2025-09-12,AXON,0.016809664269249618
2025-09-12,AZO,0.016809664269249618
2025-09-12,BA,0.016809664269249618
2025-09-12,BALL,-0.016809664269249618
2025-09-12,BAX,-0.016809664269249618
2025-09-12,BBY,-0.016809664269249618
2025-09-12,BDX,-0.016809664269249618
2025-09-12,BEN,0.016809664269249618
2025-09-12,BFB,-0.016809664269249618
2025-09-12,BIIB,-0.016809664269249618
2025-09-12,BK,0.016809664269249618
2025-09-12,BKNG,0.016809664269249618
2025-09-12,BLK,0.016809664269249618
2025-09-12,BR,0.016809664269249618
2025-09-12,BSX,0.016809664269249618
2025-09-12,C,0.016809664269249618
2025-09-12,CAG,-0.016809664269249618
2025-09-12,CAH,0.016809664269249618
2025-09-12,CBRE,0.016809664269249618
2025-09-12,CCL,0.016809664269249618
2025-09-12,CDW,-0.016809664269249618
2025-09-12,CEG,0.016809664269249618
2025-09-12,CI,-0.016809664269249618
2025-09-12,CL,-0.016809664269249618
2025-09-12,CLX,-0.016809664269249618
2025-09-12,CMCSA,-0.016809664269249618
2025-09-12,CME,0.016809664269249618
2025-09-12,CMG,-0.016809664269249618
2025-09-12,CMI,0.016809664269249618
2025-09-12,CNC,-0.016809664269249618
2025-09-12,CNP,0.016809664269249618
2025-09-12,COF,0.016809664269249618
2025-09-12,COO,-0.016809664269249618
2025-09-12,COR,0.016809664269249618
2025-09-12,CPB,-0.016809664269249618
2025-09-12,CPT,-0.016809664269249618
2025-09-12,CRWD,0.016809664269249618
2025-09-12,CSCO,0.016809664269249618
2025-09-12,CTVA,0.016809664269249618
2025-09-12,CZR,-0.016809664269249618
2025-09-12,DECK,-0.016809664269249618
2025-09-12,DHR,-0.016809664269249618
2025-09-12,DLTR,0.016809664269249618
2025-09-12,DOC,-0.016809664269249618
2025-09-12,DOW,-0.016809664269249618
2025-09-12,DRI,0.016809664269249618
2025-09-12,EBAY,0.016809664269249618
2025-09-12,EFX,-0.016809664269249618
2025-09-12,EIX,-0.016809664269249618
2025-09-12,ELV,-0.016809664269249618
2025-09-12,EMN,-0.016809664269249618
2025-09-12,EMR,0.016809664269249618
2025-09-12,ENPH,-0.016809664269249618
2025-09-12,EQR,-0.016809664269249618
2025-09-12,EQT,0.016809664269249618
2025-09-12,ESS,-0.016809664269249618
2025-09-12,EVRG,0.016809664269249618
2025-09-12,EXPE,0.016809664269249618
2025-09-12,EXR,-0.016809664269249618
2025-09-12,FAST,-0.016809664269249618
2025-09-12,FDS,-0.016809664269249618
2025-09-12,FDX,-0.016809664269249618
2025-09-12,FFIV,0.016809664269249618
2025-09-12,FI,-0.016809664269249618
2025-09-12,FICO,-0.016809664269249618
2025-09-12,FOX,0.016809664269249618
2025-09-12,FOXA,0.016809664269249618
2025-09-12,FRT,-0.016809664269249618
2025-09-12,FTV,-0.016809664269249618
2025-09-12,GE,0.016809664269249618
2025-09-12,GEV,0.016809664269249618
2025-09-12,GILD,0.016809664269249618
2025-09-12,GIS,-0.016809664269249618
2025-09-12,GL,0.016809664269249618
2025-09-12,GLW,0.016809664269249618
2025-09-12,GOOG,0.016809664269249618
2025-09-12,GOOGL,0.016809664269249618
2025-09-12,GS,0.016809664269249618
2025-09-12,HAL,-0.016809664269249618
2025-09-12,HLT,0.016809664269249618
2025-09-12,HOLX,-0.016809664269249618
2025-09-12,HRL,-0.016809664269249618
2025-09-12,HWM,0.016809664269249618
2025-09-12,IFF,-0.016809664269249618
2025-09-12,INVH,-0.016809664269249618
2025-09-12,IPG,-0.016809664269249618
2025-09-12,IRM,-0.016809664269249618
2025-09-12,IT,-0.016809664269249618
2025-09-12,JBL,0.016809664269249618
2025-09-12,JCI,0.016809664269249618
2025-09-12,JPM,0.016809664269249618
2025-09-12,KHC,-0.016809664269249618
2025-09-12,KMI,0.016809664269249618
2025-09-12,KMX,-0.016809664269249618
2025-09-12,KR,0.016809664269249618
2025-09-12,L,0.016809664269249618
2025-09-12,LEN,-0.016809664269249618
2025-09-12,LH,0.016809664269249618
2025-09-12,LKQ,-0.016809664269249618
2025-09-12,LLY,-0.016809664269249618
2025-09-12,LMT,-0.016809664269249618
2025-09-12,LRCX,-0.016809664269249618
2025-09-12,LYB,-0.016809664269249618
2025-09-12,LYV,0.016809664269249618
2025-09-12,MAA,-0.016809664269249618
2025-09-12,MCK,0.016809664269249618
2025-09-12,MDLZ,-0.016809664269249618
2025-09-12,META,0.016809664269249618
2025-09-12,MKC,-0.016809664269249618
2025-09-12,MKTX,-0.016809664269249618
2025-09-12,MMC,-0.016809664269249618
2025-09-12,MNST,0.016809664269249618
2025-09-12,MO,0.016809664269249618
2025-09-12,MOH,-0.016809664269249618
2025-09-12,MRK,-0.016809664269249618
2025-09-12,MRNA,-0.016809664269249618
2025-09-12,MS,0.016809664269249618
2025-09-12,NDAQ,0.016809664269249618
2025-09-12,NFLX,0.016809664269249618
2025-09-12,NI,0.016809664269249618
2025-09-12,NRG,0.016809664269249618
2025-09-12,NTRS,0.016809664269249618
2025-09-12,NVDA,0.016809664269249618
2025-09-12,NWS,0.016809664269249618
2025-09-12,OMC,-0.016809664269249618
2025-09-12,ORCL,0.016809664269249618
2025-09-12,ORLY,-0.016809664269249618
2025-09-12,PANW,-0.016809664269249618
2025-09-12,PCG,-0.016809664269249618
2025-09-12,PEP,-0.016809664269249618
2025-09-12,PG,-0.016809664269249618
2025-09-12,PH,0.016809664269249618
2025-09-12,PLD,-0.016809664269249618
2025-09-12,PM,0.016809664269249618
2025-09-12,PODD,0.016809664269249618
2025-09-12,PSA,-0.016809664269249618
2025-09-12,PWR,0.016809664269249618
2025-09-12,RCL,0.016809664269249618
2025-09-12,REGN,-0.016809664269249618
2025-09-12,RJF,0.016809664269249618
2025-09-12,RL,0.016809664269249618
2025-09-12,ROK,0.016809664269249618
2025-09-12,RTX,0.016809664269249618
2025-09-12,RVTY,-0.016809664269249618
2025-09-12,SCHW,0.016809664269249618
2025-09-12,SMCI,-0.016809664269249618
2025-09-12,STT,0.016809664269249618
2025-09-12,STX,0.016809664269249618
2025-09-12,STZ,-0.016809664269249618
2025-09-12,SWK,-0.016809664269249618
2025-09-12,SWKS,-0.016809664269249618
2025-09-12,SYF,0.016809664269249618
2025-09-12,T,0.016809664269249618
2025-09-12,TDY,0.016809664269249618
2025-09-12,TECH,-0.016809664269249618
2025-09-12,TEL,0.016809664269249618
2025-09-12,TGT,-0.016809664269249618
2025-09-12,TMO,-0.016809664269249618
2025-09-12,TPR,0.016809664269249618
2025-09-12,TRMB,0.016809664269249618
2025-09-12,TSCO,-0.016809664269249618
2025-09-12,TTWO,0.016809664269249618
2025-09-12,UAL,0.016809664269249618
2025-09-12,UDR,-0.016809664269249618
2025-09-12,UHS,-0.016809664269249618
2025-09-12,ULTA,0.016809664269249618
2025-09-12,UNH,-0.016809664269249618
2025-09-12,UNP,-0.016809664269249618
2025-09-12,UPS,-0.016809664269249618
2025-09-12,V,0.016809664269249618
2025-09-12,VRSN,0.016809664269249618
2025-09-12,VST,0.016809664269249618
2025-09-12,WBD,0.016809664269249618
2025-09-12,WELL,0.016809664269249618
2025-09-12,WFC,0.016809664269249618
2025-09-12,WMB,0.016809664269249618
2025-09-12,WMT,0.016809664269249618
2025-09-12,WRB,0.016809664269249618
2025-09-12,WY,-0.016809664269249618
2025-09-12,ZTS,-0.016809664269249618
2025-09-19,ACGL,-0.016786711570286546
2025-09-19,ACN,-0.016786711570286546
2025-09-19,ADBE,-0.016786711570286546
2025-09-19,AEE,0.016786711570286546
2025-09-19,ALGN,-0.016786711570286546
2025-09-19,AMCR,-0.016786711570286546
2025-09-19,ANET,-0.016786711570286546
2025-09-19,APH,0.016786711570286546
2025-09-19,ARE,-0.016786711570286546
2025-09-19,ATO,0.016786711570286546
2025-09-19,AVB,-0.016786711570286546
2025-09-19,AVGO,0.016786711570286546
2025-09-19,AVY,-0.016786711570286546
2025-09-19,AXON,0.016786711570286546
2025-09-19,AZO,0.016786711570286546
2025-09-19,BA,0.016786711570286546
2025-09-19,BALL,-0.016786711570286546
2025-09-19,BAX,-0.016786711570286546
2025-09-19,BBY,-0.016786711570286546
2025-09-19,BFB,-0.016786711570286546
2025-09-19,BIIB,-0.016786711570286546
2025-09-19,BK,0.016786711570286546
2025-09-19,BKNG,0.016786711570286546
2025-09-19,BLDR,-0.016786711570286546
2025-09-19,BR,0.016786711570286546
2025-09-19,BSX,0.016786711570286546
2025-09-19,C,0.016786711570286546
2025-09-19,CAG,-0.016786711570286546
2025-09-19,CAH,0.016786711570286546
2025-09-19,CBOE,0.016786711570286546
2025-09-19,CBRE,0.016786711570286546
2025-09-19,CCL,0.016786711570286546
2025-09-19,CDW,-0.016786711570286546
2025-09-19,CL,-0.016786711570286546
2025-09-19,CLX,-0.016786711570286546
2025-09-19,CMCSA,-0.016786711570286546
2025-09-19,CME,0.016786711570286546
2025-09-19,CMG,-0.016786711570286546
2025-09-19,CMI,0.016786711570286546
2025-09-19,CNC,-0.016786711570286546
2025-09-19,CNP,0.016786711570286546
2025-09-19,COF,0.016786711570286546
2025-09-19,COO,-0.016786711570286546
2025-09-19,COR,0.016786711570286546
2025-09-19,CPB,-0.016786711570286546
2025-09-19,CPT,-0.016786711570286546
2025-09-19,CRWD,0.016786711570286546
2025-09-19,CSCO,0.016786711570286546
2025-09-19,CTVA,0.016786711570286546
2025-09-19,CZR,-0.016786711570286546
2025-09-19,DECK,-0.016786711570286546
2025-09-19,DGX,0.016786711570286546
2025-09-19,DHR,-0.016786711570286546
2025-09-19,DLTR,0.016786711570286546
2025-09-19,DOC,-0.016786711570286546
2025-09-19,DOW,-0.016786711570286546
2025-09-19,EBAY,0.016786711570286546
2025-09-19,EFX,-0.016786711570286546
2025-09-19,EIX,-0.016786711570286546
2025-09-19,ELV,-0.016786711570286546
2025-09-19,EMN,-0.016786711570286546
2025-09-19,ENPH,-0.016786711570286546
2025-09-19,EQR,-0.016786711570286546
2025-09-19,EQT,0.016786711570286546
2025-09-19,EVRG,0.016786711570286546
2025-09-19,EXPE,0.016786711570286546
2025-09-19,EXR,-0.016786711570286546
2025-09-19,FAST,-0.016786711570286546
2025-09-19,FDS,-0.016786711570286546
2025-09-19,FDX,-0.016786711570286546
2025-09-19,FFIV,0.016786711570286546
2025-09-19,FICO,-0.016786711570286546
2025-09-19,FIS,-0.016786711570286546
2025-09-19,FOX,0.016786711570286546
2025-09-19,FOXA,0.016786711570286546
2025-09-19,FRT,-0.016786711570286546
2025-09-19,FTV,-0.016786711570286546
2025-09-19,GE,0.016786711570286546
2025-09-19,GEHC,-0.016786711570286546
2025-09-19,GEV,0.016786711570286546
2025-09-19,GILD,0.016786711570286546
2025-09-19,GIS,-0.016786711570286546
2025-09-19,GL,0.016786711570286546
2025-09-19,GLW,0.016786711570286546
2025-09-19,GOOGL,0.016786711570286546
2025-09-19,GPN,-0.016786711570286546
2025-09-19,GRMN,0.016786711570286546
2025-09-19,GS,0.016786711570286546
2025-09-19,HAL,-0.016786711570286546
2025-09-19,HOLX,-0.016786711570286546
2025-09-19,HPQ,-0.016786711570286546
2025-09-19,HWM,0.016786711570286546
2025-09-19,IEX,-0.016786711570286546
2025-09-19,IFF,-0.016786711570286546
2025-09-19,INVH,-0.016786711570286546
2025-09-19,IR,-0.016786711570286546
2025-09-19,IRM,-0.016786711570286546
2025-09-19,IT,-0.016786711570286546
2025-09-19,JBHT,-0.016786711570286546
2025-09-19,JBL,0.016786711570286546
2025-09-19,JCI,0.016786711570286546
2025-09-19,JPM,0.016786711570286546
2025-09-19,KHC,-0.016786711570286546
2025-09-19,KMI,0.016786711570286546
2025-09-19,KMX,-0.016786711570286546
2025-09-19,KR,0.016786711570286546
2025-09-19,L,0.016786711570286546
2025-09-19,LEN,-0.016786711570286546
2025-09-19,LH,0.016786711570286546
2025-09-19,LHX,0.016786711570286546
2025-09-19,LKQ,-0.016786711570286546
2025-09-19,LMT,-0.016786711570286546
2025-09-19,LRCX,-0.016786711570286546
2025-09-19,LYB,-0.016786711570286546
2025-09-19,LYV,0.016786711570286546
2025-09-19,MA,0.016786711570286546
2025-09-19,MAA,-0.016786711570286546
2025-09-19,MCK,0.016786711570286546
2025-09-19,MDLZ,-0.016786711570286546
2025-09-19,META,0.016786711570286546
2025-09-19,MHK,-0.016786711570286546
2025-09-19,MKC,-0.016786711570286546
2025-09-19,MKTX,-0.016786711570286546
2025-09-19,MNST,0.016786711570286546
2025-09-19,MO,0.016786711570286546
2025-09-19,MOH,-0.016786711570286546
2025-09-19,MRK,-0.016786711570286546
2025-09-19,MRNA,-0.016786711570286546
2025-09-19,MS,0.016786711570286546
2025-09-19,NDAQ,0.016786711570286546
2025-09-19,NFLX,0.016786711570286546
2025-09-19,NI,0.016786711570286546
2025-09-19,NRG,0.016786711570286546
2025-09-19,NTRS,0.016786711570286546
2025-09-19,NVDA,0.016786711570286546
2025-09-19,NVR,-0.016786711570286546
2025-09-19,NWS,0.016786711570286546
2025-09-19,ODFL,-0.016786711570286546
2025-09-19,OKE,-0.016786711570286546
2025-09-19,OMC,-0.016786711570286546
2025-09-19,ON,-0.016786711570286546
2025-09-19,ORCL,0.016786711570286546
2025-09-19,ORLY,-0.016786711570286546
2025-09-19,PANW,-0.016786711570286546
2025-09-19,PCG,-0.016786711570286546
2025-09-19,PEP,-0.016786711570286546
2025-09-19,PM,0.016786711570286546
2025-09-19,PODD,0.016786711570286546
2025-09-19,PPL,0.016786711570286546
2025-09-19,PSA,-0.016786711570286546
2025-09-19,RCL,0.016786711570286546
2025-09-19,REGN,-0.016786711570286546
2025-09-19,RJF,0.016786711570286546
2025-09-19,RL,0.016786711570286546
2025-09-19,ROL,0.016786711570286546
2025-09-19,RSG,0.016786711570286546
2025-09-19,RTX,0.016786711570286546
2025-09-19,RVTY,-0.016786711570286546
2025-09-19,SCHW,0.016786711570286546
2025-09-19,SMCI,-0.016786711570286546
2025-09-19,STT,0.016786711570286546
2025-09-19,STX,0.016786711570286546
2025-09-19,STZ,-0.016786711570286546
2025-09-19,SWK,-0.016786711570286546
2025-09-19,SYF,0.016786711570286546
2025-09-19,T,0.016786711570286546
2025-09-19,TDY,0.016786711570286546
2025-09-19,TECH,-0.016786711570286546
2025-09-19,TEL,0.016786711570286546
2025-09-19,TGT,-0.016786711570286546
2025-09-19,TJX,0.016786711570286546
2025-09-19,TMO,-0.016786711570286546
2025-09-19,TMUS,0.016786711570286546
2025-09-19,TPR,0.016786711570286546
2025-09-19,TRMB,0.016786711570286546
2025-09-19,TSCO,-0.016786711570286546
2025-09-19,TTWO,0.016786711570286546
2025-09-19,UAL,0.016786711570286546
2025-09-19,UDR,-0.016786711570286546
2025-09-19,UHS,-0.016786711570286546
2025-09-19,UNH,-0.016786711570286546
2025-09-19,UPS,-0.016786711570286546
2025-09-19,V,0.016786711570286546
2025-09-19,VRSN,0.016786711570286546
2025-09-19,VST,0.016786711570286546
2025-09-19,WEC,0.016786711570286546
2025-09-19,WELL,0.016786711570286546
2025-09-19,WFC,0.016786711570286546
2025-09-19,WMB,0.016786711570286546
2025-09-19,WMT,0.016786711570286546
2025-09-19,WRB,0.016786711570286546
2025-09-19,WTW,0.016786711570286546
2025-09-19,WY,-0.016786711570286546
2025-09-19,ZTS,-0.016786711570286546
2025-09-26,ACGL,-0.01638023967970385
2025-09-26,ACN,-0.01638023967970385
2025-09-26,ADBE,-0.01638023967970385
2025-09-26,AEE,0.01638023967970385
2025-09-26,AES,-0.01638023967970385
2025-09-26,AKAM,-0.01638023967970385
2025-09-26,ALGN,-0.01638023967970385
2025-09-26,AMCR,-0.01638023967970385
2025-09-26,ANET,-0.01638023967970385
2025-09-26,AOS,-0.01638023967970385
2025-09-26,APH,0.01638023967970385
2025-09-26,ARE,-0.01638023967970385
2025-09-26,ATO,0.01638023967970385
2025-09-26,AVB,-0.01638023967970385
2025-09-26,AVGO,0.01638023967970385
2025-09-26,AVY,-0.01638023967970385
2025-09-26,AXON,0.01638023967970385
2025-09-26,AZO,0.01638023967970385
2025-09-26,BA,0.01638023967970385
2025-09-26,BAC,0.01638023967970385
2025-09-26,BALL,-0.01638023967970385
2025-09-26,BAX,-0.01638023967970385
2025-09-26,BBY,-0.01638023967970385
2025-09-26,BDX,-0.01638023967970385
2025-09-26,BFB,-0.01638023967970385
2025-09-26,BIIB,-0.01638023967970385
2025-09-26,BK,0.01638023967970385
2025-09-26,BKNG,0.01638023967970385
2025-09-26,BLDR,-0.01638023967970385
2025-09-26,BR,0.01638023967970385
2025-09-26,BSX,0.01638023967970385
2025-09-26,C,0.01638023967970385
2025-09-26,CAG,-0.01638023967970385
2025-09-26,CAH,0.01638023967970385
2025-09-26,CBRE,0.01638023967970385
2025-09-26,CCL,0.01638023967970385
2025-09-26,CDW,-0.01638023967970385
2025-09-26,CFG,0.01638023967970385
2025-09-26,CL,-0.01638023967970385
2025-09-26,CLX,-0.01638023967970385
2025-09-26,CMCSA,-0.01638023967970385
2025-09-26,CME,0.01638023967970385
2025-09-26,CMG,-0.01638023967970385
2025-09-26,CMI,0.01638023967970385
2025-09-26,CNC,-0.01638023967970385
2025-09-26,CNP,0.01638023967970385
2025-09-26,COF,0.01638023967970385
2025-09-26,COO,-0.01638023967970385
2025-09-26,COR,0.01638023967970385
2025-09-26,CPB,-0.01638023967970385
2025-09-26,CRWD,0.01638023967970385
2025-09-26,CSCO,0.01638023967970385
2025-09-26,CTVA,0.01638023967970385
2025-09-26,DG,0.01638023967970385
2025-09-26,DHR,-0.01638023967970385
2025-09-26,DLTR,0.01638023967970385
2025-09-26,DOC,-0.01638023967970385
2025-09-26,DOW,-0.01638023967970385
2025-09-26,EBAY,0.01638023967970385
2025-09-26,EG,-0.01638023967970385
2025-09-26,EIX,-0.01638023967970385
2025-09-26,ELV,-0.01638023967970385
2025-09-26,EMN,-0.01638023967970385
2025-09-26,EQT,0.01638023967970385
2025-09-26,ERIE,-0.01638023967970385
2025-09-26,ETR,-0.01638023967970385
2025-09-26,EVRG,0.01638023967970385
2025-09-26,EW,0.01638023967970385
2025-09-26,EXPE,0.01638023967970385
2025-09-26,EXR,-0.01638023967970385
2025-09-26,FAST,-0.01638023967970385
2025-09-26,FDS,-0.01638023967970385
2025-09-26,FFIV,0.01638023967970385
2025-09-26,FI,-0.01638023967970385
2025-09-26,FIS,-0.01638023967970385
2025-09-26,FOX,0.01638023967970385
2025-09-26,FOXA,0.01638023967970385
2025-09-26,FRT,-0.01638023967970385
2025-09-26,FTV,-0.01638023967970385
2025-09-26,GE,0.01638023967970385
2025-09-26,GEHC,-0.01638023967970385
2025-09-26,GEV,0.01638023967970385
2025-09-26,GILD,0.01638023967970385
2025-09-26,GIS,-0.01638023967970385
2025-09-26,GL,0.01638023967970385
2025-09-26,GLW,0.01638023967970385
2025-09-26,GM,0.01638023967970385
2025-09-26,GOOG,0.01638023967970385
2025-09-26,GOOGL,0.01638023967970385
2025-09-26,GRMN,0.01638023967970385
2025-09-26,GS,0.01638023967970385
2025-09-26,HOLX,-0.01638023967970385
2025-09-26,HPQ,-0.01638023967970385
2025-09-26,HRL,-0.01638023967970385
2025-09-26,HWM,0.01638023967970385
2025-09-26,IEX,-0.01638023967970385
2025-09-26,IFF,-0.01638023967970385
2025-09-26,INVH,-0.01638023967970385
2025-09-26,IPG,-0.01638023967970385
2025-09-26,IR,-0.01638023967970385
2025-09-26,IRM,-0.01638023967970385
2025-09-26,IT,-0.01638023967970385
2025-09-26,JBL,0.01638023967970385
2025-09-26,JCI,0.01638023967970385
2025-09-26,JPM,0.01638023967970385
2025-09-26,KDP,-0.01638023967970385
2025-09-26,KHC,-0.01638023967970385
2025-09-26,KMI,0.01638023967970385
2025-09-26,KMX,-0.01638023967970385
2025-09-26,KR,0.01638023967970385
2025-09-26,L,0.01638023967970385
2025-09-26,LEN,-0.01638023967970385
2025-09-26,LH,0.01638023967970385
2025-09-26,LHX,0.01638023967970385
2025-09-26,LKQ,-0.01638023967970385
2025-09-26,LMT,-0.01638023967970385
2025-09-26,LRCX,-0.01638023967970385
2025-09-26,LYB,-0.01638023967970385
2025-09-26,LYV,0.01638023967970385
2025-09-26,MA,0.01638023967970385
2025-09-26,MCK,0.01638023967970385
2025-09-26,MDLZ,-0.01638023967970385
2025-09-26,META,0.01638023967970385
2025-09-26,MKC,-0.01638023967970385
2025-09-26,MO,0.01638023967970385
2025-09-26,MOH,-0.01638023967970385
2025-09-26,MRK,-0.01638023967970385
2025-09-26,MRNA,-0.01638023967970385
2025-09-26,MS,0.01638023967970385
2025-09-26,NDAQ,0.01638023967970385
2025-09-26,NFLX,0.01638023967970385
2025-09-26,NI,0.01638023967970385
2025-09-26,NRG,0.01638023967970385
2025-09-26,NTRS,0.01638023967970385
2025-09-26,NVDA,0.01638023967970385
2025-09-26,NVR,-0.01638023967970385
2025-09-26,NWS,0.01638023967970385
2025-09-26,ODFL,-0.01638023967970385
2025-09-26,OMC,-0.01638023967970385
2025-09-26,ON,-0.01638023967970385
2025-09-26,ORCL,0.01638023967970385
2025-09-26,ORLY,-0.01638023967970385
2025-09-26,OTIS,-0.01638023967970385
2025-09-26,PANW,-0.01638023967970385
2025-09-26,PCG,-0.01638023967970385
2025-09-26,PEP,-0.01638023967970385
2025-09-26,PFE,-0.01638023967970385
2025-09-26,PLTR,0.01638023967970385
2025-09-26,PM,0.01638023967970385
2025-09-26,PODD,0.01638023967970385
2025-09-26,PPG,-0.01638023967970385
2025-09-26,PSA,-0.01638023967970385
2025-09-26,RCL,0.01638023967970385
2025-09-26,REGN,-0.01638023967970385
2025-09-26,RJF,0.01638023967970385
2025-09-26,RL,0.01638023967970385
2025-09-26,RSG,0.01638023967970385
2025-09-26,RTX,0.01638023967970385
2025-09-26,RVTY,-0.01638023967970385
2025-09-26,SCHW,0.01638023967970385
2025-09-26,SMCI,-0.01638023967970385
2025-09-26,STT,0.01638023967970385
2025-09-26,STX,0.01638023967970385
2025-09-26,STZ,-0.01638023967970385
2025-09-26,SWK,-0.01638023967970385
2025-09-26,SWKS,-0.01638023967970385
2025-09-26,SYF,0.01638023967970385
2025-09-26,T,0.01638023967970385
2025-09-26,TDY,0.01638023967970385
2025-09-26,TECH,-0.01638023967970385
2025-09-26,TEL,0.01638023967970385
2025-09-26,TGT,-0.01638023967970385
2025-09-26,TMO,-0.01638023967970385
2025-09-26,TMUS,0.01638023967970385
2025-09-26,TPR,0.01638023967970385
2025-09-26,TRMB,0.01638023967970385
2025-09-26,TSCO,-0.01638023967970385
2025-09-26,TTWO,0.01638023967970385
2025-09-26,UAL,0.01638023967970385
2025-09-26,UDR,-0.01638023967970385
2025-09-26,UHS,-0.01638023967970385
2025-09-26,UNH,-0.01638023967970385
2025-09-26,UPS,-0.01638023967970385
2025-09-26,V,0.01638023967970385
2025-09-26,VRSN,0.01638023967970385
2025-09-26,VST,0.01638023967970385
2025-09-26,WBD,0.01638023967970385
2025-09-26,WELL,0.01638023967970385
2025-09-26,WFC,0.01638023967970385
2025-09-26,WMB,0.01638023967970385
2025-09-26,WMT,0.01638023967970385
2025-09-26,WRB,0.01638023967970385
2025-09-26,WY,-0.01638023967970385
2025-09-26,ZTS,-0.01638023967970385
2025-10-03,ACGL,-0.014890604446596874
2025-10-03,ACN,-0.014890604446596874
2025-10-03,ADBE,-0.014890604446596874
2025-10-03,AEE,0.014890604446596874
2025-10-03,AES,-0.014890604446596874
2025-10-03,AKAM,-0.014890604446596874
2025-10-03,ALGN,-0.014890604446596874
2025-10-03,AMCR,-0.014890604446596874
2025-10-03,AMZN,0.014890604446596874
2025-10-03,ANET,-0.014890604446596874
2025-10-03,AOS,-0.014890604446596874
2025-10-03,APH,0.014890604446596874
2025-10-03,ARE,-0.014890604446596874
2025-10-03,ATO,0.014890604446596874
2025-10-03,AVB,-0.014890604446596874
2025-10-03,AVGO,0.014890604446596874
2025-10-03,AVY,-0.014890604446596874
2025-10-03,AXON,0.014890604446596874
2025-10-03,AZO,0.014890604446596874
2025-10-03,BA,0.014890604446596874
2025-10-03,BAC,0.014890604446596874
2025-10-03,BALL,-0.014890604446596874
2025-10-03,BAX,-0.014890604446596874
2025-10-03,BBY,-0.014890604446596874
2025-10-03,BDX,-0.014890604446596874
2025-10-03,BEN,0.014890604446596874
2025-10-03,BFB,-0.014890604446596874
2025-10-03,BIIB,-0.014890604446596874
2025-10-03,BK,0.014890604446596874
2025-10-03,BKNG,0.014890604446596874
2025-10-03,BLDR,-0.014890604446596874
2025-10-03,BSX,0.014890604446596874
2025-10-03,C,0.014890604446596874
2025-10-03,CAG,-0.014890604446596874
2025-10-03,CAH,0.014890604446596874
2025-10-03,CARR,-0.014890604446596874
2025-10-03,CBRE,0.014890604446596874
2025-10-03,CCI,-0.014890604446596874
2025-10-03,CCL,0.014890604446596874
2025-10-03,CDW,-0.014890604446596874
2025-10-03,CFG,0.014890604446596874
2025-10-03,CL,-0.014890604446596874
2025-10-03,CLX,-0.014890604446596874
2025-10-03,CMCSA,-0.014890604446596874
2025-10-03,CME,0.014890604446596874
2025-10-03,CMG,-0.014890604446596874
2025-10-03,CNC,-0.014890604446596874
2025-10-03,CNP,0.014890604446596874
2025-10-03,COF,0.014890604446596874
2025-10-03,COO,-0.014890604446596874
2025-10-03,COR,0.014890604446596874
2025-10-03,CPB,-0.014890604446596874
2025-10-03,CRWD,0.014890604446596874
2025-10-03,CSCO,0.014890604446596874
2025-10-03,CTVA,0.014890604446596874
2025-10-03,DG,0.014890604446596874
2025-10-03,DGX,0.014890604446596874
2025-10-03,DHR,-0.014890604446596874
2025-10-03,DLTR,0.014890604446596874
2025-10-03,DOC,-0.014890604446596874
2025-10-03,DOW,-0.014890604446596874
2025-10-03,DRI,0.014890604446596874
2025-10-03,EBAY,0.014890604446596874
2025-10-03,EFX,-0.014890604446596874
2025-10-03,EG,-0.014890604446596874
2025-10-03,EIX,-0.014890604446596874
2025-10-03,ELV,-0.014890604446596874
2025-10-03,EMN,-0.014890604446596874
2025-10-03,EQT,0.014890604446596874
2025-10-03,ERIE,-0.014890604446596874
2025-10-03,ETR,-0.014890604446596874
2025-10-03,EVRG,0.014890604446596874
2025-10-03,EW,0.014890604446596874
2025-10-03,EXPE,0.014890604446596874
2025-10-03,EXR,-0.014890604446596874
2025-10-03,FANG,-0.014890604446596874
2025-10-03,FAST,-0.014890604446596874
2025-10-03,FDS,-0.014890604446596874
2025-10-03,FFIV,0.014890604446596874
2025-10-03,FI,-0.014890604446596874
2025-10-03,FIS,-0.014890604446596874
2025-10-03,FOX,0.014890604446596874
2025-10-03,FOXA,0.014890604446596874
2025-10-03,FTV,-0.014890604446596874
2025-10-03,GE,0.014890604446596874
2025-10-03,GEHC,-0.014890604446596874
2025-10-03,GEV,0.014890604446596874
2025-10-03,GILD,0.014890604446596874
2025-10-03,GIS,-0.014890604446596874
2025-10-03,GL,0.014890604446596874
2025-10-03,GLW,0.014890604446596874
2025-10-03,GM,0.014890604446596874
2025-10-03,GOOG,0.014890604446596874
2025-10-03,GOOGL,0.014890604446596874
2025-10-03,GRMN,0.014890604446596874
2025-10-03,GS,0.014890604446596874
2025-10-03,HAL,-0.014890604446596874
2025-10-03,HOLX,-0.014890604446596874
2025-10-03,HRL,-0.014890604446596874
2025-10-03,HWM,0.014890604446596874
2025-10-03,IEX,-0.014890604446596874
2025-10-03,IFF,-0.014890604446596874
2025-10-03,INVH,-0.014890604446596874
2025-10-03,IR,-0.014890604446596874
2025-10-03,IRM,-0.014890604446596874
2025-10-03,IT,-0.014890604446596874
2025-10-03,JBL,0.014890604446596874
2025-10-03,JCI,0.014890604446596874
2025-10-03,JKHY,-0.014890604446596874
2025-10-03,JPM,0.014890604446596874
2025-10-03,KDP,-0.014890604446596874
2025-10-03,KHC,-0.014890604446596874
2025-10-03,KR,0.014890604446596874
2025-10-03,L,0.014890604446596874
2025-10-03,LEN,-0.014890604446596874
2025-10-03,LH,0.014890604446596874
2025-10-03,LKQ,-0.014890604446596874
2025-10-03,LMT,-0.014890604446596874
2025-10-03,LYB,-0.014890604446596874
2025-10-03,LYV,0.014890604446596874
2025-10-03,MA,0.014890604446596874
2025-10-03,MCK,0.014890604446596874
2025-10-03,MDLZ,-0.014890604446596874
2025-10-03,META,0.014890604446596874
2025-10-03,MKC,-0.014890604446596874
2025-10-03,MNST,0.014890604446596874
2025-10-03,MO,0.014890604446596874
2025-10-03,MOH,-0.014890604446596874
2025-10-03,MRK,-0.014890604446596874
2025-10-03,MRNA,-0.014890604446596874
2025-10-03,MS,0.014890604446596874
2025-10-03,MSFT,0.014890604446596874
2025-10-03,NDAQ,0.014890604446596874
2025-10-03,NEE,-0.014890604446596874
2025-10-03,NEM,0.014890604446596874
2025-10-03,NFLX,0.014890604446596874
2025-10-03,NI,0.014890604446596874
2025-10-03,NRG,0.014890604446596874
2025-10-03,NTRS,0.014890604446596874
2025-10-03,NVR,-0.014890604446596874
2025-10-03,NWS,0.014890604446596874
2025-10-03,ODFL,-0.014890604446596874
2025-10-03,OKE,-0.014890604446596874
2025-10-03,OMC,-0.014890604446596874
2025-10-03,ON,-0.014890604446596874
2025-10-03,ORLY,-0.014890604446596874
2025-10-03,OTIS,-0.014890604446596874
2025-10-03,PANW,-0.014890604446596874
2025-10-03,PCG,-0.014890604446596874
2025-10-03,PEP,-0.014890604446596874
2025-10-03,PLTR,0.014890604446596874
2025-10-03,PM,0.014890604446596874
2025-10-03,PODD,0.014890604446596874
2025-10-03,PPG,-0.014890604446596874
2025-10-03,PSA,-0.014890604446596874
2025-10-03,RCL,0.014890604446596874
2025-10-03,REGN,-0.014890604446596874
2025-10-03,RJF,0.014890604446596874
2025-10-03,RL,0.014890604446596874
2025-10-03,RSG,0.014890604446596874
2025-10-03,RTX,0.014890604446596874
2025-10-03,RVTY,-0.014890604446596874
2025-10-03,SBAC,-0.014890604446596874
2025-10-03,SCHW,0.014890604446596874
2025-10-03,STT,0.014890604446596874
2025-10-03,STX,0.014890604446596874
2025-10-03,STZ,-0.014890604446596874
2025-10-03,SWK,-0.014890604446596874
2025-10-03,SYF,0.014890604446596874
2025-10-03,T,0.014890604446596874
2025-10-03,TDY,0.014890604446596874
2025-10-03,TECH,-0.014890604446596874
2025-10-03,TEL,0.014890604446596874
2025-10-03,TGT,-0.014890604446596874
2025-10-03,TJX,0.014890604446596874
2025-10-03,TMO,-0.014890604446596874
2025-10-03,TPR,0.014890604446596874
2025-10-03,TRMB,0.014890604446596874
2025-10-03,TSCO,-0.014890604446596874
2025-10-03,TTWO,0.014890604446596874
2025-10-03,UAL,0.014890604446596874
2025-10-03,UDR,-0.014890604446596874
2025-10-03,ULTA,0.014890604446596874
2025-10-03,UNH,-0.014890604446596874
2025-10-03,UPS,-0.014890604446596874
2025-10-03,V,0.014890604446596874
2025-10-03,VRSN,0.014890604446596874
2025-10-03,WBD,0.014890604446596874
2025-10-03,WELL,0.014890604446596874
2025-10-03,WFC,0.014890604446596874
2025-10-03,WMT,0.014890604446596874
2025-10-03,WRB,0.014890604446596874
2025-10-03,WY,-0.014890604446596874
2025-10-03,ZTS,-0.014890604446596874
2025-10-10,ACGL,-0.015709706143510586
2025-10-10,ACN,-0.015709706143510586
2025-10-10,ADBE,-0.015709706143510586
2025-10-10,AEE,0.015709706143510586
2025-10-10,AKAM,-0.015709706143510586
2025-10-10,ALB,-0.015709706143510586
2025-10-10,ALGN,-0.015709706143510586
2025-10-10,ALLE,0.015709706143510586
2025-10-10,AMCR,-0.015709706143510586
2025-10-10,AMGN,-0.015709706143510586
2025-10-10,ANET,-0.015709706143510586
2025-10-10,AOS,-0.015709706143510586
2025-10-10,APH,0.015709706143510586
2025-10-10,ARE,-0.015709706143510586
2025-10-10,ATO,0.015709706143510586
2025-10-10,AVGO,0.015709706143510586
2025-10-10,AVY,-0.015709706143510586
2025-10-10,AXON,0.015709706143510586
2025-10-10,AZO,0.015709706143510586
2025-10-10,BA,0.015709706143510586
2025-10-10,BALL,-0.015709706143510586
2025-10-10,BAX,-0.015709706143510586
2025-10-10,BBY,-0.015709706143510586
2025-10-10,BDX,-0.015709706143510586
2025-10-10,BFB,-0.015709706143510586
2025-10-10,BIIB,-0.015709706143510586
2025-10-10,BK,0.015709706143510586
2025-10-10,BKNG,0.015709706143510586
2025-10-10,BLDR,-0.015709706143510586
2025-10-10,BSX,0.015709706143510586
2025-10-10,C,0.015709706143510586
2025-10-10,CAG,-0.015709706143510586
2025-10-10,CAH,0.015709706143510586
2025-10-10,CARR,-0.015709706143510586
2025-10-10,CBRE,0.015709706143510586
2025-10-10,CCL,0.015709706143510586
2025-10-10,CDW,-0.015709706143510586
2025-10-10,CL,-0.015709706143510586
2025-10-10,CLX,-0.015709706143510586
2025-10-10,CMCSA,-0.015709706143510586
2025-10-10,CME,0.015709706143510586
2025-10-10,CMG,-0.015709706143510586
2025-10-10,CNC,-0.015709706143510586
2025-10-10,CNP,0.015709706143510586
2025-10-10,COF,0.015709706143510586
2025-10-10,COO,-0.015709706143510586
2025-10-10,COR,0.015709706143510586
2025-10-10,CPB,-0.015709706143510586
2025-10-10,CRWD,0.015709706143510586
2025-10-10,CSCO,0.015709706143510586
2025-10-10,CTVA,0.015709706143510586
2025-10-10,DECK,-0.015709706143510586
2025-10-10,DGX,0.015709706143510586
2025-10-10,DHR,-0.015709706143510586
2025-10-10,DLTR,0.015709706143510586
2025-10-10,DOC,-0.015709706143510586
2025-10-10,DOW,-0.015709706143510586
2025-10-10,DRI,0.015709706143510586
2025-10-10,EBAY,0.015709706143510586
2025-10-10,EG,-0.015709706143510586
2025-10-10,EIX,-0.015709706143510586
2025-10-10,ELV,-0.015709706143510586
2025-10-10,EMN,-0.015709706143510586
2025-10-10,EQT,0.015709706143510586
2025-10-10,ERIE,-0.015709706143510586
2025-10-10,ETR,-0.015709706143510586
2025-10-10,EVRG,0.015709706143510586
2025-10-10,EXPE,0.015709706143510586
2025-10-10,FANG,-0.015709706143510586
2025-10-10,FAST,-0.015709706143510586
2025-10-10,FDS,-0.015709706143510586
2025-10-10,FFIV,0.015709706143510586
2025-10-10,FI,-0.015709706143510586
2025-10-10,FIS,-0.015709706143510586
2025-10-10,FOX,0.015709706143510586
2025-10-10,FOXA,0.015709706143510586
2025-10-10,FTV,-0.015709706143510586
2025-10-10,GE,0.015709706143510586
2025-10-10,GEV,0.015709706143510586
2025-10-10,GILD,0.015709706143510586
2025-10-10,GIS,-0.015709706143510586
2025-10-10,GL,0.015709706143510586
2025-10-10,GLW,0.015709706143510586
2025-10-10,GOOG,0.015709706143510586
2025-10-10,GOOGL,0.015709706143510586
2025-10-10,GRMN,0.015709706143510586
2025-10-10,GS,0.015709706143510586
2025-10-10,HAL,-0.015709706143510586
2025-10-10,HOLX,-0.015709706143510586
2025-10-10,HPQ,-0.015709706143510586
2025-10-10,HRL,-0.015709706143510586
2025-10-10,HWM,0.015709706143510586
2025-10-10,IDXX,0.015709706143510586
2025-10-10,IEX,-0.015709706143510586
2025-10-10,IFF,-0.015709706143510586
2025-10-10,IPG,-0.015709706143510586
2025-10-10,IR,-0.015709706143510586
2025-10-10,IRM,-0.015709706143510586
2025-10-10,IT,-0.015709706143510586
2025-10-10,JBHT,-0.015709706143510586
2025-10-10,JBL,0.015709706143510586
2025-10-10,JCI,0.015709706143510586
2025-10-10,JKHY,-0.015709706143510586
2025-10-10,JPM,0.015709706143510586
2025-10-10,KDP,-0.015709706143510586
2025-10-10,KHC,-0.015709706143510586
2025-10-10,L,0.015709706143510586
2025-10-10,LEN,-0.015709706143510586
2025-10-10,LH,0.015709706143510586
2025-10-10,LMT,-0.015709706143510586
2025-10-10,LRCX,0.015709706143510586
2025-10-10,LULU,-0.015709706143510586
2025-10-10,LYB,-0.015709706143510586
2025-10-10,LYV,0.015709706143510586
2025-10-10,MCK,0.015709706143510586
2025-10-10,MDLZ,-0.015709706143510586
2025-10-10,MKC,-0.015709706143510586
2025-10-10,MMC,-0.015709706143510586
2025-10-10,MNST,0.015709706143510586
2025-10-10,MO,0.015709706143510586
2025-10-10,MOH,-0.015709706143510586
2025-10-10,MRK,-0.015709706143510586
2025-10-10,MRNA,-0.015709706143510586
2025-10-10,MS,0.015709706143510586
2025-10-10,NDAQ,0.015709706143510586
2025-10-10,NEM,0.015709706143510586
2025-10-10,NFLX,0.015709706143510586
2025-10-10,NI,0.015709706143510586
2025-10-10,NRG,0.015709706143510586
2025-10-10,NTRS,0.015709706143510586
2025-10-10,NWS,0.015709706143510586
2025-10-10,ODFL,-0.015709706143510586
2025-10-10,OKE,-0.015709706143510586
2025-10-10,OMC,-0.015709706143510586
2025-10-10,ON,-0.015709706143510586
2025-10-10,ORCL,0.015709706143510586
2025-10-10,ORLY,-0.015709706143510586
2025-10-10,OTIS,-0.015709706143510586
2025-10-10,PANW,-0.015709706143510586
2025-10-10,PAYC,0.015709706143510586
2025-10-10,PCG,-0.015709706143510586
2025-10-10,PEP,-0.015709706143510586
2025-10-10,PFE,-0.015709706143510586
2025-10-10,PLTR,0.015709706143510586
2025-10-10,PM,0.015709706143510586
2025-10-10,PODD,0.015709706143510586
2025-10-10,PPG,-0.015709706143510586
2025-10-10,PSA,-0.015709706143510586
2025-10-10,RCL,0.015709706143510586
2025-10-10,REGN,-0.015709706143510586
2025-10-10,RJF,0.015709706143510586
2025-10-10,RL,0.015709706143510586
2025-10-10,ROL,0.015709706143510586
2025-10-10,RSG,0.015709706143510586
2025-10-10,RTX,0.015709706143510586
2025-10-10,RVTY,-0.015709706143510586
2025-10-10,SBAC,-0.015709706143510586
2025-10-10,SCHW,0.015709706143510586
2025-10-10,SLB,-0.015709706143510586
2025-10-10,STT,0.015709706143510586
2025-10-10,STX,0.015709706143510586
2025-10-10,STZ,-0.015709706143510586
2025-10-10,SWK,-0.015709706143510586
2025-10-10,SWKS,-0.015709706143510586
2025-10-10,SYF,0.015709706143510586
2025-10-10,T,0.015709706143510586
2025-10-10,TDY,0.015709706143510586
2025-10-10,TECH,-0.015709706143510586
2025-10-10,TEL,0.015709706143510586
2025-10-10,TGT,-0.015709706143510586
2025-10-10,TJX,0.015709706143510586
2025-10-10,TMO,-0.015709706143510586
2025-10-10,TPR,0.015709706143510586
2025-10-10,TRMB,0.015709706143510586
2025-10-10,TSCO,-0.015709706143510586
2025-10-10,TTWO,0.015709706143510586
2025-10-10,UAL,0.015709706143510586
2025-10-10,ULTA,0.015709706143510586
2025-10-10,UNH,-0.015709706143510586
2025-10-10,UPS,-0.015709706143510586
2025-10-10,V,0.015709706143510586
2025-10-10,VMC,0.015709706143510586
2025-10-10,VRSN,0.015709706143510586
2025-10-10,VST,0.015709706143510586
2025-10-10,WBD,0.015709706143510586
2025-10-10,WEC,0.015709706143510586
2025-10-10,WELL,0.015709706143510586
2025-10-10,WFC,0.015709706143510586
2025-10-10,WMT,0.015709706143510586
2025-10-10,WRB,0.015709706143510586
2025-10-10,WTW,0.015709706143510586
2025-10-10,WY,-0.015709706143510586
2025-10-10,XEL,0.015709706143510586
2025-10-10,ZTS,-0.015709706143510586
2025-10-17,ACGL,-0.016381555492205806
2025-10-17,ACN,-0.016381555492205806
2025-10-17,ADBE,-0.016381555492205806
2025-10-17,AKAM,-0.016381555492205806
2025-10-17,ALGN,-0.016381555492205806
2025-10-17,AMCR,-0.016381555492205806
2025-10-17,AMGN,-0.016381555492205806
2025-10-17,ANET,-0.016381555492205806
2025-10-17,APH,0.016381555492205806
2025-10-17,ARE,-0.016381555492205806
2025-10-17,AVB,-0.016381555492205806
2025-10-17,AVGO,0.016381555492205806
2025-10-17,AVY,-0.016381555492205806
2025-10-17,AXON,0.016381555492205806
2025-10-17,AZO,0.016381555492205806
2025-10-17,BA,0.016381555492205806
2025-10-17,BALL,-0.016381555492205806
2025-10-17,BAX,-0.016381555492205806
2025-10-17,BBY,-0.016381555492205806
2025-10-17,BDX,-0.016381555492205806
2025-10-17,BFB,-0.016381555492205806
2025-10-17,BIIB,-0.016381555492205806
2025-10-17,BK,0.016381555492205806
2025-10-17,BKNG,0.016381555492205806
2025-10-17,BLDR,-0.016381555492205806
2025-10-17,BRO,-0.016381555492205806
2025-10-17,C,0.016381555492205806
2025-10-17,CAG,-0.016381555492205806
2025-10-17,CAH,0.016381555492205806
2025-10-17,CARR,-0.016381555492205806
2025-10-17,CBRE,0.016381555492205806
2025-10-17,CCL,0.016381555492205806
2025-10-17,CDNS,0.016381555492205806
2025-10-17,CDW,-0.016381555492205806
2025-10-17,CFG,0.016381555492205806
2025-10-17,CHRW,0.016381555492205806
2025-10-17,CL,-0.016381555492205806
2025-10-17,CLX,-0.016381555492205806
2025-10-17,CMCSA,-0.016381555492205806
2025-10-17,CME,0.016381555492205806
2025-10-17,CMG,-0.016381555492205806
2025-10-17,CMI,0.016381555492205806
2025-10-17,CNC,-0.016381555492205806
2025-10-17,CNP,0.016381555492205806
2025-10-17,COF,0.016381555492205806
2025-10-17,COO,-0.016381555492205806
2025-10-17,COR,0.016381555492205806
2025-10-17,CPB,-0.016381555492205806
2025-10-17,CRWD,0.016381555492205806
2025-10-17,CSCO,0.016381555492205806
2025-10-17,CTVA,0.016381555492205806
2025-10-17,DG,0.016381555492205806
2025-10-17,DGX,0.016381555492205806
2025-10-17,DHR,-0.016381555492205806
2025-10-17,DLTR,0.016381555492205806
2025-10-17,DOC,-0.016381555492205806
2025-10-17,DOW,-0.016381555492205806
2025-10-17,EBAY,0.016381555492205806
2025-10-17,EG,-0.016381555492205806
2025-10-17,EIX,-0.016381555492205806
2025-10-17,ELV,-0.016381555492205806
2025-10-17,EMN,-0.016381555492205806
2025-10-17,EQT,0.016381555492205806
2025-10-17,ERIE,-0.016381555492205806
2025-10-17,ETR,-0.016381555492205806
2025-10-17,EVRG,0.016381555492205806
2025-10-17,EXPE,0.016381555492205806
2025-10-17,EXR,-0.016381555492205806
2025-10-17,FAST,-0.016381555492205806
2025-10-17,FDS,-0.016381555492205806
2025-10-17,FFIV,0.016381555492205806
2025-10-17,FI,-0.016381555492205806
2025-10-17,FICO,-0.016381555492205806
2025-10-17,FIS,-0.016381555492205806
2025-10-17,FOX,0.016381555492205806
2025-10-17,FOXA,0.016381555492205806
2025-10-17,FTV,-0.016381555492205806
2025-10-17,GE,0.016381555492205806
2025-10-17,GEV,0.016381555492205806
2025-10-17,GILD,0.016381555492205806
2025-10-17,GIS,-0.016381555492205806
2025-10-17,GL,0.016381555492205806
2025-10-17,GLW,0.016381555492205806
2025-10-17,GOOG,0.016381555492205806
2025-10-17,GOOGL,0.016381555492205806
2025-10-17,GRMN,0.016381555492205806
2025-10-17,GS,0.016381555492205806
2025-10-17,HPQ,-0.016381555492205806
2025-10-17,HRL,-0.016381555492205806
2025-10-17,HWM,0.016381555492205806
2025-10-17,IDXX,0.016381555492205806
2025-10-17,IEX,-0.016381555492205806
2025-10-17,IFF,-0.016381555492205806
2025-10-17,INVH,-0.016381555492205806
2025-10-17,IPG,-0.016381555492205806
2025-10-17,IR,-0.016381555492205806
2025-10-17,IRM,-0.016381555492205806
2025-10-17,IT,-0.016381555492205806
2025-10-17,JBHT,-0.016381555492205806
2025-10-17,JBL,0.016381555492205806
2025-10-17,JCI,0.016381555492205806
2025-10-17,JKHY,-0.016381555492205806
2025-10-17,JPM,0.016381555492205806
2025-10-17,K,-0.016381555492205806
2025-10-17,KDP,-0.016381555492205806
2025-10-17,KHC,-0.016381555492205806
2025-10-17,KLAC,0.016381555492205806
2025-10-17,L,0.016381555492205806
2025-10-17,LEN,-0.016381555492205806
2025-10-17,LH,0.016381555492205806
2025-10-17,LKQ,-0.016381555492205806
2025-10-17,LMT,-0.016381555492205806
2025-10-17,LRCX,0.016381555492205806
2025-10-17,LULU,-0.016381555492205806
2025-10-17,LYB,-0.016381555492205806
2025-10-17,LYV,0.016381555492205806
2025-10-17,MCK,0.016381555492205806
2025-10-17,META,0.016381555492205806
2025-10-17,MKC,-0.016381555492205806
2025-10-17,MMC,-0.016381555492205806
2025-10-17,MNST,0.016381555492205806
2025-10-17,MO,0.016381555492205806
2025-10-17,MOH,-0.016381555492205806
2025-10-17,MOS,0.016381555492205806
2025-10-17,MRK,-0.016381555492205806
2025-10-17,MRNA,-0.016381555492205806
2025-10-17,MS,0.016381555492205806
2025-10-17,MSFT,0.016381555492205806
2025-10-17,NDAQ,0.016381555492205806
2025-10-17,NEM,0.016381555492205806
2025-10-17,NFLX,0.016381555492205806
2025-10-17,NI,0.016381555492205806
2025-10-17,NRG,0.016381555492205806
2025-10-17,NTRS,0.016381555492205806
2025-10-17,NVR,-0.016381555492205806
2025-10-17,NWS,0.016381555492205806
2025-10-17,ODFL,-0.016381555492205806
2025-10-17,OKE,-0.016381555492205806
2025-10-17,OMC,-0.016381555492205806
2025-10-17,ORCL,0.016381555492205806
2025-10-17,ORLY,-0.016381555492205806
2025-10-17,PANW,-0.016381555492205806
2025-10-17,PCG,-0.016381555492205806
2025-10-17,PEP,-0.016381555492205806
2025-10-17,PFE,-0.016381555492205806
2025-10-17,PLTR,0.016381555492205806
2025-10-17,PM,0.016381555492205806
2025-10-17,PODD,0.016381555492205806
2025-10-17,PPG,-0.016381555492205806
2025-10-17,PRU,-0.016381555492205806
2025-10-17,PSA,-0.016381555492205806
2025-10-17,RCL,0.016381555492205806
2025-10-17,REGN,-0.016381555492205806
2025-10-17,RJF,0.016381555492205806
2025-10-17,RL,0.016381555492205806
2025-10-17,ROK,0.016381555492205806
2025-10-17,RTX,0.016381555492205806
2025-10-17,RVTY,-0.016381555492205806
2025-10-17,SBAC,-0.016381555492205806
2025-10-17,SCHW,0.016381555492205806
2025-10-17,STT,0.016381555492205806
2025-10-17,STX,0.016381555492205806
2025-10-17,STZ,-0.016381555492205806
2025-10-17,SWK,-0.016381555492205806
2025-10-17,SYF,0.016381555492205806
2025-10-17,T,0.016381555492205806
2025-10-17,TAP,-0.016381555492205806
2025-10-17,TDY,0.016381555492205806
2025-10-17,TECH,-0.016381555492205806
2025-10-17,TEL,0.016381555492205806
2025-10-17,TGT,-0.016381555492205806
2025-10-17,TJX,0.016381555492205806
2025-10-17,TMO,-0.016381555492205806
2025-10-17,TPR,0.016381555492205806
2025-10-17,TRMB,0.016381555492205806
2025-10-17,TSCO,-0.016381555492205806
2025-10-17,TSLA,0.016381555492205806
2025-10-17,TTWO,0.016381555492205806
2025-10-17,UAL,0.016381555492205806
2025-10-17,UDR,-0.016381555492205806
2025-10-17,ULTA,0.016381555492205806
2025-10-17,UNH,-0.016381555492205806
2025-10-17,UPS,-0.016381555492205806
2025-10-17,VRSN,0.016381555492205806
2025-10-17,VST,0.016381555492205806
2025-10-17,WBD,0.016381555492205806
2025-10-17,WDC,0.016381555492205806
2025-10-17,WELL,0.016381555492205806
2025-10-17,WFC,0.016381555492205806
2025-10-17,WMT,0.016381555492205806
2025-10-17,WRB,0.016381555492205806
2025-10-17,WY,-0.016381555492205806
2025-10-17,XEL,0.016381555492205806
2025-10-17,ZTS,-0.016381555492205806
2025-10-24,ACGL,-0.016561962737695238
2025-10-24,ACN,-0.016561962737695238
2025-10-24,ADBE,-0.016561962737695238
2025-10-24,AEE,0.016561962737695238
2025-10-24,AKAM,-0.016561962737695238
2025-10-24,ALGN,-0.016561962737695238
2025-10-24,AMCR,-0.016561962737695238
2025-10-24,ANET,-0.016561962737695238
2025-10-24,APD,-0.016561962737695238
2025-10-24,APH,0.016561962737695238
2025-10-24,ARE,-0.016561962737695238
2025-10-24,ATO,0.016561962737695238
2025-10-24,AVB,-0.016561962737695238
2025-10-24,AVGO,0.016561962737695238
2025-10-24,AVY,-0.016561962737695238
2025-10-24,AXON,0.016561962737695238
2025-10-24,AXP,0.016561962737695238
2025-10-24,AZO,0.016561962737695238
2025-10-24,BA,0.016561962737695238
2025-10-24,BALL,-0.016561962737695238
2025-10-24,BAX,-0.016561962737695238
2025-10-24,BDX,-0.016561962737695238
2025-10-24,BFB,-0.016561962737695238
2025-10-24,BIIB,-0.016561962737695238
2025-10-24,BK,0.016561962737695238
2025-10-24,BKNG,0.016561962737695238
2025-10-24,BKR,0.016561962737695238
2025-10-24,BLDR,-0.016561962737695238
2025-10-24,C,0.016561962737695238
2025-10-24,CAG,-0.016561962737695238
2025-10-24,CAH,0.016561962737695238
2025-10-24,CCL,0.016561962737695238
2025-10-24,CDNS,0.016561962737695238
2025-10-24,CDW,-0.016561962737695238
2025-10-24,CFG,0.016561962737695238
2025-10-24,CHD,-0.016561962737695238
2025-10-24,CHRW,0.016561962737695238
2025-10-24,CL,-0.016561962737695238
2025-10-24,CLX,-0.016561962737695238
2025-10-24,CMCSA,-0.016561962737695238
2025-10-24,CME,0.016561962737695238
2025-10-24,CMG,-0.016561962737695238
2025-10-24,CMI,0.016561962737695238
2025-10-24,CNC,-0.016561962737695238
2025-10-24,CNP,0.016561962737695238
2025-10-24,COF,0.016561962737695238
2025-10-24,COO,-0.016561962737695238
2025-10-24,COR,0.016561962737695238
2025-10-24,CPB,-0.016561962737695238
2025-10-24,CRWD,0.016561962737695238
2025-10-24,CSCO,0.016561962737695238
2025-10-24,DECK,-0.016561962737695238
2025-10-24,DGX,0.016561962737695238
2025-10-24,DHR,-0.016561962737695238
2025-10-24,DLTR,0.016561962737695238
2025-10-24,DOC,-0.016561962737695238
2025-10-24,DOW,-0.016561962737695238
2025-10-24,EBAY,0.016561962737695238
2025-10-24,EIX,-0.016561962737695238
2025-10-24,ELV,-0.016561962737695238
2025-10-24,EMN,-0.016561962737695238
2025-10-24,EQR,-0.016561962737695238
2025-10-24,EQT,0.016561962737695238
2025-10-24,ERIE,-0.016561962737695238
2025-10-24,EVRG,0.016561962737695238
2025-10-24,EXR,-0.016561962737695238
2025-10-24,FAST,-0.016561962737695238
2025-10-24,FDS,-0.016561962737695238
2025-10-24,FFIV,0.016561962737695238
2025-10-24,FI,-0.016561962737695238
2025-10-24,FIS,-0.016561962737695238
2025-10-24,FOX,0.016561962737695238
2025-10-24,FOXA,0.016561962737695238
2025-10-24,FRT,-0.016561962737695238
2025-10-24,FTV,-0.016561962737695238
2025-10-24,GE,0.016561962737695238
2025-10-24,GEV,0.016561962737695238
2025-10-24,GILD,0.016561962737695238
2025-10-24,GIS,-0.016561962737695238
2025-10-24,GL,0.016561962737695238
2025-10-24,GLW,0.016561962737695238
2025-10-24,GOOG,0.016561962737695238
2025-10-24,GOOGL,0.016561962737695238
2025-10-24,GRMN,0.016561962737695238
2025-10-24,GS,0.016561962737695238
2025-10-24,HOLX,-0.016561962737695238
2025-10-24,HPQ,-0.016561962737695238
2025-10-24,HRL,-0.016561962737695238
2025-10-24,HWM,0.016561962737695238
2025-10-24,IBM,0.016561962737695238
2025-10-24,IDXX,0.016561962737695238
2025-10-24,IEX,-0.016561962737695238
2025-10-24,IFF,-0.016561962737695238
2025-10-24,INVH,-0.016561962737695238
2025-10-24,IRM,-0.016561962737695238
2025-10-24,IT,-0.016561962737695238
2025-10-24,JBHT,-0.016561962737695238
2025-10-24,JBL,0.016561962737695238
2025-10-24,JCI,0.016561962737695238
2025-10-24,JKHY,-0.016561962737695238
2025-10-24,JPM,0.016561962737695238
2025-10-24,K,-0.016561962737695238
2025-10-24,KDP,-0.016561962737695238
2025-10-24,KHC,-0.016561962737695238
2025-10-24,KLAC,0.016561962737695238
2025-10-24,KMX,-0.016561962737695238
2025-10-24,KVUE,-0.016561962737695238
2025-10-24,L,0.016561962737695238
2025-10-24,LEN,-0.016561962737695238
2025-10-24,LH,0.016561962737695238
2025-10-24,LHX,0.016561962737695238
2025-10-24,LMT,-0.016561962737695238
2025-10-24,LRCX,0.016561962737695238
2025-10-24,LULU,-0.016561962737695238
2025-10-24,LW,-0.016561962737695238
2025-10-24,LYB,-0.016561962737695238
2025-10-24,LYV,0.016561962737695238
2025-10-24,MCK,0.016561962737695238
2025-10-24,META,0.016561962737695238
2025-10-24,MKC,-0.016561962737695238
2025-10-24,MMC,-0.016561962737695238
2025-10-24,MMM,0.016561962737695238
2025-10-24,MNST,0.016561962737695238
2025-10-24,MO,0.016561962737695238
2025-10-24,MOH,-0.016561962737695238
2025-10-24,MRK,-0.016561962737695238
2025-10-24,MRNA,-0.016561962737695238
2025-10-24,MS,0.016561962737695238
2025-10-24,NEM,0.016561962737695238
2025-10-24,NFLX,0.016561962737695238
2025-10-24,NI,0.016561962737695238
2025-10-24,NRG,0.016561962737695238
2025-10-24,NTRS,0.016561962737695238
2025-10-24,NVR,-0.016561962737695238
2025-10-24,NWS,0.016561962737695238
2025-10-24,ODFL,-0.016561962737695238
2025-10-24,OKE,-0.016561962737695238
2025-10-24,OMC,-0.016561962737695238
2025-10-24,ORCL,0.016561962737695238
2025-10-24,ORLY,-0.016561962737695238
2025-10-24,PANW,-0.016561962737695238
2025-10-24,PCG,-0.016561962737695238
2025-10-24,PEP,-0.016561962737695238
2025-10-24,PFE,-0.016561962737695238
2025-10-24,PLTR,0.016561962737695238
2025-10-24,PODD,0.016561962737695238
2025-10-24,POOL,-0.016561962737695238
2025-10-24,PPG,-0.016561962737695238
2025-10-24,PRU,-0.016561962737695238
2025-10-24,PSA,-0.016561962737695238
2025-10-24,RCL,0.016561962737695238
2025-10-24,REGN,-0.016561962737695238
2025-10-24,RL,0.016561962737695238
2025-10-24,ROL,0.016561962737695238
2025-10-24,RTX,0.016561962737695238
2025-10-24,RVTY,-0.016561962737695238
2025-10-24,SBAC,-0.016561962737695238
2025-10-24,SCHW,0.016561962737695238
2025-10-24,STT,0.016561962737695238
2025-10-24,STX,0.016561962737695238
2025-10-24,STZ,-0.016561962737695238
2025-10-24,SWK,-0.016561962737695238
2025-10-24,SYF,0.016561962737695238
2025-10-24,T,0.016561962737695238
2025-10-24,TAP,-0.016561962737695238
2025-10-24,TDY,0.016561962737695238
2025-10-24,TECH,-0.016561962737695238
2025-10-24,TEL,0.016561962737695238
2025-10-24,TGT,-0.016561962737695238
2025-10-24,TJX,0.016561962737695238
2025-10-24,TPR,0.016561962737695238
2025-10-24,TRMB,0.016561962737695238
2025-10-24,TSCO,-0.016561962737695238
2025-10-24,TSLA,0.016561962737695238
2025-10-24,TTWO,0.016561962737695238
2025-10-24,TYL,-0.016561962737695238
2025-10-24,UDR,-0.016561962737695238
2025-10-24,ULTA,0.016561962737695238
2025-10-24,UNH,-0.016561962737695238
2025-10-24,UPS,-0.016561962737695238
2025-10-24,V,0.016561962737695238
2025-10-24,VLO,0.016561962737695238
2025-10-24,VRSN,0.016561962737695238
2025-10-24,VST,0.016561962737695238
2025-10-24,WBD,0.016561962737695238
2025-10-24,WDC,0.016561962737695238
2025-10-24,WELL,0.016561962737695238
2025-10-24,WFC,0.016561962737695238
2025-10-24,WMT,0.016561962737695238
2025-10-24,WRB,0.016561962737695238
2025-10-24,WTW,0.016561962737695238
2025-10-24,WY,-0.016561962737695238
2025-10-24,XEL,0.016561962737695238
2025-10-24,ZTS,-0.016561962737695238
2025-10-31,ACN,-0.014788251013642542
2025-10-31,ADBE,-0.014788251013642542
2025-10-31,AEE,0.014788251013642542
2025-10-31,AKAM,-0.014788251013642542
2025-10-31,ALGN,-0.014788251013642542
2025-10-31,ALLE,0.014788251013642542
2025-10-31,AMCR,-0.014788251013642542
2025-10-31,ANET,-0.014788251013642542
2025-10-31,APH,0.014788251013642542
2025-10-31,APTV,0.014788251013642542
2025-10-31,ARE,-0.014788251013642542
2025-10-31,ATO,0.014788251013642542
2025-10-31,AVB,-0.014788251013642542
2025-10-31,AVGO,0.014788251013642542
2025-10-31,AVY,-0.014788251013642542
2025-10-31,AXON,0.014788251013642542
2025-10-31,AZO,0.014788251013642542
2025-10-31,BA,0.014788251013642542
2025-10-31,BALL,-0.014788251013642542
2025-10-31,BAX,-0.014788251013642542
2025-10-31,BDX,-0.014788251013642542
2025-10-31,BFB,-0.014788251013642542
2025-10-31,BK,0.014788251013642542
2025-10-31,BLDR,-0.014788251013642542
2025-10-31,BMY,-0.014788251013642542
2025-10-31,C,0.014788251013642542
2025-10-31,CAG,-0.014788251013642542
2025-10-31,CAH,0.014788251013642542
2025-10-31,CARR,-0.014788251013642542
2025-10-31,CAT,0.014788251013642542
2025-10-31,CHD,-0.014788251013642542
2025-10-31,CHRW,0.014788251013642542
2025-10-31,CL,-0.014788251013642542
2025-10-31,CLX,-0.014788251013642542
2025-10-31,CMCSA,-0.014788251013642542
2025-10-31,CME,0.014788251013642542
2025-10-31,CMG,-0.014788251013642542
2025-10-31,CMI,0.014788251013642542
2025-10-31,CNC,-0.014788251013642542
2025-10-31,CNP,0.014788251013642542
2025-10-31,COO,-0.014788251013642542
2025-10-31,COR,0.014788251013642542
2025-10-31,CPB,-0.014788251013642542
2025-10-31,CRM,-0.014788251013642542
2025-10-31,CRWD,0.014788251013642542
2025-10-31,CSCO,0.014788251013642542
2025-10-31,DECK,-0.014788251013642542
2025-10-31,DLTR,0.014788251013642542
2025-10-31,DOC,-0.014788251013642542
2025-10-31,DOW,-0.014788251013642542
2025-10-31,EBAY,0.014788251013642542
2025-10-31,EIX,-0.014788251013642542
2025-10-31,ELV,-0.014788251013642542
2025-10-31,EMN,-0.014788251013642542
2025-10-31,EQIX,-0.014788251013642542
2025-10-31,EQT,0.014788251013642542
2025-10-31,ERIE,-0.014788251013642542
2025-10-31,ETR,-0.014788251013642542
2025-10-31,EVRG,0.014788251013642542
2025-10-31,EXPE,0.014788251013642542
2025-10-31,EXR,-0.014788251013642542
2025-10-31,FANG,-0.014788251013642542
2025-10-31,FAST,-0.014788251013642542
2025-10-31,FDS,-0.014788251013642542
2025-10-31,FFIV,0.014788251013642542
2025-10-31,FI,-0.014788251013642542
2025-10-31,FIS,-0.014788251013642542
2025-10-31,FOX,0.014788251013642542
2025-10-31,FOXA,0.014788251013642542
2025-10-31,FRT,-0.014788251013642542
2025-10-31,FTV,-0.014788251013642542
2025-10-31,GD,0.014788251013642542
2025-10-31,GDDY,-0.014788251013642542
2025-10-31,GE,0.014788251013642542
2025-10-31,GEV,0.014788251013642542
2025-10-31,GIS,-0.014788251013642542
2025-10-31,GL,0.014788251013642542
2025-10-31,GLW,0.014788251013642542
2025-10-31,GOOG,0.014788251013642542
2025-10-31,GOOGL,0.014788251013642542
2025-10-31,GS,0.014788251013642542
2025-10-31,GWW,-0.014788251013642542
2025-10-31,HIG,0.014788251013642542
2025-10-31,HII,0.014788251013642542
2025-10-31,HOLX,-0.014788251013642542
2025-10-31,HPQ,-0.014788251013642542
2025-10-31,HRL,-0.014788251013642542
2025-10-31,HWM,0.014788251013642542
2025-10-31,IBM,0.014788251013642542
2025-10-31,IDXX,0.014788251013642542
2025-10-31,IEX,-0.014788251013642542
2025-10-31,IFF,-0.014788251013642542
2025-10-31,INTC,0.014788251013642542
2025-10-31,IRM,-0.014788251013642542
2025-10-31,IT,-0.014788251013642542
2025-10-31,JBHT,-0.014788251013642542
2025-10-31,JBL,0.014788251013642542
2025-10-31,JCI,0.014788251013642542
2025-10-31,JKHY,-0.014788251013642542
2025-10-31,JPM,0.014788251013642542
2025-10-31,KDP,-0.014788251013642542
2025-10-31,KHC,-0.014788251013642542
2025-10-31,KLAC,0.014788251013642542
2025-10-31,KMX,-0.014788251013642542
2025-10-31,KVUE,-0.014788251013642542
2025-10-31,L,0.014788251013642542
2025-10-31,LEN,-0.014788251013642542
2025-10-31,LH,0.014788251013642542
2025-10-31,LHX,0.014788251013642542
2025-10-31,LRCX,0.014788251013642542
2025-10-31,LULU,-0.014788251013642542
2025-10-31,LYB,-0.014788251013642542
2025-10-31,LYV,0.014788251013642542
2025-10-31,MAA,-0.014788251013642542
2025-10-31,MCK,0.014788251013642542
2025-10-31,MKC,-0.014788251013642542
2025-10-31,MMC,-0.014788251013642542
2025-10-31,MMM,0.014788251013642542
2025-10-31,MNST,0.014788251013642542
2025-10-31,MO,0.014788251013642542
2025-10-31,MOH,-0.014788251013642542
2025-10-31,MRNA,-0.014788251013642542
2025-10-31,MS,0.014788251013642542
2025-10-31,MSFT,0.014788251013642542
2025-10-31,MU,0.014788251013642542
2025-10-31,NEM,0.014788251013642542
2025-10-31,NFLX,0.014788251013642542
2025-10-31,NI,0.014788251013642542
2025-10-31,NRG,0.014788251013642542
2025-10-31,NTRS,0.014788251013642542
2025-10-31,NVDA,0.014788251013642542
2025-10-31,NVR,-0.014788251013642542
2025-10-31,ODFL,-0.014788251013642542
2025-10-31,OKE,-0.014788251013642542
2025-10-31,OMC,-0.014788251013642542
2025-10-31,ON,-0.014788251013642542
2025-10-31,ORCL,0.014788251013642542
2025-10-31,ORLY,-0.014788251013642542
2025-10-31,PANW,-0.014788251013642542
2025-10-31,PAYX,-0.014788251013642542
2025-10-31,PCG,-0.014788251013642542
2025-10-31,PEP,-0.014788251013642542
2025-10-31,PLTR,0.014788251013642542
2025-10-31,PODD,0.014788251013642542
2025-10-31,PPG,-0.014788251013642542
2025-10-31,PRU,-0.014788251013642542
2025-10-31,PSA,-0.014788251013642542
2025-10-31,PWR,0.014788251013642542
2025-10-31,RCL,0.014788251013642542
2025-10-31,REGN,-0.014788251013642542
2025-10-31,RL,0.014788251013642542
2025-10-31,ROK,0.014788251013642542
2025-10-31,ROL,0.014788251013642542
2025-10-31,RTX,0.014788251013642542
2025-10-31,RVTY,-0.014788251013642542
2025-10-31,SBAC,-0.014788251013642542
2025-10-31,SCHW,0.014788251013642542
2025-10-31,STT,0.014788251013642542
2025-10-31,STX,0.014788251013642542
2025-10-31,STZ,-0.014788251013642542
2025-10-31,SW,-0.014788251013642542
2025-10-31,SWK,-0.014788251013642542
2025-10-31,T,0.014788251013642542
2025-10-31,TAP,-0.014788251013642542
2025-10-31,TDY,0.014788251013642542
2025-10-31,TEL,0.014788251013642542
2025-10-31,TGT,-0.014788251013642542
2025-10-31,TJX,0.014788251013642542
2025-10-31,TPR,0.014788251013642542
2025-10-31,TRMB,0.014788251013642542
2025-10-31,TSCO,-0.014788251013642542
2025-10-31,TSLA,0.014788251013642542
2025-10-31,TTWO,0.014788251013642542
2025-10-31,TYL,-0.014788251013642542
2025-10-31,UBER,0.014788251013642542
2025-10-31,UDR,-0.014788251013642542
2025-10-31,ULTA,0.014788251013642542
2025-10-31,UNH,-0.014788251013642542
2025-10-31,UPS,-0.014788251013642542
2025-10-31,V,0.014788251013642542
2025-10-31,VRSK,-0.014788251013642542
2025-10-31,VRSN,0.014788251013642542
2025-10-31,VST,0.014788251013642542
2025-10-31,WBD,0.014788251013642542
2025-10-31,WDC,0.014788251013642542
2025-10-31,WEC,0.014788251013642542
2025-10-31,WELL,0.014788251013642542
2025-10-31,WMT,0.014788251013642542
2025-10-31,WRB,0.014788251013642542
2025-10-31,WY,-0.014788251013642542
2025-10-31,XEL,0.014788251013642542
2025-10-31,XYL,0.014788251013642542
2025-10-31,ZBRA,-0.014788251013642542
2025-10-31,ZTS,-0.014788251013642542
2025-11-07,ACN,-0.014660647989611893
2025-11-07,ADBE,-0.014660647989611893
2025-11-07,AEE,0.014660647989611893
2025-11-07,AEP,0.014660647989611893
2025-11-07,AKAM,-0.014660647989611893
2025-11-07,ALGN,-0.014660647989611893
2025-11-07,ALLE,0.014660647989611893
2025-11-07,AMCR,-0.014660647989611893
2025-11-07,AMD,0.014660647989611893
2025-11-07,ANET,-0.014660647989611893
2025-11-07,APD,-0.014660647989611893
2025-11-07,APH,0.014660647989611893
2025-11-07,APTV,0.014660647989611893
2025-11-07,ARE,-0.014660647989611893
2025-11-07,ATO,0.014660647989611893
2025-11-07,AVB,-0.014660647989611893
2025-11-07,AVGO,0.014660647989611893
2025-11-07,AVY,-0.014660647989611893
2025-11-07,AXON,0.014660647989611893
2025-11-07,AZO,0.014660647989611893
2025-11-07,BA,0.014660647989611893
2025-11-07,BALL,-0.014660647989611893
2025-11-07,BAX,-0.014660647989611893
2025-11-07,BFB,-0.014660647989611893
2025-11-07,BK,0.014660647989611893
2025-11-07,BLDR,-0.014660647989611893
2025-11-07,BMY,-0.014660647989611893
2025-11-07,C,0.014660647989611893
2025-11-07,CAG,-0.014660647989611893
2025-11-07,CAH,0.014660647989611893
2025-11-07,CARR,-0.014660647989611893
2025-11-07,CBOE,0.014660647989611893
2025-11-07,CDW,-0.014660647989611893
2025-11-07,CEG,0.014660647989611893
2025-11-07,CHD,-0.014660647989611893
2025-11-07,CHTR,-0.014660647989611893
2025-11-07,CL,-0.014660647989611893
2025-11-07,CLX,-0.014660647989611893
2025-11-07,CMCSA,-0.014660647989611893
2025-11-07,CME,0.014660647989611893
2025-11-07,CMG,-0.014660647989611893
2025-11-07,CNC,-0.014660647989611893
2025-11-07,CNP,0.014660647989611893
2025-11-07,COO,-0.014660647989611893
2025-11-07,COR,0.014660647989611893
2025-11-07,CPB,-0.014660647989611893
2025-11-07,CPRT,-0.014660647989611893
2025-11-07,CPT,-0.014660647989611893
2025-11-07,CRM,-0.014660647989611893
2025-11-07,CRWD,0.014660647989611893
2025-11-07,CSCO,0.014660647989611893
2025-11-07,CTSH,-0.014660647989611893
2025-11-07,DECK,-0.014660647989611893
2025-11-07,DG,0.014660647989611893
2025-11-07,DGX,0.014660647989611893
2025-11-07,DLTR,0.014660647989611893
2025-11-07,DOC,-0.014660647989611893
2025-11-07,DOV,-0.014660647989611893
2025-11-07,DOW,-0.014660647989611893
2025-11-07,DTE,0.014660647989611893
2025-11-07,EBAY,0.014660647989611893
2025-11-07,EIX,-0.014660647989611893
2025-11-07,EL,0.014660647989611893
2025-11-07,EMN,-0.014660647989611893
2025-11-07,EPAM,-0.014660647989611893
2025-11-07,EQT,0.014660647989611893
2025-11-07,ERIE,-0.014660647989611893
2025-11-07,EVRG,0.014660647989611893
2025-11-07,EXC,0.014660647989611893
2025-11-07,FAST,-0.014660647989611893
2025-11-07,FDS,-0.014660647989611893
2025-11-07,FE,0.014660647989611893
2025-11-07,FFIV,0.014660647989611893
2025-11-07,FI,-0.014660647989611893
2025-11-07,FIS,-0.014660647989611893
2025-11-07,FOX,0.014660647989611893
2025-11-07,FOXA,0.014660647989611893
2025-11-07,FRT,-0.014660647989611893
2025-11-07,FTV,-0.014660647989611893
2025-11-07,GDDY,-0.014660647989611893
2025-11-07,GE,0.014660647989611893
2025-11-07,GEV,0.014660647989611893
2025-11-07,GIS,-0.014660647989611893
2025-11-07,GL,0.014660647989611893
2025-11-07,GLW,0.014660647989611893
2025-11-07,GOOG,0.014660647989611893
2025-11-07,GOOGL,0.014660647989611893
2025-11-07,GPN,-0.014660647989611893
2025-11-07,GS,0.014660647989611893
2025-11-07,GWW,-0.014660647989611893
2025-11-07,HII,0.014660647989611893
2025-11-07,HPQ,-0.014660647989611893
2025-11-07,HRL,-0.014660647989611893
2025-11-07,HWM,0.014660647989611893
2025-11-07,IBM,0.014660647989611893
2025-11-07,IDXX,0.014660647989611893
2025-11-07,IEX,-0.014660647989611893
2025-11-07,IFF,-0.014660647989611893
2025-11-07,INVH,-0.014660647989611893
2025-11-07,IR,-0.014660647989611893
2025-11-07,IT,-0.014660647989611893
2025-11-07,JBHT,-0.014660647989611893
2025-11-07,JBL,0.014660647989611893
2025-11-07,JCI,0.014660647989611893
2025-11-07,JKHY,-0.014660647989611893
2025-11-07,JNJ,0.014660647989611893
2025-11-07,JPM,0.014660647989611893
2025-11-07,KDP,-0.014660647989611893
2025-11-07,KHC,-0.014660647989611893
2025-11-07,KIM,-0.014660647989611893
2025-11-07,KLAC,0.014660647989611893
2025-11-07,KVUE,-0.014660647989611893
2025-11-07,L,0.014660647989611893
2025-11-07,LEN,-0.014660647989611893
2025-11-07,LHX,0.014660647989611893
2025-11-07,LKQ,-0.014660647989611893
2025-11-07,LNT,0.014660647989611893
2025-11-07,LRCX,0.014660647989611893
2025-11-07,LULU,-0.014660647989611893
2025-11-07,LYB,-0.014660647989611893
2025-11-07,MAA,-0.014660647989611893
2025-11-07,MCK,0.014660647989611893
2025-11-07,MKC,-0.014660647989611893
2025-11-07,MNST,0.014660647989611893
2025-11-07,MO,0.014660647989611893
2025-11-07,MOH,-0.014660647989611893
2025-11-07,MRNA,-0.014660647989611893
2025-11-07,MSFT,0.014660647989611893
2025-11-07,MU,0.014660647989611893
2025-11-07,NEM,0.014660647989611893
2025-11-07,NFLX,0.014660647989611893
2025-11-07,NI,0.014660647989611893
2025-11-07,NOC,0.014660647989611893
2025-11-07,NRG,0.014660647989611893
2025-11-07,NTRS,0.014660647989611893
2025-11-07,NVR,-0.014660647989611893
2025-11-07,ODFL,-0.014660647989611893
2025-11-07,OKE,-0.014660647989611893
2025-11-07,OMC,-0.014660647989611893
2025-11-07,ORCL,0.014660647989611893
2025-11-07,ORLY,-0.014660647989611893
2025-11-07,PANW,-0.014660647989611893
2025-11-07,PAYX,-0.014660647989611893
2025-11-07,PCG,-0.014660647989611893
2025-11-07,PEP,-0.014660647989611893
2025-11-07,PLTR,0.014660647989611893
2025-11-07,PM,0.014660647989611893
2025-11-07,PODD,0.014660647989611893
2025-11-07,POOL,-0.014660647989611893
2025-11-07,PPG,-0.014660647989611893
2025-11-07,PPL,0.014660647989611893
2025-11-07,PRU,-0.014660647989611893
2025-11-07,PWR,0.014660647989611893
2025-11-07,RCL,0.014660647989611893
2025-11-07,REGN,-0.014660647989611893
2025-11-07,RL,0.014660647989611893
2025-11-07,ROL,0.014660647989611893
2025-11-07,RTX,0.014660647989611893
2025-11-07,RVTY,-0.014660647989611893
2025-11-07,SCHW,0.014660647989611893
2025-11-07,SLB,-0.014660647989611893
2025-11-07,SMCI,0.014660647989611893
2025-11-07,STT,0.014660647989611893
2025-11-07,STX,0.014660647989611893
2025-11-07,STZ,-0.014660647989611893
2025-11-07,T,0.014660647989611893
2025-11-07,TAP,-0.014660647989611893
2025-11-07,TDY,0.014660647989611893
2025-11-07,TEL,0.014660647989611893
2025-11-07,TGT,-0.014660647989611893
2025-11-07,TJX,0.014660647989611893
2025-11-07,TPR,0.014660647989611893
2025-11-07,TSCO,-0.014660647989611893
2025-11-07,TTWO,0.014660647989611893
2025-11-07,TYL,-0.014660647989611893
2025-11-07,UBER,0.014660647989611893
2025-11-07,UDR,-0.014660647989611893
2025-11-07,ULTA,0.014660647989611893
2025-11-07,UNH,-0.014660647989611893
2025-11-07,UPS,-0.014660647989611893
2025-11-07,VRSK,-0.014660647989611893
2025-11-07,VRSN,0.014660647989611893
2025-11-07,VST,0.014660647989611893
2025-11-07,WBD,0.014660647989611893
2025-11-07,WDC,0.014660647989611893
2025-11-07,WEC,0.014660647989611893
2025-11-07,WELL,0.014660647989611893
2025-11-07,WMT,0.014660647989611893
2025-11-07,WRB,0.014660647989611893
2025-11-07,WY,-0.014660647989611893
2025-11-07,WYNN,0.014660647989611893
2025-11-07,XEL,0.014660647989611893
2025-11-07,ZBRA,-0.014660647989611893
2025-11-07,ZTS,-0.014660647989611893
2025-11-14,ABBV,0.014838469562834002
2025-11-14,ACN,-0.014838469562834002
2025-11-14,ADBE,-0.014838469562834002
2025-11-14,AEE,0.014838469562834002
2025-11-14,AEP,0.014838469562834002
2025-11-14,ALGN,-0.014838469562834002
2025-11-14,ALLE,0.014838469562834002
2025-11-14,AMCR,-0.014838469562834002
2025-11-14,AMD,0.014838469562834002
2025-11-14,AMP,-0.014838469562834002
2025-11-14,ANET,-0.014838469562834002
2025-11-14,APD,-0.014838469562834002
2025-11-14,APH,0.014838469562834002
2025-11-14,APTV,0.014838469562834002
2025-11-14,ARE,-0.014838469562834002
2025-11-14,ATO,0.014838469562834002
2025-11-14,AVB,-0.014838469562834002
2025-11-14,AVGO,0.014838469562834002
2025-11-14,AVY,-0.014838469562834002
2025-11-14,AZO,0.014838469562834002
2025-11-14,BA,0.014838469562834002
2025-11-14,BALL,-0.014838469562834002
2025-11-14,BFB,-0.014838469562834002
2025-11-14,BK,0.014838469562834002
2025-11-14,BLDR,-0.014838469562834002
2025-11-14,BMY,-0.014838469562834002
2025-11-14,BRO,-0.014838469562834002
2025-11-14,C,0.014838469562834002
2025-11-14,CAG,-0.014838469562834002
2025-11-14,CAH,0.014838469562834002
2025-11-14,CARR,-0.014838469562834002
2025-11-14,CAT,0.014838469562834002
2025-11-14,CBOE,0.014838469562834002
2025-11-14,CEG,0.014838469562834002
2025-11-14,CHD,-0.014838469562834002
2025-11-14,CHTR,-0.014838469562834002
2025-11-14,CL,-0.014838469562834002
2025-11-14,CLX,-0.014838469562834002
2025-11-14,CMCSA,-0.014838469562834002
2025-11-14,CME,0.014838469562834002
2025-11-14,CMG,-0.014838469562834002
2025-11-14,CNC,-0.014838469562834002
2025-11-14,CNP,0.014838469562834002
2025-11-14,COO,-0.014838469562834002
2025-11-14,COP,-0.014838469562834002
2025-11-14,COR,0.014838469562834002
2025-11-14,CPAY,-0.014838469562834002
2025-11-14,CPB,-0.014838469562834002
2025-11-14,CPRT,-0.014838469562834002
2025-11-14,CPT,-0.014838469562834002
2025-11-14,CRM,-0.014838469562834002
2025-11-14,CRWD,0.014838469562834002
2025-11-14,CSCO,0.014838469562834002
2025-11-14,CTSH,-0.014838469562834002
2025-11-14,CVS,0.014838469562834002
2025-11-14,DECK,-0.014838469562834002
2025-11-14,DG,0.014838469562834002
2025-11-14,DGX,0.014838469562834002
2025-11-14,DLTR,0.014838469562834002
2025-11-14,DOV,-0.014838469562834002
2025-11-14,DOW,-0.014838469562834002
2025-11-14,DTE,0.014838469562834002
2025-11-14,DUK,0.014838469562834002
2025-11-14,EBAY,0.014838469562834002
2025-11-14,EIX,-0.014838469562834002
2025-11-14,EL,0.014838469562834002
2025-11-14,EOG,-0.014838469562834002
2025-11-14,EPAM,-0.014838469562834002
2025-11-14,EQR,-0.014838469562834002
2025-11-14,ERIE,-0.014838469562834002
2025-11-14,EVRG,0.014838469562834002
2025-11-14,EXC,0.014838469562834002
2025-11-14,FAST,-0.014838469562834002
2025-11-14,FDS,-0.014838469562834002
2025-11-14,FDX,-0.014838469562834002
2025-11-14,FE,0.014838469562834002
2025-11-14,FFIV,0.014838469562834002
2025-11-14,FI,-0.014838469562834002
2025-11-14,FICO,-0.014838469562834002
2025-11-14,FIS,-0.014838469562834002
2025-11-14,FOXA,0.014838469562834002
2025-11-14,FRT,-0.014838469562834002
2025-11-14,FTV,-0.014838469562834002
2025-11-14,GDDY,-0.014838469562834002
2025-11-14,GE,0.014838469562834002
2025-11-14,GEV,0.014838469562834002
2025-11-14,GILD,0.014838469562834002
2025-11-14,GIS,-0.014838469562834002
2025-11-14,GL,0.014838469562834002
2025-11-14,GLW,0.014838469562834002
2025-11-14,GOOG,0.014838469562834002
2025-11-14,GOOGL,0.014838469562834002
2025-11-14,GPN,-0.014838469562834002
2025-11-14,GS,0.014838469562834002
2025-11-14,GWW,-0.014838469562834002
2025-11-14,HAL,-0.014838469562834002
2025-11-14,HCA,0.014838469562834002
2025-11-14,HII,0.014838469562834002
2025-11-14,HPQ,-0.014838469562834002
2025-11-14,HRL,-0.014838469562834002
2025-11-14,HWM,0.014838469562834002
2025-11-14,IBM,0.014838469562834002
2025-11-14,IDXX,0.014838469562834002
2025-11-14,IEX,-0.014838469562834002
2025-11-14,IFF,-0.014838469562834002
2025-11-14,INVH,-0.014838469562834002
2025-11-14,IR,-0.014838469562834002
2025-11-14,ISRG,-0.014838469562834002
2025-11-14,IT,-0.014838469562834002
2025-11-14,JBL,0.014838469562834002
2025-11-14,JCI,0.014838469562834002
2025-11-14,JNJ,0.014838469562834002
2025-11-14,JPM,0.014838469562834002
2025-11-14,KHC,-0.014838469562834002
2025-11-14,KLAC,0.014838469562834002
2025-11-14,KVUE,-0.014838469562834002
2025-11-14,L,0.014838469562834002
2025-11-14,LEN,-0.014838469562834002
2025-11-14,LH,0.014838469562834002
2025-11-14,LHX,0.014838469562834002
2025-11-14,LKQ,-0.014838469562834002
2025-11-14,LRCX,0.014838469562834002
2025-11-14,LULU,-0.014838469562834002
2025-11-14,LYB,-0.014838469562834002
2025-11-14,MAA,-0.014838469562834002
2025-11-14,MCK,0.014838469562834002
2025-11-14,MMC,-0.014838469562834002
2025-11-14,MNST,0.014838469562834002
2025-11-14,MO,0.014838469562834002
2025-11-14,MOH,-0.014838469562834002
2025-11-14,MPWR,0.014838469562834002
2025-11-14,MSFT,0.014838469562834002
2025-11-14,MU,0.014838469562834002
2025-11-14,NEM,0.014838469562834002
2025-11-14,NFLX,0.014838469562834002
2025-11-14,NI,0.014838469562834002
2025-11-14,NOC,0.014838469562834002
2025-11-14,NRG,0.014838469562834002
2025-11-14,NVR,-0.014838469562834002
2025-11-14,ODFL,-0.014838469562834002
2025-11-14,OKE,-0.014838469562834002
2025-11-14,OMC,-0.014838469562834002
2025-11-14,ORCL,0.014838469562834002
2025-11-14,ORLY,-0.014838469562834002
2025-11-14,PANW,-0.014838469562834002
2025-11-14,PAYX,-0.014838469562834002
2025-11-14,PCAR,-0.014838469562834002
2025-11-14,PCG,-0.014838469562834002
2025-11-14,PGR,-0.014838469562834002
2025-11-14,PLTR,0.014838469562834002
2025-11-14,PM,0.014838469562834002
2025-11-14,PPG,-0.014838469562834002
2025-11-14,PPL,0.014838469562834002
2025-11-14,PRU,-0.014838469562834002
2025-11-14,PWR,0.014838469562834002
2025-11-14,REGN,-0.014838469562834002
2025-11-14,RL,0.014838469562834002
2025-11-14,RTX,0.014838469562834002
2025-11-14,SLB,-0.014838469562834002
2025-11-14,SMCI,0.014838469562834002
2025-11-14,SO,0.014838469562834002
2025-11-14,STT,0.014838469562834002
2025-11-14,STX,0.014838469562834002
2025-11-14,STZ,-0.014838469562834002
2025-11-14,T,0.014838469562834002
2025-11-14,TAP,-0.014838469562834002
2025-11-14,TDY,0.014838469562834002
2025-11-14,TEL,0.014838469562834002
2025-11-14,TGT,-0.014838469562834002
2025-11-14,TJX,0.014838469562834002
2025-11-14,TPR,0.014838469562834002
2025-11-14,TSCO,-0.014838469562834002
2025-11-14,TSN,-0.014838469562834002
2025-11-14,TTWO,0.014838469562834002
2025-11-14,TYL,-0.014838469562834002
2025-11-14,UBER,0.014838469562834002
2025-11-14,UDR,-0.014838469562834002
2025-11-14,ULTA,0.014838469562834002
2025-11-14,UNH,-0.014838469562834002
2025-11-14,UPS,-0.014838469562834002
2025-11-14,VRSK,-0.014838469562834002
2025-11-14,VRSN,0.014838469562834002
2025-11-14,VST,0.014838469562834002
2025-11-14,WBD,0.014838469562834002
2025-11-14,WDC,0.014838469562834002
2025-11-14,WEC,0.014838469562834002
2025-11-14,WELL,0.014838469562834002
2025-11-14,WMT,0.014838469562834002
2025-11-14,WRB,0.014838469562834002
2025-11-14,WY,-0.014838469562834002
2025-11-14,XEL,0.014838469562834002
2025-11-14,XYL,0.014838469562834002
2025-11-14,ZBRA,-0.014838469562834002
2025-11-14,ZTS,-0.014838469562834002
2025-11-21,ABBV,0.015193350775708553
2025-11-21,ACN,-0.015193350775708553
2025-11-21,ADBE,-0.015193350775708553
2025-11-21,AEE,0.015193350775708553
2025-11-21,AEP,0.015193350775708553
2025-11-21,ALGN,-0.015193350775708553
2025-11-21,ALLE,0.015193350775708553
2025-11-21,AMCR,-0.015193350775708553
2025-11-21,AMD,0.015193350775708553
2025-11-21,AMP,-0.015193350775708553
2025-11-21,ANET,-0.015193350775708553
2025-11-21,AON,-0.015193350775708553
2025-11-21,APD,-0.015193350775708553
2025-11-21,APH,0.015193350775708553
2025-11-21,APTV,0.015193350775708553
2025-11-21,ARE,-0.015193350775708553
2025-11-21,ATO,0.015193350775708553
2025-11-21,AVB,-0.015193350775708553
2025-11-21,AVGO,0.015193350775708553
2025-11-21,AXP,0.015193350775708553
2025-11-21,AZO,0.015193350775708553
2025-11-21,BA,0.015193350775708553
2025-11-21,BALL,-0.015193350775708553
2025-11-21,BAX,-0.015193350775708553
2025-11-21,BDX,-0.015193350775708553
2025-11-21,BFB,-0.015193350775708553
2025-11-21,BK,0.015193350775708553
2025-11-21,BLDR,-0.015193350775708553
2025-11-21,BMY,-0.015193350775708553
2025-11-21,BRO,-0.015193350775708553
2025-11-21,C,0.015193350775708553
2025-11-21,CAG,-0.015193350775708553
2025-11-21,CAH,0.015193350775708553
2025-11-21,CARR,-0.015193350775708553
2025-11-21,CAT,0.015193350775708553
2025-11-21,CBRE,0.015193350775708553
2025-11-21,CEG,0.015193350775708553
2025-11-21,CHD,-0.015193350775708553
2025-11-21,CHTR,-0.015193350775708553
2025-11-21,CL,-0.015193350775708553
2025-11-21,CLX,-0.015193350775708553
2025-11-21,CMCSA,-0.015193350775708553
2025-11-21,CME,0.015193350775708553
2025-11-21,CMG,-0.015193350775708553
2025-11-21,CNC,-0.015193350775708553
2025-11-21,CNP,0.015193350775708553
2025-11-21,COO,-0.015193350775708553
2025-11-21,COR,0.015193350775708553
2025-11-21,CPAY,-0.015193350775708553
2025-11-21,CPB,-0.015193350775708553
2025-11-21,CPRT,-0.015193350775708553
2025-11-21,CPT,-0.015193350775708553
2025-11-21,CRM,-0.015193350775708553
2025-11-21,CRWD,0.015193350775708553
2025-11-21,CSCO,0.015193350775708553
2025-11-21,CVS,0.015193350775708553
2025-11-21,DECK,-0.015193350775708553
2025-11-21,DG,0.015193350775708553
2025-11-21,DLTR,0.015193350775708553
2025-11-21,DOC,-0.015193350775708553
2025-11-21,DOW,-0.015193350775708553
2025-11-21,DTE,0.015193350775708553
2025-11-21,DVA,-0.015193350775708553
2025-11-21,EBAY,0.015193350775708553
2025-11-21,EIX,-0.015193350775708553
2025-11-21,EL,0.015193350775708553
2025-11-21,EOG,-0.015193350775708553
2025-11-21,EPAM,-0.015193350775708553
2025-11-21,EQR,-0.015193350775708553
2025-11-21,ERIE,-0.015193350775708553
2025-11-21,ETR,-0.015193350775708553
2025-11-21,EVRG,0.015193350775708553
2025-11-21,EXC,0.015193350775708553
2025-11-21,FAST,-0.015193350775708553
2025-11-21,FDS,-0.015193350775708553
2025-11-21,FDX,-0.015193350775708553
2025-11-21,FFIV,0.015193350775708553
2025-11-21,FICO,-0.015193350775708553
2025-11-21,FIS,-0.015193350775708553
2025-11-21,FOX,0.015193350775708553
2025-11-21,FOXA,0.015193350775708553
2025-11-21,FRT,-0.015193350775708553
2025-11-21,FTV,-0.015193350775708553
2025-11-21,GD,0.015193350775708553
2025-11-21,GDDY,-0.015193350775708553
2025-11-21,GE,0.015193350775708553
2025-11-21,GEV,0.015193350775708553
2025-11-21,GILD,0.015193350775708553
2025-11-21,GIS,-0.015193350775708553
2025-11-21,GL,0.015193350775708553
2025-11-21,GLW,0.015193350775708553
2025-11-21,GOOG,0.015193350775708553
2025-11-21,GOOGL,0.015193350775708553
2025-11-21,GPN,-0.015193350775708553
2025-11-21,GS,0.015193350775708553
2025-11-21,GWW,-0.015193350775708553
2025-11-21,HCA,0.015193350775708553
2025-11-21,HII,0.015193350775708553
2025-11-21,HPQ,-0.015193350775708553
2025-11-21,HRL,-0.015193350775708553
2025-11-21,HWM,0.015193350775708553
2025-11-21,IBM,0.015193350775708553
2025-11-21,IDXX,0.015193350775708553
2025-11-21,IEX,-0.015193350775708553
2025-11-21,IFF,-0.015193350775708553
2025-11-21,INTC,0.015193350775708553
2025-11-21,INVH,-0.015193350775708553
2025-11-21,IR,-0.015193350775708553
2025-11-21,IT,-0.015193350775708553
2025-11-21,J,0.015193350775708553
2025-11-21,JBL,0.015193350775708553
2025-11-21,JCI,0.015193350775708553
2025-11-21,JNJ,0.015193350775708553
2025-11-21,JPM,0.015193350775708553
2025-11-21,KHC,-0.015193350775708553
2025-11-21,KIM,-0.015193350775708553
2025-11-21,KLAC,0.015193350775708553
2025-11-21,KVUE,-0.015193350775708553
2025-11-21,L,0.015193350775708553
2025-11-21,LEN,-0.015193350775708553
2025-11-21,LH,0.015193350775708553
2025-11-21,LHX,0.015193350775708553
2025-11-21,LRCX,0.015193350775708553
2025-11-21,LULU,-0.015193350775708553
2025-11-21,LYB,-0.015193350775708553
2025-11-21,MAA,-0.015193350775708553
2025-11-21,MCK,0.015193350775708553
2025-11-21,META,0.015193350775708553
2025-11-21,MKC,-0.015193350775708553
2025-11-21,MMC,-0.015193350775708553
2025-11-21,MMM,0.015193350775708553
2025-11-21,MNST,0.015193350775708553
2025-11-21,MO,0.015193350775708553
2025-11-21,MOH,-0.015193350775708553
2025-11-21,MPWR,0.015193350775708553
2025-11-21,MSFT,0.015193350775708553
2025-11-21,MTB,-0.015193350775708553
2025-11-21,MU,0.015193350775708553
2025-11-21,NEM,0.015193350775708553
2025-11-21,NI,0.015193350775708553
2025-11-21,NOC,0.015193350775708553
2025-11-21,NRG,0.015193350775708553
2025-11-21,NVR,-0.015193350775708553
2025-11-21,ODFL,-0.015193350775708553
2025-11-21,OKE,-0.015193350775708553
2025-11-21,OMC,-0.015193350775708553
2025-11-21,ORCL,0.015193350775708553
2025-11-21,ORLY,-0.015193350775708553
2025-11-21,PANW,-0.015193350775708553
2025-11-21,PAYX,-0.015193350775708553
2025-11-21,PCG,-0.015193350775708553
2025-11-21,PG,-0.015193350775708553
2025-11-21,PGR,-0.015193350775708553
2025-11-21,PLTR,0.015193350775708553
2025-11-21,PM,0.015193350775708553
2025-11-21,PPG,-0.015193350775708553
2025-11-21,PRU,-0.015193350775708553
2025-11-21,PWR,0.015193350775708553
2025-11-21,RCL,0.015193350775708553
2025-11-21,RL,0.015193350775708553
2025-11-21,ROK,0.015193350775708553
2025-11-21,ROL,0.015193350775708553
2025-11-21,ROP,-0.015193350775708553
2025-11-21,RTX,0.015193350775708553
2025-11-21,STX,0.015193350775708553
2025-11-21,STZ,-0.015193350775708553
2025-11-21,SW,-0.015193350775708553
2025-11-21,TAP,-0.015193350775708553
2025-11-21,TEL,0.015193350775708553
2025-11-21,TER,0.015193350775708553
2025-11-21,TGT,-0.015193350775708553
2025-11-21,TJX,0.015193350775708553
2025-11-21,TPR,0.015193350775708553
2025-11-21,TRGP,-0.015193350775708553
2025-11-21,TSCO,-0.015193350775708553
2025-11-21,TSN,-0.015193350775708553
2025-11-21,TTWO,0.015193350775708553
2025-11-21,UBER,0.015193350775708553
2025-11-21,UDR,-0.015193350775708553
2025-11-21,ULTA,0.015193350775708553
2025-11-21,UNH,-0.015193350775708553
2025-11-21,UPS,-0.015193350775708553
2025-11-21,VRSK,-0.015193350775708553
2025-11-21,VRSN,0.015193350775708553
2025-11-21,WBD,0.015193350775708553
2025-11-21,WDC,0.015193350775708553
2025-11-21,WEC,0.015193350775708553
2025-11-21,WELL,0.015193350775708553
2025-11-21,WMT,0.015193350775708553
2025-11-21,WRB,0.015193350775708553
2025-11-21,WY,-0.015193350775708553
2025-11-21,WYNN,0.015193350775708553
2025-11-21,XYL,0.015193350775708553
2025-11-21,ZTS,-0.015193350775708553
2025-11-28,ABBV,0.015188023331303244
2025-11-28,ACN,-0.015188023331303244
2025-11-28,ADBE,-0.015188023331303244
2025-11-28,ADP,-0.015188023331303244
2025-11-28,AEP,0.015188023331303244
2025-11-28,ALGN,-0.015188023331303244
2025-11-28,ALLE,0.015188023331303244
2025-11-28,AMAT,0.015188023331303244
2025-11-28,AMCR,-0.015188023331303244
2025-11-28,AMD,0.015188023331303244
2025-11-28,AMP,-0.015188023331303244
2025-11-28,ANET,-0.015188023331303244
2025-11-28,AON,-0.015188023331303244
2025-11-28,APD,-0.015188023331303244
2025-11-28,APH,0.015188023331303244
2025-11-28,APTV,0.015188023331303244
2025-11-28,ARE,-0.015188023331303244
2025-11-28,ATO,0.015188023331303244
2025-11-28,AVB,-0.015188023331303244
2025-11-28,AVGO,0.015188023331303244
2025-11-28,AXP,0.015188023331303244
2025-11-28,AZO,0.015188023331303244
2025-11-28,BA,0.015188023331303244
2025-11-28,BALL,-0.015188023331303244
2025-11-28,BAX,-0.015188023331303244
2025-11-28,BFB,-0.015188023331303244
2025-11-28,BK,0.015188023331303244
2025-11-28,BLDR,-0.015188023331303244
2025-11-28,BMY,-0.015188023331303244
2025-11-28,BRO,-0.015188023331303244
2025-11-28,C,0.015188023331303244
2025-11-28,CAG,-0.015188023331303244
2025-11-28,CAH,0.015188023331303244
2025-11-28,CAT,0.015188023331303244
2025-11-28,CEG,0.015188023331303244
2025-11-28,CHD,-0.015188023331303244
2025-11-28,CHRW,0.015188023331303244
2025-11-28,CHTR,-0.015188023331303244
2025-11-28,CI,-0.015188023331303244
2025-11-28,CL,-0.015188023331303244
2025-11-28,CLX,-0.015188023331303244
2025-11-28,CMCSA,-0.015188023331303244
2025-11-28,CME,0.015188023331303244
2025-11-28,CMG,-0.015188023331303244
2025-11-28,CMI,0.015188023331303244
2025-11-28,CNC,-0.015188023331303244
2025-11-28,CNP,0.015188023331303244
2025-11-28,COO,-0.015188023331303244
2025-11-28,COR,0.015188023331303244
2025-11-28,CPAY,-0.015188023331303244
2025-11-28,CPB,-0.015188023331303244
2025-11-28,CPRT,-0.015188023331303244
2025-11-28,CPT,-0.015188023331303244
2025-11-28,CRM,-0.015188023331303244
2025-11-28,CRWD,0.015188023331303244
2025-11-28,CSCO,0.015188023331303244
2025-11-28,CVS,0.015188023331303244
2025-11-28,DECK,-0.015188023331303244
2025-11-28,DG,0.015188023331303244
2025-11-28,DLTR,0.015188023331303244
2025-11-28,DOC,-0.015188023331303244
2025-11-28,DOW,-0.015188023331303244
2025-11-28,DVA,-0.015188023331303244
2025-11-28,EBAY,0.015188023331303244
2025-11-28,EG,-0.015188023331303244
2025-11-28,EIX,-0.015188023331303244
2025-11-28,EL,0.015188023331303244
2025-11-28,EQR,-0.015188023331303244
2025-11-28,ERIE,-0.015188023331303244
2025-11-28,ESS,-0.015188023331303244
2025-11-28,EVRG,0.015188023331303244
2025-11-28,EXC,0.015188023331303244
2025-11-28,FAST,-0.015188023331303244
2025-11-28,FDS,-0.015188023331303244
2025-11-28,FIS,-0.015188023331303244
2025-11-28,FOX,0.015188023331303244
2025-11-28,FOXA,0.015188023331303244
2025-11-28,FRT,-0.015188023331303244
2025-11-28,FTV,-0.015188023331303244
2025-11-28,GD,0.015188023331303244
2025-11-28,GDDY,-0.015188023331303244
2025-11-28,GE,0.015188023331303244
2025-11-28,GEV,0.015188023331303244
2025-11-28,GILD,0.015188023331303244
2025-11-28,GIS,-0.015188023331303244
2025-11-28,GL,0.015188023331303244
2025-11-28,GLW,0.015188023331303244
2025-11-28,GM,0.015188023331303244
2025-11-28,GOOG,0.015188023331303244
2025-11-28,GOOGL,0.015188023331303244
2025-11-28,GPN,-0.015188023331303244
2025-11-28,GS,0.015188023331303244
2025-11-28,GWW,-0.015188023331303244
2025-11-28,HCA,0.015188023331303244
2025-11-28,HII,0.015188023331303244
2025-11-28,HRL,-0.015188023331303244
2025-11-28,HWM,0.015188023331303244
2025-11-28,IBM,0.015188023331303244
2025-11-28,IDXX,0.015188023331303244
2025-11-28,IEX,-0.015188023331303244
2025-11-28,IFF,-0.015188023331303244
2025-11-28,INCY,0.015188023331303244
2025-11-28,INTC,0.015188023331303244
2025-11-28,INVH,-0.015188023331303244
2025-11-28,IP,-0.015188023331303244
2025-11-28,IR,-0.015188023331303244
2025-11-28,IT,-0.015188023331303244
2025-11-28,IVZ,0.015188023331303244
2025-11-28,J,0.015188023331303244
2025-11-28,JBL,0.015188023331303244
2025-11-28,JCI,0.015188023331303244
2025-11-28,JNJ,0.015188023331303244
2025-11-28,JPM,0.015188023331303244
2025-11-28,KHC,-0.015188023331303244
2025-11-28,KIM,-0.015188023331303244
2025-11-28,KLAC,0.015188023331303244
2025-11-28,KVUE,-0.015188023331303244
2025-11-28,L,0.015188023331303244
2025-11-28,LEN,-0.015188023331303244
2025-11-28,LHX,0.015188023331303244
2025-11-28,LRCX,0.015188023331303244
2025-11-28,LULU,-0.015188023331303244
2025-11-28,LYB,-0.015188023331303244
2025-11-28,MAA,-0.015188023331303244
2025-11-28,MCK,0.015188023331303244
2025-11-28,MKC,-0.015188023331303244
2025-11-28,MMC,-0.015188023331303244
2025-11-28,MMM,0.015188023331303244
2025-11-28,MNST,0.015188023331303244
2025-11-28,MOH,-0.015188023331303244
2025-11-28,MPC,0.015188023331303244
2025-11-28,MPWR,0.015188023331303244
2025-11-28,MS,0.015188023331303244
2025-11-28,MSFT,0.015188023331303244
2025-11-28,MU,0.015188023331303244
2025-11-28,NEM,0.015188023331303244
2025-11-28,NFLX,0.015188023331303244
2025-11-28,NOC,0.015188023331303244
2025-11-28,NRG,0.015188023331303244
2025-11-28,NVDA,0.015188023331303244
2025-11-28,NVR,-0.015188023331303244
2025-11-28,ODFL,-0.015188023331303244
2025-11-28,OKE,-0.015188023331303244
2025-11-28,OMC,-0.015188023331303244
2025-11-28,ORCL,0.015188023331303244
2025-11-28,ORLY,-0.015188023331303244
2025-11-28,PAYX,-0.015188023331303244
2025-11-28,PCG,-0.015188023331303244
2025-11-28,PG,-0.015188023331303244
2025-11-28,PGR,-0.015188023331303244
2025-11-28,PKG,-0.015188023331303244
2025-11-28,PLTR,0.015188023331303244
2025-11-28,POOL,-0.015188023331303244
2025-11-28,PPG,-0.015188023331303244
2025-11-28,PRU,-0.015188023331303244
2025-11-28,PSA,-0.015188023331303244
2025-11-28,PWR,0.015188023331303244
2025-11-28,RL,0.015188023331303244
2025-11-28,ROK,0.015188023331303244
2025-11-28,ROL,0.015188023331303244
2025-11-28,ROP,-0.015188023331303244
2025-11-28,RTX,0.015188023331303244
2025-11-28,STX,0.015188023331303244
2025-11-28,STZ,-0.015188023331303244
2025-11-28,SW,-0.015188023331303244
2025-11-28,TAP,-0.015188023331303244
2025-11-28,TEL,0.015188023331303244
2025-11-28,TER,0.015188023331303244
2025-11-28,TGT,-0.015188023331303244
2025-11-28,TJX,0.015188023331303244
2025-11-28,TPL,-0.015188023331303244
2025-11-28,TPR,0.015188023331303244
2025-11-28,TSCO,-0.015188023331303244
2025-11-28,TSN,-0.015188023331303244
2025-11-28,TTWO,0.015188023331303244
2025-11-28,TYL,-0.015188023331303244
2025-11-28,UBER,0.015188023331303244
2025-11-28,UDR,-0.015188023331303244
2025-11-28,ULTA,0.015188023331303244
2025-11-28,UNH,-0.015188023331303244
2025-11-28,UPS,-0.015188023331303244
2025-11-28,VRSK,-0.015188023331303244
2025-11-28,VRSN,0.015188023331303244
2025-11-28,VTR,0.015188023331303244
2025-11-28,WBD,0.015188023331303244
2025-11-28,WDC,0.015188023331303244
2025-11-28,WEC,0.015188023331303244
2025-11-28,WELL,0.015188023331303244
2025-11-28,WY,-0.015188023331303244
2025-11-28,WYNN,0.015188023331303244
2025-11-28,XEL,0.015188023331303244
2025-11-28,XYL,0.015188023331303244
2025-11-28,ZBRA,-0.015188023331303244
2025-11-28,ZTS,-0.015188023331303244
2025-12-05,ABBV,0.015224108461723099
2025-12-05,ACN,-0.015224108461723099
2025-12-05,ADBE,-0.015224108461723099
2025-12-05,ADP,-0.015224108461723099
2025-12-05,AEE,0.015224108461723099
2025-12-05,AEP,0.015224108461723099
2025-12-05,ALGN,-0.015224108461723099
2025-12-05,ALLE,0.015224108461723099
2025-12-05,AMAT,0.015224108461723099
2025-12-05,AMCR,-0.015224108461723099
2025-12-05,AMD,0.015224108461723099
2025-12-05,AMP,-0.015224108461723099
2025-12-05,APD,-0.015224108461723099
2025-12-05,APH,0.015224108461723099
2025-12-05,APTV,0.015224108461723099
2025-12-05,ARE,-0.015224108461723099
2025-12-05,ATO,0.015224108461723099
2025-12-05,AVB,-0.015224108461723099
2025-12-05,AVGO,0.015224108461723099
2025-12-05,AXP,0.015224108461723099
2025-12-05,BA,0.015224108461723099
2025-12-05,BAX,-0.015224108461723099
2025-12-05,BFB,-0.015224108461723099
2025-12-05,BK,0.015224108461723099
2025-12-05,BLDR,-0.015224108461723099
2025-12-05,BRO,-0.015224108461723099
2025-12-05,C,0.015224108461723099
2025-12-05,CAG,-0.015224108461723099
2025-12-05,CAH,0.015224108461723099
2025-12-05,CARR,-0.015224108461723099
2025-12-05,CAT,0.015224108461723099
2025-12-05,CBOE,0.015224108461723099
2025-12-05,CHD,-0.015224108461723099
2025-12-05,CHRW,0.015224108461723099
2025-12-05,CHTR,-0.015224108461723099
2025-12-05,CL,-0.015224108461723099
2025-12-05,CLX,-0.015224108461723099
2025-12-05,CMCSA,-0.015224108461723099
2025-12-05,CMG,-0.015224108461723099
2025-12-05,CMI,0.015224108461723099
2025-12-05,CNP,0.015224108461723099
2025-12-05,COO,-0.015224108461723099
2025-12-05,COR,0.015224108461723099
2025-12-05,CPB,-0.015224108461723099
2025-12-05,CPRT,-0.015224108461723099
2025-12-05,CPT,-0.015224108461723099
2025-12-05,CRM,-0.015224108461723099
2025-12-05,CRWD,0.015224108461723099
2025-12-05,CSCO,0.015224108461723099
2025-12-05,CTAS,-0.015224108461723099
2025-12-05,CVS,0.015224108461723099
2025-12-05,DD,-0.015224108461723099
2025-12-05,DECK,-0.015224108461723099
2025-12-05,DLTR,0.015224108461723099
2025-12-05,DOC,-0.015224108461723099
2025-12-05,DOW,-0.015224108461723099
2025-12-05,DVA,-0.015224108461723099
2025-12-05,EBAY,0.015224108461723099
2025-12-05,EIX,-0.015224108461723099
2025-12-05,EPAM,-0.015224108461723099
2025-12-05,EQR,-0.015224108461723099
2025-12-05,EQT,0.015224108461723099
2025-12-05,ERIE,-0.015224108461723099
2025-12-05,EVRG,0.015224108461723099
2025-12-05,EXC,0.015224108461723099
2025-12-05,F,0.015224108461723099
2025-12-05,FAST,-0.015224108461723099
2025-12-05,FDS,-0.015224108461723099
2025-12-05,FE,0.015224108461723099
2025-12-05,FIS,-0.015224108461723099
2025-12-05,FOX,0.015224108461723099
2025-12-05,FOXA,0.015224108461723099
2025-12-05,FRT,-0.015224108461723099
2025-12-05,FTV,-0.015224108461723099
2025-12-05,GD,0.015224108461723099
2025-12-05,GDDY,-0.015224108461723099
2025-12-05,GE,0.015224108461723099
2025-12-05,GEV,0.015224108461723099
2025-12-05,GILD,0.015224108461723099
2025-12-05,GIS,-0.015224108461723099
2025-12-05,GL,0.015224108461723099
2025-12-05,GLW,0.015224108461723099
2025-12-05,GM,0.015224108461723099
2025-12-05,GOOG,0.015224108461723099
2025-12-05,GOOGL,0.015224108461723099
2025-12-05,GPN,-0.015224108461723099
2025-12-05,GS,0.015224108461723099
2025-12-05,GWW,-0.015224108461723099
2025-12-05,HCA,0.015224108461723099
2025-12-05,HII,0.015224108461723099
2025-12-05,HPQ,-0.015224108461723099
2025-12-05,HRL,-0.015224108461723099
2025-12-05,HWM,0.015224108461723099
2025-12-05,IBM,0.015224108461723099
2025-12-05,IDXX,0.015224108461723099
2025-12-05,IEX,-0.015224108461723099
2025-12-05,IFF,-0.015224108461723099
2025-12-05,INCY,0.015224108461723099
2025-12-05,INTC,0.015224108461723099
2025-12-05,INVH,-0.015224108461723099
2025-12-05,IP,-0.015224108461723099
2025-12-05,IR,-0.015224108461723099
2025-12-05,IT,-0.015224108461723099
2025-12-05,IVZ,0.015224108461723099
2025-12-05,JBL,0.015224108461723099
2025-12-05,JCI,0.015224108461723099
2025-12-05,JNJ,0.015224108461723099
2025-12-05,JPM,0.015224108461723099
2025-12-05,KDP,-0.015224108461723099
2025-12-05,KHC,-0.015224108461723099
2025-12-05,KIM,-0.015224108461723099
2025-12-05,KLAC,0.015224108461723099
2025-12-05,KMB,-0.015224108461723099
2025-12-05,KVUE,-0.015224108461723099
2025-12-05,L,0.015224108461723099
2025-12-05,LEN,-0.015224108461723099
2025-12-05,LHX,0.015224108461723099
2025-12-05,LKQ,-0.015224108461723099
2025-12-05,LRCX,0.015224108461723099
2025-12-05,LULU,-0.015224108461723099
2025-12-05,LYB,-0.015224108461723099
2025-12-05,MAA,-0.015224108461723099
2025-12-05,MAS,-0.015224108461723099
2025-12-05,MCK,0.015224108461723099
2025-12-05,MKC,-0.015224108461723099
2025-12-05,MMC,-0.015224108461723099
2025-12-05,MMM,0.015224108461723099
2025-12-05,MNST,0.015224108461723099
2025-12-05,MOH,-0.015224108461723099
2025-12-05,MPC,0.015224108461723099
2025-12-05,MPWR,0.015224108461723099
2025-12-05,MS,0.015224108461723099
2025-12-05,MSI,-0.015224108461723099
2025-12-05,MU,0.015224108461723099
2025-12-05,NEM,0.015224108461723099
2025-12-05,NI,0.015224108461723099
2025-12-05,NOC,0.015224108461723099
2025-12-05,NRG,0.015224108461723099
2025-12-05,NVR,-0.015224108461723099
2025-12-05,ODFL,-0.015224108461723099
2025-12-05,OKE,-0.015224108461723099
2025-12-05,OMC,-0.015224108461723099
2025-12-05,ORLY,-0.015224108461723099
2025-12-05,PANW,-0.015224108461723099
2025-12-05,PAYC,-0.015224108461723099
2025-12-05,PAYX,-0.015224108461723099
2025-12-05,PG,-0.015224108461723099
2025-12-05,PGR,-0.015224108461723099
2025-12-05,PH,0.015224108461723099
2025-12-05,PKG,-0.015224108461723099
2025-12-05,PLTR,0.015224108461723099
2025-12-05,POOL,-0.015224108461723099
2025-12-05,PPG,-0.015224108461723099
2025-12-05,PRU,-0.015224108461723099
2025-12-05,PWR,0.015224108461723099
2025-12-05,RL,0.015224108461723099
2025-12-05,ROK,0.015224108461723099
2025-12-05,ROL,0.015224108461723099
2025-12-05,ROP,-0.015224108461723099
2025-12-05,RTX,0.015224108461723099
2025-12-05,STE,0.015224108461723099
2025-12-05,STT,0.015224108461723099
2025-12-05,STX,0.015224108461723099
2025-12-05,STZ,-0.015224108461723099
2025-12-05,SW,-0.015224108461723099
2025-12-05,TAP,-0.015224108461723099
2025-12-05,TEL,0.015224108461723099
2025-12-05,TER,0.015224108461723099
2025-12-05,TGT,-0.015224108461723099
2025-12-05,TJX,0.015224108461723099
2025-12-05,TPR,0.015224108461723099
2025-12-05,TSCO,-0.015224108461723099
2025-12-05,TSN,-0.015224108461723099
2025-12-05,TTWO,0.015224108461723099
2025-12-05,TYL,-0.015224108461723099
2025-12-05,UBER,0.015224108461723099
2025-12-05,UDR,-0.015224108461723099
2025-12-05,ULTA,0.015224108461723099
2025-12-05,UNH,-0.015224108461723099
2025-12-05,UPS,-0.015224108461723099
2025-12-05,VLO,0.015224108461723099
2025-12-05,VRSK,-0.015224108461723099
2025-12-05,VRSN,0.015224108461723099
2025-12-05,VTR,0.015224108461723099
2025-12-05,WBD,0.015224108461723099
2025-12-05,WDC,0.015224108461723099
2025-12-05,WEC,0.015224108461723099
2025-12-05,WELL,0.015224108461723099
2025-12-05,WRB,0.015224108461723099
2025-12-05,WY,-0.015224108461723099
2025-12-05,XEL,0.015224108461723099
2025-12-05,XYL,0.015224108461723099
2025-12-05,ZBRA,-0.015224108461723099
2025-12-05,ZTS,-0.015224108461723099
2025-12-12,ABBV,0.015217982328454508
2025-12-12,ACN,-0.015217982328454508
2025-12-12,ADBE,-0.015217982328454508
2025-12-12,ADP,-0.015217982328454508
2025-12-12,AEE,0.015217982328454508
2025-12-12,AEP,0.015217982328454508
2025-12-12,ALGN,-0.015217982328454508
2025-12-12,AMD,0.015217982328454508
2025-12-12,AMGN,0.015217982328454508
2025-12-12,AMP,-0.015217982328454508
2025-12-12,APH,0.015217982328454508
2025-12-12,APTV,0.015217982328454508
2025-12-12,ARE,-0.015217982328454508
2025-12-12,ATO,0.015217982328454508
2025-12-12,AVB,-0.015217982328454508
2025-12-12,AVGO,0.015217982328454508
2025-12-12,BALL,-0.015217982328454508
2025-12-12,BAX,-0.015217982328454508
2025-12-12,BFB,-0.015217982328454508
2025-12-12,BK,0.015217982328454508
2025-12-12,BLDR,-0.015217982328454508
2025-12-12,BRO,-0.015217982328454508
2025-12-12,BX,-0.015217982328454508
2025-12-12,C,0.015217982328454508
2025-12-12,CAG,-0.015217982328454508
2025-12-12,CAH,0.015217982328454508
2025-12-12,CARR,-0.015217982328454508
2025-12-12,CAT,0.015217982328454508
2025-12-12,CBOE,0.015217982328454508
2025-12-12,CHD,-0.015217982328454508
2025-12-12,CHRW,0.015217982328454508
2025-12-12,CHTR,-0.015217982328454508
2025-12-12,CL,-0.015217982328454508
2025-12-12,CLX,-0.015217982328454508
2025-12-12,CMCSA,-0.015217982328454508
2025-12-12,CME,0.015217982328454508
2025-12-12,CMG,-0.015217982328454508
2025-12-12,CMI,0.015217982328454508
2025-12-12,CNC,-0.015217982328454508
2025-12-12,CNP,0.015217982328454508
2025-12-12,COO,-0.015217982328454508
2025-12-12,COR,0.015217982328454508
2025-12-12,CPAY,-0.015217982328454508
2025-12-12,CPB,-0.015217982328454508
2025-12-12,CPRT,-0.015217982328454508
2025-12-12,CPT,-0.015217982328454508
2025-12-12,CRM,-0.015217982328454508
2025-12-12,CRWD,0.015217982328454508
2025-12-12,CSCO,0.015217982328454508
2025-12-12,CVS,0.015217982328454508
2025-12-12,DD,-0.015217982328454508
2025-12-12,DECK,-0.015217982328454508
2025-12-12,DG,0.015217982328454508
2025-12-12,DGX,0.015217982328454508
2025-12-12,DLTR,0.015217982328454508
2025-12-12,DOC,-0.015217982328454508
2025-12-12,DOW,-0.015217982328454508
2025-12-12,DTE,0.015217982328454508
2025-12-12,EBAY,0.015217982328454508
2025-12-12,EFX,-0.015217982328454508
2025-12-12,EIX,-0.015217982328454508
2025-12-12,EPAM,-0.015217982328454508
2025-12-12,EQIX,-0.015217982328454508
2025-12-12,EQR,-0.015217982328454508
2025-12-12,EQT,0.015217982328454508
2025-12-12,ERIE,-0.015217982328454508
2025-12-12,ES,0.015217982328454508
2025-12-12,ETR,-0.015217982328454508
2025-12-12,EVRG,0.015217982328454508
2025-12-12,EXC,0.015217982328454508
2025-12-12,EXPE,0.015217982328454508
2025-12-12,F,0.015217982328454508
2025-12-12,FAST,-0.015217982328454508
2025-12-12,FDS,-0.015217982328454508
2025-12-12,FE,0.015217982328454508
2025-12-12,FIS,-0.015217982328454508
2025-12-12,FOX,0.015217982328454508
2025-12-12,FOXA,0.015217982328454508
2025-12-12,FRT,-0.015217982328454508
2025-12-12,FTV,-0.015217982328454508
2025-12-12,GD,0.015217982328454508
2025-12-12,GDDY,-0.015217982328454508
2025-12-12,GE,0.015217982328454508
2025-12-12,GEV,0.015217982328454508
2025-12-12,GILD,0.015217982328454508
2025-12-12,GIS,-0.015217982328454508
2025-12-12,GL,0.015217982328454508
2025-12-12,GLW,0.015217982328454508
2025-12-12,GM,0.015217982328454508
2025-12-12,GOOG,0.015217982328454508
2025-12-12,GOOGL,0.015217982328454508
2025-12-12,GPN,-0.015217982328454508
2025-12-12,GS,0.015217982328454508
2025-12-12,GWW,-0.015217982328454508
2025-12-12,HCA,0.015217982328454508
2025-12-12,HIG,0.015217982328454508
2025-12-12,HII,0.015217982328454508
2025-12-12,HPQ,-0.015217982328454508
2025-12-12,HRL,-0.015217982328454508
2025-12-12,HWM,0.015217982328454508
2025-12-12,IBM,0.015217982328454508
2025-12-12,IDXX,0.015217982328454508
2025-12-12,IEX,-0.015217982328454508
2025-12-12,IFF,-0.015217982328454508
2025-12-12,INCY,0.015217982328454508
2025-12-12,INTC,0.015217982328454508
2025-12-12,INVH,-0.015217982328454508
2025-12-12,IP,-0.015217982328454508
2025-12-12,IR,-0.015217982328454508
2025-12-12,IT,-0.015217982328454508
2025-12-12,JBL,0.015217982328454508
2025-12-12,JCI,0.015217982328454508
2025-12-12,JNJ,0.015217982328454508
2025-12-12,JPM,0.015217982328454508
2025-12-12,KDP,-0.015217982328454508
2025-12-12,KHC,-0.015217982328454508
2025-12-12,KIM,-0.015217982328454508
2025-12-12,KLAC,0.015217982328454508
2025-12-12,KMB,-0.015217982328454508
2025-12-12,L,0.015217982328454508
2025-12-12,LDOS,0.015217982328454508
2025-12-12,LEN,-0.015217982328454508
2025-12-12,LHX,0.015217982328454508
2025-12-12,LRCX,0.015217982328454508
2025-12-12,LULU,-0.015217982328454508
2025-12-12,LYB,-0.015217982328454508
2025-12-12,MAA,-0.015217982328454508
2025-12-12,MAS,-0.015217982328454508
2025-12-12,MCK,0.015217982328454508
2025-12-12,MKC,-0.015217982328454508
2025-12-12,MMC,-0.015217982328454508
2025-12-12,MMM,0.015217982328454508
2025-12-12,MNST,0.015217982328454508
2025-12-12,MOH,-0.015217982328454508
2025-12-12,MPC,0.015217982328454508
2025-12-12,MPWR,0.015217982328454508
2025-12-12,MS,0.015217982328454508
2025-12-12,MSI,-0.015217982328454508
2025-12-12,MU,0.015217982328454508
2025-12-12,NEM,0.015217982328454508
2025-12-12,NI,0.015217982328454508
2025-12-12,NOW,-0.015217982328454508
2025-12-12,NRG,0.015217982328454508
2025-12-12,NVR,-0.015217982328454508
2025-12-12,ODFL,-0.015217982328454508
2025-12-12,OKE,-0.015217982328454508
2025-12-12,OMC,-0.015217982328454508
2025-12-12,ORLY,-0.015217982328454508
2025-12-12,PANW,-0.015217982328454508
2025-12-12,PAYC,-0.015217982328454508
2025-12-12,PAYX,-0.015217982328454508
2025-12-12,PG,-0.015217982328454508
2025-12-12,PH,0.015217982328454508
2025-12-12,PKG,-0.015217982328454508
2025-12-12,PLTR,0.015217982328454508
2025-12-12,POOL,-0.015217982328454508
2025-12-12,PPG,-0.015217982328454508
2025-12-12,PPL,0.015217982328454508
2025-12-12,PYPL,-0.015217982328454508
2025-12-12,RL,0.015217982328454508
2025-12-12,ROL,0.015217982328454508
2025-12-12,ROP,-0.015217982328454508
2025-12-12,RTX,0.015217982328454508
2025-12-12,STE,0.015217982328454508
2025-12-12,STX,0.015217982328454508
2025-12-12,STZ,-0.015217982328454508
2025-12-12,SW,-0.015217982328454508
2025-12-12,TAP,-0.015217982328454508
2025-12-12,TEL,0.015217982328454508
2025-12-12,TGT,-0.015217982328454508
2025-12-12,TJX,0.015217982328454508
2025-12-12,TPR,0.015217982328454508
2025-12-12,TRV,0.015217982328454508
2025-12-12,TSCO,-0.015217982328454508
2025-12-12,TTWO,0.015217982328454508
2025-12-12,TYL,-0.015217982328454508
2025-12-12,UBER,0.015217982328454508
2025-12-12,UDR,-0.015217982328454508
2025-12-12,UNH,-0.015217982328454508
2025-12-12,UPS,-0.015217982328454508
2025-12-12,VLO,0.015217982328454508
2025-12-12,VRSK,-0.015217982328454508
2025-12-12,VRSN,0.015217982328454508
2025-12-12,VTR,0.015217982328454508
2025-12-12,WBD,0.015217982328454508
2025-12-12,WDC,0.015217982328454508
2025-12-12,WEC,0.015217982328454508
2025-12-12,WELL,0.015217982328454508
2025-12-12,WRB,0.015217982328454508
2025-12-12,WY,-0.015217982328454508
2025-12-12,XEL,0.015217982328454508
2025-12-12,XYL,0.015217982328454508
2025-12-12,ZBRA,-0.015217982328454508
2025-12-12,ZTS,-0.015217982328454508
2025-12-19,ABBV,0.015200844251847452
2025-12-19,ACN,-0.015200844251847452
2025-12-19,ADBE,-0.015200844251847452
2025-12-19,ADP,-0.015200844251847452
2025-12-19,AEE,0.015200844251847452
2025-12-19,AEP,0.015200844251847452
2025-12-19,ALGN,-0.015200844251847452
2025-12-19,ALLE,0.015200844251847452
2025-12-19,AMD,0.015200844251847452
2025-12-19,AMGN,0.015200844251847452
2025-12-19,AMP,-0.015200844251847452
2025-12-19,APH,0.015200844251847452
2025-12-19,ARE,-0.015200844251847452
2025-12-19,ATO,0.015200844251847452
2025-12-19,AVB,-0.015200844251847452
2025-12-19,AVGO,0.015200844251847452
2025-12-19,BAX,-0.015200844251847452
2025-12-19,BFB,-0.015200844251847452
2025-12-19,BK,0.015200844251847452
2025-12-19,BLDR,-0.015200844251847452
2025-12-19,BMY,-0.015200844251847452
2025-12-19,BRO,-0.015200844251847452
2025-12-19,C,0.015200844251847452
2025-12-19,CAG,-0.015200844251847452
2025-12-19,CAH,0.015200844251847452
2025-12-19,CARR,-0.015200844251847452
2025-12-19,CAT,0.015200844251847452
2025-12-19,CBOE,0.015200844251847452
2025-12-19,CDW,-0.015200844251847452
2025-12-19,CHD,-0.015200844251847452
2025-12-19,CHRW,0.015200844251847452
2025-12-19,CHTR,-0.015200844251847452
2025-12-19,CL,-0.015200844251847452
2025-12-19,CLX,-0.015200844251847452
2025-12-19,CMCSA,-0.015200844251847452
2025-12-19,CMG,-0.015200844251847452
2025-12-19,CMI,0.015200844251847452
2025-12-19,CNC,-0.015200844251847452
2025-12-19,CNP,0.015200844251847452
2025-12-19,COO,-0.015200844251847452
2025-12-19,COR,0.015200844251847452
2025-12-19,CPB,-0.015200844251847452
2025-12-19,CPRT,-0.015200844251847452
2025-12-19,CRM,-0.015200844251847452
2025-12-19,CRWD,0.015200844251847452
2025-12-19,CSCO,0.015200844251847452
2025-12-19,CVS,0.015200844251847452
2025-12-19,DD,-0.015200844251847452
2025-12-19,DECK,-0.015200844251847452
2025-12-19,DG,0.015200844251847452
2025-12-19,DGX,0.015200844251847452
2025-12-19,DLTR,0.015200844251847452
2025-12-19,DOW,-0.015200844251847452
2025-12-19,DVA,-0.015200844251847452
2025-12-19,EA,0.015200844251847452
2025-12-19,EIX,-0.015200844251847452
2025-12-19,EPAM,-0.015200844251847452
2025-12-19,EQIX,-0.015200844251847452
2025-12-19,EQR,-0.015200844251847452
2025-12-19,ERIE,-0.015200844251847452
2025-12-19,EVRG,0.015200844251847452
2025-12-19,EXC,0.015200844251847452
2025-12-19,EXPD,0.015200844251847452
2025-12-19,F,0.015200844251847452
2025-12-19,FAST,-0.015200844251847452
2025-12-19,FDS,-0.015200844251847452
2025-12-19,FE,0.015200844251847452
2025-12-19,FIS,-0.015200844251847452
2025-12-19,FOX,0.015200844251847452
2025-12-19,FOXA,0.015200844251847452
2025-12-19,FTV,-0.015200844251847452
2025-12-19,GD,0.015200844251847452
2025-12-19,GDDY,-0.015200844251847452
2025-12-19,GE,0.015200844251847452
2025-12-19,GEV,0.015200844251847452
2025-12-19,GILD,0.015200844251847452
2025-12-19,GIS,-0.015200844251847452
2025-12-19,GL,0.015200844251847452
2025-12-19,GLW,0.015200844251847452
2025-12-19,GM,0.015200844251847452
2025-12-19,GOOG,0.015200844251847452
2025-12-19,GOOGL,0.015200844251847452
2025-12-19,GPN,-0.015200844251847452
2025-12-19,GS,0.015200844251847452
2025-12-19,GWW,-0.015200844251847452
2025-12-19,HAS,0.015200844251847452
2025-12-19,HCA,0.015200844251847452
2025-12-19,HIG,0.015200844251847452
2025-12-19,HII,0.015200844251847452
2025-12-19,HON,-0.015200844251847452
2025-12-19,HPQ,-0.015200844251847452
2025-12-19,HRL,-0.015200844251847452
2025-12-19,HWM,0.015200844251847452
2025-12-19,IBM,0.015200844251847452
2025-12-19,IDXX,0.015200844251847452
2025-12-19,IEX,-0.015200844251847452
2025-12-19,IFF,-0.015200844251847452
2025-12-19,INCY,0.015200844251847452
2025-12-19,INTC,0.015200844251847452
2025-12-19,INVH,-0.015200844251847452
2025-12-19,IP,-0.015200844251847452
2025-12-19,IR,-0.015200844251847452
2025-12-19,IT,-0.015200844251847452
2025-12-19,JCI,0.015200844251847452
2025-12-19,JNJ,0.015200844251847452
2025-12-19,JPM,0.015200844251847452
2025-12-19,KDP,-0.015200844251847452
2025-12-19,KHC,-0.015200844251847452
2025-12-19,KIM,-0.015200844251847452
2025-12-19,KLAC,0.015200844251847452
2025-12-19,KMB,-0.015200844251847452
2025-12-19,KVUE,-0.015200844251847452
2025-12-19,L,0.015200844251847452
2025-12-19,LDOS,0.015200844251847452
2025-12-19,LHX,0.015200844251847452
2025-12-19,LNT,0.015200844251847452
2025-12-19,LRCX,0.015200844251847452
2025-12-19,LULU,-0.015200844251847452
2025-12-19,LYB,-0.015200844251847452
2025-12-19,MAA,-0.015200844251847452
2025-12-19,MAS,-0.015200844251847452
2025-12-19,MCK,0.015200844251847452
2025-12-19,MDT,0.015200844251847452
2025-12-19,MKC,-0.015200844251847452
2025-12-19,MMC,-0.015200844251847452
2025-12-19,MMM,0.015200844251847452
2025-12-19,MNST,0.015200844251847452
2025-12-19,MOH,-0.015200844251847452
2025-12-19,MPC,0.015200844251847452
2025-12-19,MRNA,-0.015200844251847452
2025-12-19,MS,0.015200844251847452
2025-12-19,MSI,-0.015200844251847452
2025-12-19,MU,0.015200844251847452
2025-12-19,NCLH,-0.015200844251847452
2025-12-19,NEM,0.015200844251847452
2025-12-19,NFLX,-0.015200844251847452
2025-12-19,NI,0.015200844251847452
2025-12-19,NOW,-0.015200844251847452
2025-12-19,NRG,0.015200844251847452
2025-12-19,NSC,0.015200844251847452
2025-12-19,ODFL,-0.015200844251847452
2025-12-19,OKE,-0.015200844251847452
2025-12-19,OMC,-0.015200844251847452
2025-12-19,ORLY,-0.015200844251847452
2025-12-19,PAYC,-0.015200844251847452
2025-12-19,PAYX,-0.015200844251847452
2025-12-19,PCG,-0.015200844251847452
2025-12-19,PG,-0.015200844251847452
2025-12-19,PH,0.015200844251847452
2025-12-19,PKG,-0.015200844251847452
2025-12-19,PLTR,0.015200844251847452
2025-12-19,PM,0.015200844251847452
2025-12-19,POOL,-0.015200844251847452
2025-12-19,PPG,-0.015200844251847452
2025-12-19,PYPL,-0.015200844251847452
2025-12-19,RL,0.015200844251847452
2025-12-19,ROL,0.015200844251847452
2025-12-19,ROP,-0.015200844251847452
2025-12-19,RTX,0.015200844251847452
2025-12-19,SCHW,0.015200844251847452
2025-12-19,STE,0.015200844251847452
2025-12-19,STLD,0.015200844251847452
2025-12-19,STX,0.015200844251847452
2025-12-19,STZ,-0.015200844251847452
2025-12-19,SW,-0.015200844251847452
2025-12-19,SWKS,-0.015200844251847452
2025-12-19,TAP,-0.015200844251847452
2025-12-19,TEL,0.015200844251847452
2025-12-19,TGT,-0.015200844251847452
2025-12-19,TJX,0.015200844251847452
2025-12-19,TPR,0.015200844251847452
2025-12-19,TRV,0.015200844251847452
2025-12-19,TSCO,-0.015200844251847452
2025-12-19,TTWO,0.015200844251847452
2025-12-19,TYL,-0.015200844251847452
2025-12-19,UBER,0.015200844251847452
2025-12-19,UDR,-0.015200844251847452
2025-12-19,UNH,-0.015200844251847452
2025-12-19,UPS,-0.015200844251847452
2025-12-19,VLO,0.015200844251847452
2025-12-19,VRSK,-0.015200844251847452
2025-12-19,VRSN,0.015200844251847452
2025-12-19,VTR,0.015200844251847452
2025-12-19,WBD,0.015200844251847452
2025-12-19,WDC,0.015200844251847452
2025-12-19,WEC,0.015200844251847452
2025-12-19,WELL,0.015200844251847452
2025-12-19,WRB,0.015200844251847452
2025-12-19,WY,-0.015200844251847452
2025-12-19,XEL,0.015200844251847452
2025-12-19,ZBRA,-0.015200844251847452
2025-12-19,ZTS,-0.015200844251847452
2025-12-26,ACN,-0.014944619727273777
2025-12-26,ADBE,-0.014944619727273777
2025-12-26,ADP,-0.014944619727273777
2025-12-26,AEE,0.014944619727273777
2025-12-26,AEP,0.014944619727273777
2025-12-26,ALGN,-0.014944619727273777
2025-12-26,ALLE,0.014944619727273777
2025-12-26,AMAT,0.014944619727273777
2025-12-26,AMD,0.014944619727273777
2025-12-26,AMGN,0.014944619727273777
2025-12-26,AMP,-0.014944619727273777
2025-12-26,APH,0.014944619727273777
2025-12-26,APO,-0.014944619727273777
2025-12-26,ARE,-0.014944619727273777
2025-12-26,ATO,0.014944619727273777
2025-12-26,AVB,-0.014944619727273777
2025-12-26,AVGO,0.014944619727273777
2025-12-26,BAX,-0.014944619727273777
2025-12-26,BFB,-0.014944619727273777
2025-12-26,BK,0.014944619727273777
2025-12-26,BRO,-0.014944619727273777
2025-12-26,C,0.014944619727273777
2025-12-26,CAG,-0.014944619727273777
2025-12-26,CAH,0.014944619727273777
2025-12-26,CARR,-0.014944619727273777
2025-12-26,CAT,0.014944619727273777
2025-12-26,CBOE,0.014944619727273777
2025-12-26,CDW,-0.014944619727273777
2025-12-26,CEG,0.014944619727273777
2025-12-26,CHD,-0.014944619727273777
2025-12-26,CHRW,0.014944619727273777
2025-12-26,CHTR,-0.014944619727273777
2025-12-26,CL,-0.014944619727273777
2025-12-26,CLX,-0.014944619727273777
2025-12-26,CMCSA,-0.014944619727273777
2025-12-26,CME,0.014944619727273777
2025-12-26,CMG,-0.014944619727273777
2025-12-26,CMI,0.014944619727273777
2025-12-26,CNC,-0.014944619727273777
2025-12-26,CNP,0.014944619727273777
2025-12-26,COR,0.014944619727273777
2025-12-26,CPB,-0.014944619727273777
2025-12-26,CPRT,-0.014944619727273777
2025-12-26,CRM,-0.014944619727273777
2025-12-26,CSCO,0.014944619727273777
2025-12-26,CVS,0.014944619727273777
2025-12-26,DD,-0.014944619727273777
2025-12-26,DECK,-0.014944619727273777
2025-12-26,DG,0.014944619727273777
2025-12-26,DGX,0.014944619727273777
2025-12-26,DLTR,0.014944619727273777
2025-12-26,DOW,-0.014944619727273777
2025-12-26,DVA,-0.014944619727273777
2025-12-26,EFX,-0.014944619727273777
2025-12-26,EG,-0.014944619727273777
2025-12-26,EIX,-0.014944619727273777
2025-12-26,EPAM,-0.014944619727273777
2025-12-26,EQIX,-0.014944619727273777
2025-12-26,EQR,-0.014944619727273777
2025-12-26,ERIE,-0.014944619727273777
2025-12-26,EVRG,0.014944619727273777
2025-12-26,EXC,0.014944619727273777
2025-12-26,EXPD,0.014944619727273777
2025-12-26,F,0.014944619727273777
2025-12-26,FAST,-0.014944619727273777
2025-12-26,FDS,-0.014944619727273777
2025-12-26,FE,0.014944619727273777
2025-12-26,FIS,-0.014944619727273777
2025-12-26,FOXA,0.014944619727273777
2025-12-26,FRT,-0.014944619727273777
2025-12-26,FTV,-0.014944619727273777
2025-12-26,GD,0.014944619727273777
2025-12-26,GDDY,-0.014944619727273777
2025-12-26,GE,0.014944619727273777
2025-12-26,GEV,0.014944619727273777
2025-12-26,GILD,0.014944619727273777
2025-12-26,GIS,-0.014944619727273777
2025-12-26,GL,0.014944619727273777
2025-12-26,GLW,0.014944619727273777
2025-12-26,GM,0.014944619727273777
2025-12-26,GOOG,0.014944619727273777
2025-12-26,GOOGL,0.014944619727273777
2025-12-26,GPN,-0.014944619727273777
2025-12-26,GS,0.014944619727273777
2025-12-26,GWW,-0.014944619727273777
2025-12-26,HAS,0.014944619727273777
2025-12-26,HCA,0.014944619727273777
2025-12-26,HIG,0.014944619727273777
2025-12-26,HII,0.014944619727273777
2025-12-26,HON,-0.014944619727273777
2025-12-26,HPQ,-0.014944619727273777
2025-12-26,HRL,-0.014944619727273777
2025-12-26,HWM,0.014944619727273777
2025-12-26,IBM,0.014944619727273777
2025-12-26,IDXX,0.014944619727273777
2025-12-26,IEX,-0.014944619727273777
2025-12-26,IFF,-0.014944619727273777
2025-12-26,INCY,0.014944619727273777
2025-12-26,INTC,0.014944619727273777
2025-12-26,INVH,-0.014944619727273777
2025-12-26,IP,-0.014944619727273777
2025-12-26,IRM,-0.014944619727273777
2025-12-26,IT,-0.014944619727273777
2025-12-26,JBL,0.014944619727273777
2025-12-26,JCI,0.014944619727273777
2025-12-26,JNJ,0.014944619727273777
2025-12-26,JPM,0.014944619727273777
2025-12-26,KDP,-0.014944619727273777
2025-12-26,KHC,-0.014944619727273777
2025-12-26,KIM,-0.014944619727273777
2025-12-26,KKR,-0.014944619727273777
2025-12-26,KLAC,0.014944619727273777
2025-12-26,KMB,-0.014944619727273777
2025-12-26,L,0.014944619727273777
2025-12-26,LDOS,0.014944619727273777
2025-12-26,LHX,0.014944619727273777
2025-12-26,LII,-0.014944619727273777
2025-12-26,LNT,0.014944619727273777
2025-12-26,LRCX,0.014944619727273777
2025-12-26,LULU,-0.014944619727273777
2025-12-26,LYB,-0.014944619727273777
2025-12-26,MAA,-0.014944619727273777
2025-12-26,MCK,0.014944619727273777
2025-12-26,MDT,0.014944619727273777
2025-12-26,MKC,-0.014944619727273777
2025-12-26,MMC,-0.014944619727273777
2025-12-26,MMM,0.014944619727273777
2025-12-26,MNST,0.014944619727273777
2025-12-26,MOH,-0.014944619727273777
2025-12-26,MPC,0.014944619727273777
2025-12-26,MRNA,-0.014944619727273777
2025-12-26,MS,0.014944619727273777
2025-12-26,MSI,-0.014944619727273777
2025-12-26,MU,0.014944619727273777
2025-12-26,NCLH,-0.014944619727273777
2025-12-26,NEM,0.014944619727273777
2025-12-26,NFLX,-0.014944619727273777
2025-12-26,NI,0.014944619727273777
2025-12-26,NOW,-0.014944619727273777
2025-12-26,NRG,0.014944619727273777
2025-12-26,NSC,0.014944619727273777
2025-12-26,ODFL,-0.014944619727273777
2025-12-26,OKE,-0.014944619727273777
2025-12-26,OMC,-0.014944619727273777
2025-12-26,ORLY,-0.014944619727273777
2025-12-26,PAYC,-0.014944619727273777
2025-12-26,PAYX,-0.014944619727273777
2025-12-26,PCG,-0.014944619727273777
2025-12-26,PG,-0.014944619727273777
2025-12-26,PH,0.014944619727273777
2025-12-26,PLTR,0.014944619727273777
2025-12-26,PM,0.014944619727273777
2025-12-26,POOL,-0.014944619727273777
2025-12-26,PPG,-0.014944619727273777
2025-12-26,PWR,0.014944619727273777
2025-12-26,PYPL,-0.014944619727273777
2025-12-26,RL,0.014944619727273777
2025-12-26,ROL,0.014944619727273777
2025-12-26,ROP,-0.014944619727273777
2025-12-26,RTX,0.014944619727273777
2025-12-26,STE,0.014944619727273777
2025-12-26,STLD,0.014944619727273777
2025-12-26,STX,0.014944619727273777
2025-12-26,STZ,-0.014944619727273777
2025-12-26,SW,-0.014944619727273777
2025-12-26,SWKS,-0.014944619727273777
2025-12-26,TAP,-0.014944619727273777
2025-12-26,TEL,0.014944619727273777
2025-12-26,TGT,-0.014944619727273777
2025-12-26,TJX,0.014944619727273777
2025-12-26,TPL,-0.014944619727273777
2025-12-26,TPR,0.014944619727273777
2025-12-26,TRV,0.014944619727273777
2025-12-26,TTWO,0.014944619727273777
2025-12-26,TYL,-0.014944619727273777
2025-12-26,UBER,0.014944619727273777
2025-12-26,UDR,-0.014944619727273777
2025-12-26,UHS,0.014944619727273777
2025-12-26,UNH,-0.014944619727273777
2025-12-26,UPS,-0.014944619727273777
2025-12-26,VLO,0.014944619727273777
2025-12-26,VRSK,-0.014944619727273777
2025-12-26,VRSN,0.014944619727273777
2025-12-26,VTR,0.014944619727273777
2025-12-26,WBD,0.014944619727273777
2025-12-26,WDAY,-0.014944619727273777
2025-12-26,WDC,0.014944619727273777
2025-12-26,WEC,0.014944619727273777
2025-12-26,WELL,0.014944619727273777
2025-12-26,WRB,0.014944619727273777
2025-12-26,WY,-0.014944619727273777
2025-12-26,XEL,0.014944619727273777
2025-12-26,ZBRA,-0.014944619727273777
2025-12-26,ZTS,-0.014944619727273777
2026-01-02,ABBV,0.016545631336136585
2026-01-02,ACN,-0.016545631336136585
2026-01-02,ADBE,-0.016545631336136585
2026-01-02,ADP,-0.016545631336136585
2026-01-02,AEP,0.016545631336136585
2026-01-02,ALGN,-0.016545631336136585
2026-01-02,ALLE,0.016545631336136585
2026-01-02,AMAT,0.016545631336136585
2026-01-02,AMD,0.016545631336136585
2026-01-02,AMGN,0.016545631336136585
2026-01-02,AMP,-0.016545631336136585
2026-01-02,APH,0.016545631336136585
2026-01-02,APO,-0.016545631336136585
2026-01-02,ARE,-0.016545631336136585
2026-01-02,ATO,0.016545631336136585
2026-01-02,AVB,-0.016545631336136585
2026-01-02,AVGO,0.016545631336136585
2026-01-02,BAX,-0.016545631336136585
2026-01-02,BDX,-0.016545631336136585
2026-01-02,BFB,-0.016545631336136585
2026-01-02,BK,0.016545631336136585
2026-01-02,BLDR,-0.016545631336136585
2026-01-02,BRO,-0.016545631336136585
2026-01-02,C,0.016545631336136585
2026-01-02,CAG,-0.016545631336136585
2026-01-02,CAH,0.016545631336136585
2026-01-02,CARR,-0.016545631336136585
2026-01-02,CAT,0.016545631336136585
2026-01-02,CBOE,0.016545631336136585
2026-01-02,CDW,-0.016545631336136585
2026-01-02,CHD,-0.016545631336136585
2026-01-02,CHRW,0.016545631336136585
2026-01-02,CHTR,-0.016545631336136585
2026-01-02,CL,-0.016545631336136585
2026-01-02,CLX,-0.016545631336136585
2026-01-02,CMCSA,-0.016545631336136585
2026-01-02,CME,0.016545631336136585
2026-01-02,CMG,-0.016545631336136585
2026-01-02,CMI,0.016545631336136585
2026-01-02,CNC,-0.016545631336136585
2026-01-02,CNP,0.016545631336136585
2026-01-02,COR,0.016545631336136585
2026-01-02,CPB,-0.016545631336136585
2026-01-02,CPRT,-0.016545631336136585
2026-01-02,CRM,-0.016545631336136585
2026-01-02,CRWD,0.016545631336136585
2026-01-02,CSCO,0.016545631336136585
2026-01-02,CVS,0.016545631336136585
2026-01-02,DD,-0.016545631336136585
2026-01-02,DECK,-0.016545631336136585
2026-01-02,DG,0.016545631336136585
2026-01-02,DGX,0.016545631336136585
2026-01-02,DLTR,0.016545631336136585
2026-01-02,DOC,-0.016545631336136585
2026-01-02,DOW,-0.016545631336136585
2026-01-02,DVA,-0.016545631336136585
2026-01-02,EA,0.016545631336136585
2026-01-02,EFX,-0.016545631336136585
2026-01-02,EG,-0.016545631336136585
2026-01-02,EIX,-0.016545631336136585
2026-01-02,EQIX,-0.016545631336136585
2026-01-02,EQR,-0.016545631336136585
2026-01-02,ERIE,-0.016545631336136585
2026-01-02,EVRG,0.016545631336136585
2026-01-02,EXPD,0.016545631336136585
2026-01-02,F,0.016545631336136585
2026-01-02,FAST,-0.016545631336136585
2026-01-02,FDS,-0.016545631336136585
2026-01-02,FIS,-0.016545631336136585
2026-01-02,FOX,0.016545631336136585
2026-01-02,FOXA,0.016545631336136585
2026-01-02,FRT,-0.016545631336136585
2026-01-02,FTV,-0.016545631336136585
2026-01-02,GD,0.016545631336136585
2026-01-02,GDDY,-0.016545631336136585
2026-01-02,GE,0.016545631336136585
2026-01-02,GEV,0.016545631336136585
2026-01-02,GILD,0.016545631336136585
2026-01-02,GIS,-0.016545631336136585
2026-01-02,GLW,0.016545631336136585
2026-01-02,GM,0.016545631336136585
2026-01-02,GOOG,0.016545631336136585
2026-01-02,GOOGL,0.016545631336136585
2026-01-02,GPN,-0.016545631336136585
2026-01-02,GS,0.016545631336136585
2026-01-02,HAS,0.016545631336136585
2026-01-02,HCA,0.016545631336136585
2026-01-02,HIG,0.016545631336136585
2026-01-02,HII,0.016545631336136585
2026-01-02,HON,-0.016545631336136585
2026-01-02,HPQ,-0.016545631336136585
2026-01-02,HRL,-0.016545631336136585
2026-01-02,HWM,0.016545631336136585
2026-01-02,IBM,0.016545631336136585
2026-01-02,IDXX,0.016545631336136585
2026-01-02,IEX,-0.016545631336136585
2026-01-02,IFF,-0.016545631336136585
2026-01-02,INCY,0.016545631336136585
2026-01-02,INTC,0.016545631336136585
2026-01-02,INVH,-0.016545631336136585
2026-01-02,IP,-0.016545631336136585
2026-01-02,IRM,-0.016545631336136585
2026-01-02,IT,-0.016545631336136585
2026-01-02,IVZ,0.016545631336136585
2026-01-02,JBL,0.016545631336136585
2026-01-02,JCI,0.016545631336136585
2026-01-02,JNJ,0.016545631336136585
2026-01-02,JPM,0.016545631336136585
2026-01-02,KHC,-0.016545631336136585
2026-01-02,KIM,-0.016545631336136585
2026-01-02,KLAC,0.016545631336136585
2026-01-02,KMB,-0.016545631336136585
2026-01-02,KVUE,-0.016545631336136585
2026-01-02,L,0.016545631336136585
2026-01-02,LDOS,0.016545631336136585
2026-01-02,LHX,0.016545631336136585
2026-01-02,LII,-0.016545631336136585
2026-01-02,LRCX,0.016545631336136585
2026-01-02,LULU,-0.016545631336136585
2026-01-02,LYB,-0.016545631336136585
2026-01-02,MAA,-0.016545631336136585
2026-01-02,MCK,0.016545631336136585
2026-01-02,MDT,0.016545631336136585
2026-01-02,MKC,-0.016545631336136585
2026-01-02,MLM,0.016545631336136585
2026-01-02,MMC,-0.016545631336136585
2026-01-02,MMM,0.016545631336136585
2026-01-02,MNST,0.016545631336136585
2026-01-02,MOH,-0.016545631336136585
2026-01-02,MPWR,0.016545631336136585
2026-01-02,MRNA,-0.016545631336136585
2026-01-02,MS,0.016545631336136585
2026-01-02,MSI,-0.016545631336136585
2026-01-02,MU,0.016545631336136585
2026-01-02,NCLH,-0.016545631336136585
2026-01-02,NEM,0.016545631336136585
2026-01-02,NFLX,-0.016545631336136585
2026-01-02,NOW,-0.016545631336136585
2026-01-02,NRG,0.016545631336136585
2026-01-02,NSC,0.016545631336136585
2026-01-02,NTRS,0.016545631336136585
2026-01-02,NUE,0.016545631336136585
2026-01-02,OKE,-0.016545631336136585
2026-01-02,OMC,-0.016545631336136585
2026-01-02,ORLY,-0.016545631336136585
2026-01-02,PAYC,-0.016545631336136585
2026-01-02,PAYX,-0.016545631336136585
2026-01-02,PCG,-0.016545631336136585
2026-01-02,PG,-0.016545631336136585
2026-01-02,PH,0.016545631336136585
2026-01-02,PKG,-0.016545631336136585
2026-01-02,PLTR,0.016545631336136585
2026-01-02,POOL,-0.016545631336136585
2026-01-02,PPG,-0.016545631336136585
2026-01-02,PWR,0.016545631336136585
2026-01-02,PYPL,-0.016545631336136585
2026-01-02,RL,0.016545631336136585
2026-01-02,ROK,0.016545631336136585
2026-01-02,ROL,0.016545631336136585
2026-01-02,ROP,-0.016545631336136585
2026-01-02,RTX,0.016545631336136585
2026-01-02,SCHW,0.016545631336136585
2026-01-02,STE,0.016545631336136585
2026-01-02,STLD,0.016545631336136585
2026-01-02,STX,0.016545631336136585
2026-01-02,STZ,-0.016545631336136585
2026-01-02,SW,-0.016545631336136585
2026-01-02,SWKS,-0.016545631336136585
2026-01-02,TAP,-0.016545631336136585
2026-01-02,TEL,0.016545631336136585
2026-01-02,TER,0.016545631336136585
2026-01-02,TGT,-0.016545631336136585
2026-01-02,TJX,0.016545631336136585
2026-01-02,TPL,-0.016545631336136585
2026-01-02,TPR,0.016545631336136585
2026-01-02,TTWO,0.016545631336136585
2026-01-02,TYL,-0.016545631336136585
2026-01-02,UBER,0.016545631336136585
2026-01-02,UDR,-0.016545631336136585
2026-01-02,UNH,-0.016545631336136585
2026-01-02,UPS,-0.016545631336136585
2026-01-02,VLO,0.016545631336136585
2026-01-02,VRSK,-0.016545631336136585
2026-01-02,VTR,0.016545631336136585
2026-01-02,WBD,0.016545631336136585
2026-01-02,WDAY,-0.016545631336136585
2026-01-02,WDC,0.016545631336136585
2026-01-02,WELL,0.016545631336136585
2026-01-02,WFC,0.016545631336136585
2026-01-02,WMT,0.016545631336136585
2026-01-02,WY,-0.016545631336136585
2026-01-02,WYNN,0.016545631336136585
2026-01-02,ZBRA,-0.016545631336136585
2026-01-02,ZTS,-0.016545631336136585
2026-01-09,ACN,-0.016790672701671273
2026-01-09,ADBE,-0.016790672701671273
2026-01-09,ADP,-0.016790672701671273
2026-01-09,AEP,0.016790672701671273
2026-01-09,AJG,-0.016790672701671273
2026-01-09,ALGN,-0.016790672701671273
2026-01-09,ALLE,0.016790672701671273
2026-01-09,AMAT,0.016790672701671273
2026-01-09,AMCR,-0.016790672701671273
2026-01-09,AMD,0.016790672701671273
2026-01-09,APD,-0.016790672701671273
2026-01-09,APH,0.016790672701671273
2026-01-09,ARE,-0.016790672701671273
2026-01-09,ATO,0.016790672701671273
2026-01-09,AVB,-0.016790672701671273
2026-01-09,AVGO,0.016790672701671273
2026-01-09,BAX,-0.016790672701671273
2026-01-09,BDX,-0.016790672701671273
2026-01-09,BK,0.016790672701671273
2026-01-09,BLDR,-0.016790672701671273
2026-01-09,BRO,-0.016790672701671273
2026-01-09,C,0.016790672701671273
2026-01-09,CAG,-0.016790672701671273
2026-01-09,CAH,0.016790672701671273
2026-01-09,CARR,-0.016790672701671273
2026-01-09,CAT,0.016790672701671273
2026-01-09,CBOE,0.016790672701671273
2026-01-09,CDW,-0.016790672701671273
2026-01-09,CEG,0.016790672701671273
2026-01-09,CFG,0.016790672701671273
2026-01-09,CHD,-0.016790672701671273
2026-01-09,CHRW,0.016790672701671273
2026-01-09,CHTR,-0.016790672701671273
2026-01-09,CL,-0.016790672701671273
2026-01-09,CLX,-0.016790672701671273
2026-01-09,CMCSA,-0.016790672701671273
2026-01-09,CME,0.016790672701671273
2026-01-09,CMG,-0.016790672701671273
2026-01-09,CMI,0.016790672701671273
2026-01-09,CNC,-0.016790672701671273
2026-01-09,CNP,0.016790672701671273
2026-01-09,COR,0.016790672701671273
2026-01-09,CPB,-0.016790672701671273
2026-01-09,CPRT,-0.016790672701671273
2026-01-09,CRM,-0.016790672701671273
2026-01-09,CRWD,0.016790672701671273
2026-01-09,CSCO,0.016790672701671273
2026-01-09,CVS,0.016790672701671273
2026-01-09,DD,-0.016790672701671273
2026-01-09,DECK,-0.016790672701671273
2026-01-09,DG,0.016790672701671273
2026-01-09,DLR,-0.016790672701671273
2026-01-09,DLTR,0.016790672701671273
2026-01-09,DOC,-0.016790672701671273
2026-01-09,DOW,-0.016790672701671273
2026-01-09,DVA,-0.016790672701671273
2026-01-09,EA,0.016790672701671273
2026-01-09,EG,-0.016790672701671273
2026-01-09,EIX,-0.016790672701671273
2026-01-09,EOG,-0.016790672701671273
2026-01-09,EQIX,-0.016790672701671273
2026-01-09,EQR,-0.016790672701671273
2026-01-09,ERIE,-0.016790672701671273
2026-01-09,EVRG,0.016790672701671273
2026-01-09,EXPD,0.016790672701671273
2026-01-09,EXPE,0.016790672701671273
2026-01-09,F,0.016790672701671273
2026-01-09,FAST,-0.016790672701671273
2026-01-09,FDS,-0.016790672701671273
2026-01-09,FIS,-0.016790672701671273
2026-01-09,FOX,0.016790672701671273
2026-01-09,FOXA,0.016790672701671273
2026-01-09,FTV,-0.016790672701671273
2026-01-09,GD,0.016790672701671273
2026-01-09,GDDY,-0.016790672701671273
2026-01-09,GE,0.016790672701671273
2026-01-09,GEV,0.016790672701671273
2026-01-09,GILD,0.016790672701671273
2026-01-09,GIS,-0.016790672701671273
2026-01-09,GL,0.016790672701671273
2026-01-09,GLW,0.016790672701671273
2026-01-09,GM,0.016790672701671273
2026-01-09,GOOG,0.016790672701671273
2026-01-09,GOOGL,0.016790672701671273
2026-01-09,GPN,-0.016790672701671273
2026-01-09,GS,0.016790672701671273
2026-01-09,HAS,0.016790672701671273
2026-01-09,HCA,0.016790672701671273
2026-01-09,HIG,0.016790672701671273
2026-01-09,HII,0.016790672701671273
2026-01-09,HON,-0.016790672701671273
2026-01-09,HPQ,-0.016790672701671273
2026-01-09,HRL,-0.016790672701671273
2026-01-09,HWM,0.016790672701671273
2026-01-09,IBM,0.016790672701671273
2026-01-09,IDXX,0.016790672701671273
2026-01-09,IEX,-0.016790672701671273
2026-01-09,IFF,-0.016790672701671273
2026-01-09,INTC,0.016790672701671273
2026-01-09,INVH,-0.016790672701671273
2026-01-09,IP,-0.016790672701671273
2026-01-09,IRM,-0.016790672701671273
2026-01-09,IT,-0.016790672701671273
2026-01-09,IVZ,0.016790672701671273
2026-01-09,JBL,0.016790672701671273
2026-01-09,JCI,0.016790672701671273
2026-01-09,JNJ,0.016790672701671273
2026-01-09,JPM,0.016790672701671273
2026-01-09,KHC,-0.016790672701671273
2026-01-09,KIM,-0.016790672701671273
2026-01-09,KLAC,0.016790672701671273
2026-01-09,KMB,-0.016790672701671273
2026-01-09,KVUE,-0.016790672701671273
2026-01-09,L,0.016790672701671273
2026-01-09,LDOS,0.016790672701671273
2026-01-09,LHX,0.016790672701671273
2026-01-09,LII,-0.016790672701671273
2026-01-09,LRCX,0.016790672701671273
2026-01-09,LULU,-0.016790672701671273
2026-01-09,LYB,-0.016790672701671273
2026-01-09,MAA,-0.016790672701671273
2026-01-09,MCK,0.016790672701671273
2026-01-09,MDT,0.016790672701671273
2026-01-09,MKC,-0.016790672701671273
2026-01-09,MLM,0.016790672701671273
2026-01-09,MMC,-0.016790672701671273
2026-01-09,MMM,0.016790672701671273
2026-01-09,MNST,0.016790672701671273
2026-01-09,MOH,-0.016790672701671273
2026-01-09,MPWR,0.016790672701671273
2026-01-09,MRNA,-0.016790672701671273
2026-01-09,MS,0.016790672701671273
2026-01-09,MSI,-0.016790672701671273
2026-01-09,MU,0.016790672701671273
2026-01-09,NCLH,-0.016790672701671273
2026-01-09,NEM,0.016790672701671273
2026-01-09,NFLX,-0.016790672701671273
2026-01-09,NOW,-0.016790672701671273
2026-01-09,NRG,0.016790672701671273
2026-01-09,NSC,0.016790672701671273
2026-01-09,NTRS,0.016790672701671273
2026-01-09,NUE,0.016790672701671273
2026-01-09,OKE,-0.016790672701671273
2026-01-09,ORLY,-0.016790672701671273
2026-01-09,OXY,-0.016790672701671273
2026-01-09,PAYC,-0.016790672701671273
2026-01-09,PAYX,-0.016790672701671273
2026-01-09,PCG,-0.016790672701671273
2026-01-09,PEG,-0.016790672701671273
2026-01-09,PG,-0.016790672701671273
2026-01-09,PH,0.016790672701671273
2026-01-09,PLTR,0.016790672701671273
2026-01-09,POOL,-0.016790672701671273
2026-01-09,PPG,-0.016790672701671273
2026-01-09,PWR,0.016790672701671273
2026-01-09,PYPL,-0.016790672701671273
2026-01-09,RL,0.016790672701671273
2026-01-09,ROK,0.016790672701671273
2026-01-09,ROL,0.016790672701671273
2026-01-09,ROP,-0.016790672701671273
2026-01-09,RTX,0.016790672701671273
2026-01-09,SCHW,0.016790672701671273
2026-01-09,STLD,0.016790672701671273
2026-01-09,STT,0.016790672701671273
2026-01-09,STX,0.016790672701671273
2026-01-09,STZ,-0.016790672701671273
2026-01-09,SW,-0.016790672701671273
2026-01-09,SWKS,-0.016790672701671273
2026-01-09,TAP,-0.016790672701671273
2026-01-09,TECH,-0.016790672701671273
2026-01-09,TEL,0.016790672701671273
2026-01-09,TGT,-0.016790672701671273
2026-01-09,TJX,0.016790672701671273
2026-01-09,TPL,-0.016790672701671273
2026-01-09,TPR,0.016790672701671273
2026-01-09,TRV,0.016790672701671273
2026-01-09,TTWO,0.016790672701671273
2026-01-09,TYL,-0.016790672701671273
2026-01-09,UDR,-0.016790672701671273
2026-01-09,ULTA,0.016790672701671273
2026-01-09,UNH,-0.016790672701671273
2026-01-09,UPS,-0.016790672701671273
2026-01-09,VLO,0.016790672701671273
2026-01-09,VRSK,-0.016790672701671273
2026-01-09,VTR,0.016790672701671273
2026-01-09,WBD,0.016790672701671273
2026-01-09,WDC,0.016790672701671273
2026-01-09,WELL,0.016790672701671273
2026-01-09,WFC,0.016790672701671273
2026-01-09,WMT,0.016790672701671273
2026-01-09,WY,-0.016790672701671273
2026-01-09,WYNN,0.016790672701671273
2026-01-09,ZBRA,-0.016790672701671273
2026-01-09,ZTS,-0.016790672701671273
2026-01-16,ABBV,0.01681075391306365
2026-01-16,ACN,-0.01681075391306365
2026-01-16,ADBE,-0.01681075391306365
2026-01-16,ADP,-0.01681075391306365
2026-01-16,AEP,0.01681075391306365
2026-01-16,AJG,-0.01681075391306365
2026-01-16,ALLE,0.01681075391306365
2026-01-16,AMCR,-0.01681075391306365
2026-01-16,AMD,0.01681075391306365
2026-01-16,APD,-0.01681075391306365
2026-01-16,APH,0.01681075391306365
2026-01-16,ARE,-0.01681075391306365
2026-01-16,ATO,0.01681075391306365
2026-01-16,AVB,-0.01681075391306365
2026-01-16,BAX,-0.01681075391306365
2026-01-16,BDX,-0.01681075391306365
2026-01-16,BK,0.01681075391306365
2026-01-16,BLDR,-0.01681075391306365
2026-01-16,BRO,-0.01681075391306365
2026-01-16,C,0.01681075391306365
2026-01-16,CAG,-0.01681075391306365
2026-01-16,CAH,0.01681075391306365
2026-01-16,CARR,-0.01681075391306365
2026-01-16,CAT,0.01681075391306365
2026-01-16,CBOE,0.01681075391306365
2026-01-16,CDW,-0.01681075391306365
2026-01-16,CF,-0.01681075391306365
2026-01-16,CHD,-0.01681075391306365
2026-01-16,CHRW,0.01681075391306365
2026-01-16,CHTR,-0.01681075391306365
2026-01-16,CINF,0.01681075391306365
2026-01-16,CL,-0.01681075391306365
2026-01-16,CLX,-0.01681075391306365
2026-01-16,CMCSA,-0.01681075391306365
2026-01-16,CME,0.01681075391306365
2026-01-16,CMG,-0.01681075391306365
2026-01-16,CMI,0.01681075391306365
2026-01-16,CNC,-0.01681075391306365
2026-01-16,CNP,0.01681075391306365
2026-01-16,COR,0.01681075391306365
2026-01-16,CPAY,-0.01681075391306365
2026-01-16,CPB,-0.01681075391306365
2026-01-16,CPRT,-0.01681075391306365
2026-01-16,CRM,-0.01681075391306365
2026-01-16,CSCO,0.01681075391306365
2026-01-16,CVS,0.01681075391306365
2026-01-16,DD,-0.01681075391306365
2026-01-16,DECK,-0.01681075391306365
2026-01-16,DG,0.01681075391306365
2026-01-16,DLR,-0.01681075391306365
2026-01-16,DLTR,0.01681075391306365
2026-01-16,DOC,-0.01681075391306365
2026-01-16,DOW,-0.01681075391306365
2026-01-16,DVA,-0.01681075391306365
2026-01-16,EA,0.01681075391306365
2026-01-16,EFX,-0.01681075391306365
2026-01-16,EOG,-0.01681075391306365
2026-01-16,EQIX,-0.01681075391306365
2026-01-16,EQR,-0.01681075391306365
2026-01-16,ERIE,-0.01681075391306365
2026-01-16,EVRG,0.01681075391306365
2026-01-16,EXPD,0.01681075391306365
2026-01-16,EXPE,0.01681075391306365
2026-01-16,F,0.01681075391306365
2026-01-16,FAST,-0.01681075391306365
2026-01-16,FDS,-0.01681075391306365
2026-01-16,FIS,-0.01681075391306365
2026-01-16,FOX,0.01681075391306365
2026-01-16,FOXA,0.01681075391306365
2026-01-16,FTV,-0.01681075391306365
2026-01-16,GD,0.01681075391306365
2026-01-16,GDDY,-0.01681075391306365
2026-01-16,GE,0.01681075391306365
2026-01-16,GEV,0.01681075391306365
2026-01-16,GILD,0.01681075391306365
2026-01-16,GIS,-0.01681075391306365
2026-01-16,GL,0.01681075391306365
2026-01-16,GLW,0.01681075391306365
2026-01-16,GM,0.01681075391306365
2026-01-16,GOOG,0.01681075391306365
2026-01-16,GOOGL,0.01681075391306365
2026-01-16,GPN,-0.01681075391306365
2026-01-16,GS,0.01681075391306365
2026-01-16,HAS,0.01681075391306365
2026-01-16,HCA,0.01681075391306365
2026-01-16,HD,-0.01681075391306365
2026-01-16,HIG,0.01681075391306365
2026-01-16,HII,0.01681075391306365
2026-01-16,HPQ,-0.01681075391306365
2026-01-16,HRL,-0.01681075391306365
2026-01-16,HSY,0.01681075391306365
2026-01-16,HWM,0.01681075391306365
2026-01-16,IBM,0.01681075391306365
2026-01-16,IDXX,0.01681075391306365
2026-01-16,IEX,-0.01681075391306365
2026-01-16,IFF,-0.01681075391306365
2026-01-16,INCY,0.01681075391306365
2026-01-16,INTC,0.01681075391306365
2026-01-16,INVH,-0.01681075391306365
2026-01-16,IP,-0.01681075391306365
2026-01-16,IRM,-0.01681075391306365
2026-01-16,IT,-0.01681075391306365
2026-01-16,IVZ,0.01681075391306365
2026-01-16,JBL,0.01681075391306365
2026-01-16,JCI,0.01681075391306365
2026-01-16,JNJ,0.01681075391306365
2026-01-16,JPM,0.01681075391306365
2026-01-16,KHC,-0.01681075391306365
2026-01-16,KLAC,0.01681075391306365
2026-01-16,KMB,-0.01681075391306365
2026-01-16,KMI,-0.01681075391306365
2026-01-16,L,0.01681075391306365
2026-01-16,LEN,-0.01681075391306365
2026-01-16,LHX,0.01681075391306365
2026-01-16,LII,-0.01681075391306365
2026-01-16,LLY,0.01681075391306365
2026-01-16,LRCX,0.01681075391306365
2026-01-16,LULU,-0.01681075391306365
2026-01-16,LVS,0.01681075391306365
2026-01-16,LYB,-0.01681075391306365
2026-01-16,MAA,-0.01681075391306365
2026-01-16,MAS,-0.01681075391306365
2026-01-16,MCD,0.01681075391306365
2026-01-16,MCK,0.01681075391306365
2026-01-16,MLM,0.01681075391306365
2026-01-16,MMC,-0.01681075391306365
2026-01-16,MNST,0.01681075391306365
2026-01-16,MOH,-0.01681075391306365
2026-01-16,MPWR,0.01681075391306365
2026-01-16,MS,0.01681075391306365
2026-01-16,MSI,-0.01681075391306365
2026-01-16,MU,0.01681075391306365
2026-01-16,NDAQ,0.01681075391306365
2026-01-16,NEM,0.01681075391306365
2026-01-16,NFLX,-0.01681075391306365
2026-01-16,NOW,-0.01681075391306365
2026-01-16,NRG,0.01681075391306365
2026-01-16,NSC,0.01681075391306365
2026-01-16,NTRS,0.01681075391306365
2026-01-16,NUE,0.01681075391306365
2026-01-16,OKE,-0.01681075391306365
2026-01-16,ORLY,-0.01681075391306365
2026-01-16,OXY,-0.01681075391306365
2026-01-16,PAYC,-0.01681075391306365
2026-01-16,PAYX,-0.01681075391306365
2026-01-16,PG,-0.01681075391306365
2026-01-16,PH,0.01681075391306365
2026-01-16,PKG,-0.01681075391306365
2026-01-16,PLTR,0.01681075391306365
2026-01-16,PM,0.01681075391306365
2026-01-16,POOL,-0.01681075391306365
2026-01-16,PPG,-0.01681075391306365
2026-01-16,PSA,-0.01681075391306365
2026-01-16,PYPL,-0.01681075391306365
2026-01-16,RL,0.01681075391306365
2026-01-16,ROK,0.01681075391306365
2026-01-16,ROL,0.01681075391306365
2026-01-16,ROP,-0.01681075391306365
2026-01-16,RTX,0.01681075391306365
2026-01-16,RVTY,-0.01681075391306365
2026-01-16,SCHW,0.01681075391306365
2026-01-16,STE,0.01681075391306365
2026-01-16,STLD,0.01681075391306365
2026-01-16,STT,0.01681075391306365
2026-01-16,STX,0.01681075391306365
2026-01-16,STZ,-0.01681075391306365
2026-01-16,SW,-0.01681075391306365
2026-01-16,SWKS,-0.01681075391306365
2026-01-16,TAP,-0.01681075391306365
2026-01-16,TECH,-0.01681075391306365
2026-01-16,TEL,0.01681075391306365
2026-01-16,TGT,-0.01681075391306365
2026-01-16,TJX,0.01681075391306365
2026-01-16,TPL,-0.01681075391306365
2026-01-16,TPR,0.01681075391306365
2026-01-16,TRV,0.01681075391306365
2026-01-16,TTWO,0.01681075391306365
2026-01-16,TYL,-0.01681075391306365
2026-01-16,UDR,-0.01681075391306365
2026-01-16,ULTA,0.01681075391306365
2026-01-16,UNH,-0.01681075391306365
2026-01-16,UPS,-0.01681075391306365
2026-01-16,VRSK,-0.01681075391306365
2026-01-16,VTR,0.01681075391306365
2026-01-16,WBD,0.01681075391306365
2026-01-16,WDC,0.01681075391306365
2026-01-16,WELL,0.01681075391306365
2026-01-16,WMT,0.01681075391306365
2026-01-16,WY,-0.01681075391306365
2026-01-16,WYNN,0.01681075391306365
2026-01-16,YUM,0.01681075391306365
2026-01-16,ZBH,-0.01681075391306365
2026-01-16,ZBRA,-0.01681075391306365
2026-01-16,ZTS,-0.01681075391306365
2026-01-23,ABBV,0.017336060552642703
2026-01-23,ACN,-0.017336060552642703
2026-01-23,ADBE,-0.017336060552642703
2026-01-23,ADP,-0.017336060552642703
2026-01-23,AEP,0.017336060552642703
2026-01-23,ALB,0.017336060552642703
2026-01-23,ALGN,-0.017336060552642703
2026-01-23,ALLE,0.017336060552642703
2026-01-23,AMCR,-0.017336060552642703
2026-01-23,AMD,0.017336060552642703
2026-01-23,APD,-0.017336060552642703
2026-01-23,APH,0.017336060552642703
2026-01-23,ARE,-0.017336060552642703
2026-01-23,ATO,0.017336060552642703
2026-01-23,AVB,-0.017336060552642703
2026-01-23,BAX,-0.017336060552642703
2026-01-23,BDX,-0.017336060552642703
2026-01-23,BFB,-0.017336060552642703
2026-01-23,BK,0.017336060552642703
2026-01-23,BLDR,-0.017336060552642703
2026-01-23,BRO,-0.017336060552642703
2026-01-23,C,0.017336060552642703
2026-01-23,CAG,-0.017336060552642703
2026-01-23,CAH,0.017336060552642703
2026-01-23,CARR,-0.017336060552642703
2026-01-23,CAT,0.017336060552642703
2026-01-23,CB,0.017336060552642703
2026-01-23,CBOE,0.017336060552642703
2026-01-23,CDW,-0.017336060552642703
2026-01-23,CF,-0.017336060552642703
2026-01-23,CHD,-0.017336060552642703
2026-01-23,CHRW,0.017336060552642703
2026-01-23,CHTR,-0.017336060552642703
2026-01-23,CINF,0.017336060552642703
2026-01-23,CLX,-0.017336060552642703
2026-01-23,CMCSA,-0.017336060552642703
2026-01-23,CME,0.017336060552642703
2026-01-23,CMG,-0.017336060552642703
2026-01-23,CMI,0.017336060552642703
2026-01-23,CNC,-0.017336060552642703
2026-01-23,CNP,0.017336060552642703
2026-01-23,COR,0.017336060552642703
2026-01-23,CPAY,-0.017336060552642703
2026-01-23,CPB,-0.017336060552642703
2026-01-23,CPRT,-0.017336060552642703
2026-01-23,CRM,-0.017336060552642703
2026-01-23,CSCO,0.017336060552642703
2026-01-23,CVS,0.017336060552642703
2026-01-23,DD,-0.017336060552642703
2026-01-23,DECK,-0.017336060552642703
2026-01-23,DG,0.017336060552642703
2026-01-23,DLR,-0.017336060552642703
2026-01-23,DLTR,0.017336060552642703
2026-01-23,DOC,-0.017336060552642703
2026-01-23,DOW,-0.017336060552642703
2026-01-23,DVA,-0.017336060552642703
2026-01-23,EA,0.017336060552642703
2026-01-23,EFX,-0.017336060552642703
2026-01-23,EOG,-0.017336060552642703
2026-01-23,EQIX,-0.017336060552642703
2026-01-23,ERIE,-0.017336060552642703
2026-01-23,EVRG,0.017336060552642703
2026-01-23,EW,0.017336060552642703
2026-01-23,EXPD,0.017336060552642703
2026-01-23,EXPE,0.017336060552642703
2026-01-23,EXR,-0.017336060552642703
2026-01-23,F,0.017336060552642703
2026-01-23,FAST,-0.017336060552642703
2026-01-23,FDS,-0.017336060552642703
2026-01-23,FE,0.017336060552642703
2026-01-23,FIS,-0.017336060552642703
2026-01-23,FOX,0.017336060552642703
2026-01-23,FOXA,0.017336060552642703
2026-01-23,FTV,-0.017336060552642703
2026-01-23,GD,0.017336060552642703
2026-01-23,GDDY,-0.017336060552642703
2026-01-23,GE,0.017336060552642703
2026-01-23,GEV,0.017336060552642703
2026-01-23,GILD,0.017336060552642703
2026-01-23,GIS,-0.017336060552642703
2026-01-23,GL,0.017336060552642703
2026-01-23,GLW,0.017336060552642703
2026-01-23,GM,0.017336060552642703
2026-01-23,GOOG,0.017336060552642703
2026-01-23,GOOGL,0.017336060552642703
2026-01-23,GPN,-0.017336060552642703
2026-01-23,GS,0.017336060552642703
2026-01-23,HAS,0.017336060552642703
2026-01-23,HCA,0.017336060552642703
2026-01-23,HD,-0.017336060552642703
2026-01-23,HIG,0.017336060552642703
2026-01-23,HII,0.017336060552642703
2026-01-23,HON,-0.017336060552642703
2026-01-23,HPQ,-0.017336060552642703
2026-01-23,HRL,-0.017336060552642703
2026-01-23,HWM,0.017336060552642703
2026-01-23,IBM,0.017336060552642703
2026-01-23,IDXX,0.017336060552642703
2026-01-23,IEX,-0.017336060552642703
2026-01-23,IFF,-0.017336060552642703
2026-01-23,INCY,0.017336060552642703
2026-01-23,INTC,0.017336060552642703
2026-01-23,INVH,-0.017336060552642703
2026-01-23,IP,-0.017336060552642703
2026-01-23,IRM,-0.017336060552642703
2026-01-23,IT,-0.017336060552642703
2026-01-23,IVZ,0.017336060552642703
2026-01-23,JCI,0.017336060552642703
2026-01-23,JNJ,0.017336060552642703
2026-01-23,JPM,0.017336060552642703
2026-01-23,KHC,-0.017336060552642703
2026-01-23,KIM,-0.017336060552642703
2026-01-23,KKR,-0.017336060552642703
2026-01-23,KLAC,0.017336060552642703
2026-01-23,KMB,-0.017336060552642703
2026-01-23,L,0.017336060552642703
2026-01-23,LDOS,0.017336060552642703
2026-01-23,LEN,-0.017336060552642703
2026-01-23,LHX,0.017336060552642703
2026-01-23,LII,-0.017336060552642703
2026-01-23,LLY,0.017336060552642703
2026-01-23,LRCX,0.017336060552642703
2026-01-23,LULU,-0.017336060552642703
2026-01-23,LVS,0.017336060552642703
2026-01-23,LW,-0.017336060552642703
2026-01-23,LYB,-0.017336060552642703
2026-01-23,MAS,-0.017336060552642703
2026-01-23,MCK,0.017336060552642703
2026-01-23,MLM,0.017336060552642703
2026-01-23,MNST,0.017336060552642703
2026-01-23,MOH,-0.017336060552642703
2026-01-23,MS,0.017336060552642703
2026-01-23,MSI,-0.017336060552642703
2026-01-23,MU,0.017336060552642703
2026-01-23,NDAQ,0.017336060552642703
2026-01-23,NEM,0.017336060552642703
2026-01-23,NFLX,-0.017336060552642703
2026-01-23,NOW,-0.017336060552642703
2026-01-23,NRG,0.017336060552642703
2026-01-23,NTRS,0.017336060552642703
2026-01-23,NUE,0.017336060552642703
2026-01-23,OKE,-0.017336060552642703
2026-01-23,ORLY,-0.017336060552642703
2026-01-23,OXY,-0.017336060552642703
2026-01-23,PAYC,-0.017336060552642703
2026-01-23,PAYX,-0.017336060552642703
2026-01-23,PG,-0.017336060552642703
2026-01-23,PH,0.017336060552642703
2026-01-23,PKG,-0.017336060552642703
2026-01-23,PLTR,0.017336060552642703
2026-01-23,PM,0.017336060552642703
2026-01-23,POOL,-0.017336060552642703
2026-01-23,PPG,-0.017336060552642703
2026-01-23,PYPL,-0.017336060552642703
2026-01-23,RL,0.017336060552642703
2026-01-23,ROK,0.017336060552642703
2026-01-23,ROL,0.017336060552642703
2026-01-23,ROP,-0.017336060552642703
2026-01-23,RTX,0.017336060552642703
2026-01-23,RVTY,-0.017336060552642703
2026-01-23,SCHW,0.017336060552642703
2026-01-23,STLD,0.017336060552642703
2026-01-23,STT,0.017336060552642703
2026-01-23,STX,0.017336060552642703
2026-01-23,STZ,-0.017336060552642703
2026-01-23,SW,-0.017336060552642703
2026-01-23,SWKS,-0.017336060552642703
2026-01-23,TAP,-0.017336060552642703
2026-01-23,TECH,-0.017336060552642703
2026-01-23,TEL,0.017336060552642703
2026-01-23,TER,0.017336060552642703
2026-01-23,TGT,-0.017336060552642703
2026-01-23,TJX,0.017336060552642703
2026-01-23,TPL,-0.017336060552642703
2026-01-23,TPR,0.017336060552642703
2026-01-23,TRV,0.017336060552642703
2026-01-23,TTWO,0.017336060552642703
2026-01-23,TYL,-0.017336060552642703
2026-01-23,ULTA,0.017336060552642703
2026-01-23,UNH,-0.017336060552642703
2026-01-23,UPS,-0.017336060552642703
2026-01-23,VRSK,-0.017336060552642703
2026-01-23,VTR,0.017336060552642703
2026-01-23,WBD,0.017336060552642703
2026-01-23,WDC,0.017336060552642703
2026-01-23,WELL,0.017336060552642703
2026-01-23,WRB,0.017336060552642703
2026-01-23,WY,-0.017336060552642703
2026-01-23,WYNN,0.017336060552642703
2026-01-23,ZBH,-0.017336060552642703
2026-01-23,ZBRA,-0.017336060552642703
2026-01-23,ZTS,-0.017336060552642703
2026-01-30,ABBV,0.016282655379360703
2026-01-30,ACN,-0.016282655379360703
2026-01-30,ADBE,-0.016282655379360703
2026-01-30,ADP,-0.016282655379360703
2026-01-30,AEP,0.016282655379360703
2026-01-30,ALB,0.016282655379360703
2026-01-30,ALGN,-0.016282655379360703
2026-01-30,ALLE,0.016282655379360703
2026-01-30,AMAT,0.016282655379360703
2026-01-30,AMCR,-0.016282655379360703
2026-01-30,AMD,0.016282655379360703
2026-01-30,APD,-0.016282655379360703
2026-01-30,APH,0.016282655379360703
2026-01-30,ARE,-0.016282655379360703
2026-01-30,ATO,0.016282655379360703
2026-01-30,AVB,-0.016282655379360703
2026-01-30,AVGO,0.016282655379360703
2026-01-30,BAX,-0.016282655379360703
2026-01-30,BBY,-0.016282655379360703
2026-01-30,BDX,-0.016282655379360703
2026-01-30,BFB,-0.016282655379360703
2026-01-30,BK,0.016282655379360703
2026-01-30,BLDR,-0.016282655379360703
2026-01-30,BRO,-0.016282655379360703
2026-01-30,C,0.016282655379360703
2026-01-30,CAG,-0.016282655379360703
2026-01-30,CAH,0.016282655379360703
2026-01-30,CARR,-0.016282655379360703
2026-01-30,CAT,0.016282655379360703
2026-01-30,CBOE,0.016282655379360703
2026-01-30,CDW,-0.016282655379360703
2026-01-30,CHD,-0.016282655379360703
2026-01-30,CHRW,0.016282655379360703
2026-01-30,CHTR,-0.016282655379360703
2026-01-30,CINF,0.016282655379360703
2026-01-30,CL,-0.016282655379360703
2026-01-30,CLX,-0.016282655379360703
2026-01-30,CME,0.016282655379360703
2026-01-30,CMG,-0.016282655379360703
2026-01-30,CMI,0.016282655379360703
2026-01-30,CNC,-0.016282655379360703
2026-01-30,CNP,0.016282655379360703
2026-01-30,COR,0.016282655379360703
2026-01-30,CPAY,-0.016282655379360703
2026-01-30,CPB,-0.016282655379360703
2026-01-30,CPRT,-0.016282655379360703
2026-01-30,CRM,-0.016282655379360703
2026-01-30,CSCO,0.016282655379360703
2026-01-30,CVS,0.016282655379360703
2026-01-30,DD,-0.016282655379360703
2026-01-30,DECK,-0.016282655379360703
2026-01-30,DG,0.016282655379360703
2026-01-30,DLTR,0.016282655379360703
2026-01-30,DOC,-0.016282655379360703
2026-01-30,DOW,-0.016282655379360703
2026-01-30,DVA,-0.016282655379360703
2026-01-30,EA,0.016282655379360703
2026-01-30,EBAY,0.016282655379360703
2026-01-30,EFX,-0.016282655379360703
2026-01-30,EOG,-0.016282655379360703
2026-01-30,EQIX,-0.016282655379360703
2026-01-30,ERIE,-0.016282655379360703
2026-01-30,ETR,0.016282655379360703
2026-01-30,EXPD,0.016282655379360703
2026-01-30,EXPE,0.016282655379360703
2026-01-30,EXR,-0.016282655379360703
2026-01-30,F,0.016282655379360703
2026-01-30,FAST,-0.016282655379360703
2026-01-30,FCX,0.016282655379360703
2026-01-30,FDS,-0.016282655379360703
2026-01-30,FE,0.016282655379360703
2026-01-30,FIS,-0.016282655379360703
2026-01-30,FOX,0.016282655379360703
2026-01-30,FOXA,0.016282655379360703
2026-01-30,FSLR,0.016282655379360703
2026-01-30,FTV,-0.016282655379360703
2026-01-30,GD,0.016282655379360703
2026-01-30,GDDY,-0.016282655379360703
2026-01-30,GE,0.016282655379360703
2026-01-30,GEV,0.016282655379360703
2026-01-30,GILD,0.016282655379360703
2026-01-30,GIS,-0.016282655379360703
2026-01-30,GLW,0.016282655379360703
2026-01-30,GM,0.016282655379360703
2026-01-30,GOOG,0.016282655379360703
2026-01-30,GOOGL,0.016282655379360703
2026-01-30,GPN,-0.016282655379360703
2026-01-30,GS,0.016282655379360703
2026-01-30,HAS,0.016282655379360703
2026-01-30,HCA,0.016282655379360703
2026-01-30,HD,-0.016282655379360703
2026-01-30,HIG,0.016282655379360703
2026-01-30,HII,0.016282655379360703
2026-01-30,HPQ,-0.016282655379360703
2026-01-30,HRL,-0.016282655379360703
2026-01-30,HWM,0.016282655379360703
2026-01-30,IDXX,0.016282655379360703
2026-01-30,IEX,-0.016282655379360703
2026-01-30,IFF,-0.016282655379360703
2026-01-30,INCY,0.016282655379360703
2026-01-30,INTC,0.016282655379360703
2026-01-30,INVH,-0.016282655379360703
2026-01-30,IP,-0.016282655379360703
2026-01-30,IR,-0.016282655379360703
2026-01-30,IRM,-0.016282655379360703
2026-01-30,IT,-0.016282655379360703
2026-01-30,IVZ,0.016282655379360703
2026-01-30,JBL,0.016282655379360703
2026-01-30,JCI,0.016282655379360703
2026-01-30,JNJ,0.016282655379360703
2026-01-30,JPM,0.016282655379360703
2026-01-30,KHC,-0.016282655379360703
2026-01-30,KIM,-0.016282655379360703
2026-01-30,KKR,-0.016282655379360703
2026-01-30,KLAC,0.016282655379360703
2026-01-30,KMB,-0.016282655379360703
2026-01-30,L,0.016282655379360703
2026-01-30,LDOS,0.016282655379360703
2026-01-30,LEN,-0.016282655379360703
2026-01-30,LHX,0.016282655379360703
2026-01-30,LII,-0.016282655379360703
2026-01-30,LRCX,0.016282655379360703
2026-01-30,LULU,-0.016282655379360703
2026-01-30,LW,-0.016282655379360703
2026-01-30,LYB,-0.016282655379360703
2026-01-30,MAS,-0.016282655379360703
2026-01-30,MCK,0.016282655379360703
2026-01-30,MKC,-0.016282655379360703
2026-01-30,MNST,0.016282655379360703
2026-01-30,MOH,-0.016282655379360703
2026-01-30,MPWR,0.016282655379360703
2026-01-30,MS,0.016282655379360703
2026-01-30,MSI,-0.016282655379360703
2026-01-30,MU,0.016282655379360703
2026-01-30,NDAQ,0.016282655379360703
2026-01-30,NEM,0.016282655379360703
2026-01-30,NFLX,-0.016282655379360703
2026-01-30,NOW,-0.016282655379360703
2026-01-30,NRG,0.016282655379360703
2026-01-30,NUE,0.016282655379360703
2026-01-30,NVDA,0.016282655379360703
2026-01-30,OKE,-0.016282655379360703
2026-01-30,ORLY,-0.016282655379360703
2026-01-30,PAYC,-0.016282655379360703
2026-01-30,PAYX,-0.016282655379360703
2026-01-30,PG,-0.016282655379360703
2026-01-30,PH,0.016282655379360703
2026-01-30,PLTR,0.016282655379360703
2026-01-30,PM,0.016282655379360703
2026-01-30,POOL,-0.016282655379360703
2026-01-30,PPG,-0.016282655379360703
2026-01-30,PSA,-0.016282655379360703
2026-01-30,PWR,0.016282655379360703
2026-01-30,PYPL,-0.016282655379360703
2026-01-30,RL,0.016282655379360703
2026-01-30,ROK,0.016282655379360703
2026-01-30,ROL,0.016282655379360703
2026-01-30,ROP,-0.016282655379360703
2026-01-30,RTX,0.016282655379360703
2026-01-30,RVTY,-0.016282655379360703
2026-01-30,SBUX,-0.016282655379360703
2026-01-30,SCHW,0.016282655379360703
2026-01-30,STLD,0.016282655379360703
2026-01-30,STT,0.016282655379360703
2026-01-30,STX,0.016282655379360703
2026-01-30,STZ,-0.016282655379360703
2026-01-30,SW,-0.016282655379360703
2026-01-30,SWKS,-0.016282655379360703
2026-01-30,TAP,-0.016282655379360703
2026-01-30,TEL,0.016282655379360703
2026-01-30,TER,0.016282655379360703
2026-01-30,TGT,-0.016282655379360703
2026-01-30,TJX,0.016282655379360703
2026-01-30,TPL,-0.016282655379360703
2026-01-30,TPR,0.016282655379360703
2026-01-30,TRV,0.016282655379360703
2026-01-30,TTWO,0.016282655379360703
2026-01-30,TYL,-0.016282655379360703
2026-01-30,UDR,-0.016282655379360703
2026-01-30,ULTA,0.016282655379360703
2026-01-30,UNH,-0.016282655379360703
2026-01-30,VRSK,-0.016282655379360703
2026-01-30,VTR,0.016282655379360703
2026-01-30,WBD,0.016282655379360703
2026-01-30,WDAY,-0.016282655379360703
2026-01-30,WDC,0.016282655379360703
2026-01-30,WELL,0.016282655379360703
2026-01-30,WRB,0.016282655379360703
2026-01-30,WY,-0.016282655379360703
2026-01-30,ZBH,-0.016282655379360703
2026-01-30,ZBRA,-0.016282655379360703
2026-01-30,ZTS,-0.016282655379360703
2026-02-06,ACN,-0.015482698520173643
2026-02-06,ADBE,-0.015482698520173643
2026-02-06,ADI,0.015482698520173643
2026-02-06,ADM,0.015482698520173643
2026-02-06,ADP,-0.015482698520173643
2026-02-06,AEP,0.015482698520173643
2026-02-06,AJG,-0.015482698520173643
2026-02-06,ALB,0.015482698520173643
2026-02-06,ALLE,0.015482698520173643
2026-02-06,AMAT,0.015482698520173643
2026-02-06,AMCR,-0.015482698520173643
2026-02-06,AMD,0.015482698520173643
2026-02-06,AON,-0.015482698520173643
2026-02-06,APD,-0.015482698520173643
2026-02-06,APH,0.015482698520173643
2026-02-06,APTV,0.015482698520173643
2026-02-06,ARE,-0.015482698520173643
2026-02-06,ATO,0.015482698520173643
2026-02-06,AVB,-0.015482698520173643
2026-02-06,BAX,-0.015482698520173643
2026-02-06,BFB,-0.015482698520173643
2026-02-06,BG,0.015482698520173643
2026-02-06,BK,0.015482698520173643
2026-02-06,BLDR,-0.015482698520173643
2026-02-06,BRO,-0.015482698520173643
2026-02-06,C,0.015482698520173643
2026-02-06,CAG,-0.015482698520173643
2026-02-06,CAH,0.015482698520173643
2026-02-06,CARR,-0.015482698520173643
2026-02-06,CAT,0.015482698520173643
2026-02-06,CBOE,0.015482698520173643
2026-02-06,CDW,-0.015482698520173643
2026-02-06,CFG,0.015482698520173643
2026-02-06,CHD,-0.015482698520173643
2026-02-06,CHRW,0.015482698520173643
2026-02-06,CHTR,-0.015482698520173643
2026-02-06,CINF,0.015482698520173643
2026-02-06,CLX,-0.015482698520173643
2026-02-06,CMCSA,-0.015482698520173643
2026-02-06,CMG,-0.015482698520173643
2026-02-06,CMI,0.015482698520173643
2026-02-06,CNP,0.015482698520173643
2026-02-06,COR,0.015482698520173643
2026-02-06,COST,-0.015482698520173643
2026-02-06,CPAY,-0.015482698520173643
2026-02-06,CPB,-0.015482698520173643
2026-02-06,CPRT,-0.015482698520173643
2026-02-06,CRM,-0.015482698520173643
2026-02-06,CSGP,-0.015482698520173643
2026-02-06,CVS,0.015482698520173643
2026-02-06,DD,-0.015482698520173643
2026-02-06,DECK,-0.015482698520173643
2026-02-06,DG,0.015482698520173643
2026-02-06,DLTR,0.015482698520173643
2026-02-06,DOC,-0.015482698520173643
2026-02-06,DOW,-0.015482698520173643
2026-02-06,DPZ,-0.015482698520173643
2026-02-06,DVA,-0.015482698520173643
2026-02-06,DXCM,-0.015482698520173643
2026-02-06,EA,0.015482698520173643
2026-02-06,EBAY,0.015482698520173643
2026-02-06,EL,0.015482698520173643
2026-02-06,EOG,-0.015482698520173643
2026-02-06,EQIX,-0.015482698520173643
2026-02-06,EQR,-0.015482698520173643
2026-02-06,ERIE,-0.015482698520173643
2026-02-06,ESS,-0.015482698520173643
2026-02-06,EXPD,0.015482698520173643
2026-02-06,EXPE,0.015482698520173643
2026-02-06,EXR,-0.015482698520173643
2026-02-06,F,0.015482698520173643
2026-02-06,FAST,-0.015482698520173643
2026-02-06,FCX,0.015482698520173643
2026-02-06,FDS,-0.015482698520173643
2026-02-06,FIS,-0.015482698520173643
2026-02-06,FOX,0.015482698520173643
2026-02-06,FOXA,0.015482698520173643
2026-02-06,FTNT,-0.015482698520173643
2026-02-06,FTV,-0.015482698520173643
2026-02-06,GD,0.015482698520173643
2026-02-06,GDDY,-0.015482698520173643
2026-02-06,GE,0.015482698520173643
2026-02-06,GEV,0.015482698520173643
2026-02-06,GIS,-0.015482698520173643
2026-02-06,GL,0.015482698520173643
2026-02-06,GLW,0.015482698520173643
2026-02-06,GM,0.015482698520173643
2026-02-06,GOOG,0.015482698520173643
2026-02-06,GOOGL,0.015482698520173643
2026-02-06,GPN,-0.015482698520173643
2026-02-06,GS,0.015482698520173643
2026-02-06,HAS,0.015482698520173643
2026-02-06,HCA,0.015482698520173643
2026-02-06,HD,-0.015482698520173643
2026-02-06,HIG,0.015482698520173643
2026-02-06,HII,0.015482698520173643
2026-02-06,HPQ,-0.015482698520173643
2026-02-06,HRL,-0.015482698520173643
2026-02-06,HWM,0.015482698520173643
2026-02-06,IDXX,0.015482698520173643
2026-02-06,IFF,-0.015482698520173643
2026-02-06,INCY,0.015482698520173643
2026-02-06,INTC,0.015482698520173643
2026-02-06,INVH,-0.015482698520173643
2026-02-06,IP,-0.015482698520173643
2026-02-06,IRM,-0.015482698520173643
2026-02-06,IT,-0.015482698520173643
2026-02-06,IVZ,0.015482698520173643
2026-02-06,JCI,0.015482698520173643
2026-02-06,JNJ,0.015482698520173643
2026-02-06,KHC,-0.015482698520173643
2026-02-06,KIM,-0.015482698520173643
2026-02-06,KLAC,0.015482698520173643
2026-02-06,KMB,-0.015482698520173643
2026-02-06,L,0.015482698520173643
2026-02-06,LDOS,0.015482698520173643
2026-02-06,LHX,0.015482698520173643
2026-02-06,LRCX,0.015482698520173643
2026-02-06,LULU,-0.015482698520173643
2026-02-06,LVS,0.015482698520173643
2026-02-06,LW,-0.015482698520173643
2026-02-06,LYB,-0.015482698520173643
2026-02-06,MAA,-0.015482698520173643
2026-02-06,MAS,-0.015482698520173643
2026-02-06,MCK,0.015482698520173643
2026-02-06,MKC,-0.015482698520173643
2026-02-06,MLM,0.015482698520173643
2026-02-06,MNST,0.015482698520173643
2026-02-06,MOH,-0.015482698520173643
2026-02-06,MPWR,0.015482698520173643
2026-02-06,MS,0.015482698520173643
2026-02-06,MSI,-0.015482698520173643
2026-02-06,MU,0.015482698520173643
2026-02-06,NDAQ,0.015482698520173643
2026-02-06,NEM,0.015482698520173643
2026-02-06,NFLX,-0.015482698520173643
2026-02-06,NOC,0.015482698520173643
2026-02-06,NOW,-0.015482698520173643
2026-02-06,NTRS,0.015482698520173643
2026-02-06,NVDA,0.015482698520173643
2026-02-06,OKE,-0.015482698520173643
2026-02-06,ORLY,-0.015482698520173643
2026-02-06,PAYC,-0.015482698520173643
2026-02-06,PAYX,-0.015482698520173643
2026-02-06,PEG,-0.015482698520173643
2026-02-06,PG,-0.015482698520173643
2026-02-06,PGR,-0.015482698520173643
2026-02-06,PH,0.015482698520173643
2026-02-06,PLTR,0.015482698520173643
2026-02-06,POOL,-0.015482698520173643
2026-02-06,PSA,-0.015482698520173643
2026-02-06,PWR,0.015482698520173643
2026-02-06,PYPL,-0.015482698520173643
2026-02-06,RL,0.015482698520173643
2026-02-06,ROK,0.015482698520173643
2026-02-06,ROL,0.015482698520173643
2026-02-06,ROP,-0.015482698520173643
2026-02-06,ROST,0.015482698520173643
2026-02-06,RTX,0.015482698520173643
2026-02-06,RVTY,-0.015482698520173643
2026-02-06,SBAC,-0.015482698520173643
2026-02-06,SBUX,-0.015482698520173643
2026-02-06,SCHW,0.015482698520173643
2026-02-06,STLD,0.015482698520173643
2026-02-06,STT,0.015482698520173643
2026-02-06,STX,0.015482698520173643
2026-02-06,SW,-0.015482698520173643
2026-02-06,TAP,-0.015482698520173643
2026-02-06,TEL,0.015482698520173643
2026-02-06,TER,0.015482698520173643
2026-02-06,TGT,-0.015482698520173643
2026-02-06,TJX,0.015482698520173643
2026-02-06,TMUS,-0.015482698520173643
2026-02-06,TPL,-0.015482698520173643
2026-02-06,TPR,0.015482698520173643
2026-02-06,TTWO,0.015482698520173643
2026-02-06,TXT,0.015482698520173643
2026-02-06,TYL,-0.015482698520173643
2026-02-06,UDR,-0.015482698520173643
2026-02-06,ULTA,0.015482698520173643
2026-02-06,UNH,-0.015482698520173643
2026-02-06,VLO,0.015482698520173643
2026-02-06,VRSK,-0.015482698520173643
2026-02-06,VTR,0.015482698520173643
2026-02-06,WBD,0.015482698520173643
2026-02-06,WDAY,-0.015482698520173643
2026-02-06,WDC,0.015482698520173643
2026-02-06,WELL,0.015482698520173643
2026-02-06,WY,-0.015482698520173643
2026-02-06,WYNN,0.015482698520173643
2026-02-06,ZBRA,-0.015482698520173643
2026-02-06,ZTS,-0.015482698520173643
2026-02-13,ACN,-0.01573265048428512
2026-02-13,ADBE,-0.01573265048428512
2026-02-13,ADI,0.01573265048428512
2026-02-13,ADM,0.01573265048428512
2026-02-13,ADP,-0.01573265048428512
2026-02-13,ADSK,-0.01573265048428512
2026-02-13,AEP,0.01573265048428512
2026-02-13,AJG,-0.01573265048428512
2026-02-13,ALB,0.01573265048428512
2026-02-13,ALLE,0.01573265048428512
2026-02-13,AMAT,0.01573265048428512
2026-02-13,AMCR,0.015732650484285123
2026-02-13,AMD,0.01573265048428512
2026-02-13,AON,-0.01573265048428512
2026-02-13,APD,-0.01573265048428512
2026-02-13,APH,0.01573265048428512
2026-02-13,ARE,-0.01573265048428512
2026-02-13,ATO,0.01573265048428512
2026-02-13,AVB,-0.01573265048428512
2026-02-13,BAX,-0.01573265048428512
2026-02-13,BBY,-0.01573265048428512
2026-02-13,BEN,0.01573265048428512
2026-02-13,BG,0.01573265048428512
2026-02-13,BK,0.01573265048428512
2026-02-13,BR,-0.01573265048428512
2026-02-13,BRO,-0.01573265048428512
2026-02-13,BSX,-0.01573265048428512
2026-02-13,C,0.01573265048428512
2026-02-13,CAG,-0.01573265048428512
2026-02-13,CAH,0.01573265048428512
2026-02-13,CAT,0.01573265048428512
2026-02-13,CBOE,0.01573265048428512
2026-02-13,CDW,-0.01573265048428512
2026-02-13,CFG,0.01573265048428512
2026-02-13,CHD,-0.01573265048428512
2026-02-13,CHRW,0.01573265048428512
2026-02-13,CHTR,-0.01573265048428512
2026-02-13,CINF,0.01573265048428512
2026-02-13,CLX,-0.01573265048428512
2026-02-13,CMCSA,-0.01573265048428512
2026-02-13,CMG,-0.01573265048428512
2026-02-13,CMI,0.01573265048428512
2026-02-13,CNP,0.01573265048428512
2026-02-13,COR,0.01573265048428512
2026-02-13,COST,-0.01573265048428512
2026-02-13,CPB,-0.01573265048428512
2026-02-13,CPRT,-0.01573265048428512
2026-02-13,CPT,-0.01573265048428512
2026-02-13,CRM,-0.01573265048428512
2026-02-13,CSGP,-0.01573265048428512
2026-02-13,DD,-0.01573265048428512
2026-02-13,DECK,-0.01573265048428512
2026-02-13,DG,0.01573265048428512
2026-02-13,DLTR,0.01573265048428512
2026-02-13,DOC,-0.01573265048428512
2026-02-13,DOW,-0.01573265048428512
2026-02-13,DPZ,-0.01573265048428512
2026-02-13,DVA,-0.01573265048428512
2026-02-13,EA,0.01573265048428512
2026-02-13,EBAY,0.01573265048428512
2026-02-13,EFX,-0.01573265048428512
2026-02-13,EL,0.01573265048428512
2026-02-13,EOG,-0.01573265048428512
2026-02-13,EPAM,-0.01573265048428512
2026-02-13,EQIX,-0.01573265048428512
2026-02-13,EQR,-0.01573265048428512
2026-02-13,ERIE,-0.01573265048428512
2026-02-13,ESS,-0.01573265048428512
2026-02-13,EXPD,0.01573265048428512
2026-02-13,EXPE,0.01573265048428512
2026-02-13,F,0.01573265048428512
2026-02-13,FAST,-0.01573265048428512
2026-02-13,FCX,0.01573265048428512
2026-02-13,FDS,-0.01573265048428512
2026-02-13,FE,0.01573265048428512
2026-02-13,FOXA,0.01573265048428512
2026-02-13,FRT,-0.01573265048428512
2026-02-13,FTNT,-0.01573265048428512
2026-02-13,FTV,-0.01573265048428512
2026-02-13,GD,0.01573265048428512
2026-02-13,GDDY,-0.01573265048428512
2026-02-13,GE,0.01573265048428512
2026-02-13,GEV,0.01573265048428512
2026-02-13,GIS,-0.01573265048428512
2026-02-13,GLW,0.01573265048428512
2026-02-13,GM,0.01573265048428512
2026-02-13,GOOG,0.01573265048428512
2026-02-13,GOOGL,0.01573265048428512
2026-02-13,GPN,-0.01573265048428512
2026-02-13,GS,0.01573265048428512
2026-02-13,HAS,0.01573265048428512
2026-02-13,HCA,0.01573265048428512
2026-02-13,HII,0.01573265048428512
2026-02-13,HPQ,-0.01573265048428512
2026-02-13,HRL,-0.01573265048428512
2026-02-13,HSY,0.01573265048428512
2026-02-13,HWM,0.01573265048428512
2026-02-13,IDXX,0.01573265048428512
2026-02-13,IFF,-0.01573265048428512
2026-02-13,INCY,0.01573265048428512
2026-02-13,INTC,0.01573265048428512
2026-02-13,INVH,-0.01573265048428512
2026-02-13,IP,-0.01573265048428512
2026-02-13,IT,-0.01573265048428512
2026-02-13,IVZ,0.01573265048428512
2026-02-13,JBL,0.01573265048428512
2026-02-13,JCI,0.01573265048428512
2026-02-13,JNJ,0.01573265048428512
2026-02-13,KDP,-0.01573265048428512
2026-02-13,KHC,-0.01573265048428512
2026-02-13,KIM,-0.01573265048428512
2026-02-13,KLAC,0.01573265048428512
2026-02-13,KMB,-0.01573265048428512
2026-02-13,KVUE,-0.01573265048428512
2026-02-13,L,0.01573265048428512
2026-02-13,LDOS,0.01573265048428512
2026-02-13,LHX,0.01573265048428512
2026-02-13,LII,-0.01573265048428512
2026-02-13,LMT,0.01573265048428512
2026-02-13,LRCX,0.01573265048428512
2026-02-13,LULU,-0.01573265048428512
2026-02-13,LUV,0.01573265048428512
2026-02-13,LVS,0.01573265048428512
2026-02-13,LW,-0.01573265048428512
2026-02-13,LYB,-0.01573265048428512
2026-02-13,MAA,-0.01573265048428512
2026-02-13,MCK,0.01573265048428512
2026-02-13,META,-0.01573265048428512
2026-02-13,MKC,-0.01573265048428512
2026-02-13,MLM,0.01573265048428512
2026-02-13,MNST,0.01573265048428512
2026-02-13,MOH,-0.01573265048428512
2026-02-13,MS,0.01573265048428512
2026-02-13,MSI,-0.01573265048428512
2026-02-13,MU,0.01573265048428512
2026-02-13,NDAQ,0.01573265048428512
2026-02-13,NDSN,0.01573265048428512
2026-02-13,NEM,0.01573265048428512
2026-02-13,NFLX,-0.01573265048428512
2026-02-13,NOC,0.01573265048428512
2026-02-13,NOW,-0.01573265048428512
2026-02-13,NRG,0.01573265048428512
2026-02-13,NTRS,0.01573265048428512
2026-02-13,NWS,-0.01573265048428512
2026-02-13,NWSA,-0.01573265048428512
2026-02-13,OKE,-0.01573265048428512
2026-02-13,ORLY,-0.01573265048428512
2026-02-13,PAYC,-0.01573265048428512
2026-02-13,PAYX,-0.01573265048428512
2026-02-13,PG,-0.01573265048428512
2026-02-13,PGR,-0.01573265048428512
2026-02-13,PH,0.01573265048428512
2026-02-13,POOL,-0.01573265048428512
2026-02-13,PWR,0.01573265048428512
2026-02-13,PYPL,-0.01573265048428512
2026-02-13,REG,-0.01573265048428512
2026-02-13,ROK,0.01573265048428512
2026-02-13,ROL,0.01573265048428512
2026-02-13,ROP,-0.01573265048428512
2026-02-13,ROST,0.01573265048428512
2026-02-13,RTX,0.01573265048428512
2026-02-13,SBUX,-0.01573265048428512
2026-02-13,SCHW,0.01573265048428512
2026-02-13,STE,0.01573265048428512
2026-02-13,STLD,0.01573265048428512
2026-02-13,STT,0.01573265048428512
2026-02-13,STX,0.01573265048428512
2026-02-13,SW,-0.01573265048428512
2026-02-13,TAP,-0.01573265048428512
2026-02-13,TEL,0.01573265048428512
2026-02-13,TER,0.01573265048428512
2026-02-13,TGT,-0.01573265048428512
2026-02-13,TJX,0.01573265048428512
2026-02-13,TMUS,-0.01573265048428512
2026-02-13,TPL,-0.01573265048428512
2026-02-13,TPR,0.01573265048428512
2026-02-13,TXT,0.01573265048428512
2026-02-13,TYL,-0.01573265048428512
2026-02-13,UDR,-0.01573265048428512
2026-02-13,ULTA,0.01573265048428512
2026-02-13,UNH,-0.01573265048428512
2026-02-13,UNP,-0.01573265048428512
2026-02-13,VLO,0.01573265048428512
2026-02-13,VRSK,-0.01573265048428512
2026-02-13,VTR,0.01573265048428512
2026-02-13,WBD,0.01573265048428512
2026-02-13,WDAY,-0.01573265048428512
2026-02-13,WDC,0.01573265048428512
2026-02-13,WELL,0.01573265048428512
2026-02-13,WYNN,0.01573265048428512
2026-02-13,ZBRA,-0.01573265048428512
2026-02-13,ZTS,-0.01573265048428512
2026-02-20,ABT,-0.01596052725220859
2026-02-20,ACN,-0.01596052725220859
2026-02-20,ADBE,-0.01596052725220859
2026-02-20,ADM,0.01596052725220859
2026-02-20,ADP,-0.01596052725220859
2026-02-20,AJG,-0.01596052725220859
2026-02-20,ALB,0.01596052725220859
2026-02-20,ALLE,0.01596052725220859
2026-02-20,AMAT,0.01596052725220859
2026-02-20,AMCR,0.01596052725220859
2026-02-20,AMD,0.01596052725220859
2026-02-20,AME,0.01596052725220859
2026-02-20,AON,-0.01596052725220859
2026-02-20,APD,-0.01596052725220859
2026-02-20,APH,0.01596052725220859
2026-02-20,ARE,-0.01596052725220859
2026-02-20,AVB,-0.01596052725220859
2026-02-20,BA,0.01596052725220859
2026-02-20,BAX,-0.01596052725220859
2026-02-20,BBY,-0.01596052725220859
2026-02-20,BG,0.01596052725220859
2026-02-20,BK,0.01596052725220859
2026-02-20,BR,-0.01596052725220859
2026-02-20,BRO,-0.01596052725220859
2026-02-20,BSX,-0.01596052725220859
2026-02-20,C,0.01596052725220859
2026-02-20,CAG,-0.01596052725220859
2026-02-20,CAH,0.01596052725220859
2026-02-20,CARR,-0.01596052725220859
2026-02-20,CAT,0.01596052725220859
2026-02-20,CBOE,0.01596052725220859
2026-02-20,CDW,-0.01596052725220859
2026-02-20,CFG,0.01596052725220859
2026-02-20,CHD,-0.01596052725220859
2026-02-20,CHRW,0.01596052725220859
2026-02-20,CHTR,-0.01596052725220859
2026-02-20,CLX,-0.01596052725220859
2026-02-20,CMCSA,-0.01596052725220859
2026-02-20,CMG,-0.01596052725220859
2026-02-20,CMI,0.01596052725220859
2026-02-20,CNP,0.01596052725220859
2026-02-20,COR,0.01596052725220859
2026-02-20,CPB,-0.01596052725220859
2026-02-20,CPRT,-0.01596052725220859
2026-02-20,CPT,-0.01596052725220859
2026-02-20,CRM,-0.01596052725220859
2026-02-20,CSGP,-0.01596052725220859
2026-02-20,DD,-0.01596052725220859
2026-02-20,DECK,-0.01596052725220859
2026-02-20,DG,0.01596052725220859
2026-02-20,DLTR,0.01596052725220859
2026-02-20,DOC,-0.01596052725220859
2026-02-20,DOW,-0.01596052725220859
2026-02-20,DPZ,-0.01596052725220859
2026-02-20,DVA,-0.01596052725220859
2026-02-20,EA,0.01596052725220859
2026-02-20,EBAY,0.01596052725220859
2026-02-20,EL,0.01596052725220859
2026-02-20,EOG,-0.01596052725220859
2026-02-20,EQIX,-0.01596052725220859
2026-02-20,EQR,-0.01596052725220859
2026-02-20,ERIE,-0.01596052725220859
2026-02-20,ESS,-0.01596052725220859
2026-02-20,EXPD,0.01596052725220859
2026-02-20,F,0.01596052725220859
2026-02-20,FAST,-0.01596052725220859
2026-02-20,FCX,0.01596052725220859
2026-02-20,FDS,-0.01596052725220859
2026-02-20,FE,0.01596052725220859
2026-02-20,FFIV,-0.01596052725220859
2026-02-20,FOXA,0.01596052725220859
2026-02-20,FTNT,-0.01596052725220859
2026-02-20,FTV,-0.01596052725220859
2026-02-20,GD,0.01596052725220859
2026-02-20,GDDY,-0.01596052725220859
2026-02-20,GE,0.01596052725220859
2026-02-20,GEV,0.01596052725220859
2026-02-20,GIS,-0.01596052725220859
2026-02-20,GLW,0.01596052725220859
2026-02-20,GM,0.01596052725220859
2026-02-20,GOOG,0.01596052725220859
2026-02-20,GOOGL,0.01596052725220859
2026-02-20,GPN,-0.01596052725220859
2026-02-20,GS,0.01596052725220859
2026-02-20,HCA,0.01596052725220859
2026-02-20,HIG,0.01596052725220859
2026-02-20,HII,0.01596052725220859
2026-02-20,HPQ,-0.01596052725220859
2026-02-20,HRL,-0.01596052725220859
2026-02-20,HWM,0.01596052725220859
2026-02-20,IDXX,0.01596052725220859
2026-02-20,INCY,0.01596052725220859
2026-02-20,INTC,0.01596052725220859
2026-02-20,INVH,-0.01596052725220859
2026-02-20,IP,-0.01596052725220859
2026-02-20,IT,-0.01596052725220859
2026-02-20,IVZ,0.01596052725220859
2026-02-20,JBL,0.01596052725220859
2026-02-20,JCI,0.01596052725220859
2026-02-20,JNJ,0.01596052725220859
2026-02-20,KDP,-0.01596052725220859
2026-02-20,KHC,-0.01596052725220859
2026-02-20,KLAC,0.01596052725220859
2026-02-20,KMB,-0.01596052725220859
2026-02-20,KVUE,-0.01596052725220859
2026-02-20,L,0.01596052725220859
2026-02-20,LDOS,0.01596052725220859
2026-02-20,LHX,0.01596052725220859
2026-02-20,LII,-0.01596052725220859
2026-02-20,LMT,0.01596052725220859
2026-02-20,LRCX,0.01596052725220859
2026-02-20,LULU,-0.01596052725220859
2026-02-20,LUV,0.01596052725220859
2026-02-20,LW,-0.01596052725220859
2026-02-20,LYB,-0.01596052725220859
2026-02-20,MAA,-0.01596052725220859
2026-02-20,MCK,0.01596052725220859
2026-02-20,MKC,-0.01596052725220859
2026-02-20,MLM,0.01596052725220859
2026-02-20,MNST,0.01596052725220859
2026-02-20,MOH,-0.01596052725220859
2026-02-20,MPWR,0.01596052725220859
2026-02-20,MS,0.01596052725220859
2026-02-20,MU,0.01596052725220859
2026-02-20,NDAQ,0.01596052725220859
2026-02-20,NDSN,0.01596052725220859
2026-02-20,NEM,0.01596052725220859
2026-02-20,NFLX,-0.01596052725220859
2026-02-20,NOC,0.01596052725220859
2026-02-20,NOW,-0.01596052725220859
2026-02-20,NSC,0.01596052725220859
2026-02-20,NTAP,-0.01596052725220859
2026-02-20,NTRS,0.01596052725220859
2026-02-20,NUE,0.01596052725220859
2026-02-20,OKE,-0.01596052725220859
2026-02-20,ORLY,-0.01596052725220859
2026-02-20,OXY,-0.01596052725220859
2026-02-20,PAYC,-0.01596052725220859
2026-02-20,PAYX,-0.01596052725220859
2026-02-20,PG,-0.01596052725220859
2026-02-20,PGR,-0.01596052725220859
2026-02-20,PH,0.01596052725220859
2026-02-20,PLTR,0.01596052725220859
2026-02-20,POOL,-0.01596052725220859
2026-02-20,PWR,0.01596052725220859
2026-02-20,PYPL,-0.01596052725220859
2026-02-20,ROK,0.01596052725220859
2026-02-20,ROL,0.01596052725220859
2026-02-20,ROP,-0.01596052725220859
2026-02-20,ROST,0.01596052725220859
2026-02-20,RSG,-0.01596052725220859
2026-02-20,RTX,0.01596052725220859
2026-02-20,SBAC,-0.01596052725220859
2026-02-20,SBUX,-0.01596052725220859
2026-02-20,SCHW,0.01596052725220859
2026-02-20,SMCI,-0.01596052725220859
2026-02-20,STE,0.01596052725220859
2026-02-20,STLD,0.01596052725220859
2026-02-20,STT,0.01596052725220859
2026-02-20,STX,0.01596052725220859
2026-02-20,SW,-0.01596052725220859
2026-02-20,T,-0.01596052725220859
2026-02-20,TAP,-0.01596052725220859
2026-02-20,TDY,0.01596052725220859
2026-02-20,TEL,0.01596052725220859
2026-02-20,TER,0.01596052725220859
2026-02-20,TGT,-0.01596052725220859
2026-02-20,TJX,0.01596052725220859
2026-02-20,TMUS,-0.01596052725220859
2026-02-20,TPL,-0.01596052725220859
2026-02-20,TPR,0.01596052725220859
2026-02-20,TXT,0.01596052725220859
2026-02-20,TYL,-0.01596052725220859
2026-02-20,UDR,-0.01596052725220859
2026-02-20,ULTA,0.01596052725220859
2026-02-20,UNH,-0.01596052725220859
2026-02-20,URI,0.01596052725220859
2026-02-20,VICI,-0.01596052725220859
2026-02-20,VLO,0.01596052725220859
2026-02-20,VMC,0.01596052725220859
2026-02-20,VRSK,-0.01596052725220859
2026-02-20,VZ,-0.01596052725220859
2026-02-20,WAB,0.01596052725220859
2026-02-20,WBD,0.01596052725220859
2026-02-20,WDAY,-0.01596052725220859
2026-02-20,WDC,0.01596052725220859
2026-02-20,WELL,0.01596052725220859
2026-02-20,WMT,0.01596052725220859
2026-02-20,WY,-0.01596052725220859
2026-02-20,ZBH,-0.01596052725220859
2026-02-20,ZBRA,-0.01596052725220859
2026-02-20,ZTS,-0.01596052725220859
2026-02-27,ABT,-0.01628953870908552
2026-02-27,ACN,-0.01628953870908552
2026-02-27,ADBE,-0.01628953870908552
2026-02-27,ADM,0.01628953870908552
2026-02-27,ADP,-0.01628953870908552
2026-02-27,AJG,-0.01628953870908552
2026-02-27,ALB,0.01628953870908552
2026-02-27,ALLE,0.01628953870908552
2026-02-27,AMAT,0.01628953870908552
2026-02-27,AMCR,0.01628953870908552
2026-02-27,AMD,0.01628953870908552
2026-02-27,AME,0.01628953870908552
2026-02-27,ANET,0.01628953870908552
2026-02-27,AON,-0.01628953870908552
2026-02-27,APD,-0.01628953870908552
2026-02-27,APH,0.01628953870908552
2026-02-27,ARE,-0.01628953870908552
2026-02-27,AVB,-0.01628953870908552
2026-02-27,AVGO,0.01628953870908552
2026-02-27,BAX,-0.01628953870908552
2026-02-27,BBY,-0.01628953870908552
2026-02-27,BFB,-0.01628953870908552
2026-02-27,BG,0.01628953870908552
2026-02-27,BK,0.01628953870908552
2026-02-27,BR,-0.01628953870908552
2026-02-27,BRO,-0.01628953870908552
2026-02-27,C,0.01628953870908552
2026-02-27,CAG,-0.01628953870908552
2026-02-27,CAH,0.01628953870908552
2026-02-27,CAT,0.01628953870908552
2026-02-27,CBOE,0.01628953870908552
2026-02-27,CDW,-0.01628953870908552
2026-02-27,CFG,0.01628953870908552
2026-02-27,CHD,-0.01628953870908552
2026-02-27,CHRW,0.01628953870908552
2026-02-27,CHTR,-0.01628953870908552
2026-02-27,CLX,-0.01628953870908552
2026-02-27,CMCSA,-0.01628953870908552
2026-02-27,CMG,-0.01628953870908552
2026-02-27,CMI,0.01628953870908552
2026-02-27,CNP,0.01628953870908552
2026-02-27,COR,0.01628953870908552
2026-02-27,CPB,-0.01628953870908552
2026-02-27,CPRT,-0.01628953870908552
2026-02-27,CPT,-0.01628953870908552
2026-02-27,CRM,-0.01628953870908552
2026-02-27,CSCO,0.01628953870908552
2026-02-27,CSGP,-0.01628953870908552
2026-02-27,DD,-0.01628953870908552
2026-02-27,DECK,-0.01628953870908552
2026-02-27,DG,0.01628953870908552
2026-02-27,DLTR,0.01628953870908552
2026-02-27,DOC,-0.01628953870908552
2026-02-27,DOW,-0.01628953870908552
2026-02-27,DPZ,-0.01628953870908552
2026-02-27,DVA,-0.01628953870908552
2026-02-27,EA,0.01628953870908552
2026-02-27,EBAY,0.01628953870908552
2026-02-27,EFX,-0.01628953870908552
2026-02-27,EL,0.01628953870908552
2026-02-27,EOG,-0.01628953870908552
2026-02-27,EQR,-0.01628953870908552
2026-02-27,ERIE,-0.01628953870908552
2026-02-27,ESS,-0.01628953870908552
2026-02-27,EXPD,0.01628953870908552
2026-02-27,F,0.01628953870908552
2026-02-27,FAST,-0.01628953870908552
2026-02-27,FCX,0.01628953870908552
2026-02-27,FDS,-0.01628953870908552
2026-02-27,FE,0.01628953870908552
2026-02-27,FIS,-0.01628953870908552
2026-02-27,FTNT,-0.01628953870908552
2026-02-27,FTV,-0.01628953870908552
2026-02-27,GD,0.01628953870908552
2026-02-27,GDDY,-0.01628953870908552
2026-02-27,GE,0.01628953870908552
2026-02-27,GEV,0.01628953870908552
2026-02-27,GIS,-0.01628953870908552
2026-02-27,GLW,0.01628953870908552
2026-02-27,GM,0.01628953870908552
2026-02-27,GOOG,0.01628953870908552
2026-02-27,GOOGL,0.01628953870908552
2026-02-27,GPN,-0.01628953870908552
2026-02-27,GS,0.01628953870908552
2026-02-27,HCA,0.01628953870908552
2026-02-27,HII,0.01628953870908552
2026-02-27,HPQ,-0.01628953870908552
2026-02-27,HRL,-0.01628953870908552
2026-02-27,HUBB,0.01628953870908552
2026-02-27,HUM,-0.01628953870908552
2026-02-27,HWM,0.01628953870908552
2026-02-27,IDXX,0.01628953870908552
2026-02-27,IFF,-0.01628953870908552
2026-02-27,INCY,0.01628953870908552
2026-02-27,INTC,0.01628953870908552
2026-02-27,INTU,-0.01628953870908552
2026-02-27,INVH,-0.01628953870908552
2026-02-27,IP,-0.01628953870908552
2026-02-27,IT,-0.01628953870908552
2026-02-27,IVZ,0.01628953870908552
2026-02-27,JBL,0.01628953870908552
2026-02-27,JCI,0.01628953870908552
2026-02-27,JNJ,0.01628953870908552
2026-02-27,KDP,-0.01628953870908552
2026-02-27,KEYS,0.01628953870908552
2026-02-27,KHC,-0.01628953870908552
2026-02-27,KLAC,0.01628953870908552
2026-02-27,KMB,-0.01628953870908552
2026-02-27,KVUE,-0.01628953870908552
2026-02-27,L,0.01628953870908552
2026-02-27,LDOS,0.01628953870908552
2026-02-27,LHX,0.01628953870908552
2026-02-27,LII,-0.01628953870908552
2026-02-27,LMT,0.01628953870908552
2026-02-27,LRCX,0.01628953870908552
2026-02-27,LULU,-0.01628953870908552
2026-02-27,LUV,0.01628953870908552
2026-02-27,LYB,-0.01628953870908552
2026-02-27,MAA,-0.01628953870908552
2026-02-27,MCK,0.01628953870908552
2026-02-27,MDLZ,-0.01628953870908552
2026-02-27,MKC,-0.01628953870908552
2026-02-27,MLM,0.01628953870908552
2026-02-27,MNST,0.01628953870908552
2026-02-27,MOH,-0.01628953870908552
2026-02-27,MPWR,0.01628953870908552
2026-02-27,MS,0.01628953870908552
2026-02-27,MU,0.01628953870908552
2026-02-27,NDSN,0.01628953870908552
2026-02-27,NEE,0.01628953870908552
2026-02-27,NEM,0.01628953870908552
2026-02-27,NFLX,-0.01628953870908552
2026-02-27,NKE,-0.01628953870908552
2026-02-27,NOC,0.01628953870908552
2026-02-27,NOW,-0.01628953870908552
2026-02-27,NSC,0.01628953870908552
2026-02-27,NTRS,0.01628953870908552
2026-02-27,NUE,0.01628953870908552
2026-02-27,NVDA,0.01628953870908552
2026-02-27,OKE,-0.01628953870908552
2026-02-27,ORLY,-0.01628953870908552
2026-02-27,OTIS,-0.01628953870908552
2026-02-27,PAYC,-0.01628953870908552
2026-02-27,PAYX,-0.01628953870908552
2026-02-27,PG,-0.01628953870908552
2026-02-27,PGR,-0.01628953870908552
2026-02-27,PH,0.01628953870908552
2026-02-27,PLTR,0.01628953870908552
2026-02-27,POOL,-0.01628953870908552
2026-02-27,PWR,0.01628953870908552
2026-02-27,PYPL,-0.01628953870908552
2026-02-27,ROK,0.01628953870908552
2026-02-27,ROL,0.01628953870908552
2026-02-27,ROP,-0.01628953870908552
2026-02-27,ROST,0.01628953870908552
2026-02-27,RSG,-0.01628953870908552
2026-02-27,RTX,0.01628953870908552
2026-02-27,SBAC,-0.01628953870908552
2026-02-27,SBUX,-0.01628953870908552
2026-02-27,SCHW,0.01628953870908552
2026-02-27,SNDK,0.01628953870908552
2026-02-27,STLD,0.01628953870908552
2026-02-27,STT,0.01628953870908552
2026-02-27,STX,0.01628953870908552
2026-02-27,SW,-0.01628953870908552
2026-02-27,SYK,-0.01628953870908552
2026-02-27,TAP,-0.01628953870908552
2026-02-27,TDY,0.01628953870908552
2026-02-27,TEL,0.01628953870908552
2026-02-27,TER,0.01628953870908552
2026-02-27,TGT,-0.01628953870908552
2026-02-27,TJX,0.01628953870908552
2026-02-27,TMUS,-0.01628953870908552
2026-02-27,TPL,-0.01628953870908552
2026-02-27,TPR,0.01628953870908552
2026-02-27,TYL,-0.01628953870908552
2026-02-27,UDR,-0.01628953870908552
2026-02-27,ULTA,0.01628953870908552
2026-02-27,UNH,-0.01628953870908552
2026-02-27,VICI,-0.01628953870908552
2026-02-27,VMC,0.01628953870908552
2026-02-27,VRSK,-0.01628953870908552
2026-02-27,WAB,0.01628953870908552
2026-02-27,WBD,0.01628953870908552
2026-02-27,WDAY,-0.01628953870908552
2026-02-27,WDC,0.01628953870908552
2026-02-27,WELL,0.01628953870908552
2026-02-27,WY,-0.01628953870908552
2026-02-27,XOM,0.01628953870908552
2026-02-27,ZBH,-0.01628953870908552
2026-02-27,ZBRA,-0.01628953870908552
2026-02-27,ZTS,-0.01628953870908552
2026-03-06,ABT,-0.013254191097038919
2026-03-06,ACN,-0.013254191097038919
2026-03-06,ADBE,-0.013254191097038919
2026-03-06,ADM,0.013254191097038919
2026-03-06,ADP,-0.013254191097038919
2026-03-06,AJG,-0.013254191097038919
2026-03-06,ALB,0.013254191097038919
2026-03-06,ALLE,0.013254191097038919
2026-03-06,AMAT,0.013254191097038919
2026-03-06,AMCR,0.013254191097038919
2026-03-06,AMD,0.013254191097038919
2026-03-06,AME,0.013254191097038919
2026-03-06,AMT,-0.013254191097038919
2026-03-06,AON,-0.013254191097038919
2026-03-06,APH,0.013254191097038919
2026-03-06,ARE,-0.013254191097038919
2026-03-06,AVB,-0.013254191097038919
2026-03-06,AVGO,0.013254191097038919
2026-03-06,AWK,-0.013254191097038919
2026-03-06,BA,0.013254191097038919
2026-03-06,BAX,-0.013254191097038919
2026-03-06,BFB,-0.013254191097038919
2026-03-06,BG,0.013254191097038919
2026-03-06,BK,0.013254191097038919
2026-03-06,BR,-0.013254191097038919
2026-03-06,BRO,-0.013254191097038919
2026-03-06,BSX,-0.013254191097038919
2026-03-06,C,0.013254191097038919
2026-03-06,CAG,-0.013254191097038919
2026-03-06,CAH,0.013254191097038919
2026-03-06,CAT,0.013254191097038919
2026-03-06,CBOE,0.013254191097038919
2026-03-06,CCI,-0.013254191097038919
2026-03-06,CDW,-0.013254191097038919
2026-03-06,CFG,0.013254191097038919
2026-03-06,CHD,-0.013254191097038919
2026-03-06,CHRW,0.013254191097038919
2026-03-06,CHTR,-0.013254191097038919
2026-03-06,CLX,-0.013254191097038919
2026-03-06,CMCSA,-0.013254191097038919
2026-03-06,CMG,-0.013254191097038919
2026-03-06,CMI,0.013254191097038919
2026-03-06,CNC,-0.013254191097038919
2026-03-06,CNP,0.013254191097038919
2026-03-06,COR,0.013254191097038919
2026-03-06,CPB,-0.013254191097038919
2026-03-06,CPRT,-0.013254191097038919
2026-03-06,CPT,-0.013254191097038919
2026-03-06,CRM,-0.013254191097038919
2026-03-06,CSCO,0.013254191097038919
2026-03-06,CSGP,-0.013254191097038919
2026-03-06,CSX,0.013254191097038919
2026-03-06,DD,-0.013254191097038919
2026-03-06,DG,0.013254191097038919
2026-03-06,DLTR,0.013254191097038919
2026-03-06,DOC,-0.013254191097038919
2026-03-06,DOW,-0.013254191097038919
2026-03-06,DPZ,-0.013254191097038919
2026-03-06,EA,0.013254191097038919
2026-03-06,EFX,-0.013254191097038919
2026-03-06,EG,-0.013254191097038919
2026-03-06,ELV,-0.013254191097038919
2026-03-06,EQR,-0.013254191097038919
2026-03-06,ERIE,-0.013254191097038919
2026-03-06,ESS,-0.013254191097038919
2026-03-06,EXPD,0.013254191097038919
2026-03-06,F,0.013254191097038919
2026-03-06,FAST,-0.013254191097038919
2026-03-06,FDS,-0.013254191097038919
2026-03-06,FDX,0.013254191097038919
2026-03-06,FE,0.013254191097038919
2026-03-06,FICO,-0.013254191097038919
2026-03-06,FIS,-0.013254191097038919
2026-03-06,FTNT,-0.013254191097038919
2026-03-06,FTV,-0.013254191097038919
2026-03-06,GD,0.013254191097038919
2026-03-06,GDDY,-0.013254191097038919
2026-03-06,GE,0.013254191097038919
2026-03-06,GEN,-0.013254191097038919
2026-03-06,GEV,0.013254191097038919
2026-03-06,GIS,-0.013254191097038919
2026-03-06,GLW,0.013254191097038919
2026-03-06,GM,0.013254191097038919
2026-03-06,GOOG,0.013254191097038919
2026-03-06,GOOGL,0.013254191097038919
2026-03-06,GPN,-0.013254191097038919
2026-03-06,GS,0.013254191097038919
2026-03-06,HAS,0.013254191097038919
2026-03-06,HCA,0.013254191097038919
2026-03-06,HII,0.013254191097038919
2026-03-06,HPQ,-0.013254191097038919
2026-03-06,HRL,-0.013254191097038919
2026-03-06,HUBB,0.013254191097038919
2026-03-06,HUM,-0.013254191097038919
2026-03-06,HWM,0.013254191097038919
2026-03-06,IDXX,0.013254191097038919
2026-03-06,INCY,0.013254191097038919
2026-03-06,INTC,0.013254191097038919
2026-03-06,INTU,-0.013254191097038919
2026-03-06,INVH,-0.013254191097038919
2026-03-06,IT,-0.013254191097038919
2026-03-06,IVZ,0.013254191097038919
2026-03-06,JBL,0.013254191097038919
2026-03-06,JCI,0.013254191097038919
2026-03-06,JNJ,0.013254191097038919
2026-03-06,KDP,-0.013254191097038919
2026-03-06,KEY,0.013254191097038919
2026-03-06,KHC,-0.013254191097038919
2026-03-06,KLAC,0.013254191097038919
2026-03-06,KMB,-0.013254191097038919
2026-03-06,KVUE,-0.013254191097038919
2026-03-06,L,0.013254191097038919
2026-03-06,LDOS,0.013254191097038919
2026-03-06,LHX,0.013254191097038919
2026-03-06,LMT,0.013254191097038919
2026-03-06,LRCX,0.013254191097038919
2026-03-06,LULU,-0.013254191097038919
2026-03-06,LUV,0.013254191097038919
2026-03-06,LYB,-0.013254191097038919
2026-03-06,MAA,-0.013254191097038919
2026-03-06,MCK,0.013254191097038919
2026-03-06,MDLZ,-0.013254191097038919
2026-03-06,MKC,-0.013254191097038919
2026-03-06,MLM,0.013254191097038919
2026-03-06,MNST,0.013254191097038919
2026-03-06,MOH,-0.013254191097038919
2026-03-06,MPWR,0.013254191097038919
2026-03-06,MS,0.013254191097038919
2026-03-06,MU,0.013254191097038919
2026-03-06,NDSN,0.013254191097038919
2026-03-06,NEM,0.013254191097038919
2026-03-06,NFLX,-0.013254191097038919
2026-03-06,NKE,-0.013254191097038919
2026-03-06,NOC,0.013254191097038919
2026-03-06,NOW,-0.013254191097038919
2026-03-06,NSC,0.013254191097038919
2026-03-06,NTRS,0.013254191097038919
2026-03-06,NUE,0.013254191097038919
2026-03-06,NVDA,0.013254191097038919
2026-03-06,NWS,-0.013254191097038919
2026-03-06,NWSA,-0.013254191097038919
2026-03-06,OMC,-0.013254191097038919
2026-03-06,ORLY,-0.013254191097038919
2026-03-06,OTIS,-0.013254191097038919
2026-03-06,PANW,-0.013254191097038919
2026-03-06,PAYC,-0.013254191097038919
2026-03-06,PAYX,-0.013254191097038919
2026-03-06,PG,-0.013254191097038919
2026-03-06,PGR,-0.013254191097038919
2026-03-06,PH,0.013254191097038919
2026-03-06,POOL,-0.013254191097038919
2026-03-06,PWR,0.013254191097038919
2026-03-06,PYPL,-0.013254191097038919
2026-03-06,RF,0.013254191097038919
2026-03-06,ROK,0.013254191097038919
2026-03-06,ROL,0.013254191097038919
2026-03-06,ROP,-0.013254191097038919
2026-03-06,ROST,0.013254191097038919
2026-03-06,RTX,0.013254191097038919
2026-03-06,SBAC,-0.013254191097038919
2026-03-06,SCHW,0.013254191097038919
2026-03-06,SPGI,-0.013254191097038919
2026-03-06,STLD,0.013254191097038919
2026-03-06,STT,0.013254191097038919
2026-03-06,STX,0.013254191097038919
2026-03-06,TAP,-0.013254191097038919
2026-03-06,TDY,0.013254191097038919
2026-03-06,TER,0.013254191097038919
2026-03-06,TJX,0.013254191097038919
2026-03-06,TMUS,-0.013254191097038919
2026-03-06,TPL,-0.013254191097038919
2026-03-06,TPR,0.013254191097038919
2026-03-06,TYL,-0.013254191097038919
2026-03-06,UDR,-0.013254191097038919
2026-03-06,ULTA,0.013254191097038919
2026-03-06,UNH,-0.013254191097038919
2026-03-06,VICI,-0.013254191097038919
2026-03-06,VLO,0.013254191097038919
2026-03-06,VMC,0.013254191097038919
2026-03-06,VRSK,-0.013254191097038919
2026-03-06,VTRS,0.013254191097038919
2026-03-06,WAB,0.013254191097038919
2026-03-06,WBD,0.013254191097038919
2026-03-06,WDAY,-0.013254191097038919
2026-03-06,WDC,0.013254191097038919
2026-03-06,WELL,0.013254191097038919
2026-03-06,WMT,0.013254191097038919
2026-03-06,WY,-0.013254191097038919
2026-03-06,XOM,0.013254191097038919
2026-03-06,ZBH,-0.013254191097038919
2026-03-06,ZBRA,-0.013254191097038919
2026-03-06,ZTS,-0.013254191097038919
2026-03-13,ABT,-0.012388312052500867
2026-03-13,ACN,-0.012388312052500867
2026-03-13,ADBE,-0.012388312052500867
2026-03-13,ADI,0.012388312052500867
2026-03-13,ADM,0.012388312052500867
2026-03-13,ADP,-0.012388312052500867
2026-03-13,ADSK,-0.012388312052500867
2026-03-13,AJG,-0.012388312052500867
2026-03-13,ALB,0.012388312052500867
2026-03-13,ALLE,0.012388312052500867
2026-03-13,AMAT,0.012388312052500867
2026-03-13,AMCR,0.012388312052500867
2026-03-13,AMD,0.012388312052500867
2026-03-13,AME,0.012388312052500867
2026-03-13,AMT,-0.012388312052500867
2026-03-13,AON,-0.012388312052500867
2026-03-13,APH,0.012388312052500867
2026-03-13,ARE,-0.012388312052500867
2026-03-13,AVB,-0.012388312052500867
2026-03-13,AWK,-0.012388312052500867
2026-03-13,AXON,-0.012388312052500867
2026-03-13,BAX,-0.012388312052500867
2026-03-13,BDX,-0.012388312052500867
2026-03-13,BEN,0.012388312052500867
2026-03-13,BFB,-0.012388312052500867
2026-03-13,BG,0.012388312052500867
2026-03-13,BK,0.012388312052500867
2026-03-13,BR,-0.012388312052500867
2026-03-13,BRO,-0.012388312052500867
2026-03-13,BSX,-0.012388312052500867
2026-03-13,C,0.012388312052500867
2026-03-13,CAG,-0.012388312052500867
2026-03-13,CAH,0.012388312052500867
2026-03-13,CAT,0.012388312052500867
2026-03-13,CCL,0.012388312052500867
2026-03-13,CDW,-0.012388312052500867
2026-03-13,CFG,0.012388312052500867
2026-03-13,CHD,-0.012388312052500867
2026-03-13,CHRW,0.012388312052500867
2026-03-13,CHTR,-0.012388312052500867
2026-03-13,CLX,-0.012388312052500867
2026-03-13,CMCSA,-0.012388312052500867
2026-03-13,CMG,-0.012388312052500867
2026-03-13,CMI,0.012388312052500867
2026-03-13,CNC,-0.012388312052500867
2026-03-13,COR,0.012388312052500867
2026-03-13,CPB,-0.012388312052500867
2026-03-13,CPRT,-0.012388312052500867
2026-03-13,CPT,-0.012388312052500867
2026-03-13,CRM,-0.012388312052500867
2026-03-13,CSGP,-0.012388312052500867
2026-03-13,CSX,0.012388312052500867
2026-03-13,CTSH,-0.012388312052500867
2026-03-13,DD,-0.012388312052500867
2026-03-13,DG,0.012388312052500867
2026-03-13,DLTR,0.012388312052500867
2026-03-13,DOC,-0.012388312052500867
2026-03-13,DPZ,-0.012388312052500867
2026-03-13,EA,0.012388312052500867
2026-03-13,EFX,-0.012388312052500867
2026-03-13,EL,0.012388312052500867
2026-03-13,ELV,-0.012388312052500867
2026-03-13,EQR,-0.012388312052500867
2026-03-13,ERIE,-0.012388312052500867
2026-03-13,ESS,-0.012388312052500867
2026-03-13,F,0.012388312052500867
2026-03-13,FAST,-0.012388312052500867
2026-03-13,FDS,-0.012388312052500867
2026-03-13,FDX,0.012388312052500867
2026-03-13,FE,0.012388312052500867
2026-03-13,FICO,-0.012388312052500867
2026-03-13,FIS,-0.012388312052500867
2026-03-13,FTV,-0.012388312052500867
2026-03-13,GD,0.012388312052500867
2026-03-13,GDDY,-0.012388312052500867
2026-03-13,GE,0.012388312052500867
2026-03-13,GEN,-0.012388312052500867
2026-03-13,GEV,0.012388312052500867
2026-03-13,GIS,-0.012388312052500867
2026-03-13,GLW,0.012388312052500867
2026-03-13,GM,0.012388312052500867
2026-03-13,GOOG,0.012388312052500867
2026-03-13,GOOGL,0.012388312052500867
2026-03-13,GPN,-0.012388312052500867
2026-03-13,GS,0.012388312052500867
2026-03-13,HAS,0.012388312052500867
2026-03-13,HCA,0.012388312052500867
2026-03-13,HII,0.012388312052500867
2026-03-13,HLT,0.012388312052500867
2026-03-13,HPQ,-0.012388312052500867
2026-03-13,HRL,-0.012388312052500867
2026-03-13,HUBB,0.012388312052500867
2026-03-13,HUM,-0.012388312052500867
2026-03-13,HWM,0.012388312052500867
2026-03-13,ICE,-0.012388312052500867
2026-03-13,INCY,0.012388312052500867
2026-03-13,INTC,0.012388312052500867
2026-03-13,INTU,-0.012388312052500867
2026-03-13,INVH,-0.012388312052500867
2026-03-13,IT,-0.012388312052500867
2026-03-13,IVZ,0.012388312052500867
2026-03-13,JBL,0.012388312052500867
2026-03-13,JCI,0.012388312052500867
2026-03-13,JKHY,-0.012388312052500867
2026-03-13,JNJ,0.012388312052500867
2026-03-13,KDP,-0.012388312052500867
2026-03-13,KEY,0.012388312052500867
2026-03-13,KEYS,0.012388312052500867
2026-03-13,KHC,-0.012388312052500867
2026-03-13,KLAC,0.012388312052500867
2026-03-13,KMB,-0.012388312052500867
2026-03-13,KVUE,-0.012388312052500867
2026-03-13,L,0.012388312052500867
2026-03-13,LHX,0.012388312052500867
2026-03-13,LMT,0.012388312052500867
2026-03-13,LRCX,0.012388312052500867
2026-03-13,LULU,-0.012388312052500867
2026-03-13,LYB,-0.012388312052500867
2026-03-13,MAA,-0.012388312052500867
2026-03-13,MAR,0.012388312052500867
2026-03-13,MCK,0.012388312052500867
2026-03-13,MKC,-0.012388312052500867
2026-03-13,MLM,0.012388312052500867
2026-03-13,MNST,0.012388312052500867
2026-03-13,MOH,-0.012388312052500867
2026-03-13,MPWR,0.012388312052500867
2026-03-13,MS,0.012388312052500867
2026-03-13,MU,0.012388312052500867
2026-03-13,NDSN,0.012388312052500867
2026-03-13,NEM,0.012388312052500867
2026-03-13,NFLX,-0.012388312052500867
2026-03-13,NKE,-0.012388312052500867
2026-03-13,NOC,0.012388312052500867
2026-03-13,NOW,-0.012388312052500867
2026-03-13,NRG,0.012388312052500867
2026-03-13,NSC,0.012388312052500867
2026-03-13,NTRS,0.012388312052500867
2026-03-13,NUE,0.012388312052500867
2026-03-13,NVDA,0.012388312052500867
2026-03-13,NWS,-0.012388312052500867
2026-03-13,NWSA,-0.012388312052500867
2026-03-13,OKE,-0.012388312052500867
2026-03-13,OMC,-0.012388312052500867
2026-03-13,ORLY,-0.012388312052500867
2026-03-13,OTIS,-0.012388312052500867
2026-03-13,PAYC,-0.012388312052500867
2026-03-13,PAYX,-0.012388312052500867
2026-03-13,PGR,-0.012388312052500867
2026-03-13,PH,0.012388312052500867
2026-03-13,POOL,-0.012388312052500867
2026-03-13,PWR,0.012388312052500867
2026-03-13,PYPL,-0.012388312052500867
2026-03-13,RL,0.012388312052500867
2026-03-13,ROK,0.012388312052500867
2026-03-13,ROP,-0.012388312052500867
2026-03-13,ROST,0.012388312052500867
2026-03-13,RTX,0.012388312052500867
2026-03-13,RVTY,-0.012388312052500867
2026-03-13,SCHW,0.012388312052500867
2026-03-13,SPGI,-0.012388312052500867
2026-03-13,STLD,0.012388312052500867
2026-03-13,STT,0.012388312052500867
2026-03-13,STX,0.012388312052500867
2026-03-13,STZ,-0.012388312052500867
2026-03-13,TDY,0.012388312052500867
2026-03-13,TEL,0.012388312052500867
2026-03-13,TER,0.012388312052500867
2026-03-13,TJX,0.012388312052500867
2026-03-13,TMUS,-0.012388312052500867
2026-03-13,TPL,-0.012388312052500867
2026-03-13,TPR,0.012388312052500867
2026-03-13,TYL,-0.012388312052500867
2026-03-13,UDR,-0.012388312052500867
2026-03-13,ULTA,0.012388312052500867
2026-03-13,UNH,-0.012388312052500867
2026-03-13,USB,0.012388312052500867
2026-03-13,VICI,-0.012388312052500867
2026-03-13,VMC,0.012388312052500867
2026-03-13,VRSK,-0.012388312052500867
2026-03-13,VTR,0.012388312052500867
2026-03-13,VTRS,0.012388312052500867
2026-03-13,WAB,0.012388312052500867
2026-03-13,WAT,-0.012388312052500867
2026-03-13,WBD,0.012388312052500867
2026-03-13,WDAY,-0.012388312052500867
2026-03-13,WDC,0.012388312052500867
2026-03-13,WELL,0.012388312052500867
2026-03-13,WMT,0.012388312052500867
2026-03-13,WTW,-0.012388312052500867
2026-03-13,XOM,0.012388312052500867
2026-03-13,ZBH,-0.012388312052500867
2026-03-13,ZTS,-0.012388312052500867
2026-03-20,ABT,-0.012661929196045684
2026-03-20,ACN,-0.012661929196045684
2026-03-20,ADBE,-0.012661929196045684
2026-03-20,ADI,0.012661929196045684
2026-03-20,ADM,0.012661929196045684
2026-03-20,ADP,-0.012661929196045684
2026-03-20,ADSK,-0.012661929196045684
2026-03-20,AJG,-0.012661929196045684
2026-03-20,ALB,0.012661929196045684
2026-03-20,AMAT,0.012661929196045684
2026-03-20,AMCR,0.012661929196045684
2026-03-20,AMD,0.012661929196045684
2026-03-20,AME,0.012661929196045684
2026-03-20,AMT,-0.012661929196045684
2026-03-20,AON,-0.012661929196045684
2026-03-20,APH,0.012661929196045684
2026-03-20,APO,-0.012661929196045684
2026-03-20,ARE,-0.012661929196045684
2026-03-20,AVB,-0.012661929196045684
2026-03-20,AVGO,0.012661929196045684
2026-03-20,BAX,-0.012661929196045684
2026-03-20,BDX,-0.012661929196045684
2026-03-20,BFB,-0.012661929196045684
2026-03-20,BG,0.012661929196045684
2026-03-20,BK,0.012661929196045684
2026-03-20,BKNG,-0.012661929196045684
2026-03-20,BR,-0.012661929196045684
2026-03-20,BRKB,-0.012661929196045684
2026-03-20,BRO,-0.012661929196045684
2026-03-20,BSX,-0.012661929196045684
2026-03-20,BX,-0.012661929196045684
2026-03-20,C,0.012661929196045684
2026-03-20,CAG,-0.012661929196045684
2026-03-20,CAH,0.012661929196045684
2026-03-20,CAT,0.012661929196045684
2026-03-20,CBOE,0.012661929196045684
2026-03-20,CCI,-0.012661929196045684
2026-03-20,CDW,-0.012661929196045684
2026-03-20,CFG,0.012661929196045684
2026-03-20,CHRW,0.012661929196045684
2026-03-20,CHTR,-0.012661929196045684
2026-03-20,CLX,-0.012661929196045684
2026-03-20,CMCSA,-0.012661929196045684
2026-03-20,CMG,-0.012661929196045684
2026-03-20,CMI,0.012661929196045684
2026-03-20,CNC,-0.012661929196045684
2026-03-20,COR,0.012661929196045684
2026-03-20,CPB,-0.012661929196045684
2026-03-20,CPRT,-0.012661929196045684
2026-03-20,CPT,-0.012661929196045684
2026-03-20,CRM,-0.012661929196045684
2026-03-20,CSGP,-0.012661929196045684
2026-03-20,CSX,0.012661929196045684
2026-03-20,CTSH,-0.012661929196045684
2026-03-20,DD,-0.012661929196045684
2026-03-20,DE,0.012661929196045684
2026-03-20,DG,0.012661929196045684
2026-03-20,DLTR,0.012661929196045684
2026-03-20,DOC,-0.012661929196045684
2026-03-20,DPZ,-0.012661929196045684
2026-03-20,EA,0.012661929196045684
2026-03-20,EFX,-0.012661929196045684
2026-03-20,EL,0.012661929196045684
2026-03-20,ELV,-0.012661929196045684
2026-03-20,EPAM,-0.012661929196045684
2026-03-20,EQR,-0.012661929196045684
2026-03-20,ERIE,-0.012661929196045684
2026-03-20,ESS,-0.012661929196045684
2026-03-20,F,0.012661929196045684
2026-03-20,FAST,-0.012661929196045684
2026-03-20,FDS,-0.012661929196045684
2026-03-20,FDX,0.012661929196045684
2026-03-20,FE,0.012661929196045684
2026-03-20,FICO,-0.012661929196045684
2026-03-20,FIS,-0.012661929196045684
2026-03-20,FTNT,-0.012661929196045684
2026-03-20,FTV,-0.012661929196045684
2026-03-20,GD,0.012661929196045684
2026-03-20,GDDY,-0.012661929196045684
2026-03-20,GE,0.012661929196045684
2026-03-20,GEN,-0.012661929196045684
2026-03-20,GEV,0.012661929196045684
2026-03-20,GILD,0.012661929196045684
2026-03-20,GIS,-0.012661929196045684
2026-03-20,GLW,0.012661929196045684
2026-03-20,GM,0.012661929196045684
2026-03-20,GOOG,0.012661929196045684
2026-03-20,GOOGL,0.012661929196045684
2026-03-20,GPN,-0.012661929196045684
2026-03-20,GS,0.012661929196045684
2026-03-20,HAS,0.012661929196045684
2026-03-20,HCA,0.012661929196045684
2026-03-20,HII,0.012661929196045684
2026-03-20,HLT,0.012661929196045684
2026-03-20,HPQ,-0.012661929196045684
2026-03-20,HRL,-0.012661929196045684
2026-03-20,HUBB,0.012661929196045684
2026-03-20,HUM,-0.012661929196045684
2026-03-20,HWM,0.012661929196045684
2026-03-20,ICE,-0.012661929196045684
2026-03-20,IDXX,0.012661929196045684
2026-03-20,INCY,0.012661929196045684
2026-03-20,INTC,0.012661929196045684
2026-03-20,INTU,-0.012661929196045684
2026-03-20,INVH,-0.012661929196045684
2026-03-20,IT,-0.012661929196045684
2026-03-20,IVZ,0.012661929196045684
2026-03-20,JBHT,0.012661929196045684
2026-03-20,JBL,0.012661929196045684
2026-03-20,JCI,0.012661929196045684
2026-03-20,JNJ,0.012661929196045684
2026-03-20,KDP,-0.012661929196045684
2026-03-20,KEYS,0.012661929196045684
2026-03-20,KHC,-0.012661929196045684
2026-03-20,KLAC,0.012661929196045684
2026-03-20,KMB,-0.012661929196045684
2026-03-20,KVUE,-0.012661929196045684
2026-03-20,L,0.012661929196045684
2026-03-20,LHX,0.012661929196045684
2026-03-20,LMT,0.012661929196045684
2026-03-20,LRCX,0.012661929196045684
2026-03-20,LULU,-0.012661929196045684
2026-03-20,LYB,-0.012661929196045684
2026-03-20,MAA,-0.012661929196045684
2026-03-20,MAR,0.012661929196045684
2026-03-20,MCK,0.012661929196045684
2026-03-20,MKC,-0.012661929196045684
2026-03-20,MLM,0.012661929196045684
2026-03-20,MNST,0.012661929196045684
2026-03-20,MOH,-0.012661929196045684
2026-03-20,MPWR,0.012661929196045684
2026-03-20,MS,0.012661929196045684
2026-03-20,MU,0.012661929196045684
2026-03-20,NDSN,0.012661929196045684
2026-03-20,NEM,0.012661929196045684
2026-03-20,NFLX,-0.012661929196045684
2026-03-20,NOC,0.012661929196045684
2026-03-20,NOW,-0.012661929196045684
2026-03-20,NRG,0.012661929196045684
2026-03-20,NSC,0.012661929196045684
2026-03-20,NTRS,0.012661929196045684
2026-03-20,NVDA,0.012661929196045684
2026-03-20,NWS,-0.012661929196045684
2026-03-20,NWSA,-0.012661929196045684
2026-03-20,OKE,-0.012661929196045684
2026-03-20,ORLY,-0.012661929196045684
2026-03-20,PANW,-0.012661929196045684
2026-03-20,PAYC,-0.012661929196045684
2026-03-20,PAYX,-0.012661929196045684
2026-03-20,PGR,-0.012661929196045684
2026-03-20,PH,0.012661929196045684
2026-03-20,POOL,-0.012661929196045684
2026-03-20,PWR,0.012661929196045684
2026-03-20,PYPL,-0.012661929196045684
2026-03-20,RL,0.012661929196045684
2026-03-20,ROK,0.012661929196045684
2026-03-20,ROP,-0.012661929196045684
2026-03-20,ROST,0.012661929196045684
2026-03-20,RTX,0.012661929196045684
2026-03-20,SPGI,-0.012661929196045684
2026-03-20,STLD,0.012661929196045684
2026-03-20,STT,0.012661929196045684
2026-03-20,STX,0.012661929196045684
2026-03-20,STZ,-0.012661929196045684
2026-03-20,TAP,-0.012661929196045684
2026-03-20,TDY,0.012661929196045684
2026-03-20,TEL,0.012661929196045684
2026-03-20,TER,0.012661929196045684
2026-03-20,TJX,0.012661929196045684
2026-03-20,TMUS,-0.012661929196045684
2026-03-20,TPL,-0.012661929196045684
2026-03-20,TPR,0.012661929196045684
2026-03-20,TSLA,0.012661929196045684
2026-03-20,TYL,-0.012661929196045684
2026-03-20,UDR,-0.012661929196045684
2026-03-20,ULTA,0.012661929196045684
2026-03-20,UNH,-0.012661929196045684
2026-03-20,USB,0.012661929196045684
2026-03-20,VMC,0.012661929196045684
2026-03-20,VRSK,-0.012661929196045684
2026-03-20,VRSN,-0.012661929196045684
2026-03-20,VTR,0.012661929196045684
2026-03-20,VTRS,0.012661929196045684
2026-03-20,WAB,0.012661929196045684
2026-03-20,WBD,0.012661929196045684
2026-03-20,WDAY,-0.012661929196045684
2026-03-20,WDC,0.012661929196045684
2026-03-20,WELL,0.012661929196045684
2026-03-20,WMT,0.012661929196045684
2026-03-20,WTW,-0.012661929196045684
2026-03-20,WY,-0.012661929196045684
2026-03-20,ZTS,-0.012661929196045684
2026-03-27,ABT,-0.012535442856606781
2026-03-27,ACN,-0.012535442856606781
2026-03-27,ADBE,-0.012535442856606781
2026-03-27,ADI,0.012535442856606781
2026-03-27,ADM,0.012535442856606781
2026-03-27,ADP,-0.012535442856606781
2026-03-27,ADSK,-0.012535442856606781
2026-03-27,AEP,0.012535442856606781
2026-03-27,AJG,-0.012535442856606781
2026-03-27,ALB,0.012535442856606781
2026-03-27,AMAT,0.012535442856606781
2026-03-27,AMCR,0.012535442856606781
2026-03-27,AMD,0.012535442856606781
2026-03-27,AME,0.012535442856606781
2026-03-27,AMT,-0.012535442856606781
2026-03-27,AON,-0.012535442856606781
2026-03-27,APH,0.012535442856606781
2026-03-27,APO,-0.012535442856606781
2026-03-27,ARE,-0.012535442856606781
2026-03-27,ATO,0.012535442856606781
2026-03-27,AVB,-0.012535442856606781
2026-03-27,AVGO,0.012535442856606781
2026-03-27,BAX,-0.012535442856606781
2026-03-27,BDX,-0.012535442856606781
2026-03-27,BFB,-0.012535442856606781
2026-03-27,BG,0.012535442856606781
2026-03-27,BK,0.012535442856606781
2026-03-27,BR,-0.012535442856606781
2026-03-27,BRO,-0.012535442856606781
2026-03-27,BSX,-0.012535442856606781
2026-03-27,BX,-0.012535442856606781
2026-03-27,C,0.012535442856606781
2026-03-27,CAG,-0.012535442856606781
2026-03-27,CAH,0.012535442856606781
2026-03-27,CAT,0.012535442856606781
2026-03-27,CBOE,0.012535442856606781
2026-03-27,CCI,-0.012535442856606781
2026-03-27,CDW,-0.012535442856606781
2026-03-27,CFG,0.012535442856606781
2026-03-27,CHRW,0.012535442856606781
2026-03-27,CHTR,-0.012535442856606781
2026-03-27,CLX,-0.012535442856606781
2026-03-27,CMCSA,-0.012535442856606781
2026-03-27,CMG,-0.012535442856606781
2026-03-27,CMI,0.012535442856606781
2026-03-27,CNC,-0.012535442856606781
2026-03-27,CNP,0.012535442856606781
2026-03-27,COR,0.012535442856606781
2026-03-27,CPB,-0.012535442856606781
2026-03-27,CPRT,-0.012535442856606781
2026-03-27,CPT,-0.012535442856606781
2026-03-27,CRM,-0.012535442856606781
2026-03-27,CSGP,-0.012535442856606781
2026-03-27,CSX,0.012535442856606781
2026-03-27,CTSH,-0.012535442856606781
2026-03-27,DD,-0.012535442856606781
2026-03-27,DG,0.012535442856606781
2026-03-27,DLTR,0.012535442856606781
2026-03-27,DOC,-0.012535442856606781
2026-03-27,DPZ,-0.012535442856606781
2026-03-27,EFX,-0.012535442856606781
2026-03-27,EL,0.012535442856606781
2026-03-27,ELV,-0.012535442856606781
2026-03-27,EPAM,-0.012535442856606781
2026-03-27,EQR,-0.012535442856606781
2026-03-27,ERIE,-0.012535442856606781
2026-03-27,ESS,-0.012535442856606781
2026-03-27,ETR,0.012535442856606781
2026-03-27,F,0.012535442856606781
2026-03-27,FAST,-0.012535442856606781
2026-03-27,FCX,0.012535442856606781
2026-03-27,FDS,-0.012535442856606781
2026-03-27,FDX,0.012535442856606781
2026-03-27,FE,0.012535442856606781
2026-03-27,FICO,-0.012535442856606781
2026-03-27,FIS,-0.012535442856606781
2026-03-27,FTNT,-0.012535442856606781
2026-03-27,FTV,-0.012535442856606781
2026-03-27,GD,0.012535442856606781
2026-03-27,GDDY,-0.012535442856606781
2026-03-27,GE,0.012535442856606781
2026-03-27,GEN,-0.012535442856606781
2026-03-27,GEV,0.012535442856606781
2026-03-27,GIS,-0.012535442856606781
2026-03-27,GLW,0.012535442856606781
2026-03-27,GM,0.012535442856606781
2026-03-27,GOOG,0.012535442856606781
2026-03-27,GOOGL,0.012535442856606781
2026-03-27,GPN,-0.012535442856606781
2026-03-27,GS,0.012535442856606781
2026-03-27,HAS,0.012535442856606781
2026-03-27,HCA,0.012535442856606781
2026-03-27,HII,0.012535442856606781
2026-03-27,HLT,0.012535442856606781
2026-03-27,HPQ,-0.012535442856606781
2026-03-27,HRL,-0.012535442856606781
2026-03-27,HST,0.012535442856606781
2026-03-27,HUBB,0.012535442856606781
2026-03-27,HUM,-0.012535442856606781
2026-03-27,HWM,0.012535442856606781
2026-03-27,IDXX,0.012535442856606781
2026-03-27,INCY,0.012535442856606781
2026-03-27,INTC,0.012535442856606781
2026-03-27,INTU,-0.012535442856606781
2026-03-27,INVH,-0.012535442856606781
2026-03-27,IP,-0.012535442856606781
2026-03-27,IT,-0.012535442856606781
2026-03-27,IVZ,0.012535442856606781
2026-03-27,JBHT,0.012535442856606781
2026-03-27,JBL,0.012535442856606781
2026-03-27,JCI,0.012535442856606781
2026-03-27,JNJ,0.012535442856606781
2026-03-27,KDP,-0.012535442856606781
2026-03-27,KEYS,0.012535442856606781
2026-03-27,KHC,-0.012535442856606781
2026-03-27,KKR,-0.012535442856606781
2026-03-27,KLAC,0.012535442856606781
2026-03-27,KMB,-0.012535442856606781
2026-03-27,KVUE,-0.012535442856606781
2026-03-27,LHX,0.012535442856606781
2026-03-27,LMT,0.012535442856606781
2026-03-27,LRCX,0.012535442856606781
2026-03-27,LULU,-0.012535442856606781
2026-03-27,LYB,-0.012535442856606781
2026-03-27,MAA,-0.012535442856606781
2026-03-27,MAR,0.012535442856606781
2026-03-27,MCK,0.012535442856606781
2026-03-27,MDLZ,-0.012535442856606781
2026-03-27,MKC,-0.012535442856606781
2026-03-27,MLM,0.012535442856606781
2026-03-27,MNST,0.012535442856606781
2026-03-27,MPWR,0.012535442856606781
2026-03-27,MS,0.012535442856606781
2026-03-27,MU,0.012535442856606781
2026-03-27,NDSN,0.012535442856606781
2026-03-27,NEM,0.012535442856606781
2026-03-27,NFLX,-0.012535442856606781
2026-03-27,NOW,-0.012535442856606781
2026-03-27,NRG,0.012535442856606781
2026-03-27,NSC,0.012535442856606781
2026-03-27,NTRS,0.012535442856606781
2026-03-27,NVDA,0.012535442856606781
2026-03-27,NWS,-0.012535442856606781
2026-03-27,OKE,-0.012535442856606781
2026-03-27,ORLY,-0.012535442856606781
2026-03-27,OTIS,-0.012535442856606781
2026-03-27,PANW,-0.012535442856606781
2026-03-27,PAYX,-0.012535442856606781
2026-03-27,PGR,-0.012535442856606781
2026-03-27,PH,0.012535442856606781
2026-03-27,POOL,-0.012535442856606781
2026-03-27,PWR,0.012535442856606781
2026-03-27,PYPL,-0.012535442856606781
2026-03-27,RL,0.012535442856606781
2026-03-27,ROK,0.012535442856606781
2026-03-27,ROP,-0.012535442856606781
2026-03-27,ROST,0.012535442856606781
2026-03-27,RTX,0.012535442856606781
2026-03-27,SBAC,-0.012535442856606781
2026-03-27,SPGI,-0.012535442856606781
2026-03-27,SRE,0.012535442856606781
2026-03-27,STLD,0.012535442856606781
2026-03-27,STT,0.012535442856606781
2026-03-27,STX,0.012535442856606781
2026-03-27,STZ,-0.012535442856606781
2026-03-27,TAP,-0.012535442856606781
2026-03-27,TDY,0.012535442856606781
2026-03-27,TEL,0.012535442856606781
2026-03-27,TER,0.012535442856606781
2026-03-27,TJX,0.012535442856606781
2026-03-27,TMUS,-0.012535442856606781
2026-03-27,TPL,-0.012535442856606781
2026-03-27,TPR,0.012535442856606781
2026-03-27,TYL,-0.012535442856606781
2026-03-27,UDR,-0.012535442856606781
2026-03-27,ULTA,0.012535442856606781
2026-03-27,UNH,-0.012535442856606781
2026-03-27,V,-0.012535442856606781
2026-03-27,VMC,0.012535442856606781
2026-03-27,VRSK,-0.012535442856606781
2026-03-27,VRSN,-0.012535442856606781
2026-03-27,VTR,0.012535442856606781
2026-03-27,VTRS,0.012535442856606781
2026-03-27,WAB,0.012535442856606781
2026-03-27,WBD,0.012535442856606781
2026-03-27,WDAY,-0.012535442856606781
2026-03-27,WDC,0.012535442856606781
2026-03-27,WELL,0.012535442856606781
2026-03-27,WMT,0.012535442856606781
2026-03-27,WTW,-0.012535442856606781
2026-03-27,WY,-0.012535442856606781
2026-03-27,ZTS,-0.012535442856606781
2026-04-03,ABT,-0.012621758428107298
2026-04-03,ACN,-0.012621758428107298
2026-04-03,ADBE,-0.012621758428107298
2026-04-03,ADI,0.012621758428107298
2026-04-03,ADM,0.012621758428107298
2026-04-03,ADP,-0.012621758428107298
2026-04-03,AJG,-0.012621758428107298
2026-04-03,ALB,0.012621758428107298
2026-04-03,AMAT,0.012621758428107298
2026-04-03,AMCR,0.012621758428107298
2026-04-03,AMD,0.012621758428107298
2026-04-03,AME,0.012621758428107298
2026-04-03,AMT,-0.012621758428107298
2026-04-03,ANET,0.012621758428107298
2026-04-03,AON,-0.012621758428107298
2026-04-03,APA,0.012621758428107298
2026-04-03,APH,0.012621758428107298
2026-04-03,ARE,-0.012621758428107298
2026-04-03,AVB,-0.012621758428107298
2026-04-03,AVGO,0.012621758428107298
2026-04-03,AWK,-0.012621758428107298
2026-04-03,BAX,-0.012621758428107298
2026-04-03,BDX,-0.012621758428107298
2026-04-03,BEN,0.012621758428107298
2026-04-03,BFB,-0.012621758428107298
2026-04-03,BK,0.012621758428107298
2026-04-03,BLDR,-0.012621758428107298
2026-04-03,BR,-0.012621758428107298
2026-04-03,BRKB,-0.012621758428107298
2026-04-03,BRO,-0.012621758428107298
2026-04-03,BSX,-0.012621758428107298
2026-04-03,BX,-0.012621758428107298
2026-04-03,BXP,-0.012621758428107298
2026-04-03,C,0.012621758428107298
2026-04-03,CAG,-0.012621758428107298
2026-04-03,CAH,0.012621758428107298
2026-04-03,CAT,0.012621758428107298
2026-04-03,CBOE,0.012621758428107298
2026-04-03,CCI,-0.012621758428107298
2026-04-03,CDW,-0.012621758428107298
2026-04-03,CEG,0.012621758428107298
2026-04-03,CFG,0.012621758428107298
2026-04-03,CHD,-0.012621758428107298
2026-04-03,CHRW,0.012621758428107298
2026-04-03,CHTR,-0.012621758428107298
2026-04-03,CI,-0.012621758428107298
2026-04-03,CLX,-0.012621758428107298
2026-04-03,CMCSA,-0.012621758428107298
2026-04-03,CMG,-0.012621758428107298
2026-04-03,CMI,0.012621758428107298
2026-04-03,CNC,-0.012621758428107298
2026-04-03,CPB,-0.012621758428107298
2026-04-03,CPRT,-0.012621758428107298
2026-04-03,CPT,-0.012621758428107298
2026-04-03,CRM,-0.012621758428107298
2026-04-03,CSCO,0.012621758428107298
2026-04-03,CSGP,-0.012621758428107298
2026-04-03,CSX,0.012621758428107298
2026-04-03,CTSH,-0.012621758428107298
2026-04-03,DD,-0.012621758428107298
2026-04-03,DELL,0.012621758428107298
2026-04-03,DLTR,0.012621758428107298
2026-04-03,DOC,-0.012621758428107298
2026-04-03,DPZ,-0.012621758428107298
2026-04-03,EFX,-0.012621758428107298
2026-04-03,EG,-0.012621758428107298
2026-04-03,ELV,-0.012621758428107298
2026-04-03,EQR,-0.012621758428107298
2026-04-03,ERIE,-0.012621758428107298
2026-04-03,ESS,-0.012621758428107298
2026-04-03,ETR,0.012621758428107298
2026-04-03,FAST,-0.012621758428107298
2026-04-03,FCX,0.012621758428107298
2026-04-03,FDS,-0.012621758428107298
2026-04-03,FDX,0.012621758428107298
2026-04-03,FE,0.012621758428107298
2026-04-03,FICO,-0.012621758428107298
2026-04-03,FIS,-0.012621758428107298
2026-04-03,FTV,-0.012621758428107298
2026-04-03,GD,0.012621758428107298
2026-04-03,GDDY,-0.012621758428107298
2026-04-03,GE,0.012621758428107298
2026-04-03,GEN,-0.012621758428107298
2026-04-03,GEV,0.012621758428107298
2026-04-03,GIS,-0.012621758428107298
2026-04-03,GLW,0.012621758428107298
2026-04-03,GM,0.012621758428107298
2026-04-03,GOOG,0.012621758428107298
2026-04-03,GOOGL,0.012621758428107298
2026-04-03,GPN,-0.012621758428107298
2026-04-03,GS,0.012621758428107298
2026-04-03,HAS,0.012621758428107298
2026-04-03,HCA,0.012621758428107298
2026-04-03,HII,0.012621758428107298
2026-04-03,HLT,0.012621758428107298
2026-04-03,HPQ,-0.012621758428107298
2026-04-03,HRL,-0.012621758428107298
2026-04-03,HST,0.012621758428107298
2026-04-03,HUBB,0.012621758428107298
2026-04-03,HUM,-0.012621758428107298
2026-04-03,HWM,0.012621758428107298
2026-04-03,INCY,0.012621758428107298
2026-04-03,INTC,0.012621758428107298
2026-04-03,INTU,-0.012621758428107298
2026-04-03,INVH,-0.012621758428107298
2026-04-03,IT,-0.012621758428107298
2026-04-03,IVZ,0.012621758428107298
2026-04-03,JBHT,0.012621758428107298
2026-04-03,JBL,0.012621758428107298
2026-04-03,JCI,0.012621758428107298
2026-04-03,JKHY,-0.012621758428107298
2026-04-03,JNJ,0.012621758428107298
2026-04-03,KDP,-0.012621758428107298
2026-04-03,KEYS,0.012621758428107298
2026-04-03,KHC,-0.012621758428107298
2026-04-03,KLAC,0.012621758428107298
2026-04-03,KMB,-0.012621758428107298
2026-04-03,KVUE,-0.012621758428107298
2026-04-03,LHX,0.012621758428107298
2026-04-03,LMT,0.012621758428107298
2026-04-03,LRCX,0.012621758428107298
2026-04-03,LULU,-0.012621758428107298
2026-04-03,MAA,-0.012621758428107298
2026-04-03,MAR,0.012621758428107298
2026-04-03,MDLZ,-0.012621758428107298
2026-04-03,MKC,-0.012621758428107298
2026-04-03,MLM,0.012621758428107298
2026-04-03,MPC,0.012621758428107298
2026-04-03,MPWR,0.012621758428107298
2026-04-03,MS,0.012621758428107298
2026-04-03,MU,0.012621758428107298
2026-04-03,NDSN,0.012621758428107298
2026-04-03,NEM,0.012621758428107298
2026-04-03,NFLX,-0.012621758428107298
2026-04-03,NOC,0.012621758428107298
2026-04-03,NOW,-0.012621758428107298
2026-04-03,NRG,0.012621758428107298
2026-04-03,NSC,0.012621758428107298
2026-04-03,NTRS,0.012621758428107298
2026-04-03,NUE,0.012621758428107298
2026-04-03,NVDA,0.012621758428107298
2026-04-03,NWS,-0.012621758428107298
2026-04-03,ORLY,-0.012621758428107298
2026-04-03,OTIS,-0.012621758428107298
2026-04-03,PAYX,-0.012621758428107298
2026-04-03,PG,-0.012621758428107298
2026-04-03,PGR,-0.012621758428107298
2026-04-03,PH,0.012621758428107298
2026-04-03,PLTR,0.012621758428107298
2026-04-03,POOL,-0.012621758428107298
2026-04-03,PWR,0.012621758428107298
2026-04-03,PYPL,-0.012621758428107298
2026-04-03,RL,0.012621758428107298
2026-04-03,ROK,0.012621758428107298
2026-04-03,ROP,-0.012621758428107298
2026-04-03,ROST,0.012621758428107298
2026-04-03,RSG,-0.012621758428107298
2026-04-03,RTX,0.012621758428107298
2026-04-03,SBAC,-0.012621758428107298
2026-04-03,SPG,0.012621758428107298
2026-04-03,SRE,0.012621758428107298
2026-04-03,STLD,0.012621758428107298
2026-04-03,STT,0.012621758428107298
2026-04-03,STX,0.012621758428107298
2026-04-03,STZ,-0.012621758428107298
2026-04-03,TAP,-0.012621758428107298
2026-04-03,TDY,0.012621758428107298
2026-04-03,TEL,0.012621758428107298
2026-04-03,TER,0.012621758428107298
2026-04-03,TJX,0.012621758428107298
2026-04-03,TMUS,-0.012621758428107298
2026-04-03,TPL,-0.012621758428107298
2026-04-03,TPR,0.012621758428107298
2026-04-03,TSCO,-0.012621758428107298
2026-04-03,TXT,0.012621758428107298
2026-04-03,TYL,-0.012621758428107298
2026-04-03,UDR,-0.012621758428107298
2026-04-03,ULTA,0.012621758428107298
2026-04-03,UNH,-0.012621758428107298
2026-04-03,VLO,0.012621758428107298
2026-04-03,VRSK,-0.012621758428107298
2026-04-03,VTRS,0.012621758428107298
2026-04-03,WAB,0.012621758428107298
2026-04-03,WBD,0.012621758428107298
2026-04-03,WDAY,-0.012621758428107298
2026-04-03,WDC,0.012621758428107298
2026-04-03,WELL,0.012621758428107298
2026-04-03,WMT,0.012621758428107298
2026-04-03,WTW,-0.012621758428107298
2026-04-03,WY,-0.012621758428107298
2026-04-03,ZBH,-0.012621758428107298
2026-04-03,ZTS,-0.012621758428107298
2026-04-10,ABT,-0.011068737728217095
2026-04-10,ACN,-0.011068737728217095
2026-04-10,ADBE,-0.011068737728217095
2026-04-10,ADI,0.011068737728217095
2026-04-10,ADM,0.011068737728217095
2026-04-10,ADP,-0.011068737728217095
2026-04-10,AEP,0.011068737728217095
2026-04-10,AJG,-0.011068737728217095
2026-04-10,ALB,0.011068737728217095
2026-04-10,AMAT,0.011068737728217095
2026-04-10,AMCR,0.011068737728217095
2026-04-10,AMD,0.011068737728217095
2026-04-10,AME,0.011068737728217095
2026-04-10,AMT,-0.011068737728217095
2026-04-10,ANET,0.011068737728217095
2026-04-10,AON,-0.011068737728217095
2026-04-10,APA,0.011068737728217095
2026-04-10,APH,0.011068737728217095
2026-04-10,APO,-0.011068737728217095
2026-04-10,ARE,-0.011068737728217095
2026-04-10,ATO,0.011068737728217095
2026-04-10,AVB,-0.011068737728217095
2026-04-10,AVGO,0.011068737728217095
2026-04-10,BAX,-0.011068737728217095
2026-04-10,BDX,-0.011068737728217095
2026-04-10,BFB,-0.011068737728217095
2026-04-10,BG,0.011068737728217095
2026-04-10,BIIB,0.011068737728217095
2026-04-10,BK,0.011068737728217095
2026-04-10,BLDR,-0.011068737728217095
2026-04-10,BR,-0.011068737728217095
2026-04-10,BRKB,-0.011068737728217095
2026-04-10,BRO,-0.011068737728217095
2026-04-10,BSX,-0.011068737728217095
2026-04-10,BX,-0.011068737728217095
2026-04-10,BXP,-0.011068737728217095
2026-04-10,C,0.011068737728217095
2026-04-10,CAG,-0.011068737728217095
2026-04-10,CAH,0.011068737728217095
2026-04-10,CAT,0.011068737728217095
2026-04-10,CBOE,0.011068737728217095
2026-04-10,CDW,-0.011068737728217095
2026-04-10,CF,0.011068737728217095
2026-04-10,CFG,0.011068737728217095
2026-04-10,CHRW,0.011068737728217095
2026-04-10,CHTR,-0.011068737728217095
2026-04-10,CI,-0.011068737728217095
2026-04-10,CLX,-0.011068737728217095
2026-04-10,CMCSA,-0.011068737728217095
2026-04-10,CMG,-0.011068737728217095
2026-04-10,CMI,0.011068737728217095
2026-04-10,CNC,-0.011068737728217095
2026-04-10,CPB,-0.011068737728217095
2026-04-10,CPRT,-0.011068737728217095
2026-04-10,CPT,-0.011068737728217095
2026-04-10,CRM,-0.011068737728217095
2026-04-10,CSGP,-0.011068737728217095
2026-04-10,CSX,0.011068737728217095
2026-04-10,CTSH,-0.011068737728217095
2026-04-10,CTVA,0.011068737728217095
2026-04-10,CVX,0.011068737728217095
2026-04-10,DD,-0.011068737728217095
2026-04-10,DELL,0.011068737728217095
2026-04-10,DOC,-0.011068737728217095
2026-04-10,DPZ,-0.011068737728217095
2026-04-10,DVN,0.011068737728217095
2026-04-10,EFX,-0.011068737728217095
2026-04-10,ELV,-0.011068737728217095
2026-04-10,EQR,-0.011068737728217095
2026-04-10,ERIE,-0.011068737728217095
2026-04-10,ETR,0.011068737728217095
2026-04-10,FAST,-0.011068737728217095
2026-04-10,FCX,0.011068737728217095
2026-04-10,FDS,-0.011068737728217095
2026-04-10,FDX,0.011068737728217095
2026-04-10,FE,0.011068737728217095
2026-04-10,FICO,-0.011068737728217095
2026-04-10,FIS,-0.011068737728217095
2026-04-10,FTNT,-0.011068737728217095
2026-04-10,FTV,-0.011068737728217095
2026-04-10,GD,0.011068737728217095
2026-04-10,GDDY,-0.011068737728217095
2026-04-10,GE,0.011068737728217095
2026-04-10,GEN,-0.011068737728217095
2026-04-10,GEV,0.011068737728217095
2026-04-10,GIS,-0.011068737728217095
2026-04-10,GLW,0.011068737728217095
2026-04-10,GM,0.011068737728217095
2026-04-10,GOOG,0.011068737728217095
2026-04-10,GOOGL,0.011068737728217095
2026-04-10,GPN,-0.011068737728217095
2026-04-10,GS,0.011068737728217095
2026-04-10,HAS,0.011068737728217095
2026-04-10,HCA,0.011068737728217095
2026-04-10,HII,0.011068737728217095
2026-04-10,HLT,0.011068737728217095
2026-04-10,HPQ,-0.011068737728217095
2026-04-10,HRL,-0.011068737728217095
2026-04-10,HUM,-0.011068737728217095
2026-04-10,HWM,0.011068737728217095
2026-04-10,INCY,0.011068737728217095
2026-04-10,INTC,0.011068737728217095
2026-04-10,INTU,-0.011068737728217095
2026-04-10,INVH,-0.011068737728217095
2026-04-10,IP,-0.011068737728217095
2026-04-10,IT,-0.011068737728217095
2026-04-10,IVZ,0.011068737728217095
2026-04-10,JBL,0.011068737728217095
2026-04-10,JCI,0.011068737728217095
2026-04-10,JNJ,0.011068737728217095
2026-04-10,KDP,-0.011068737728217095
2026-04-10,KEYS,0.011068737728217095
2026-04-10,KHC,-0.011068737728217095
2026-04-10,KKR,-0.011068737728217095
2026-04-10,KLAC,0.011068737728217095
2026-04-10,KMB,-0.011068737728217095
2026-04-10,KVUE,-0.011068737728217095
2026-04-10,L,0.011068737728217095
2026-04-10,LHX,0.011068737728217095
2026-04-10,LII,-0.011068737728217095
2026-04-10,LMT,0.011068737728217095
2026-04-10,LRCX,0.011068737728217095
2026-04-10,LULU,-0.011068737728217095
2026-04-10,LVS,0.011068737728217095
2026-04-10,MAA,-0.011068737728217095
2026-04-10,MAR,0.011068737728217095
2026-04-10,MDLZ,-0.011068737728217095
2026-04-10,MKC,-0.011068737728217095
2026-04-10,MPC,0.011068737728217095
2026-04-10,MPWR,0.011068737728217095
2026-04-10,MRNA,0.011068737728217095
2026-04-10,MU,0.011068737728217095
2026-04-10,NDSN,0.011068737728217095
2026-04-10,NEM,0.011068737728217095
2026-04-10,NFLX,-0.011068737728217095
2026-04-10,NOW,-0.011068737728217095
2026-04-10,NSC,0.011068737728217095
2026-04-10,NTRS,0.011068737728217095
2026-04-10,NUE,0.011068737728217095
2026-04-10,NVDA,0.011068737728217095
2026-04-10,NVR,-0.011068737728217095
2026-04-10,NWS,-0.011068737728217095
2026-04-10,NWSA,-0.011068737728217095
2026-04-10,ORLY,-0.011068737728217095
2026-04-10,OTIS,-0.011068737728217095
2026-04-10,OXY,0.011068737728217095
2026-04-10,PAYX,-0.011068737728217095
2026-04-10,PG,-0.011068737728217095
2026-04-10,PGR,-0.011068737728217095
2026-04-10,PH,0.011068737728217095
2026-04-10,PLD,0.011068737728217095
2026-04-10,POOL,-0.011068737728217095
2026-04-10,PSX,0.011068737728217095
2026-04-10,PWR,0.011068737728217095
2026-04-10,PYPL,-0.011068737728217095
2026-04-10,RL,0.011068737728217095
2026-04-10,ROK,0.011068737728217095
2026-04-10,ROP,-0.011068737728217095
2026-04-10,ROST,0.011068737728217095
2026-04-10,RSG,-0.011068737728217095
2026-04-10,RTX,0.011068737728217095
2026-04-10,SBAC,-0.011068737728217095
2026-04-10,SRE,0.011068737728217095
2026-04-10,STLD,0.011068737728217095
2026-04-10,STT,0.011068737728217095
2026-04-10,STX,0.011068737728217095
2026-04-10,STZ,-0.011068737728217095
2026-04-10,TAP,-0.011068737728217095
2026-04-10,TDY,0.011068737728217095
2026-04-10,TER,0.011068737728217095
2026-04-10,TMUS,-0.011068737728217095
2026-04-10,TPL,-0.011068737728217095
2026-04-10,TPR,0.011068737728217095
2026-04-10,TYL,-0.011068737728217095
2026-04-10,UDR,-0.011068737728217095
2026-04-10,ULTA,0.011068737728217095
2026-04-10,UNH,-0.011068737728217095
2026-04-10,VLO,0.011068737728217095
2026-04-10,VRSK,-0.011068737728217095
2026-04-10,VTR,0.011068737728217095
2026-04-10,VTRS,0.011068737728217095
2026-04-10,WAB,0.011068737728217095
2026-04-10,WBD,0.011068737728217095
2026-04-10,WDAY,-0.011068737728217095
2026-04-10,WDC,0.011068737728217095
2026-04-10,WELL,0.011068737728217095
2026-04-10,WMT,0.011068737728217095
2026-04-10,WTW,-0.011068737728217095
2026-04-10,WY,-0.011068737728217095
2026-04-10,XOM,0.011068737728217095
2026-04-10,ZBH,-0.011068737728217095
2026-04-10,ZTS,-0.011068737728217095
2026-04-17,ABT,-0.010967788707820683
2026-04-17,ACN,-0.010967788707820683
2026-04-17,ADBE,-0.010967788707820683
2026-04-17,ADI,0.010967788707820683
2026-04-17,ADM,0.010967788707820683
2026-04-17,ADP,-0.010967788707820683
2026-04-17,AJG,-0.010967788707820683
2026-04-17,ALB,0.010967788707820683
2026-04-17,AMAT,0.010967788707820683
2026-04-17,AMCR,0.010967788707820683
2026-04-17,AMD,0.010967788707820683
2026-04-17,AME,0.010967788707820683
2026-04-17,AMT,-0.010967788707820683
2026-04-17,ANET,0.010967788707820683
2026-04-17,AON,-0.010967788707820683
2026-04-17,APA,0.010967788707820683
2026-04-17,APH,0.010967788707820683
2026-04-17,ARE,-0.010967788707820683
2026-04-17,AVB,-0.010967788707820683
2026-04-17,AVGO,0.010967788707820683
2026-04-17,BAX,-0.010967788707820683
2026-04-17,BDX,-0.010967788707820683
2026-04-17,BFB,-0.010967788707820683
2026-04-17,BG,0.010967788707820683
2026-04-17,BIIB,0.010967788707820683
2026-04-17,BK,0.010967788707820683
2026-04-17,BKR,0.010967788707820683
2026-04-17,BLDR,-0.010967788707820683
2026-04-17,BR,-0.010967788707820683
2026-04-17,BRKB,-0.010967788707820683
2026-04-17,BRO,-0.010967788707820683
2026-04-17,BSX,-0.010967788707820683
2026-04-17,BXP,-0.010967788707820683
2026-04-17,C,0.010967788707820683
2026-04-17,CAG,-0.010967788707820683
2026-04-17,CAH,0.010967788707820683
2026-04-17,CAT,0.010967788707820683
2026-04-17,CBOE,0.010967788707820683
2026-04-17,CCI,-0.010967788707820683
2026-04-17,CDW,-0.010967788707820683
2026-04-17,CF,0.010967788707820683
2026-04-17,CFG,0.010967788707820683
2026-04-17,CHD,-0.010967788707820683
2026-04-17,CHRW,0.010967788707820683
2026-04-17,CHTR,-0.010967788707820683
2026-04-17,CI,-0.010967788707820683
2026-04-17,CL,-0.010967788707820683
2026-04-17,CLX,-0.010967788707820683
2026-04-17,CMCSA,-0.010967788707820683
2026-04-17,CMG,-0.010967788707820683
2026-04-17,CMI,0.010967788707820683
2026-04-17,CNC,-0.010967788707820683
2026-04-17,CPB,-0.010967788707820683
2026-04-17,CPRT,-0.010967788707820683
2026-04-17,CPT,-0.010967788707820683
2026-04-17,CRM,-0.010967788707820683
2026-04-17,CSCO,0.010967788707820683
2026-04-17,CSGP,-0.010967788707820683
2026-04-17,CSX,0.010967788707820683
2026-04-17,CTAS,-0.010967788707820683
2026-04-17,CTVA,0.010967788707820683
2026-04-17,CVX,0.010967788707820683
2026-04-17,DD,-0.010967788707820683
2026-04-17,DELL,0.010967788707820683
2026-04-17,DPZ,-0.010967788707820683
2026-04-17,DVN,0.010967788707820683
2026-04-17,EFX,-0.010967788707820683
2026-04-17,EG,-0.010967788707820683
2026-04-17,ELV,-0.010967788707820683
2026-04-17,EQR,-0.010967788707820683
2026-04-17,ERIE,-0.010967788707820683
2026-04-17,ESS,-0.010967788707820683
2026-04-17,ETR,0.010967788707820683
2026-04-17,FAST,-0.010967788707820683
2026-04-17,FDS,-0.010967788707820683
2026-04-17,FDX,0.010967788707820683
2026-04-17,FICO,-0.010967788707820683
2026-04-17,FIS,-0.010967788707820683
2026-04-17,FTV,-0.010967788707820683
2026-04-17,GD,0.010967788707820683
2026-04-17,GDDY,-0.010967788707820683
2026-04-17,GE,0.010967788707820683
2026-04-17,GEN,-0.010967788707820683
2026-04-17,GEV,0.010967788707820683
2026-04-17,GIS,-0.010967788707820683
2026-04-17,GLW,0.010967788707820683
2026-04-17,GM,0.010967788707820683
2026-04-17,GOOG,0.010967788707820683
2026-04-17,GOOGL,0.010967788707820683
2026-04-17,GS,0.010967788707820683
2026-04-17,HAS,0.010967788707820683
2026-04-17,HCA,0.010967788707820683
2026-04-17,HII,0.010967788707820683
2026-04-17,HLT,0.010967788707820683
2026-04-17,HPQ,-0.010967788707820683
2026-04-17,HRL,-0.010967788707820683
2026-04-17,HST,0.010967788707820683
2026-04-17,HUBB,0.010967788707820683
2026-04-17,HUM,-0.010967788707820683
2026-04-17,HWM,0.010967788707820683
2026-04-17,INCY,0.010967788707820683
2026-04-17,INTC,0.010967788707820683
2026-04-17,INTU,-0.010967788707820683
2026-04-17,INVH,-0.010967788707820683
2026-04-17,IP,-0.010967788707820683
2026-04-17,IT,-0.010967788707820683
2026-04-17,IVZ,0.010967788707820683
2026-04-17,JBHT,0.010967788707820683
2026-04-17,JBL,0.010967788707820683
2026-04-17,JCI,0.010967788707820683
2026-04-17,JNJ,0.010967788707820683
2026-04-17,KDP,-0.010967788707820683
2026-04-17,KEYS,0.010967788707820683
2026-04-17,KHC,-0.010967788707820683
2026-04-17,KLAC,0.010967788707820683
2026-04-17,KMB,-0.010967788707820683
2026-04-17,KVUE,-0.010967788707820683
2026-04-17,L,0.010967788707820683
2026-04-17,LHX,0.010967788707820683
2026-04-17,LII,-0.010967788707820683
2026-04-17,LMT,0.010967788707820683
2026-04-17,LRCX,0.010967788707820683
2026-04-17,LULU,-0.010967788707820683
2026-04-17,LVS,0.010967788707820683
2026-04-17,MAA,-0.010967788707820683
2026-04-17,MAR,0.010967788707820683
2026-04-17,MDLZ,-0.010967788707820683
2026-04-17,MKC,-0.010967788707820683
2026-04-17,MPC,0.010967788707820683
2026-04-17,MPWR,0.010967788707820683
2026-04-17,MRNA,0.010967788707820683
2026-04-17,MS,0.010967788707820683
2026-04-17,MU,0.010967788707820683
2026-04-17,NDSN,0.010967788707820683
2026-04-17,NEE,0.010967788707820683
2026-04-17,NEM,0.010967788707820683
2026-04-17,NFLX,-0.010967788707820683
2026-04-17,NOW,-0.010967788707820683
2026-04-17,NTRS,0.010967788707820683
2026-04-17,NUE,0.010967788707820683
2026-04-17,NVDA,0.010967788707820683
2026-04-17,NVR,-0.010967788707820683
2026-04-17,ORLY,-0.010967788707820683
2026-04-17,OTIS,-0.010967788707820683
2026-04-17,PAYX,-0.010967788707820683
2026-04-17,PG,-0.010967788707820683
2026-04-17,PGR,-0.010967788707820683
2026-04-17,PH,0.010967788707820683
2026-04-17,POOL,-0.010967788707820683
2026-04-17,PSX,0.010967788707820683
2026-04-17,PWR,0.010967788707820683
2026-04-17,PYPL,-0.010967788707820683
2026-04-17,RL,0.010967788707820683
2026-04-17,ROK,0.010967788707820683
2026-04-17,ROP,-0.010967788707820683
2026-04-17,ROST,0.010967788707820683
2026-04-17,RSG,-0.010967788707820683
2026-04-17,RTX,0.010967788707820683
2026-04-17,SBAC,-0.010967788707820683
2026-04-17,SJM,-0.010967788707820683
2026-04-17,SRE,0.010967788707820683
2026-04-17,STLD,0.010967788707820683
2026-04-17,STT,0.010967788707820683
2026-04-17,STX,0.010967788707820683
2026-04-17,STZ,-0.010967788707820683
2026-04-17,TAP,-0.010967788707820683
2026-04-17,TDG,-0.010967788707820683
2026-04-17,TDY,0.010967788707820683
2026-04-17,TEL,0.010967788707820683
2026-04-17,TER,0.010967788707820683
2026-04-17,TMUS,-0.010967788707820683
2026-04-17,TPL,-0.010967788707820683
2026-04-17,TPR,0.010967788707820683
2026-04-17,TYL,-0.010967788707820683
2026-04-17,UDR,-0.010967788707820683
2026-04-17,UNH,-0.010967788707820683
2026-04-17,V,-0.010967788707820683
2026-04-17,VICI,-0.010967788707820683
2026-04-17,VLO,0.010967788707820683
2026-04-17,VRSK,-0.010967788707820683
2026-04-17,VTR,0.010967788707820683
2026-04-17,VTRS,0.010967788707820683
2026-04-17,WAB,0.010967788707820683
2026-04-17,WBD,0.010967788707820683
2026-04-17,WDAY,-0.010967788707820683
2026-04-17,WDC,0.010967788707820683
2026-04-17,WELL,0.010967788707820683
2026-04-17,WMT,0.010967788707820683
2026-04-17,WTW,-0.010967788707820683
2026-04-17,WY,-0.010967788707820683
2026-04-17,XOM,0.010967788707820683
2026-04-17,ZTS,-0.010967788707820683
2026-04-24,ABT,-0.01078712202729187
2026-04-24,ACN,-0.01078712202729187
2026-04-24,ADBE,-0.01078712202729187
2026-04-24,ADI,0.01078712202729187
2026-04-24,ADM,0.01078712202729187
2026-04-24,ADP,-0.01078712202729187
2026-04-24,AJG,-0.01078712202729187
2026-04-24,ALB,0.01078712202729187
2026-04-24,AMAT,0.01078712202729187
2026-04-24,AMCR,0.01078712202729187
2026-04-24,AMD,0.01078712202729187
2026-04-24,AME,0.01078712202729187
2026-04-24,AMT,-0.01078712202729187
2026-04-24,ANET,0.01078712202729187
2026-04-24,AON,-0.01078712202729187
2026-04-24,APA,0.01078712202729187
2026-04-24,APH,0.01078712202729187
2026-04-24,APO,-0.01078712202729187
2026-04-24,ARE,-0.01078712202729187
2026-04-24,AVB,-0.01078712202729187
2026-04-24,AVGO,0.01078712202729187
2026-04-24,BAX,-0.01078712202729187
2026-04-24,BDX,-0.01078712202729187
2026-04-24,BFB,-0.01078712202729187
2026-04-24,BG,0.01078712202729187
2026-04-24,BIIB,0.01078712202729187
2026-04-24,BK,0.01078712202729187
2026-04-24,BKR,0.01078712202729187
2026-04-24,BLDR,-0.01078712202729187
2026-04-24,BR,-0.01078712202729187
2026-04-24,BRKB,-0.01078712202729187
2026-04-24,BRO,-0.01078712202729187
2026-04-24,BSX,-0.01078712202729187
2026-04-24,BX,-0.01078712202729187
2026-04-24,BXP,-0.01078712202729187
2026-04-24,C,0.01078712202729187
2026-04-24,CAG,-0.01078712202729187
2026-04-24,CAH,0.01078712202729187
2026-04-24,CAT,0.01078712202729187
2026-04-24,CBOE,0.01078712202729187
2026-04-24,CCI,-0.01078712202729187
2026-04-24,CDW,-0.01078712202729187
2026-04-24,CF,0.01078712202729187
2026-04-24,CFG,0.01078712202729187
2026-04-24,CHRW,0.01078712202729187
2026-04-24,CHTR,-0.01078712202729187
2026-04-24,CI,-0.01078712202729187
2026-04-24,CLX,-0.01078712202729187
2026-04-24,CMCSA,-0.01078712202729187
2026-04-24,CMG,-0.01078712202729187
2026-04-24,CMI,0.01078712202729187
2026-04-24,CNC,-0.01078712202729187
2026-04-24,CPB,-0.01078712202729187
2026-04-24,CPRT,-0.01078712202729187
2026-04-24,CPT,-0.01078712202729187
2026-04-24,CRM,-0.01078712202729187
2026-04-24,CSCO,0.01078712202729187
2026-04-24,CSGP,-0.01078712202729187
2026-04-24,CSX,0.01078712202729187
2026-04-24,CTAS,-0.01078712202729187
2026-04-24,CTSH,-0.01078712202729187
2026-04-24,CTVA,0.01078712202729187
2026-04-24,CVX,0.01078712202729187
2026-04-24,DAL,0.01078712202729187
2026-04-24,DD,-0.01078712202729187
2026-04-24,DELL,0.01078712202729187
2026-04-24,DPZ,-0.01078712202729187
2026-04-24,DVN,0.01078712202729187
2026-04-24,EA,0.01078712202729187
2026-04-24,EFX,-0.01078712202729187
2026-04-24,ELV,-0.01078712202729187
2026-04-24,EQR,-0.01078712202729187
2026-04-24,ERIE,-0.01078712202729187
2026-04-24,ESS,-0.01078712202729187
2026-04-24,FAST,-0.01078712202729187
2026-04-24,FDS,-0.01078712202729187
2026-04-24,FDX,0.01078712202729187
2026-04-24,FICO,-0.01078712202729187
2026-04-24,FIS,-0.01078712202729187
2026-04-24,FTNT,-0.01078712202729187
2026-04-24,FTV,-0.01078712202729187
2026-04-24,GD,0.01078712202729187
2026-04-24,GDDY,-0.01078712202729187
2026-04-24,GE,0.01078712202729187
2026-04-24,GEN,-0.01078712202729187
2026-04-24,GEV,0.01078712202729187
2026-04-24,GIS,-0.01078712202729187
2026-04-24,GLW,0.01078712202729187
2026-04-24,GM,0.01078712202729187
2026-04-24,GOOG,0.01078712202729187
2026-04-24,GOOGL,0.01078712202729187
2026-04-24,GS,0.01078712202729187
2026-04-24,HAL,0.01078712202729187
2026-04-24,HAS,0.01078712202729187
2026-04-24,HCA,0.01078712202729187
2026-04-24,HII,0.01078712202729187
2026-04-24,HLT,0.01078712202729187
2026-04-24,HPQ,-0.01078712202729187
2026-04-24,HRL,-0.01078712202729187
2026-04-24,HST,0.01078712202729187
2026-04-24,HUM,-0.01078712202729187
2026-04-24,HWM,0.01078712202729187
2026-04-24,INCY,0.01078712202729187
2026-04-24,INTC,0.01078712202729187
2026-04-24,INTU,-0.01078712202729187
2026-04-24,INVH,-0.01078712202729187
2026-04-24,IP,-0.01078712202729187
2026-04-24,IT,-0.01078712202729187
2026-04-24,IVZ,0.01078712202729187
2026-04-24,JBHT,0.01078712202729187
2026-04-24,JBL,0.01078712202729187
2026-04-24,JCI,0.01078712202729187
2026-04-24,JNJ,0.01078712202729187
2026-04-24,KDP,-0.01078712202729187
2026-04-24,KEYS,0.01078712202729187
2026-04-24,KHC,-0.01078712202729187
2026-04-24,KKR,-0.01078712202729187
2026-04-24,KLAC,0.01078712202729187
2026-04-24,KMB,-0.01078712202729187
2026-04-24,KVUE,-0.01078712202729187
2026-04-24,L,0.01078712202729187
2026-04-24,LHX,0.01078712202729187
2026-04-24,LMT,0.01078712202729187
2026-04-24,LRCX,0.01078712202729187
2026-04-24,LULU,-0.01078712202729187
2026-04-24,MAA,-0.01078712202729187
2026-04-24,MAR,0.01078712202729187
2026-04-24,MDLZ,-0.01078712202729187
2026-04-24,MKC,-0.01078712202729187
2026-04-24,MPC,0.01078712202729187
2026-04-24,MPWR,0.01078712202729187
2026-04-24,MRK,0.01078712202729187
2026-04-24,MS,0.01078712202729187
2026-04-24,MU,0.01078712202729187
2026-04-24,NDSN,0.01078712202729187
2026-04-24,NEE,0.01078712202729187
2026-04-24,NEM,0.01078712202729187
2026-04-24,NFLX,-0.01078712202729187
2026-04-24,NOC,0.01078712202729187
2026-04-24,NOW,-0.01078712202729187
2026-04-24,NTRS,0.01078712202729187
2026-04-24,NUE,0.01078712202729187
2026-04-24,NVDA,0.01078712202729187
2026-04-24,ORLY,-0.01078712202729187
2026-04-24,OTIS,-0.01078712202729187
2026-04-24,OXY,0.01078712202729187
2026-04-24,PAYX,-0.01078712202729187
2026-04-24,PG,-0.01078712202729187
2026-04-24,PGR,-0.01078712202729187
2026-04-24,PH,0.01078712202729187
2026-04-24,POOL,-0.01078712202729187
2026-04-24,PSX,0.01078712202729187
2026-04-24,PWR,0.01078712202729187
2026-04-24,PYPL,-0.01078712202729187
2026-04-24,RL,0.01078712202729187
2026-04-24,ROK,0.01078712202729187
2026-04-24,ROP,-0.01078712202729187
2026-04-24,ROST,0.01078712202729187
2026-04-24,RSG,-0.01078712202729187
2026-04-24,RTX,0.01078712202729187
2026-04-24,SBAC,-0.01078712202729187
2026-04-24,SJM,-0.01078712202729187
2026-04-24,SPGI,-0.01078712202729187
2026-04-24,SRE,0.01078712202729187
2026-04-24,STT,0.01078712202729187
2026-04-24,STX,0.01078712202729187
2026-04-24,STZ,-0.01078712202729187
2026-04-24,TAP,-0.01078712202729187
2026-04-24,TDG,-0.01078712202729187
2026-04-24,TDY,0.01078712202729187
2026-04-24,TER,0.01078712202729187
2026-04-24,TJX,0.01078712202729187
2026-04-24,TMUS,-0.01078712202729187
2026-04-24,TPL,-0.01078712202729187
2026-04-24,TPR,0.01078712202729187
2026-04-24,TTWO,-0.01078712202729187
2026-04-24,TYL,-0.01078712202729187
2026-04-24,UDR,-0.01078712202729187
2026-04-24,UNH,-0.01078712202729187
2026-04-24,VICI,-0.01078712202729187
2026-04-24,VLO,0.01078712202729187
2026-04-24,VRSK,-0.01078712202729187
2026-04-24,VTRS,0.01078712202729187
2026-04-24,WAB,0.01078712202729187
2026-04-24,WBD,0.01078712202729187
2026-04-24,WDAY,-0.01078712202729187
2026-04-24,WDC,0.01078712202729187
2026-04-24,WELL,0.01078712202729187
2026-04-24,WMT,0.01078712202729187
2026-04-24,WRB,-0.01078712202729187
2026-04-24,XOM,0.01078712202729187
2026-04-24,ZTS,-0.01078712202729187
2026-05-01,ABT,-0.011264656765698157
2026-05-01,ACN,-0.011264656765698157
2026-05-01,ADBE,-0.011264656765698157
2026-05-01,ADI,0.011264656765698157
2026-05-01,ADM,0.011264656765698157
2026-05-01,ADP,-0.011264656765698157
2026-05-01,AJG,-0.011264656765698157
2026-05-01,ALB,0.011264656765698157
2026-05-01,AMAT,0.011264656765698157
2026-05-01,AMCR,0.011264656765698157
2026-05-01,AMD,0.011264656765698157
2026-05-01,AME,0.011264656765698157
2026-05-01,AMT,-0.011264656765698157
2026-05-01,APA,0.011264656765698157
2026-05-01,APH,0.011264656765698157
2026-05-01,APO,-0.011264656765698157
2026-05-01,ARE,-0.011264656765698157
2026-05-01,AVB,-0.011264656765698157
2026-05-01,AXON,-0.011264656765698157
2026-05-01,BAX,-0.011264656765698157
2026-05-01,BFB,-0.011264656765698157
2026-05-01,BG,0.011264656765698157
2026-05-01,BK,0.011264656765698157
2026-05-01,BKNG,-0.011264656765698157
2026-05-01,BKR,0.011264656765698157
2026-05-01,BLDR,-0.011264656765698157
2026-05-01,BR,-0.011264656765698157
2026-05-01,BRKB,-0.011264656765698157
2026-05-01,BRO,-0.011264656765698157
2026-05-01,BSX,-0.011264656765698157
2026-05-01,BXP,-0.011264656765698157
2026-05-01,C,0.011264656765698157
2026-05-01,CAG,-0.011264656765698157
2026-05-01,CAH,0.011264656765698157
2026-05-01,CARR,-0.011264656765698157
2026-05-01,CAT,0.011264656765698157
2026-05-01,CCI,-0.011264656765698157
2026-05-01,CDW,-0.011264656765698157
2026-05-01,CF,0.011264656765698157
2026-05-01,CFG,0.011264656765698157
2026-05-01,CHRW,0.011264656765698157
2026-05-01,CHTR,-0.011264656765698157
2026-05-01,CI,-0.011264656765698157
2026-05-01,CLX,-0.011264656765698157
2026-05-01,CMCSA,-0.011264656765698157
2026-05-01,CMG,-0.011264656765698157
2026-05-01,CMI,0.011264656765698157
2026-05-01,CNC,-0.011264656765698157
2026-05-01,COP,0.011264656765698157
2026-05-01,CPB,-0.011264656765698157
2026-05-01,CPRT,-0.011264656765698157
2026-05-01,CPT,-0.011264656765698157
2026-05-01,CRM,-0.011264656765698157
2026-05-01,CSCO,0.011264656765698157
2026-05-01,CSGP,-0.011264656765698157
2026-05-01,CSX,0.011264656765698157
2026-05-01,CTAS,-0.011264656765698157
2026-05-01,CTSH,-0.011264656765698157
2026-05-01,CTVA,0.011264656765698157
2026-05-01,CVX,0.011264656765698157
2026-05-01,DAL,0.011264656765698157
2026-05-01,DELL,0.011264656765698157
2026-05-01,DPZ,-0.011264656765698157
2026-05-01,DVN,0.011264656765698157
2026-05-01,EA,0.011264656765698157
2026-05-01,EFX,-0.011264656765698157
2026-05-01,EIX,0.011264656765698157
2026-05-01,ELV,-0.011264656765698157
2026-05-01,EQR,-0.011264656765698157
2026-05-01,ERIE,-0.011264656765698157
2026-05-01,ESS,-0.011264656765698157
2026-05-01,ETR,0.011264656765698157
2026-05-01,FAST,-0.011264656765698157
2026-05-01,FDS,-0.011264656765698157
2026-05-01,FDX,0.011264656765698157
2026-05-01,FE,0.011264656765698157
2026-05-01,FICO,-0.011264656765698157
2026-05-01,FIS,-0.011264656765698157
2026-05-01,FTNT,-0.011264656765698157
2026-05-01,GD,0.011264656765698157
2026-05-01,GDDY,-0.011264656765698157
2026-05-01,GE,0.011264656765698157
2026-05-01,GEN,-0.011264656765698157
2026-05-01,GEV,0.011264656765698157
2026-05-01,GIS,-0.011264656765698157
2026-05-01,GLW,0.011264656765698157
2026-05-01,GM,0.011264656765698157
2026-05-01,GOOG,0.011264656765698157
2026-05-01,GOOGL,0.011264656765698157
2026-05-01,GS,0.011264656765698157
2026-05-01,HAL,0.011264656765698157
2026-05-01,HAS,0.011264656765698157
2026-05-01,HCA,0.011264656765698157
2026-05-01,HII,0.011264656765698157
2026-05-01,HPQ,-0.011264656765698157
2026-05-01,HRL,-0.011264656765698157
2026-05-01,HUBB,0.011264656765698157
2026-05-01,HUM,-0.011264656765698157
2026-05-01,HWM,0.011264656765698157
2026-05-01,INCY,0.011264656765698157
2026-05-01,INTC,0.011264656765698157
2026-05-01,INTU,-0.011264656765698157
2026-05-01,INVH,-0.011264656765698157
2026-05-01,IT,-0.011264656765698157
2026-05-01,IVZ,0.011264656765698157
2026-05-01,JBHT,0.011264656765698157
2026-05-01,JBL,0.011264656765698157
2026-05-01,JCI,0.011264656765698157
2026-05-01,JNJ,0.011264656765698157
2026-05-01,KDP,-0.011264656765698157
2026-05-01,KEYS,0.011264656765698157
2026-05-01,KHC,-0.011264656765698157
2026-05-01,KKR,-0.011264656765698157
2026-05-01,KLAC,0.011264656765698157
2026-05-01,KMB,-0.011264656765698157
2026-05-01,KVUE,-0.011264656765698157
2026-05-01,L,0.011264656765698157
2026-05-01,LEN,-0.011264656765698157
2026-05-01,LHX,0.011264656765698157
2026-05-01,LII,-0.011264656765698157
2026-05-01,LRCX,0.011264656765698157
2026-05-01,LULU,-0.011264656765698157
2026-05-01,MAA,-0.011264656765698157
2026-05-01,MAR,0.011264656765698157
2026-05-01,MDLZ,-0.011264656765698157
2026-05-01,MKC,-0.011264656765698157
2026-05-01,MPC,0.011264656765698157
2026-05-01,MPWR,0.011264656765698157
2026-05-01,MS,0.011264656765698157
2026-05-01,MSFT,-0.011264656765698157
2026-05-01,MU,0.011264656765698157
2026-05-01,NDSN,0.011264656765698157
2026-05-01,NEE,0.011264656765698157
2026-05-01,NEM,0.011264656765698157
2026-05-01,NFLX,-0.011264656765698157
2026-05-01,NKE,-0.011264656765698157
2026-05-01,NOC,0.011264656765698157
2026-05-01,NOW,-0.011264656765698157
2026-05-01,NSC,0.011264656765698157
2026-05-01,NTRS,0.011264656765698157
2026-05-01,NUE,0.011264656765698157
2026-05-01,NVDA,0.011264656765698157
2026-05-01,ORLY,-0.011264656765698157
2026-05-01,OTIS,-0.011264656765698157
2026-05-01,OXY,0.011264656765698157
2026-05-01,PAYX,-0.011264656765698157
2026-05-01,PG,-0.011264656765698157
2026-05-01,PGR,-0.011264656765698157
2026-05-01,PH,0.011264656765698157
2026-05-01,POOL,-0.011264656765698157
2026-05-01,PSX,0.011264656765698157
2026-05-01,PWR,0.011264656765698157
2026-05-01,PYPL,-0.011264656765698157
2026-05-01,RL,0.011264656765698157
2026-05-01,ROK,0.011264656765698157
2026-05-01,ROP,-0.011264656765698157
2026-05-01,ROST,0.011264656765698157
2026-05-01,RSG,-0.011264656765698157
2026-05-01,RTX,0.011264656765698157
2026-05-01,SJM,-0.011264656765698157
2026-05-01,SRE,0.011264656765698157
2026-05-01,STLD,0.011264656765698157
2026-05-01,STT,0.011264656765698157
2026-05-01,STX,0.011264656765698157
2026-05-01,STZ,-0.011264656765698157
2026-05-01,SYK,-0.011264656765698157
2026-05-01,TAP,-0.011264656765698157
2026-05-01,TDG,-0.011264656765698157
2026-05-01,TDY,0.011264656765698157
2026-05-01,TER,0.011264656765698157
2026-05-01,TJX,0.011264656765698157
2026-05-01,TMUS,-0.011264656765698157
2026-05-01,TPL,-0.011264656765698157
2026-05-01,TPR,0.011264656765698157
2026-05-01,TRGP,0.011264656765698157
2026-05-01,TTWO,-0.011264656765698157
2026-05-01,TYL,-0.011264656765698157
2026-05-01,UDR,-0.011264656765698157
2026-05-01,UNH,-0.011264656765698157
2026-05-01,V,-0.011264656765698157
2026-05-01,VICI,-0.011264656765698157
2026-05-01,VLO,0.011264656765698157
2026-05-01,VRSK,-0.011264656765698157
2026-05-01,VTR,0.011264656765698157
2026-05-01,VTRS,0.011264656765698157
2026-05-01,WAB,0.011264656765698157
2026-05-01,WBD,0.011264656765698157
2026-05-01,WDAY,-0.011264656765698157
2026-05-01,WDC,0.011264656765698157
2026-05-01,WELL,0.011264656765698157
2026-05-01,XOM,0.011264656765698157
2026-05-01,ZTS,-0.011264656765698157
2026-05-08,ABT,-0.012471545858219461
2026-05-08,ACN,-0.012471545858219461
2026-05-08,ADBE,-0.012471545858219461
2026-05-08,ADI,0.012471545858219461
2026-05-08,ADM,0.012471545858219461
2026-05-08,ADP,-0.012471545858219461
2026-05-08,ADSK,-0.012471545858219461
2026-05-08,AEP,0.012471545858219461
2026-05-08,AJG,-0.012471545858219461
2026-05-08,ALB,0.012471545858219461
2026-05-08,AMAT,0.012471545858219461
2026-05-08,AMCR,0.012471545858219461
2026-05-08,AMD,0.012471545858219461
2026-05-08,AME,0.012471545858219461
2026-05-08,AMT,-0.012471545858219461
2026-05-08,APA,0.012471545858219461
2026-05-08,APH,0.012471545858219461
2026-05-08,APO,-0.012471545858219461
2026-05-08,ARE,-0.012471545858219461
2026-05-08,AVB,-0.012471545858219461
2026-05-08,AVGO,0.012471545858219461
2026-05-08,AXON,-0.012471545858219461
2026-05-08,BAX,-0.012471545858219461
2026-05-08,BG,0.012471545858219461
2026-05-08,BK,0.012471545858219461
2026-05-08,BKNG,-0.012471545858219461
2026-05-08,BKR,0.012471545858219461
2026-05-08,BR,-0.012471545858219461
2026-05-08,BRO,-0.012471545858219461
2026-05-08,BSX,-0.012471545858219461
2026-05-08,BXP,-0.012471545858219461
2026-05-08,C,0.012471545858219461
2026-05-08,CAG,-0.012471545858219461
2026-05-08,CAH,0.012471545858219461
2026-05-08,CAT,0.012471545858219461
2026-05-08,CCI,-0.012471545858219461
2026-05-08,CDW,-0.012471545858219461
2026-05-08,CFG,0.012471545858219461
2026-05-08,CHRW,0.012471545858219461
2026-05-08,CHTR,-0.012471545858219461
2026-05-08,CI,-0.012471545858219461
2026-05-08,CLX,-0.012471545858219461
2026-05-08,CMCSA,-0.012471545858219461
2026-05-08,CMG,-0.012471545858219461
2026-05-08,CMI,0.012471545858219461
2026-05-08,CNC,-0.012471545858219461
2026-05-08,CPB,-0.012471545858219461
2026-05-08,CPRT,-0.012471545858219461
2026-05-08,CPT,-0.012471545858219461
2026-05-08,CRM,-0.012471545858219461
2026-05-08,CSCO,0.012471545858219461
2026-05-08,CSGP,-0.012471545858219461
2026-05-08,CSX,0.012471545858219461
2026-05-08,CTAS,-0.012471545858219461
2026-05-08,CTRA,0.012471545858219461
2026-05-08,CTSH,-0.012471545858219461
2026-05-08,CVX,0.012471545858219461
2026-05-08,DELL,0.012471545858219461
2026-05-08,DPZ,-0.012471545858219461
2026-05-08,DVN,0.012471545858219461
2026-05-08,DXCM,-0.012471545858219461
2026-05-08,EFX,-0.012471545858219461
2026-05-08,EIX,0.012471545858219461
2026-05-08,ELV,-0.012471545858219461
2026-05-08,EPAM,-0.012471545858219461
2026-05-08,EQR,-0.012471545858219461
2026-05-08,ERIE,-0.012471545858219461
2026-05-08,ESS,-0.012471545858219461
2026-05-08,ETR,0.012471545858219461
2026-05-08,EVRG,0.012471545858219461
2026-05-08,FAST,-0.012471545858219461
2026-05-08,FCX,0.012471545858219461
2026-05-08,FDS,-0.012471545858219461
2026-05-08,FDX,0.012471545858219461
2026-05-08,FE,0.012471545858219461
2026-05-08,FICO,-0.012471545858219461
2026-05-08,FIS,-0.012471545858219461
2026-05-08,FTNT,-0.012471545858219461
2026-05-08,GD,0.012471545858219461
2026-05-08,GDDY,-0.012471545858219461
2026-05-08,GE,0.012471545858219461
2026-05-08,GEN,-0.012471545858219461
2026-05-08,GEV,0.012471545858219461
2026-05-08,GILD,0.012471545858219461
2026-05-08,GIS,-0.012471545858219461
2026-05-08,GLW,0.012471545858219461
2026-05-08,GM,0.012471545858219461
2026-05-08,GOOG,0.012471545858219461
2026-05-08,GOOGL,0.012471545858219461
2026-05-08,GS,0.012471545858219461
2026-05-08,HAL,0.012471545858219461
2026-05-08,HAS,0.012471545858219461
2026-05-08,HCA,0.012471545858219461
2026-05-08,HII,0.012471545858219461
2026-05-08,HPQ,-0.012471545858219461
2026-05-08,HRL,-0.012471545858219461
2026-05-08,HUBB,0.012471545858219461
2026-05-08,HWM,0.012471545858219461
2026-05-08,INCY,0.012471545858219461
2026-05-08,INTC,0.012471545858219461
2026-05-08,INTU,-0.012471545858219461
2026-05-08,INVH,-0.012471545858219461
2026-05-08,IT,-0.012471545858219461
2026-05-08,JBHT,0.012471545858219461
2026-05-08,JBL,0.012471545858219461
2026-05-08,JCI,0.012471545858219461
2026-05-08,JKHY,-0.012471545858219461
2026-05-08,JNJ,0.012471545858219461
2026-05-08,KDP,-0.012471545858219461
2026-05-08,KEYS,0.012471545858219461
2026-05-08,KHC,-0.012471545858219461
2026-05-08,KKR,-0.012471545858219461
2026-05-08,KLAC,0.012471545858219461
2026-05-08,KMB,-0.012471545858219461
2026-05-08,KVUE,-0.012471545858219461
2026-05-08,L,0.012471545858219461
2026-05-08,LEN,-0.012471545858219461
2026-05-08,LHX,0.012471545858219461
2026-05-08,LNT,0.012471545858219461
2026-05-08,LRCX,0.012471545858219461
2026-05-08,LULU,-0.012471545858219461
2026-05-08,MA,-0.012471545858219461
2026-05-08,MAA,-0.012471545858219461
2026-05-08,MDLZ,-0.012471545858219461
2026-05-08,MKC,-0.012471545858219461
2026-05-08,MPWR,0.012471545858219461
2026-05-08,MRK,0.012471545858219461
2026-05-08,MRNA,0.012471545858219461
2026-05-08,MS,0.012471545858219461
2026-05-08,MSFT,-0.012471545858219461
2026-05-08,MU,0.012471545858219461
2026-05-08,NDSN,0.012471545858219461
2026-05-08,NEE,0.012471545858219461
2026-05-08,NEM,0.012471545858219461
2026-05-08,NFLX,-0.012471545858219461
2026-05-08,NKE,-0.012471545858219461
2026-05-08,NOC,0.012471545858219461
2026-05-08,NOW,-0.012471545858219461
2026-05-08,NSC,0.012471545858219461
2026-05-08,NTRS,0.012471545858219461
2026-05-08,NUE,0.012471545858219461
2026-05-08,NVDA,0.012471545858219461
2026-05-08,NWS,-0.012471545858219461
2026-05-08,NWSA,-0.012471545858219461
2026-05-08,ORLY,-0.012471545858219461
2026-05-08,OTIS,-0.012471545858219461
2026-05-08,PAYX,-0.012471545858219461
2026-05-08,PCAR,0.012471545858219461
2026-05-08,PGR,-0.012471545858219461
2026-05-08,PH,0.012471545858219461
2026-05-08,PLD,0.012471545858219461
2026-05-08,PODD,-0.012471545858219461
2026-05-08,POOL,-0.012471545858219461
2026-05-08,PTC,-0.012471545858219461
2026-05-08,PWR,0.012471545858219461
2026-05-08,PYPL,-0.012471545858219461
2026-05-08,RL,0.012471545858219461
2026-05-08,ROP,-0.012471545858219461
2026-05-08,ROST,0.012471545858219461
2026-05-08,RSG,-0.012471545858219461
2026-05-08,RTX,0.012471545858219461
2026-05-08,SJM,-0.012471545858219461
2026-05-08,SPGI,-0.012471545858219461
2026-05-08,SRE,0.012471545858219461
2026-05-08,STLD,0.012471545858219461
2026-05-08,STT,0.012471545858219461
2026-05-08,STX,0.012471545858219461
2026-05-08,STZ,-0.012471545858219461
2026-05-08,SYK,-0.012471545858219461
2026-05-08,TAP,-0.012471545858219461
2026-05-08,TDY,0.012471545858219461
2026-05-08,TER,0.012471545858219461
2026-05-08,TJX,0.012471545858219461
2026-05-08,TMUS,-0.012471545858219461
2026-05-08,TPL,-0.012471545858219461
2026-05-08,TPR,0.012471545858219461
2026-05-08,TRGP,0.012471545858219461
2026-05-08,TYL,-0.012471545858219461
2026-05-08,UDR,-0.012471545858219461
2026-05-08,V,-0.012471545858219461
2026-05-08,VICI,-0.012471545858219461
2026-05-08,VLO,0.012471545858219461
2026-05-08,VRSK,-0.012471545858219461
2026-05-08,VTR,0.012471545858219461
2026-05-08,WAB,0.012471545858219461
2026-05-08,WBD,0.012471545858219461
2026-05-08,WDAY,-0.012471545858219461
2026-05-08,WDC,0.012471545858219461
2026-05-08,WELL,0.012471545858219461
2026-05-08,WMT,0.012471545858219461
2026-05-08,XOM,0.012471545858219461
2026-05-08,ZTS,-0.012471545858219461
2026-05-15,ABT,-0.01068840514827052
2026-05-15,ACN,-0.01068840514827052
2026-05-15,ADBE,-0.01068840514827052
2026-05-15,ADI,0.01068840514827052
2026-05-15,ADM,0.01068840514827052
2026-05-15,ADP,-0.01068840514827052
2026-05-15,ADSK,-0.01068840514827052
2026-05-15,AEP,0.01068840514827052
2026-05-15,AJG,-0.01068840514827052
2026-05-15,ALB,0.01068840514827052
2026-05-15,AMAT,0.01068840514827052
2026-05-15,AMCR,0.01068840514827052
2026-05-15,AMD,0.01068840514827052
2026-05-15,AME,0.01068840514827052
2026-05-15,AMT,-0.01068840514827052
2026-05-15,ANET,0.01068840514827052
2026-05-15,APA,0.01068840514827052
2026-05-15,APH,0.01068840514827052
2026-05-15,ARE,-0.01068840514827052
2026-05-15,ATO,0.01068840514827052
2026-05-15,AVB,-0.01068840514827052
2026-05-15,AVGO,0.01068840514827052
2026-05-15,AXON,-0.01068840514827052
2026-05-15,BAX,-0.01068840514827052
2026-05-15,BG,0.01068840514827052
2026-05-15,BK,0.01068840514827052
2026-05-15,BKNG,-0.01068840514827052
2026-05-15,BKR,0.01068840514827052
2026-05-15,BLDR,-0.01068840514827052
2026-05-15,BR,-0.01068840514827052
2026-05-15,BRO,-0.01068840514827052
2026-05-15,BSX,-0.01068840514827052
2026-05-15,BXP,-0.01068840514827052
2026-05-15,C,0.01068840514827052
2026-05-15,CAG,-0.01068840514827052
2026-05-15,CAH,0.01068840514827052
2026-05-15,CARR,-0.01068840514827052
2026-05-15,CAT,0.01068840514827052
2026-05-15,CBOE,0.01068840514827052
2026-05-15,CDW,-0.01068840514827052
2026-05-15,CFG,0.01068840514827052
2026-05-15,CHRW,0.01068840514827052
2026-05-15,CHTR,-0.01068840514827052
2026-05-15,CLX,-0.01068840514827052
2026-05-15,CMCSA,-0.01068840514827052
2026-05-15,CMG,-0.01068840514827052
2026-05-15,CMI,0.01068840514827052
2026-05-15,CNC,-0.01068840514827052
2026-05-15,CPB,-0.01068840514827052
2026-05-15,CPRT,-0.01068840514827052
2026-05-15,CPT,-0.01068840514827052
2026-05-15,CRM,-0.01068840514827052
2026-05-15,CSCO,0.01068840514827052
2026-05-15,CSGP,-0.01068840514827052
2026-05-15,CSX,0.01068840514827052
2026-05-15,CTAS,-0.01068840514827052
2026-05-15,CTSH,-0.01068840514827052
2026-05-15,CVX,0.01068840514827052
2026-05-15,DELL,0.01068840514827052
2026-05-15,DPZ,-0.01068840514827052
2026-05-15,DVN,0.01068840514827052
2026-05-15,DXCM,-0.01068840514827052
2026-05-15,EA,0.01068840514827052
2026-05-15,EBAY,0.01068840514827052
2026-05-15,EFX,-0.01068840514827052
2026-05-15,ELV,-0.01068840514827052
2026-05-15,EPAM,-0.01068840514827052
2026-05-15,EQR,-0.01068840514827052
2026-05-15,ERIE,-0.01068840514827052
2026-05-15,ESS,-0.01068840514827052
2026-05-15,ETR,0.01068840514827052
2026-05-15,EVRG,0.01068840514827052
2026-05-15,FAST,-0.01068840514827052
2026-05-15,FCX,0.01068840514827052
2026-05-15,FDS,-0.01068840514827052
2026-05-15,FDX,0.01068840514827052
2026-05-15,FE,0.01068840514827052
2026-05-15,FICO,-0.01068840514827052
2026-05-15,FIS,-0.01068840514827052
2026-05-15,FTNT,-0.01068840514827052
2026-05-15,GDDY,-0.01068840514827052
2026-05-15,GEN,-0.01068840514827052
2026-05-15,GEV,0.01068840514827052
2026-05-15,GILD,0.01068840514827052
2026-05-15,GIS,-0.01068840514827052
2026-05-15,GLW,0.01068840514827052
2026-05-15,GM,0.01068840514827052
2026-05-15,GOOG,0.01068840514827052
2026-05-15,GOOGL,0.01068840514827052
2026-05-15,GS,0.01068840514827052
2026-05-15,HAL,0.01068840514827052
2026-05-15,HAS,0.01068840514827052
2026-05-15,HII,0.01068840514827052
2026-05-15,HLT,0.01068840514827052
2026-05-15,HPQ,-0.01068840514827052
2026-05-15,HRL,-0.01068840514827052
2026-05-15,HST,0.01068840514827052
2026-05-15,HWM,0.01068840514827052
2026-05-15,INCY,0.01068840514827052
2026-05-15,INTC,0.01068840514827052
2026-05-15,INTU,-0.01068840514827052
2026-05-15,INVH,-0.01068840514827052
2026-05-15,IP,-0.01068840514827052
2026-05-15,IT,-0.01068840514827052
2026-05-15,IVZ,0.01068840514827052
2026-05-15,JBHT,0.01068840514827052
2026-05-15,JBL,0.01068840514827052
2026-05-15,JCI,0.01068840514827052
2026-05-15,JKHY,-0.01068840514827052
2026-05-15,JNJ,0.01068840514827052
2026-05-15,KDP,-0.01068840514827052
2026-05-15,KEYS,0.01068840514827052
2026-05-15,KHC,-0.01068840514827052
2026-05-15,KLAC,0.01068840514827052
2026-05-15,KMB,-0.01068840514827052
2026-05-15,KVUE,-0.01068840514827052
2026-05-15,L,0.01068840514827052
2026-05-15,LHX,0.01068840514827052
2026-05-15,LII,-0.01068840514827052
2026-05-15,LNT,0.01068840514827052
2026-05-15,LRCX,0.01068840514827052
2026-05-15,LULU,-0.01068840514827052
2026-05-15,MA,-0.01068840514827052
2026-05-15,MAA,-0.01068840514827052
2026-05-15,MAR,0.01068840514827052
2026-05-15,MDLZ,-0.01068840514827052
2026-05-15,MKC,-0.01068840514827052
2026-05-15,MOS,-0.01068840514827052
2026-05-15,MPWR,0.01068840514827052
2026-05-15,MRK,0.01068840514827052
2026-05-15,MRNA,0.01068840514827052
2026-05-15,MS,0.01068840514827052
2026-05-15,MU,0.01068840514827052
2026-05-15,NDSN,0.01068840514827052
2026-05-15,NEM,0.01068840514827052
2026-05-15,NFLX,-0.01068840514827052
2026-05-15,NI,0.01068840514827052
2026-05-15,NKE,-0.01068840514827052
2026-05-15,NOC,0.01068840514827052
2026-05-15,NOW,-0.01068840514827052
2026-05-15,NSC,0.01068840514827052
2026-05-15,NTRS,0.01068840514827052
2026-05-15,NUE,0.01068840514827052
2026-05-15,NVDA,0.01068840514827052
2026-05-15,ON,0.01068840514827052
2026-05-15,ORLY,-0.01068840514827052
2026-05-15,OTIS,-0.01068840514827052
2026-05-15,PAYX,-0.01068840514827052
2026-05-15,PG,-0.01068840514827052
2026-05-15,PGR,-0.01068840514827052
2026-05-15,PH,0.01068840514827052
2026-05-15,PLD,0.01068840514827052
2026-05-15,PODD,-0.01068840514827052
2026-05-15,POOL,-0.01068840514827052
2026-05-15,PTC,-0.01068840514827052
2026-05-15,PWR,0.01068840514827052
2026-05-15,PYPL,-0.01068840514827052
2026-05-15,ROP,-0.01068840514827052
2026-05-15,ROST,0.01068840514827052
2026-05-15,RSG,-0.01068840514827052
2026-05-15,RTX,0.01068840514827052
2026-05-15,SJM,-0.01068840514827052
2026-05-15,SPGI,-0.01068840514827052
2026-05-15,SRE,0.01068840514827052
2026-05-15,STLD,0.01068840514827052
2026-05-15,STT,0.01068840514827052
2026-05-15,STX,0.01068840514827052
2026-05-15,SWKS,-0.01068840514827052
2026-05-15,SYK,-0.01068840514827052
2026-05-15,TAP,-0.01068840514827052
2026-05-15,TER,0.01068840514827052
2026-05-15,TMUS,-0.01068840514827052
2026-05-15,TPL,-0.01068840514827052
2026-05-15,TPR,0.01068840514827052
2026-05-15,TRGP,0.01068840514827052
2026-05-15,TSCO,-0.01068840514827052
2026-05-15,TYL,-0.01068840514827052
2026-05-15,UDR,-0.01068840514827052
2026-05-15,V,-0.01068840514827052
2026-05-15,VICI,-0.01068840514827052
2026-05-15,VLO,0.01068840514827052
2026-05-15,VLTO,-0.01068840514827052
2026-05-15,VRSK,-0.01068840514827052
2026-05-15,VTR,0.01068840514827052
2026-05-15,VTRS,0.01068840514827052
2026-05-15,WBD,0.01068840514827052
2026-05-15,WDAY,-0.01068840514827052
2026-05-15,WDC,0.01068840514827052
2026-05-15,WELL,0.01068840514827052
2026-05-15,WMT,0.01068840514827052
2026-05-15,XOM,0.01068840514827052
2026-05-15,ZTS,-0.01068840514827052
2026-05-22,ABT,-0.009130549455460841
2026-05-22,ACN,-0.009130549455460841
2026-05-22,ADBE,-0.009130549455460841
2026-05-22,ADI,0.009130549455460841
2026-05-22,ADM,0.009130549455460841
2026-05-22,ADP,-0.009130549455460841
2026-05-22,ADSK,-0.009130549455460841
2026-05-22,AEP,0.009130549455460841
2026-05-22,AJG,-0.009130549455460841
2026-05-22,ALB,0.009130549455460841
2026-05-22,AMAT,0.009130549455460841
2026-05-22,AMCR,0.009130549455460841
2026-05-22,AMD,0.009130549455460841
2026-05-22,AME,0.009130549455460841
2026-05-22,AMT,-0.009130549455460841
2026-05-22,ANET,0.009130549455460841
2026-05-22,AON,-0.009130549455460841
2026-05-22,APA,0.009130549455460841
2026-05-22,APH,0.009130549455460841
2026-05-22,ARE,-0.009130549455460841
2026-05-22,ATO,0.009130549455460841
2026-05-22,AVB,-0.009130549455460841
2026-05-22,AVGO,0.009130549455460841
2026-05-22,AXON,-0.009130549455460841
2026-05-22,BAX,-0.009130549455460841
2026-05-22,BG,0.009130549455460841
2026-05-22,BIIB,0.009130549455460841
2026-05-22,BKNG,-0.009130549455460841
2026-05-22,BKR,0.009130549455460841
2026-05-22,BR,-0.009130549455460841
2026-05-22,BRKB,-0.009130549455460841
2026-05-22,BRO,-0.009130549455460841
2026-05-22,BSX,-0.009130549455460841
2026-05-22,C,0.009130549455460841
2026-05-22,CAG,-0.009130549455460841
2026-05-22,CAT,0.009130549455460841
2026-05-22,CBOE,0.009130549455460841
2026-05-22,CDW,-0.009130549455460841
2026-05-22,CFG,0.009130549455460841
2026-05-22,CHRW,0.009130549455460841
2026-05-22,CHTR,-0.009130549455460841
2026-05-22,CLX,-0.009130549455460841
2026-05-22,CMG,-0.009130549455460841
2026-05-22,CMI,0.009130549455460841
2026-05-22,CNC,-0.009130549455460841
2026-05-22,COO,-0.009130549455460841
2026-05-22,COP,0.009130549455460841
2026-05-22,CPB,-0.009130549455460841
2026-05-22,CPRT,-0.009130549455460841
2026-05-22,CPT,-0.009130549455460841
2026-05-22,CRM,-0.009130549455460841
2026-05-22,CSCO,0.009130549455460841
2026-05-22,CSGP,-0.009130549455460841
2026-05-22,CSX,0.009130549455460841
2026-05-22,CTAS,-0.009130549455460841
2026-05-22,CTSH,-0.009130549455460841
2026-05-22,CVX,0.009130549455460841
2026-05-22,DD,-0.009130549455460841
2026-05-22,DELL,0.009130549455460841
2026-05-22,DPZ,-0.009130549455460841
2026-05-22,DVN,0.009130549455460841
2026-05-22,DXCM,-0.009130549455460841
2026-05-22,EFX,-0.009130549455460841
2026-05-22,EPAM,-0.009130549455460841
2026-05-22,EQR,-0.009130549455460841
2026-05-22,ERIE,-0.009130549455460841
2026-05-22,ETR,0.009130549455460841
2026-05-22,EVRG,0.009130549455460841
2026-05-22,EXE,-0.009130549455460841
2026-05-22,FANG,0.009130549455460841
2026-05-22,FDS,-0.009130549455460841
2026-05-22,FDX,0.009130549455460841
2026-05-22,FICO,-0.009130549455460841
2026-05-22,FIS,-0.009130549455460841
2026-05-22,FTNT,-0.009130549455460841
2026-05-22,GDDY,-0.009130549455460841
2026-05-22,GEN,-0.009130549455460841
2026-05-22,GEV,0.009130549455460841
2026-05-22,GIS,-0.009130549455460841
2026-05-22,GL,0.009130549455460841
2026-05-22,GLW,0.009130549455460841
2026-05-22,GM,0.009130549455460841
2026-05-22,GOOG,0.009130549455460841
2026-05-22,GOOGL,0.009130549455460841
2026-05-22,GS,0.009130549455460841
2026-05-22,HAL,0.009130549455460841
2026-05-22,HAS,0.009130549455460841
2026-05-22,HII,0.009130549455460841
2026-05-22,HLT,0.009130549455460841
2026-05-22,HPE,0.009130549455460841
2026-05-22,HPQ,-0.009130549455460841
2026-05-22,HRL,-0.009130549455460841
2026-05-22,HST,0.009130549455460841
2026-05-22,HUBB,0.009130549455460841
2026-05-22,HWM,0.009130549455460841
2026-05-22,INCY,0.009130549455460841
2026-05-22,INTC,0.009130549455460841
2026-05-22,INTU,-0.009130549455460841
2026-05-22,INVH,-0.009130549455460841
2026-05-22,IP,-0.009130549455460841
2026-05-22,IT,-0.009130549455460841
2026-05-22,IVZ,0.009130549455460841
2026-05-22,JBHT,0.009130549455460841
2026-05-22,JBL,0.009130549455460841
2026-05-22,JCI,0.009130549455460841
2026-05-22,JKHY,-0.009130549455460841
2026-05-22,JNJ,0.009130549455460841
2026-05-22,KEY,0.009130549455460841
2026-05-22,KEYS,0.009130549455460841
2026-05-22,KHC,-0.009130549455460841
2026-05-22,KLAC,0.009130549455460841
2026-05-22,KMB,-0.009130549455460841
2026-05-22,KVUE,-0.009130549455460841
2026-05-22,L,0.009130549455460841
2026-05-22,LHX,0.009130549455460841
2026-05-22,LRCX,0.009130549455460841
2026-05-22,LULU,-0.009130549455460841
2026-05-22,MA,-0.009130549455460841
2026-05-22,MAA,-0.009130549455460841
2026-05-22,MAR,0.009130549455460841
2026-05-22,MDLZ,-0.009130549455460841
2026-05-22,MKC,-0.009130549455460841
2026-05-22,MOS,-0.009130549455460841
2026-05-22,MPWR,0.009130549455460841
2026-05-22,MRK,0.009130549455460841
2026-05-22,MS,0.009130549455460841
2026-05-22,MU,0.009130549455460841
2026-05-22,NDSN,0.009130549455460841
2026-05-22,NEE,0.009130549455460841
2026-05-22,NEM,0.009130549455460841
2026-05-22,NFLX,-0.009130549455460841
2026-05-22,NI,0.009130549455460841
2026-05-22,NKE,-0.009130549455460841
2026-05-22,NOW,-0.009130549455460841
2026-05-22,NSC,0.009130549455460841
2026-05-22,NTRS,0.009130549455460841
2026-05-22,NUE,0.009130549455460841
2026-05-22,NVDA,0.009130549455460841
2026-05-22,ON,0.009130549455460841
2026-05-22,ORLY,-0.009130549455460841
2026-05-22,OTIS,-0.009130549455460841
2026-05-22,PAYX,-0.009130549455460841
2026-05-22,PG,-0.009130549455460841
2026-05-22,PGR,-0.009130549455460841
2026-05-22,PH,0.009130549455460841
2026-05-22,PLD,0.009130549455460841
2026-05-22,PODD,-0.009130549455460841
2026-05-22,POOL,-0.009130549455460841
2026-05-22,PTC,-0.009130549455460841
2026-05-22,PWR,0.009130549455460841
2026-05-22,PYPL,-0.009130549455460841
2026-05-22,RMD,-0.009130549455460841
2026-05-22,ROP,-0.009130549455460841
2026-05-22,ROST,0.009130549455460841
2026-05-22,RSG,-0.009130549455460841
2026-05-22,SJM,-0.009130549455460841
2026-05-22,SLB,0.009130549455460841
2026-05-22,SMCI,-0.009130549455460841
2026-05-22,SPG,0.009130549455460841
2026-05-22,SPGI,-0.009130549455460841
2026-05-22,STLD,0.009130549455460841
2026-05-22,STT,0.009130549455460841
2026-05-22,STX,0.009130549455460841
2026-05-22,SYK,-0.009130549455460841
2026-05-22,TAP,-0.009130549455460841
2026-05-22,TDG,-0.009130549455460841
2026-05-22,TDY,0.009130549455460841
2026-05-22,TER,0.009130549455460841
2026-05-22,TMUS,-0.009130549455460841
2026-05-22,TPL,-0.009130549455460841
2026-05-22,TPR,0.009130549455460841
2026-05-22,TRGP,0.009130549455460841
2026-05-22,TSCO,-0.009130549455460841
2026-05-22,TYL,-0.009130549455460841
2026-05-22,UBER,-0.009130549455460841
2026-05-22,UDR,-0.009130549455460841
2026-05-22,V,-0.009130549455460841
2026-05-22,VICI,-0.009130549455460841
2026-05-22,VLO,0.009130549455460841
2026-05-22,VLTO,-0.009130549455460841
2026-05-22,VRSK,-0.009130549455460841
2026-05-22,VTR,0.009130549455460841
2026-05-22,VTRS,0.009130549455460841
2026-05-22,WAB,0.009130549455460841
2026-05-22,WBD,0.009130549455460841
2026-05-22,WDAY,-0.009130549455460841
2026-05-22,WDC,0.009130549455460841
2026-05-22,WELL,0.009130549455460841
2026-05-22,WMT,0.009130549455460841
2026-05-22,XOM,0.009130549455460841
2026-05-22,ZBRA,-0.009130549455460841
2026-05-22,ZTS,-0.009130549455460841
2026-05-29,ABT,-0.009136819701959193
2026-05-29,ACN,-0.009136819701959193
2026-05-29,ADBE,-0.009136819701959193
2026-05-29,ADI,0.009136819701959193
2026-05-29,ADM,0.009136819701959193
2026-05-29,ADP,-0.009136819701959193
2026-05-29,ADSK,-0.009136819701959193
2026-05-29,AEP,0.009136819701959193
2026-05-29,AJG,-0.009136819701959193
2026-05-29,ALB,0.009136819701959193
2026-05-29,AMAT,0.009136819701959193
2026-05-29,AMCR,0.009136819701959193
2026-05-29,AMD,0.009136819701959193
2026-05-29,AME,0.009136819701959193
2026-05-29,AMT,-0.009136819701959193
2026-05-29,ANET,0.009136819701959193
2026-05-29,AON,-0.009136819701959193
2026-05-29,APA,0.009136819701959193
2026-05-29,APH,0.009136819701959193
2026-05-29,ARE,-0.009136819701959193
2026-05-29,ATO,0.009136819701959193
2026-05-29,AVB,-0.009136819701959193
2026-05-29,AVGO,0.009136819701959193
2026-05-29,AWK,-0.009136819701959193
2026-05-29,AXON,-0.009136819701959193
2026-05-29,BAX,-0.009136819701959193
2026-05-29,BDX,-0.009136819701959193
2026-05-29,BFB,-0.009136819701959193
2026-05-29,BG,0.009136819701959193
2026-05-29,BKNG,-0.009136819701959193
2026-05-29,BKR,0.009136819701959193
2026-05-29,BLDR,-0.009136819701959193
2026-05-29,BR,-0.009136819701959193
2026-05-29,BRO,-0.009136819701959193
2026-05-29,BSX,-0.009136819701959193
2026-05-29,BXP,-0.009136819701959193
2026-05-29,C,0.009136819701959193
2026-05-29,CAG,-0.009136819701959193
2026-05-29,CAT,0.009136819701959193
2026-05-29,CBOE,0.009136819701959193
2026-05-29,CDW,-0.009136819701959193
2026-05-29,CFG,0.009136819701959193
2026-05-29,CHRW,0.009136819701959193
2026-05-29,CHTR,-0.009136819701959193
2026-05-29,CLX,-0.009136819701959193
2026-05-29,CMCSA,-0.009136819701959193
2026-05-29,CMG,-0.009136819701959193
2026-05-29,CMI,0.009136819701959193
2026-05-29,COO,-0.009136819701959193
2026-05-29,COP,0.009136819701959193
2026-05-29,CPB,-0.009136819701959193
2026-05-29,CPRT,-0.009136819701959193
2026-05-29,CPT,-0.009136819701959193
2026-05-29,CRM,-0.009136819701959193
2026-05-29,CSCO,0.009136819701959193
2026-05-29,CSGP,-0.009136819701959193
2026-05-29,CSX,0.009136819701959193
2026-05-29,CTAS,-0.009136819701959193
2026-05-29,CTSH,-0.009136819701959193
2026-05-29,CVX,0.009136819701959193
2026-05-29,DD,-0.009136819701959193
2026-05-29,DELL,0.009136819701959193
2026-05-29,DPZ,-0.009136819701959193
2026-05-29,DVN,0.009136819701959193
2026-05-29,DXCM,-0.009136819701959193
2026-05-29,EA,0.009136819701959193
2026-05-29,EFX,-0.009136819701959193
2026-05-29,EPAM,-0.009136819701959193
2026-05-29,ERIE,-0.009136819701959193
2026-05-29,ETR,0.009136819701959193
2026-05-29,EVRG,0.009136819701959193
2026-05-29,FANG,0.009136819701959193
2026-05-29,FDS,-0.009136819701959193
2026-05-29,FDX,0.009136819701959193
2026-05-29,FICO,-0.009136819701959193
2026-05-29,FIS,-0.009136819701959193
2026-05-29,FTNT,-0.009136819701959193
2026-05-29,GDDY,-0.009136819701959193
2026-05-29,GEN,-0.009136819701959193
2026-05-29,GEV,0.009136819701959193
2026-05-29,GIS,-0.009136819701959193
2026-05-29,GL,0.009136819701959193
2026-05-29,GLW,0.009136819701959193
2026-05-29,GM,0.009136819701959193
2026-05-29,GNRC,0.009136819701959193
2026-05-29,GOOG,0.009136819701959193
2026-05-29,GOOGL,0.009136819701959193
2026-05-29,GS,0.009136819701959193
2026-05-29,HAL,0.009136819701959193
2026-05-29,HAS,0.009136819701959193
2026-05-29,HII,0.009136819701959193
2026-05-29,HLT,0.009136819701959193
2026-05-29,HPE,0.009136819701959193
2026-05-29,HPQ,-0.009136819701959193
2026-05-29,HRL,-0.009136819701959193
2026-05-29,HST,0.009136819701959193
2026-05-29,HWM,0.009136819701959193
2026-05-29,ICE,-0.009136819701959193
2026-05-29,INCY,0.009136819701959193
2026-05-29,INTC,0.009136819701959193
2026-05-29,INTU,-0.009136819701959193
2026-05-29,INVH,-0.009136819701959193
2026-05-29,IP,-0.009136819701959193
2026-05-29,IT,-0.009136819701959193
2026-05-29,IVZ,0.009136819701959193
2026-05-29,JBHT,0.009136819701959193
2026-05-29,JBL,0.009136819701959193
2026-05-29,JCI,0.009136819701959193
2026-05-29,JKHY,-0.009136819701959193
2026-05-29,JNJ,0.009136819701959193
2026-05-29,KEY,0.009136819701959193
2026-05-29,KEYS,0.009136819701959193
2026-05-29,KHC,-0.009136819701959193
2026-05-29,KLAC,0.009136819701959193
2026-05-29,KMB,-0.009136819701959193
2026-05-29,KVUE,-0.009136819701959193
2026-05-29,L,0.009136819701959193
2026-05-29,LHX,0.009136819701959193
2026-05-29,LNT,0.009136819701959193
2026-05-29,LRCX,0.009136819701959193
2026-05-29,LULU,-0.009136819701959193
2026-05-29,MA,-0.009136819701959193
2026-05-29,MAA,-0.009136819701959193
2026-05-29,MAR,0.009136819701959193
2026-05-29,MKC,-0.009136819701959193
2026-05-29,MOS,-0.009136819701959193
2026-05-29,MPC,0.009136819701959193
2026-05-29,MPWR,0.009136819701959193
2026-05-29,MS,0.009136819701959193
2026-05-29,MU,0.009136819701959193
2026-05-29,NDSN,0.009136819701959193
2026-05-29,NEE,0.009136819701959193
2026-05-29,NEM,0.009136819701959193
2026-05-29,NFLX,-0.009136819701959193
2026-05-29,NI,0.009136819701959193
2026-05-29,NKE,-0.009136819701959193
2026-05-29,NOW,-0.009136819701959193
2026-05-29,NSC,0.009136819701959193
2026-05-29,NTRS,0.009136819701959193
2026-05-29,NUE,0.009136819701959193
2026-05-29,ON,0.009136819701959193
2026-05-29,ORLY,-0.009136819701959193
2026-05-29,OTIS,-0.009136819701959193
2026-05-29,OXY,0.009136819701959193
2026-05-29,PAYX,-0.009136819701959193
2026-05-29,PG,-0.009136819701959193
2026-05-29,PGR,-0.009136819701959193
2026-05-29,PH,0.009136819701959193
2026-05-29,PLD,0.009136819701959193
2026-05-29,PNR,-0.009136819701959193
2026-05-29,PODD,-0.009136819701959193
2026-05-29,POOL,-0.009136819701959193
2026-05-29,PSX,0.009136819701959193
2026-05-29,PTC,-0.009136819701959193
2026-05-29,PWR,0.009136819701959193
2026-05-29,PYPL,-0.009136819701959193
2026-05-29,RMD,-0.009136819701959193
2026-05-29,ROP,-0.009136819701959193
2026-05-29,ROST,0.009136819701959193
2026-05-29,RSG,-0.009136819701959193
2026-05-29,SLB,0.009136819701959193
2026-05-29,SPGI,-0.009136819701959193
2026-05-29,STLD,0.009136819701959193
2026-05-29,STT,0.009136819701959193
2026-05-29,STX,0.009136819701959193
2026-05-29,SYK,-0.009136819701959193
2026-05-29,TAP,-0.009136819701959193
2026-05-29,TDG,-0.009136819701959193
2026-05-29,TER,0.009136819701959193
2026-05-29,TMUS,-0.009136819701959193
2026-05-29,TPL,-0.009136819701959193
2026-05-29,TPR,0.009136819701959193
2026-05-29,TRGP,0.009136819701959193
2026-05-29,TSCO,-0.009136819701959193
2026-05-29,TYL,-0.009136819701959193
2026-05-29,UDR,-0.009136819701959193
2026-05-29,VLO,0.009136819701959193
2026-05-29,VLTO,-0.009136819701959193
2026-05-29,VRSK,-0.009136819701959193
2026-05-29,VTR,0.009136819701959193
2026-05-29,VTRS,0.009136819701959193
2026-05-29,WAB,0.009136819701959193
2026-05-29,WBD,0.009136819701959193
2026-05-29,WDAY,-0.009136819701959193
2026-05-29,WDC,0.009136819701959193
2026-05-29,WELL,0.009136819701959193
2026-05-29,WMT,0.009136819701959193
2026-05-29,WRB,-0.009136819701959193
2026-05-29,WTW,-0.009136819701959193
2026-05-29,XOM,0.009136819701959193
2026-05-29,ZBRA,-0.009136819701959193
2026-05-29,ZTS,-0.009136819701959193
2026-06-05,AAPL,0.010302660555181368
2026-06-05,ABT,-0.010302660555181368
2026-06-05,ACN,-0.010302660555181368
2026-06-05,ADBE,-0.010302660555181368
2026-06-05,ADI,0.010302660555181368
2026-06-05,ADM,0.010302660555181368
2026-06-05,ADP,-0.010302660555181368
2026-06-05,ADSK,-0.010302660555181368
2026-06-05,AEP,0.010302660555181368
2026-06-05,AJG,-0.010302660555181368
2026-06-05,ALB,0.010302660555181368
2026-06-05,AMAT,0.010302660555181368
2026-06-05,AMCR,0.010302660555181368
2026-06-05,AMD,0.010302660555181368
2026-06-05,AME,0.010302660555181368
2026-06-05,AMT,-0.010302660555181368
2026-06-05,AON,-0.010302660555181368
2026-06-05,APA,0.010302660555181368
2026-06-05,APH,0.010302660555181368
2026-06-05,ARE,-0.010302660555181368
2026-06-05,ATO,0.010302660555181368
2026-06-05,AWK,-0.010302660555181368
2026-06-05,AXON,-0.010302660555181368
2026-06-05,BAX,-0.010302660555181368
2026-06-05,BBY,-0.010302660555181368
2026-06-05,BEN,0.010302660555181368
2026-06-05,BG,0.010302660555181368
2026-06-05,BIIB,0.010302660555181368
2026-06-05,BKNG,-0.010302660555181368
2026-06-05,BKR,0.010302660555181368
2026-06-05,BLDR,-0.010302660555181368
2026-06-05,BR,-0.010302660555181368
2026-06-05,BRO,-0.010302660555181368
2026-06-05,BSX,-0.010302660555181368
2026-06-05,BXP,-0.010302660555181368
2026-06-05,C,0.010302660555181368
2026-06-05,CAG,-0.010302660555181368
2026-06-05,CAT,0.010302660555181368
2026-06-05,CBOE,0.010302660555181368
2026-06-05,CDW,-0.010302660555181368
2026-06-05,CFG,0.010302660555181368
2026-06-05,CHRW,0.010302660555181368
2026-06-05,CHTR,-0.010302660555181368
2026-06-05,CLX,-0.010302660555181368
2026-06-05,CMCSA,-0.010302660555181368
2026-06-05,CMG,-0.010302660555181368
2026-06-05,CMI,0.010302660555181368
2026-06-05,CPB,-0.010302660555181368
2026-06-05,CPRT,-0.010302660555181368
2026-06-05,CPT,-0.010302660555181368
2026-06-05,CRM,-0.010302660555181368
2026-06-05,CSCO,0.010302660555181368
2026-06-05,CSGP,-0.010302660555181368
2026-06-05,CSX,0.010302660555181368
2026-06-05,CTAS,-0.010302660555181368
2026-06-05,CTSH,-0.010302660555181368
2026-06-05,CVX,0.010302660555181368
2026-06-05,DAL,0.010302660555181368
2026-06-05,DELL,0.010302660555181368
2026-06-05,DPZ,-0.010302660555181368
2026-06-05,DVN,0.010302660555181368
2026-06-05,DXCM,-0.010302660555181368
2026-06-05,EA,0.010302660555181368
2026-06-05,EFX,-0.010302660555181368
2026-06-05,ERIE,-0.010302660555181368
2026-06-05,ETR,0.010302660555181368
2026-06-05,EVRG,0.010302660555181368
2026-06-05,EXPD,0.010302660555181368
2026-06-05,FDS,-0.010302660555181368
2026-06-05,FDX,0.010302660555181368
2026-06-05,FICO,-0.010302660555181368
2026-06-05,FIS,-0.010302660555181368
2026-06-05,FRT,0.010302660555181368
2026-06-05,GD,0.010302660555181368
2026-06-05,GDDY,-0.010302660555181368
2026-06-05,GEN,-0.010302660555181368
2026-06-05,GEV,0.010302660555181368
2026-06-05,GIS,-0.010302660555181368
2026-06-05,GL,0.010302660555181368
2026-06-05,GLW,0.010302660555181368
2026-06-05,GM,0.010302660555181368
2026-06-05,GNRC,0.010302660555181368
2026-06-05,GOOG,0.010302660555181368
2026-06-05,GOOGL,0.010302660555181368
2026-06-05,GS,0.010302660555181368
2026-06-05,HAL,0.010302660555181368
2026-06-05,HAS,0.010302660555181368
2026-06-05,HD,-0.010302660555181368
2026-06-05,HLT,0.010302660555181368
2026-06-05,HPE,0.010302660555181368
2026-06-05,HRL,-0.010302660555181368
2026-06-05,HST,0.010302660555181368
2026-06-05,HWM,0.010302660555181368
2026-06-05,ICE,-0.010302660555181368
2026-06-05,INCY,0.010302660555181368
2026-06-05,INTC,0.010302660555181368
2026-06-05,INTU,-0.010302660555181368
2026-06-05,INVH,-0.010302660555181368
2026-06-05,IP,-0.010302660555181368
2026-06-05,ISRG,-0.010302660555181368
2026-06-05,IT,-0.010302660555181368
2026-06-05,IVZ,0.010302660555181368
2026-06-05,JBHT,0.010302660555181368
2026-06-05,JBL,0.010302660555181368
2026-06-05,JCI,0.010302660555181368
2026-06-05,JKHY,-0.010302660555181368
2026-06-05,JNJ,0.010302660555181368
2026-06-05,KEY,0.010302660555181368
2026-06-05,KEYS,0.010302660555181368
2026-06-05,KLAC,0.010302660555181368
2026-06-05,KMB,-0.010302660555181368
2026-06-05,KVUE,-0.010302660555181368
2026-06-05,LEN,-0.010302660555181368
2026-06-05,LNT,0.010302660555181368
2026-06-05,LRCX,0.010302660555181368
2026-06-05,LULU,-0.010302660555181368
2026-06-05,MA,-0.010302660555181368
2026-06-05,MAA,-0.010302660555181368
2026-06-05,MAR,0.010302660555181368
2026-06-05,MCD,-0.010302660555181368
2026-06-05,MDT,-0.010302660555181368
2026-06-05,MKC,-0.010302660555181368
2026-06-05,MOS,-0.010302660555181368
2026-06-05,MPC,0.010302660555181368
2026-06-05,MPWR,0.010302660555181368
2026-06-05,MRK,0.010302660555181368
2026-06-05,MS,0.010302660555181368
2026-06-05,MU,0.010302660555181368
2026-06-05,NDSN,0.010302660555181368
2026-06-05,NEM,0.010302660555181368
2026-06-05,NFLX,-0.010302660555181368
2026-06-05,NKE,-0.010302660555181368
2026-06-05,NOW,-0.010302660555181368
2026-06-05,NSC,0.010302660555181368
2026-06-05,NTRS,0.010302660555181368
2026-06-05,NUE,0.010302660555181368
2026-06-05,NVDA,0.010302660555181368
2026-06-05,NVR,-0.010302660555181368
2026-06-05,ON,0.010302660555181368
2026-06-05,ORLY,-0.010302660555181368
2026-06-05,OTIS,-0.010302660555181368
2026-06-05,PAYX,-0.010302660555181368
2026-06-05,PFG,0.010302660555181368
2026-06-05,PG,-0.010302660555181368
2026-06-05,PGR,-0.010302660555181368
2026-06-05,PH,0.010302660555181368
2026-06-05,PLD,0.010302660555181368
2026-06-05,PNR,-0.010302660555181368
2026-06-05,PODD,-0.010302660555181368
2026-06-05,POOL,-0.010302660555181368
2026-06-05,PWR,0.010302660555181368
2026-06-05,PYPL,-0.010302660555181368
2026-06-05,RMD,-0.010302660555181368
2026-06-05,ROK,0.010302660555181368
2026-06-05,ROP,-0.010302660555181368
2026-06-05,ROST,0.010302660555181368
2026-06-05,RSG,-0.010302660555181368
2026-06-05,SLB,0.010302660555181368
2026-06-05,SPG,0.010302660555181368
2026-06-05,SPGI,-0.010302660555181368
2026-06-05,STLD,0.010302660555181368
2026-06-05,STT,0.010302660555181368
2026-06-05,STX,0.010302660555181368
2026-06-05,SYK,-0.010302660555181368
2026-06-05,TAP,-0.010302660555181368
2026-06-05,TDG,-0.010302660555181368
2026-06-05,TER,0.010302660555181368
2026-06-05,TMUS,-0.010302660555181368
2026-06-05,TPL,-0.010302660555181368
2026-06-05,TPR,0.010302660555181368
2026-06-05,TRGP,0.010302660555181368
2026-06-05,TRMB,-0.010302660555181368
2026-06-05,TSCO,-0.010302660555181368
2026-06-05,TYL,-0.010302660555181368
2026-06-05,UDR,-0.010302660555181368
2026-06-05,V,-0.010302660555181368
2026-06-05,VICI,-0.010302660555181368
2026-06-05,VLO,0.010302660555181368
2026-06-05,VLTO,-0.010302660555181368
2026-06-05,VRSK,-0.010302660555181368
2026-06-05,VTR,0.010302660555181368
2026-06-05,VTRS,0.010302660555181368
2026-06-05,WBD,0.010302660555181368
2026-06-05,WDAY,-0.010302660555181368
2026-06-05,WDC,0.010302660555181368
2026-06-05,WELL,0.010302660555181368
2026-06-05,WMT,0.010302660555181368
2026-06-05,WRB,-0.010302660555181368
2026-06-05,WTW,-0.010302660555181368
2026-06-05,XOM,0.010302660555181368
2026-06-05,ZBRA,-0.010302660555181368
2026-06-05,ZTS,-0.010302660555181368
2026-06-12,AAPL,0.010396752703162607
2026-06-12,ABT,-0.010396752703162607
2026-06-12,ACN,-0.010396752703162607
2026-06-12,ADBE,-0.010396752703162607
2026-06-12,ADI,0.010396752703162607
2026-06-12,ADM,0.010396752703162607
2026-06-12,ADP,-0.010396752703162607
2026-06-12,ADSK,-0.010396752703162607
2026-06-12,AEP,0.010396752703162607
2026-06-12,AJG,-0.010396752703162607
2026-06-12,AKAM,0.010396752703162607
2026-06-12,ALB,0.010396752703162607
2026-06-12,AMAT,0.010396752703162607
2026-06-12,AMCR,0.010396752703162607
2026-06-12,AMD,0.010396752703162607
2026-06-12,AME,0.010396752703162607
2026-06-12,AMT,-0.010396752703162607
2026-06-12,APA,0.010396752703162607
2026-06-12,ARE,-0.010396752703162607
2026-06-12,AVB,-0.010396752703162607
2026-06-12,AVGO,0.010396752703162607
2026-06-12,AXON,-0.010396752703162607
2026-06-12,BAX,-0.010396752703162607
2026-06-12,BBY,-0.010396752703162607
2026-06-12,BDX,-0.010396752703162607
2026-06-12,BEN,0.010396752703162607
2026-06-12,BG,0.010396752703162607
2026-06-12,BIIB,0.010396752703162607
2026-06-12,BKNG,-0.010396752703162607
2026-06-12,BKR,0.010396752703162607
2026-06-12,BLDR,-0.010396752703162607
2026-06-12,BR,-0.010396752703162607
2026-06-12,BRO,-0.010396752703162607
2026-06-12,BSX,-0.010396752703162607
2026-06-12,BXP,-0.010396752703162607
2026-06-12,C,0.010396752703162607
2026-06-12,CAG,-0.010396752703162607
2026-06-12,CAT,0.010396752703162607
2026-06-12,CBOE,0.010396752703162607
2026-06-12,CDW,-0.010396752703162607
2026-06-12,CFG,0.010396752703162607
2026-06-12,CHRW,0.010396752703162607
2026-06-12,CHTR,-0.010396752703162607
2026-06-12,CLX,-0.010396752703162607
2026-06-12,CMCSA,-0.010396752703162607
2026-06-12,CMG,-0.010396752703162607
2026-06-12,CMI,0.010396752703162607
2026-06-12,CPB,-0.010396752703162607
2026-06-12,CPRT,-0.010396752703162607
2026-06-12,CPT,-0.010396752703162607
2026-06-12,CRM,-0.010396752703162607
2026-06-12,CSCO,0.010396752703162607
2026-06-12,CSGP,-0.010396752703162607
2026-06-12,CSX,0.010396752703162607
2026-06-12,CTAS,-0.010396752703162607
2026-06-12,CTSH,-0.010396752703162607
2026-06-12,CVS,0.010396752703162607
2026-06-12,CVX,0.010396752703162607
2026-06-12,DASH,-0.010396752703162607
2026-06-12,DELL,0.010396752703162607
2026-06-12,DHR,-0.010396752703162607
2026-06-12,DPZ,-0.010396752703162607
2026-06-12,DXCM,-0.010396752703162607
2026-06-12,EA,0.010396752703162607
2026-06-12,EBAY,0.010396752703162607
2026-06-12,EFX,-0.010396752703162607
2026-06-12,EIX,0.010396752703162607
2026-06-12,ERIE,-0.010396752703162607
2026-06-12,ETR,0.010396752703162607
2026-06-12,EVRG,0.010396752703162607
2026-06-12,FDS,-0.010396752703162607
2026-06-12,FDX,0.010396752703162607
2026-06-12,FICO,-0.010396752703162607
2026-06-12,FIS,-0.010396752703162607
2026-06-12,GDDY,-0.010396752703162607
2026-06-12,GEN,-0.010396752703162607
2026-06-12,GEV,0.010396752703162607
2026-06-12,GIS,-0.010396752703162607
2026-06-12,GL,0.010396752703162607
2026-06-12,GLW,0.010396752703162607
2026-06-12,GM,0.010396752703162607
2026-06-12,GNRC,0.010396752703162607
2026-06-12,GOOG,0.010396752703162607
2026-06-12,GOOGL,0.010396752703162607
2026-06-12,GPC,-0.010396752703162607
2026-06-12,GS,0.010396752703162607
2026-06-12,HAL,0.010396752703162607
2026-06-12,HAS,0.010396752703162607
2026-06-12,HD,-0.010396752703162607
2026-06-12,HLT,0.010396752703162607
2026-06-12,HPE,0.010396752703162607
2026-06-12,HRL,-0.010396752703162607
2026-06-12,HST,0.010396752703162607
2026-06-12,HWM,0.010396752703162607
2026-06-12,IBM,-0.010396752703162607
2026-06-12,ICE,-0.010396752703162607
2026-06-12,INCY,0.010396752703162607
2026-06-12,INTC,0.010396752703162607
2026-06-12,INTU,-0.010396752703162607
2026-06-12,INVH,-0.010396752703162607
2026-06-12,IP,-0.010396752703162607
2026-06-12,IT,-0.010396752703162607
2026-06-12,IVZ,0.010396752703162607
2026-06-12,JBHT,0.010396752703162607
2026-06-12,JBL,0.010396752703162607
2026-06-12,JCI,0.010396752703162607
2026-06-12,JKHY,-0.010396752703162607
2026-06-12,JNJ,0.010396752703162607
2026-06-12,KEYS,0.010396752703162607
2026-06-12,KLAC,0.010396752703162607
2026-06-12,KMB,-0.010396752703162607
2026-06-12,KVUE,-0.010396752703162607
2026-06-12,LNT,0.010396752703162607
2026-06-12,LRCX,0.010396752703162607
2026-06-12,LULU,-0.010396752703162607
2026-06-12,MA,-0.010396752703162607
2026-06-12,MAA,-0.010396752703162607
2026-06-12,MAR,0.010396752703162607
2026-06-12,MDT,-0.010396752703162607
2026-06-12,MKC,-0.010396752703162607
2026-06-12,MNST,0.010396752703162607
2026-06-12,MOS,-0.010396752703162607
2026-06-12,MPC,0.010396752703162607
2026-06-12,MPWR,0.010396752703162607
2026-06-12,MS,0.010396752703162607
2026-06-12,MSFT,-0.010396752703162607
2026-06-12,MU,0.010396752703162607
2026-06-12,NDSN,0.010396752703162607
2026-06-12,NEE,0.010396752703162607
2026-06-12,NEM,0.010396752703162607
2026-06-12,NFLX,-0.010396752703162607
2026-06-12,NKE,-0.010396752703162607
2026-06-12,NOW,-0.010396752703162607
2026-06-12,NSC,0.010396752703162607
2026-06-12,NTRS,0.010396752703162607
2026-06-12,NUE,0.010396752703162607
2026-06-12,NVDA,0.010396752703162607
2026-06-12,NVR,-0.010396752703162607
2026-06-12,ON,0.010396752703162607
2026-06-12,OTIS,-0.010396752703162607
2026-06-12,PAYX,-0.010396752703162607
2026-06-12,PFG,0.010396752703162607
2026-06-12,PG,-0.010396752703162607
2026-06-12,PGR,-0.010396752703162607
2026-06-12,PH,0.010396752703162607
2026-06-12,PLD,0.010396752703162607
2026-06-12,PNR,-0.010396752703162607
2026-06-12,PODD,-0.010396752703162607
2026-06-12,POOL,-0.010396752703162607
2026-06-12,PTC,-0.010396752703162607
2026-06-12,PWR,0.010396752703162607
2026-06-12,PYPL,-0.010396752703162607
2026-06-12,RMD,-0.010396752703162607
2026-06-12,ROK,0.010396752703162607
2026-06-12,ROP,-0.010396752703162607
2026-06-12,ROST,0.010396752703162607
2026-06-12,RSG,-0.010396752703162607
2026-06-12,SLB,0.010396752703162607
2026-06-12,SPG,0.010396752703162607
2026-06-12,SPGI,-0.010396752703162607
2026-06-12,STLD,0.010396752703162607
2026-06-12,STT,0.010396752703162607
2026-06-12,STX,0.010396752703162607
2026-06-12,SYK,-0.010396752703162607
2026-06-12,TAP,-0.010396752703162607
2026-06-12,TDG,-0.010396752703162607
2026-06-12,TDY,0.010396752703162607
2026-06-12,TER,0.010396752703162607
2026-06-12,TMUS,-0.010396752703162607
2026-06-12,TPL,-0.010396752703162607
2026-06-12,TPR,0.010396752703162607
2026-06-12,TRGP,0.010396752703162607
2026-06-12,TRMB,-0.010396752703162607
2026-06-12,TSCO,-0.010396752703162607
2026-06-12,TYL,-0.010396752703162607
2026-06-12,UDR,-0.010396752703162607
2026-06-12,V,-0.010396752703162607
2026-06-12,VICI,-0.010396752703162607
2026-06-12,VLO,0.010396752703162607
2026-06-12,VLTO,-0.010396752703162607
2026-06-12,VRSK,-0.010396752703162607
2026-06-12,VTR,0.010396752703162607
2026-06-12,VTRS,0.010396752703162607
2026-06-12,WAB,0.010396752703162607
2026-06-12,WBD,0.010396752703162607
2026-06-12,WDAY,-0.010396752703162607
2026-06-12,WDC,0.010396752703162607
2026-06-12,WELL,0.010396752703162607
2026-06-12,WMT,0.010396752703162607
2026-06-12,WTW,-0.010396752703162607
2026-06-12,XOM,0.010396752703162607
2026-06-12,ZTS,-0.010396752703162607
2026-06-19,AAPL,0.010372823293683817
2026-06-19,ABT,-0.010372823293683817
2026-06-19,ACN,-0.010372823293683817
2026-06-19,ADBE,-0.010372823293683817
2026-06-19,ADI,0.010372823293683817
2026-06-19,ADM,0.010372823293683817
2026-06-19,ADP,-0.010372823293683817
2026-06-19,ADSK,-0.010372823293683817
2026-06-19,AEP,0.010372823293683817
2026-06-19,AJG,-0.010372823293683817
2026-06-19,AKAM,0.010372823293683817
2026-06-19,ALB,0.010372823293683817
2026-06-19,AMAT,0.010372823293683817
2026-06-19,AMCR,0.010372823293683817
2026-06-19,AMD,0.010372823293683817
2026-06-19,AME,0.010372823293683817
2026-06-19,AMT,-0.010372823293683817
2026-06-19,APA,0.010372823293683817
2026-06-19,ARE,-0.010372823293683817
2026-06-19,AVB,-0.010372823293683817
2026-06-19,AVGO,0.010372823293683817
2026-06-19,AWK,-0.010372823293683817
2026-06-19,AXON,-0.010372823293683817
2026-06-19,BAX,-0.010372823293683817
2026-06-19,BDX,-0.010372823293683817
2026-06-19,BIIB,0.010372823293683817
2026-06-19,BKNG,-0.010372823293683817
2026-06-19,BKR,0.010372823293683817
2026-06-19,BLDR,-0.010372823293683817
2026-06-19,BR,-0.010372823293683817
2026-06-19,BRO,-0.010372823293683817
2026-06-19,BSX,-0.010372823293683817
2026-06-19,BXP,-0.010372823293683817
2026-06-19,C,0.010372823293683817
2026-06-19,CAG,-0.010372823293683817
2026-06-19,CAT,0.010372823293683817
2026-06-19,CBOE,0.010372823293683817
2026-06-19,CDW,-0.010372823293683817
2026-06-19,CFG,0.010372823293683817
2026-06-19,CHRW,0.010372823293683817
2026-06-19,CHTR,-0.010372823293683817
2026-06-19,CLX,-0.010372823293683817
2026-06-19,CMCSA,-0.010372823293683817
2026-06-19,CMG,-0.010372823293683817
2026-06-19,CMI,0.010372823293683817
2026-06-19,CNP,0.010372823293683817
2026-06-19,COIN,-0.010372823293683817
2026-06-19,CPB,-0.010372823293683817
2026-06-19,CPRT,-0.010372823293683817
2026-06-19,CRM,-0.010372823293683817
2026-06-19,CSCO,0.010372823293683817
2026-06-19,CSGP,-0.010372823293683817
2026-06-19,CSX,0.010372823293683817
2026-06-19,CTAS,-0.010372823293683817
2026-06-19,CTSH,-0.010372823293683817
2026-06-19,CVX,0.010372823293683817
2026-06-19,DAL,0.010372823293683817
2026-06-19,DASH,-0.010372823293683817
2026-06-19,DD,-0.010372823293683817
2026-06-19,DELL,0.010372823293683817
2026-06-19,DIS,-0.010372823293683817
2026-06-19,DPZ,-0.010372823293683817
2026-06-19,EBAY,0.010372823293683817
2026-06-19,EFX,-0.010372823293683817
2026-06-19,EIX,0.010372823293683817
2026-06-19,ERIE,-0.010372823293683817
2026-06-19,ETR,0.010372823293683817
2026-06-19,EVRG,0.010372823293683817
2026-06-19,EXE,-0.010372823293683817
2026-06-19,EXPD,0.010372823293683817
2026-06-19,FDS,-0.010372823293683817
2026-06-19,FDX,0.010372823293683817
2026-06-19,FICO,-0.010372823293683817
2026-06-19,FIS,-0.010372823293683817
2026-06-19,FRT,0.010372823293683817
2026-06-19,FSLR,0.010372823293683817
2026-06-19,GDDY,-0.010372823293683817
2026-06-19,GEN,-0.010372823293683817
2026-06-19,GEV,0.010372823293683817
2026-06-19,GIS,-0.010372823293683817
2026-06-19,GL,0.010372823293683817
2026-06-19,GLW,0.010372823293683817
2026-06-19,GM,0.010372823293683817
2026-06-19,GNRC,0.010372823293683817
2026-06-19,GOOG,0.010372823293683817
2026-06-19,GOOGL,0.010372823293683817
2026-06-19,GPC,-0.010372823293683817
2026-06-19,GS,0.010372823293683817
2026-06-19,HAL,0.010372823293683817
2026-06-19,HLT,0.010372823293683817
2026-06-19,HPE,0.010372823293683817
2026-06-19,HRL,-0.010372823293683817
2026-06-19,HST,0.010372823293683817
2026-06-19,HWM,0.010372823293683817
2026-06-19,ICE,-0.010372823293683817
2026-06-19,INCY,0.010372823293683817
2026-06-19,INTC,0.010372823293683817
2026-06-19,INTU,-0.010372823293683817
2026-06-19,INVH,-0.010372823293683817
2026-06-19,IP,-0.010372823293683817
2026-06-19,IT,-0.010372823293683817
2026-06-19,IVZ,0.010372823293683817
2026-06-19,JBHT,0.010372823293683817
2026-06-19,JBL,0.010372823293683817
2026-06-19,JKHY,-0.010372823293683817
2026-06-19,JNJ,0.010372823293683817
2026-06-19,KEYS,0.010372823293683817
2026-06-19,KKR,-0.010372823293683817
2026-06-19,KLAC,0.010372823293683817
2026-06-19,KMB,-0.010372823293683817
2026-06-19,KVUE,-0.010372823293683817
2026-06-19,L,0.010372823293683817
2026-06-19,LDOS,-0.010372823293683817
2026-06-19,LNT,0.010372823293683817
2026-06-19,LRCX,0.010372823293683817
2026-06-19,LULU,-0.010372823293683817
2026-06-19,MAA,-0.010372823293683817
2026-06-19,MAR,0.010372823293683817
2026-06-19,MDT,-0.010372823293683817
2026-06-19,MKC,-0.010372823293683817
2026-06-19,MNST,0.010372823293683817
2026-06-19,MOS,-0.010372823293683817
2026-06-19,MPC,0.010372823293683817
2026-06-19,MPWR,0.010372823293683817
2026-06-19,MRK,0.010372823293683817
2026-06-19,MS,0.010372823293683817
2026-06-19,MSFT,-0.010372823293683817
2026-06-19,MU,0.010372823293683817
2026-06-19,NDSN,0.010372823293683817
2026-06-19,NEM,0.010372823293683817
2026-06-19,NFLX,-0.010372823293683817
2026-06-19,NI,0.010372823293683817
2026-06-19,NKE,-0.010372823293683817
2026-06-19,NOW,-0.010372823293683817
2026-06-19,NSC,0.010372823293683817
2026-06-19,NTRS,0.010372823293683817
2026-06-19,NUE,0.010372823293683817
2026-06-19,NVDA,0.010372823293683817
2026-06-19,NVR,-0.010372823293683817
2026-06-19,ON,0.010372823293683817
2026-06-19,OTIS,-0.010372823293683817
2026-06-19,PAYX,-0.010372823293683817
2026-06-19,PFG,0.010372823293683817
2026-06-19,PG,-0.010372823293683817
2026-06-19,PGR,-0.010372823293683817
2026-06-19,PH,0.010372823293683817
2026-06-19,PLD,0.010372823293683817
2026-06-19,PNR,-0.010372823293683817
2026-06-19,PODD,-0.010372823293683817
2026-06-19,POOL,-0.010372823293683817
2026-06-19,PWR,0.010372823293683817
2026-06-19,PYPL,-0.010372823293683817
2026-06-19,RMD,-0.010372823293683817
2026-06-19,ROK,0.010372823293683817
2026-06-19,ROP,-0.010372823293683817
2026-06-19,ROST,0.010372823293683817
2026-06-19,RSG,-0.010372823293683817
2026-06-19,SLB,0.010372823293683817
2026-06-19,SPG,0.010372823293683817
2026-06-19,SPGI,-0.010372823293683817
2026-06-19,STLD,0.010372823293683817
2026-06-19,STT,0.010372823293683817
2026-06-19,STX,0.010372823293683817
2026-06-19,SYK,-0.010372823293683817
2026-06-19,TAP,-0.010372823293683817
2026-06-19,TDG,-0.010372823293683817
2026-06-19,TER,0.010372823293683817
2026-06-19,TJX,0.010372823293683817
2026-06-19,TMUS,-0.010372823293683817
2026-06-19,TPL,-0.010372823293683817
2026-06-19,TPR,0.010372823293683817
2026-06-19,TRGP,0.010372823293683817
2026-06-19,TRMB,-0.010372823293683817
2026-06-19,TSCO,-0.010372823293683817
2026-06-19,TYL,-0.010372823293683817
2026-06-19,UBER,-0.010372823293683817
2026-06-19,UDR,-0.010372823293683817
2026-06-19,VICI,-0.010372823293683817
2026-06-19,VLO,0.010372823293683817
2026-06-19,VLTO,-0.010372823293683817
2026-06-19,VRSK,-0.010372823293683817
2026-06-19,VTR,0.010372823293683817
2026-06-19,VTRS,0.010372823293683817
2026-06-19,WBD,0.010372823293683817
2026-06-19,WDAY,-0.010372823293683817
2026-06-19,WDC,0.010372823293683817
2026-06-19,WELL,0.010372823293683817
2026-06-19,WMB,0.010372823293683817
2026-06-19,WTW,-0.010372823293683817
2026-06-19,XOM,0.010372823293683817
2026-06-19,XYL,-0.010372823293683817
2026-06-19,ZTS,-0.010372823293683817
